solid OpenSCAD_Model
  facet normal -1 0 0
    outer loop
      vertex -22 4.004341170608146 7.5
      vertex -22 4.004341170608146 8.220487386583066
      vertex -22 10.392304845413264 7.5
    endloop
  endfacet
  facet normal -1 0 0
    outer loop
      vertex -22 10.392304845413264 7.5
      vertex -22 10.5 11.2
      vertex -22 10.5 7.5
    endloop
  endfacet
  facet normal 0 0 -1
    outer loop
      vertex -22 10.392304845413264 7.5
      vertex -22 10.5 7.5
      vertex -21.99178284305241 10.65679269490148 7.5
    endloop
  endfacet
  facet normal 0 0 -1
    outer loop
      vertex -21.99178284305241 10.65679269490148 7.5
      vertex -21.96722140110071 10.81186753622664 7.5
      vertex -21.92658477444273 10.963525491562422 7.5
    endloop
  endfacet
  facet normal 0 0 -1
    outer loop
      vertex -21.99178284305241 10.65679269490148 7.5
      vertex -21.92658477444273 10.963525491562422 7.5
      vertex -21.799038105676658 11.25 7.5
    endloop
  endfacet
  facet normal 0 0 -1
    outer loop
      vertex -22 10.392304845413264 7.5
      vertex -21.99178284305241 10.65679269490148 7.5
      vertex -20.880839716909602 10.96254549171121 7.5
    endloop
  endfacet
  facet normal 0 0 -1
    outer loop
      vertex -21.92658477444273 10.963525491562422 7.5
      vertex -21.8703181864639 11.1101049646137 7.5
      vertex -21.799038105676658 11.25 7.5
    endloop
  endfacet
  facet normal 0 0 -1
    outer loop
      vertex -21.99178284305241 10.65679269490148 7.5
      vertex -21.799038105676658 11.25 7.5
      vertex -21.503695909538287 11.614717238216091 7.5
    endloop
  endfacet
  facet normal 0 0 -1
    outer loop
      vertex -21.99178284305241 10.65679269490148 7.5
      vertex -20.5 12 7.5
      vertex -20.880839716909602 10.96254549171121 7.5
    endloop
  endfacet
  facet normal 0 0 -1
    outer loop
      vertex -21.799038105676658 11.25 7.5
      vertex -21.71352549156242 11.38167787843871 7.5
      vertex -21.61471723821609 11.503695909538287 7.5
    endloop
  endfacet
  facet normal 0 0 -1
    outer loop
      vertex -21.799038105676658 11.25 7.5
      vertex -21.61471723821609 11.503695909538287 7.5
      vertex -21.503695909538287 11.614717238216091 7.5
    endloop
  endfacet
  facet normal 0 0 -1
    outer loop
      vertex -21.99178284305241 10.65679269490148 7.5
      vertex -21.503695909538287 11.614717238216091 7.5
      vertex -20.5 12 7.5
    endloop
  endfacet
  facet normal 0 0 -1
    outer loop
      vertex -21.503695909538287 11.614717238216091 7.5
      vertex -21.38167787843871 11.713525491562422 7.5
      vertex -21.25 11.799038105676658 7.5
    endloop
  endfacet
  facet normal 0 0 -1
    outer loop
      vertex -21.503695909538287 11.614717238216091 7.5
      vertex -21.25 11.799038105676658 7.5
      vertex -20.96352549156242 11.92658477444273 7.5
    endloop
  endfacet
  facet normal 0 0 -1
    outer loop
      vertex -21.25 11.799038105676658 7.5
      vertex -21.1101049646137 11.870318186463901 7.5
      vertex -20.96352549156242 11.92658477444273 7.5
    endloop
  endfacet
  facet normal -0.9986295347545734 0.05233595624295078 -8.801016780061187e-20
    outer loop
      vertex -22 10.5 7.5
      vertex -21.99178284305241 10.65679269490148 11.2
      vertex -21.99178284305241 10.65679269490148 7.5
    endloop
  endfacet
  facet normal -0.987688340595139 0.15643446504022288 -3.0002977931104946e-19
    outer loop
      vertex -21.99178284305241 10.65679269490148 7.5
      vertex -21.96722140110071 10.81186753622664 11.2
      vertex -21.96722140110071 10.81186753622664 7.5
    endloop
  endfacet
  facet normal -0.9659258262890684 0.25881904510252046 -3.6904210003336294e-19
    outer loop
      vertex -21.96722140110071 10.81186753622664 7.5
      vertex -21.92658477444273 10.963525491562422 11.2
      vertex -21.92658477444273 10.963525491562422 7.5
    endloop
  endfacet
  facet normal -0.9335804264972013 0.358367949545301 3.332838397880794e-19
    outer loop
      vertex -21.92658477444273 10.963525491562422 7.5
      vertex -21.8703181864639 11.1101049646137 11.2
      vertex -21.8703181864639 11.1101049646137 7.5
    endloop
  endfacet
  facet normal -0.8910065241883675 0.4539904997395476 1.1169044842637315e-18
    outer loop
      vertex -21.8703181864639 11.1101049646137 7.5
      vertex -21.799038105676658 11.25 11.2
      vertex -21.799038105676658 11.25 7.5
    endloop
  endfacet
  facet normal -0.838670567945426 0.5446390350150241 9.537025184892186e-19
    outer loop
      vertex -21.799038105676658 11.25 7.5
      vertex -21.71352549156242 11.38167787843871 11.2
      vertex -21.71352549156242 11.38167787843871 7.5
    endloop
  endfacet
  facet normal -0.7771459614569665 0.6293203910498428 -1.3074800498752524e-18
    outer loop
      vertex -21.71352549156242 11.38167787843871 7.5
      vertex -21.61471723821609 11.503695909538287 11.2
      vertex -21.61471723821609 11.503695909538287 7.5
    endloop
  endfacet
  facet normal -0.7071067811865475 0.7071067811865475 1.0732477539508442e-18
    outer loop
      vertex -21.61471723821609 11.503695909538287 7.5
      vertex -21.503695909538287 11.614717238216091 11.2
      vertex -21.503695909538287 11.614717238216091 7.5
    endloop
  endfacet
  facet normal -0.6293203910498374 0.777145961456971 -7.710195082705895e-19
    outer loop
      vertex -21.503695909538287 11.614717238216091 7.5
      vertex -21.38167787843871 11.713525491562422 11.2
      vertex -21.38167787843871 11.713525491562422 7.5
    endloop
  endfacet
  facet normal -0.5446390350150292 0.8386705679454226 -7.332064394521002e-19
    outer loop
      vertex -21.38167787843871 11.713525491562422 7.5
      vertex -21.25 11.799038105676658 11.2
      vertex -21.25 11.799038105676658 7.5
    endloop
  endfacet
  facet normal -0.4539904997395476 0.8910065241883675 1.1169044842637315e-18
    outer loop
      vertex -21.25 11.799038105676658 7.5
      vertex -21.1101049646137 11.870318186463901 11.2
      vertex -21.1101049646137 11.870318186463901 7.5
    endloop
  endfacet
  facet normal -0.358367949545301 0.9335804264972013 3.332838397880794e-19
    outer loop
      vertex -21.1101049646137 11.870318186463901 7.5
      vertex -20.96352549156242 11.92658477444273 11.2
      vertex -20.96352549156242 11.92658477444273 7.5
    endloop
  endfacet
  facet normal 0 0 -1
    outer loop
      vertex -20.880839716909602 10.96254549171121 7.5
      vertex -20.5 12 7.5
      vertex -19.70820393249937 11.412678195541842 7.5
    endloop
  endfacet
  facet normal 0 0 -1
    outer loop
      vertex -21.503695909538287 11.614717238216091 7.5
      vertex -20.96352549156242 11.92658477444273 7.5
      vertex -20.5 12 7.5
    endloop
  endfacet
  facet normal 0 0 -1
    outer loop
      vertex -20.96352549156242 11.92658477444273 7.5
      vertex -20.81186753622664 11.967221401100709 7.5
      vertex -20.5 12 7.5
    endloop
  endfacet
  facet normal 0 0 -1
    outer loop
      vertex -20.81186753622664 11.967221401100709 7.5
      vertex -20.65679269490148 11.991782843052409 7.5
      vertex -20.5 12 7.5
    endloop
  endfacet
  facet normal 0 0 -1
    outer loop
      vertex -20.5 12 7.5
      vertex -18.494940289813112 11.737771208805668 7.5
      vertex -19.70820393249937 11.412678195541842 7.5
    endloop
  endfacet
  facet normal 0 0 -1
    outer loop
      vertex -20.5 12 7.5
      vertex -17.25434155921184 11.934262744419279 7.5
      vertex -18.494940289813112 11.737771208805668 7.5
    endloop
  endfacet
  facet normal 0 0 -1
    outer loop
      vertex -20.5 12 7.5
      vertex -16 12 7.5
      vertex -17.25434155921184 11.934262744419279 7.5
    endloop
  endfacet
  facet normal -0.25881904510252046 0.9659258262890684 -3.6904210003336294e-19
    outer loop
      vertex -20.96352549156242 11.92658477444273 7.5
      vertex -20.81186753622664 11.967221401100709 11.2
      vertex -20.81186753622664 11.967221401100709 7.5
    endloop
  endfacet
  facet normal -0.15643446504022288 0.987688340595139 -3.0002977931104946e-19
    outer loop
      vertex -20.81186753622664 11.967221401100709 7.5
      vertex -20.65679269490148 11.991782843052409 11.2
      vertex -20.65679269490148 11.991782843052409 7.5
    endloop
  endfacet
  facet normal -0.05233595624295078 0.9986295347545734 -8.801016780061187e-20
    outer loop
      vertex -20.65679269490148 11.991782843052409 7.5
      vertex -20.5 12 11.2
      vertex -20.5 12 7.5
    endloop
  endfacet
  facet normal 0 1 0
    outer loop
      vertex -20.5 12 7.5
      vertex -19.96245789195195 12 11.2
      vertex -16 12 7.5
    endloop
  endfacet
  facet normal 0 0 -1
    outer loop
      vertex -16 12 7.5
      vertex -11.5 12 7.5
      vertex -14.745658440788159 11.934262744419279 7.5
    endloop
  endfacet
  facet normal 1 0 0
    outer loop
      vertex -10 4.004341170608146 7.5
      vertex -10 10.392304845413264 7.5
      vertex -10 4.004341170608146 8.220487386583066
    endloop
  endfacet
  facet normal 0 0 -1
    outer loop
      vertex -14.745658440788159 11.934262744419279 7.5
      vertex -10.61832212156129 11.713525491562422 7.5
      vertex -13.505059710186888 11.737771208805668 7.5
    endloop
  endfacet
  facet normal 0 0 -1
    outer loop
      vertex -14.745658440788159 11.934262744419279 7.5
      vertex -11.5 12 7.5
      vertex -10.61832212156129 11.713525491562422 7.5
    endloop
  endfacet
  facet normal 0 0 -1
    outer loop
      vertex -11.119160283090398 10.96254549171121 7.5
      vertex -10.61832212156129 11.713525491562422 7.5
      vertex -10.008217156947591 10.65679269490148 7.5
    endloop
  endfacet
  facet normal 0 0 -1
    outer loop
      vertex -13.505059710186888 11.737771208805668 7.5
      vertex -10.61832212156129 11.713525491562422 7.5
      vertex -12.29179606750063 11.412678195541842 7.5
    endloop
  endfacet
  facet normal 0 0 -1
    outer loop
      vertex -12.29179606750063 11.412678195541842 7.5
      vertex -10.61832212156129 11.713525491562422 7.5
      vertex -11.119160283090398 10.96254549171121 7.5
    endloop
  endfacet
  facet normal 0 0 -1
    outer loop
      vertex -11.5 12 7.5
      vertex -11.34320730509852 11.991782843052409 7.5
      vertex -11.18813246377336 11.967221401100709 7.5
    endloop
  endfacet
  facet normal 0 0 -1
    outer loop
      vertex -11.5 12 7.5
      vertex -11.18813246377336 11.967221401100709 7.5
      vertex -11.036474508437578 11.92658477444273 7.5
    endloop
  endfacet
  facet normal 0 0 -1
    outer loop
      vertex -11.5 12 7.5
      vertex -11.036474508437578 11.92658477444273 7.5
      vertex -10.61832212156129 11.713525491562422 7.5
    endloop
  endfacet
  facet normal 0 0 -1
    outer loop
      vertex -11.036474508437578 11.92658477444273 7.5
      vertex -10.8898950353863 11.870318186463901 7.5
      vertex -10.75 11.799038105676658 7.5
    endloop
  endfacet
  facet normal 0 0 -1
    outer loop
      vertex -11.036474508437578 11.92658477444273 7.5
      vertex -10.75 11.799038105676658 7.5
      vertex -10.61832212156129 11.713525491562422 7.5
    endloop
  endfacet
  facet normal 0.05233595624295078 0.9986295347545734 8.801016780061187e-20
    outer loop
      vertex -11.5 12 7.5
      vertex -11.34320730509852 11.991782843052409 11.2
      vertex -11.34320730509852 11.991782843052409 7.5
    endloop
  endfacet
  facet normal 0.15643446504022288 0.987688340595139 3.0002977931104946e-19
    outer loop
      vertex -11.34320730509852 11.991782843052409 7.5
      vertex -11.18813246377336 11.967221401100709 11.2
      vertex -11.18813246377336 11.967221401100709 7.5
    endloop
  endfacet
  facet normal 0.358367949545301 0.9335804264972013 -3.332838397880794e-19
    outer loop
      vertex -11.036474508437578 11.92658477444273 7.5
      vertex -10.8898950353863 11.870318186463901 11.2
      vertex -10.8898950353863 11.870318186463901 7.5
    endloop
  endfacet
  facet normal 0.25881904510252046 0.9659258262890684 3.6904210003336294e-19
    outer loop
      vertex -11.18813246377336 11.967221401100709 7.5
      vertex -11.036474508437578 11.92658477444273 11.2
      vertex -11.036474508437578 11.92658477444273 7.5
    endloop
  endfacet
  facet normal 0.6293203910498428 0.7771459614569665 0
    outer loop
      vertex -10.496304090461713 11.614717238216091 7.5
      vertex -10.61832212156129 11.713525491562422 7.5
      vertex -10.496304090461713 11.614717238216091 11.2
    endloop
  endfacet
  facet normal 0.5446390350150241 0.838670567945426 -9.537025184892186e-19
    outer loop
      vertex -10.75 11.799038105676658 7.5
      vertex -10.61832212156129 11.713525491562422 11.2
      vertex -10.61832212156129 11.713525491562422 7.5
    endloop
  endfacet
  facet normal 0.4539904997395476 0.8910065241883675 -1.1169044842637315e-18
    outer loop
      vertex -10.8898950353863 11.870318186463901 7.5
      vertex -10.75 11.799038105676658 11.2
      vertex -10.75 11.799038105676658 7.5
    endloop
  endfacet
  facet normal 1 0 0
    outer loop
      vertex -10 10.392304845413264 7.5
      vertex -10 10.5 7.5
      vertex -10 10.170220072627284 11.2
    endloop
  endfacet
  facet normal 0 0 -1
    outer loop
      vertex -11.119160283090398 10.96254549171121 7.5
      vertex -10 10.5 7.5
      vertex -10 10.392304845413264 7.5
    endloop
  endfacet
  facet normal 0 0 -1
    outer loop
      vertex -11.119160283090398 10.96254549171121 7.5
      vertex -10.008217156947591 10.65679269490148 7.5
      vertex -10 10.5 7.5
    endloop
  endfacet
  facet normal 0 0 -1
    outer loop
      vertex -10.008217156947591 10.65679269490148 7.5
      vertex -10.07341522555727 10.963525491562422 7.5
      vertex -10.032778598899291 10.81186753622664 7.5
    endloop
  endfacet
  facet normal 0 0 -1
    outer loop
      vertex -10.008217156947591 10.65679269490148 7.5
      vertex -10.200961894323342 11.25 7.5
      vertex -10.07341522555727 10.963525491562422 7.5
    endloop
  endfacet
  facet normal 0 0 -1
    outer loop
      vertex -10.07341522555727 10.963525491562422 7.5
      vertex -10.200961894323342 11.25 7.5
      vertex -10.129681813536099 11.1101049646137 7.5
    endloop
  endfacet
  facet normal 0 0 -1
    outer loop
      vertex -10.008217156947591 10.65679269490148 7.5
      vertex -10.61832212156129 11.713525491562422 7.5
      vertex -10.200961894323342 11.25 7.5
    endloop
  endfacet
  facet normal 0 0 -1
    outer loop
      vertex -10.385282761783909 11.503695909538287 7.5
      vertex -10.286474508437578 11.38167787843871 7.5
      vertex -10.200961894323342 11.25 7.5
    endloop
  endfacet
  facet normal 0 0 -1
    outer loop
      vertex -10.385282761783909 11.503695909538287 7.5
      vertex -10.200961894323342 11.25 7.5
      vertex -10.61832212156129 11.713525491562422 7.5
    endloop
  endfacet
  facet normal 0 0 -1
    outer loop
      vertex -10.496304090461713 11.614717238216091 7.5
      vertex -10.385282761783909 11.503695909538287 7.5
      vertex -10.61832212156129 11.713525491562422 7.5
    endloop
  endfacet
  facet normal 0.9986295347545734 0.05233595624295078 8.801016780061187e-20
    outer loop
      vertex -10.008217156947591 10.65679269490148 7.5
      vertex -10 10.5 11.2
      vertex -10 10.5 7.5
    endloop
  endfacet
  facet normal 0.987688340595139 0.15643446504022288 0
    outer loop
      vertex -10.008217156947591 10.65679269490148 7.5
      vertex -10.032778598899291 10.81186753622664 7.5
      vertex -10.008217156947591 10.65679269490148 11.2
    endloop
  endfacet
  facet normal 0.9659258262890684 0.25881904510252046 0
    outer loop
      vertex -10.032778598899291 10.81186753622664 7.5
      vertex -10.07341522555727 10.963525491562422 7.5
      vertex -10.032778598899291 10.81186753622664 11.2
    endloop
  endfacet
  facet normal 0.9335804264972013 0.358367949545301 0
    outer loop
      vertex -10.07341522555727 10.963525491562422 7.5
      vertex -10.129681813536099 11.1101049646137 7.5
      vertex -10.07341522555727 10.963525491562422 11.2
    endloop
  endfacet
  facet normal 0.8910065241883675 0.4539904997395476 0
    outer loop
      vertex -10.129681813536099 11.1101049646137 7.5
      vertex -10.200961894323342 11.25 7.5
      vertex -10.129681813536099 11.1101049646137 11.2
    endloop
  endfacet
  facet normal 0.7771459614569665 0.6293203910498428 1.3074800498752524e-18
    outer loop
      vertex -10.385282761783909 11.503695909538287 7.5
      vertex -10.286474508437578 11.38167787843871 11.2
      vertex -10.286474508437578 11.38167787843871 7.5
    endloop
  endfacet
  facet normal 0.838670567945426 0.5446390350150241 -9.537025184892186e-19
    outer loop
      vertex -10.286474508437578 11.38167787843871 7.5
      vertex -10.200961894323342 11.25 11.2
      vertex -10.200961894323342 11.25 7.5
    endloop
  endfacet
  facet normal 0.7071067811865475 0.7071067811865475 -1.0732477539508442e-18
    outer loop
      vertex -10.496304090461713 11.614717238216091 7.5
      vertex -10.385282761783909 11.503695909538287 11.2
      vertex -10.385282761783909 11.503695909538287 7.5
    endloop
  endfacet
  facet normal -1 0 0
    outer loop
      vertex -22 4.004341170608146 8.220487386583066
      vertex -22 7.300000000000001 12.8
      vertex -22 7.300000000000001 11.2
    endloop
  endfacet
  facet normal -1 0 0
    outer loop
      vertex -22 4.004341170608146 8.220487386583066
      vertex -22 7.300000000000001 11.2
      vertex -22 10.3 11.2
    endloop
  endfacet
  facet normal -1 0 0
    outer loop
      vertex -22 4.004341170608146 8.220487386583066
      vertex -22 10.3 11.2
      vertex -22 10.392304845413264 7.5
    endloop
  endfacet
  facet normal -1 0 0
    outer loop
      vertex -22 4.004341170608146 8.220487386583066
      vertex -22 10.5 17.5
      vertex -22 7.300000000000001 12.8
    endloop
  endfacet
  facet normal -1 0 0
    outer loop
      vertex -22 10.392304845413264 7.5
      vertex -22 10.3 11.2
      vertex -22 10.5 11.2
    endloop
  endfacet
  facet normal -0.9986295347545734 0.05233595624295078 0
    outer loop
      vertex -22 10.5 7.5
      vertex -22 10.5 11.2
      vertex -21.99178284305241 10.65679269490148 11.2
    endloop
  endfacet
  facet normal -0.987688340595139 0.15643446504022288 0
    outer loop
      vertex -21.99178284305241 10.65679269490148 7.5
      vertex -21.99178284305241 10.65679269490148 11.2
      vertex -21.96722140110071 10.81186753622664 11.2
    endloop
  endfacet
  facet normal -0.9659258262890684 0.25881904510252046 0
    outer loop
      vertex -21.96722140110071 10.81186753622664 7.5
      vertex -21.96722140110071 10.81186753622664 11.2
      vertex -21.92658477444273 10.963525491562422 11.2
    endloop
  endfacet
  facet normal -0.9335804264972013 0.358367949545301 0
    outer loop
      vertex -21.92658477444273 10.963525491562422 7.5
      vertex -21.92658477444273 10.963525491562422 11.2
      vertex -21.8703181864639 11.1101049646137 11.2
    endloop
  endfacet
  facet normal -0.8910065241883675 0.4539904997395476 0
    outer loop
      vertex -21.8703181864639 11.1101049646137 7.5
      vertex -21.8703181864639 11.1101049646137 11.2
      vertex -21.799038105676658 11.25 11.2
    endloop
  endfacet
  facet normal -0.838670567945426 0.5446390350150241 0
    outer loop
      vertex -21.799038105676658 11.25 7.5
      vertex -21.799038105676658 11.25 11.2
      vertex -21.71352549156242 11.38167787843871 11.2
    endloop
  endfacet
  facet normal -0.7771459614569665 0.6293203910498428 0
    outer loop
      vertex -21.71352549156242 11.38167787843871 7.5
      vertex -21.71352549156242 11.38167787843871 11.2
      vertex -21.61471723821609 11.503695909538287 11.2
    endloop
  endfacet
  facet normal -0.7071067811865475 0.7071067811865475 0
    outer loop
      vertex -21.61471723821609 11.503695909538287 7.5
      vertex -21.61471723821609 11.503695909538287 11.2
      vertex -21.503695909538287 11.614717238216091 11.2
    endloop
  endfacet
  facet normal -0.6293203910498374 0.777145961456971 0
    outer loop
      vertex -21.503695909538287 11.614717238216091 7.5
      vertex -21.503695909538287 11.614717238216091 11.2
      vertex -21.38167787843871 11.713525491562422 11.2
    endloop
  endfacet
  facet normal -0.5446390350150292 0.8386705679454226 0
    outer loop
      vertex -21.38167787843871 11.713525491562422 7.5
      vertex -21.38167787843871 11.713525491562422 11.2
      vertex -21.25 11.799038105676658 11.2
    endloop
  endfacet
  facet normal -0.4539904997395476 0.8910065241883675 0
    outer loop
      vertex -21.25 11.799038105676658 7.5
      vertex -21.25 11.799038105676658 11.2
      vertex -21.1101049646137 11.870318186463901 11.2
    endloop
  endfacet
  facet normal -0.358367949545301 0.9335804264972013 0
    outer loop
      vertex -21.1101049646137 11.870318186463901 7.5
      vertex -21.1101049646137 11.870318186463901 11.2
      vertex -20.96352549156242 11.92658477444273 11.2
    endloop
  endfacet
  facet normal -0.25881904510252046 0.9659258262890684 0
    outer loop
      vertex -20.96352549156242 11.92658477444273 7.5
      vertex -20.96352549156242 11.92658477444273 11.2
      vertex -20.81186753622664 11.967221401100709 11.2
    endloop
  endfacet
  facet normal -0.15643446504022288 0.987688340595139 0
    outer loop
      vertex -20.81186753622664 11.967221401100709 7.5
      vertex -20.81186753622664 11.967221401100709 11.2
      vertex -20.65679269490148 11.991782843052409 11.2
    endloop
  endfacet
  facet normal -0.05233595624295078 0.9986295347545734 0
    outer loop
      vertex -20.65679269490148 11.991782843052409 7.5
      vertex -20.65679269490148 11.991782843052409 11.2
      vertex -20.5 12 11.2
    endloop
  endfacet
  facet normal 0 1 0
    outer loop
      vertex -20.5 12 7.5
      vertex -20.5 12 11.2
      vertex -19.96245789195195 12 11.2
    endloop
  endfacet
  facet normal 0 1 0
    outer loop
      vertex -19.96245789195195 12 11.2
      vertex -19.96245789195195 12 12.8
      vertex -16 12 7.5
    endloop
  endfacet
  facet normal 0 1 0
    outer loop
      vertex -20.5 12 17.5
      vertex -11.5 12 7.5
      vertex -16 12 7.5
    endloop
  endfacet
  facet normal 0 1 0
    outer loop
      vertex -19.96245789195195 12 12.8
      vertex -20.5 12 17.5
      vertex -16 12 7.5
    endloop
  endfacet
  facet normal 0 1 0
    outer loop
      vertex -20.5 12 17.5
      vertex -12.03754210804805 12 11.2
      vertex -11.5 12 7.5
    endloop
  endfacet
  facet normal -1 0 0
    outer loop
      vertex -22 4.004341170608146 8.220487386583066
      vertex -22 4.004341170608146 17.5
      vertex -22 10.5 17.5
    endloop
  endfacet
  facet normal 0 0 1
    outer loop
      vertex -22 4.004341170608146 17.5
      vertex -21.687610154050297 4.316731016557851 17.5
      vertex -22 10.5 17.5
    endloop
  endfacet
  facet normal 0 0 1
    outer loop
      vertex -21.687610154050297 4.316731016557851 17.5
      vertex -20.996174644486022 4.876644452187053 17.5
      vertex -21.503695909538287 11.614717238216091 17.5
    endloop
  endfacet
  facet normal 0 0 1
    outer loop
      vertex -21.687610154050297 4.316731016557851 17.5
      vertex -21.99178284305241 10.65679269490148 17.5
      vertex -22 10.5 17.5
    endloop
  endfacet
  facet normal 0 0 1
    outer loop
      vertex -21.687610154050297 4.316731016557851 17.5
      vertex -21.503695909538287 11.614717238216091 17.5
      vertex -21.99178284305241 10.65679269490148 17.5
    endloop
  endfacet
  facet normal -1 0 0
    outer loop
      vertex -22 7.300000000000001 12.8
      vertex -22 10.5 17.5
      vertex -22 10.170220072627284 12.8
    endloop
  endfacet
  facet normal -1 0 0
    outer loop
      vertex -22 10.170220072627284 12.8
      vertex -22 10.5 17.5
      vertex -22 10.5 12.8
    endloop
  endfacet
  facet normal -0.9986295347545736 0.052335956242950794 -6.928460018346042e-20
    outer loop
      vertex -22 10.5 12.8
      vertex -21.99178284305241 10.65679269490148 17.5
      vertex -21.99178284305241 10.65679269490148 12.8
    endloop
  endfacet
  facet normal -0.987688340595139 0.15643446504022288 -2.3619365605337936e-19
    outer loop
      vertex -21.99178284305241 10.65679269490148 12.8
      vertex -21.96722140110071 10.81186753622664 17.5
      vertex -21.96722140110071 10.81186753622664 12.8
    endloop
  endfacet
  facet normal -0.9659258262890684 0.2588190451025205 -2.905225042815836e-19
    outer loop
      vertex -21.96722140110071 10.81186753622664 12.8
      vertex -21.92658477444273 10.963525491562422 17.5
      vertex -21.92658477444273 10.963525491562422 12.8
    endloop
  endfacet
  facet normal -0.9335804264972014 0.358367949545301 2.6237238451402e-19
    outer loop
      vertex -21.92658477444273 10.963525491562422 12.8
      vertex -21.8703181864639 11.1101049646137 17.5
      vertex -21.8703181864639 11.1101049646137 12.8
    endloop
  endfacet
  facet normal -0.8910065241883675 0.4539904997395476 8.792652322927247e-19
    outer loop
      vertex -21.8703181864639 11.1101049646137 12.8
      vertex -21.799038105676658 11.25 17.5
      vertex -21.799038105676658 11.25 12.8
    endloop
  endfacet
  facet normal -0.8386705679454259 0.5446390350150241 7.507870890234273e-19
    outer loop
      vertex -21.799038105676658 11.25 12.8
      vertex -21.71352549156242 11.38167787843871 17.5
      vertex -21.71352549156242 11.38167787843871 12.8
    endloop
  endfacet
  facet normal -0.7771459614569665 0.6293203910498428 -1.0292928052209433e-18
    outer loop
      vertex -21.71352549156242 11.38167787843871 12.8
      vertex -21.61471723821609 11.503695909538287 17.5
      vertex -21.61471723821609 11.503695909538287 12.8
    endloop
  endfacet
  facet normal -0.7071067811865475 0.7071067811865475 8.44897168003856e-19
    outer loop
      vertex -21.61471723821609 11.503695909538287 12.8
      vertex -21.503695909538287 11.614717238216091 17.5
      vertex -21.503695909538287 11.614717238216091 12.8
    endloop
  endfacet
  facet normal -0.6293203910498374 0.777145961456971 -6.0697280438323e-19
    outer loop
      vertex -21.503695909538287 11.614717238216091 12.8
      vertex -21.38167787843871 11.713525491562422 17.5
      vertex -21.38167787843871 11.713525491562422 12.8
    endloop
  endfacet
  facet normal -0.5446390350150293 0.8386705679454226 -5.772050693559087e-19
    outer loop
      vertex -21.38167787843871 11.713525491562422 12.8
      vertex -21.25 11.799038105676658 17.5
      vertex -21.25 11.799038105676658 12.8
    endloop
  endfacet
  facet normal -0.4539904997395476 0.8910065241883675 8.792652322927247e-19
    outer loop
      vertex -21.25 11.799038105676658 12.8
      vertex -21.1101049646137 11.870318186463901 17.5
      vertex -21.1101049646137 11.870318186463901 12.8
    endloop
  endfacet
  facet normal -0.358367949545301 0.9335804264972014 2.6237238451402e-19
    outer loop
      vertex -21.1101049646137 11.870318186463901 12.8
      vertex -20.96352549156242 11.92658477444273 17.5
      vertex -20.96352549156242 11.92658477444273 12.8
    endloop
  endfacet
  facet normal -0.9986295347545736 0.052335956242950794 0
    outer loop
      vertex -22 10.5 12.8
      vertex -22 10.5 17.5
      vertex -21.99178284305241 10.65679269490148 17.5
    endloop
  endfacet
  facet normal -0.987688340595139 0.15643446504022288 0
    outer loop
      vertex -21.99178284305241 10.65679269490148 12.8
      vertex -21.99178284305241 10.65679269490148 17.5
      vertex -21.96722140110071 10.81186753622664 17.5
    endloop
  endfacet
  facet normal -0.9659258262890684 0.2588190451025205 0
    outer loop
      vertex -21.96722140110071 10.81186753622664 12.8
      vertex -21.96722140110071 10.81186753622664 17.5
      vertex -21.92658477444273 10.963525491562422 17.5
    endloop
  endfacet
  facet normal -0.9335804264972014 0.358367949545301 0
    outer loop
      vertex -21.92658477444273 10.963525491562422 12.8
      vertex -21.92658477444273 10.963525491562422 17.5
      vertex -21.8703181864639 11.1101049646137 17.5
    endloop
  endfacet
  facet normal -0.8910065241883675 0.4539904997395476 0
    outer loop
      vertex -21.8703181864639 11.1101049646137 12.8
      vertex -21.8703181864639 11.1101049646137 17.5
      vertex -21.799038105676658 11.25 17.5
    endloop
  endfacet
  facet normal -0.8386705679454259 0.5446390350150241 0
    outer loop
      vertex -21.799038105676658 11.25 12.8
      vertex -21.799038105676658 11.25 17.5
      vertex -21.71352549156242 11.38167787843871 17.5
    endloop
  endfacet
  facet normal -0.7771459614569665 0.6293203910498428 0
    outer loop
      vertex -21.71352549156242 11.38167787843871 12.8
      vertex -21.71352549156242 11.38167787843871 17.5
      vertex -21.61471723821609 11.503695909538287 17.5
    endloop
  endfacet
  facet normal -0.7071067811865475 0.7071067811865475 0
    outer loop
      vertex -21.61471723821609 11.503695909538287 12.8
      vertex -21.61471723821609 11.503695909538287 17.5
      vertex -21.503695909538287 11.614717238216091 17.5
    endloop
  endfacet
  facet normal -0.6293203910498374 0.777145961456971 0
    outer loop
      vertex -21.503695909538287 11.614717238216091 12.8
      vertex -21.503695909538287 11.614717238216091 17.5
      vertex -21.38167787843871 11.713525491562422 17.5
    endloop
  endfacet
  facet normal -0.5446390350150293 0.8386705679454226 0
    outer loop
      vertex -21.38167787843871 11.713525491562422 12.8
      vertex -21.38167787843871 11.713525491562422 17.5
      vertex -21.25 11.799038105676658 17.5
    endloop
  endfacet
  facet normal -0.4539904997395476 0.8910065241883675 0
    outer loop
      vertex -21.25 11.799038105676658 12.8
      vertex -21.25 11.799038105676658 17.5
      vertex -21.1101049646137 11.870318186463901 17.5
    endloop
  endfacet
  facet normal -0.358367949545301 0.9335804264972014 0
    outer loop
      vertex -21.1101049646137 11.870318186463901 12.8
      vertex -21.1101049646137 11.870318186463901 17.5
      vertex -20.96352549156242 11.92658477444273 17.5
    endloop
  endfacet
  facet normal 0 0 1
    outer loop
      vertex -21.99178284305241 10.65679269490148 17.5
      vertex -21.92658477444273 10.963525491562422 17.5
      vertex -21.96722140110071 10.81186753622664 17.5
    endloop
  endfacet
  facet normal 0 0 1
    outer loop
      vertex -21.99178284305241 10.65679269490148 17.5
      vertex -21.8703181864639 11.1101049646137 17.5
      vertex -21.92658477444273 10.963525491562422 17.5
    endloop
  endfacet
  facet normal 0 0 1
    outer loop
      vertex -21.99178284305241 10.65679269490148 17.5
      vertex -21.799038105676658 11.25 17.5
      vertex -21.8703181864639 11.1101049646137 17.5
    endloop
  endfacet
  facet normal 0 0 1
    outer loop
      vertex -21.99178284305241 10.65679269490148 17.5
      vertex -21.503695909538287 11.614717238216091 17.5
      vertex -21.799038105676658 11.25 17.5
    endloop
  endfacet
  facet normal 0 0 1
    outer loop
      vertex -21.799038105676658 11.25 17.5
      vertex -21.503695909538287 11.614717238216091 17.5
      vertex -21.71352549156242 11.38167787843871 17.5
    endloop
  endfacet
  facet normal 0 0 1
    outer loop
      vertex -21.71352549156242 11.38167787843871 17.5
      vertex -21.503695909538287 11.614717238216091 17.5
      vertex -21.61471723821609 11.503695909538287 17.5
    endloop
  endfacet
  facet normal 0 0 1
    outer loop
      vertex -21.503695909538287 11.614717238216091 17.5
      vertex -21.25 11.799038105676658 17.5
      vertex -21.38167787843871 11.713525491562422 17.5
    endloop
  endfacet
  facet normal 0 0 1
    outer loop
      vertex -21.503695909538287 11.614717238216091 17.5
      vertex -20.96352549156242 11.92658477444273 17.5
      vertex -21.25 11.799038105676658 17.5
    endloop
  endfacet
  facet normal 0 0 1
    outer loop
      vertex -21.25 11.799038105676658 17.5
      vertex -20.96352549156242 11.92658477444273 17.5
      vertex -21.1101049646137 11.870318186463901 17.5
    endloop
  endfacet
  facet normal 0 0 1
    outer loop
      vertex -20.996174644486022 4.876644452187053 17.5
      vertex -20.25 5.361215932167728 17.5
      vertex -21.503695909538287 11.614717238216091 17.5
    endloop
  endfacet
  facet normal 0 0 1
    outer loop
      vertex -20.25 5.361215932167728 17.5
      vertex -19.457261466144303 5.765136389962107 17.5
      vertex -21.503695909538287 11.614717238216091 17.5
    endloop
  endfacet
  facet normal 0 0 1
    outer loop
      vertex -19.457261466144303 5.765136389962107 17.5
      vertex -18.62664445218705 6.083980388508804 17.5
      vertex -21.503695909538287 11.614717238216091 17.5
    endloop
  endfacet
  facet normal 0 0 1
    outer loop
      vertex -21.503695909538287 11.614717238216091 17.5
      vertex -18.62664445218705 6.083980388508804 17.5
      vertex -18.39230807716781 6.146770630952448 17.5
    endloop
  endfacet
  facet normal 0 0 1
    outer loop
      vertex -21.503695909538287 11.614717238216091 17.5
      vertex -18.39230807716781 6.146770630952448 17.5
      vertex -18.386852548883855 6.2508683118423685 17.5
    endloop
  endfacet
  facet normal 0 0 1
    outer loop
      vertex -21.503695909538287 11.614717238216091 17.5
      vertex -18.386852548883855 6.2508683118423685 17.5
      vertex -18.347554241761134 6.498988057962622 17.5
    endloop
  endfacet
  facet normal 0 0 1
    outer loop
      vertex -21.503695909538287 11.614717238216091 17.5
      vertex -18.347554241761134 6.498988057962622 17.5
      vertex -18.282535639108367 6.7416407864998735 17.5
    endloop
  endfacet
  facet normal 0 0 1
    outer loop
      vertex -21.503695909538287 11.614717238216091 17.5
      vertex -18.282535639108367 6.7416407864998735 17.5
      vertex -18.192509098342242 6.97616794338192 17.5
    endloop
  endfacet
  facet normal 0 0 1
    outer loop
      vertex -21.503695909538287 11.614717238216091 17.5
      vertex -18.192509098342242 6.97616794338192 17.5
      vertex -18.078460969082652 7.2 17.5
    endloop
  endfacet
  facet normal 0 0 1
    outer loop
      vertex -21.503695909538287 11.614717238216091 17.5
      vertex -18.078460969082652 7.2 17.5
      vertex -17.941640786499875 7.4106846055019355 17.5
    endloop
  endfacet
  facet normal 0 0 1
    outer loop
      vertex -21.503695909538287 11.614717238216091 17.5
      vertex -17.941640786499875 7.4106846055019355 17.5
      vertex -17.783547581145747 7.605913455261259 17.5
    endloop
  endfacet
  facet normal -0.2588190451025205 0.9659258262890684 -2.905225042815836e-19
    outer loop
      vertex -20.96352549156242 11.92658477444273 12.8
      vertex -20.81186753622664 11.967221401100709 17.5
      vertex -20.81186753622664 11.967221401100709 12.8
    endloop
  endfacet
  facet normal -0.15643446504022288 0.987688340595139 -2.3619365605337936e-19
    outer loop
      vertex -20.81186753622664 11.967221401100709 12.8
      vertex -20.65679269490148 11.991782843052409 17.5
      vertex -20.65679269490148 11.991782843052409 12.8
    endloop
  endfacet
  facet normal -0.052335956242950794 0.9986295347545736 -6.928460018346042e-20
    outer loop
      vertex -20.65679269490148 11.991782843052409 12.8
      vertex -20.5 12 17.5
      vertex -20.5 12 12.8
    endloop
  endfacet
  facet normal 0 1 0
    outer loop
      vertex -20.5 12 12.8
      vertex -20.5 12 17.5
      vertex -19.96245789195195 12 12.8
    endloop
  endfacet
  facet normal 0 1 0
    outer loop
      vertex -20.5 12 17.5
      vertex -12.03754210804805 12 12.8
      vertex -12.03754210804805 12 11.2
    endloop
  endfacet
  facet normal 0 0 1
    outer loop
      vertex -21.503695909538287 11.614717238216091 17.5
      vertex -17.783547581145747 7.605913455261259 17.5
      vertex -17.60591345526126 7.783547581145745 17.5
    endloop
  endfacet
  facet normal 0 0 1
    outer loop
      vertex -21.503695909538287 11.614717238216091 17.5
      vertex -17.60591345526126 7.783547581145745 17.5
      vertex -17.410684605501935 7.941640786499875 17.5
    endloop
  endfacet
  facet normal 0 0 1
    outer loop
      vertex -21.503695909538287 11.614717238216091 17.5
      vertex -17.410684605501935 7.941640786499875 17.5
      vertex -17.2 8.078460969082652 17.5
    endloop
  endfacet
  facet normal 0 0 1
    outer loop
      vertex -21.503695909538287 11.614717238216091 17.5
      vertex -17.2 8.078460969082652 17.5
      vertex -16.97616794338192 8.192509098342242 17.5
    endloop
  endfacet
  facet normal 0 0 1
    outer loop
      vertex -21.503695909538287 11.614717238216091 17.5
      vertex -16.97616794338192 8.192509098342242 17.5
      vertex -16.741640786499875 8.282535639108369 17.5
    endloop
  endfacet
  facet normal -0.2588190451025205 0.9659258262890684 0
    outer loop
      vertex -20.96352549156242 11.92658477444273 12.8
      vertex -20.96352549156242 11.92658477444273 17.5
      vertex -20.81186753622664 11.967221401100709 17.5
    endloop
  endfacet
  facet normal -0.15643446504022288 0.987688340595139 0
    outer loop
      vertex -20.81186753622664 11.967221401100709 12.8
      vertex -20.81186753622664 11.967221401100709 17.5
      vertex -20.65679269490148 11.991782843052409 17.5
    endloop
  endfacet
  facet normal -0.052335956242950794 0.9986295347545736 0
    outer loop
      vertex -20.65679269490148 11.991782843052409 12.8
      vertex -20.65679269490148 11.991782843052409 17.5
      vertex -20.5 12 17.5
    endloop
  endfacet
  facet normal 0 0 1
    outer loop
      vertex -21.503695909538287 11.614717238216091 17.5
      vertex -20.5 12 17.5
      vertex -20.96352549156242 11.92658477444273 17.5
    endloop
  endfacet
  facet normal 0 0 1
    outer loop
      vertex -20.96352549156242 11.92658477444273 17.5
      vertex -20.65679269490148 11.991782843052409 17.5
      vertex -20.81186753622664 11.967221401100709 17.5
    endloop
  endfacet
  facet normal 0 0 1
    outer loop
      vertex -20.96352549156242 11.92658477444273 17.5
      vertex -20.5 12 17.5
      vertex -20.65679269490148 11.991782843052409 17.5
    endloop
  endfacet
  facet normal 0 0 1
    outer loop
      vertex -21.503695909538287 11.614717238216091 17.5
      vertex -10.61832212156129 11.713525491562422 17.5
      vertex -20.5 12 17.5
    endloop
  endfacet
  facet normal 0 0 1
    outer loop
      vertex -16.741640786499875 8.282535639108369 17.5
      vertex -16.498988057962624 8.347554241761134 17.5
      vertex -10.61832212156129 11.713525491562422 17.5
    endloop
  endfacet
  facet normal 0 0 1
    outer loop
      vertex -16.498988057962624 8.347554241761134 17.5
      vertex -16.250868311842368 8.386852548883855 17.5
      vertex -10.61832212156129 11.713525491562422 17.5
    endloop
  endfacet
  facet normal 0 0 1
    outer loop
      vertex -16.250868311842368 8.386852548883855 17.5
      vertex -16 8.4 17.5
      vertex -10.61832212156129 11.713525491562422 17.5
    endloop
  endfacet
  facet normal 0 0 1
    outer loop
      vertex -16 8.4 17.5
      vertex -15.749131688157632 8.386852548883855 17.5
      vertex -10.61832212156129 11.713525491562422 17.5
    endloop
  endfacet
  facet normal 0 1 0
    outer loop
      vertex -20.5 12 17.5
      vertex -11.5 12 17.5
      vertex -12.03754210804805 12 12.8
    endloop
  endfacet
  facet normal 0 0 1
    outer loop
      vertex -21.503695909538287 11.614717238216091 17.5
      vertex -16.741640786499875 8.282535639108369 17.5
      vertex -10.61832212156129 11.713525491562422 17.5
    endloop
  endfacet
  facet normal 0 0 1
    outer loop
      vertex -20.5 12 17.5
      vertex -10.61832212156129 11.713525491562422 17.5
      vertex -11.5 12 17.5
    endloop
  endfacet
  facet normal 1 0 0
    outer loop
      vertex -10 4.004341170608146 8.220487386583066
      vertex -10 10.392304845413264 7.5
      vertex -10 7.300000000000001 11.2
    endloop
  endfacet
  facet normal 1 0 0
    outer loop
      vertex -10 4.004341170608146 8.220487386583066
      vertex -10 7.300000000000001 11.2
      vertex -10 7.300000000000001 12.8
    endloop
  endfacet
  facet normal 1 0 0
    outer loop
      vertex -10 4.004341170608146 8.220487386583066
      vertex -10 7.300000000000001 12.8
      vertex -10 10.5 17.5
    endloop
  endfacet
  facet normal 0 1 0
    outer loop
      vertex -11.5 12 7.5
      vertex -12.03754210804805 12 11.2
      vertex -11.5 12 11.2
    endloop
  endfacet
  facet normal 0.05233595624295078 0.9986295347545734 0
    outer loop
      vertex -11.5 12 7.5
      vertex -11.5 12 11.2
      vertex -11.34320730509852 11.991782843052409 11.2
    endloop
  endfacet
  facet normal 0.15643446504022288 0.987688340595139 0
    outer loop
      vertex -11.34320730509852 11.991782843052409 7.5
      vertex -11.34320730509852 11.991782843052409 11.2
      vertex -11.18813246377336 11.967221401100709 11.2
    endloop
  endfacet
  facet normal 0.25881904510252046 0.9659258262890684 0
    outer loop
      vertex -11.18813246377336 11.967221401100709 7.5
      vertex -11.18813246377336 11.967221401100709 11.2
      vertex -11.036474508437578 11.92658477444273 11.2
    endloop
  endfacet
  facet normal 0.358367949545301 0.9335804264972013 0
    outer loop
      vertex -11.036474508437578 11.92658477444273 7.5
      vertex -11.036474508437578 11.92658477444273 11.2
      vertex -10.8898950353863 11.870318186463901 11.2
    endloop
  endfacet
  facet normal 0.6293203910498428 0.7771459614569665 0
    outer loop
      vertex -10.61832212156129 11.713525491562422 7.5
      vertex -10.61832212156129 11.713525491562422 11.2
      vertex -10.496304090461713 11.614717238216091 11.2
    endloop
  endfacet
  facet normal 0.5446390350150241 0.838670567945426 0
    outer loop
      vertex -10.75 11.799038105676658 7.5
      vertex -10.75 11.799038105676658 11.2
      vertex -10.61832212156129 11.713525491562422 11.2
    endloop
  endfacet
  facet normal 0.4539904997395476 0.8910065241883675 0
    outer loop
      vertex -10.8898950353863 11.870318186463901 7.5
      vertex -10.8898950353863 11.870318186463901 11.2
      vertex -10.75 11.799038105676658 11.2
    endloop
  endfacet
  facet normal 1 0 0
    outer loop
      vertex -10 10.392304845413264 7.5
      vertex -10 10.170220072627284 11.2
      vertex -10 7.300000000000001 11.2
    endloop
  endfacet
  facet normal 1 0 0
    outer loop
      vertex -10 10.5 7.5
      vertex -10 10.5 11.2
      vertex -10 10.170220072627284 11.2
    endloop
  endfacet
  facet normal 0.9986295347545734 0.05233595624295078 0
    outer loop
      vertex -10.008217156947591 10.65679269490148 7.5
      vertex -10.008217156947591 10.65679269490148 11.2
      vertex -10 10.5 11.2
    endloop
  endfacet
  facet normal 0.987688340595139 0.15643446504022288 0
    outer loop
      vertex -10.032778598899291 10.81186753622664 7.5
      vertex -10.032778598899291 10.81186753622664 11.2
      vertex -10.008217156947591 10.65679269490148 11.2
    endloop
  endfacet
  facet normal 0.9335804264972013 0.358367949545301 0
    outer loop
      vertex -10.129681813536099 11.1101049646137 7.5
      vertex -10.129681813536099 11.1101049646137 11.2
      vertex -10.07341522555727 10.963525491562422 11.2
    endloop
  endfacet
  facet normal 0.8910065241883675 0.4539904997395476 0
    outer loop
      vertex -10.200961894323342 11.25 7.5
      vertex -10.200961894323342 11.25 11.2
      vertex -10.129681813536099 11.1101049646137 11.2
    endloop
  endfacet
  facet normal 0.9659258262890684 0.25881904510252046 0
    outer loop
      vertex -10.07341522555727 10.963525491562422 7.5
      vertex -10.07341522555727 10.963525491562422 11.2
      vertex -10.032778598899291 10.81186753622664 11.2
    endloop
  endfacet
  facet normal 0.838670567945426 0.5446390350150241 0
    outer loop
      vertex -10.286474508437578 11.38167787843871 7.5
      vertex -10.286474508437578 11.38167787843871 11.2
      vertex -10.200961894323342 11.25 11.2
    endloop
  endfacet
  facet normal 0.7771459614569665 0.6293203910498428 0
    outer loop
      vertex -10.385282761783909 11.503695909538287 7.5
      vertex -10.385282761783909 11.503695909538287 11.2
      vertex -10.286474508437578 11.38167787843871 11.2
    endloop
  endfacet
  facet normal 0.7071067811865475 0.7071067811865475 0
    outer loop
      vertex -10.496304090461713 11.614717238216091 7.5
      vertex -10.496304090461713 11.614717238216091 11.2
      vertex -10.385282761783909 11.503695909538287 11.2
    endloop
  endfacet
  facet normal 1 0 0
    outer loop
      vertex -10 4.004341170608146 8.220487386583066
      vertex -10 10.5 17.5
      vertex -10 4.004341170608146 17.5
    endloop
  endfacet
  facet normal 0 0 1
    outer loop
      vertex -13.607691922832188 6.146770630952448 17.5
      vertex -13.373355547812947 6.083980388508804 17.5
      vertex -13.613147451116145 6.2508683118423685 17.5
    endloop
  endfacet
  facet normal 0 0 1
    outer loop
      vertex -10.312389845949705 4.316731016557851 17.5
      vertex -10.61832212156129 11.713525491562422 17.5
      vertex -11.003825355513978 4.876644452187053 17.5
    endloop
  endfacet
  facet normal 0 0 1
    outer loop
      vertex -11.75 5.361215932167728 17.5
      vertex -11.003825355513978 4.876644452187053 17.5
      vertex -10.61832212156129 11.713525491562422 17.5
    endloop
  endfacet
  facet normal 0 0 1
    outer loop
      vertex -13.613147451116145 6.2508683118423685 17.5
      vertex -13.373355547812947 6.083980388508804 17.5
      vertex -10.61832212156129 11.713525491562422 17.5
    endloop
  endfacet
  facet normal 0 0 1
    outer loop
      vertex -13.613147451116145 6.2508683118423685 17.5
      vertex -10.61832212156129 11.713525491562422 17.5
      vertex -13.652445758238866 6.498988057962622 17.5
    endloop
  endfacet
  facet normal 0 0 1
    outer loop
      vertex -13.807490901657758 6.97616794338192 17.5
      vertex -13.717464360891633 6.7416407864998735 17.5
      vertex -10.61832212156129 11.713525491562422 17.5
    endloop
  endfacet
  facet normal 0 0 1
    outer loop
      vertex -13.652445758238866 6.498988057962622 17.5
      vertex -10.61832212156129 11.713525491562422 17.5
      vertex -13.717464360891633 6.7416407864998735 17.5
    endloop
  endfacet
  facet normal 0 0 1
    outer loop
      vertex -13.807490901657758 6.97616794338192 17.5
      vertex -10.61832212156129 11.713525491562422 17.5
      vertex -13.921539030917348 7.2 17.5
    endloop
  endfacet
  facet normal 0 0 1
    outer loop
      vertex -14.058359213500125 7.4106846055019355 17.5
      vertex -13.921539030917348 7.2 17.5
      vertex -10.61832212156129 11.713525491562422 17.5
    endloop
  endfacet
  facet normal 0 0 1
    outer loop
      vertex -14.058359213500125 7.4106846055019355 17.5
      vertex -10.61832212156129 11.713525491562422 17.5
      vertex -14.216452418854253 7.605913455261259 17.5
    endloop
  endfacet
  facet normal 0 0 1
    outer loop
      vertex -12.542738533855697 5.765136389962107 17.5
      vertex -10.61832212156129 11.713525491562422 17.5
      vertex -13.373355547812947 6.083980388508804 17.5
    endloop
  endfacet
  facet normal 0 0 1
    outer loop
      vertex -12.542738533855697 5.765136389962107 17.5
      vertex -11.75 5.361215932167728 17.5
      vertex -10.61832212156129 11.713525491562422 17.5
    endloop
  endfacet
  facet normal 0 0 1
    outer loop
      vertex -10.312389845949705 4.316731016557851 17.5
      vertex -10 4.004341170608146 17.5
      vertex -10 10.5 17.5
    endloop
  endfacet
  facet normal 0 0 1
    outer loop
      vertex -10.312389845949705 4.316731016557851 17.5
      vertex -10 10.5 17.5
      vertex -10.61832212156129 11.713525491562422 17.5
    endloop
  endfacet
  facet normal 0 1 0
    outer loop
      vertex -12.03754210804805 12 12.8
      vertex -11.5 12 17.5
      vertex -11.5 12 12.8
    endloop
  endfacet
  facet normal 0.052335956242950794 0.9986295347545736 6.928460018346042e-20
    outer loop
      vertex -11.5 12 12.8
      vertex -11.34320730509852 11.991782843052409 17.5
      vertex -11.34320730509852 11.991782843052409 12.8
    endloop
  endfacet
  facet normal 0.15643446504022288 0.987688340595139 2.3619365605337936e-19
    outer loop
      vertex -11.34320730509852 11.991782843052409 12.8
      vertex -11.18813246377336 11.967221401100709 17.5
      vertex -11.18813246377336 11.967221401100709 12.8
    endloop
  endfacet
  facet normal 0.358367949545301 0.9335804264972014 -2.6237238451402e-19
    outer loop
      vertex -11.036474508437578 11.92658477444273 12.8
      vertex -10.8898950353863 11.870318186463901 17.5
      vertex -10.8898950353863 11.870318186463901 12.8
    endloop
  endfacet
  facet normal 0.2588190451025205 0.9659258262890684 2.905225042815836e-19
    outer loop
      vertex -11.18813246377336 11.967221401100709 12.8
      vertex -11.036474508437578 11.92658477444273 17.5
      vertex -11.036474508437578 11.92658477444273 12.8
    endloop
  endfacet
  facet normal 0.6293203910498428 0.7771459614569665 0
    outer loop
      vertex -10.496304090461713 11.614717238216091 12.8
      vertex -10.61832212156129 11.713525491562422 12.8
      vertex -10.496304090461713 11.614717238216091 17.5
    endloop
  endfacet
  facet normal 0.5446390350150241 0.8386705679454259 -7.507870890234273e-19
    outer loop
      vertex -10.75 11.799038105676658 12.8
      vertex -10.61832212156129 11.713525491562422 17.5
      vertex -10.61832212156129 11.713525491562422 12.8
    endloop
  endfacet
  facet normal 0.4539904997395476 0.8910065241883675 -8.792652322927247e-19
    outer loop
      vertex -10.8898950353863 11.870318186463901 12.8
      vertex -10.75 11.799038105676658 17.5
      vertex -10.75 11.799038105676658 12.8
    endloop
  endfacet
  facet normal 1 0 0
    outer loop
      vertex -10 7.300000000000001 12.8
      vertex -10 10.3 12.8
      vertex -10 10.5 17.5
    endloop
  endfacet
  facet normal 1 0 0
    outer loop
      vertex -10 10.3 12.8
      vertex -10 10.5 12.8
      vertex -10 10.5 17.5
    endloop
  endfacet
  facet normal 0.9986295347545736 0.052335956242950794 6.928460018346042e-20
    outer loop
      vertex -10.008217156947591 10.65679269490148 12.8
      vertex -10 10.5 17.5
      vertex -10 10.5 12.8
    endloop
  endfacet
  facet normal 0.987688340595139 0.15643446504022288 0
    outer loop
      vertex -10.008217156947591 10.65679269490148 12.8
      vertex -10.032778598899291 10.81186753622664 12.8
      vertex -10.008217156947591 10.65679269490148 17.5
    endloop
  endfacet
  facet normal 0.9659258262890684 0.2588190451025205 0
    outer loop
      vertex -10.032778598899291 10.81186753622664 12.8
      vertex -10.07341522555727 10.963525491562422 12.8
      vertex -10.032778598899291 10.81186753622664 17.5
    endloop
  endfacet
  facet normal 0.9335804264972014 0.358367949545301 0
    outer loop
      vertex -10.07341522555727 10.963525491562422 12.8
      vertex -10.129681813536099 11.1101049646137 12.8
      vertex -10.07341522555727 10.963525491562422 17.5
    endloop
  endfacet
  facet normal 0.8910065241883675 0.4539904997395476 0
    outer loop
      vertex -10.129681813536099 11.1101049646137 12.8
      vertex -10.200961894323342 11.25 12.8
      vertex -10.129681813536099 11.1101049646137 17.5
    endloop
  endfacet
  facet normal 0.7771459614569665 0.6293203910498428 1.0292928052209433e-18
    outer loop
      vertex -10.385282761783909 11.503695909538287 12.8
      vertex -10.286474508437578 11.38167787843871 17.5
      vertex -10.286474508437578 11.38167787843871 12.8
    endloop
  endfacet
  facet normal 0.8386705679454259 0.5446390350150241 -7.507870890234273e-19
    outer loop
      vertex -10.286474508437578 11.38167787843871 12.8
      vertex -10.200961894323342 11.25 17.5
      vertex -10.200961894323342 11.25 12.8
    endloop
  endfacet
  facet normal 0.7071067811865475 0.7071067811865475 -8.44897168003856e-19
    outer loop
      vertex -10.496304090461713 11.614717238216091 12.8
      vertex -10.385282761783909 11.503695909538287 17.5
      vertex -10.385282761783909 11.503695909538287 12.8
    endloop
  endfacet
  facet normal 0 0 1
    outer loop
      vertex -14.589315394498065 7.941640786499875 17.5
      vertex -14.394086544738741 7.783547581145745 17.5
      vertex -10.61832212156129 11.713525491562422 17.5
    endloop
  endfacet
  facet normal 0 0 1
    outer loop
      vertex -15.02383205661808 8.192509098342242 17.5
      vertex -14.8 8.078460969082652 17.5
      vertex -10.61832212156129 11.713525491562422 17.5
    endloop
  endfacet
  facet normal 0 0 1
    outer loop
      vertex -14.8 8.078460969082652 17.5
      vertex -14.589315394498065 7.941640786499875 17.5
      vertex -10.61832212156129 11.713525491562422 17.5
    endloop
  endfacet
  facet normal 0 0 1
    outer loop
      vertex -15.501011942037378 8.347554241761134 17.5
      vertex -15.258359213500126 8.282535639108369 17.5
      vertex -10.61832212156129 11.713525491562422 17.5
    endloop
  endfacet
  facet normal 0 0 1
    outer loop
      vertex -15.749131688157632 8.386852548883855 17.5
      vertex -15.501011942037378 8.347554241761134 17.5
      vertex -10.61832212156129 11.713525491562422 17.5
    endloop
  endfacet
  facet normal 0 0 1
    outer loop
      vertex -15.258359213500126 8.282535639108369 17.5
      vertex -15.02383205661808 8.192509098342242 17.5
      vertex -10.61832212156129 11.713525491562422 17.5
    endloop
  endfacet
  facet normal 0 0 1
    outer loop
      vertex -14.394086544738741 7.783547581145745 17.5
      vertex -14.216452418854253 7.605913455261259 17.5
      vertex -10.61832212156129 11.713525491562422 17.5
    endloop
  endfacet
  facet normal 0.052335956242950794 0.9986295347545736 0
    outer loop
      vertex -11.5 12 12.8
      vertex -11.5 12 17.5
      vertex -11.34320730509852 11.991782843052409 17.5
    endloop
  endfacet
  facet normal 0.15643446504022288 0.987688340595139 0
    outer loop
      vertex -11.34320730509852 11.991782843052409 12.8
      vertex -11.34320730509852 11.991782843052409 17.5
      vertex -11.18813246377336 11.967221401100709 17.5
    endloop
  endfacet
  facet normal 0.2588190451025205 0.9659258262890684 0
    outer loop
      vertex -11.18813246377336 11.967221401100709 12.8
      vertex -11.18813246377336 11.967221401100709 17.5
      vertex -11.036474508437578 11.92658477444273 17.5
    endloop
  endfacet
  facet normal 0.358367949545301 0.9335804264972014 0
    outer loop
      vertex -11.036474508437578 11.92658477444273 12.8
      vertex -11.036474508437578 11.92658477444273 17.5
      vertex -10.8898950353863 11.870318186463901 17.5
    endloop
  endfacet
  facet normal 0.6293203910498428 0.7771459614569665 0
    outer loop
      vertex -10.61832212156129 11.713525491562422 12.8
      vertex -10.61832212156129 11.713525491562422 17.5
      vertex -10.496304090461713 11.614717238216091 17.5
    endloop
  endfacet
  facet normal 0.5446390350150241 0.8386705679454259 0
    outer loop
      vertex -10.75 11.799038105676658 12.8
      vertex -10.75 11.799038105676658 17.5
      vertex -10.61832212156129 11.713525491562422 17.5
    endloop
  endfacet
  facet normal 0.4539904997395476 0.8910065241883675 0
    outer loop
      vertex -10.8898950353863 11.870318186463901 12.8
      vertex -10.8898950353863 11.870318186463901 17.5
      vertex -10.75 11.799038105676658 17.5
    endloop
  endfacet
  facet normal 0 0 1
    outer loop
      vertex -11.5 12 17.5
      vertex -11.18813246377336 11.967221401100709 17.5
      vertex -11.34320730509852 11.991782843052409 17.5
    endloop
  endfacet
  facet normal 0 0 1
    outer loop
      vertex -11.5 12 17.5
      vertex -11.036474508437578 11.92658477444273 17.5
      vertex -11.18813246377336 11.967221401100709 17.5
    endloop
  endfacet
  facet normal 0 0 1
    outer loop
      vertex -11.5 12 17.5
      vertex -10.61832212156129 11.713525491562422 17.5
      vertex -11.036474508437578 11.92658477444273 17.5
    endloop
  endfacet
  facet normal 0 0 1
    outer loop
      vertex -11.036474508437578 11.92658477444273 17.5
      vertex -10.75 11.799038105676658 17.5
      vertex -10.8898950353863 11.870318186463901 17.5
    endloop
  endfacet
  facet normal 0 0 1
    outer loop
      vertex -11.036474508437578 11.92658477444273 17.5
      vertex -10.61832212156129 11.713525491562422 17.5
      vertex -10.75 11.799038105676658 17.5
    endloop
  endfacet
  facet normal 0.9986295347545736 0.052335956242950794 0
    outer loop
      vertex -10.008217156947591 10.65679269490148 12.8
      vertex -10.008217156947591 10.65679269490148 17.5
      vertex -10 10.5 17.5
    endloop
  endfacet
  facet normal 0.987688340595139 0.15643446504022288 0
    outer loop
      vertex -10.032778598899291 10.81186753622664 12.8
      vertex -10.032778598899291 10.81186753622664 17.5
      vertex -10.008217156947591 10.65679269490148 17.5
    endloop
  endfacet
  facet normal 0.9335804264972014 0.358367949545301 0
    outer loop
      vertex -10.129681813536099 11.1101049646137 12.8
      vertex -10.129681813536099 11.1101049646137 17.5
      vertex -10.07341522555727 10.963525491562422 17.5
    endloop
  endfacet
  facet normal 0.8910065241883675 0.4539904997395476 0
    outer loop
      vertex -10.200961894323342 11.25 12.8
      vertex -10.200961894323342 11.25 17.5
      vertex -10.129681813536099 11.1101049646137 17.5
    endloop
  endfacet
  facet normal 0.9659258262890684 0.2588190451025205 0
    outer loop
      vertex -10.07341522555727 10.963525491562422 12.8
      vertex -10.07341522555727 10.963525491562422 17.5
      vertex -10.032778598899291 10.81186753622664 17.5
    endloop
  endfacet
  facet normal 0.8386705679454259 0.5446390350150241 0
    outer loop
      vertex -10.286474508437578 11.38167787843871 12.8
      vertex -10.286474508437578 11.38167787843871 17.5
      vertex -10.200961894323342 11.25 17.5
    endloop
  endfacet
  facet normal 0.7771459614569665 0.6293203910498428 0
    outer loop
      vertex -10.385282761783909 11.503695909538287 12.8
      vertex -10.385282761783909 11.503695909538287 17.5
      vertex -10.286474508437578 11.38167787843871 17.5
    endloop
  endfacet
  facet normal 0.7071067811865475 0.7071067811865475 0
    outer loop
      vertex -10.496304090461713 11.614717238216091 12.8
      vertex -10.496304090461713 11.614717238216091 17.5
      vertex -10.385282761783909 11.503695909538287 17.5
    endloop
  endfacet
  facet normal 0 0 1
    outer loop
      vertex -10.008217156947591 10.65679269490148 17.5
      vertex -10.032778598899291 10.81186753622664 17.5
      vertex -10 10.5 17.5
    endloop
  endfacet
  facet normal 0 0 1
    outer loop
      vertex -10.032778598899291 10.81186753622664 17.5
      vertex -10.129681813536099 11.1101049646137 17.5
      vertex -10 10.5 17.5
    endloop
  endfacet
  facet normal 0 0 1
    outer loop
      vertex -10.032778598899291 10.81186753622664 17.5
      vertex -10.07341522555727 10.963525491562422 17.5
      vertex -10.129681813536099 11.1101049646137 17.5
    endloop
  endfacet
  facet normal 0 0 1
    outer loop
      vertex -10.129681813536099 11.1101049646137 17.5
      vertex -10.61832212156129 11.713525491562422 17.5
      vertex -10 10.5 17.5
    endloop
  endfacet
  facet normal 0 0 1
    outer loop
      vertex -10.129681813536099 11.1101049646137 17.5
      vertex -10.200961894323342 11.25 17.5
      vertex -10.286474508437578 11.38167787843871 17.5
    endloop
  endfacet
  facet normal 0 0 1
    outer loop
      vertex -10.129681813536099 11.1101049646137 17.5
      vertex -10.286474508437578 11.38167787843871 17.5
      vertex -10.61832212156129 11.713525491562422 17.5
    endloop
  endfacet
  facet normal 0 0 1
    outer loop
      vertex -10.496304090461713 11.614717238216091 17.5
      vertex -10.286474508437578 11.38167787843871 17.5
      vertex -10.385282761783909 11.503695909538287 17.5
    endloop
  endfacet
  facet normal 0 0 1
    outer loop
      vertex -10.496304090461713 11.614717238216091 17.5
      vertex -10.61832212156129 11.713525491562422 17.5
      vertex -10.286474508437578 11.38167787843871 17.5
    endloop
  endfacet
  facet normal -0.9986295347545739 0.05233595624294325 -3.762763992051454e-18
    outer loop
      vertex -25.597136290303837 1.0086996705328561 2
      vertex -25.65 0 2
      vertex -25.65 0 2.55
    endloop
  endfacet
  facet normal -0.987688340595138 0.15643446504022887 0
    outer loop
      vertex -25.597136290303837 1.0086996705328561 2
      vertex -25.597136290303837 1.0086996705328561 2.55
      vertex -25.439124347081226 2.006347816391378 2
    endloop
  endfacet
  facet normal -0.9659258262890678 0.25881904510252274 0
    outer loop
      vertex -25.439124347081226 2.006347816391378 2
      vertex -25.439124347081226 2.006347816391378 2.55
      vertex -25.17769538224823 2.9820139957182423 2
    endloop
  endfacet
  facet normal 0 0 -1
    outer loop
      vertex -24.0295672763063 1.4255581174193495 0
      vertex -23.977529082040384 0 0
      vertex -24.0295672763063 0 0
    endloop
  endfacet
  facet normal 0 0 -1
    outer loop
      vertex -22.45711035136298 1.6701197496807278 0
      vertex -22.5446376185805 0 0
      vertex -22.626567103494324 0 0
    endloop
  endfacet
  facet normal 0 0 -1
    outer loop
      vertex -22 1.5508375298756745 0
      vertex -21.910589108534964 0 0
      vertex -22 0 0
    endloop
  endfacet
  facet normal 0 0 -1
    outer loop
      vertex -20.880839716909602 7.291659875563659 0
      vertex -21.385732054374394 0 0
      vertex -21.4553623814195 0 0
    endloop
  endfacet
  facet normal -0.9986295347545739 0.05233595624294325 0
    outer loop
      vertex -25.597136290303837 1.0086996705328561 2
      vertex -25.65 0 2.55
      vertex -25.597136290303837 1.0086996705328561 2.55
    endloop
  endfacet
  facet normal -0.9986295347545739 0.05233595624294326 -2.5869002445353733e-18
    outer loop
      vertex -25.597136290303837 1.0086996705328561 3.35
      vertex -25.65 0 3.35
      vertex -25.65 0 4.15
    endloop
  endfacet
  facet normal -0.9986295347545739 0.05233595624294326 0
    outer loop
      vertex -25.597136290303837 1.0086996705328561 3.35
      vertex -25.65 0 4.15
      vertex -25.597136290303837 1.0086996705328561 4.15
    endloop
  endfacet
  facet normal -0.987688340595138 0.15643446504022887 0
    outer loop
      vertex -25.597136290303837 1.0086996705328561 3.35
      vertex -25.597136290303837 1.0086996705328561 4.15
      vertex -25.439124347081226 2.006347816391378 3.35
    endloop
  endfacet
  facet normal -0.987688340595138 0.15643446504022887 0
    outer loop
      vertex -25.439124347081226 2.006347816391378 2
      vertex -25.597136290303837 1.0086996705328561 2.55
      vertex -25.439124347081226 2.006347816391378 2.55
    endloop
  endfacet
  facet normal -0.9659258262890678 0.25881904510252274 0
    outer loop
      vertex -25.17769538224823 2.9820139957182423 2
      vertex -25.439124347081226 2.006347816391378 2.55
      vertex -25.17769538224823 2.9820139957182423 2.55
    endloop
  endfacet
  facet normal -0.987688340595138 0.15643446504022887 1.804580403408294e-18
    outer loop
      vertex -25.597136290303837 1.0086996705328561 4.15
      vertex -25.439124347081226 2.006347816391378 4.15
      vertex -25.439124347081226 2.006347816391378 3.35
    endloop
  endfacet
  facet normal -0.9659258262890676 0.2588190451025227 0
    outer loop
      vertex -25.439124347081226 2.006347816391378 3.35
      vertex -25.439124347081226 2.006347816391378 4.15
      vertex -25.17769538224823 2.9820139957182423 3.35
    endloop
  endfacet
  facet normal -0.9659258262890676 0.2588190451025227 1.5775272763503906e-17
    outer loop
      vertex -25.439124347081226 2.006347816391378 4.15
      vertex -25.17769538224823 2.9820139957182423 4.15
      vertex -25.17769538224823 2.9820139957182423 3.35
    endloop
  endfacet
  facet normal -0.9335804264972022 0.3583679495452989 0
    outer loop
      vertex -25.17769538224823 2.9820139957182423 2
      vertex -25.17769538224823 2.9820139957182423 2.55
      vertex -24.8157136662511 3.925008605681472 2
    endloop
  endfacet
  facet normal -0.891006524188368 0.4539904997395468 0
    outer loop
      vertex -24.8157136662511 3.925008605681472 2
      vertex -24.8157136662511 3.925008605681472 2.55
      vertex -24.357145146519834 4.825 2
    endloop
  endfacet
  facet normal 0 0 -1
    outer loop
      vertex -20.880839716909602 7.291659875563659 0
      vertex -21.4553623814195 0 0
      vertex -21.024161217991036 8.227808339285989 0
    endloop
  endfacet
  facet normal -0.8386705679454239 0.5446390350150272 0
    outer loop
      vertex -24.357145146519834 4.825 2
      vertex -24.357145146519834 4.825 2.55
      vertex -23.807013995718243 5.672127684622366 2
    endloop
  endfacet
  facet normal -0.7771459614569713 0.6293203910498368 0
    outer loop
      vertex -23.807013995718243 5.672127684622366 2
      vertex -23.807013995718243 5.672127684622366 2.55
      vertex -23.171347565856856 6.457110351362982 2
    endloop
  endfacet
  facet normal -0.9335804264972022 0.3583679495452989 -3.201647934867361e-17
    outer loop
      vertex -25.17769538224823 2.9820139957182423 2.55
      vertex -24.8157136662511 3.925008605681472 2.55
      vertex -24.8157136662511 3.925008605681472 2
    endloop
  endfacet
  facet normal -0.9335804264972023 0.35836794954529894 0
    outer loop
      vertex -25.17769538224823 2.9820139957182423 3.35
      vertex -25.17769538224823 2.9820139957182423 4.15
      vertex -24.8157136662511 3.925008605681472 3.35
    endloop
  endfacet
  facet normal -0.9335804264972023 0.35836794954529894 -2.201132955221309e-17
    outer loop
      vertex -25.17769538224823 2.9820139957182423 4.15
      vertex -24.8157136662511 3.925008605681472 4.15
      vertex -24.8157136662511 3.925008605681472 3.35
    endloop
  endfacet
  facet normal -0.8910065241883679 0.45399049973954675 0
    outer loop
      vertex -24.8157136662511 3.925008605681472 3.35
      vertex -24.8157136662511 3.925008605681472 4.15
      vertex -24.357145146519834 4.825 3.35
    endloop
  endfacet
  facet normal -0.891006524188368 0.4539904997395468 0
    outer loop
      vertex -24.357145146519834 4.825 2
      vertex -24.8157136662511 3.925008605681472 2.55
      vertex -24.357145146519834 4.825 2.55
    endloop
  endfacet
  facet normal -0.8910065241883679 0.45399049973954675 -2.7254764418574748e-17
    outer loop
      vertex -24.8157136662511 3.925008605681472 4.15
      vertex -24.357145146519834 4.825 4.15
      vertex -24.357145146519834 4.825 3.35
    endloop
  endfacet
  facet normal -0.8386705679454239 0.5446390350150272 0
    outer loop
      vertex -23.807013995718243 5.672127684622366 2
      vertex -24.357145146519834 4.825 2.55
      vertex -23.807013995718243 5.672127684622366 2.55
    endloop
  endfacet
  facet normal -0.838670567945424 0.5446390350150271 0
    outer loop
      vertex -24.357145146519834 4.825 3.35
      vertex -24.357145146519834 4.825 4.15
      vertex -23.807013995718243 5.672127684622366 3.35
    endloop
  endfacet
  facet normal -0.7771459614569713 0.629320391049837 0
    outer loop
      vertex -23.807013995718243 5.672127684622366 3.35
      vertex -23.807013995718243 5.672127684622366 4.15
      vertex -23.171347565856856 6.457110351362982 3.35
    endloop
  endfacet
  facet normal -0.838670567945424 0.5446390350150271 9.705524965704625e-18
    outer loop
      vertex -24.357145146519834 4.825 4.15
      vertex -23.807013995718243 5.672127684622366 4.15
      vertex -23.807013995718243 5.672127684622366 3.35
    endloop
  endfacet
  facet normal 0 0 -1
    outer loop
      vertex -19.015926097237305 2.1112313449684414 0
      vertex -18.98201399571824 2.443851249431539 0
      vertex -18.998715464508795 2.1251682405531733 0
    endloop
  endfacet
  facet normal 0 0 -1
    outer loop
      vertex -17.733577578666434 2.7898947515234056 0
      vertex -17.410684605501935 4.058359213500126 0
      vertex -17.575986671312233 2.8503882331052823 0
    endloop
  endfacet
  facet normal 0 0 -1
    outer loop
      vertex -17.733577578666434 2.7898947515234056 0
      vertex -17.60591345526126 4.216452418854254 0
      vertex -17.410684605501935 4.058359213500126 0
    endloop
  endfacet
  facet normal 0 0 -1
    outer loop
      vertex -17.733577578666434 2.7898947515234056 0
      vertex -17.656180476355697 4.266719439948691 0
      vertex -17.60591345526126 4.216452418854254 0
    endloop
  endfacet
  facet normal 0 0 -1
    outer loop
      vertex -17.575986671312233 2.8503882331052823 0
      vertex -17.410684605501935 4.058359213500126 0
      vertex -17.462674771444306 2.8807500651677294 0
    endloop
  endfacet
  facet normal 0 0 -1
    outer loop
      vertex -17.25434155921184 2.936572781142 0
      vertex -17.23482593103307 3.944155254970394 0
      vertex -17.214681887542014 2.9471995581380144 0
    endloop
  endfacet
  facet normal 0 0 -1
    outer loop
      vertex -17.462674771444306 2.8807500651677294 0
      vertex -17.410684605501935 4.058359213500126 0
      vertex -17.34608302346399 4.0164064555921115 0
    endloop
  endfacet
  facet normal 0 0 -1
    outer loop
      vertex -17.25434155921184 2.936572781142 0
      vertex -17.25434155921184 3.956828852095709 0
      vertex -17.23482593103307 3.944155254970394 0
    endloop
  endfacet
  facet normal -0.9986295347545739 0.05233595624294325 -3.762763992051454e-18
    outer loop
      vertex -25.597136290303837 1.0086996705328561 5.5
      vertex -25.65 0 4.95
      vertex -25.65 0 5.5
    endloop
  endfacet
  facet normal -0.9986295347545739 0.05233595624294325 0
    outer loop
      vertex -25.597136290303837 1.0086996705328561 4.95
      vertex -25.65 0 4.95
      vertex -25.597136290303837 1.0086996705328561 5.5
    endloop
  endfacet
  facet normal -0.987688340595138 0.15643446504022887 0
    outer loop
      vertex -25.597136290303837 1.0086996705328561 4.95
      vertex -25.597136290303837 1.0086996705328561 5.5
      vertex -25.439124347081226 2.006347816391378 5.5
    endloop
  endfacet
  facet normal -0.987688340595138 0.15643446504022887 2.624844223139338e-18
    outer loop
      vertex -25.597136290303837 1.0086996705328561 4.95
      vertex -25.439124347081226 2.006347816391378 5.5
      vertex -25.439124347081226 2.006347816391378 4.95
    endloop
  endfacet
  facet normal -0.9659258262890678 0.25881904510252274 0
    outer loop
      vertex -25.439124347081226 2.006347816391378 4.95
      vertex -25.439124347081226 2.006347816391378 5.5
      vertex -25.17769538224823 2.9820139957182423 5.5
    endloop
  endfacet
  facet normal -0.9659258262890678 0.25881904510252274 2.2945851292369337e-17
    outer loop
      vertex -25.439124347081226 2.006347816391378 4.95
      vertex -25.17769538224823 2.9820139957182423 5.5
      vertex -25.17769538224823 2.9820139957182423 4.95
    endloop
  endfacet
  facet normal -0.9335804264972022 0.3583679495452989 0
    outer loop
      vertex -25.17769538224823 2.9820139957182423 4.95
      vertex -25.17769538224823 2.9820139957182423 5.5
      vertex -24.8157136662511 3.925008605681472 5.5
    endloop
  endfacet
  facet normal -0.9335804264972022 0.3583679495452989 -3.201647934867361e-17
    outer loop
      vertex -25.17769538224823 2.9820139957182423 4.95
      vertex -24.8157136662511 3.925008605681472 5.5
      vertex -24.8157136662511 3.925008605681472 4.95
    endloop
  endfacet
  facet normal -0.891006524188368 0.4539904997395468 0
    outer loop
      vertex -24.8157136662511 3.925008605681472 4.95
      vertex -24.8157136662511 3.925008605681472 5.5
      vertex -24.357145146519834 4.825 5.5
    endloop
  endfacet
  facet normal -0.891006524188368 0.4539904997395468 -3.964329369974512e-17
    outer loop
      vertex -24.8157136662511 3.925008605681472 4.95
      vertex -24.357145146519834 4.825 5.5
      vertex -24.357145146519834 4.825 4.95
    endloop
  endfacet
  facet normal -0.8386705679454239 0.5446390350150272 0
    outer loop
      vertex -24.357145146519834 4.825 4.95
      vertex -24.357145146519834 4.825 5.5
      vertex -23.807013995718243 5.672127684622366 5.5
    endloop
  endfacet
  facet normal -0.8386705679454239 0.5446390350150272 1.41171272228431e-17
    outer loop
      vertex -24.357145146519834 4.825 4.95
      vertex -23.807013995718243 5.672127684622366 5.5
      vertex -23.807013995718243 5.672127684622366 4.95
    endloop
  endfacet
  facet normal -0.7771459614569713 0.6293203910498368 0
    outer loop
      vertex -23.807013995718243 5.672127684622366 4.95
      vertex -23.807013995718243 5.672127684622366 5.5
      vertex -23.171347565856856 6.457110351362982 5.5
    endloop
  endfacet
  facet normal 0 0 1
    outer loop
      vertex -22.923283548178937 2.9243567346241375 7.5
      vertex -22.87664445218705 2.9961746444860218 7.5
      vertex -23.053423027509677 4.206976116323251 7.5
    endloop
  endfacet
  facet normal 0 0 1
    outer loop
      vertex -22.87664445218705 2.9961746444860218 7.5
      vertex -22.712296767278893 3.199127133262227 7.5
      vertex -23.053423027509677 4.206976116323251 7.5
    endloop
  endfacet
  facet normal 0 0 1
    outer loop
      vertex -23.053423027509677 4.206976116323251 7.5
      vertex -22.712296767278893 3.199127133262227 7.5
      vertex -22.897397544913172 6.731060372306666 7.5
    endloop
  endfacet
  facet normal -0.7071067811865467 0.7071067811865483 0
    outer loop
      vertex -23.171347565856856 6.457110351362982 2
      vertex -23.171347565856856 6.457110351362982 2.55
      vertex -22.45711035136298 7.171347565856855 2
    endloop
  endfacet
  facet normal -0.6293203910498386 0.7771459614569698 0
    outer loop
      vertex -22.45711035136298 7.171347565856855 2
      vertex -22.45711035136298 7.171347565856855 2.55
      vertex -21.672127684622367 7.807013995718243 2
    endloop
  endfacet
  facet normal -0.544639035015026 0.8386705679454248 0
    outer loop
      vertex -21.672127684622367 7.807013995718243 2
      vertex -21.672127684622367 7.807013995718243 2.55
      vertex -20.825 8.357145146519834 2
    endloop
  endfacet
  facet normal -0.7771459614569713 0.6293203910498368 1.9248527559255504e-17
    outer loop
      vertex -23.807013995718243 5.672127684622366 2.55
      vertex -23.171347565856856 6.457110351362982 2.55
      vertex -23.171347565856856 6.457110351362982 2
    endloop
  endfacet
  facet normal -0.7071067811865467 0.7071067811865483 0
    outer loop
      vertex -22.45711035136298 7.171347565856855 2
      vertex -23.171347565856856 6.457110351362982 2.55
      vertex -22.45711035136298 7.171347565856855 2.55
    endloop
  endfacet
  facet normal -0.7071067811865466 0.7071067811865485 0
    outer loop
      vertex -23.171347565856856 6.457110351362982 3.35
      vertex -23.171347565856856 6.457110351362982 4.15
      vertex -22.45711035136298 7.171347565856855 3.35
    endloop
  endfacet
  facet normal -0.7771459614569713 0.629320391049837 1.323336269698815e-17
    outer loop
      vertex -23.807013995718243 5.672127684622366 4.15
      vertex -23.171347565856856 6.457110351362982 4.15
      vertex -23.171347565856856 6.457110351362982 3.35
    endloop
  endfacet
  facet normal -0.6293203910498387 0.7771459614569699 0
    outer loop
      vertex -22.45711035136298 7.171347565856855 3.35
      vertex -22.45711035136298 7.171347565856855 4.15
      vertex -21.672127684622367 7.807013995718243 3.35
    endloop
  endfacet
  facet normal -0.7071067811865466 0.7071067811865485 -4.377710692240319e-17
    outer loop
      vertex -23.171347565856856 6.457110351362982 4.15
      vertex -22.45711035136298 7.171347565856855 4.15
      vertex -22.45711035136298 7.171347565856855 3.35
    endloop
  endfacet
  facet normal -0.6293203910498386 0.7771459614569698 2.4018196265391257e-17
    outer loop
      vertex -22.45711035136298 7.171347565856855 2.55
      vertex -21.672127684622367 7.807013995718243 2.55
      vertex -21.672127684622367 7.807013995718243 2
    endloop
  endfacet
  facet normal -0.544639035015026 0.8386705679454248 0
    outer loop
      vertex -20.825 8.357145146519834 2
      vertex -21.672127684622367 7.807013995718243 2.55
      vertex -20.825 8.357145146519834 2.55
    endloop
  endfacet
  facet normal -0.544639035015026 0.8386705679454249 0
    outer loop
      vertex -21.672127684622367 7.807013995718243 3.35
      vertex -21.672127684622367 7.807013995718243 4.15
      vertex -20.825 8.357145146519834 3.35
    endloop
  endfacet
  facet normal -0.6293203910498387 0.7771459614569699 1.651250993245648e-17
    outer loop
      vertex -22.45711035136298 7.171347565856855 4.15
      vertex -21.672127684622367 7.807013995718243 4.15
      vertex -21.672127684622367 7.807013995718243 3.35
    endloop
  endfacet
  facet normal -0.544639035015026 0.8386705679454249 -3.1079741724959896e-17
    outer loop
      vertex -21.672127684622367 7.807013995718243 4.15
      vertex -20.825 8.357145146519834 4.15
      vertex -20.825 8.357145146519834 3.35
    endloop
  endfacet
  facet normal -0.4539904997395474 0.8910065241883675 0
    outer loop
      vertex -20.825 8.357145146519834 2
      vertex -20.825 8.357145146519834 2.55
      vertex -19.925008605681473 8.8157136662511 2
    endloop
  endfacet
  facet normal -0.35836794954529805 0.9335804264972026 0
    outer loop
      vertex -19.925008605681473 8.8157136662511 2
      vertex -19.925008605681473 8.8157136662511 2.55
      vertex -18.98201399571824 9.177695382248231 2
    endloop
  endfacet
  facet normal 0 0 -1
    outer loop
      vertex -17.465930593063337 7.896903467874562 0
      vertex -17.379906396509764 9.538342920765281 0
      vertex -17.410684605501935 7.941640786499875 0
    endloop
  endfacet
  facet normal 0 0 -1
    outer loop
      vertex -17.410684605501935 7.941640786499875 0
      vertex -17.379906396509764 9.538342920765281 0
      vertex -17.33787133864088 7.988926274884959 0
    endloop
  endfacet
  facet normal -0.4539904997395474 0.8910065241883675 0
    outer loop
      vertex -19.925008605681473 8.8157136662511 2
      vertex -20.825 8.357145146519834 2.55
      vertex -19.925008605681473 8.8157136662511 2.55
    endloop
  endfacet
  facet normal -0.4539904997395475 0.8910065241883676 0
    outer loop
      vertex -20.825 8.357145146519834 3.35
      vertex -20.825 8.357145146519834 4.15
      vertex -19.925008605681473 8.8157136662511 3.35
    endloop
  endfacet
  facet normal -0.35836794954529805 0.9335804264972025 0
    outer loop
      vertex -19.925008605681473 8.8157136662511 3.35
      vertex -19.925008605681473 8.8157136662511 4.15
      vertex -18.98201399571824 9.177695382248231 3.35
    endloop
  endfacet
  facet normal -0.4539904997395475 0.8910065241883676 -4.873033162096566e-18
    outer loop
      vertex -20.825 8.357145146519834 4.15
      vertex -19.925008605681473 8.8157136662511 4.15
      vertex -19.925008605681473 8.8157136662511 3.35
    endloop
  endfacet
  facet normal -0.2588190451025235 0.9659258262890675 0
    outer loop
      vertex -18.98201399571824 9.177695382248231 2
      vertex -18.98201399571824 9.177695382248231 2.55
      vertex -18.00634781639138 9.439124347081226 2
    endloop
  endfacet
  facet normal -0.15643446504022862 0.9876883405951381 0
    outer loop
      vertex -18.00634781639138 9.439124347081226 2
      vertex -18.00634781639138 9.439124347081226 2.55
      vertex -17.008699670532856 9.597136290303837 2
    endloop
  endfacet
  facet normal -0.052335956242945014 0.9986295347545737 0
    outer loop
      vertex -17.008699670532856 9.597136290303837 2
      vertex -17.008699670532856 9.597136290303837 2.55
      vertex -16 9.65 2
    endloop
  endfacet
  facet normal 0.052335956242945014 0.9986295347545737 0
    outer loop
      vertex -16 9.65 2
      vertex -16 9.65 2.55
      vertex -14.991300329467144 9.597136290303837 2
    endloop
  endfacet
  facet normal 0.1564344650402289 0.987688340595138 0
    outer loop
      vertex -14.991300329467144 9.597136290303837 2
      vertex -14.991300329467144 9.597136290303837 2.55
      vertex -13.993652183608623 9.439124347081226 2
    endloop
  endfacet
  facet normal -0.35836794954529805 0.9335804264972026 5.466407601606425e-18
    outer loop
      vertex -19.925008605681473 8.8157136662511 2.55
      vertex -18.98201399571824 9.177695382248231 2.55
      vertex -18.98201399571824 9.177695382248231 2
    endloop
  endfacet
  facet normal -0.2588190451025235 0.9659258262890675 0
    outer loop
      vertex -18.00634781639138 9.439124347081226 2
      vertex -18.98201399571824 9.177695382248231 2.55
      vertex -18.00634781639138 9.439124347081226 2.55
    endloop
  endfacet
  facet normal -0.35836794954529805 0.9335804264972025 3.7581552261044145e-18
    outer loop
      vertex -19.925008605681473 8.8157136662511 4.15
      vertex -18.98201399571824 9.177695382248231 4.15
      vertex -18.98201399571824 9.177695382248231 3.35
    endloop
  endfacet
  facet normal -0.25881904510252346 0.9659258262890674 0
    outer loop
      vertex -18.98201399571824 9.177695382248231 3.35
      vertex -18.98201399571824 9.177695382248231 4.15
      vertex -18.00634781639138 9.439124347081226 3.35
    endloop
  endfacet
  facet normal -0.15643446504022865 0.9876883405951381 0
    outer loop
      vertex -18.00634781639138 9.439124347081226 3.35
      vertex -18.00634781639138 9.439124347081226 4.15
      vertex -17.008699670532856 9.597136290303837 3.35
    endloop
  endfacet
  facet normal -0.25881904510252346 0.9659258262890674 -2.8191814751299503e-17
    outer loop
      vertex -18.98201399571824 9.177695382248231 4.15
      vertex -18.00634781639138 9.439124347081226 4.15
      vertex -18.00634781639138 9.439124347081226 3.35
    endloop
  endfacet
  facet normal -0.15643446504022862 0.9876883405951381 0
    outer loop
      vertex -17.008699670532856 9.597136290303837 2
      vertex -18.00634781639138 9.439124347081226 2.55
      vertex -17.008699670532856 9.597136290303837 2.55
    endloop
  endfacet
  facet normal -0.052335956242945014 0.9986295347545737 2.925460823359218e-18
    outer loop
      vertex -17.008699670532856 9.597136290303837 2.55
      vertex -16 9.65 2.55
      vertex -16 9.65 2
    endloop
  endfacet
  facet normal 0.052335956242945014 0.9986295347545737 0
    outer loop
      vertex -14.991300329467144 9.597136290303837 2
      vertex -16 9.65 2.55
      vertex -14.991300329467144 9.597136290303837 2.55
    endloop
  endfacet
  facet normal 0.1564344650402289 0.987688340595138 0
    outer loop
      vertex -13.993652183608623 9.439124347081226 2
      vertex -14.991300329467144 9.597136290303837 2.55
      vertex -13.993652183608623 9.439124347081226 2.55
    endloop
  endfacet
  facet normal -0.052335956242945014 0.9986295347545738 0
    outer loop
      vertex -17.008699670532856 9.597136290303837 3.35
      vertex -17.008699670532856 9.597136290303837 4.15
      vertex -16 9.65 3.35
    endloop
  endfacet
  facet normal -0.15643446504022865 0.9876883405951381 -3.3933588046736634e-18
    outer loop
      vertex -18.00634781639138 9.439124347081226 4.15
      vertex -17.008699670532856 9.597136290303837 4.15
      vertex -17.008699670532856 9.597136290303837 3.35
    endloop
  endfacet
  facet normal -0.052335956242945014 0.9986295347545738 2.0112543160594613e-18
    outer loop
      vertex -17.008699670532856 9.597136290303837 4.15
      vertex -16 9.65 4.15
      vertex -16 9.65 3.35
    endloop
  endfacet
  facet normal 0.052335956242945014 0.9986295347545738 0
    outer loop
      vertex -16 9.65 3.35
      vertex -16 9.65 4.15
      vertex -14.991300329467144 9.597136290303837 3.35
    endloop
  endfacet
  facet normal 0.15643446504022893 0.9876883405951381 0
    outer loop
      vertex -14.991300329467144 9.597136290303837 3.35
      vertex -14.991300329467144 9.597136290303837 4.15
      vertex -13.993652183608623 9.439124347081226 3.35
    endloop
  endfacet
  facet normal 0.052335956242945014 0.9986295347545738 -2.0112543160594613e-18
    outer loop
      vertex -16 9.65 4.15
      vertex -14.991300329467144 9.597136290303837 4.15
      vertex -14.991300329467144 9.597136290303837 3.35
    endloop
  endfacet
  facet normal 0.15643446504022893 0.9876883405951381 7.266601069725999e-18
    outer loop
      vertex -14.991300329467144 9.597136290303837 4.15
      vertex -13.993652183608623 9.439124347081226 4.15
      vertex -13.993652183608623 9.439124347081226 3.35
    endloop
  endfacet
  facet normal -0.7771459614569713 0.6293203910498368 1.9248527559255504e-17
    outer loop
      vertex -23.807013995718243 5.672127684622366 4.95
      vertex -23.171347565856856 6.457110351362982 5.5
      vertex -23.171347565856856 6.457110351362982 4.95
    endloop
  endfacet
  facet normal -0.7071067811865467 0.7071067811865483 0
    outer loop
      vertex -23.171347565856856 6.457110351362982 4.95
      vertex -23.171347565856856 6.457110351362982 5.5
      vertex -22.45711035136298 7.171347565856855 5.5
    endloop
  endfacet
  facet normal -0.7071067811865467 0.7071067811865483 -6.367579188713197e-17
    outer loop
      vertex -23.171347565856856 6.457110351362982 4.95
      vertex -22.45711035136298 7.171347565856855 5.5
      vertex -22.45711035136298 7.171347565856855 4.95
    endloop
  endfacet
  facet normal -0.6293203910498386 0.7771459614569698 0
    outer loop
      vertex -22.45711035136298 7.171347565856855 4.95
      vertex -22.45711035136298 7.171347565856855 5.5
      vertex -21.672127684622367 7.807013995718243 5.5
    endloop
  endfacet
  facet normal -0.6293203910498386 0.7771459614569698 2.4018196265391257e-17
    outer loop
      vertex -22.45711035136298 7.171347565856855 4.95
      vertex -21.672127684622367 7.807013995718243 5.5
      vertex -21.672127684622367 7.807013995718243 4.95
    endloop
  endfacet
  facet normal -0.544639035015026 0.8386705679454248 -4.520689705448715e-17
    outer loop
      vertex -21.672127684622367 7.807013995718243 4.95
      vertex -20.825 8.357145146519834 5.5
      vertex -20.825 8.357145146519834 4.95
    endloop
  endfacet
  facet normal -0.544639035015026 0.8386705679454248 0
    outer loop
      vertex -21.672127684622367 7.807013995718243 4.95
      vertex -21.672127684622367 7.807013995718243 5.5
      vertex -20.825 8.357145146519834 5.5
    endloop
  endfacet
  facet normal -0.4539904997395474 0.8910065241883675 0
    outer loop
      vertex -20.825 8.357145146519834 4.95
      vertex -20.825 8.357145146519834 5.5
      vertex -19.925008605681473 8.8157136662511 5.5
    endloop
  endfacet
  facet normal -0.4539904997395474 0.8910065241883675 -7.088048235776827e-18
    outer loop
      vertex -20.825 8.357145146519834 4.95
      vertex -19.925008605681473 8.8157136662511 5.5
      vertex -19.925008605681473 8.8157136662511 4.95
    endloop
  endfacet
  facet normal -0.35836794954529805 0.9335804264972026 0
    outer loop
      vertex -19.925008605681473 8.8157136662511 4.95
      vertex -19.925008605681473 8.8157136662511 5.5
      vertex -18.98201399571824 9.177695382248231 5.5
    endloop
  endfacet
  facet normal -0.35836794954529805 0.9335804264972026 5.466407601606425e-18
    outer loop
      vertex -19.925008605681473 8.8157136662511 4.95
      vertex -18.98201399571824 9.177695382248231 5.5
      vertex -18.98201399571824 9.177695382248231 4.95
    endloop
  endfacet
  facet normal -0.2588190451025235 0.9659258262890675 0
    outer loop
      vertex -18.98201399571824 9.177695382248231 4.95
      vertex -18.98201399571824 9.177695382248231 5.5
      vertex -18.00634781639138 9.439124347081226 5.5
    endloop
  endfacet
  facet normal -0.2588190451025235 0.9659258262890675 -4.1006276001890215e-17
    outer loop
      vertex -18.98201399571824 9.177695382248231 4.95
      vertex -18.00634781639138 9.439124347081226 5.5
      vertex -18.00634781639138 9.439124347081226 4.95
    endloop
  endfacet
  facet normal -0.15643446504022862 0.9876883405951381 0
    outer loop
      vertex -18.00634781639138 9.439124347081226 4.95
      vertex -18.00634781639138 9.439124347081226 5.5
      vertex -17.008699670532856 9.597136290303837 5.5
    endloop
  endfacet
  facet normal -0.15643446504022862 0.9876883405951381 -4.935794624979877e-18
    outer loop
      vertex -18.00634781639138 9.439124347081226 4.95
      vertex -17.008699670532856 9.597136290303837 5.5
      vertex -17.008699670532856 9.597136290303837 4.95
    endloop
  endfacet
  facet normal -0.052335956242945014 0.9986295347545737 0
    outer loop
      vertex -17.008699670532856 9.597136290303837 4.95
      vertex -17.008699670532856 9.597136290303837 5.5
      vertex -16 9.65 5.5
    endloop
  endfacet
  facet normal -0.052335956242945014 0.9986295347545737 2.925460823359218e-18
    outer loop
      vertex -17.008699670532856 9.597136290303837 4.95
      vertex -16 9.65 5.5
      vertex -16 9.65 4.95
    endloop
  endfacet
  facet normal 0.052335956242945014 0.9986295347545737 -2.925460823359218e-18
    outer loop
      vertex -16 9.65 4.95
      vertex -14.991300329467144 9.597136290303837 5.5
      vertex -14.991300329467144 9.597136290303837 4.95
    endloop
  endfacet
  facet normal 0.052335956242945014 0.9986295347545737 0
    outer loop
      vertex -16 9.65 4.95
      vertex -16 9.65 5.5
      vertex -14.991300329467144 9.597136290303837 5.5
    endloop
  endfacet
  facet normal 0.1564344650402289 0.987688340595138 1.0569601555965094e-17
    outer loop
      vertex -14.991300329467144 9.597136290303837 4.95
      vertex -13.993652183608623 9.439124347081226 5.5
      vertex -13.993652183608623 9.439124347081226 4.95
    endloop
  endfacet
  facet normal 0.1564344650402289 0.987688340595138 0
    outer loop
      vertex -14.991300329467144 9.597136290303837 4.95
      vertex -14.991300329467144 9.597136290303837 5.5
      vertex -13.993652183608623 9.439124347081226 5.5
    endloop
  endfacet
  facet normal 0 0 -1
    outer loop
      vertex -12.29179606750063 1.4944007698655186 0
      vertex -12.29179606750063 4.678834062725139 0
      vertex -12.232977688119599 1.4355823904844853 0
    endloop
  endfacet
  facet normal 0 0 -1
    outer loop
      vertex -12.586424703869696 1.7890294062345824 0
      vertex -12.587433907569823 1.7900386099347103 0
      vertex -12.29179606750063 4.678834062725139 0
    endloop
  endfacet
  facet normal 0 0 -1
    outer loop
      vertex -12.787602296205247 1.9521317750020488 0
      vertex -12.29179606750063 4.678834062725139 0
      vertex -12.587433907569823 1.7900386099347103 0
    endloop
  endfacet
  facet normal 0 0 -1
    outer loop
      vertex -10.327872315377634 4.136128379570689 0
      vertex -10.544637618580499 0 0
      vertex -10.614267945625606 0 0
    endloop
  endfacet
  facet normal 0 0 -1
    outer loop
      vertex -8.946576972490323 4.206976116323251 0
      vertex -9.373432896505676 0 0
      vertex -9.455362381419501 0 0
    endloop
  endfacet
  facet normal 0 0 -1
    outer loop
      vertex -12.787602296205247 1.9521317750020488 0
      vertex -12.420937650818878 8.94850999217672 0
      vertex -12.29179606750063 4.678834062725139 0
    endloop
  endfacet
  facet normal 0 0 -1
    outer loop
      vertex -8.946576972490323 4.206976116323251 0
      vertex -9.455362381419501 0 0
      vertex -9.102602455086828 6.731060372306666 0
    endloop
  endfacet
  facet normal 0.9335804264972022 0.3583679495452989 0
    outer loop
      vertex -7.184286333748901 3.925008605681472 2
      vertex -7.184286333748901 3.925008605681472 2.55
      vertex -6.822304617751769 2.9820139957182423 2
    endloop
  endfacet
  facet normal 0.891006524188368 0.4539904997395468 3.964329369974512e-17
    outer loop
      vertex -7.184286333748901 3.925008605681472 2
      vertex -7.642854853480166 4.825 2
      vertex -7.642854853480166 4.825 2.55
    endloop
  endfacet
  facet normal 0.8386705679454239 0.5446390350150272 0
    outer loop
      vertex -8.192986004281757 5.672127684622366 2
      vertex -8.192986004281757 5.672127684622366 2.55
      vertex -7.642854853480166 4.825 2
    endloop
  endfacet
  facet normal 0.891006524188368 0.4539904997395468 0
    outer loop
      vertex -7.184286333748901 3.925008605681472 2
      vertex -7.642854853480166 4.825 2.55
      vertex -7.184286333748901 3.925008605681472 2.55
    endloop
  endfacet
  facet normal 0.9335804264972023 0.35836794954529894 0
    outer loop
      vertex -7.184286333748901 3.925008605681472 3.35
      vertex -7.184286333748901 3.925008605681472 4.15
      vertex -6.822304617751769 2.9820139957182423 3.35
    endloop
  endfacet
  facet normal 0.8910065241883679 0.45399049973954675 0
    outer loop
      vertex -7.184286333748901 3.925008605681472 3.35
      vertex -7.642854853480166 4.825 4.15
      vertex -7.184286333748901 3.925008605681472 4.15
    endloop
  endfacet
  facet normal 0.8386705679454239 0.5446390350150272 0
    outer loop
      vertex -7.642854853480166 4.825 2
      vertex -8.192986004281757 5.672127684622366 2.55
      vertex -7.642854853480166 4.825 2.55
    endloop
  endfacet
  facet normal 0.7771459614569713 0.6293203910498368 0
    outer loop
      vertex -8.192986004281757 5.672127684622366 2
      vertex -8.828652434143144 6.457110351362982 2.55
      vertex -8.192986004281757 5.672127684622366 2.55
    endloop
  endfacet
  facet normal 0.8910065241883679 0.45399049973954675 2.7254764418574748e-17
    outer loop
      vertex -7.184286333748901 3.925008605681472 3.35
      vertex -7.642854853480166 4.825 3.35
      vertex -7.642854853480166 4.825 4.15
    endloop
  endfacet
  facet normal 0.838670567945424 0.5446390350150271 -9.705524965704625e-18
    outer loop
      vertex -8.192986004281757 5.672127684622366 4.15
      vertex -7.642854853480166 4.825 4.15
      vertex -7.642854853480166 4.825 3.35
    endloop
  endfacet
  facet normal 0.838670567945424 0.5446390350150271 0
    outer loop
      vertex -8.192986004281757 5.672127684622366 3.35
      vertex -8.192986004281757 5.672127684622366 4.15
      vertex -7.642854853480166 4.825 3.35
    endloop
  endfacet
  facet normal 0.7771459614569713 0.629320391049837 0
    outer loop
      vertex -8.192986004281757 5.672127684622366 3.35
      vertex -8.828652434143144 6.457110351362982 4.15
      vertex -8.192986004281757 5.672127684622366 4.15
    endloop
  endfacet
  facet normal 0.9986295347545737 0.052335956242945 0
    outer loop
      vertex -6.402863709696163 1.0086996705328561 2
      vertex -6.402863709696163 1.0086996705328561 2.55
      vertex -6.35 0 2
    endloop
  endfacet
  facet normal 0.987688340595138 0.15643446504022887 -2.624844223139338e-18
    outer loop
      vertex -6.402863709696163 1.0086996705328561 2
      vertex -6.560875652918774 2.006347816391378 2
      vertex -6.560875652918774 2.006347816391378 2.55
    endloop
  endfacet
  facet normal 0.9659258262890678 0.25881904510252274 -2.2945851292369337e-17
    outer loop
      vertex -6.560875652918774 2.006347816391378 2
      vertex -6.822304617751769 2.9820139957182423 2
      vertex -6.822304617751769 2.9820139957182423 2.55
    endloop
  endfacet
  facet normal 0.9986295347545737 0.052335956242945 9.260394978515983e-19
    outer loop
      vertex -6.402863709696163 1.0086996705328561 2.55
      vertex -6.35 0 2.55
      vertex -6.35 0 2
    endloop
  endfacet
  facet normal 0.987688340595138 0.15643446504022887 0
    outer loop
      vertex -6.402863709696163 1.0086996705328561 2
      vertex -6.560875652918774 2.006347816391378 2.55
      vertex -6.402863709696163 1.0086996705328561 2.55
    endloop
  endfacet
  facet normal 0.9986295347545739 0.052335956242945014 0
    outer loop
      vertex -6.402863709696163 1.0086996705328561 3.35
      vertex -6.402863709696163 1.0086996705328561 4.15
      vertex -6.35 0 3.35
    endloop
  endfacet
  facet normal 0.9986295347545739 0.052335956242945014 6.366521547729736e-19
    outer loop
      vertex -6.402863709696163 1.0086996705328561 4.15
      vertex -6.35 0 4.15
      vertex -6.35 0 3.35
    endloop
  endfacet
  facet normal 0.987688340595138 0.15643446504022887 0
    outer loop
      vertex -6.402863709696163 1.0086996705328561 3.35
      vertex -6.560875652918774 2.006347816391378 4.15
      vertex -6.402863709696163 1.0086996705328561 4.15
    endloop
  endfacet
  facet normal 0.9659258262890678 0.25881904510252274 0
    outer loop
      vertex -6.560875652918774 2.006347816391378 2
      vertex -6.822304617751769 2.9820139957182423 2.55
      vertex -6.560875652918774 2.006347816391378 2.55
    endloop
  endfacet
  facet normal 0.987688340595138 0.15643446504022887 -1.804580403408294e-18
    outer loop
      vertex -6.402863709696163 1.0086996705328561 3.35
      vertex -6.560875652918774 2.006347816391378 3.35
      vertex -6.560875652918774 2.006347816391378 4.15
    endloop
  endfacet
  facet normal 0.9659258262890676 0.2588190451025227 -1.5775272763503906e-17
    outer loop
      vertex -6.560875652918774 2.006347816391378 3.35
      vertex -6.822304617751769 2.9820139957182423 3.35
      vertex -6.822304617751769 2.9820139957182423 4.15
    endloop
  endfacet
  facet normal 0.9659258262890676 0.2588190451025227 0
    outer loop
      vertex -6.560875652918774 2.006347816391378 3.35
      vertex -6.822304617751769 2.9820139957182423 4.15
      vertex -6.560875652918774 2.006347816391378 4.15
    endloop
  endfacet
  facet normal 0.9335804264972022 0.3583679495452989 3.201647934867361e-17
    outer loop
      vertex -7.184286333748901 3.925008605681472 2.55
      vertex -6.822304617751769 2.9820139957182423 2.55
      vertex -6.822304617751769 2.9820139957182423 2
    endloop
  endfacet
  facet normal 0.9335804264972023 0.35836794954529894 2.201132955221309e-17
    outer loop
      vertex -7.184286333748901 3.925008605681472 4.15
      vertex -6.822304617751769 2.9820139957182423 4.15
      vertex -6.822304617751769 2.9820139957182423 3.35
    endloop
  endfacet
  facet normal 0.9335804264972022 0.3583679495452989 0
    outer loop
      vertex -7.184286333748901 3.925008605681472 4.95
      vertex -7.184286333748901 3.925008605681472 5.5
      vertex -6.822304617751769 2.9820139957182423 5.5
    endloop
  endfacet
  facet normal 0.891006524188368 0.4539904997395468 0
    outer loop
      vertex -7.184286333748901 3.925008605681472 4.95
      vertex -7.642854853480166 4.825 4.95
      vertex -7.184286333748901 3.925008605681472 5.5
    endloop
  endfacet
  facet normal 0.891006524188368 0.4539904997395468 3.964329369974512e-17
    outer loop
      vertex -7.184286333748901 3.925008605681472 5.5
      vertex -7.642854853480166 4.825 4.95
      vertex -7.642854853480166 4.825 5.5
    endloop
  endfacet
  facet normal 0.8386705679454239 0.5446390350150272 -1.41171272228431e-17
    outer loop
      vertex -8.192986004281757 5.672127684622366 4.95
      vertex -7.642854853480166 4.825 5.5
      vertex -7.642854853480166 4.825 4.95
    endloop
  endfacet
  facet normal 0.8386705679454239 0.5446390350150272 0
    outer loop
      vertex -8.192986004281757 5.672127684622366 4.95
      vertex -8.192986004281757 5.672127684622366 5.5
      vertex -7.642854853480166 4.825 5.5
    endloop
  endfacet
  facet normal 0.7771459614569713 0.6293203910498368 0
    outer loop
      vertex -8.192986004281757 5.672127684622366 4.95
      vertex -8.828652434143144 6.457110351362982 4.95
      vertex -8.192986004281757 5.672127684622366 5.5
    endloop
  endfacet
  facet normal 0.9986295347545737 0.052335956242945 9.260394978515983e-19
    outer loop
      vertex -6.402863709696163 1.0086996705328561 4.95
      vertex -6.35 0 5.5
      vertex -6.35 0 4.95
    endloop
  endfacet
  facet normal 0.9986295347545737 0.052335956242945 0
    outer loop
      vertex -6.402863709696163 1.0086996705328561 4.95
      vertex -6.402863709696163 1.0086996705328561 5.5
      vertex -6.35 0 5.5
    endloop
  endfacet
  facet normal 0.987688340595138 0.15643446504022887 0
    outer loop
      vertex -6.402863709696163 1.0086996705328561 4.95
      vertex -6.560875652918774 2.006347816391378 4.95
      vertex -6.402863709696163 1.0086996705328561 5.5
    endloop
  endfacet
  facet normal 0.987688340595138 0.15643446504022887 -2.624844223139338e-18
    outer loop
      vertex -6.402863709696163 1.0086996705328561 5.5
      vertex -6.560875652918774 2.006347816391378 4.95
      vertex -6.560875652918774 2.006347816391378 5.5
    endloop
  endfacet
  facet normal 0.9659258262890678 0.25881904510252274 0
    outer loop
      vertex -6.560875652918774 2.006347816391378 4.95
      vertex -6.822304617751769 2.9820139957182423 4.95
      vertex -6.560875652918774 2.006347816391378 5.5
    endloop
  endfacet
  facet normal 0.9659258262890678 0.25881904510252274 0
    outer loop
      vertex -6.822304617751769 2.9820139957182423 4.95
      vertex -6.822304617751769 2.9820139957182423 5.5
      vertex -6.560875652918774 2.006347816391378 5.5
    endloop
  endfacet
  facet normal 0.9335804264972022 0.3583679495452989 3.201647934867361e-17
    outer loop
      vertex -7.184286333748901 3.925008605681472 4.95
      vertex -6.822304617751769 2.9820139957182423 5.5
      vertex -6.822304617751769 2.9820139957182423 4.95
    endloop
  endfacet
  facet normal 0.5446390350150268 0.8386705679454242 0
    outer loop
      vertex -11.175 8.357145146519834 2
      vertex -11.175 8.357145146519834 2.55
      vertex -10.327872315377634 7.807013995718243 2
    endloop
  endfacet
  facet normal 0.4539904997395474 0.8910065241883675 0
    outer loop
      vertex -12.074991394318527 8.8157136662511 2
      vertex -12.074991394318527 8.8157136662511 2.55
      vertex -11.175 8.357145146519834 2
    endloop
  endfacet
  facet normal 0.7071067811865467 0.7071067811865483 0
    outer loop
      vertex -9.542889648637018 7.171347565856855 2
      vertex -9.542889648637018 7.171347565856855 2.55
      vertex -8.828652434143144 6.457110351362982 2
    endloop
  endfacet
  facet normal 0.7771459614569713 0.6293203910498368 -1.9248527559255504e-17
    outer loop
      vertex -8.192986004281757 5.672127684622366 2
      vertex -8.828652434143144 6.457110351362982 2
      vertex -8.828652434143144 6.457110351362982 2.55
    endloop
  endfacet
  facet normal 0.629320391049838 0.7771459614569707 0
    outer loop
      vertex -10.327872315377634 7.807013995718243 2
      vertex -10.327872315377634 7.807013995718243 2.55
      vertex -9.542889648637018 7.171347565856855 2
    endloop
  endfacet
  facet normal 0.35836794954529855 0.9335804264972023 -4.7092322502653185e-17
    outer loop
      vertex -13.017986004281758 9.177695382248231 2.55
      vertex -12.074991394318527 8.8157136662511 2.55
      vertex -12.074991394318527 8.8157136662511 2
    endloop
  endfacet
  facet normal 0.5446390350150268 0.8386705679454242 0
    outer loop
      vertex -10.327872315377634 7.807013995718243 2
      vertex -11.175 8.357145146519834 2.55
      vertex -10.327872315377634 7.807013995718243 2.55
    endloop
  endfacet
  facet normal 0.4539904997395474 0.8910065241883675 0
    outer loop
      vertex -11.175 8.357145146519834 2
      vertex -12.074991394318527 8.8157136662511 2.55
      vertex -11.175 8.357145146519834 2.55
    endloop
  endfacet
  facet normal 0.3583679495452986 0.9335804264972023 -3.237597172057405e-17
    outer loop
      vertex -13.017986004281758 9.177695382248231 4.15
      vertex -12.074991394318527 8.8157136662511 4.15
      vertex -12.074991394318527 8.8157136662511 3.35
    endloop
  endfacet
  facet normal 0.5446390350150268 0.8386705679454243 0
    outer loop
      vertex -11.175 8.357145146519834 3.35
      vertex -11.175 8.357145146519834 4.15
      vertex -10.327872315377634 7.807013995718243 3.35
    endloop
  endfacet
  facet normal 0.5446390350150268 0.8386705679454243 3.889563931183568e-18
    outer loop
      vertex -11.175 8.357145146519834 4.15
      vertex -10.327872315377634 7.807013995718243 4.15
      vertex -10.327872315377634 7.807013995718243 3.35
    endloop
  endfacet
  facet normal 0.4539904997395475 0.8910065241883676 0
    outer loop
      vertex -12.074991394318527 8.8157136662511 3.35
      vertex -12.074991394318527 8.8157136662511 4.15
      vertex -11.175 8.357145146519834 3.35
    endloop
  endfacet
  facet normal 0.4539904997395475 0.8910065241883676 4.873033162096566e-18
    outer loop
      vertex -12.074991394318527 8.8157136662511 4.15
      vertex -11.175 8.357145146519834 4.15
      vertex -11.175 8.357145146519834 3.35
    endloop
  endfacet
  facet normal 0.7071067811865467 0.7071067811865483 0
    outer loop
      vertex -8.828652434143144 6.457110351362982 2
      vertex -9.542889648637018 7.171347565856855 2.55
      vertex -8.828652434143144 6.457110351362982 2.55
    endloop
  endfacet
  facet normal 0.629320391049838 0.7771459614569707 4.1797693045426786e-17
    outer loop
      vertex -10.327872315377634 7.807013995718243 2.55
      vertex -9.542889648637018 7.171347565856855 2.55
      vertex -9.542889648637018 7.171347565856855 2
    endloop
  endfacet
  facet normal 0.7071067811865466 0.7071067811865485 4.377710692240319e-17
    outer loop
      vertex -9.542889648637018 7.171347565856855 4.15
      vertex -8.828652434143144 6.457110351362982 4.15
      vertex -8.828652434143144 6.457110351362982 3.35
    endloop
  endfacet
  facet normal 0.7071067811865466 0.7071067811865485 0
    outer loop
      vertex -9.542889648637018 7.171347565856855 3.35
      vertex -9.542889648637018 7.171347565856855 4.15
      vertex -8.828652434143144 6.457110351362982 3.35
    endloop
  endfacet
  facet normal 0.629320391049838 0.7771459614569706 2.87359139687309e-17
    outer loop
      vertex -10.327872315377634 7.807013995718243 4.15
      vertex -9.542889648637018 7.171347565856855 4.15
      vertex -9.542889648637018 7.171347565856855 3.35
    endloop
  endfacet
  facet normal 0.7771459614569713 0.629320391049837 -1.323336269698815e-17
    outer loop
      vertex -8.192986004281757 5.672127684622366 3.35
      vertex -8.828652434143144 6.457110351362982 3.35
      vertex -8.828652434143144 6.457110351362982 4.15
    endloop
  endfacet
  facet normal 0.629320391049838 0.7771459614569706 0
    outer loop
      vertex -10.327872315377634 7.807013995718243 3.35
      vertex -10.327872315377634 7.807013995718243 4.15
      vertex -9.542889648637018 7.171347565856855 3.35
    endloop
  endfacet
  facet normal 0.2588190451025226 0.9659258262890679 0
    outer loop
      vertex -13.993652183608623 9.439124347081226 2
      vertex -13.993652183608623 9.439124347081226 2.55
      vertex -13.017986004281758 9.177695382248231 2
    endloop
  endfacet
  facet normal 0.35836794954529855 0.9335804264972023 0
    outer loop
      vertex -13.017986004281758 9.177695382248231 2
      vertex -13.017986004281758 9.177695382248231 2.55
      vertex -12.074991394318527 8.8157136662511 2
    endloop
  endfacet
  facet normal 0.2588190451025226 0.9659258262890679 0
    outer loop
      vertex -13.017986004281758 9.177695382248231 2
      vertex -13.993652183608623 9.439124347081226 2.55
      vertex -13.017986004281758 9.177695382248231 2.55
    endloop
  endfacet
  facet normal 0.2588190451025226 0.9659258262890678 0
    outer loop
      vertex -13.993652183608623 9.439124347081226 3.35
      vertex -13.993652183608623 9.439124347081226 4.15
      vertex -13.017986004281758 9.177695382248231 3.35
    endloop
  endfacet
  facet normal 0.3583679495452986 0.9335804264972023 0
    outer loop
      vertex -13.017986004281758 9.177695382248231 3.35
      vertex -13.017986004281758 9.177695382248231 4.15
      vertex -12.074991394318527 8.8157136662511 3.35
    endloop
  endfacet
  facet normal 0.2588190451025226 0.9659258262890678 -2.205628526561866e-17
    outer loop
      vertex -13.993652183608623 9.439124347081226 4.15
      vertex -13.017986004281758 9.177695382248231 4.15
      vertex -13.017986004281758 9.177695382248231 3.35
    endloop
  endfacet
  facet normal 0.35836794954529855 0.9335804264972023 -4.7092322502653185e-17
    outer loop
      vertex -13.017986004281758 9.177695382248231 4.95
      vertex -12.074991394318527 8.8157136662511 5.5
      vertex -12.074991394318527 8.8157136662511 4.95
    endloop
  endfacet
  facet normal 0.5446390350150268 0.8386705679454242 5.657547536267012e-18
    outer loop
      vertex -11.175 8.357145146519834 4.95
      vertex -10.327872315377634 7.807013995718243 5.5
      vertex -10.327872315377634 7.807013995718243 4.95
    endloop
  endfacet
  facet normal 0.5446390350150268 0.8386705679454242 0
    outer loop
      vertex -11.175 8.357145146519834 4.95
      vertex -11.175 8.357145146519834 5.5
      vertex -10.327872315377634 7.807013995718243 5.5
    endloop
  endfacet
  facet normal 0.4539904997395474 0.8910065241883675 7.088048235776827e-18
    outer loop
      vertex -12.074991394318527 8.8157136662511 4.95
      vertex -11.175 8.357145146519834 5.5
      vertex -11.175 8.357145146519834 4.95
    endloop
  endfacet
  facet normal 0.4539904997395474 0.8910065241883675 0
    outer loop
      vertex -12.074991394318527 8.8157136662511 4.95
      vertex -12.074991394318527 8.8157136662511 5.5
      vertex -11.175 8.357145146519834 5.5
    endloop
  endfacet
  facet normal 0.7071067811865467 0.7071067811865483 6.367579188713197e-17
    outer loop
      vertex -9.542889648637018 7.171347565856855 4.95
      vertex -8.828652434143144 6.457110351362982 5.5
      vertex -8.828652434143144 6.457110351362982 4.95
    endloop
  endfacet
  facet normal 0.629320391049838 0.7771459614569707 4.1797693045426786e-17
    outer loop
      vertex -10.327872315377634 7.807013995718243 4.95
      vertex -9.542889648637018 7.171347565856855 5.5
      vertex -9.542889648637018 7.171347565856855 4.95
    endloop
  endfacet
  facet normal 0.7071067811865467 0.7071067811865483 0
    outer loop
      vertex -9.542889648637018 7.171347565856855 4.95
      vertex -9.542889648637018 7.171347565856855 5.5
      vertex -8.828652434143144 6.457110351362982 5.5
    endloop
  endfacet
  facet normal 0.7771459614569713 0.6293203910498368 -1.9248527559255504e-17
    outer loop
      vertex -8.192986004281757 5.672127684622366 5.5
      vertex -8.828652434143144 6.457110351362982 4.95
      vertex -8.828652434143144 6.457110351362982 5.5
    endloop
  endfacet
  facet normal 0.629320391049838 0.7771459614569707 0
    outer loop
      vertex -10.327872315377634 7.807013995718243 4.95
      vertex -10.327872315377634 7.807013995718243 5.5
      vertex -9.542889648637018 7.171347565856855 5.5
    endloop
  endfacet
  facet normal 0.2588190451025226 0.9659258262890679 -3.208186947726353e-17
    outer loop
      vertex -13.993652183608623 9.439124347081226 4.95
      vertex -13.017986004281758 9.177695382248231 5.5
      vertex -13.017986004281758 9.177695382248231 4.95
    endloop
  endfacet
  facet normal 0.2588190451025226 0.9659258262890679 0
    outer loop
      vertex -13.993652183608623 9.439124347081226 4.95
      vertex -13.993652183608623 9.439124347081226 5.5
      vertex -13.017986004281758 9.177695382248231 5.5
    endloop
  endfacet
  facet normal 0.35836794954529855 0.9335804264972023 0
    outer loop
      vertex -13.017986004281758 9.177695382248231 4.95
      vertex -13.017986004281758 9.177695382248231 5.5
      vertex -12.074991394318527 8.8157136662511 5.5
    endloop
  endfacet
  facet normal -0.35836794954529855 -0.9335804264972023 -4.7092322502653185e-17
    outer loop
      vertex 12.074991394318527 -8.8157136662511 2
      vertex 13.017986004281758 -9.177695382248231 2
      vertex 13.017986004281758 -9.177695382248231 2.55
    endloop
  endfacet
  facet normal -0.2588190451025226 -0.9659258262890679 -3.208186947726353e-17
    outer loop
      vertex 13.017986004281758 -9.177695382248231 2
      vertex 13.993652183608623 -9.439124347081226 2
      vertex 13.993652183608623 -9.439124347081226 2.55
    endloop
  endfacet
  facet normal -0.2588190451025226 -0.9659258262890679 0
    outer loop
      vertex 13.017986004281758 -9.177695382248231 2
      vertex 13.993652183608623 -9.439124347081226 2.55
      vertex 13.017986004281758 -9.177695382248231 2.55
    endloop
  endfacet
  facet normal -0.3583679495452986 -0.9335804264972023 -3.237597172057405e-17
    outer loop
      vertex 12.074991394318527 -8.8157136662511 3.35
      vertex 13.017986004281758 -9.177695382248231 3.35
      vertex 13.017986004281758 -9.177695382248231 4.15
    endloop
  endfacet
  facet normal -0.2588190451025226 -0.9659258262890678 -2.205628526561866e-17
    outer loop
      vertex 13.017986004281758 -9.177695382248231 3.35
      vertex 13.993652183608623 -9.439124347081226 3.35
      vertex 13.993652183608623 -9.439124347081226 4.15
    endloop
  endfacet
  facet normal -0.2588190451025226 -0.9659258262890678 0
    outer loop
      vertex 13.017986004281758 -9.177695382248231 3.35
      vertex 13.993652183608623 -9.439124347081226 4.15
      vertex 13.017986004281758 -9.177695382248231 4.15
    endloop
  endfacet
  facet normal -0.629320391049838 -0.7771459614569707 4.1797693045426786e-17
    outer loop
      vertex 9.542889648637018 -7.171347565856855 2
      vertex 10.327872315377634 -7.807013995718243 2
      vertex 10.327872315377634 -7.807013995718243 2.55
    endloop
  endfacet
  facet normal 0 0 -1
    outer loop
      vertex 10 -7.541508229798757 0
      vertex 10.327872315377634 -4.136128379570689 0
      vertex 10.143321501081434 -7.657567692988043 0
    endloop
  endfacet
  facet normal -0.7771459614569713 -0.6293203910498368 0
    outer loop
      vertex 8.828652434143144 -6.457110351362982 2
      vertex 8.828652434143144 -6.457110351362982 2.55
      vertex 8.192986004281757 -5.672127684622366 2
    endloop
  endfacet
  facet normal -0.7071067811865467 -0.7071067811865483 6.367579188713197e-17
    outer loop
      vertex 8.828652434143144 -6.457110351362982 2
      vertex 9.542889648637018 -7.171347565856855 2
      vertex 9.542889648637018 -7.171347565856855 2.55
    endloop
  endfacet
  facet normal 0 0 -1
    outer loop
      vertex 13.505059710186888 -9.308206388399945 0
      vertex 13.775238803106175 -6.58244700664634 0
      vertex 13.63062454748481 -9.341851385151669 0
    endloop
  endfacet
  facet normal 0 0 -1
    outer loop
      vertex 12.29179606750063 -8.898937182913317 0
      vertex 12.586514315661008 -5.789119018025895 0
      vertex 12.420937650818878 -8.94850999217672 0
    endloop
  endfacet
  facet normal -0.4539904997395474 -0.8910065241883675 7.088048235776827e-18
    outer loop
      vertex 11.175 -8.357145146519834 2
      vertex 12.074991394318527 -8.8157136662511 2
      vertex 12.074991394318527 -8.8157136662511 2.55
    endloop
  endfacet
  facet normal -0.5446390350150268 -0.8386705679454242 5.657547536267012e-18
    outer loop
      vertex 10.327872315377634 -7.807013995718243 2
      vertex 11.175 -8.357145146519834 2
      vertex 11.175 -8.357145146519834 2.55
    endloop
  endfacet
  facet normal 0 0 -1
    outer loop
      vertex 13.505059710186888 -9.308206388399945 0
      vertex 13.505059710186888 -6.444783882882644 0
      vertex 13.775238803106175 -6.58244700664634 0
    endloop
  endfacet
  facet normal 0 0 -1
    outer loop
      vertex 12.29179606750063 -8.898937182913317 0
      vertex 12.29179606750063 -5.494400769865519 0
      vertex 12.586514315661008 -5.789119018025895 0
    endloop
  endfacet
  facet normal -0.629320391049838 -0.7771459614569706 2.87359139687309e-17
    outer loop
      vertex 9.542889648637018 -7.171347565856855 3.35
      vertex 10.327872315377634 -7.807013995718243 3.35
      vertex 10.327872315377634 -7.807013995718243 4.15
    endloop
  endfacet
  facet normal -0.629320391049838 -0.7771459614569707 0
    outer loop
      vertex 9.542889648637018 -7.171347565856855 2
      vertex 10.327872315377634 -7.807013995718243 2.55
      vertex 9.542889648637018 -7.171347565856855 2.55
    endloop
  endfacet
  facet normal -0.7071067811865467 -0.7071067811865483 0
    outer loop
      vertex 8.828652434143144 -6.457110351362982 2
      vertex 9.542889648637018 -7.171347565856855 2.55
      vertex 8.828652434143144 -6.457110351362982 2.55
    endloop
  endfacet
  facet normal -0.7771459614569713 -0.629320391049837 0
    outer loop
      vertex 8.828652434143144 -6.457110351362982 3.35
      vertex 8.828652434143144 -6.457110351362982 4.15
      vertex 8.192986004281757 -5.672127684622366 3.35
    endloop
  endfacet
  facet normal -0.7071067811865466 -0.7071067811865485 4.377710692240319e-17
    outer loop
      vertex 8.828652434143144 -6.457110351362982 3.35
      vertex 9.542889648637018 -7.171347565856855 3.35
      vertex 9.542889648637018 -7.171347565856855 4.15
    endloop
  endfacet
  facet normal -0.629320391049838 -0.7771459614569706 0
    outer loop
      vertex 9.542889648637018 -7.171347565856855 3.35
      vertex 10.327872315377634 -7.807013995718243 4.15
      vertex 9.542889648637018 -7.171347565856855 4.15
    endloop
  endfacet
  facet normal -0.7071067811865466 -0.7071067811865485 0
    outer loop
      vertex 8.828652434143144 -6.457110351362982 3.35
      vertex 9.542889648637018 -7.171347565856855 4.15
      vertex 8.828652434143144 -6.457110351362982 4.15
    endloop
  endfacet
  facet normal -0.4539904997395474 -0.8910065241883675 0
    outer loop
      vertex 11.175 -8.357145146519834 2
      vertex 12.074991394318527 -8.8157136662511 2.55
      vertex 11.175 -8.357145146519834 2.55
    endloop
  endfacet
  facet normal -0.5446390350150268 -0.8386705679454242 0
    outer loop
      vertex 10.327872315377634 -7.807013995718243 2
      vertex 11.175 -8.357145146519834 2.55
      vertex 10.327872315377634 -7.807013995718243 2.55
    endloop
  endfacet
  facet normal -0.35836794954529855 -0.9335804264972023 0
    outer loop
      vertex 12.074991394318527 -8.8157136662511 2
      vertex 13.017986004281758 -9.177695382248231 2.55
      vertex 12.074991394318527 -8.8157136662511 2.55
    endloop
  endfacet
  facet normal -0.4539904997395475 -0.8910065241883676 4.873033162096566e-18
    outer loop
      vertex 11.175 -8.357145146519834 3.35
      vertex 12.074991394318527 -8.8157136662511 3.35
      vertex 12.074991394318527 -8.8157136662511 4.15
    endloop
  endfacet
  facet normal -0.4539904997395475 -0.8910065241883676 0
    outer loop
      vertex 11.175 -8.357145146519834 3.35
      vertex 12.074991394318527 -8.8157136662511 4.15
      vertex 11.175 -8.357145146519834 4.15
    endloop
  endfacet
  facet normal -0.5446390350150268 -0.8386705679454243 3.889563931183568e-18
    outer loop
      vertex 10.327872315377634 -7.807013995718243 3.35
      vertex 11.175 -8.357145146519834 3.35
      vertex 11.175 -8.357145146519834 4.15
    endloop
  endfacet
  facet normal -0.5446390350150268 -0.8386705679454243 0
    outer loop
      vertex 10.327872315377634 -7.807013995718243 3.35
      vertex 11.175 -8.357145146519834 4.15
      vertex 10.327872315377634 -7.807013995718243 4.15
    endloop
  endfacet
  facet normal -0.3583679495452986 -0.9335804264972023 0
    outer loop
      vertex 12.074991394318527 -8.8157136662511 3.35
      vertex 13.017986004281758 -9.177695382248231 4.15
      vertex 12.074991394318527 -8.8157136662511 4.15
    endloop
  endfacet
  facet normal -0.35836794954529855 -0.9335804264972023 -4.7092322502653185e-17
    outer loop
      vertex 12.074991394318527 -8.8157136662511 5.5
      vertex 13.017986004281758 -9.177695382248231 4.95
      vertex 13.017986004281758 -9.177695382248231 5.5
    endloop
  endfacet
  facet normal -0.2588190451025226 -0.9659258262890679 0
    outer loop
      vertex 13.017986004281758 -9.177695382248231 4.95
      vertex 13.993652183608623 -9.439124347081226 4.95
      vertex 13.017986004281758 -9.177695382248231 5.5
    endloop
  endfacet
  facet normal -0.2588190451025226 -0.9659258262890679 0
    outer loop
      vertex 13.993652183608623 -9.439124347081226 4.95
      vertex 13.993652183608623 -9.439124347081226 5.5
      vertex 13.017986004281758 -9.177695382248231 5.5
    endloop
  endfacet
  facet normal -0.629320391049838 -0.7771459614569707 4.1797693045426786e-17
    outer loop
      vertex 9.542889648637018 -7.171347565856855 5.5
      vertex 10.327872315377634 -7.807013995718243 4.95
      vertex 10.327872315377634 -7.807013995718243 5.5
    endloop
  endfacet
  facet normal -0.7771459614569713 -0.6293203910498368 0
    outer loop
      vertex 8.828652434143144 -6.457110351362982 4.95
      vertex 8.828652434143144 -6.457110351362982 5.5
      vertex 8.192986004281757 -5.672127684622366 5.5
    endloop
  endfacet
  facet normal -0.7071067811865467 -0.7071067811865483 0
    outer loop
      vertex 9.542889648637018 -7.171347565856855 4.95
      vertex 9.542889648637018 -7.171347565856855 5.5
      vertex 8.828652434143144 -6.457110351362982 5.5
    endloop
  endfacet
  facet normal -0.629320391049838 -0.7771459614569707 0
    outer loop
      vertex 9.542889648637018 -7.171347565856855 4.95
      vertex 10.327872315377634 -7.807013995718243 4.95
      vertex 9.542889648637018 -7.171347565856855 5.5
    endloop
  endfacet
  facet normal -0.7071067811865467 -0.7071067811865483 0
    outer loop
      vertex 8.828652434143144 -6.457110351362982 4.95
      vertex 9.542889648637018 -7.171347565856855 4.95
      vertex 8.828652434143144 -6.457110351362982 5.5
    endloop
  endfacet
  facet normal -0.4539904997395474 -0.8910065241883675 7.088048235776827e-18
    outer loop
      vertex 11.175 -8.357145146519834 5.5
      vertex 12.074991394318527 -8.8157136662511 4.95
      vertex 12.074991394318527 -8.8157136662511 5.5
    endloop
  endfacet
  facet normal -0.4539904997395474 -0.8910065241883675 0
    outer loop
      vertex 11.175 -8.357145146519834 4.95
      vertex 12.074991394318527 -8.8157136662511 4.95
      vertex 11.175 -8.357145146519834 5.5
    endloop
  endfacet
  facet normal -0.5446390350150268 -0.8386705679454242 0
    outer loop
      vertex 10.327872315377634 -7.807013995718243 4.95
      vertex 11.175 -8.357145146519834 4.95
      vertex 10.327872315377634 -7.807013995718243 5.5
    endloop
  endfacet
  facet normal -0.5446390350150268 -0.8386705679454242 0
    outer loop
      vertex 11.175 -8.357145146519834 4.95
      vertex 11.175 -8.357145146519834 5.5
      vertex 10.327872315377634 -7.807013995718243 5.5
    endloop
  endfacet
  facet normal -0.35836794954529855 -0.9335804264972023 0
    outer loop
      vertex 12.074991394318527 -8.8157136662511 4.95
      vertex 13.017986004281758 -9.177695382248231 4.95
      vertex 12.074991394318527 -8.8157136662511 5.5
    endloop
  endfacet
  facet normal -0.9335804264972022 -0.3583679495452989 0
    outer loop
      vertex 6.822304617751769 -2.9820139957182423 2
      vertex 7.184286333748901 -3.925008605681472 2.55
      vertex 6.822304617751769 -2.9820139957182423 2.55
    endloop
  endfacet
  facet normal -0.9335804264972023 -0.35836794954529894 0
    outer loop
      vertex 6.822304617751769 -2.9820139957182423 3.35
      vertex 7.184286333748901 -3.925008605681472 4.15
      vertex 6.822304617751769 -2.9820139957182423 4.15
    endloop
  endfacet
  facet normal -0.9659258262890678 -0.25881904510252274 0
    outer loop
      vertex 6.822304617751769 -2.9820139957182423 2
      vertex 6.822304617751769 -2.9820139957182423 2.55
      vertex 6.560875652918774 -2.006347816391378 2
    endloop
  endfacet
  facet normal -0.987688340595138 -0.15643446504022887 0
    outer loop
      vertex 6.560875652918774 -2.006347816391378 2
      vertex 6.560875652918774 -2.006347816391378 2.55
      vertex 6.402863709696163 -1.0086996705328561 2
    endloop
  endfacet
  facet normal -0.9986295347545737 -0.052335956242945 0
    outer loop
      vertex 6.402863709696163 -1.0086996705328561 2
      vertex 6.402863709696163 -1.0086996705328561 2.55
      vertex 6.35 0 2
    endloop
  endfacet
  facet normal -0.9659258262890678 -0.25881904510252274 0
    outer loop
      vertex 6.560875652918774 -2.006347816391378 2
      vertex 6.822304617751769 -2.9820139957182423 2.55
      vertex 6.560875652918774 -2.006347816391378 2.55
    endloop
  endfacet
  facet normal -0.9659258262890676 -0.2588190451025227 0
    outer loop
      vertex 6.822304617751769 -2.9820139957182423 3.35
      vertex 6.822304617751769 -2.9820139957182423 4.15
      vertex 6.560875652918774 -2.006347816391378 3.35
    endloop
  endfacet
  facet normal -0.9659258262890676 -0.2588190451025227 -1.5775272763503906e-17
    outer loop
      vertex 6.822304617751769 -2.9820139957182423 4.15
      vertex 6.560875652918774 -2.006347816391378 4.15
      vertex 6.560875652918774 -2.006347816391378 3.35
    endloop
  endfacet
  facet normal -0.987688340595138 -0.15643446504022887 0
    outer loop
      vertex 6.560875652918774 -2.006347816391378 3.35
      vertex 6.560875652918774 -2.006347816391378 4.15
      vertex 6.402863709696163 -1.0086996705328561 3.35
    endloop
  endfacet
  facet normal -0.987688340595138 -0.15643446504022887 0
    outer loop
      vertex 6.402863709696163 -1.0086996705328561 2
      vertex 6.560875652918774 -2.006347816391378 2.55
      vertex 6.402863709696163 -1.0086996705328561 2.55
    endloop
  endfacet
  facet normal -0.9986295347545737 -0.052335956242945 9.260394978515983e-19
    outer loop
      vertex 6.402863709696163 -1.0086996705328561 2.55
      vertex 6.35 0 2.55
      vertex 6.35 0 2
    endloop
  endfacet
  facet normal -0.987688340595138 -0.15643446504022887 -1.804580403408294e-18
    outer loop
      vertex 6.560875652918774 -2.006347816391378 4.15
      vertex 6.402863709696163 -1.0086996705328561 4.15
      vertex 6.402863709696163 -1.0086996705328561 3.35
    endloop
  endfacet
  facet normal -0.9986295347545739 -0.052335956242945014 0
    outer loop
      vertex 6.402863709696163 -1.0086996705328561 3.35
      vertex 6.402863709696163 -1.0086996705328561 4.15
      vertex 6.35 0 3.35
    endloop
  endfacet
  facet normal -0.9986295347545739 -0.052335956242945014 6.366521547729736e-19
    outer loop
      vertex 6.402863709696163 -1.0086996705328561 4.15
      vertex 6.35 0 4.15
      vertex 6.35 0 3.35
    endloop
  endfacet
  facet normal 0 0 -1
    outer loop
      vertex 7.970432723693701 -5.329425685262823 0
      vertex 8.192986004281757 -4.671168338525717 0
      vertex 8.144445231965696 -5.597381450016363 0
    endloop
  endfacet
  facet normal 0 0 -1
    outer loop
      vertex 8.946576972490323 -6.575034889710159 0
      vertex 8.946576972490323 -4.206976116323251 0
      vertex 9.102602455086828 -6.731060372306666 0
    endloop
  endfacet
  facet normal -0.8386705679454239 -0.5446390350150272 -1.41171272228431e-17
    outer loop
      vertex 7.642854853480166 -4.825 2
      vertex 8.192986004281757 -5.672127684622366 2
      vertex 8.192986004281757 -5.672127684622366 2.55
    endloop
  endfacet
  facet normal -0.891006524188368 -0.4539904997395468 0
    outer loop
      vertex 7.642854853480166 -4.825 2
      vertex 7.642854853480166 -4.825 2.55
      vertex 7.184286333748901 -3.925008605681472 2
    endloop
  endfacet
  facet normal 0 0 -1
    outer loop
      vertex 7.970432723693701 -5.329425685262823 0
      vertex 7.970432723693701 0 0
      vertex 8.192986004281757 -4.671168338525717 0
    endloop
  endfacet
  facet normal 0 0 -1
    outer loop
      vertex 10 -7.541508229798757 0
      vertex 10 0 0
      vertex 10.327872315377634 -4.136128379570689 0
    endloop
  endfacet
  facet normal 0 0 -1
    outer loop
      vertex 9.102602455086828 -6.731060372306666 0
      vertex 8.946576972490323 -4.206976116323251 0
      vertex 9.455362381419501 0 0
    endloop
  endfacet
  facet normal -0.9335804264972022 -0.3583679495452989 3.201647934867361e-17
    outer loop
      vertex 6.822304617751769 -2.9820139957182423 2
      vertex 7.184286333748901 -3.925008605681472 2
      vertex 7.184286333748901 -3.925008605681472 2.55
    endloop
  endfacet
  facet normal -0.7771459614569713 -0.6293203910498368 -1.9248527559255504e-17
    outer loop
      vertex 8.828652434143144 -6.457110351362982 2.55
      vertex 8.192986004281757 -5.672127684622366 2.55
      vertex 8.192986004281757 -5.672127684622366 2
    endloop
  endfacet
  facet normal -0.8386705679454239 -0.5446390350150272 0
    outer loop
      vertex 7.642854853480166 -4.825 2
      vertex 8.192986004281757 -5.672127684622366 2.55
      vertex 7.642854853480166 -4.825 2.55
    endloop
  endfacet
  facet normal -0.838670567945424 -0.5446390350150271 -9.705524965704625e-18
    outer loop
      vertex 7.642854853480166 -4.825 3.35
      vertex 8.192986004281757 -5.672127684622366 3.35
      vertex 8.192986004281757 -5.672127684622366 4.15
    endloop
  endfacet
  facet normal -0.7771459614569713 -0.629320391049837 -1.323336269698815e-17
    outer loop
      vertex 8.828652434143144 -6.457110351362982 4.15
      vertex 8.192986004281757 -5.672127684622366 4.15
      vertex 8.192986004281757 -5.672127684622366 3.35
    endloop
  endfacet
  facet normal -0.8910065241883679 -0.45399049973954675 0
    outer loop
      vertex 7.642854853480166 -4.825 3.35
      vertex 7.642854853480166 -4.825 4.15
      vertex 7.184286333748901 -3.925008605681472 3.35
    endloop
  endfacet
  facet normal -0.838670567945424 -0.5446390350150271 0
    outer loop
      vertex 7.642854853480166 -4.825 3.35
      vertex 8.192986004281757 -5.672127684622366 4.15
      vertex 7.642854853480166 -4.825 4.15
    endloop
  endfacet
  facet normal -0.891006524188368 -0.4539904997395468 0
    outer loop
      vertex 7.184286333748901 -3.925008605681472 2
      vertex 7.642854853480166 -4.825 2.55
      vertex 7.184286333748901 -3.925008605681472 2.55
    endloop
  endfacet
  facet normal -0.8910065241883679 -0.45399049973954675 2.7254764418574748e-17
    outer loop
      vertex 7.642854853480166 -4.825 4.15
      vertex 7.184286333748901 -3.925008605681472 4.15
      vertex 7.184286333748901 -3.925008605681472 3.35
    endloop
  endfacet
  facet normal -0.9335804264972023 -0.35836794954529894 2.201132955221309e-17
    outer loop
      vertex 6.822304617751769 -2.9820139957182423 3.35
      vertex 7.184286333748901 -3.925008605681472 3.35
      vertex 7.184286333748901 -3.925008605681472 4.15
    endloop
  endfacet
  facet normal 0 0 -1
    outer loop
      vertex 8.192986004281757 -4.671168338525717 0
      vertex 7.970432723693701 0 0
      vertex 8.022470917959616 0 0
    endloop
  endfacet
  facet normal 0 0 -1
    outer loop
      vertex 8.946576972490323 -4.206976116323251 0
      vertex 9.373432896505676 0 0
      vertex 9.455362381419501 0 0
    endloop
  endfacet
  facet normal 0 0 -1
    outer loop
      vertex 10.327872315377634 -4.136128379570689 0
      vertex 10 0 0
      vertex 10.089410891465036 0 0
    endloop
  endfacet
  facet normal 0 0 -1
    outer loop
      vertex 10.327872315377634 -4.136128379570689 0
      vertex 10.544637618580499 0 0
      vertex 10.614267945625606 0 0
    endloop
  endfacet
  facet normal -0.9335804264972022 -0.3583679495452989 0
    outer loop
      vertex 6.822304617751769 -2.9820139957182423 4.95
      vertex 7.184286333748901 -3.925008605681472 4.95
      vertex 6.822304617751769 -2.9820139957182423 5.5
    endloop
  endfacet
  facet normal -0.9659258262890678 -0.25881904510252274 0
    outer loop
      vertex 6.822304617751769 -2.9820139957182423 4.95
      vertex 6.822304617751769 -2.9820139957182423 5.5
      vertex 6.560875652918774 -2.006347816391378 5.5
    endloop
  endfacet
  facet normal -0.9659258262890678 -0.25881904510252274 -2.2945851292369337e-17
    outer loop
      vertex 6.822304617751769 -2.9820139957182423 4.95
      vertex 6.560875652918774 -2.006347816391378 5.5
      vertex 6.560875652918774 -2.006347816391378 4.95
    endloop
  endfacet
  facet normal -0.987688340595138 -0.15643446504022887 0
    outer loop
      vertex 6.560875652918774 -2.006347816391378 4.95
      vertex 6.560875652918774 -2.006347816391378 5.5
      vertex 6.402863709696163 -1.0086996705328561 5.5
    endloop
  endfacet
  facet normal -0.987688340595138 -0.15643446504022887 -2.624844223139338e-18
    outer loop
      vertex 6.560875652918774 -2.006347816391378 4.95
      vertex 6.402863709696163 -1.0086996705328561 5.5
      vertex 6.402863709696163 -1.0086996705328561 4.95
    endloop
  endfacet
  facet normal -0.9986295347545737 -0.052335956242945 0
    outer loop
      vertex 6.402863709696163 -1.0086996705328561 4.95
      vertex 6.402863709696163 -1.0086996705328561 5.5
      vertex 6.35 0 5.5
    endloop
  endfacet
  facet normal -0.9986295347545737 -0.052335956242945 9.260394978515983e-19
    outer loop
      vertex 6.402863709696163 -1.0086996705328561 4.95
      vertex 6.35 0 5.5
      vertex 6.35 0 4.95
    endloop
  endfacet
  facet normal -0.7771459614569713 -0.6293203910498368 -1.9248527559255504e-17
    outer loop
      vertex 8.828652434143144 -6.457110351362982 4.95
      vertex 8.192986004281757 -5.672127684622366 5.5
      vertex 8.192986004281757 -5.672127684622366 4.95
    endloop
  endfacet
  facet normal -0.8386705679454239 -0.5446390350150272 0
    outer loop
      vertex 8.192986004281757 -5.672127684622366 4.95
      vertex 8.192986004281757 -5.672127684622366 5.5
      vertex 7.642854853480166 -4.825 5.5
    endloop
  endfacet
  facet normal -0.8386705679454239 -0.5446390350150272 0
    outer loop
      vertex 7.642854853480166 -4.825 4.95
      vertex 8.192986004281757 -5.672127684622366 4.95
      vertex 7.642854853480166 -4.825 5.5
    endloop
  endfacet
  facet normal -0.891006524188368 -0.4539904997395468 0
    outer loop
      vertex 7.642854853480166 -4.825 4.95
      vertex 7.642854853480166 -4.825 5.5
      vertex 7.184286333748901 -3.925008605681472 5.5
    endloop
  endfacet
  facet normal -0.891006524188368 -0.4539904997395468 3.964329369974512e-17
    outer loop
      vertex 7.642854853480166 -4.825 4.95
      vertex 7.184286333748901 -3.925008605681472 5.5
      vertex 7.184286333748901 -3.925008605681472 4.95
    endloop
  endfacet
  facet normal -0.9335804264972022 -0.3583679495452989 3.201647934867361e-17
    outer loop
      vertex 6.822304617751769 -2.9820139957182423 5.5
      vertex 7.184286333748901 -3.925008605681472 4.95
      vertex 7.184286333748901 -3.925008605681472 5.5
    endloop
  endfacet
  facet normal 0 0 1
    outer loop
      vertex 7.970432723693701 -5.329425685262823 7.5
      vertex 7.704096279548303 -3.835735810066896 7.5
      vertex 7.7658687515402995 -5.014424791685059 7.5
    endloop
  endfacet
  facet normal 0 0 1
    outer loop
      vertex 7.970432723693701 -5.329425685262823 7.5
      vertex 7.916019611491196 -4.626644452187053 7.5
      vertex 7.704096279548303 -3.835735810066896 7.5
    endloop
  endfacet
  facet normal 0 0 1
    outer loop
      vertex 7.970432723693701 -5.329425685262823 7.5
      vertex 7.970432723693701 -4.768395455761757 7.5
      vertex 7.916019611491196 -4.626644452187053 7.5
    endloop
  endfacet
  facet normal -0.1564344650402289 -0.987688340595138 1.0569601555965094e-17
    outer loop
      vertex 13.993652183608623 -9.439124347081226 2
      vertex 14.991300329467144 -9.597136290303837 2
      vertex 14.991300329467144 -9.597136290303837 2.55
    endloop
  endfacet
  facet normal -0.052335956242945014 -0.9986295347545737 -2.925460823359218e-18
    outer loop
      vertex 14.991300329467144 -9.597136290303837 2
      vertex 16 -9.65 2
      vertex 16 -9.65 2.55
    endloop
  endfacet
  facet normal 0.052335956242945014 -0.9986295347545737 2.925460823359218e-18
    outer loop
      vertex 16 -9.65 2
      vertex 17.008699670532856 -9.597136290303837 2
      vertex 17.008699670532856 -9.597136290303837 2.55
    endloop
  endfacet
  facet normal 0.15643446504022862 -0.9876883405951381 -4.935794624979877e-18
    outer loop
      vertex 17.008699670532856 -9.597136290303837 2
      vertex 18.00634781639138 -9.439124347081226 2
      vertex 18.00634781639138 -9.439124347081226 2.55
    endloop
  endfacet
  facet normal 0.2588190451025235 -0.9659258262890675 -4.1006276001890215e-17
    outer loop
      vertex 18.00634781639138 -9.439124347081226 2
      vertex 18.98201399571824 -9.177695382248231 2
      vertex 18.98201399571824 -9.177695382248231 2.55
    endloop
  endfacet
  facet normal -0.1564344650402289 -0.987688340595138 0
    outer loop
      vertex 13.993652183608623 -9.439124347081226 2
      vertex 14.991300329467144 -9.597136290303837 2.55
      vertex 13.993652183608623 -9.439124347081226 2.55
    endloop
  endfacet
  facet normal -0.052335956242945014 -0.9986295347545737 0
    outer loop
      vertex 14.991300329467144 -9.597136290303837 2
      vertex 16 -9.65 2.55
      vertex 14.991300329467144 -9.597136290303837 2.55
    endloop
  endfacet
  facet normal 0.052335956242945014 -0.9986295347545737 0
    outer loop
      vertex 16 -9.65 2
      vertex 17.008699670532856 -9.597136290303837 2.55
      vertex 16 -9.65 2.55
    endloop
  endfacet
  facet normal 0.15643446504022862 -0.9876883405951381 0
    outer loop
      vertex 17.008699670532856 -9.597136290303837 2
      vertex 18.00634781639138 -9.439124347081226 2.55
      vertex 17.008699670532856 -9.597136290303837 2.55
    endloop
  endfacet
  facet normal -0.15643446504022893 -0.9876883405951381 7.266601069725999e-18
    outer loop
      vertex 13.993652183608623 -9.439124347081226 3.35
      vertex 14.991300329467144 -9.597136290303837 3.35
      vertex 14.991300329467144 -9.597136290303837 4.15
    endloop
  endfacet
  facet normal -0.052335956242945014 -0.9986295347545738 -2.0112543160594613e-18
    outer loop
      vertex 14.991300329467144 -9.597136290303837 3.35
      vertex 16 -9.65 3.35
      vertex 16 -9.65 4.15
    endloop
  endfacet
  facet normal -0.15643446504022893 -0.9876883405951381 0
    outer loop
      vertex 13.993652183608623 -9.439124347081226 3.35
      vertex 14.991300329467144 -9.597136290303837 4.15
      vertex 13.993652183608623 -9.439124347081226 4.15
    endloop
  endfacet
  facet normal -0.052335956242945014 -0.9986295347545738 0
    outer loop
      vertex 14.991300329467144 -9.597136290303837 3.35
      vertex 16 -9.65 4.15
      vertex 14.991300329467144 -9.597136290303837 4.15
    endloop
  endfacet
  facet normal 0.052335956242945014 -0.9986295347545738 2.0112543160594613e-18
    outer loop
      vertex 16 -9.65 3.35
      vertex 17.008699670532856 -9.597136290303837 3.35
      vertex 17.008699670532856 -9.597136290303837 4.15
    endloop
  endfacet
  facet normal 0.052335956242945014 -0.9986295347545738 0
    outer loop
      vertex 16 -9.65 3.35
      vertex 17.008699670532856 -9.597136290303837 4.15
      vertex 16 -9.65 4.15
    endloop
  endfacet
  facet normal 0.15643446504022865 -0.9876883405951381 0
    outer loop
      vertex 17.008699670532856 -9.597136290303837 3.35
      vertex 18.00634781639138 -9.439124347081226 4.15
      vertex 17.008699670532856 -9.597136290303837 4.15
    endloop
  endfacet
  facet normal 0.2588190451025235 -0.9659258262890675 0
    outer loop
      vertex 18.00634781639138 -9.439124347081226 2
      vertex 18.98201399571824 -9.177695382248231 2.55
      vertex 18.00634781639138 -9.439124347081226 2.55
    endloop
  endfacet
  facet normal 0.35836794954529805 -0.9335804264972026 0
    outer loop
      vertex 18.98201399571824 -9.177695382248231 2
      vertex 19.925008605681473 -8.8157136662511 2.55
      vertex 18.98201399571824 -9.177695382248231 2.55
    endloop
  endfacet
  facet normal 0.15643446504022865 -0.9876883405951381 -3.3933588046736634e-18
    outer loop
      vertex 17.008699670532856 -9.597136290303837 3.35
      vertex 18.00634781639138 -9.439124347081226 3.35
      vertex 18.00634781639138 -9.439124347081226 4.15
    endloop
  endfacet
  facet normal 0.25881904510252346 -0.9659258262890674 -2.8191814751299503e-17
    outer loop
      vertex 18.00634781639138 -9.439124347081226 3.35
      vertex 18.98201399571824 -9.177695382248231 3.35
      vertex 18.98201399571824 -9.177695382248231 4.15
    endloop
  endfacet
  facet normal 0.25881904510252346 -0.9659258262890674 0
    outer loop
      vertex 18.00634781639138 -9.439124347081226 3.35
      vertex 18.98201399571824 -9.177695382248231 4.15
      vertex 18.00634781639138 -9.439124347081226 4.15
    endloop
  endfacet
  facet normal 0.35836794954529805 -0.9335804264972025 0
    outer loop
      vertex 18.98201399571824 -9.177695382248231 3.35
      vertex 19.925008605681473 -8.8157136662511 4.15
      vertex 18.98201399571824 -9.177695382248231 4.15
    endloop
  endfacet
  facet normal 0 0 -1
    outer loop
      vertex 14.869155917225328 -9.577790515932147 0
      vertex 14.745658440788159 -9.558230437245154 0
      vertex 14.991300329467144 -7.247136290303839 0
    endloop
  endfacet
  facet normal 0 0 -1
    outer loop
      vertex 14.745658440788159 -9.558230437245154 0
      vertex 14.745658440788159 -6.936572781142 0
      vertex 14.939650376829427 -6.988552763742408 0
    endloop
  endfacet
  facet normal 0 0 -1
    outer loop
      vertex 14.745658440788159 -9.558230437245154 0
      vertex 14.939650376829427 -6.988552763742408 0
      vertex 14.991300329467144 -7.247136290303839 0
    endloop
  endfacet
  facet normal 0 0 -1
    outer loop
      vertex 17.25434155921184 -9.558230437245154 0
      vertex 17.25434155921184 -6.936572781142 0
      vertex 17.379906396509764 -9.538342920765281 0
    endloop
  endfacet
  facet normal 0 0 -1
    outer loop
      vertex 17.379906396509764 -9.538342920765281 0
      vertex 17.25434155921184 -6.936572781142 0
      vertex 17.51998978945069 -6.865392552378744 0
    endloop
  endfacet
  facet normal 0 0 -1
    outer loop
      vertex 14.991300329467144 -7.247136290303839 0
      vertex 14.939650376829427 -6.988552763742408 0
      vertex 14.986224554520442 -6.995929388809575 0
    endloop
  endfacet
  facet normal 0 0 -1
    outer loop
      vertex 18.494940289813112 -9.308206388399945 0
      vertex 18.78168959198242 -6.2662685790024195 0
      vertex 18.62408187313136 -9.273603005440544 0
    endloop
  endfacet
  facet normal 0 0 -1
    outer loop
      vertex 19.70820393249937 -8.898937182913317 0
      vertex 19.925008605681473 -7.2757985920158825 0
      vertex 19.842648193933748 -8.84732886623176 0
    endloop
  endfacet
  facet normal 0 0 -1
    outer loop
      vertex 20.880839716909602 -8.320882410356738 0
      vertex 20.880839716909602 -7.291659875563659 0
      vertex 21.024161217991036 -8.227808339285989 0
    endloop
  endfacet
  facet normal 0.35836794954529805 -0.9335804264972026 5.466407601606425e-18
    outer loop
      vertex 18.98201399571824 -9.177695382248231 2
      vertex 19.925008605681473 -8.8157136662511 2
      vertex 19.925008605681473 -8.8157136662511 2.55
    endloop
  endfacet
  facet normal 0.4539904997395474 -0.8910065241883675 -7.088048235776827e-18
    outer loop
      vertex 19.925008605681473 -8.8157136662511 2
      vertex 20.825 -8.357145146519834 2
      vertex 20.825 -8.357145146519834 2.55
    endloop
  endfacet
  facet normal 0 0 -1
    outer loop
      vertex 18.494940289813112 -9.308206388399945 0
      vertex 18.494940289813112 -6.444783882882644 0
      vertex 18.55 -6.416729559300636 0
    endloop
  endfacet
  facet normal 0 0 -1
    outer loop
      vertex 18.494940289813112 -9.308206388399945 0
      vertex 18.55 -6.416729559300636 0
      vertex 18.78168959198242 -6.2662685790024195 0
    endloop
  endfacet
  facet normal 0 0 -1
    outer loop
      vertex 19.70820393249937 -8.898937182913317 0
      vertex 19.70820393249937 -5.494400769865519 0
      vertex 19.925008605681473 -7.2757985920158825 0
    endloop
  endfacet
  facet normal 0 0 -1
    outer loop
      vertex 19.925008605681473 -7.2757985920158825 0
      vertex 19.70820393249937 -5.494400769865519 0
      vertex 19.79003860993471 -5.412566092430177 0
    endloop
  endfacet
  facet normal 0.4539904997395474 -0.8910065241883675 0
    outer loop
      vertex 19.925008605681473 -8.8157136662511 2
      vertex 20.825 -8.357145146519834 2.55
      vertex 19.925008605681473 -8.8157136662511 2.55
    endloop
  endfacet
  facet normal 0.35836794954529805 -0.9335804264972025 3.7581552261044145e-18
    outer loop
      vertex 18.98201399571824 -9.177695382248231 3.35
      vertex 19.925008605681473 -8.8157136662511 3.35
      vertex 19.925008605681473 -8.8157136662511 4.15
    endloop
  endfacet
  facet normal 0.4539904997395475 -0.8910065241883676 -4.873033162096566e-18
    outer loop
      vertex 19.925008605681473 -8.8157136662511 3.35
      vertex 20.825 -8.357145146519834 3.35
      vertex 20.825 -8.357145146519834 4.15
    endloop
  endfacet
  facet normal 0.4539904997395475 -0.8910065241883676 0
    outer loop
      vertex 19.925008605681473 -8.8157136662511 3.35
      vertex 20.825 -8.357145146519834 4.15
      vertex 19.925008605681473 -8.8157136662511 4.15
    endloop
  endfacet
  facet normal 0.544639035015026 -0.8386705679454248 -4.520689705448715e-17
    outer loop
      vertex 20.825 -8.357145146519834 2
      vertex 21.672127684622367 -7.807013995718243 2
      vertex 21.672127684622367 -7.807013995718243 2.55
    endloop
  endfacet
  facet normal 0.6293203910498386 -0.7771459614569698 2.4018196265391257e-17
    outer loop
      vertex 21.672127684622367 -7.807013995718243 2
      vertex 22.45711035136298 -7.171347565856855 2
      vertex 22.45711035136298 -7.171347565856855 2.55
    endloop
  endfacet
  facet normal 0.7071067811865467 -0.7071067811865483 -6.367579188713197e-17
    outer loop
      vertex 22.45711035136298 -7.171347565856855 2
      vertex 23.171347565856856 -6.457110351362982 2
      vertex 23.171347565856856 -6.457110351362982 2.55
    endloop
  endfacet
  facet normal 0.544639035015026 -0.8386705679454248 0
    outer loop
      vertex 20.825 -8.357145146519834 2
      vertex 21.672127684622367 -7.807013995718243 2.55
      vertex 20.825 -8.357145146519834 2.55
    endloop
  endfacet
  facet normal 0.6293203910498386 -0.7771459614569698 0
    outer loop
      vertex 21.672127684622367 -7.807013995718243 2
      vertex 22.45711035136298 -7.171347565856855 2.55
      vertex 21.672127684622367 -7.807013995718243 2.55
    endloop
  endfacet
  facet normal 0.544639035015026 -0.8386705679454249 -3.1079741724959896e-17
    outer loop
      vertex 20.825 -8.357145146519834 3.35
      vertex 21.672127684622367 -7.807013995718243 3.35
      vertex 21.672127684622367 -7.807013995718243 4.15
    endloop
  endfacet
  facet normal 0.544639035015026 -0.8386705679454249 0
    outer loop
      vertex 20.825 -8.357145146519834 3.35
      vertex 21.672127684622367 -7.807013995718243 4.15
      vertex 20.825 -8.357145146519834 4.15
    endloop
  endfacet
  facet normal 0.6293203910498387 -0.7771459614569699 0
    outer loop
      vertex 21.672127684622367 -7.807013995718243 3.35
      vertex 22.45711035136298 -7.171347565856855 4.15
      vertex 21.672127684622367 -7.807013995718243 4.15
    endloop
  endfacet
  facet normal 0.7071067811865467 -0.7071067811865483 0
    outer loop
      vertex 22.45711035136298 -7.171347565856855 2
      vertex 23.171347565856856 -6.457110351362982 2.55
      vertex 22.45711035136298 -7.171347565856855 2.55
    endloop
  endfacet
  facet normal 0.7771459614569713 -0.6293203910498368 0
    outer loop
      vertex 23.171347565856856 -6.457110351362982 2
      vertex 23.807013995718243 -5.672127684622366 2.55
      vertex 23.171347565856856 -6.457110351362982 2.55
    endloop
  endfacet
  facet normal 0.6293203910498387 -0.7771459614569699 1.651250993245648e-17
    outer loop
      vertex 21.672127684622367 -7.807013995718243 3.35
      vertex 22.45711035136298 -7.171347565856855 3.35
      vertex 22.45711035136298 -7.171347565856855 4.15
    endloop
  endfacet
  facet normal 0.7071067811865466 -0.7071067811865485 0
    outer loop
      vertex 22.45711035136298 -7.171347565856855 3.35
      vertex 23.171347565856856 -6.457110351362982 4.15
      vertex 22.45711035136298 -7.171347565856855 4.15
    endloop
  endfacet
  facet normal 0.7071067811865466 -0.7071067811865485 -4.377710692240319e-17
    outer loop
      vertex 22.45711035136298 -7.171347565856855 3.35
      vertex 23.171347565856856 -6.457110351362982 3.35
      vertex 23.171347565856856 -6.457110351362982 4.15
    endloop
  endfacet
  facet normal 0.7771459614569713 -0.629320391049837 0
    outer loop
      vertex 23.171347565856856 -6.457110351362982 3.35
      vertex 23.807013995718243 -5.672127684622366 4.15
      vertex 23.171347565856856 -6.457110351362982 4.15
    endloop
  endfacet
  facet normal -0.1564344650402289 -0.987688340595138 0
    outer loop
      vertex 13.993652183608623 -9.439124347081226 4.95
      vertex 14.991300329467144 -9.597136290303837 4.95
      vertex 13.993652183608623 -9.439124347081226 5.5
    endloop
  endfacet
  facet normal -0.1564344650402289 -0.987688340595138 1.0569601555965094e-17
    outer loop
      vertex 13.993652183608623 -9.439124347081226 5.5
      vertex 14.991300329467144 -9.597136290303837 4.95
      vertex 14.991300329467144 -9.597136290303837 5.5
    endloop
  endfacet
  facet normal -0.052335956242945014 -0.9986295347545737 0
    outer loop
      vertex 14.991300329467144 -9.597136290303837 4.95
      vertex 16 -9.65 4.95
      vertex 14.991300329467144 -9.597136290303837 5.5
    endloop
  endfacet
  facet normal -0.052335956242945014 -0.9986295347545737 -2.925460823359218e-18
    outer loop
      vertex 14.991300329467144 -9.597136290303837 5.5
      vertex 16 -9.65 4.95
      vertex 16 -9.65 5.5
    endloop
  endfacet
  facet normal 0.052335956242945014 -0.9986295347545737 0
    outer loop
      vertex 16 -9.65 4.95
      vertex 17.008699670532856 -9.597136290303837 4.95
      vertex 16 -9.65 5.5
    endloop
  endfacet
  facet normal 0.15643446504022862 -0.9876883405951381 0
    outer loop
      vertex 17.008699670532856 -9.597136290303837 4.95
      vertex 18.00634781639138 -9.439124347081226 4.95
      vertex 17.008699670532856 -9.597136290303837 5.5
    endloop
  endfacet
  facet normal 0.052335956242945014 -0.9986295347545737 0
    outer loop
      vertex 17.008699670532856 -9.597136290303837 4.95
      vertex 17.008699670532856 -9.597136290303837 5.5
      vertex 16 -9.65 5.5
    endloop
  endfacet
  facet normal 0.15643446504022862 -0.9876883405951381 -4.935794624979877e-18
    outer loop
      vertex 17.008699670532856 -9.597136290303837 5.5
      vertex 18.00634781639138 -9.439124347081226 4.95
      vertex 18.00634781639138 -9.439124347081226 5.5
    endloop
  endfacet
  facet normal 0.2588190451025235 -0.9659258262890675 0
    outer loop
      vertex 18.00634781639138 -9.439124347081226 4.95
      vertex 18.98201399571824 -9.177695382248231 4.95
      vertex 18.00634781639138 -9.439124347081226 5.5
    endloop
  endfacet
  facet normal 0.2588190451025235 -0.9659258262890675 0
    outer loop
      vertex 18.98201399571824 -9.177695382248231 4.95
      vertex 18.98201399571824 -9.177695382248231 5.5
      vertex 18.00634781639138 -9.439124347081226 5.5
    endloop
  endfacet
  facet normal 0.35836794954529805 -0.9335804264972026 0
    outer loop
      vertex 18.98201399571824 -9.177695382248231 4.95
      vertex 19.925008605681473 -8.8157136662511 4.95
      vertex 18.98201399571824 -9.177695382248231 5.5
    endloop
  endfacet
  facet normal 0.35836794954529805 -0.9335804264972026 5.466407601606425e-18
    outer loop
      vertex 18.98201399571824 -9.177695382248231 5.5
      vertex 19.925008605681473 -8.8157136662511 4.95
      vertex 19.925008605681473 -8.8157136662511 5.5
    endloop
  endfacet
  facet normal 0.4539904997395474 -0.8910065241883675 0
    outer loop
      vertex 19.925008605681473 -8.8157136662511 4.95
      vertex 20.825 -8.357145146519834 4.95
      vertex 19.925008605681473 -8.8157136662511 5.5
    endloop
  endfacet
  facet normal 0.4539904997395474 -0.8910065241883675 -7.088048235776827e-18
    outer loop
      vertex 19.925008605681473 -8.8157136662511 5.5
      vertex 20.825 -8.357145146519834 4.95
      vertex 20.825 -8.357145146519834 5.5
    endloop
  endfacet
  facet normal 0.544639035015026 -0.8386705679454248 0
    outer loop
      vertex 20.825 -8.357145146519834 4.95
      vertex 21.672127684622367 -7.807013995718243 4.95
      vertex 20.825 -8.357145146519834 5.5
    endloop
  endfacet
  facet normal 0.544639035015026 -0.8386705679454248 0
    outer loop
      vertex 21.672127684622367 -7.807013995718243 4.95
      vertex 21.672127684622367 -7.807013995718243 5.5
      vertex 20.825 -8.357145146519834 5.5
    endloop
  endfacet
  facet normal 0.6293203910498386 -0.7771459614569698 0
    outer loop
      vertex 21.672127684622367 -7.807013995718243 4.95
      vertex 22.45711035136298 -7.171347565856855 4.95
      vertex 21.672127684622367 -7.807013995718243 5.5
    endloop
  endfacet
  facet normal 0.6293203910498386 -0.7771459614569698 2.4018196265391257e-17
    outer loop
      vertex 21.672127684622367 -7.807013995718243 5.5
      vertex 22.45711035136298 -7.171347565856855 4.95
      vertex 22.45711035136298 -7.171347565856855 5.5
    endloop
  endfacet
  facet normal 0.7071067811865467 -0.7071067811865483 0
    outer loop
      vertex 22.45711035136298 -7.171347565856855 4.95
      vertex 23.171347565856856 -6.457110351362982 4.95
      vertex 22.45711035136298 -7.171347565856855 5.5
    endloop
  endfacet
  facet normal 0.7071067811865467 -0.7071067811865483 0
    outer loop
      vertex 23.171347565856856 -6.457110351362982 4.95
      vertex 23.171347565856856 -6.457110351362982 5.5
      vertex 22.45711035136298 -7.171347565856855 5.5
    endloop
  endfacet
  facet normal 0.7771459614569713 -0.6293203910498368 0
    outer loop
      vertex 23.171347565856856 -6.457110351362982 4.95
      vertex 23.807013995718243 -5.672127684622366 4.95
      vertex 23.171347565856856 -6.457110351362982 5.5
    endloop
  endfacet
  facet normal 0 0 -1
    outer loop
      vertex 19.925008605681473 -7.2757985920158825 0
      vertex 19.79003860993471 -5.412566092430177 0
      vertex 19.889001395910142 -5.29035722942633 0
    endloop
  endfacet
  facet normal 0 0 -1
    outer loop
      vertex 22 -7.541508229798757 0
      vertex 22 -1.5508375298756745 0
      vertex 22.156025482596505 -7.41516128522056 0
    endloop
  endfacet
  facet normal 0 0 -1
    outer loop
      vertex 21.024161217991036 -8.227808339285989 0
      vertex 20.880839716909602 -7.291659875563659 0
      vertex 21.4553623814195 0 0
    endloop
  endfacet
  facet normal 0.7771459614569713 -0.6293203910498368 1.9248527559255504e-17
    outer loop
      vertex 23.171347565856856 -6.457110351362982 2
      vertex 23.807013995718243 -5.672127684622366 2
      vertex 23.807013995718243 -5.672127684622366 2.55
    endloop
  endfacet
  facet normal 0.8386705679454239 -0.5446390350150272 1.41171272228431e-17
    outer loop
      vertex 23.807013995718243 -5.672127684622366 2
      vertex 24.357145146519834 -4.825 2
      vertex 24.357145146519834 -4.825 2.55
    endloop
  endfacet
  facet normal 0 0 -1
    outer loop
      vertex 22.156025482596505 -7.41516128522056 0
      vertex 22 -1.5508375298756745 0
      vertex 22.45711035136298 -1.6701197496807278 0
    endloop
  endfacet
  facet normal 0 0 -1
    outer loop
      vertex 24.0295672763063 -5.329425685262823 0
      vertex 24.357145146519834 -2.6671797883093875 0
      vertex 24.2341312484597 -5.014424791685059 0
    endloop
  endfacet
  facet normal 0 0 -1
    outer loop
      vertex 24.0295672763063 -5.329425685262823 0
      vertex 24.0295672763063 -1.4255581174193495 0
      vertex 24.357145146519834 -2.6671797883093875 0
    endloop
  endfacet
  facet normal 0.891006524188368 -0.4539904997395468 -3.964329369974512e-17
    outer loop
      vertex 24.357145146519834 -4.825 2
      vertex 24.8157136662511 -3.925008605681472 2
      vertex 24.8157136662511 -3.925008605681472 2.55
    endloop
  endfacet
  facet normal 0.9335804264972022 -0.3583679495452989 -3.201647934867361e-17
    outer loop
      vertex 24.8157136662511 -3.925008605681472 2
      vertex 25.17769538224823 -2.9820139957182423 2
      vertex 25.17769538224823 -2.9820139957182423 2.55
    endloop
  endfacet
  facet normal 0.8386705679454239 -0.5446390350150272 0
    outer loop
      vertex 23.807013995718243 -5.672127684622366 2
      vertex 24.357145146519834 -4.825 2.55
      vertex 23.807013995718243 -5.672127684622366 2.55
    endloop
  endfacet
  facet normal 0.7771459614569713 -0.629320391049837 1.323336269698815e-17
    outer loop
      vertex 23.171347565856856 -6.457110351362982 3.35
      vertex 23.807013995718243 -5.672127684622366 3.35
      vertex 23.807013995718243 -5.672127684622366 4.15
    endloop
  endfacet
  facet normal 0.838670567945424 -0.5446390350150271 0
    outer loop
      vertex 23.807013995718243 -5.672127684622366 3.35
      vertex 24.357145146519834 -4.825 4.15
      vertex 23.807013995718243 -5.672127684622366 4.15
    endloop
  endfacet
  facet normal 0.838670567945424 -0.5446390350150271 9.705524965704625e-18
    outer loop
      vertex 23.807013995718243 -5.672127684622366 3.35
      vertex 24.357145146519834 -4.825 3.35
      vertex 24.357145146519834 -4.825 4.15
    endloop
  endfacet
  facet normal 0.891006524188368 -0.4539904997395468 0
    outer loop
      vertex 24.357145146519834 -4.825 2
      vertex 24.8157136662511 -3.925008605681472 2.55
      vertex 24.357145146519834 -4.825 2.55
    endloop
  endfacet
  facet normal 0.8910065241883679 -0.45399049973954675 0
    outer loop
      vertex 24.357145146519834 -4.825 3.35
      vertex 24.8157136662511 -3.925008605681472 4.15
      vertex 24.357145146519834 -4.825 4.15
    endloop
  endfacet
  facet normal 0.9335804264972022 -0.3583679495452989 0
    outer loop
      vertex 24.8157136662511 -3.925008605681472 2
      vertex 25.17769538224823 -2.9820139957182423 2.55
      vertex 24.8157136662511 -3.925008605681472 2.55
    endloop
  endfacet
  facet normal 0.8910065241883679 -0.45399049973954675 -2.7254764418574748e-17
    outer loop
      vertex 24.357145146519834 -4.825 3.35
      vertex 24.8157136662511 -3.925008605681472 3.35
      vertex 24.8157136662511 -3.925008605681472 4.15
    endloop
  endfacet
  facet normal 0.9335804264972023 -0.35836794954529894 -2.201132955221309e-17
    outer loop
      vertex 24.8157136662511 -3.925008605681472 3.35
      vertex 25.17769538224823 -2.9820139957182423 3.35
      vertex 25.17769538224823 -2.9820139957182423 4.15
    endloop
  endfacet
  facet normal 0.9335804264972023 -0.35836794954529894 0
    outer loop
      vertex 24.8157136662511 -3.925008605681472 3.35
      vertex 25.17769538224823 -2.9820139957182423 4.15
      vertex 24.8157136662511 -3.925008605681472 4.15
    endloop
  endfacet
  facet normal 0 0 -1
    outer loop
      vertex 20.880839716909602 -7.291659875563659 0
      vertex 21.385732054374394 0 0
      vertex 21.4553623814195 0 0
    endloop
  endfacet
  facet normal 0 0 -1
    outer loop
      vertex 22.45711035136298 -1.6701197496807278 0
      vertex 22.5446376185805 0 0
      vertex 22.626567103494324 0 0
    endloop
  endfacet
  facet normal 0.9659258262890678 -0.25881904510252274 2.2945851292369337e-17
    outer loop
      vertex 25.17769538224823 -2.9820139957182423 2
      vertex 25.439124347081226 -2.006347816391378 2
      vertex 25.439124347081226 -2.006347816391378 2.55
    endloop
  endfacet
  facet normal 0.987688340595138 -0.15643446504022887 2.624844223139338e-18
    outer loop
      vertex 25.439124347081226 -2.006347816391378 2
      vertex 25.597136290303837 -1.0086996705328561 2
      vertex 25.597136290303837 -1.0086996705328561 2.55
    endloop
  endfacet
  facet normal 0.9986295347545739 -0.05233595624294325 -3.762763992051454e-18
    outer loop
      vertex 25.597136290303837 -1.0086996705328561 2
      vertex 25.65 0 2
      vertex 25.65 0 2.55
    endloop
  endfacet
  facet normal 0.9659258262890678 -0.25881904510252274 0
    outer loop
      vertex 25.17769538224823 -2.9820139957182423 2
      vertex 25.439124347081226 -2.006347816391378 2.55
      vertex 25.17769538224823 -2.9820139957182423 2.55
    endloop
  endfacet
  facet normal 0.987688340595138 -0.15643446504022887 0
    outer loop
      vertex 25.439124347081226 -2.006347816391378 2
      vertex 25.597136290303837 -1.0086996705328561 2.55
      vertex 25.439124347081226 -2.006347816391378 2.55
    endloop
  endfacet
  facet normal 0.9659258262890676 -0.2588190451025227 1.5775272763503906e-17
    outer loop
      vertex 25.17769538224823 -2.9820139957182423 3.35
      vertex 25.439124347081226 -2.006347816391378 3.35
      vertex 25.439124347081226 -2.006347816391378 4.15
    endloop
  endfacet
  facet normal 0.9659258262890676 -0.2588190451025227 0
    outer loop
      vertex 25.17769538224823 -2.9820139957182423 3.35
      vertex 25.439124347081226 -2.006347816391378 4.15
      vertex 25.17769538224823 -2.9820139957182423 4.15
    endloop
  endfacet
  facet normal 0.987688340595138 -0.15643446504022887 0
    outer loop
      vertex 25.439124347081226 -2.006347816391378 3.35
      vertex 25.597136290303837 -1.0086996705328561 4.15
      vertex 25.439124347081226 -2.006347816391378 4.15
    endloop
  endfacet
  facet normal 0.9986295347545739 -0.05233595624294325 0
    outer loop
      vertex 25.597136290303837 -1.0086996705328561 2
      vertex 25.65 0 2.55
      vertex 25.597136290303837 -1.0086996705328561 2.55
    endloop
  endfacet
  facet normal 0.987688340595138 -0.15643446504022887 1.804580403408294e-18
    outer loop
      vertex 25.439124347081226 -2.006347816391378 3.35
      vertex 25.597136290303837 -1.0086996705328561 3.35
      vertex 25.597136290303837 -1.0086996705328561 4.15
    endloop
  endfacet
  facet normal 0.9986295347545739 -0.05233595624294326 -2.5869002445353733e-18
    outer loop
      vertex 25.597136290303837 -1.0086996705328561 3.35
      vertex 25.65 0 3.35
      vertex 25.65 0 4.15
    endloop
  endfacet
  facet normal 0.9986295347545739 -0.05233595624294326 0
    outer loop
      vertex 25.597136290303837 -1.0086996705328561 3.35
      vertex 25.65 0 4.15
      vertex 25.597136290303837 -1.0086996705328561 4.15
    endloop
  endfacet
  facet normal 0.7771459614569713 -0.6293203910498368 1.9248527559255504e-17
    outer loop
      vertex 23.171347565856856 -6.457110351362982 5.5
      vertex 23.807013995718243 -5.672127684622366 4.95
      vertex 23.807013995718243 -5.672127684622366 5.5
    endloop
  endfacet
  facet normal 0.8386705679454239 -0.5446390350150272 0
    outer loop
      vertex 23.807013995718243 -5.672127684622366 4.95
      vertex 24.357145146519834 -4.825 4.95
      vertex 23.807013995718243 -5.672127684622366 5.5
    endloop
  endfacet
  facet normal 0.8386705679454239 -0.5446390350150272 0
    outer loop
      vertex 24.357145146519834 -4.825 4.95
      vertex 24.357145146519834 -4.825 5.5
      vertex 23.807013995718243 -5.672127684622366 5.5
    endloop
  endfacet
  facet normal 0.891006524188368 -0.4539904997395468 0
    outer loop
      vertex 24.357145146519834 -4.825 4.95
      vertex 24.8157136662511 -3.925008605681472 4.95
      vertex 24.357145146519834 -4.825 5.5
    endloop
  endfacet
  facet normal 0.891006524188368 -0.4539904997395468 -3.964329369974512e-17
    outer loop
      vertex 24.357145146519834 -4.825 5.5
      vertex 24.8157136662511 -3.925008605681472 4.95
      vertex 24.8157136662511 -3.925008605681472 5.5
    endloop
  endfacet
  facet normal 0.9335804264972022 -0.3583679495452989 0
    outer loop
      vertex 24.8157136662511 -3.925008605681472 4.95
      vertex 25.17769538224823 -2.9820139957182423 4.95
      vertex 24.8157136662511 -3.925008605681472 5.5
    endloop
  endfacet
  facet normal 0.9335804264972022 -0.3583679495452989 -3.201647934867361e-17
    outer loop
      vertex 24.8157136662511 -3.925008605681472 5.5
      vertex 25.17769538224823 -2.9820139957182423 4.95
      vertex 25.17769538224823 -2.9820139957182423 5.5
    endloop
  endfacet
  facet normal 0.9659258262890678 -0.25881904510252274 0
    outer loop
      vertex 25.17769538224823 -2.9820139957182423 4.95
      vertex 25.439124347081226 -2.006347816391378 4.95
      vertex 25.17769538224823 -2.9820139957182423 5.5
    endloop
  endfacet
  facet normal 0.9659258262890678 -0.25881904510252274 0
    outer loop
      vertex 25.439124347081226 -2.006347816391378 4.95
      vertex 25.439124347081226 -2.006347816391378 5.5
      vertex 25.17769538224823 -2.9820139957182423 5.5
    endloop
  endfacet
  facet normal 0.987688340595138 -0.15643446504022887 0
    outer loop
      vertex 25.439124347081226 -2.006347816391378 4.95
      vertex 25.597136290303837 -1.0086996705328561 4.95
      vertex 25.439124347081226 -2.006347816391378 5.5
    endloop
  endfacet
  facet normal 0.987688340595138 -0.15643446504022887 2.624844223139338e-18
    outer loop
      vertex 25.439124347081226 -2.006347816391378 5.5
      vertex 25.597136290303837 -1.0086996705328561 4.95
      vertex 25.597136290303837 -1.0086996705328561 5.5
    endloop
  endfacet
  facet normal 0.9986295347545739 -0.05233595624294325 0
    outer loop
      vertex 25.597136290303837 -1.0086996705328561 4.95
      vertex 25.65 0 4.95
      vertex 25.597136290303837 -1.0086996705328561 5.5
    endloop
  endfacet
  facet normal 0.9986295347545739 -0.05233595624294325 -3.762763992051454e-18
    outer loop
      vertex 25.597136290303837 -1.0086996705328561 5.5
      vertex 25.65 0 4.95
      vertex 25.65 0 5.5
    endloop
  endfacet
  facet normal 0 0 -1
    outer loop
      vertex -25.732568627301365 2.0687213236367055 2.55
      vertex -25.65 0 2.55
      vertex -25.95 0 2.55
    endloop
  endfacet
  facet normal -0.9986295347545738 0.052335956242946215 -8.590100709509915e-19
    outer loop
      vertex -25.895492858914317 1.0400582095131519 3.35
      vertex -25.95 0 2.55
      vertex -25.95 0 3.35
    endloop
  endfacet
  facet normal -0.9986295347545738 0.052335956242946215 0
    outer loop
      vertex -25.895492858914317 1.0400582095131519 2.55
      vertex -25.95 0 2.55
      vertex -25.895492858914317 1.0400582095131519 3.35
    endloop
  endfacet
  facet normal 0 0 -1
    outer loop
      vertex -25.895492858914317 1.0400582095131519 2.55
      vertex -25.732568627301365 2.0687213236367055 2.55
      vertex -25.95 0 2.55
    endloop
  endfacet
  facet normal 0 0 -1
    outer loop
      vertex -25.597136290303837 1.0086996705328561 2.55
      vertex -25.65 0 2.55
      vertex -25.732568627301365 2.0687213236367055 2.55
    endloop
  endfacet
  facet normal -0.987688340595138 0.1564344650402287 0
    outer loop
      vertex -25.895492858914317 1.0400582095131519 2.55
      vertex -25.895492858914317 1.0400582095131519 3.35
      vertex -25.732568627301365 2.0687213236367055 3.35
    endloop
  endfacet
  facet normal 0 0 1
    outer loop
      vertex -25.895492858914317 1.0400582095131519 3.35
      vertex -25.95 0 3.35
      vertex -25.65 0 3.35
    endloop
  endfacet
  facet normal 0 0 1
    outer loop
      vertex -25.597136290303837 1.0086996705328561 3.35
      vertex -25.732568627301365 2.0687213236367055 3.35
      vertex -25.65 0 3.35
    endloop
  endfacet
  facet normal 0 0 1
    outer loop
      vertex -25.895492858914317 1.0400582095131519 3.35
      vertex -25.65 0 3.35
      vertex -25.732568627301365 2.0687213236367055 3.35
    endloop
  endfacet
  facet normal 0 0 -1
    outer loop
      vertex -25.597136290303837 1.0086996705328561 2.55
      vertex -25.732568627301365 2.0687213236367055 2.55
      vertex -25.463012337136774 3.0747190940307263 2.55
    endloop
  endfacet
  facet normal 0 0 -1
    outer loop
      vertex -25.597136290303837 1.0086996705328561 2.55
      vertex -25.463012337136774 3.0747190940307263 2.55
      vertex -25.439124347081226 2.006347816391378 2.55
    endloop
  endfacet
  facet normal -0.987688340595138 0.1564344650402287 -3.400074864222227e-18
    outer loop
      vertex -25.895492858914317 1.0400582095131519 2.55
      vertex -25.732568627301365 2.0687213236367055 3.35
      vertex -25.732568627301365 2.0687213236367055 2.55
    endloop
  endfacet
  facet normal 0 0 -1
    outer loop
      vertex -25.439124347081226 2.006347816391378 2.55
      vertex -25.463012337136774 3.0747190940307263 2.55
      vertex -25.17769538224823 2.9820139957182423 2.55
    endloop
  endfacet
  facet normal -0.9659258262890676 0.2588190451025233 0
    outer loop
      vertex -25.732568627301365 2.0687213236367055 2.55
      vertex -25.732568627301365 2.0687213236367055 3.35
      vertex -25.463012337136774 3.0747190940307263 3.35
    endloop
  endfacet
  facet normal -0.9659258262890676 0.2588190451025233 -2.0198036794118242e-17
    outer loop
      vertex -25.732568627301365 2.0687213236367055 2.55
      vertex -25.463012337136774 3.0747190940307263 3.35
      vertex -25.463012337136774 3.0747190940307263 2.55
    endloop
  endfacet
  facet normal 0 0 1
    outer loop
      vertex -25.597136290303837 1.0086996705328561 3.35
      vertex -25.439124347081226 2.006347816391378 3.35
      vertex -25.732568627301365 2.0687213236367055 3.35
    endloop
  endfacet
  facet normal 0 0 1
    outer loop
      vertex -25.732568627301365 2.0687213236367055 3.35
      vertex -25.439124347081226 2.006347816391378 3.35
      vertex -25.463012337136774 3.0747190940307263 3.35
    endloop
  endfacet
  facet normal 0 0 1
    outer loop
      vertex -25.439124347081226 2.006347816391378 3.35
      vertex -25.17769538224823 2.9820139957182423 3.35
      vertex -25.463012337136774 3.0747190940307263 3.35
    endloop
  endfacet
  facet normal 0 0 -1
    outer loop
      vertex -25.17769538224823 2.9820139957182423 2.55
      vertex -25.463012337136774 3.0747190940307263 2.55
      vertex -25.089777303543876 4.047029598604212 2.55
    endloop
  endfacet
  facet normal 0 0 -1
    outer loop
      vertex -25.17769538224823 2.9820139957182423 2.55
      vertex -25.089777303543876 4.047029598604212 2.55
      vertex -24.8157136662511 3.925008605681472 2.55
    endloop
  endfacet
  facet normal -0.933580426497202 0.3583679495452996 1.2135047055321098e-17
    outer loop
      vertex -25.463012337136774 3.0747190940307263 2.55
      vertex -25.089777303543876 4.047029598604212 3.35
      vertex -25.089777303543876 4.047029598604212 2.55
    endloop
  endfacet
  facet normal -0.933580426497202 0.3583679495452996 0
    outer loop
      vertex -25.463012337136774 3.0747190940307263 2.55
      vertex -25.463012337136774 3.0747190940307263 3.35
      vertex -25.089777303543876 4.047029598604212 3.35
    endloop
  endfacet
  facet normal 0 0 -1
    outer loop
      vertex -25.089777303543876 4.047029598604212 2.55
      vertex -24.616952767655164 4.975 2.55
      vertex -24.8157136662511 3.925008605681472 2.55
    endloop
  endfacet
  facet normal -0.8910065241883687 0.45399049973954514 0
    outer loop
      vertex -25.089777303543876 4.047029598604212 2.55
      vertex -25.089777303543876 4.047029598604212 3.35
      vertex -24.616952767655164 4.975 3.35
    endloop
  endfacet
  facet normal 0 0 1
    outer loop
      vertex -25.17769538224823 2.9820139957182423 3.35
      vertex -24.8157136662511 3.925008605681472 3.35
      vertex -25.463012337136774 3.0747190940307263 3.35
    endloop
  endfacet
  facet normal 0 0 1
    outer loop
      vertex -25.463012337136774 3.0747190940307263 3.35
      vertex -24.8157136662511 3.925008605681472 3.35
      vertex -25.089777303543876 4.047029598604212 3.35
    endloop
  endfacet
  facet normal 0 0 1
    outer loop
      vertex -25.089777303543876 4.047029598604212 3.35
      vertex -24.8157136662511 3.925008605681472 3.35
      vertex -24.357145146519834 4.825 3.35
    endloop
  endfacet
  facet normal 0 0 -1
    outer loop
      vertex -24.8157136662511 3.925008605681472 2.55
      vertex -24.616952767655164 4.975 2.55
      vertex -24.357145146519834 4.825 2.55
    endloop
  endfacet
  facet normal -0.8910065241883687 0.45399049973954514 6.397180348518496e-18
    outer loop
      vertex -25.089777303543876 4.047029598604212 2.55
      vertex -24.616952767655164 4.975 3.35
      vertex -24.616952767655164 4.975 2.55
    endloop
  endfacet
  facet normal 0 0 1
    outer loop
      vertex -25.089777303543876 4.047029598604212 3.35
      vertex -24.357145146519834 4.825 3.35
      vertex -24.616952767655164 4.975 3.35
    endloop
  endfacet
  facet normal 0 0 -1
    outer loop
      vertex -24.357145146519834 4.825 2.55
      vertex -24.616952767655164 4.975 2.55
      vertex -24.049719094030728 5.848463260310107 2.55
    endloop
  endfacet
  facet normal 0 0 -1
    outer loop
      vertex -24.357145146519834 4.825 2.55
      vertex -24.049719094030728 5.848463260310107 2.55
      vertex -23.807013995718243 5.672127684622366 2.55
    endloop
  endfacet
  facet normal -0.8386705679454247 0.544639035015026 4.942832881082308e-18
    outer loop
      vertex -24.616952767655164 4.975 2.55
      vertex -24.049719094030728 5.848463260310107 3.35
      vertex -24.049719094030728 5.848463260310107 2.55
    endloop
  endfacet
  facet normal -0.8386705679454247 0.544639035015026 0
    outer loop
      vertex -24.616952767655164 4.975 2.55
      vertex -24.616952767655164 4.975 3.35
      vertex -24.049719094030728 5.848463260310107 3.35
    endloop
  endfacet
  facet normal 0 0 1
    outer loop
      vertex -24.357145146519834 4.825 3.35
      vertex -23.807013995718243 5.672127684622366 3.35
      vertex -24.616952767655164 4.975 3.35
    endloop
  endfacet
  facet normal 0 0 1
    outer loop
      vertex -24.616952767655164 4.975 3.35
      vertex -23.807013995718243 5.672127684622366 3.35
      vertex -24.049719094030728 5.848463260310107 3.35
    endloop
  endfacet
  facet normal 0 0 1
    outer loop
      vertex -24.049719094030728 5.848463260310107 3.35
      vertex -23.807013995718243 5.672127684622366 3.35
      vertex -23.171347565856856 6.457110351362982 3.35
    endloop
  endfacet
  facet normal 0 0 -1
    outer loop
      vertex -24.049719094030728 5.848463260310107 2.55
      vertex -23.394291013500073 6.657849533270639 2.55
      vertex -23.807013995718243 5.672127684622366 2.55
    endloop
  endfacet
  facet normal 0 0 -1
    outer loop
      vertex -23.807013995718243 5.672127684622366 2.55
      vertex -23.394291013500073 6.657849533270639 2.55
      vertex -23.171347565856856 6.457110351362982 2.55
    endloop
  endfacet
  facet normal -0.7771459614569706 0.6293203910498378 0
    outer loop
      vertex -24.049719094030728 5.848463260310107 2.55
      vertex -24.049719094030728 5.848463260310107 3.35
      vertex -23.394291013500073 6.657849533270639 3.35
    endloop
  endfacet
  facet normal -0.7771459614569706 0.6293203910498378 4.799947895947538e-17
    outer loop
      vertex -24.049719094030728 5.848463260310107 2.55
      vertex -23.394291013500073 6.657849533270639 3.35
      vertex -23.394291013500073 6.657849533270639 2.55
    endloop
  endfacet
  facet normal 0 0 -1
    outer loop
      vertex -23.394291013500073 6.657849533270639 2.55
      vertex -22.65784953327064 7.394291013500072 2.55
      vertex -23.171347565856856 6.457110351362982 2.55
    endloop
  endfacet
  facet normal 0 0 -1
    outer loop
      vertex -23.171347565856856 6.457110351362982 2.55
      vertex -22.65784953327064 7.394291013500072 2.55
      vertex -22.45711035136298 7.171347565856855 2.55
    endloop
  endfacet
  facet normal -0.7071067811865471 0.7071067811865479 0
    outer loop
      vertex -23.394291013500073 6.657849533270639 2.55
      vertex -23.394291013500073 6.657849533270639 3.35
      vertex -22.65784953327064 7.394291013500072 3.35
    endloop
  endfacet
  facet normal -0.7071067811865471 0.7071067811865479 3.4082324598429504e-17
    outer loop
      vertex -23.394291013500073 6.657849533270639 2.55
      vertex -22.65784953327064 7.394291013500072 3.35
      vertex -22.65784953327064 7.394291013500072 2.55
    endloop
  endfacet
  facet normal 0 0 1
    outer loop
      vertex -24.049719094030728 5.848463260310107 3.35
      vertex -23.171347565856856 6.457110351362982 3.35
      vertex -23.394291013500073 6.657849533270639 3.35
    endloop
  endfacet
  facet normal 0 0 1
    outer loop
      vertex -23.394291013500073 6.657849533270639 3.35
      vertex -23.171347565856856 6.457110351362982 3.35
      vertex -22.45711035136298 7.171347565856855 3.35
    endloop
  endfacet
  facet normal 0 0 1
    outer loop
      vertex -23.394291013500073 6.657849533270639 3.35
      vertex -22.45711035136298 7.171347565856855 3.35
      vertex -22.65784953327064 7.394291013500072 3.35
    endloop
  endfacet
  facet normal 0 0 1
    outer loop
      vertex -22.65784953327064 7.394291013500072 3.35
      vertex -22.45711035136298 7.171347565856855 3.35
      vertex -21.672127684622367 7.807013995718243 3.35
    endloop
  endfacet
  facet normal 0 0 -1
    outer loop
      vertex -22.65784953327064 7.394291013500072 2.55
      vertex -21.84846326031011 8.049719094030726 2.55
      vertex -22.45711035136298 7.171347565856855 2.55
    endloop
  endfacet
  facet normal 0 0 -1
    outer loop
      vertex -22.45711035136298 7.171347565856855 2.55
      vertex -21.84846326031011 8.049719094030726 2.55
      vertex -21.672127684622367 7.807013995718243 2.55
    endloop
  endfacet
  facet normal 0 0 -1
    outer loop
      vertex -21.672127684622367 7.807013995718243 2.55
      vertex -21.84846326031011 8.049719094030726 2.55
      vertex -20.975 8.616952767655164 2.55
    endloop
  endfacet
  facet normal -0.6293203910498377 0.7771459614569707 0
    outer loop
      vertex -22.65784953327064 7.394291013500072 2.55
      vertex -22.65784953327064 7.394291013500072 3.35
      vertex -21.84846326031011 8.049719094030726 2.55
    endloop
  endfacet
  facet normal -0.6293203910498377 0.7771459614569707 -4.7742574471664826e-17
    outer loop
      vertex -22.65784953327064 7.394291013500072 3.35
      vertex -21.84846326031011 8.049719094030726 3.35
      vertex -21.84846326031011 8.049719094030726 2.55
    endloop
  endfacet
  facet normal -0.5446390350150275 0.8386705679454237 0
    outer loop
      vertex -21.84846326031011 8.049719094030726 2.55
      vertex -21.84846326031011 8.049719094030726 3.35
      vertex -20.975 8.616952767655164 2.55
    endloop
  endfacet
  facet normal 0 0 -1
    outer loop
      vertex -21.672127684622367 7.807013995718243 2.55
      vertex -20.975 8.616952767655164 2.55
      vertex -20.825 8.357145146519834 2.55
    endloop
  endfacet
  facet normal -0.5446390350150275 0.8386705679454237 0
    outer loop
      vertex -20.975 8.616952767655164 2.55
      vertex -21.84846326031011 8.049719094030726 3.35
      vertex -20.975 8.616952767655164 3.35
    endloop
  endfacet
  facet normal 0 0 1
    outer loop
      vertex -22.65784953327064 7.394291013500072 3.35
      vertex -21.672127684622367 7.807013995718243 3.35
      vertex -21.84846326031011 8.049719094030726 3.35
    endloop
  endfacet
  facet normal 0 0 1
    outer loop
      vertex -21.672127684622367 7.807013995718243 3.35
      vertex -20.825 8.357145146519834 3.35
      vertex -21.84846326031011 8.049719094030726 3.35
    endloop
  endfacet
  facet normal 0 0 1
    outer loop
      vertex -21.84846326031011 8.049719094030726 3.35
      vertex -20.825 8.357145146519834 3.35
      vertex -20.975 8.616952767655164 3.35
    endloop
  endfacet
  facet normal 0 0 -1
    outer loop
      vertex -20.975 8.616952767655164 2.55
      vertex -20.04702959860421 9.089777303543878 2.55
      vertex -20.825 8.357145146519834 2.55
    endloop
  endfacet
  facet normal 0 0 -1
    outer loop
      vertex -20.825 8.357145146519834 2.55
      vertex -20.04702959860421 9.089777303543878 2.55
      vertex -19.925008605681473 8.8157136662511 2.55
    endloop
  endfacet
  facet normal -0.4539904997395458 0.8910065241883683 0
    outer loop
      vertex -20.975 8.616952767655164 2.55
      vertex -20.975 8.616952767655164 3.35
      vertex -20.04702959860421 9.089777303543878 2.55
    endloop
  endfacet
  facet normal -0.4539904997395458 0.8910065241883683 -5.233007604205555e-18
    outer loop
      vertex -20.975 8.616952767655164 3.35
      vertex -20.04702959860421 9.089777303543878 3.35
      vertex -20.04702959860421 9.089777303543878 2.55
    endloop
  endfacet
  facet normal 0 0 1
    outer loop
      vertex -20.975 8.616952767655164 3.35
      vertex -20.825 8.357145146519834 3.35
      vertex -19.925008605681473 8.8157136662511 3.35
    endloop
  endfacet
  facet normal 0 0 1
    outer loop
      vertex -20.975 8.616952767655164 3.35
      vertex -19.925008605681473 8.8157136662511 3.35
      vertex -20.04702959860421 9.089777303543878 3.35
    endloop
  endfacet
  facet normal 0 0 -1
    outer loop
      vertex -19.925008605681473 8.8157136662511 2.55
      vertex -20.04702959860421 9.089777303543878 2.55
      vertex -19.074719094030726 9.463012337136776 2.55
    endloop
  endfacet
  facet normal 0 0 -1
    outer loop
      vertex -19.925008605681473 8.8157136662511 2.55
      vertex -19.074719094030726 9.463012337136776 2.55
      vertex -18.98201399571824 9.177695382248231 2.55
    endloop
  endfacet
  facet normal -0.3583679495452996 0.933580426497202 0
    outer loop
      vertex -20.04702959860421 9.089777303543878 2.55
      vertex -20.04702959860421 9.089777303543878 3.35
      vertex -19.074719094030726 9.463012337136776 2.55
    endloop
  endfacet
  facet normal -0.3583679495452996 0.933580426497202 0
    outer loop
      vertex -19.074719094030726 9.463012337136776 2.55
      vertex -20.04702959860421 9.089777303543878 3.35
      vertex -19.074719094030726 9.463012337136776 3.35
    endloop
  endfacet
  facet normal 0 0 -1
    outer loop
      vertex -19.074719094030726 9.463012337136776 2.55
      vertex -18.068721323636705 9.732568627301365 2.55
      vertex -18.98201399571824 9.177695382248231 2.55
    endloop
  endfacet
  facet normal 0 0 -1
    outer loop
      vertex -18.98201399571824 9.177695382248231 2.55
      vertex -18.068721323636705 9.732568627301365 2.55
      vertex -18.00634781639138 9.439124347081226 2.55
    endloop
  endfacet
  facet normal 0 0 -1
    outer loop
      vertex -18.068721323636705 9.732568627301365 2.55
      vertex -17.040058209513152 9.895492858914318 2.55
      vertex -18.00634781639138 9.439124347081226 2.55
    endloop
  endfacet
  facet normal -0.2588190451025216 0.9659258262890682 0
    outer loop
      vertex -19.074719094030726 9.463012337136776 2.55
      vertex -19.074719094030726 9.463012337136776 3.35
      vertex -18.068721323636705 9.732568627301365 2.55
    endloop
  endfacet
  facet normal -0.2588190451025216 0.9659258262890682 -2.256177944643789e-17
    outer loop
      vertex -19.074719094030726 9.463012337136776 3.35
      vertex -18.068721323636705 9.732568627301365 3.35
      vertex -18.068721323636705 9.732568627301365 2.55
    endloop
  endfacet
  facet normal -0.15643446504023045 0.9876883405951378 0
    outer loop
      vertex -18.068721323636705 9.732568627301365 2.55
      vertex -18.068721323636705 9.732568627301365 3.35
      vertex -17.040058209513152 9.895492858914318 2.55
    endloop
  endfacet
  facet normal 0 0 1
    outer loop
      vertex -19.925008605681473 8.8157136662511 3.35
      vertex -18.98201399571824 9.177695382248231 3.35
      vertex -20.04702959860421 9.089777303543878 3.35
    endloop
  endfacet
  facet normal 0 0 1
    outer loop
      vertex -20.04702959860421 9.089777303543878 3.35
      vertex -18.98201399571824 9.177695382248231 3.35
      vertex -19.074719094030726 9.463012337136776 3.35
    endloop
  endfacet
  facet normal 0 0 1
    outer loop
      vertex -19.074719094030726 9.463012337136776 3.35
      vertex -18.98201399571824 9.177695382248231 3.35
      vertex -18.00634781639138 9.439124347081226 3.35
    endloop
  endfacet
  facet normal 0 0 1
    outer loop
      vertex -19.074719094030726 9.463012337136776 3.35
      vertex -18.00634781639138 9.439124347081226 3.35
      vertex -18.068721323636705 9.732568627301365 3.35
    endloop
  endfacet
  facet normal 0 0 1
    outer loop
      vertex -18.068721323636705 9.732568627301365 3.35
      vertex -18.00634781639138 9.439124347081226 3.35
      vertex -17.008699670532856 9.597136290303837 3.35
    endloop
  endfacet
  facet normal 0 0 -1
    outer loop
      vertex -18.00634781639138 9.439124347081226 2.55
      vertex -17.040058209513152 9.895492858914318 2.55
      vertex -17.008699670532856 9.597136290303837 2.55
    endloop
  endfacet
  facet normal 0 0 -1
    outer loop
      vertex -17.008699670532856 9.597136290303837 2.55
      vertex -16 9.95 2.55
      vertex -16 9.65 2.55
    endloop
  endfacet
  facet normal 0 0 -1
    outer loop
      vertex -17.008699670532856 9.597136290303837 2.55
      vertex -17.040058209513152 9.895492858914318 2.55
      vertex -16 9.95 2.55
    endloop
  endfacet
  facet normal -0.05233595624294451 0.9986295347545738 0
    outer loop
      vertex -17.040058209513152 9.895492858914318 2.55
      vertex -17.040058209513152 9.895492858914318 3.35
      vertex -16 9.95 2.55
    endloop
  endfacet
  facet normal -0.15643446504023045 0.9876883405951378 4.183565243734976e-18
    outer loop
      vertex -18.068721323636705 9.732568627301365 3.35
      vertex -17.040058209513152 9.895492858914318 3.35
      vertex -17.040058209513152 9.895492858914318 2.55
    endloop
  endfacet
  facet normal -0.05233595624294451 0.9986295347545738 -2.9818617022203e-18
    outer loop
      vertex -17.040058209513152 9.895492858914318 3.35
      vertex -16 9.95 3.35
      vertex -16 9.95 2.55
    endloop
  endfacet
  facet normal 0 0 -1
    outer loop
      vertex -16 9.65 2.55
      vertex -14.959941790486848 9.895492858914318 2.55
      vertex -14.991300329467144 9.597136290303837 2.55
    endloop
  endfacet
  facet normal 0 0 -1
    outer loop
      vertex -14.991300329467144 9.597136290303837 2.55
      vertex -14.959941790486848 9.895492858914318 2.55
      vertex -13.931278676363295 9.732568627301365 2.55
    endloop
  endfacet
  facet normal 0 0 -1
    outer loop
      vertex -14.991300329467144 9.597136290303837 2.55
      vertex -13.931278676363295 9.732568627301365 2.55
      vertex -13.993652183608623 9.439124347081226 2.55
    endloop
  endfacet
  facet normal 0 0 -1
    outer loop
      vertex -16 9.65 2.55
      vertex -16 9.95 2.55
      vertex -14.959941790486848 9.895492858914318 2.55
    endloop
  endfacet
  facet normal 0.05233595624294451 0.9986295347545738 0
    outer loop
      vertex -16 9.95 2.55
      vertex -16 9.95 3.35
      vertex -14.959941790486848 9.895492858914318 2.55
    endloop
  endfacet
  facet normal 0.05233595624294451 0.9986295347545738 0
    outer loop
      vertex -14.959941790486848 9.895492858914318 2.55
      vertex -16 9.95 3.35
      vertex -14.959941790486848 9.895492858914318 3.35
    endloop
  endfacet
  facet normal 0.15643446504023045 0.9876883405951378 0
    outer loop
      vertex -14.959941790486848 9.895492858914318 2.55
      vertex -14.959941790486848 9.895492858914318 3.35
      vertex -13.931278676363295 9.732568627301365 2.55
    endloop
  endfacet
  facet normal 0.15643446504023045 0.9876883405951378 -4.183565243734976e-18
    outer loop
      vertex -14.959941790486848 9.895492858914318 3.35
      vertex -13.931278676363295 9.732568627301365 3.35
      vertex -13.931278676363295 9.732568627301365 2.55
    endloop
  endfacet
  facet normal 0 0 1
    outer loop
      vertex -18.068721323636705 9.732568627301365 3.35
      vertex -17.008699670532856 9.597136290303837 3.35
      vertex -17.040058209513152 9.895492858914318 3.35
    endloop
  endfacet
  facet normal 0 0 1
    outer loop
      vertex -17.008699670532856 9.597136290303837 3.35
      vertex -16 9.65 3.35
      vertex -17.040058209513152 9.895492858914318 3.35
    endloop
  endfacet
  facet normal 0 0 1
    outer loop
      vertex -17.040058209513152 9.895492858914318 3.35
      vertex -16 9.65 3.35
      vertex -16 9.95 3.35
    endloop
  endfacet
  facet normal 0 0 1
    outer loop
      vertex -16 9.65 3.35
      vertex -14.991300329467144 9.597136290303837 3.35
      vertex -16 9.95 3.35
    endloop
  endfacet
  facet normal 0 0 1
    outer loop
      vertex -14.991300329467144 9.597136290303837 3.35
      vertex -13.993652183608623 9.439124347081226 3.35
      vertex -14.959941790486848 9.895492858914318 3.35
    endloop
  endfacet
  facet normal 0 0 1
    outer loop
      vertex -14.959941790486848 9.895492858914318 3.35
      vertex -13.993652183608623 9.439124347081226 3.35
      vertex -13.931278676363295 9.732568627301365 3.35
    endloop
  endfacet
  facet normal 0 0 1
    outer loop
      vertex -16 9.95 3.35
      vertex -14.991300329467144 9.597136290303837 3.35
      vertex -14.959941790486848 9.895492858914318 3.35
    endloop
  endfacet
  facet normal 0 0 -1
    outer loop
      vertex -7.184286333748901 3.925008605681472 2.55
      vertex -7.642854853480166 4.825 2.55
      vertex -6.910222696456122 4.047029598604212 2.55
    endloop
  endfacet
  facet normal 0.8910065241883679 0.45399049973954647 1.3919913819093335e-17
    outer loop
      vertex -7.383047232344836 4.975 2.55
      vertex -6.910222696456122 4.047029598604212 3.35
      vertex -6.910222696456122 4.047029598604212 2.55
    endloop
  endfacet
  facet normal 0 0 1
    outer loop
      vertex -7.184286333748901 3.925008605681472 3.35
      vertex -6.910222696456122 4.047029598604212 3.35
      vertex -7.383047232344836 4.975 3.35
    endloop
  endfacet
  facet normal 0 0 -1
    outer loop
      vertex -7.642854853480166 4.825 2.55
      vertex -7.383047232344836 4.975 2.55
      vertex -6.910222696456122 4.047029598604212 2.55
    endloop
  endfacet
  facet normal 0 0 -1
    outer loop
      vertex -8.192986004281757 5.672127684622366 2.55
      vertex -7.383047232344836 4.975 2.55
      vertex -7.642854853480166 4.825 2.55
    endloop
  endfacet
  facet normal 0.8910065241883679 0.45399049973954647 0
    outer loop
      vertex -7.383047232344836 4.975 2.55
      vertex -7.383047232344836 4.975 3.35
      vertex -6.910222696456122 4.047029598604212 3.35
    endloop
  endfacet
  facet normal 0 0 -1
    outer loop
      vertex -8.192986004281757 5.672127684622366 2.55
      vertex -8.828652434143144 6.457110351362982 2.55
      vertex -7.950280905969274 5.848463260310107 2.55
    endloop
  endfacet
  facet normal 0 0 -1
    outer loop
      vertex -8.192986004281757 5.672127684622366 2.55
      vertex -7.950280905969274 5.848463260310107 2.55
      vertex -7.383047232344836 4.975 2.55
    endloop
  endfacet
  facet normal 0.8386705679454239 0.5446390350150272 -1.6665054839507643e-18
    outer loop
      vertex -7.950280905969274 5.848463260310107 2.55
      vertex -7.383047232344836 4.975 3.35
      vertex -7.383047232344836 4.975 2.55
    endloop
  endfacet
  facet normal 0.8386705679454239 0.5446390350150272 0
    outer loop
      vertex -7.950280905969274 5.848463260310107 2.55
      vertex -7.950280905969274 5.848463260310107 3.35
      vertex -7.383047232344836 4.975 3.35
    endloop
  endfacet
  facet normal 0 0 1
    outer loop
      vertex -7.184286333748901 3.925008605681472 3.35
      vertex -7.383047232344836 4.975 3.35
      vertex -7.642854853480166 4.825 3.35
    endloop
  endfacet
  facet normal 0 0 1
    outer loop
      vertex -7.950280905969274 5.848463260310107 3.35
      vertex -7.642854853480166 4.825 3.35
      vertex -7.383047232344836 4.975 3.35
    endloop
  endfacet
  facet normal 0 0 1
    outer loop
      vertex -8.192986004281757 5.672127684622366 3.35
      vertex -7.642854853480166 4.825 3.35
      vertex -7.950280905969274 5.848463260310107 3.35
    endloop
  endfacet
  facet normal 0 0 -1
    outer loop
      vertex -6.104507141085682 1.0400582095131519 2.55
      vertex -6.050000000000001 0 2.55
      vertex -6.35 0 2.55
    endloop
  endfacet
  facet normal 0.9986295347545738 0.05233595624294451 2.9818617022203e-18
    outer loop
      vertex -6.104507141085682 1.0400582095131519 2.55
      vertex -6.050000000000001 0 3.35
      vertex -6.050000000000001 0 2.55
    endloop
  endfacet
  facet normal 0.9986295347545738 0.05233595624294451 0
    outer loop
      vertex -6.104507141085682 1.0400582095131519 2.55
      vertex -6.104507141085682 1.0400582095131519 3.35
      vertex -6.050000000000001 0 3.35
    endloop
  endfacet
  facet normal 0 0 -1
    outer loop
      vertex -6.402863709696163 1.0086996705328561 2.55
      vertex -6.267431372698635 2.0687213236367055 2.55
      vertex -6.35 0 2.55
    endloop
  endfacet
  facet normal 0 0 -1
    outer loop
      vertex -6.104507141085682 1.0400582095131519 2.55
      vertex -6.35 0 2.55
      vertex -6.267431372698635 2.0687213236367055 2.55
    endloop
  endfacet
  facet normal 0.9876883405951378 0.1564344650402304 0
    outer loop
      vertex -6.104507141085682 1.0400582095131519 2.55
      vertex -6.267431372698635 2.0687213236367055 2.55
      vertex -6.104507141085682 1.0400582095131519 3.35
    endloop
  endfacet
  facet normal 0 0 1
    outer loop
      vertex -6.267431372698635 2.0687213236367055 3.35
      vertex -6.35 0 3.35
      vertex -6.050000000000001 0 3.35
    endloop
  endfacet
  facet normal 0 0 1
    outer loop
      vertex -6.402863709696163 1.0086996705328561 3.35
      vertex -6.35 0 3.35
      vertex -6.267431372698635 2.0687213236367055 3.35
    endloop
  endfacet
  facet normal 0 0 1
    outer loop
      vertex -6.104507141085682 1.0400582095131519 3.35
      vertex -6.267431372698635 2.0687213236367055 3.35
      vertex -6.050000000000001 0 3.35
    endloop
  endfacet
  facet normal 0 0 -1
    outer loop
      vertex -6.402863709696163 1.0086996705328561 2.55
      vertex -6.560875652918774 2.006347816391378 2.55
      vertex -6.267431372698635 2.0687213236367055 2.55
    endloop
  endfacet
  facet normal 0.9876883405951378 0.1564344650402304 8.915312822869906e-18
    outer loop
      vertex -6.104507141085682 1.0400582095131519 3.35
      vertex -6.267431372698635 2.0687213236367055 2.55
      vertex -6.267431372698635 2.0687213236367055 3.35
    endloop
  endfacet
  facet normal 0 0 -1
    outer loop
      vertex -6.560875652918774 2.006347816391378 2.55
      vertex -6.536987662863224 3.0747190940307263 2.55
      vertex -6.267431372698635 2.0687213236367055 2.55
    endloop
  endfacet
  facet normal 0 0 -1
    outer loop
      vertex -6.560875652918774 2.006347816391378 2.55
      vertex -6.822304617751769 2.9820139957182423 2.55
      vertex -6.536987662863224 3.0747190940307263 2.55
    endloop
  endfacet
  facet normal 0.9659258262890681 0.25881904510252174 0
    outer loop
      vertex -6.267431372698635 2.0687213236367055 2.55
      vertex -6.536987662863224 3.0747190940307263 2.55
      vertex -6.267431372698635 2.0687213236367055 3.35
    endloop
  endfacet
  facet normal 0.9659258262890681 0.25881904510252174 3.2985276944734294e-17
    outer loop
      vertex -6.267431372698635 2.0687213236367055 3.35
      vertex -6.536987662863224 3.0747190940307263 2.55
      vertex -6.536987662863224 3.0747190940307263 3.35
    endloop
  endfacet
  facet normal 0 0 1
    outer loop
      vertex -6.402863709696163 1.0086996705328561 3.35
      vertex -6.536987662863224 3.0747190940307263 3.35
      vertex -6.560875652918774 2.006347816391378 3.35
    endloop
  endfacet
  facet normal 0 0 1
    outer loop
      vertex -6.402863709696163 1.0086996705328561 3.35
      vertex -6.267431372698635 2.0687213236367055 3.35
      vertex -6.536987662863224 3.0747190940307263 3.35
    endloop
  endfacet
  facet normal 0 0 1
    outer loop
      vertex -6.560875652918774 2.006347816391378 3.35
      vertex -6.536987662863224 3.0747190940307263 3.35
      vertex -6.822304617751769 2.9820139957182423 3.35
    endloop
  endfacet
  facet normal 0 0 -1
    outer loop
      vertex -7.184286333748901 3.925008605681472 2.55
      vertex -6.536987662863224 3.0747190940307263 2.55
      vertex -6.822304617751769 2.9820139957182423 2.55
    endloop
  endfacet
  facet normal 0 0 -1
    outer loop
      vertex -7.184286333748901 3.925008605681472 2.55
      vertex -6.910222696456122 4.047029598604212 2.55
      vertex -6.536987662863224 3.0747190940307263 2.55
    endloop
  endfacet
  facet normal 0.933580426497202 0.3583679495452996 0
    outer loop
      vertex -6.536987662863224 3.0747190940307263 2.55
      vertex -6.910222696456122 4.047029598604212 2.55
      vertex -6.536987662863224 3.0747190940307263 3.35
    endloop
  endfacet
  facet normal 0.933580426497202 0.3583679495452996 0
    outer loop
      vertex -6.910222696456122 4.047029598604212 2.55
      vertex -6.910222696456122 4.047029598604212 3.35
      vertex -6.536987662863224 3.0747190940307263 3.35
    endloop
  endfacet
  facet normal 0 0 1
    outer loop
      vertex -6.822304617751769 2.9820139957182423 3.35
      vertex -6.536987662863224 3.0747190940307263 3.35
      vertex -6.910222696456122 4.047029598604212 3.35
    endloop
  endfacet
  facet normal 0 0 1
    outer loop
      vertex -7.184286333748901 3.925008605681472 3.35
      vertex -6.822304617751769 2.9820139957182423 3.35
      vertex -6.910222696456122 4.047029598604212 3.35
    endloop
  endfacet
  facet normal 0 0 -1
    outer loop
      vertex -11.175 8.357145146519834 2.55
      vertex -10.151536739689892 8.049719094030726 2.55
      vertex -10.327872315377634 7.807013995718243 2.55
    endloop
  endfacet
  facet normal 0 0 -1
    outer loop
      vertex -12.074991394318527 8.8157136662511 2.55
      vertex -11.025 8.616952767655164 2.55
      vertex -11.175 8.357145146519834 2.55
    endloop
  endfacet
  facet normal 0 0 -1
    outer loop
      vertex -12.074991394318527 8.8157136662511 2.55
      vertex -11.952970401395788 9.089777303543878 2.55
      vertex -11.025 8.616952767655164 2.55
    endloop
  endfacet
  facet normal 0 0 -1
    outer loop
      vertex -11.175 8.357145146519834 2.55
      vertex -11.025 8.616952767655164 2.55
      vertex -10.151536739689892 8.049719094030726 2.55
    endloop
  endfacet
  facet normal 0.45399049973954647 0.8910065241883679 1.3919913819093335e-17
    outer loop
      vertex -11.025 8.616952767655164 2.55
      vertex -11.952970401395788 9.089777303543878 2.55
      vertex -11.952970401395788 9.089777303543878 3.35
    endloop
  endfacet
  facet normal 0.5446390350150268 0.8386705679454242 0
    outer loop
      vertex -11.025 8.616952767655164 2.55
      vertex -11.025 8.616952767655164 3.35
      vertex -10.151536739689892 8.049719094030726 2.55
    endloop
  endfacet
  facet normal 0.45399049973954647 0.8910065241883679 0
    outer loop
      vertex -11.025 8.616952767655164 2.55
      vertex -11.952970401395788 9.089777303543878 3.35
      vertex -11.025 8.616952767655164 3.35
    endloop
  endfacet
  facet normal 0 0 1
    outer loop
      vertex -11.025 8.616952767655164 3.35
      vertex -10.327872315377634 7.807013995718243 3.35
      vertex -10.151536739689892 8.049719094030726 3.35
    endloop
  endfacet
  facet normal 0 0 1
    outer loop
      vertex -12.074991394318527 8.8157136662511 3.35
      vertex -11.175 8.357145146519834 3.35
      vertex -11.952970401395788 9.089777303543878 3.35
    endloop
  endfacet
  facet normal 0 0 1
    outer loop
      vertex -11.175 8.357145146519834 3.35
      vertex -11.025 8.616952767655164 3.35
      vertex -11.952970401395788 9.089777303543878 3.35
    endloop
  endfacet
  facet normal 0 0 1
    outer loop
      vertex -11.175 8.357145146519834 3.35
      vertex -10.327872315377634 7.807013995718243 3.35
      vertex -11.025 8.616952767655164 3.35
    endloop
  endfacet
  facet normal 0 0 -1
    outer loop
      vertex -10.327872315377634 7.807013995718243 2.55
      vertex -9.342150466729361 7.394291013500072 2.55
      vertex -9.542889648637018 7.171347565856855 2.55
    endloop
  endfacet
  facet normal 0 0 -1
    outer loop
      vertex -9.542889648637018 7.171347565856855 2.55
      vertex -8.605708986499927 6.657849533270639 2.55
      vertex -8.828652434143144 6.457110351362982 2.55
    endloop
  endfacet
  facet normal 0 0 -1
    outer loop
      vertex -9.542889648637018 7.171347565856855 2.55
      vertex -9.342150466729361 7.394291013500072 2.55
      vertex -8.605708986499927 6.657849533270639 2.55
    endloop
  endfacet
  facet normal 0.7071067811865471 0.7071067811865479 -3.4082324598429504e-17
    outer loop
      vertex -9.342150466729361 7.394291013500072 2.55
      vertex -8.605708986499927 6.657849533270639 3.35
      vertex -8.605708986499927 6.657849533270639 2.55
    endloop
  endfacet
  facet normal 0.7071067811865471 0.7071067811865479 0
    outer loop
      vertex -9.342150466729361 7.394291013500072 2.55
      vertex -9.342150466729361 7.394291013500072 3.35
      vertex -8.605708986499927 6.657849533270639 3.35
    endloop
  endfacet
  facet normal 0 0 -1
    outer loop
      vertex -7.950280905969274 5.848463260310107 2.55
      vertex -8.828652434143144 6.457110351362982 2.55
      vertex -8.605708986499927 6.657849533270639 2.55
    endloop
  endfacet
  facet normal 0.7771459614569715 0.6293203910498367 0
    outer loop
      vertex -7.950280905969274 5.848463260310107 2.55
      vertex -8.605708986499927 6.657849533270639 2.55
      vertex -7.950280905969274 5.848463260310107 3.35
    endloop
  endfacet
  facet normal 0.7771459614569715 0.6293203910498367 -5.463794172171181e-17
    outer loop
      vertex -7.950280905969274 5.848463260310107 3.35
      vertex -8.605708986499927 6.657849533270639 2.55
      vertex -8.605708986499927 6.657849533270639 3.35
    endloop
  endfacet
  facet normal 0 0 1
    outer loop
      vertex -9.542889648637018 7.171347565856855 3.35
      vertex -8.828652434143144 6.457110351362982 3.35
      vertex -9.342150466729361 7.394291013500072 3.35
    endloop
  endfacet
  facet normal 0 0 1
    outer loop
      vertex -9.342150466729361 7.394291013500072 3.35
      vertex -8.828652434143144 6.457110351362982 3.35
      vertex -8.605708986499927 6.657849533270639 3.35
    endloop
  endfacet
  facet normal 0 0 1
    outer loop
      vertex -8.192986004281757 5.672127684622366 3.35
      vertex -8.605708986499927 6.657849533270639 3.35
      vertex -8.828652434143144 6.457110351362982 3.35
    endloop
  endfacet
  facet normal 0 0 1
    outer loop
      vertex -8.192986004281757 5.672127684622366 3.35
      vertex -7.950280905969274 5.848463260310107 3.35
      vertex -8.605708986499927 6.657849533270639 3.35
    endloop
  endfacet
  facet normal 0 0 -1
    outer loop
      vertex -10.327872315377634 7.807013995718243 2.55
      vertex -10.151536739689892 8.049719094030726 2.55
      vertex -9.342150466729361 7.394291013500072 2.55
    endloop
  endfacet
  facet normal 0.6293203910498377 0.7771459614569707 0
    outer loop
      vertex -10.151536739689892 8.049719094030726 2.55
      vertex -10.151536739689892 8.049719094030726 3.35
      vertex -9.342150466729361 7.394291013500072 2.55
    endloop
  endfacet
  facet normal 0.5446390350150268 0.8386705679454242 0
    outer loop
      vertex -10.151536739689892 8.049719094030726 2.55
      vertex -11.025 8.616952767655164 3.35
      vertex -10.151536739689892 8.049719094030726 3.35
    endloop
  endfacet
  facet normal 0.6293203910498377 0.7771459614569707 4.7742574471664826e-17
    outer loop
      vertex -10.151536739689892 8.049719094030726 3.35
      vertex -9.342150466729361 7.394291013500072 3.35
      vertex -9.342150466729361 7.394291013500072 2.55
    endloop
  endfacet
  facet normal 0 0 1
    outer loop
      vertex -10.327872315377634 7.807013995718243 3.35
      vertex -9.542889648637018 7.171347565856855 3.35
      vertex -10.151536739689892 8.049719094030726 3.35
    endloop
  endfacet
  facet normal 0 0 1
    outer loop
      vertex -10.151536739689892 8.049719094030726 3.35
      vertex -9.542889648637018 7.171347565856855 3.35
      vertex -9.342150466729361 7.394291013500072 3.35
    endloop
  endfacet
  facet normal 0 0 -1
    outer loop
      vertex -13.993652183608623 9.439124347081226 2.55
      vertex -12.925280905969274 9.463012337136776 2.55
      vertex -13.017986004281758 9.177695382248231 2.55
    endloop
  endfacet
  facet normal 0 0 -1
    outer loop
      vertex -13.993652183608623 9.439124347081226 2.55
      vertex -13.931278676363295 9.732568627301365 2.55
      vertex -12.925280905969274 9.463012337136776 2.55
    endloop
  endfacet
  facet normal 0 0 -1
    outer loop
      vertex -13.017986004281758 9.177695382248231 2.55
      vertex -11.952970401395788 9.089777303543878 2.55
      vertex -12.074991394318527 8.8157136662511 2.55
    endloop
  endfacet
  facet normal 0 0 -1
    outer loop
      vertex -13.017986004281758 9.177695382248231 2.55
      vertex -12.925280905969274 9.463012337136776 2.55
      vertex -11.952970401395788 9.089777303543878 2.55
    endloop
  endfacet
  facet normal 0.2588190451025216 0.9659258262890682 0
    outer loop
      vertex -13.931278676363295 9.732568627301365 2.55
      vertex -13.931278676363295 9.732568627301365 3.35
      vertex -12.925280905969274 9.463012337136776 2.55
    endloop
  endfacet
  facet normal 0.2588190451025216 0.9659258262890682 2.256177944643789e-17
    outer loop
      vertex -13.931278676363295 9.732568627301365 3.35
      vertex -12.925280905969274 9.463012337136776 3.35
      vertex -12.925280905969274 9.463012337136776 2.55
    endloop
  endfacet
  facet normal 0.3583679495452996 0.933580426497202 0
    outer loop
      vertex -12.925280905969274 9.463012337136776 2.55
      vertex -12.925280905969274 9.463012337136776 3.35
      vertex -11.952970401395788 9.089777303543878 2.55
    endloop
  endfacet
  facet normal 0.3583679495452996 0.933580426497202 0
    outer loop
      vertex -11.952970401395788 9.089777303543878 2.55
      vertex -12.925280905969274 9.463012337136776 3.35
      vertex -11.952970401395788 9.089777303543878 3.35
    endloop
  endfacet
  facet normal 0 0 1
    outer loop
      vertex -13.993652183608623 9.439124347081226 3.35
      vertex -13.017986004281758 9.177695382248231 3.35
      vertex -13.931278676363295 9.732568627301365 3.35
    endloop
  endfacet
  facet normal 0 0 1
    outer loop
      vertex -13.931278676363295 9.732568627301365 3.35
      vertex -13.017986004281758 9.177695382248231 3.35
      vertex -12.925280905969274 9.463012337136776 3.35
    endloop
  endfacet
  facet normal 0 0 1
    outer loop
      vertex -13.017986004281758 9.177695382248231 3.35
      vertex -12.074991394318527 8.8157136662511 3.35
      vertex -12.925280905969274 9.463012337136776 3.35
    endloop
  endfacet
  facet normal 0 0 1
    outer loop
      vertex -12.074991394318527 8.8157136662511 3.35
      vertex -11.952970401395788 9.089777303543878 3.35
      vertex -12.925280905969274 9.463012337136776 3.35
    endloop
  endfacet
  facet normal 0 0 -1
    outer loop
      vertex 11.952970401395788 -9.089777303543878 2.55
      vertex 13.017986004281758 -9.177695382248231 2.55
      vertex 12.925280905969274 -9.463012337136776 2.55
    endloop
  endfacet
  facet normal 0 0 -1
    outer loop
      vertex 11.952970401395788 -9.089777303543878 2.55
      vertex 12.074991394318527 -8.8157136662511 2.55
      vertex 13.017986004281758 -9.177695382248231 2.55
    endloop
  endfacet
  facet normal 0 0 -1
    outer loop
      vertex 12.925280905969274 -9.463012337136776 2.55
      vertex 13.993652183608623 -9.439124347081226 2.55
      vertex 13.931278676363295 -9.732568627301365 2.55
    endloop
  endfacet
  facet normal 0 0 -1
    outer loop
      vertex 12.925280905969274 -9.463012337136776 2.55
      vertex 13.017986004281758 -9.177695382248231 2.55
      vertex 13.993652183608623 -9.439124347081226 2.55
    endloop
  endfacet
  facet normal -0.3583679495452996 -0.933580426497202 -1.2135047055321098e-17
    outer loop
      vertex 11.952970401395788 -9.089777303543878 2.55
      vertex 12.925280905969274 -9.463012337136776 2.55
      vertex 12.925280905969274 -9.463012337136776 3.35
    endloop
  endfacet
  facet normal -0.3583679495452996 -0.933580426497202 0
    outer loop
      vertex 11.952970401395788 -9.089777303543878 2.55
      vertex 12.925280905969274 -9.463012337136776 3.35
      vertex 11.952970401395788 -9.089777303543878 3.35
    endloop
  endfacet
  facet normal -0.2588190451025216 -0.9659258262890682 2.256177944643789e-17
    outer loop
      vertex 12.925280905969274 -9.463012337136776 2.55
      vertex 13.931278676363295 -9.732568627301365 2.55
      vertex 13.931278676363295 -9.732568627301365 3.35
    endloop
  endfacet
  facet normal -0.2588190451025216 -0.9659258262890682 0
    outer loop
      vertex 12.925280905969274 -9.463012337136776 2.55
      vertex 13.931278676363295 -9.732568627301365 3.35
      vertex 12.925280905969274 -9.463012337136776 3.35
    endloop
  endfacet
  facet normal 0 0 1
    outer loop
      vertex 11.952970401395788 -9.089777303543878 3.35
      vertex 12.925280905969274 -9.463012337136776 3.35
      vertex 12.074991394318527 -8.8157136662511 3.35
    endloop
  endfacet
  facet normal 0 0 1
    outer loop
      vertex 12.925280905969274 -9.463012337136776 3.35
      vertex 13.017986004281758 -9.177695382248231 3.35
      vertex 12.074991394318527 -8.8157136662511 3.35
    endloop
  endfacet
  facet normal 0 0 1
    outer loop
      vertex 12.925280905969274 -9.463012337136776 3.35
      vertex 13.931278676363295 -9.732568627301365 3.35
      vertex 13.017986004281758 -9.177695382248231 3.35
    endloop
  endfacet
  facet normal 0 0 1
    outer loop
      vertex 13.017986004281758 -9.177695382248231 3.35
      vertex 13.931278676363295 -9.732568627301365 3.35
      vertex 13.993652183608623 -9.439124347081226 3.35
    endloop
  endfacet
  facet normal 0 0 -1
    outer loop
      vertex 9.342150466729361 -7.394291013500072 2.55
      vertex 10.327872315377634 -7.807013995718243 2.55
      vertex 10.151536739689892 -8.049719094030726 2.55
    endloop
  endfacet
  facet normal -0.6293203910498377 -0.7771459614569707 0
    outer loop
      vertex 9.342150466729361 -7.394291013500072 2.55
      vertex 10.151536739689892 -8.049719094030726 3.35
      vertex 9.342150466729361 -7.394291013500072 3.35
    endloop
  endfacet
  facet normal -0.5446390350150268 -0.8386705679454242 0
    outer loop
      vertex 10.151536739689892 -8.049719094030726 2.55
      vertex 11.025 -8.616952767655164 3.35
      vertex 10.151536739689892 -8.049719094030726 3.35
    endloop
  endfacet
  facet normal -0.6293203910498377 -0.7771459614569707 4.7742574471664826e-17
    outer loop
      vertex 9.342150466729361 -7.394291013500072 2.55
      vertex 10.151536739689892 -8.049719094030726 2.55
      vertex 10.151536739689892 -8.049719094030726 3.35
    endloop
  endfacet
  facet normal 0 0 1
    outer loop
      vertex 9.342150466729361 -7.394291013500072 3.35
      vertex 10.151536739689892 -8.049719094030726 3.35
      vertex 9.542889648637018 -7.171347565856855 3.35
    endloop
  endfacet
  facet normal 0 0 1
    outer loop
      vertex 9.542889648637018 -7.171347565856855 3.35
      vertex 10.151536739689892 -8.049719094030726 3.35
      vertex 10.327872315377634 -7.807013995718243 3.35
    endloop
  endfacet
  facet normal 0 0 -1
    outer loop
      vertex 8.605708986499927 -6.657849533270639 2.55
      vertex 7.950280905969274 -5.848463260310107 2.55
      vertex 8.828652434143144 -6.457110351362982 2.55
    endloop
  endfacet
  facet normal -0.7771459614569715 -0.6293203910498367 0
    outer loop
      vertex 8.605708986499927 -6.657849533270639 2.55
      vertex 8.605708986499927 -6.657849533270639 3.35
      vertex 7.950280905969274 -5.848463260310107 3.35
    endloop
  endfacet
  facet normal -0.7771459614569715 -0.6293203910498367 -5.463794172171181e-17
    outer loop
      vertex 8.605708986499927 -6.657849533270639 2.55
      vertex 7.950280905969274 -5.848463260310107 3.35
      vertex 7.950280905969274 -5.848463260310107 2.55
    endloop
  endfacet
  facet normal 0 0 -1
    outer loop
      vertex 8.605708986499927 -6.657849533270639 2.55
      vertex 9.542889648637018 -7.171347565856855 2.55
      vertex 9.342150466729361 -7.394291013500072 2.55
    endloop
  endfacet
  facet normal 0 0 -1
    outer loop
      vertex 8.605708986499927 -6.657849533270639 2.55
      vertex 8.828652434143144 -6.457110351362982 2.55
      vertex 9.542889648637018 -7.171347565856855 2.55
    endloop
  endfacet
  facet normal 0 0 -1
    outer loop
      vertex 9.342150466729361 -7.394291013500072 2.55
      vertex 9.542889648637018 -7.171347565856855 2.55
      vertex 10.327872315377634 -7.807013995718243 2.55
    endloop
  endfacet
  facet normal -0.7071067811865471 -0.7071067811865479 0
    outer loop
      vertex 9.342150466729361 -7.394291013500072 2.55
      vertex 9.342150466729361 -7.394291013500072 3.35
      vertex 8.605708986499927 -6.657849533270639 3.35
    endloop
  endfacet
  facet normal -0.7071067811865471 -0.7071067811865479 0
    outer loop
      vertex 8.605708986499927 -6.657849533270639 2.55
      vertex 9.342150466729361 -7.394291013500072 2.55
      vertex 8.605708986499927 -6.657849533270639 3.35
    endloop
  endfacet
  facet normal 0 0 1
    outer loop
      vertex 8.605708986499927 -6.657849533270639 3.35
      vertex 8.192986004281757 -5.672127684622366 3.35
      vertex 7.950280905969274 -5.848463260310107 3.35
    endloop
  endfacet
  facet normal 0 0 1
    outer loop
      vertex 8.605708986499927 -6.657849533270639 3.35
      vertex 8.828652434143144 -6.457110351362982 3.35
      vertex 8.192986004281757 -5.672127684622366 3.35
    endloop
  endfacet
  facet normal 0 0 1
    outer loop
      vertex 8.605708986499927 -6.657849533270639 3.35
      vertex 9.342150466729361 -7.394291013500072 3.35
      vertex 8.828652434143144 -6.457110351362982 3.35
    endloop
  endfacet
  facet normal 0 0 1
    outer loop
      vertex 8.828652434143144 -6.457110351362982 3.35
      vertex 9.342150466729361 -7.394291013500072 3.35
      vertex 9.542889648637018 -7.171347565856855 3.35
    endloop
  endfacet
  facet normal 0 0 -1
    outer loop
      vertex 10.151536739689892 -8.049719094030726 2.55
      vertex 11.175 -8.357145146519834 2.55
      vertex 11.025 -8.616952767655164 2.55
    endloop
  endfacet
  facet normal 0 0 -1
    outer loop
      vertex 11.952970401395788 -9.089777303543878 2.55
      vertex 11.025 -8.616952767655164 2.55
      vertex 12.074991394318527 -8.8157136662511 2.55
    endloop
  endfacet
  facet normal 0 0 -1
    outer loop
      vertex 11.025 -8.616952767655164 2.55
      vertex 11.175 -8.357145146519834 2.55
      vertex 12.074991394318527 -8.8157136662511 2.55
    endloop
  endfacet
  facet normal -0.45399049973954647 -0.8910065241883679 1.3919913819093335e-17
    outer loop
      vertex 11.952970401395788 -9.089777303543878 3.35
      vertex 11.025 -8.616952767655164 3.35
      vertex 11.025 -8.616952767655164 2.55
    endloop
  endfacet
  facet normal -0.5446390350150268 -0.8386705679454242 -6.712599069882886e-18
    outer loop
      vertex 10.151536739689892 -8.049719094030726 2.55
      vertex 11.025 -8.616952767655164 2.55
      vertex 11.025 -8.616952767655164 3.35
    endloop
  endfacet
  facet normal -0.45399049973954647 -0.8910065241883679 0
    outer loop
      vertex 11.952970401395788 -9.089777303543878 2.55
      vertex 11.952970401395788 -9.089777303543878 3.35
      vertex 11.025 -8.616952767655164 2.55
    endloop
  endfacet
  facet normal 0 0 -1
    outer loop
      vertex 10.151536739689892 -8.049719094030726 2.55
      vertex 10.327872315377634 -7.807013995718243 2.55
      vertex 11.175 -8.357145146519834 2.55
    endloop
  endfacet
  facet normal 0 0 1
    outer loop
      vertex 10.327872315377634 -7.807013995718243 3.35
      vertex 11.025 -8.616952767655164 3.35
      vertex 11.175 -8.357145146519834 3.35
    endloop
  endfacet
  facet normal 0 0 1
    outer loop
      vertex 11.952970401395788 -9.089777303543878 3.35
      vertex 11.175 -8.357145146519834 3.35
      vertex 11.025 -8.616952767655164 3.35
    endloop
  endfacet
  facet normal 0 0 1
    outer loop
      vertex 11.952970401395788 -9.089777303543878 3.35
      vertex 12.074991394318527 -8.8157136662511 3.35
      vertex 11.175 -8.357145146519834 3.35
    endloop
  endfacet
  facet normal 0 0 1
    outer loop
      vertex 10.151536739689892 -8.049719094030726 3.35
      vertex 11.025 -8.616952767655164 3.35
      vertex 10.327872315377634 -7.807013995718243 3.35
    endloop
  endfacet
  facet normal 0 0 -1
    outer loop
      vertex 6.910222696456122 -4.047029598604212 2.55
      vertex 6.536987662863224 -3.0747190940307263 2.55
      vertex 7.184286333748901 -3.925008605681472 2.55
    endloop
  endfacet
  facet normal 0 0 -1
    outer loop
      vertex 6.536987662863224 -3.0747190940307263 2.55
      vertex 6.822304617751769 -2.9820139957182423 2.55
      vertex 7.184286333748901 -3.925008605681472 2.55
    endloop
  endfacet
  facet normal -0.933580426497202 -0.3583679495452996 -1.2135047055321098e-17
    outer loop
      vertex 6.910222696456122 -4.047029598604212 2.55
      vertex 6.536987662863224 -3.0747190940307263 3.35
      vertex 6.536987662863224 -3.0747190940307263 2.55
    endloop
  endfacet
  facet normal -0.933580426497202 -0.3583679495452996 0
    outer loop
      vertex 6.910222696456122 -4.047029598604212 2.55
      vertex 6.910222696456122 -4.047029598604212 3.35
      vertex 6.536987662863224 -3.0747190940307263 3.35
    endloop
  endfacet
  facet normal 0 0 1
    outer loop
      vertex 6.910222696456122 -4.047029598604212 3.35
      vertex 7.184286333748901 -3.925008605681472 3.35
      vertex 6.822304617751769 -2.9820139957182423 3.35
    endloop
  endfacet
  facet normal 0 0 1
    outer loop
      vertex 6.910222696456122 -4.047029598604212 3.35
      vertex 6.822304617751769 -2.9820139957182423 3.35
      vertex 6.536987662863224 -3.0747190940307263 3.35
    endloop
  endfacet
  facet normal 0 0 -1
    outer loop
      vertex 6.536987662863224 -3.0747190940307263 2.55
      vertex 6.560875652918774 -2.006347816391378 2.55
      vertex 6.822304617751769 -2.9820139957182423 2.55
    endloop
  endfacet
  facet normal 0 0 -1
    outer loop
      vertex 6.536987662863224 -3.0747190940307263 2.55
      vertex 6.267431372698635 -2.0687213236367055 2.55
      vertex 6.560875652918774 -2.006347816391378 2.55
    endloop
  endfacet
  facet normal -0.9659258262890681 -0.25881904510252174 0
    outer loop
      vertex 6.536987662863224 -3.0747190940307263 2.55
      vertex 6.536987662863224 -3.0747190940307263 3.35
      vertex 6.267431372698635 -2.0687213236367055 3.35
    endloop
  endfacet
  facet normal -0.9659258262890681 -0.25881904510252174 3.2985276944734294e-17
    outer loop
      vertex 6.536987662863224 -3.0747190940307263 2.55
      vertex 6.267431372698635 -2.0687213236367055 3.35
      vertex 6.267431372698635 -2.0687213236367055 2.55
    endloop
  endfacet
  facet normal 0 0 -1
    outer loop
      vertex 6.267431372698635 -2.0687213236367055 2.55
      vertex 6.402863709696163 -1.0086996705328561 2.55
      vertex 6.560875652918774 -2.006347816391378 2.55
    endloop
  endfacet
  facet normal -0.9876883405951378 -0.1564344650402304 0
    outer loop
      vertex 6.267431372698635 -2.0687213236367055 2.55
      vertex 6.267431372698635 -2.0687213236367055 3.35
      vertex 6.104507141085682 -1.0400582095131519 3.35
    endloop
  endfacet
  facet normal 0 0 1
    outer loop
      vertex 6.536987662863224 -3.0747190940307263 3.35
      vertex 6.822304617751769 -2.9820139957182423 3.35
      vertex 6.560875652918774 -2.006347816391378 3.35
    endloop
  endfacet
  facet normal 0 0 1
    outer loop
      vertex 6.536987662863224 -3.0747190940307263 3.35
      vertex 6.402863709696163 -1.0086996705328561 3.35
      vertex 6.267431372698635 -2.0687213236367055 3.35
    endloop
  endfacet
  facet normal 0 0 1
    outer loop
      vertex 6.536987662863224 -3.0747190940307263 3.35
      vertex 6.560875652918774 -2.006347816391378 3.35
      vertex 6.402863709696163 -1.0086996705328561 3.35
    endloop
  endfacet
  facet normal 0 0 -1
    outer loop
      vertex 6.267431372698635 -2.0687213236367055 2.55
      vertex 6.104507141085682 -1.0400582095131519 2.55
      vertex 6.35 0 2.55
    endloop
  endfacet
  facet normal 0 0 -1
    outer loop
      vertex 6.267431372698635 -2.0687213236367055 2.55
      vertex 6.35 0 2.55
      vertex 6.402863709696163 -1.0086996705328561 2.55
    endloop
  endfacet
  facet normal -0.9876883405951378 -0.1564344650402304 8.915312822869906e-18
    outer loop
      vertex 6.267431372698635 -2.0687213236367055 2.55
      vertex 6.104507141085682 -1.0400582095131519 3.35
      vertex 6.104507141085682 -1.0400582095131519 2.55
    endloop
  endfacet
  facet normal 0 0 -1
    outer loop
      vertex 6.104507141085682 -1.0400582095131519 2.55
      vertex 6.050000000000001 0 2.55
      vertex 6.35 0 2.55
    endloop
  endfacet
  facet normal -0.9986295347545738 -0.05233595624294451 0
    outer loop
      vertex 6.104507141085682 -1.0400582095131519 2.55
      vertex 6.104507141085682 -1.0400582095131519 3.35
      vertex 6.050000000000001 0 3.35
    endloop
  endfacet
  facet normal -0.9986295347545738 -0.05233595624294451 2.9818617022203e-18
    outer loop
      vertex 6.104507141085682 -1.0400582095131519 2.55
      vertex 6.050000000000001 0 3.35
      vertex 6.050000000000001 0 2.55
    endloop
  endfacet
  facet normal 0 0 1
    outer loop
      vertex 6.267431372698635 -2.0687213236367055 3.35
      vertex 6.050000000000001 0 3.35
      vertex 6.104507141085682 -1.0400582095131519 3.35
    endloop
  endfacet
  facet normal 0 0 1
    outer loop
      vertex 6.267431372698635 -2.0687213236367055 3.35
      vertex 6.402863709696163 -1.0086996705328561 3.35
      vertex 6.35 0 3.35
    endloop
  endfacet
  facet normal 0 0 1
    outer loop
      vertex 6.267431372698635 -2.0687213236367055 3.35
      vertex 6.35 0 3.35
      vertex 6.050000000000001 0 3.35
    endloop
  endfacet
  facet normal 0 0 -1
    outer loop
      vertex 7.383047232344836 -4.975 2.55
      vertex 8.192986004281757 -5.672127684622366 2.55
      vertex 7.950280905969274 -5.848463260310107 2.55
    endloop
  endfacet
  facet normal 0 0 -1
    outer loop
      vertex 8.828652434143144 -6.457110351362982 2.55
      vertex 7.950280905969274 -5.848463260310107 2.55
      vertex 8.192986004281757 -5.672127684622366 2.55
    endloop
  endfacet
  facet normal -0.8386705679454239 -0.5446390350150272 0
    outer loop
      vertex 7.383047232344836 -4.975 2.55
      vertex 7.950280905969274 -5.848463260310107 2.55
      vertex 7.383047232344836 -4.975 3.35
    endloop
  endfacet
  facet normal -0.8386705679454239 -0.5446390350150272 0
    outer loop
      vertex 7.950280905969274 -5.848463260310107 2.55
      vertex 7.950280905969274 -5.848463260310107 3.35
      vertex 7.383047232344836 -4.975 3.35
    endloop
  endfacet
  facet normal 0 0 -1
    outer loop
      vertex 7.383047232344836 -4.975 2.55
      vertex 7.642854853480166 -4.825 2.55
      vertex 8.192986004281757 -5.672127684622366 2.55
    endloop
  endfacet
  facet normal 0 0 -1
    outer loop
      vertex 6.910222696456122 -4.047029598604212 2.55
      vertex 7.642854853480166 -4.825 2.55
      vertex 7.383047232344836 -4.975 2.55
    endloop
  endfacet
  facet normal -0.8910065241883679 -0.45399049973954647 1.3919913819093335e-17
    outer loop
      vertex 6.910222696456122 -4.047029598604212 3.35
      vertex 7.383047232344836 -4.975 2.55
      vertex 7.383047232344836 -4.975 3.35
    endloop
  endfacet
  facet normal 0 0 1
    outer loop
      vertex 7.642854853480166 -4.825 3.35
      vertex 7.950280905969274 -5.848463260310107 3.35
      vertex 8.192986004281757 -5.672127684622366 3.35
    endloop
  endfacet
  facet normal 0 0 1
    outer loop
      vertex 7.383047232344836 -4.975 3.35
      vertex 7.950280905969274 -5.848463260310107 3.35
      vertex 7.642854853480166 -4.825 3.35
    endloop
  endfacet
  facet normal 0 0 1
    outer loop
      vertex 7.383047232344836 -4.975 3.35
      vertex 7.642854853480166 -4.825 3.35
      vertex 7.184286333748901 -3.925008605681472 3.35
    endloop
  endfacet
  facet normal 0 0 -1
    outer loop
      vertex 6.910222696456122 -4.047029598604212 2.55
      vertex 7.184286333748901 -3.925008605681472 2.55
      vertex 7.642854853480166 -4.825 2.55
    endloop
  endfacet
  facet normal -0.8910065241883679 -0.45399049973954647 0
    outer loop
      vertex 6.910222696456122 -4.047029598604212 2.55
      vertex 7.383047232344836 -4.975 2.55
      vertex 6.910222696456122 -4.047029598604212 3.35
    endloop
  endfacet
  facet normal 0 0 1
    outer loop
      vertex 6.910222696456122 -4.047029598604212 3.35
      vertex 7.383047232344836 -4.975 3.35
      vertex 7.184286333748901 -3.925008605681472 3.35
    endloop
  endfacet
  facet normal 0 0 -1
    outer loop
      vertex 14.959941790486848 -9.895492858914318 2.55
      vertex 16 -9.65 2.55
      vertex 16 -9.95 2.55
    endloop
  endfacet
  facet normal -0.15643446504023045 -0.9876883405951378 -4.183565243734976e-18
    outer loop
      vertex 13.931278676363295 -9.732568627301365 2.55
      vertex 14.959941790486848 -9.895492858914318 2.55
      vertex 14.959941790486848 -9.895492858914318 3.35
    endloop
  endfacet
  facet normal -0.15643446504023045 -0.9876883405951378 0
    outer loop
      vertex 13.931278676363295 -9.732568627301365 2.55
      vertex 14.959941790486848 -9.895492858914318 3.35
      vertex 13.931278676363295 -9.732568627301365 3.35
    endloop
  endfacet
  facet normal -0.05233595624294451 -0.9986295347545738 2.9818617022203e-18
    outer loop
      vertex 14.959941790486848 -9.895492858914318 2.55
      vertex 16 -9.95 2.55
      vertex 16 -9.95 3.35
    endloop
  endfacet
  facet normal -0.05233595624294451 -0.9986295347545738 0
    outer loop
      vertex 14.959941790486848 -9.895492858914318 2.55
      vertex 16 -9.95 3.35
      vertex 14.959941790486848 -9.895492858914318 3.35
    endloop
  endfacet
  facet normal 0 0 -1
    outer loop
      vertex 13.931278676363295 -9.732568627301365 2.55
      vertex 13.993652183608623 -9.439124347081226 2.55
      vertex 14.991300329467144 -9.597136290303837 2.55
    endloop
  endfacet
  facet normal 0 0 -1
    outer loop
      vertex 13.931278676363295 -9.732568627301365 2.55
      vertex 14.991300329467144 -9.597136290303837 2.55
      vertex 14.959941790486848 -9.895492858914318 2.55
    endloop
  endfacet
  facet normal 0 0 -1
    outer loop
      vertex 14.959941790486848 -9.895492858914318 2.55
      vertex 14.991300329467144 -9.597136290303837 2.55
      vertex 16 -9.65 2.55
    endloop
  endfacet
  facet normal 0 0 -1
    outer loop
      vertex 16 -9.95 2.55
      vertex 17.008699670532856 -9.597136290303837 2.55
      vertex 17.040058209513152 -9.895492858914318 2.55
    endloop
  endfacet
  facet normal 0.05233595624294451 -0.9986295347545738 0
    outer loop
      vertex 16 -9.95 2.55
      vertex 17.040058209513152 -9.895492858914318 3.35
      vertex 16 -9.95 3.35
    endloop
  endfacet
  facet normal 0.05233595624294451 -0.9986295347545738 -2.9818617022203e-18
    outer loop
      vertex 16 -9.95 2.55
      vertex 17.040058209513152 -9.895492858914318 2.55
      vertex 17.040058209513152 -9.895492858914318 3.35
    endloop
  endfacet
  facet normal 0.15643446504023045 -0.9876883405951378 0
    outer loop
      vertex 17.040058209513152 -9.895492858914318 2.55
      vertex 18.068721323636705 -9.732568627301365 3.35
      vertex 17.040058209513152 -9.895492858914318 3.35
    endloop
  endfacet
  facet normal 0 0 -1
    outer loop
      vertex 16 -9.95 2.55
      vertex 16 -9.65 2.55
      vertex 17.008699670532856 -9.597136290303837 2.55
    endloop
  endfacet
  facet normal 0 0 -1
    outer loop
      vertex 17.040058209513152 -9.895492858914318 2.55
      vertex 17.008699670532856 -9.597136290303837 2.55
      vertex 18.00634781639138 -9.439124347081226 2.55
    endloop
  endfacet
  facet normal 0 0 1
    outer loop
      vertex 14.959941790486848 -9.895492858914318 3.35
      vertex 16 -9.95 3.35
      vertex 14.991300329467144 -9.597136290303837 3.35
    endloop
  endfacet
  facet normal 0 0 1
    outer loop
      vertex 13.931278676363295 -9.732568627301365 3.35
      vertex 14.959941790486848 -9.895492858914318 3.35
      vertex 13.993652183608623 -9.439124347081226 3.35
    endloop
  endfacet
  facet normal 0 0 1
    outer loop
      vertex 13.993652183608623 -9.439124347081226 3.35
      vertex 14.959941790486848 -9.895492858914318 3.35
      vertex 14.991300329467144 -9.597136290303837 3.35
    endloop
  endfacet
  facet normal 0 0 1
    outer loop
      vertex 14.991300329467144 -9.597136290303837 3.35
      vertex 16 -9.95 3.35
      vertex 16 -9.65 3.35
    endloop
  endfacet
  facet normal 0 0 1
    outer loop
      vertex 16 -9.95 3.35
      vertex 17.040058209513152 -9.895492858914318 3.35
      vertex 16 -9.65 3.35
    endloop
  endfacet
  facet normal 0 0 1
    outer loop
      vertex 16 -9.65 3.35
      vertex 17.040058209513152 -9.895492858914318 3.35
      vertex 17.008699670532856 -9.597136290303837 3.35
    endloop
  endfacet
  facet normal 0 0 1
    outer loop
      vertex 17.040058209513152 -9.895492858914318 3.35
      vertex 18.068721323636705 -9.732568627301365 3.35
      vertex 17.008699670532856 -9.597136290303837 3.35
    endloop
  endfacet
  facet normal 0.15643446504023045 -0.9876883405951378 4.183565243734976e-18
    outer loop
      vertex 17.040058209513152 -9.895492858914318 2.55
      vertex 18.068721323636705 -9.732568627301365 2.55
      vertex 18.068721323636705 -9.732568627301365 3.35
    endloop
  endfacet
  facet normal 0 0 -1
    outer loop
      vertex 17.040058209513152 -9.895492858914318 2.55
      vertex 18.00634781639138 -9.439124347081226 2.55
      vertex 18.068721323636705 -9.732568627301365 2.55
    endloop
  endfacet
  facet normal 0 0 -1
    outer loop
      vertex 18.00634781639138 -9.439124347081226 2.55
      vertex 18.98201399571824 -9.177695382248231 2.55
      vertex 18.068721323636705 -9.732568627301365 2.55
    endloop
  endfacet
  facet normal 0 0 -1
    outer loop
      vertex 18.068721323636705 -9.732568627301365 2.55
      vertex 18.98201399571824 -9.177695382248231 2.55
      vertex 19.074719094030726 -9.463012337136776 2.55
    endloop
  endfacet
  facet normal 0.2588190451025216 -0.9659258262890682 -2.256177944643789e-17
    outer loop
      vertex 18.068721323636705 -9.732568627301365 2.55
      vertex 19.074719094030726 -9.463012337136776 2.55
      vertex 19.074719094030726 -9.463012337136776 3.35
    endloop
  endfacet
  facet normal 0.2588190451025216 -0.9659258262890682 0
    outer loop
      vertex 18.068721323636705 -9.732568627301365 2.55
      vertex 19.074719094030726 -9.463012337136776 3.35
      vertex 18.068721323636705 -9.732568627301365 3.35
    endloop
  endfacet
  facet normal 0 0 -1
    outer loop
      vertex 18.98201399571824 -9.177695382248231 2.55
      vertex 19.925008605681473 -8.8157136662511 2.55
      vertex 19.074719094030726 -9.463012337136776 2.55
    endloop
  endfacet
  facet normal 0 0 -1
    outer loop
      vertex 19.074719094030726 -9.463012337136776 2.55
      vertex 19.925008605681473 -8.8157136662511 2.55
      vertex 20.04702959860421 -9.089777303543878 2.55
    endloop
  endfacet
  facet normal 0.3583679495452996 -0.933580426497202 1.2135047055321098e-17
    outer loop
      vertex 19.074719094030726 -9.463012337136776 2.55
      vertex 20.04702959860421 -9.089777303543878 2.55
      vertex 20.04702959860421 -9.089777303543878 3.35
    endloop
  endfacet
  facet normal 0.3583679495452996 -0.933580426497202 0
    outer loop
      vertex 19.074719094030726 -9.463012337136776 2.55
      vertex 20.04702959860421 -9.089777303543878 3.35
      vertex 19.074719094030726 -9.463012337136776 3.35
    endloop
  endfacet
  facet normal 0 0 1
    outer loop
      vertex 17.008699670532856 -9.597136290303837 3.35
      vertex 18.068721323636705 -9.732568627301365 3.35
      vertex 18.00634781639138 -9.439124347081226 3.35
    endloop
  endfacet
  facet normal 0 0 1
    outer loop
      vertex 18.00634781639138 -9.439124347081226 3.35
      vertex 18.068721323636705 -9.732568627301365 3.35
      vertex 19.074719094030726 -9.463012337136776 3.35
    endloop
  endfacet
  facet normal 0 0 1
    outer loop
      vertex 18.00634781639138 -9.439124347081226 3.35
      vertex 19.074719094030726 -9.463012337136776 3.35
      vertex 18.98201399571824 -9.177695382248231 3.35
    endloop
  endfacet
  facet normal 0 0 1
    outer loop
      vertex 18.98201399571824 -9.177695382248231 3.35
      vertex 19.074719094030726 -9.463012337136776 3.35
      vertex 20.04702959860421 -9.089777303543878 3.35
    endloop
  endfacet
  facet normal 0 0 1
    outer loop
      vertex 18.98201399571824 -9.177695382248231 3.35
      vertex 20.04702959860421 -9.089777303543878 3.35
      vertex 19.925008605681473 -8.8157136662511 3.35
    endloop
  endfacet
  facet normal 0 0 -1
    outer loop
      vertex 20.04702959860421 -9.089777303543878 2.55
      vertex 19.925008605681473 -8.8157136662511 2.55
      vertex 20.825 -8.357145146519834 2.55
    endloop
  endfacet
  facet normal 0 0 -1
    outer loop
      vertex 20.04702959860421 -9.089777303543878 2.55
      vertex 20.825 -8.357145146519834 2.55
      vertex 20.975 -8.616952767655164 2.55
    endloop
  endfacet
  facet normal 0.4539904997395458 -0.8910065241883683 -5.233007604205555e-18
    outer loop
      vertex 20.04702959860421 -9.089777303543878 2.55
      vertex 20.975 -8.616952767655164 2.55
      vertex 20.975 -8.616952767655164 3.35
    endloop
  endfacet
  facet normal 0.4539904997395458 -0.8910065241883683 0
    outer loop
      vertex 20.04702959860421 -9.089777303543878 2.55
      vertex 20.975 -8.616952767655164 3.35
      vertex 20.04702959860421 -9.089777303543878 3.35
    endloop
  endfacet
  facet normal 0 0 1
    outer loop
      vertex 20.04702959860421 -9.089777303543878 3.35
      vertex 20.975 -8.616952767655164 3.35
      vertex 19.925008605681473 -8.8157136662511 3.35
    endloop
  endfacet
  facet normal 0 0 1
    outer loop
      vertex 19.925008605681473 -8.8157136662511 3.35
      vertex 20.975 -8.616952767655164 3.35
      vertex 20.825 -8.357145146519834 3.35
    endloop
  endfacet
  facet normal 0 0 -1
    outer loop
      vertex 20.825 -8.357145146519834 2.55
      vertex 21.672127684622367 -7.807013995718243 2.55
      vertex 20.975 -8.616952767655164 2.55
    endloop
  endfacet
  facet normal 0.5446390350150275 -0.8386705679454237 0
    outer loop
      vertex 20.975 -8.616952767655164 2.55
      vertex 21.84846326031011 -8.049719094030726 3.35
      vertex 20.975 -8.616952767655164 3.35
    endloop
  endfacet
  facet normal 0 0 -1
    outer loop
      vertex 20.975 -8.616952767655164 2.55
      vertex 21.672127684622367 -7.807013995718243 2.55
      vertex 21.84846326031011 -8.049719094030726 2.55
    endloop
  endfacet
  facet normal 0 0 -1
    outer loop
      vertex 21.84846326031011 -8.049719094030726 2.55
      vertex 21.672127684622367 -7.807013995718243 2.55
      vertex 22.45711035136298 -7.171347565856855 2.55
    endloop
  endfacet
  facet normal 0 0 -1
    outer loop
      vertex 21.84846326031011 -8.049719094030726 2.55
      vertex 22.45711035136298 -7.171347565856855 2.55
      vertex 22.65784953327064 -7.394291013500072 2.55
    endloop
  endfacet
  facet normal 0.5446390350150275 -0.8386705679454237 -3.3795881019813646e-18
    outer loop
      vertex 20.975 -8.616952767655164 2.55
      vertex 21.84846326031011 -8.049719094030726 2.55
      vertex 21.84846326031011 -8.049719094030726 3.35
    endloop
  endfacet
  facet normal 0.6293203910498377 -0.7771459614569707 -4.7742574471664826e-17
    outer loop
      vertex 21.84846326031011 -8.049719094030726 2.55
      vertex 22.65784953327064 -7.394291013500072 2.55
      vertex 22.65784953327064 -7.394291013500072 3.35
    endloop
  endfacet
  facet normal 0.6293203910498377 -0.7771459614569707 0
    outer loop
      vertex 21.84846326031011 -8.049719094030726 2.55
      vertex 22.65784953327064 -7.394291013500072 3.35
      vertex 21.84846326031011 -8.049719094030726 3.35
    endloop
  endfacet
  facet normal 0 0 1
    outer loop
      vertex 20.825 -8.357145146519834 3.35
      vertex 20.975 -8.616952767655164 3.35
      vertex 21.84846326031011 -8.049719094030726 3.35
    endloop
  endfacet
  facet normal 0 0 1
    outer loop
      vertex 20.825 -8.357145146519834 3.35
      vertex 21.84846326031011 -8.049719094030726 3.35
      vertex 21.672127684622367 -7.807013995718243 3.35
    endloop
  endfacet
  facet normal 0 0 1
    outer loop
      vertex 21.84846326031011 -8.049719094030726 3.35
      vertex 22.65784953327064 -7.394291013500072 3.35
      vertex 21.672127684622367 -7.807013995718243 3.35
    endloop
  endfacet
  facet normal 0 0 -1
    outer loop
      vertex 22.45711035136298 -7.171347565856855 2.55
      vertex 23.171347565856856 -6.457110351362982 2.55
      vertex 22.65784953327064 -7.394291013500072 2.55
    endloop
  endfacet
  facet normal 0 0 -1
    outer loop
      vertex 22.65784953327064 -7.394291013500072 2.55
      vertex 23.171347565856856 -6.457110351362982 2.55
      vertex 23.394291013500073 -6.657849533270639 2.55
    endloop
  endfacet
  facet normal 0.7071067811865471 -0.7071067811865479 0
    outer loop
      vertex 22.65784953327064 -7.394291013500072 2.55
      vertex 23.394291013500073 -6.657849533270639 2.55
      vertex 22.65784953327064 -7.394291013500072 3.35
    endloop
  endfacet
  facet normal 0.7071067811865471 -0.7071067811865479 0
    outer loop
      vertex 23.394291013500073 -6.657849533270639 2.55
      vertex 23.394291013500073 -6.657849533270639 3.35
      vertex 22.65784953327064 -7.394291013500072 3.35
    endloop
  endfacet
  facet normal 0 0 -1
    outer loop
      vertex 23.171347565856856 -6.457110351362982 2.55
      vertex 23.807013995718243 -5.672127684622366 2.55
      vertex 23.394291013500073 -6.657849533270639 2.55
    endloop
  endfacet
  facet normal 0 0 -1
    outer loop
      vertex 23.394291013500073 -6.657849533270639 2.55
      vertex 23.807013995718243 -5.672127684622366 2.55
      vertex 24.049719094030728 -5.848463260310107 2.55
    endloop
  endfacet
  facet normal 0.7771459614569706 -0.6293203910498378 0
    outer loop
      vertex 23.394291013500073 -6.657849533270639 2.55
      vertex 24.049719094030728 -5.848463260310107 2.55
      vertex 23.394291013500073 -6.657849533270639 3.35
    endloop
  endfacet
  facet normal 0.7771459614569706 -0.6293203910498378 4.799947895947538e-17
    outer loop
      vertex 23.394291013500073 -6.657849533270639 3.35
      vertex 24.049719094030728 -5.848463260310107 2.55
      vertex 24.049719094030728 -5.848463260310107 3.35
    endloop
  endfacet
  facet normal 0 0 1
    outer loop
      vertex 21.672127684622367 -7.807013995718243 3.35
      vertex 22.65784953327064 -7.394291013500072 3.35
      vertex 22.45711035136298 -7.171347565856855 3.35
    endloop
  endfacet
  facet normal 0 0 1
    outer loop
      vertex 22.45711035136298 -7.171347565856855 3.35
      vertex 22.65784953327064 -7.394291013500072 3.35
      vertex 23.394291013500073 -6.657849533270639 3.35
    endloop
  endfacet
  facet normal 0 0 1
    outer loop
      vertex 22.45711035136298 -7.171347565856855 3.35
      vertex 23.394291013500073 -6.657849533270639 3.35
      vertex 23.171347565856856 -6.457110351362982 3.35
    endloop
  endfacet
  facet normal 0 0 1
    outer loop
      vertex 23.171347565856856 -6.457110351362982 3.35
      vertex 23.394291013500073 -6.657849533270639 3.35
      vertex 24.049719094030728 -5.848463260310107 3.35
    endloop
  endfacet
  facet normal 0 0 -1
    outer loop
      vertex 23.807013995718243 -5.672127684622366 2.55
      vertex 24.357145146519834 -4.825 2.55
      vertex 24.049719094030728 -5.848463260310107 2.55
    endloop
  endfacet
  facet normal 0.8386705679454247 -0.544639035015026 0
    outer loop
      vertex 24.049719094030728 -5.848463260310107 2.55
      vertex 24.616952767655164 -4.975 2.55
      vertex 24.049719094030728 -5.848463260310107 3.35
    endloop
  endfacet
  facet normal 0.8386705679454247 -0.544639035015026 0
    outer loop
      vertex 24.616952767655164 -4.975 2.55
      vertex 24.616952767655164 -4.975 3.35
      vertex 24.049719094030728 -5.848463260310107 3.35
    endloop
  endfacet
  facet normal 0 0 -1
    outer loop
      vertex 24.049719094030728 -5.848463260310107 2.55
      vertex 24.357145146519834 -4.825 2.55
      vertex 24.616952767655164 -4.975 2.55
    endloop
  endfacet
  facet normal 0 0 1
    outer loop
      vertex 23.171347565856856 -6.457110351362982 3.35
      vertex 24.049719094030728 -5.848463260310107 3.35
      vertex 23.807013995718243 -5.672127684622366 3.35
    endloop
  endfacet
  facet normal 0 0 1
    outer loop
      vertex 23.807013995718243 -5.672127684622366 3.35
      vertex 24.049719094030728 -5.848463260310107 3.35
      vertex 24.616952767655164 -4.975 3.35
    endloop
  endfacet
  facet normal 0 0 1
    outer loop
      vertex 23.807013995718243 -5.672127684622366 3.35
      vertex 24.616952767655164 -4.975 3.35
      vertex 24.357145146519834 -4.825 3.35
    endloop
  endfacet
  facet normal 0 0 -1
    outer loop
      vertex 24.616952767655164 -4.975 2.55
      vertex 24.357145146519834 -4.825 2.55
      vertex 24.8157136662511 -3.925008605681472 2.55
    endloop
  endfacet
  facet normal 0.8910065241883687 -0.45399049973954514 0
    outer loop
      vertex 24.616952767655164 -4.975 2.55
      vertex 25.089777303543876 -4.047029598604212 2.55
      vertex 24.616952767655164 -4.975 3.35
    endloop
  endfacet
  facet normal 0 0 1
    outer loop
      vertex 24.616952767655164 -4.975 3.35
      vertex 25.089777303543876 -4.047029598604212 3.35
      vertex 24.357145146519834 -4.825 3.35
    endloop
  endfacet
  facet normal 0 0 -1
    outer loop
      vertex 24.616952767655164 -4.975 2.55
      vertex 24.8157136662511 -3.925008605681472 2.55
      vertex 25.089777303543876 -4.047029598604212 2.55
    endloop
  endfacet
  facet normal 0.8910065241883687 -0.45399049973954514 6.397180348518496e-18
    outer loop
      vertex 24.616952767655164 -4.975 3.35
      vertex 25.089777303543876 -4.047029598604212 2.55
      vertex 25.089777303543876 -4.047029598604212 3.35
    endloop
  endfacet
  facet normal 0 0 -1
    outer loop
      vertex 24.8157136662511 -3.925008605681472 2.55
      vertex 25.17769538224823 -2.9820139957182423 2.55
      vertex 25.089777303543876 -4.047029598604212 2.55
    endloop
  endfacet
  facet normal 0 0 -1
    outer loop
      vertex 25.089777303543876 -4.047029598604212 2.55
      vertex 25.17769538224823 -2.9820139957182423 2.55
      vertex 25.463012337136774 -3.0747190940307263 2.55
    endloop
  endfacet
  facet normal 0.933580426497202 -0.3583679495452996 0
    outer loop
      vertex 25.089777303543876 -4.047029598604212 2.55
      vertex 25.463012337136774 -3.0747190940307263 2.55
      vertex 25.089777303543876 -4.047029598604212 3.35
    endloop
  endfacet
  facet normal 0.933580426497202 -0.3583679495452996 0
    outer loop
      vertex 25.463012337136774 -3.0747190940307263 2.55
      vertex 25.463012337136774 -3.0747190940307263 3.35
      vertex 25.089777303543876 -4.047029598604212 3.35
    endloop
  endfacet
  facet normal 0 0 1
    outer loop
      vertex 24.357145146519834 -4.825 3.35
      vertex 25.089777303543876 -4.047029598604212 3.35
      vertex 24.8157136662511 -3.925008605681472 3.35
    endloop
  endfacet
  facet normal 0 0 1
    outer loop
      vertex 24.8157136662511 -3.925008605681472 3.35
      vertex 25.089777303543876 -4.047029598604212 3.35
      vertex 25.463012337136774 -3.0747190940307263 3.35
    endloop
  endfacet
  facet normal 0 0 1
    outer loop
      vertex 24.8157136662511 -3.925008605681472 3.35
      vertex 25.463012337136774 -3.0747190940307263 3.35
      vertex 25.17769538224823 -2.9820139957182423 3.35
    endloop
  endfacet
  facet normal 0 0 -1
    outer loop
      vertex 25.463012337136774 -3.0747190940307263 2.55
      vertex 25.17769538224823 -2.9820139957182423 2.55
      vertex 25.439124347081226 -2.006347816391378 2.55
    endloop
  endfacet
  facet normal 0.9659258262890676 -0.2588190451025233 0
    outer loop
      vertex 25.463012337136774 -3.0747190940307263 2.55
      vertex 25.732568627301365 -2.0687213236367055 2.55
      vertex 25.463012337136774 -3.0747190940307263 3.35
    endloop
  endfacet
  facet normal 0.9659258262890676 -0.2588190451025233 -2.0198036794118242e-17
    outer loop
      vertex 25.463012337136774 -3.0747190940307263 3.35
      vertex 25.732568627301365 -2.0687213236367055 2.55
      vertex 25.732568627301365 -2.0687213236367055 3.35
    endloop
  endfacet
  facet normal 0 0 -1
    outer loop
      vertex 25.463012337136774 -3.0747190940307263 2.55
      vertex 25.439124347081226 -2.006347816391378 2.55
      vertex 25.597136290303837 -1.0086996705328561 2.55
    endloop
  endfacet
  facet normal 0 0 -1
    outer loop
      vertex 25.463012337136774 -3.0747190940307263 2.55
      vertex 25.597136290303837 -1.0086996705328561 2.55
      vertex 25.732568627301365 -2.0687213236367055 2.55
    endloop
  endfacet
  facet normal 0.987688340595138 -0.1564344650402287 0
    outer loop
      vertex 25.732568627301365 -2.0687213236367055 2.55
      vertex 25.895492858914317 -1.0400582095131519 2.55
      vertex 25.732568627301365 -2.0687213236367055 3.35
    endloop
  endfacet
  facet normal 0 0 1
    outer loop
      vertex 25.463012337136774 -3.0747190940307263 3.35
      vertex 25.439124347081226 -2.006347816391378 3.35
      vertex 25.17769538224823 -2.9820139957182423 3.35
    endloop
  endfacet
  facet normal 0 0 1
    outer loop
      vertex 25.463012337136774 -3.0747190940307263 3.35
      vertex 25.732568627301365 -2.0687213236367055 3.35
      vertex 25.439124347081226 -2.006347816391378 3.35
    endloop
  endfacet
  facet normal 0 0 1
    outer loop
      vertex 25.439124347081226 -2.006347816391378 3.35
      vertex 25.732568627301365 -2.0687213236367055 3.35
      vertex 25.597136290303837 -1.0086996705328561 3.35
    endloop
  endfacet
  facet normal 0 0 -1
    outer loop
      vertex 25.732568627301365 -2.0687213236367055 2.55
      vertex 25.597136290303837 -1.0086996705328561 2.55
      vertex 25.65 0 2.55
    endloop
  endfacet
  facet normal 0 0 -1
    outer loop
      vertex 25.732568627301365 -2.0687213236367055 2.55
      vertex 25.95 0 2.55
      vertex 25.895492858914317 -1.0400582095131519 2.55
    endloop
  endfacet
  facet normal 0.987688340595138 -0.1564344650402287 -3.400074864222227e-18
    outer loop
      vertex 25.732568627301365 -2.0687213236367055 3.35
      vertex 25.895492858914317 -1.0400582095131519 2.55
      vertex 25.895492858914317 -1.0400582095131519 3.35
    endloop
  endfacet
  facet normal 0 0 -1
    outer loop
      vertex 25.732568627301365 -2.0687213236367055 2.55
      vertex 25.65 0 2.55
      vertex 25.95 0 2.55
    endloop
  endfacet
  facet normal 0.9986295347545738 -0.052335956242946215 0
    outer loop
      vertex 25.895492858914317 -1.0400582095131519 2.55
      vertex 25.95 0 2.55
      vertex 25.895492858914317 -1.0400582095131519 3.35
    endloop
  endfacet
  facet normal 0.9986295347545738 -0.052335956242946215 -8.590100709509915e-19
    outer loop
      vertex 25.895492858914317 -1.0400582095131519 3.35
      vertex 25.95 0 2.55
      vertex 25.95 0 3.35
    endloop
  endfacet
  facet normal 0 0 1
    outer loop
      vertex 25.732568627301365 -2.0687213236367055 3.35
      vertex 25.895492858914317 -1.0400582095131519 3.35
      vertex 25.65 0 3.35
    endloop
  endfacet
  facet normal 0 0 1
    outer loop
      vertex 25.732568627301365 -2.0687213236367055 3.35
      vertex 25.65 0 3.35
      vertex 25.597136290303837 -1.0086996705328561 3.35
    endloop
  endfacet
  facet normal 0 0 1
    outer loop
      vertex 25.895492858914317 -1.0400582095131519 3.35
      vertex 25.95 0 3.35
      vertex 25.65 0 3.35
    endloop
  endfacet
  facet normal 0 0 -1
    outer loop
      vertex -25.732568627301365 2.0687213236367055 4.15
      vertex -25.65 0 4.15
      vertex -25.95 0 4.15
    endloop
  endfacet
  facet normal 0 0 -1
    outer loop
      vertex -25.895492858914317 1.0400582095131519 4.15
      vertex -25.732568627301365 2.0687213236367055 4.15
      vertex -25.95 0 4.15
    endloop
  endfacet
  facet normal 0 0 -1
    outer loop
      vertex -25.597136290303837 1.0086996705328561 4.15
      vertex -25.65 0 4.15
      vertex -25.732568627301365 2.0687213236367055 4.15
    endloop
  endfacet
  facet normal 0 0 -1
    outer loop
      vertex -25.597136290303837 1.0086996705328561 4.15
      vertex -25.732568627301365 2.0687213236367055 4.15
      vertex -25.463012337136774 3.0747190940307263 4.15
    endloop
  endfacet
  facet normal 0 0 -1
    outer loop
      vertex -25.597136290303837 1.0086996705328561 4.15
      vertex -25.463012337136774 3.0747190940307263 4.15
      vertex -25.439124347081226 2.006347816391378 4.15
    endloop
  endfacet
  facet normal 0 0 -1
    outer loop
      vertex -25.439124347081226 2.006347816391378 4.15
      vertex -25.463012337136774 3.0747190940307263 4.15
      vertex -25.17769538224823 2.9820139957182423 4.15
    endloop
  endfacet
  facet normal 0 0 -1
    outer loop
      vertex -25.17769538224823 2.9820139957182423 4.15
      vertex -25.463012337136774 3.0747190940307263 4.15
      vertex -25.089777303543876 4.047029598604212 4.15
    endloop
  endfacet
  facet normal 0 0 -1
    outer loop
      vertex -25.17769538224823 2.9820139957182423 4.15
      vertex -25.089777303543876 4.047029598604212 4.15
      vertex -24.8157136662511 3.925008605681472 4.15
    endloop
  endfacet
  facet normal 0 0 -1
    outer loop
      vertex -25.089777303543876 4.047029598604212 4.15
      vertex -24.616952767655164 4.975 4.15
      vertex -24.8157136662511 3.925008605681472 4.15
    endloop
  endfacet
  facet normal 0 0 -1
    outer loop
      vertex -24.8157136662511 3.925008605681472 4.15
      vertex -24.616952767655164 4.975 4.15
      vertex -24.357145146519834 4.825 4.15
    endloop
  endfacet
  facet normal 0 0 -1
    outer loop
      vertex -24.357145146519834 4.825 4.15
      vertex -24.616952767655164 4.975 4.15
      vertex -24.049719094030728 5.848463260310107 4.15
    endloop
  endfacet
  facet normal 0 0 -1
    outer loop
      vertex -24.357145146519834 4.825 4.15
      vertex -24.049719094030728 5.848463260310107 4.15
      vertex -23.807013995718243 5.672127684622366 4.15
    endloop
  endfacet
  facet normal -0.9986295347545737 0.052335956242946215 -8.590100709509918e-19
    outer loop
      vertex -25.895492858914317 1.0400582095131519 4.95
      vertex -25.95 0 4.15
      vertex -25.95 0 4.95
    endloop
  endfacet
  facet normal -0.9986295347545737 0.052335956242946215 0
    outer loop
      vertex -25.895492858914317 1.0400582095131519 4.15
      vertex -25.95 0 4.15
      vertex -25.895492858914317 1.0400582095131519 4.95
    endloop
  endfacet
  facet normal 0 0 1
    outer loop
      vertex -25.895492858914317 1.0400582095131519 4.95
      vertex -25.95 0 4.95
      vertex -25.65 0 4.95
    endloop
  endfacet
  facet normal -0.9876883405951382 0.15643446504022873 0
    outer loop
      vertex -25.895492858914317 1.0400582095131519 4.15
      vertex -25.895492858914317 1.0400582095131519 4.95
      vertex -25.732568627301365 2.0687213236367055 4.95
    endloop
  endfacet
  facet normal 0 0 1
    outer loop
      vertex -25.597136290303837 1.0086996705328561 4.95
      vertex -25.732568627301365 2.0687213236367055 4.95
      vertex -25.65 0 4.95
    endloop
  endfacet
  facet normal 0 0 1
    outer loop
      vertex -25.895492858914317 1.0400582095131519 4.95
      vertex -25.65 0 4.95
      vertex -25.732568627301365 2.0687213236367055 4.95
    endloop
  endfacet
  facet normal -0.9876883405951382 0.15643446504022873 -3.4000748642222293e-18
    outer loop
      vertex -25.895492858914317 1.0400582095131519 4.15
      vertex -25.732568627301365 2.0687213236367055 4.95
      vertex -25.732568627301365 2.0687213236367055 4.15
    endloop
  endfacet
  facet normal 0 0 1
    outer loop
      vertex -25.597136290303837 1.0086996705328561 4.95
      vertex -25.439124347081226 2.006347816391378 4.95
      vertex -25.732568627301365 2.0687213236367055 4.95
    endloop
  endfacet
  facet normal -0.9659258262890676 0.2588190451025233 0
    outer loop
      vertex -25.732568627301365 2.0687213236367055 4.15
      vertex -25.732568627301365 2.0687213236367055 4.95
      vertex -25.463012337136774 3.0747190940307263 4.95
    endloop
  endfacet
  facet normal -0.9659258262890676 0.2588190451025233 -2.0198036794118254e-17
    outer loop
      vertex -25.732568627301365 2.0687213236367055 4.15
      vertex -25.463012337136774 3.0747190940307263 4.95
      vertex -25.463012337136774 3.0747190940307263 4.15
    endloop
  endfacet
  facet normal 0 0 1
    outer loop
      vertex -25.732568627301365 2.0687213236367055 4.95
      vertex -25.439124347081226 2.006347816391378 4.95
      vertex -25.463012337136774 3.0747190940307263 4.95
    endloop
  endfacet
  facet normal 0 0 1
    outer loop
      vertex -25.439124347081226 2.006347816391378 4.95
      vertex -25.17769538224823 2.9820139957182423 4.95
      vertex -25.463012337136774 3.0747190940307263 4.95
    endloop
  endfacet
  facet normal -0.933580426497202 0.3583679495452996 1.2135047055321104e-17
    outer loop
      vertex -25.463012337136774 3.0747190940307263 4.15
      vertex -25.089777303543876 4.047029598604212 4.95
      vertex -25.089777303543876 4.047029598604212 4.15
    endloop
  endfacet
  facet normal -0.933580426497202 0.3583679495452996 0
    outer loop
      vertex -25.463012337136774 3.0747190940307263 4.15
      vertex -25.463012337136774 3.0747190940307263 4.95
      vertex -25.089777303543876 4.047029598604212 4.95
    endloop
  endfacet
  facet normal 0 0 1
    outer loop
      vertex -25.17769538224823 2.9820139957182423 4.95
      vertex -24.8157136662511 3.925008605681472 4.95
      vertex -25.463012337136774 3.0747190940307263 4.95
    endloop
  endfacet
  facet normal 0 0 1
    outer loop
      vertex -25.463012337136774 3.0747190940307263 4.95
      vertex -24.8157136662511 3.925008605681472 4.95
      vertex -25.089777303543876 4.047029598604212 4.95
    endloop
  endfacet
  facet normal -0.8910065241883687 0.45399049973954514 0
    outer loop
      vertex -25.089777303543876 4.047029598604212 4.15
      vertex -25.089777303543876 4.047029598604212 4.95
      vertex -24.616952767655164 4.975 4.95
    endloop
  endfacet
  facet normal 0 0 1
    outer loop
      vertex -25.089777303543876 4.047029598604212 4.95
      vertex -24.8157136662511 3.925008605681472 4.95
      vertex -24.357145146519834 4.825 4.95
    endloop
  endfacet
  facet normal -0.8910065241883687 0.45399049973954514 6.397180348518499e-18
    outer loop
      vertex -25.089777303543876 4.047029598604212 4.15
      vertex -24.616952767655164 4.975 4.95
      vertex -24.616952767655164 4.975 4.15
    endloop
  endfacet
  facet normal 0 0 1
    outer loop
      vertex -25.089777303543876 4.047029598604212 4.95
      vertex -24.357145146519834 4.825 4.95
      vertex -24.616952767655164 4.975 4.95
    endloop
  endfacet
  facet normal 0 0 1
    outer loop
      vertex -24.357145146519834 4.825 4.95
      vertex -23.807013995718243 5.672127684622366 4.95
      vertex -24.616952767655164 4.975 4.95
    endloop
  endfacet
  facet normal -0.8386705679454248 0.544639035015026 4.942832881082311e-18
    outer loop
      vertex -24.616952767655164 4.975 4.15
      vertex -24.049719094030728 5.848463260310107 4.95
      vertex -24.049719094030728 5.848463260310107 4.15
    endloop
  endfacet
  facet normal -0.8386705679454248 0.544639035015026 0
    outer loop
      vertex -24.616952767655164 4.975 4.15
      vertex -24.616952767655164 4.975 4.95
      vertex -24.049719094030728 5.848463260310107 4.95
    endloop
  endfacet
  facet normal 0 0 1
    outer loop
      vertex -24.616952767655164 4.975 4.95
      vertex -23.807013995718243 5.672127684622366 4.95
      vertex -24.049719094030728 5.848463260310107 4.95
    endloop
  endfacet
  facet normal 0 0 1
    outer loop
      vertex -24.049719094030728 5.848463260310107 4.95
      vertex -23.807013995718243 5.672127684622366 4.95
      vertex -23.171347565856856 6.457110351362982 4.95
    endloop
  endfacet
  facet normal 0 0 -1
    outer loop
      vertex -24.049719094030728 5.848463260310107 4.15
      vertex -23.394291013500073 6.657849533270639 4.15
      vertex -23.807013995718243 5.672127684622366 4.15
    endloop
  endfacet
  facet normal 0 0 -1
    outer loop
      vertex -23.807013995718243 5.672127684622366 4.15
      vertex -23.394291013500073 6.657849533270639 4.15
      vertex -23.171347565856856 6.457110351362982 4.15
    endloop
  endfacet
  facet normal 0 0 -1
    outer loop
      vertex -23.394291013500073 6.657849533270639 4.15
      vertex -22.65784953327064 7.394291013500072 4.15
      vertex -23.171347565856856 6.457110351362982 4.15
    endloop
  endfacet
  facet normal 0 0 -1
    outer loop
      vertex -23.171347565856856 6.457110351362982 4.15
      vertex -22.65784953327064 7.394291013500072 4.15
      vertex -22.45711035136298 7.171347565856855 4.15
    endloop
  endfacet
  facet normal 0 0 -1
    outer loop
      vertex -22.65784953327064 7.394291013500072 4.15
      vertex -21.84846326031011 8.049719094030726 4.15
      vertex -22.45711035136298 7.171347565856855 4.15
    endloop
  endfacet
  facet normal 0 0 -1
    outer loop
      vertex -22.45711035136298 7.171347565856855 4.15
      vertex -21.84846326031011 8.049719094030726 4.15
      vertex -21.672127684622367 7.807013995718243 4.15
    endloop
  endfacet
  facet normal 0 0 -1
    outer loop
      vertex -21.672127684622367 7.807013995718243 4.15
      vertex -21.84846326031011 8.049719094030726 4.15
      vertex -20.975 8.616952767655164 4.15
    endloop
  endfacet
  facet normal 0 0 -1
    outer loop
      vertex -21.672127684622367 7.807013995718243 4.15
      vertex -20.975 8.616952767655164 4.15
      vertex -20.825 8.357145146519834 4.15
    endloop
  endfacet
  facet normal 0 0 -1
    outer loop
      vertex -20.975 8.616952767655164 4.15
      vertex -20.04702959860421 9.089777303543878 4.15
      vertex -20.825 8.357145146519834 4.15
    endloop
  endfacet
  facet normal 0 0 -1
    outer loop
      vertex -20.825 8.357145146519834 4.15
      vertex -20.04702959860421 9.089777303543878 4.15
      vertex -19.925008605681473 8.8157136662511 4.15
    endloop
  endfacet
  facet normal 0 0 -1
    outer loop
      vertex -19.925008605681473 8.8157136662511 4.15
      vertex -20.04702959860421 9.089777303543878 4.15
      vertex -19.074719094030726 9.463012337136776 4.15
    endloop
  endfacet
  facet normal 0 0 -1
    outer loop
      vertex -19.925008605681473 8.8157136662511 4.15
      vertex -19.074719094030726 9.463012337136776 4.15
      vertex -18.98201399571824 9.177695382248231 4.15
    endloop
  endfacet
  facet normal 0 0 -1
    outer loop
      vertex -19.074719094030726 9.463012337136776 4.15
      vertex -18.068721323636705 9.732568627301365 4.15
      vertex -18.98201399571824 9.177695382248231 4.15
    endloop
  endfacet
  facet normal 0 0 -1
    outer loop
      vertex -18.98201399571824 9.177695382248231 4.15
      vertex -18.068721323636705 9.732568627301365 4.15
      vertex -18.00634781639138 9.439124347081226 4.15
    endloop
  endfacet
  facet normal 0 0 -1
    outer loop
      vertex -18.068721323636705 9.732568627301365 4.15
      vertex -17.040058209513152 9.895492858914318 4.15
      vertex -18.00634781639138 9.439124347081226 4.15
    endloop
  endfacet
  facet normal 0 0 -1
    outer loop
      vertex -18.00634781639138 9.439124347081226 4.15
      vertex -17.040058209513152 9.895492858914318 4.15
      vertex -17.008699670532856 9.597136290303837 4.15
    endloop
  endfacet
  facet normal 0 0 -1
    outer loop
      vertex -17.008699670532856 9.597136290303837 4.15
      vertex -16 9.95 4.15
      vertex -16 9.65 4.15
    endloop
  endfacet
  facet normal 0 0 -1
    outer loop
      vertex -17.008699670532856 9.597136290303837 4.15
      vertex -17.040058209513152 9.895492858914318 4.15
      vertex -16 9.95 4.15
    endloop
  endfacet
  facet normal 0 0 -1
    outer loop
      vertex -16 9.65 4.15
      vertex -14.959941790486848 9.895492858914318 4.15
      vertex -14.991300329467144 9.597136290303837 4.15
    endloop
  endfacet
  facet normal 0 0 -1
    outer loop
      vertex -14.991300329467144 9.597136290303837 4.15
      vertex -14.959941790486848 9.895492858914318 4.15
      vertex -13.931278676363295 9.732568627301365 4.15
    endloop
  endfacet
  facet normal 0 0 -1
    outer loop
      vertex -14.991300329467144 9.597136290303837 4.15
      vertex -13.931278676363295 9.732568627301365 4.15
      vertex -13.993652183608623 9.439124347081226 4.15
    endloop
  endfacet
  facet normal 0 0 -1
    outer loop
      vertex -16 9.65 4.15
      vertex -16 9.95 4.15
      vertex -14.959941790486848 9.895492858914318 4.15
    endloop
  endfacet
  facet normal -0.7771459614569707 0.6293203910498378 0
    outer loop
      vertex -24.049719094030728 5.848463260310107 4.15
      vertex -24.049719094030728 5.848463260310107 4.95
      vertex -23.394291013500073 6.657849533270639 4.95
    endloop
  endfacet
  facet normal -0.7771459614569707 0.6293203910498378 4.7999478959475405e-17
    outer loop
      vertex -24.049719094030728 5.848463260310107 4.15
      vertex -23.394291013500073 6.657849533270639 4.95
      vertex -23.394291013500073 6.657849533270639 4.15
    endloop
  endfacet
  facet normal 0 0 1
    outer loop
      vertex -24.049719094030728 5.848463260310107 4.95
      vertex -23.171347565856856 6.457110351362982 4.95
      vertex -23.394291013500073 6.657849533270639 4.95
    endloop
  endfacet
  facet normal -0.707106781186547 0.7071067811865479 0
    outer loop
      vertex -23.394291013500073 6.657849533270639 4.15
      vertex -23.394291013500073 6.657849533270639 4.95
      vertex -22.65784953327064 7.394291013500072 4.95
    endloop
  endfacet
  facet normal -0.707106781186547 0.7071067811865479 3.408232459842952e-17
    outer loop
      vertex -23.394291013500073 6.657849533270639 4.15
      vertex -22.65784953327064 7.394291013500072 4.95
      vertex -22.65784953327064 7.394291013500072 4.15
    endloop
  endfacet
  facet normal 0 0 1
    outer loop
      vertex -23.394291013500073 6.657849533270639 4.95
      vertex -23.171347565856856 6.457110351362982 4.95
      vertex -22.45711035136298 7.171347565856855 4.95
    endloop
  endfacet
  facet normal 0 0 1
    outer loop
      vertex -23.394291013500073 6.657849533270639 4.95
      vertex -22.45711035136298 7.171347565856855 4.95
      vertex -22.65784953327064 7.394291013500072 4.95
    endloop
  endfacet
  facet normal 0 0 1
    outer loop
      vertex -22.65784953327064 7.394291013500072 4.95
      vertex -22.45711035136298 7.171347565856855 4.95
      vertex -21.672127684622367 7.807013995718243 4.95
    endloop
  endfacet
  facet normal -0.6293203910498377 0.7771459614569708 0
    outer loop
      vertex -22.65784953327064 7.394291013500072 4.15
      vertex -22.65784953327064 7.394291013500072 4.95
      vertex -21.84846326031011 8.049719094030726 4.15
    endloop
  endfacet
  facet normal -0.6293203910498377 0.7771459614569708 -4.774257447166486e-17
    outer loop
      vertex -22.65784953327064 7.394291013500072 4.95
      vertex -21.84846326031011 8.049719094030726 4.95
      vertex -21.84846326031011 8.049719094030726 4.15
    endloop
  endfacet
  facet normal -0.5446390350150275 0.8386705679454237 0
    outer loop
      vertex -21.84846326031011 8.049719094030726 4.15
      vertex -21.84846326031011 8.049719094030726 4.95
      vertex -20.975 8.616952767655164 4.15
    endloop
  endfacet
  facet normal 0 0 1
    outer loop
      vertex -22.65784953327064 7.394291013500072 4.95
      vertex -21.672127684622367 7.807013995718243 4.95
      vertex -21.84846326031011 8.049719094030726 4.95
    endloop
  endfacet
  facet normal 0 0 1
    outer loop
      vertex -21.672127684622367 7.807013995718243 4.95
      vertex -20.825 8.357145146519834 4.95
      vertex -21.84846326031011 8.049719094030726 4.95
    endloop
  endfacet
  facet normal -0.5446390350150275 0.8386705679454237 0
    outer loop
      vertex -20.975 8.616952767655164 4.15
      vertex -21.84846326031011 8.049719094030726 4.95
      vertex -20.975 8.616952767655164 4.95
    endloop
  endfacet
  facet normal 0 0 1
    outer loop
      vertex -21.84846326031011 8.049719094030726 4.95
      vertex -20.825 8.357145146519834 4.95
      vertex -20.975 8.616952767655164 4.95
    endloop
  endfacet
  facet normal -0.45399049973954586 0.8910065241883685 0
    outer loop
      vertex -20.975 8.616952767655164 4.15
      vertex -20.975 8.616952767655164 4.95
      vertex -20.04702959860421 9.089777303543878 4.15
    endloop
  endfacet
  facet normal -0.45399049973954586 0.8910065241883685 0
    outer loop
      vertex -20.04702959860421 9.089777303543878 4.15
      vertex -20.975 8.616952767655164 4.95
      vertex -20.04702959860421 9.089777303543878 4.95
    endloop
  endfacet
  facet normal 0 0 1
    outer loop
      vertex -20.975 8.616952767655164 4.95
      vertex -20.825 8.357145146519834 4.95
      vertex -19.925008605681473 8.8157136662511 4.95
    endloop
  endfacet
  facet normal 0 0 1
    outer loop
      vertex -20.975 8.616952767655164 4.95
      vertex -19.925008605681473 8.8157136662511 4.95
      vertex -20.04702959860421 9.089777303543878 4.95
    endloop
  endfacet
  facet normal -0.3583679495452996 0.933580426497202 0
    outer loop
      vertex -20.04702959860421 9.089777303543878 4.15
      vertex -20.04702959860421 9.089777303543878 4.95
      vertex -19.074719094030726 9.463012337136776 4.15
    endloop
  endfacet
  facet normal -0.3583679495452996 0.933580426497202 0
    outer loop
      vertex -19.074719094030726 9.463012337136776 4.15
      vertex -20.04702959860421 9.089777303543878 4.95
      vertex -19.074719094030726 9.463012337136776 4.95
    endloop
  endfacet
  facet normal 0 0 1
    outer loop
      vertex -19.925008605681473 8.8157136662511 4.95
      vertex -18.98201399571824 9.177695382248231 4.95
      vertex -20.04702959860421 9.089777303543878 4.95
    endloop
  endfacet
  facet normal 0 0 1
    outer loop
      vertex -20.04702959860421 9.089777303543878 4.95
      vertex -18.98201399571824 9.177695382248231 4.95
      vertex -19.074719094030726 9.463012337136776 4.95
    endloop
  endfacet
  facet normal -0.25881904510252157 0.965925826289068 0
    outer loop
      vertex -19.074719094030726 9.463012337136776 4.15
      vertex -19.074719094030726 9.463012337136776 4.95
      vertex -18.068721323636705 9.732568627301365 4.15
    endloop
  endfacet
  facet normal -0.25881904510252157 0.965925826289068 0
    outer loop
      vertex -18.068721323636705 9.732568627301365 4.15
      vertex -19.074719094030726 9.463012337136776 4.95
      vertex -18.068721323636705 9.732568627301365 4.95
    endloop
  endfacet
  facet normal 0 0 1
    outer loop
      vertex -19.074719094030726 9.463012337136776 4.95
      vertex -18.98201399571824 9.177695382248231 4.95
      vertex -18.00634781639138 9.439124347081226 4.95
    endloop
  endfacet
  facet normal 0 0 1
    outer loop
      vertex -19.074719094030726 9.463012337136776 4.95
      vertex -18.00634781639138 9.439124347081226 4.95
      vertex -18.068721323636705 9.732568627301365 4.95
    endloop
  endfacet
  facet normal 0 0 1
    outer loop
      vertex -18.068721323636705 9.732568627301365 4.95
      vertex -18.00634781639138 9.439124347081226 4.95
      vertex -17.008699670532856 9.597136290303837 4.95
    endloop
  endfacet
  facet normal -0.15643446504023042 0.9876883405951378 0
    outer loop
      vertex -18.068721323636705 9.732568627301365 4.15
      vertex -18.068721323636705 9.732568627301365 4.95
      vertex -17.040058209513152 9.895492858914318 4.15
    endloop
  endfacet
  facet normal 0 0 1
    outer loop
      vertex -18.068721323636705 9.732568627301365 4.95
      vertex -17.008699670532856 9.597136290303837 4.95
      vertex -17.040058209513152 9.895492858914318 4.95
    endloop
  endfacet
  facet normal 0 0 1
    outer loop
      vertex -17.008699670532856 9.597136290303837 4.95
      vertex -16 9.65 4.95
      vertex -17.040058209513152 9.895492858914318 4.95
    endloop
  endfacet
  facet normal -0.052335956242944515 0.9986295347545738 0
    outer loop
      vertex -17.040058209513152 9.895492858914318 4.15
      vertex -17.040058209513152 9.895492858914318 4.95
      vertex -16 9.95 4.15
    endloop
  endfacet
  facet normal -0.15643446504023042 0.9876883405951378 0
    outer loop
      vertex -17.040058209513152 9.895492858914318 4.15
      vertex -18.068721323636705 9.732568627301365 4.95
      vertex -17.040058209513152 9.895492858914318 4.95
    endloop
  endfacet
  facet normal -0.052335956242944515 0.9986295347545738 -2.9818617022203017e-18
    outer loop
      vertex -17.040058209513152 9.895492858914318 4.95
      vertex -16 9.95 4.95
      vertex -16 9.95 4.15
    endloop
  endfacet
  facet normal 0 0 1
    outer loop
      vertex -17.040058209513152 9.895492858914318 4.95
      vertex -16 9.65 4.95
      vertex -16 9.95 4.95
    endloop
  endfacet
  facet normal 0 0 1
    outer loop
      vertex -16 9.65 4.95
      vertex -14.991300329467144 9.597136290303837 4.95
      vertex -16 9.95 4.95
    endloop
  endfacet
  facet normal 0 0 1
    outer loop
      vertex -14.991300329467144 9.597136290303837 4.95
      vertex -13.993652183608623 9.439124347081226 4.95
      vertex -14.959941790486848 9.895492858914318 4.95
    endloop
  endfacet
  facet normal 0 0 1
    outer loop
      vertex -14.959941790486848 9.895492858914318 4.95
      vertex -13.993652183608623 9.439124347081226 4.95
      vertex -13.931278676363295 9.732568627301365 4.95
    endloop
  endfacet
  facet normal 0.052335956242944515 0.9986295347545738 0
    outer loop
      vertex -16 9.95 4.15
      vertex -16 9.95 4.95
      vertex -14.959941790486848 9.895492858914318 4.15
    endloop
  endfacet
  facet normal 0.052335956242944515 0.9986295347545738 0
    outer loop
      vertex -14.959941790486848 9.895492858914318 4.15
      vertex -16 9.95 4.95
      vertex -14.959941790486848 9.895492858914318 4.95
    endloop
  endfacet
  facet normal 0.15643446504023042 0.9876883405951378 0
    outer loop
      vertex -14.959941790486848 9.895492858914318 4.15
      vertex -14.959941790486848 9.895492858914318 4.95
      vertex -13.931278676363295 9.732568627301365 4.15
    endloop
  endfacet
  facet normal 0.15643446504023042 0.9876883405951378 0
    outer loop
      vertex -13.931278676363295 9.732568627301365 4.15
      vertex -14.959941790486848 9.895492858914318 4.95
      vertex -13.931278676363295 9.732568627301365 4.95
    endloop
  endfacet
  facet normal 0 0 1
    outer loop
      vertex -16 9.95 4.95
      vertex -14.991300329467144 9.597136290303837 4.95
      vertex -14.959941790486848 9.895492858914318 4.95
    endloop
  endfacet
  facet normal 0 0 -1
    outer loop
      vertex -7.184286333748901 3.925008605681472 4.15
      vertex -7.642854853480166 4.825 4.15
      vertex -6.910222696456122 4.047029598604212 4.15
    endloop
  endfacet
  facet normal 0 0 -1
    outer loop
      vertex -7.642854853480166 4.825 4.15
      vertex -7.383047232344836 4.975 4.15
      vertex -6.910222696456122 4.047029598604212 4.15
    endloop
  endfacet
  facet normal 0 0 -1
    outer loop
      vertex -8.192986004281757 5.672127684622366 4.15
      vertex -7.383047232344836 4.975 4.15
      vertex -7.642854853480166 4.825 4.15
    endloop
  endfacet
  facet normal 0 0 -1
    outer loop
      vertex -8.192986004281757 5.672127684622366 4.15
      vertex -8.828652434143144 6.457110351362982 4.15
      vertex -7.950280905969274 5.848463260310107 4.15
    endloop
  endfacet
  facet normal 0 0 -1
    outer loop
      vertex -8.192986004281757 5.672127684622366 4.15
      vertex -7.950280905969274 5.848463260310107 4.15
      vertex -7.383047232344836 4.975 4.15
    endloop
  endfacet
  facet normal 0 0 -1
    outer loop
      vertex -6.104507141085682 1.0400582095131519 4.15
      vertex -6.050000000000001 0 4.15
      vertex -6.35 0 4.15
    endloop
  endfacet
  facet normal 0 0 -1
    outer loop
      vertex -6.402863709696163 1.0086996705328561 4.15
      vertex -6.267431372698635 2.0687213236367055 4.15
      vertex -6.35 0 4.15
    endloop
  endfacet
  facet normal 0 0 -1
    outer loop
      vertex -6.104507141085682 1.0400582095131519 4.15
      vertex -6.35 0 4.15
      vertex -6.267431372698635 2.0687213236367055 4.15
    endloop
  endfacet
  facet normal 0 0 -1
    outer loop
      vertex -6.402863709696163 1.0086996705328561 4.15
      vertex -6.560875652918774 2.006347816391378 4.15
      vertex -6.267431372698635 2.0687213236367055 4.15
    endloop
  endfacet
  facet normal 0 0 -1
    outer loop
      vertex -6.560875652918774 2.006347816391378 4.15
      vertex -6.536987662863224 3.0747190940307263 4.15
      vertex -6.267431372698635 2.0687213236367055 4.15
    endloop
  endfacet
  facet normal 0 0 -1
    outer loop
      vertex -6.560875652918774 2.006347816391378 4.15
      vertex -6.822304617751769 2.9820139957182423 4.15
      vertex -6.536987662863224 3.0747190940307263 4.15
    endloop
  endfacet
  facet normal 0 0 -1
    outer loop
      vertex -7.184286333748901 3.925008605681472 4.15
      vertex -6.536987662863224 3.0747190940307263 4.15
      vertex -6.822304617751769 2.9820139957182423 4.15
    endloop
  endfacet
  facet normal 0 0 -1
    outer loop
      vertex -7.184286333748901 3.925008605681472 4.15
      vertex -6.910222696456122 4.047029598604212 4.15
      vertex -6.536987662863224 3.0747190940307263 4.15
    endloop
  endfacet
  facet normal 0.8910065241883681 0.4539904997395465 1.3919913819093344e-17
    outer loop
      vertex -7.383047232344836 4.975 4.15
      vertex -6.910222696456122 4.047029598604212 4.95
      vertex -6.910222696456122 4.047029598604212 4.15
    endloop
  endfacet
  facet normal 0 0 1
    outer loop
      vertex -7.184286333748901 3.925008605681472 4.95
      vertex -6.910222696456122 4.047029598604212 4.95
      vertex -7.383047232344836 4.975 4.95
    endloop
  endfacet
  facet normal 0.8910065241883681 0.4539904997395465 0
    outer loop
      vertex -7.383047232344836 4.975 4.15
      vertex -7.383047232344836 4.975 4.95
      vertex -6.910222696456122 4.047029598604212 4.95
    endloop
  endfacet
  facet normal 0 0 1
    outer loop
      vertex -7.184286333748901 3.925008605681472 4.95
      vertex -7.383047232344836 4.975 4.95
      vertex -7.642854853480166 4.825 4.95
    endloop
  endfacet
  facet normal 0 0 1
    outer loop
      vertex -7.950280905969274 5.848463260310107 4.95
      vertex -7.642854853480166 4.825 4.95
      vertex -7.383047232344836 4.975 4.95
    endloop
  endfacet
  facet normal 0.838670567945424 0.5446390350150271 -1.666505483950765e-18
    outer loop
      vertex -7.950280905969274 5.848463260310107 4.15
      vertex -7.383047232344836 4.975 4.95
      vertex -7.383047232344836 4.975 4.15
    endloop
  endfacet
  facet normal 0.838670567945424 0.5446390350150271 0
    outer loop
      vertex -7.950280905969274 5.848463260310107 4.15
      vertex -7.950280905969274 5.848463260310107 4.95
      vertex -7.383047232344836 4.975 4.95
    endloop
  endfacet
  facet normal 0 0 1
    outer loop
      vertex -8.192986004281757 5.672127684622366 4.95
      vertex -7.642854853480166 4.825 4.95
      vertex -7.950280905969274 5.848463260310107 4.95
    endloop
  endfacet
  facet normal 0.9986295347545738 0.052335956242944515 2.9818617022203017e-18
    outer loop
      vertex -6.104507141085682 1.0400582095131519 4.15
      vertex -6.050000000000001 0 4.95
      vertex -6.050000000000001 0 4.15
    endloop
  endfacet
  facet normal 0.9986295347545738 0.052335956242944515 0
    outer loop
      vertex -6.104507141085682 1.0400582095131519 4.15
      vertex -6.104507141085682 1.0400582095131519 4.95
      vertex -6.050000000000001 0 4.95
    endloop
  endfacet
  facet normal 0 0 1
    outer loop
      vertex -6.267431372698635 2.0687213236367055 4.95
      vertex -6.35 0 4.95
      vertex -6.050000000000001 0 4.95
    endloop
  endfacet
  facet normal 0.9876883405951378 0.15643446504023037 0
    outer loop
      vertex -6.104507141085682 1.0400582095131519 4.15
      vertex -6.267431372698635 2.0687213236367055 4.15
      vertex -6.104507141085682 1.0400582095131519 4.95
    endloop
  endfacet
  facet normal 0 0 1
    outer loop
      vertex -6.402863709696163 1.0086996705328561 4.95
      vertex -6.35 0 4.95
      vertex -6.267431372698635 2.0687213236367055 4.95
    endloop
  endfacet
  facet normal 0 0 1
    outer loop
      vertex -6.104507141085682 1.0400582095131519 4.95
      vertex -6.267431372698635 2.0687213236367055 4.95
      vertex -6.050000000000001 0 4.95
    endloop
  endfacet
  facet normal 0.9876883405951378 0.15643446504023037 0
    outer loop
      vertex -6.267431372698635 2.0687213236367055 4.15
      vertex -6.267431372698635 2.0687213236367055 4.95
      vertex -6.104507141085682 1.0400582095131519 4.95
    endloop
  endfacet
  facet normal 0 0 1
    outer loop
      vertex -6.402863709696163 1.0086996705328561 4.95
      vertex -6.536987662863224 3.0747190940307263 4.95
      vertex -6.560875652918774 2.006347816391378 4.95
    endloop
  endfacet
  facet normal 0 0 1
    outer loop
      vertex -6.402863709696163 1.0086996705328561 4.95
      vertex -6.267431372698635 2.0687213236367055 4.95
      vertex -6.536987662863224 3.0747190940307263 4.95
    endloop
  endfacet
  facet normal 0.965925826289068 0.2588190451025217 0
    outer loop
      vertex -6.267431372698635 2.0687213236367055 4.15
      vertex -6.536987662863224 3.0747190940307263 4.15
      vertex -6.267431372698635 2.0687213236367055 4.95
    endloop
  endfacet
  facet normal 0.965925826289068 0.2588190451025217 0
    outer loop
      vertex -6.536987662863224 3.0747190940307263 4.15
      vertex -6.536987662863224 3.0747190940307263 4.95
      vertex -6.267431372698635 2.0687213236367055 4.95
    endloop
  endfacet
  facet normal 0 0 1
    outer loop
      vertex -6.560875652918774 2.006347816391378 4.95
      vertex -6.536987662863224 3.0747190940307263 4.95
      vertex -6.822304617751769 2.9820139957182423 4.95
    endloop
  endfacet
  facet normal 0.933580426497202 0.3583679495452996 0
    outer loop
      vertex -6.536987662863224 3.0747190940307263 4.15
      vertex -6.910222696456122 4.047029598604212 4.15
      vertex -6.536987662863224 3.0747190940307263 4.95
    endloop
  endfacet
  facet normal 0.933580426497202 0.3583679495452996 0
    outer loop
      vertex -6.910222696456122 4.047029598604212 4.15
      vertex -6.910222696456122 4.047029598604212 4.95
      vertex -6.536987662863224 3.0747190940307263 4.95
    endloop
  endfacet
  facet normal 0 0 1
    outer loop
      vertex -6.822304617751769 2.9820139957182423 4.95
      vertex -6.536987662863224 3.0747190940307263 4.95
      vertex -6.910222696456122 4.047029598604212 4.95
    endloop
  endfacet
  facet normal 0 0 1
    outer loop
      vertex -7.184286333748901 3.925008605681472 4.95
      vertex -6.822304617751769 2.9820139957182423 4.95
      vertex -6.910222696456122 4.047029598604212 4.95
    endloop
  endfacet
  facet normal 0 0 -1
    outer loop
      vertex -11.175 8.357145146519834 4.15
      vertex -10.151536739689892 8.049719094030726 4.15
      vertex -10.327872315377634 7.807013995718243 4.15
    endloop
  endfacet
  facet normal 0 0 -1
    outer loop
      vertex -12.074991394318527 8.8157136662511 4.15
      vertex -11.025 8.616952767655164 4.15
      vertex -11.175 8.357145146519834 4.15
    endloop
  endfacet
  facet normal 0 0 -1
    outer loop
      vertex -12.074991394318527 8.8157136662511 4.15
      vertex -11.952970401395788 9.089777303543878 4.15
      vertex -11.025 8.616952767655164 4.15
    endloop
  endfacet
  facet normal 0 0 -1
    outer loop
      vertex -11.175 8.357145146519834 4.15
      vertex -11.025 8.616952767655164 4.15
      vertex -10.151536739689892 8.049719094030726 4.15
    endloop
  endfacet
  facet normal 0 0 -1
    outer loop
      vertex -10.327872315377634 7.807013995718243 4.15
      vertex -9.342150466729361 7.394291013500072 4.15
      vertex -9.542889648637018 7.171347565856855 4.15
    endloop
  endfacet
  facet normal 0 0 -1
    outer loop
      vertex -9.542889648637018 7.171347565856855 4.15
      vertex -8.605708986499927 6.657849533270639 4.15
      vertex -8.828652434143144 6.457110351362982 4.15
    endloop
  endfacet
  facet normal 0 0 -1
    outer loop
      vertex -9.542889648637018 7.171347565856855 4.15
      vertex -9.342150466729361 7.394291013500072 4.15
      vertex -8.605708986499927 6.657849533270639 4.15
    endloop
  endfacet
  facet normal 0 0 -1
    outer loop
      vertex -7.950280905969274 5.848463260310107 4.15
      vertex -8.828652434143144 6.457110351362982 4.15
      vertex -8.605708986499927 6.657849533270639 4.15
    endloop
  endfacet
  facet normal 0 0 -1
    outer loop
      vertex -10.327872315377634 7.807013995718243 4.15
      vertex -10.151536739689892 8.049719094030726 4.15
      vertex -9.342150466729361 7.394291013500072 4.15
    endloop
  endfacet
  facet normal 0 0 -1
    outer loop
      vertex -13.993652183608623 9.439124347081226 4.15
      vertex -12.925280905969274 9.463012337136776 4.15
      vertex -13.017986004281758 9.177695382248231 4.15
    endloop
  endfacet
  facet normal 0 0 -1
    outer loop
      vertex -13.993652183608623 9.439124347081226 4.15
      vertex -13.931278676363295 9.732568627301365 4.15
      vertex -12.925280905969274 9.463012337136776 4.15
    endloop
  endfacet
  facet normal 0 0 -1
    outer loop
      vertex -13.017986004281758 9.177695382248231 4.15
      vertex -11.952970401395788 9.089777303543878 4.15
      vertex -12.074991394318527 8.8157136662511 4.15
    endloop
  endfacet
  facet normal 0 0 -1
    outer loop
      vertex -13.017986004281758 9.177695382248231 4.15
      vertex -12.925280905969274 9.463012337136776 4.15
      vertex -11.952970401395788 9.089777303543878 4.15
    endloop
  endfacet
  facet normal 0 0 1
    outer loop
      vertex -11.025 8.616952767655164 4.95
      vertex -10.327872315377634 7.807013995718243 4.95
      vertex -10.151536739689892 8.049719094030726 4.95
    endloop
  endfacet
  facet normal 0.4539904997395465 0.8910065241883681 1.3919913819093344e-17
    outer loop
      vertex -11.025 8.616952767655164 4.15
      vertex -11.952970401395788 9.089777303543878 4.15
      vertex -11.952970401395788 9.089777303543878 4.95
    endloop
  endfacet
  facet normal 0.5446390350150268 0.8386705679454243 0
    outer loop
      vertex -11.025 8.616952767655164 4.15
      vertex -11.025 8.616952767655164 4.95
      vertex -10.151536739689892 8.049719094030726 4.15
    endloop
  endfacet
  facet normal 0.4539904997395465 0.8910065241883681 0
    outer loop
      vertex -11.025 8.616952767655164 4.15
      vertex -11.952970401395788 9.089777303543878 4.95
      vertex -11.025 8.616952767655164 4.95
    endloop
  endfacet
  facet normal 0 0 1
    outer loop
      vertex -12.074991394318527 8.8157136662511 4.95
      vertex -11.175 8.357145146519834 4.95
      vertex -11.952970401395788 9.089777303543878 4.95
    endloop
  endfacet
  facet normal 0 0 1
    outer loop
      vertex -11.175 8.357145146519834 4.95
      vertex -11.025 8.616952767655164 4.95
      vertex -11.952970401395788 9.089777303543878 4.95
    endloop
  endfacet
  facet normal 0 0 1
    outer loop
      vertex -11.175 8.357145146519834 4.95
      vertex -10.327872315377634 7.807013995718243 4.95
      vertex -11.025 8.616952767655164 4.95
    endloop
  endfacet
  facet normal 0.707106781186547 0.7071067811865479 -3.408232459842952e-17
    outer loop
      vertex -9.342150466729361 7.394291013500072 4.15
      vertex -8.605708986499927 6.657849533270639 4.95
      vertex -8.605708986499927 6.657849533270639 4.15
    endloop
  endfacet
  facet normal 0.707106781186547 0.7071067811865479 0
    outer loop
      vertex -9.342150466729361 7.394291013500072 4.15
      vertex -9.342150466729361 7.394291013500072 4.95
      vertex -8.605708986499927 6.657849533270639 4.95
    endloop
  endfacet
  facet normal 0 0 1
    outer loop
      vertex -9.542889648637018 7.171347565856855 4.95
      vertex -8.828652434143144 6.457110351362982 4.95
      vertex -9.342150466729361 7.394291013500072 4.95
    endloop
  endfacet
  facet normal 0 0 1
    outer loop
      vertex -9.342150466729361 7.394291013500072 4.95
      vertex -8.828652434143144 6.457110351362982 4.95
      vertex -8.605708986499927 6.657849533270639 4.95
    endloop
  endfacet
  facet normal 0.7771459614569713 0.6293203910498367 0
    outer loop
      vertex -7.950280905969274 5.848463260310107 4.15
      vertex -8.605708986499927 6.657849533270639 4.15
      vertex -7.950280905969274 5.848463260310107 4.95
    endloop
  endfacet
  facet normal 0.7771459614569713 0.6293203910498367 -5.463794172171183e-17
    outer loop
      vertex -7.950280905969274 5.848463260310107 4.95
      vertex -8.605708986499927 6.657849533270639 4.15
      vertex -8.605708986499927 6.657849533270639 4.95
    endloop
  endfacet
  facet normal 0 0 1
    outer loop
      vertex -8.192986004281757 5.672127684622366 4.95
      vertex -8.605708986499927 6.657849533270639 4.95
      vertex -8.828652434143144 6.457110351362982 4.95
    endloop
  endfacet
  facet normal 0 0 1
    outer loop
      vertex -8.192986004281757 5.672127684622366 4.95
      vertex -7.950280905969274 5.848463260310107 4.95
      vertex -8.605708986499927 6.657849533270639 4.95
    endloop
  endfacet
  facet normal 0.6293203910498377 0.7771459614569708 0
    outer loop
      vertex -10.151536739689892 8.049719094030726 4.15
      vertex -10.151536739689892 8.049719094030726 4.95
      vertex -9.342150466729361 7.394291013500072 4.15
    endloop
  endfacet
  facet normal 0.5446390350150268 0.8386705679454243 0
    outer loop
      vertex -10.151536739689892 8.049719094030726 4.15
      vertex -11.025 8.616952767655164 4.95
      vertex -10.151536739689892 8.049719094030726 4.95
    endloop
  endfacet
  facet normal 0.6293203910498377 0.7771459614569708 4.774257447166486e-17
    outer loop
      vertex -10.151536739689892 8.049719094030726 4.95
      vertex -9.342150466729361 7.394291013500072 4.95
      vertex -9.342150466729361 7.394291013500072 4.15
    endloop
  endfacet
  facet normal 0 0 1
    outer loop
      vertex -10.327872315377634 7.807013995718243 4.95
      vertex -9.542889648637018 7.171347565856855 4.95
      vertex -10.151536739689892 8.049719094030726 4.95
    endloop
  endfacet
  facet normal 0 0 1
    outer loop
      vertex -10.151536739689892 8.049719094030726 4.95
      vertex -9.542889648637018 7.171347565856855 4.95
      vertex -9.342150466729361 7.394291013500072 4.95
    endloop
  endfacet
  facet normal 0.25881904510252157 0.965925826289068 0
    outer loop
      vertex -13.931278676363295 9.732568627301365 4.15
      vertex -13.931278676363295 9.732568627301365 4.95
      vertex -12.925280905969274 9.463012337136776 4.15
    endloop
  endfacet
  facet normal 0.25881904510252157 0.965925826289068 0
    outer loop
      vertex -12.925280905969274 9.463012337136776 4.15
      vertex -13.931278676363295 9.732568627301365 4.95
      vertex -12.925280905969274 9.463012337136776 4.95
    endloop
  endfacet
  facet normal 0.3583679495452996 0.933580426497202 0
    outer loop
      vertex -12.925280905969274 9.463012337136776 4.15
      vertex -12.925280905969274 9.463012337136776 4.95
      vertex -11.952970401395788 9.089777303543878 4.15
    endloop
  endfacet
  facet normal 0.3583679495452996 0.933580426497202 0
    outer loop
      vertex -11.952970401395788 9.089777303543878 4.15
      vertex -12.925280905969274 9.463012337136776 4.95
      vertex -11.952970401395788 9.089777303543878 4.95
    endloop
  endfacet
  facet normal 0 0 1
    outer loop
      vertex -13.993652183608623 9.439124347081226 4.95
      vertex -13.017986004281758 9.177695382248231 4.95
      vertex -13.931278676363295 9.732568627301365 4.95
    endloop
  endfacet
  facet normal 0 0 1
    outer loop
      vertex -13.931278676363295 9.732568627301365 4.95
      vertex -13.017986004281758 9.177695382248231 4.95
      vertex -12.925280905969274 9.463012337136776 4.95
    endloop
  endfacet
  facet normal 0 0 1
    outer loop
      vertex -13.017986004281758 9.177695382248231 4.95
      vertex -12.074991394318527 8.8157136662511 4.95
      vertex -12.925280905969274 9.463012337136776 4.95
    endloop
  endfacet
  facet normal 0 0 1
    outer loop
      vertex -12.074991394318527 8.8157136662511 4.95
      vertex -11.952970401395788 9.089777303543878 4.95
      vertex -12.925280905969274 9.463012337136776 4.95
    endloop
  endfacet
  facet normal 0 0 -1
    outer loop
      vertex 11.952970401395788 -9.089777303543878 4.15
      vertex 13.017986004281758 -9.177695382248231 4.15
      vertex 12.925280905969274 -9.463012337136776 4.15
    endloop
  endfacet
  facet normal 0 0 -1
    outer loop
      vertex 11.952970401395788 -9.089777303543878 4.15
      vertex 12.074991394318527 -8.8157136662511 4.15
      vertex 13.017986004281758 -9.177695382248231 4.15
    endloop
  endfacet
  facet normal 0 0 -1
    outer loop
      vertex 12.925280905969274 -9.463012337136776 4.15
      vertex 13.993652183608623 -9.439124347081226 4.15
      vertex 13.931278676363295 -9.732568627301365 4.15
    endloop
  endfacet
  facet normal 0 0 -1
    outer loop
      vertex 12.925280905969274 -9.463012337136776 4.15
      vertex 13.017986004281758 -9.177695382248231 4.15
      vertex 13.993652183608623 -9.439124347081226 4.15
    endloop
  endfacet
  facet normal 0 0 -1
    outer loop
      vertex 9.342150466729361 -7.394291013500072 4.15
      vertex 10.327872315377634 -7.807013995718243 4.15
      vertex 10.151536739689892 -8.049719094030726 4.15
    endloop
  endfacet
  facet normal 0 0 -1
    outer loop
      vertex 8.605708986499927 -6.657849533270639 4.15
      vertex 7.950280905969274 -5.848463260310107 4.15
      vertex 8.828652434143144 -6.457110351362982 4.15
    endloop
  endfacet
  facet normal 0 0 -1
    outer loop
      vertex 8.605708986499927 -6.657849533270639 4.15
      vertex 9.542889648637018 -7.171347565856855 4.15
      vertex 9.342150466729361 -7.394291013500072 4.15
    endloop
  endfacet
  facet normal 0 0 -1
    outer loop
      vertex 8.605708986499927 -6.657849533270639 4.15
      vertex 8.828652434143144 -6.457110351362982 4.15
      vertex 9.542889648637018 -7.171347565856855 4.15
    endloop
  endfacet
  facet normal 0 0 -1
    outer loop
      vertex 9.342150466729361 -7.394291013500072 4.15
      vertex 9.542889648637018 -7.171347565856855 4.15
      vertex 10.327872315377634 -7.807013995718243 4.15
    endloop
  endfacet
  facet normal 0 0 -1
    outer loop
      vertex 10.151536739689892 -8.049719094030726 4.15
      vertex 11.175 -8.357145146519834 4.15
      vertex 11.025 -8.616952767655164 4.15
    endloop
  endfacet
  facet normal 0 0 -1
    outer loop
      vertex 11.952970401395788 -9.089777303543878 4.15
      vertex 11.025 -8.616952767655164 4.15
      vertex 12.074991394318527 -8.8157136662511 4.15
    endloop
  endfacet
  facet normal 0 0 -1
    outer loop
      vertex 11.025 -8.616952767655164 4.15
      vertex 11.175 -8.357145146519834 4.15
      vertex 12.074991394318527 -8.8157136662511 4.15
    endloop
  endfacet
  facet normal 0 0 -1
    outer loop
      vertex 10.151536739689892 -8.049719094030726 4.15
      vertex 10.327872315377634 -7.807013995718243 4.15
      vertex 11.175 -8.357145146519834 4.15
    endloop
  endfacet
  facet normal -0.3583679495452996 -0.933580426497202 -1.2135047055321104e-17
    outer loop
      vertex 11.952970401395788 -9.089777303543878 4.15
      vertex 12.925280905969274 -9.463012337136776 4.15
      vertex 12.925280905969274 -9.463012337136776 4.95
    endloop
  endfacet
  facet normal -0.3583679495452996 -0.933580426497202 0
    outer loop
      vertex 11.952970401395788 -9.089777303543878 4.15
      vertex 12.925280905969274 -9.463012337136776 4.95
      vertex 11.952970401395788 -9.089777303543878 4.95
    endloop
  endfacet
  facet normal -0.25881904510252157 -0.965925826289068 2.25617794464379e-17
    outer loop
      vertex 12.925280905969274 -9.463012337136776 4.15
      vertex 13.931278676363295 -9.732568627301365 4.15
      vertex 13.931278676363295 -9.732568627301365 4.95
    endloop
  endfacet
  facet normal -0.25881904510252157 -0.965925826289068 0
    outer loop
      vertex 12.925280905969274 -9.463012337136776 4.15
      vertex 13.931278676363295 -9.732568627301365 4.95
      vertex 12.925280905969274 -9.463012337136776 4.95
    endloop
  endfacet
  facet normal 0 0 1
    outer loop
      vertex 11.952970401395788 -9.089777303543878 4.95
      vertex 12.925280905969274 -9.463012337136776 4.95
      vertex 12.074991394318527 -8.8157136662511 4.95
    endloop
  endfacet
  facet normal 0 0 1
    outer loop
      vertex 12.925280905969274 -9.463012337136776 4.95
      vertex 13.017986004281758 -9.177695382248231 4.95
      vertex 12.074991394318527 -8.8157136662511 4.95
    endloop
  endfacet
  facet normal 0 0 1
    outer loop
      vertex 12.925280905969274 -9.463012337136776 4.95
      vertex 13.931278676363295 -9.732568627301365 4.95
      vertex 13.017986004281758 -9.177695382248231 4.95
    endloop
  endfacet
  facet normal 0 0 1
    outer loop
      vertex 13.017986004281758 -9.177695382248231 4.95
      vertex 13.931278676363295 -9.732568627301365 4.95
      vertex 13.993652183608623 -9.439124347081226 4.95
    endloop
  endfacet
  facet normal -0.6293203910498377 -0.7771459614569708 0
    outer loop
      vertex 9.342150466729361 -7.394291013500072 4.15
      vertex 10.151536739689892 -8.049719094030726 4.95
      vertex 9.342150466729361 -7.394291013500072 4.95
    endloop
  endfacet
  facet normal -0.5446390350150268 -0.8386705679454243 0
    outer loop
      vertex 10.151536739689892 -8.049719094030726 4.15
      vertex 11.025 -8.616952767655164 4.95
      vertex 10.151536739689892 -8.049719094030726 4.95
    endloop
  endfacet
  facet normal -0.6293203910498377 -0.7771459614569708 4.774257447166486e-17
    outer loop
      vertex 9.342150466729361 -7.394291013500072 4.15
      vertex 10.151536739689892 -8.049719094030726 4.15
      vertex 10.151536739689892 -8.049719094030726 4.95
    endloop
  endfacet
  facet normal 0 0 1
    outer loop
      vertex 9.342150466729361 -7.394291013500072 4.95
      vertex 10.151536739689892 -8.049719094030726 4.95
      vertex 9.542889648637018 -7.171347565856855 4.95
    endloop
  endfacet
  facet normal 0 0 1
    outer loop
      vertex 9.542889648637018 -7.171347565856855 4.95
      vertex 10.151536739689892 -8.049719094030726 4.95
      vertex 10.327872315377634 -7.807013995718243 4.95
    endloop
  endfacet
  facet normal -0.7771459614569713 -0.6293203910498367 0
    outer loop
      vertex 8.605708986499927 -6.657849533270639 4.15
      vertex 8.605708986499927 -6.657849533270639 4.95
      vertex 7.950280905969274 -5.848463260310107 4.95
    endloop
  endfacet
  facet normal -0.7771459614569713 -0.6293203910498367 -5.463794172171183e-17
    outer loop
      vertex 8.605708986499927 -6.657849533270639 4.15
      vertex 7.950280905969274 -5.848463260310107 4.95
      vertex 7.950280905969274 -5.848463260310107 4.15
    endloop
  endfacet
  facet normal 0 0 1
    outer loop
      vertex 8.605708986499927 -6.657849533270639 4.95
      vertex 8.192986004281757 -5.672127684622366 4.95
      vertex 7.950280905969274 -5.848463260310107 4.95
    endloop
  endfacet
  facet normal 0 0 1
    outer loop
      vertex 8.605708986499927 -6.657849533270639 4.95
      vertex 8.828652434143144 -6.457110351362982 4.95
      vertex 8.192986004281757 -5.672127684622366 4.95
    endloop
  endfacet
  facet normal -0.707106781186547 -0.7071067811865479 0
    outer loop
      vertex 9.342150466729361 -7.394291013500072 4.15
      vertex 9.342150466729361 -7.394291013500072 4.95
      vertex 8.605708986499927 -6.657849533270639 4.95
    endloop
  endfacet
  facet normal -0.707106781186547 -0.7071067811865479 0
    outer loop
      vertex 8.605708986499927 -6.657849533270639 4.15
      vertex 9.342150466729361 -7.394291013500072 4.15
      vertex 8.605708986499927 -6.657849533270639 4.95
    endloop
  endfacet
  facet normal 0 0 1
    outer loop
      vertex 8.605708986499927 -6.657849533270639 4.95
      vertex 9.342150466729361 -7.394291013500072 4.95
      vertex 8.828652434143144 -6.457110351362982 4.95
    endloop
  endfacet
  facet normal 0 0 1
    outer loop
      vertex 8.828652434143144 -6.457110351362982 4.95
      vertex 9.342150466729361 -7.394291013500072 4.95
      vertex 9.542889648637018 -7.171347565856855 4.95
    endloop
  endfacet
  facet normal -0.4539904997395465 -0.8910065241883681 0
    outer loop
      vertex 11.025 -8.616952767655164 4.15
      vertex 11.952970401395788 -9.089777303543878 4.95
      vertex 11.025 -8.616952767655164 4.95
    endloop
  endfacet
  facet normal -0.5446390350150268 -0.8386705679454243 -6.71259906988289e-18
    outer loop
      vertex 10.151536739689892 -8.049719094030726 4.15
      vertex 11.025 -8.616952767655164 4.15
      vertex 11.025 -8.616952767655164 4.95
    endloop
  endfacet
  facet normal -0.4539904997395465 -0.8910065241883681 0
    outer loop
      vertex 11.952970401395788 -9.089777303543878 4.15
      vertex 11.952970401395788 -9.089777303543878 4.95
      vertex 11.025 -8.616952767655164 4.15
    endloop
  endfacet
  facet normal 0 0 1
    outer loop
      vertex 10.327872315377634 -7.807013995718243 4.95
      vertex 11.025 -8.616952767655164 4.95
      vertex 11.175 -8.357145146519834 4.95
    endloop
  endfacet
  facet normal 0 0 1
    outer loop
      vertex 11.952970401395788 -9.089777303543878 4.95
      vertex 11.175 -8.357145146519834 4.95
      vertex 11.025 -8.616952767655164 4.95
    endloop
  endfacet
  facet normal 0 0 1
    outer loop
      vertex 11.952970401395788 -9.089777303543878 4.95
      vertex 12.074991394318527 -8.8157136662511 4.95
      vertex 11.175 -8.357145146519834 4.95
    endloop
  endfacet
  facet normal 0 0 1
    outer loop
      vertex 10.151536739689892 -8.049719094030726 4.95
      vertex 11.025 -8.616952767655164 4.95
      vertex 10.327872315377634 -7.807013995718243 4.95
    endloop
  endfacet
  facet normal 0 0 -1
    outer loop
      vertex 6.910222696456122 -4.047029598604212 4.15
      vertex 6.536987662863224 -3.0747190940307263 4.15
      vertex 7.184286333748901 -3.925008605681472 4.15
    endloop
  endfacet
  facet normal 0 0 -1
    outer loop
      vertex 6.536987662863224 -3.0747190940307263 4.15
      vertex 6.822304617751769 -2.9820139957182423 4.15
      vertex 7.184286333748901 -3.925008605681472 4.15
    endloop
  endfacet
  facet normal 0 0 -1
    outer loop
      vertex 6.536987662863224 -3.0747190940307263 4.15
      vertex 6.560875652918774 -2.006347816391378 4.15
      vertex 6.822304617751769 -2.9820139957182423 4.15
    endloop
  endfacet
  facet normal 0 0 -1
    outer loop
      vertex 6.536987662863224 -3.0747190940307263 4.15
      vertex 6.267431372698635 -2.0687213236367055 4.15
      vertex 6.560875652918774 -2.006347816391378 4.15
    endloop
  endfacet
  facet normal 0 0 -1
    outer loop
      vertex 6.267431372698635 -2.0687213236367055 4.15
      vertex 6.402863709696163 -1.0086996705328561 4.15
      vertex 6.560875652918774 -2.006347816391378 4.15
    endloop
  endfacet
  facet normal 0 0 -1
    outer loop
      vertex 6.267431372698635 -2.0687213236367055 4.15
      vertex 6.104507141085682 -1.0400582095131519 4.15
      vertex 6.35 0 4.15
    endloop
  endfacet
  facet normal 0 0 -1
    outer loop
      vertex 6.267431372698635 -2.0687213236367055 4.15
      vertex 6.35 0 4.15
      vertex 6.402863709696163 -1.0086996705328561 4.15
    endloop
  endfacet
  facet normal 0 0 -1
    outer loop
      vertex 6.104507141085682 -1.0400582095131519 4.15
      vertex 6.050000000000001 0 4.15
      vertex 6.35 0 4.15
    endloop
  endfacet
  facet normal 0 0 -1
    outer loop
      vertex 7.383047232344836 -4.975 4.15
      vertex 8.192986004281757 -5.672127684622366 4.15
      vertex 7.950280905969274 -5.848463260310107 4.15
    endloop
  endfacet
  facet normal 0 0 -1
    outer loop
      vertex 8.828652434143144 -6.457110351362982 4.15
      vertex 7.950280905969274 -5.848463260310107 4.15
      vertex 8.192986004281757 -5.672127684622366 4.15
    endloop
  endfacet
  facet normal 0 0 -1
    outer loop
      vertex 7.383047232344836 -4.975 4.15
      vertex 7.642854853480166 -4.825 4.15
      vertex 8.192986004281757 -5.672127684622366 4.15
    endloop
  endfacet
  facet normal 0 0 -1
    outer loop
      vertex 6.910222696456122 -4.047029598604212 4.15
      vertex 7.642854853480166 -4.825 4.15
      vertex 7.383047232344836 -4.975 4.15
    endloop
  endfacet
  facet normal 0 0 -1
    outer loop
      vertex 6.910222696456122 -4.047029598604212 4.15
      vertex 7.184286333748901 -3.925008605681472 4.15
      vertex 7.642854853480166 -4.825 4.15
    endloop
  endfacet
  facet normal -0.933580426497202 -0.3583679495452996 -1.2135047055321104e-17
    outer loop
      vertex 6.910222696456122 -4.047029598604212 4.15
      vertex 6.536987662863224 -3.0747190940307263 4.95
      vertex 6.536987662863224 -3.0747190940307263 4.15
    endloop
  endfacet
  facet normal -0.933580426497202 -0.3583679495452996 0
    outer loop
      vertex 6.910222696456122 -4.047029598604212 4.15
      vertex 6.910222696456122 -4.047029598604212 4.95
      vertex 6.536987662863224 -3.0747190940307263 4.95
    endloop
  endfacet
  facet normal 0 0 1
    outer loop
      vertex 6.910222696456122 -4.047029598604212 4.95
      vertex 7.184286333748901 -3.925008605681472 4.95
      vertex 6.822304617751769 -2.9820139957182423 4.95
    endloop
  endfacet
  facet normal 0 0 1
    outer loop
      vertex 6.910222696456122 -4.047029598604212 4.95
      vertex 6.822304617751769 -2.9820139957182423 4.95
      vertex 6.536987662863224 -3.0747190940307263 4.95
    endloop
  endfacet
  facet normal -0.965925826289068 -0.2588190451025217 0
    outer loop
      vertex 6.536987662863224 -3.0747190940307263 4.15
      vertex 6.536987662863224 -3.0747190940307263 4.95
      vertex 6.267431372698635 -2.0687213236367055 4.95
    endloop
  endfacet
  facet normal -0.965925826289068 -0.2588190451025217 3.2985276944734306e-17
    outer loop
      vertex 6.536987662863224 -3.0747190940307263 4.15
      vertex 6.267431372698635 -2.0687213236367055 4.95
      vertex 6.267431372698635 -2.0687213236367055 4.15
    endloop
  endfacet
  facet normal 0 0 1
    outer loop
      vertex 6.536987662863224 -3.0747190940307263 4.95
      vertex 6.822304617751769 -2.9820139957182423 4.95
      vertex 6.560875652918774 -2.006347816391378 4.95
    endloop
  endfacet
  facet normal -0.9876883405951378 -0.15643446504023037 0
    outer loop
      vertex 6.267431372698635 -2.0687213236367055 4.15
      vertex 6.267431372698635 -2.0687213236367055 4.95
      vertex 6.104507141085682 -1.0400582095131519 4.95
    endloop
  endfacet
  facet normal 0 0 1
    outer loop
      vertex 6.536987662863224 -3.0747190940307263 4.95
      vertex 6.402863709696163 -1.0086996705328561 4.95
      vertex 6.267431372698635 -2.0687213236367055 4.95
    endloop
  endfacet
  facet normal 0 0 1
    outer loop
      vertex 6.536987662863224 -3.0747190940307263 4.95
      vertex 6.560875652918774 -2.006347816391378 4.95
      vertex 6.402863709696163 -1.0086996705328561 4.95
    endloop
  endfacet
  facet normal -0.9876883405951378 -0.15643446504023037 8.915312822869911e-18
    outer loop
      vertex 6.267431372698635 -2.0687213236367055 4.15
      vertex 6.104507141085682 -1.0400582095131519 4.95
      vertex 6.104507141085682 -1.0400582095131519 4.15
    endloop
  endfacet
  facet normal 0 0 1
    outer loop
      vertex 6.267431372698635 -2.0687213236367055 4.95
      vertex 6.050000000000001 0 4.95
      vertex 6.104507141085682 -1.0400582095131519 4.95
    endloop
  endfacet
  facet normal 0 0 1
    outer loop
      vertex 6.267431372698635 -2.0687213236367055 4.95
      vertex 6.402863709696163 -1.0086996705328561 4.95
      vertex 6.35 0 4.95
    endloop
  endfacet
  facet normal -0.9986295347545738 -0.052335956242944515 0
    outer loop
      vertex 6.104507141085682 -1.0400582095131519 4.15
      vertex 6.104507141085682 -1.0400582095131519 4.95
      vertex 6.050000000000001 0 4.95
    endloop
  endfacet
  facet normal -0.9986295347545738 -0.052335956242944515 2.9818617022203017e-18
    outer loop
      vertex 6.104507141085682 -1.0400582095131519 4.15
      vertex 6.050000000000001 0 4.95
      vertex 6.050000000000001 0 4.15
    endloop
  endfacet
  facet normal 0 0 1
    outer loop
      vertex 6.267431372698635 -2.0687213236367055 4.95
      vertex 6.35 0 4.95
      vertex 6.050000000000001 0 4.95
    endloop
  endfacet
  facet normal -0.838670567945424 -0.5446390350150271 0
    outer loop
      vertex 7.383047232344836 -4.975 4.15
      vertex 7.950280905969274 -5.848463260310107 4.15
      vertex 7.383047232344836 -4.975 4.95
    endloop
  endfacet
  facet normal -0.838670567945424 -0.5446390350150271 0
    outer loop
      vertex 7.950280905969274 -5.848463260310107 4.15
      vertex 7.950280905969274 -5.848463260310107 4.95
      vertex 7.383047232344836 -4.975 4.95
    endloop
  endfacet
  facet normal 0 0 1
    outer loop
      vertex 7.642854853480166 -4.825 4.95
      vertex 7.950280905969274 -5.848463260310107 4.95
      vertex 8.192986004281757 -5.672127684622366 4.95
    endloop
  endfacet
  facet normal -0.8910065241883681 -0.4539904997395465 0
    outer loop
      vertex 7.383047232344836 -4.975 4.15
      vertex 7.383047232344836 -4.975 4.95
      vertex 6.910222696456122 -4.047029598604212 4.95
    endloop
  endfacet
  facet normal 0 0 1
    outer loop
      vertex 7.383047232344836 -4.975 4.95
      vertex 7.950280905969274 -5.848463260310107 4.95
      vertex 7.642854853480166 -4.825 4.95
    endloop
  endfacet
  facet normal 0 0 1
    outer loop
      vertex 7.383047232344836 -4.975 4.95
      vertex 7.642854853480166 -4.825 4.95
      vertex 7.184286333748901 -3.925008605681472 4.95
    endloop
  endfacet
  facet normal -0.8910065241883681 -0.4539904997395465 0
    outer loop
      vertex 6.910222696456122 -4.047029598604212 4.15
      vertex 7.383047232344836 -4.975 4.15
      vertex 6.910222696456122 -4.047029598604212 4.95
    endloop
  endfacet
  facet normal 0 0 1
    outer loop
      vertex 6.910222696456122 -4.047029598604212 4.95
      vertex 7.383047232344836 -4.975 4.95
      vertex 7.184286333748901 -3.925008605681472 4.95
    endloop
  endfacet
  facet normal 0 0 -1
    outer loop
      vertex 14.959941790486848 -9.895492858914318 4.15
      vertex 16 -9.65 4.15
      vertex 16 -9.95 4.15
    endloop
  endfacet
  facet normal 0 0 -1
    outer loop
      vertex 13.931278676363295 -9.732568627301365 4.15
      vertex 13.993652183608623 -9.439124347081226 4.15
      vertex 14.991300329467144 -9.597136290303837 4.15
    endloop
  endfacet
  facet normal 0 0 -1
    outer loop
      vertex 13.931278676363295 -9.732568627301365 4.15
      vertex 14.991300329467144 -9.597136290303837 4.15
      vertex 14.959941790486848 -9.895492858914318 4.15
    endloop
  endfacet
  facet normal 0 0 -1
    outer loop
      vertex 14.959941790486848 -9.895492858914318 4.15
      vertex 14.991300329467144 -9.597136290303837 4.15
      vertex 16 -9.65 4.15
    endloop
  endfacet
  facet normal 0 0 -1
    outer loop
      vertex 16 -9.95 4.15
      vertex 17.008699670532856 -9.597136290303837 4.15
      vertex 17.040058209513152 -9.895492858914318 4.15
    endloop
  endfacet
  facet normal 0 0 -1
    outer loop
      vertex 16 -9.95 4.15
      vertex 16 -9.65 4.15
      vertex 17.008699670532856 -9.597136290303837 4.15
    endloop
  endfacet
  facet normal 0 0 -1
    outer loop
      vertex 17.040058209513152 -9.895492858914318 4.15
      vertex 17.008699670532856 -9.597136290303837 4.15
      vertex 18.00634781639138 -9.439124347081226 4.15
    endloop
  endfacet
  facet normal 0 0 -1
    outer loop
      vertex 17.040058209513152 -9.895492858914318 4.15
      vertex 18.00634781639138 -9.439124347081226 4.15
      vertex 18.068721323636705 -9.732568627301365 4.15
    endloop
  endfacet
  facet normal 0 0 -1
    outer loop
      vertex 18.00634781639138 -9.439124347081226 4.15
      vertex 18.98201399571824 -9.177695382248231 4.15
      vertex 18.068721323636705 -9.732568627301365 4.15
    endloop
  endfacet
  facet normal 0 0 -1
    outer loop
      vertex 18.068721323636705 -9.732568627301365 4.15
      vertex 18.98201399571824 -9.177695382248231 4.15
      vertex 19.074719094030726 -9.463012337136776 4.15
    endloop
  endfacet
  facet normal 0 0 -1
    outer loop
      vertex 18.98201399571824 -9.177695382248231 4.15
      vertex 19.925008605681473 -8.8157136662511 4.15
      vertex 19.074719094030726 -9.463012337136776 4.15
    endloop
  endfacet
  facet normal 0 0 -1
    outer loop
      vertex 19.074719094030726 -9.463012337136776 4.15
      vertex 19.925008605681473 -8.8157136662511 4.15
      vertex 20.04702959860421 -9.089777303543878 4.15
    endloop
  endfacet
  facet normal 0 0 -1
    outer loop
      vertex 20.04702959860421 -9.089777303543878 4.15
      vertex 19.925008605681473 -8.8157136662511 4.15
      vertex 20.825 -8.357145146519834 4.15
    endloop
  endfacet
  facet normal 0 0 -1
    outer loop
      vertex 20.04702959860421 -9.089777303543878 4.15
      vertex 20.825 -8.357145146519834 4.15
      vertex 20.975 -8.616952767655164 4.15
    endloop
  endfacet
  facet normal 0 0 -1
    outer loop
      vertex 20.825 -8.357145146519834 4.15
      vertex 21.672127684622367 -7.807013995718243 4.15
      vertex 20.975 -8.616952767655164 4.15
    endloop
  endfacet
  facet normal 0 0 -1
    outer loop
      vertex 20.975 -8.616952767655164 4.15
      vertex 21.672127684622367 -7.807013995718243 4.15
      vertex 21.84846326031011 -8.049719094030726 4.15
    endloop
  endfacet
  facet normal 0 0 -1
    outer loop
      vertex 21.84846326031011 -8.049719094030726 4.15
      vertex 21.672127684622367 -7.807013995718243 4.15
      vertex 22.45711035136298 -7.171347565856855 4.15
    endloop
  endfacet
  facet normal 0 0 -1
    outer loop
      vertex 21.84846326031011 -8.049719094030726 4.15
      vertex 22.45711035136298 -7.171347565856855 4.15
      vertex 22.65784953327064 -7.394291013500072 4.15
    endloop
  endfacet
  facet normal 0 0 -1
    outer loop
      vertex 22.45711035136298 -7.171347565856855 4.15
      vertex 23.171347565856856 -6.457110351362982 4.15
      vertex 22.65784953327064 -7.394291013500072 4.15
    endloop
  endfacet
  facet normal 0 0 -1
    outer loop
      vertex 22.65784953327064 -7.394291013500072 4.15
      vertex 23.171347565856856 -6.457110351362982 4.15
      vertex 23.394291013500073 -6.657849533270639 4.15
    endloop
  endfacet
  facet normal 0 0 -1
    outer loop
      vertex 23.171347565856856 -6.457110351362982 4.15
      vertex 23.807013995718243 -5.672127684622366 4.15
      vertex 23.394291013500073 -6.657849533270639 4.15
    endloop
  endfacet
  facet normal 0 0 -1
    outer loop
      vertex 23.394291013500073 -6.657849533270639 4.15
      vertex 23.807013995718243 -5.672127684622366 4.15
      vertex 24.049719094030728 -5.848463260310107 4.15
    endloop
  endfacet
  facet normal -0.15643446504023042 -0.9876883405951378 -4.183565243734979e-18
    outer loop
      vertex 13.931278676363295 -9.732568627301365 4.15
      vertex 14.959941790486848 -9.895492858914318 4.15
      vertex 14.959941790486848 -9.895492858914318 4.95
    endloop
  endfacet
  facet normal -0.15643446504023042 -0.9876883405951378 0
    outer loop
      vertex 13.931278676363295 -9.732568627301365 4.15
      vertex 14.959941790486848 -9.895492858914318 4.95
      vertex 13.931278676363295 -9.732568627301365 4.95
    endloop
  endfacet
  facet normal -0.052335956242944515 -0.9986295347545738 2.9818617022203017e-18
    outer loop
      vertex 14.959941790486848 -9.895492858914318 4.15
      vertex 16 -9.95 4.15
      vertex 16 -9.95 4.95
    endloop
  endfacet
  facet normal -0.052335956242944515 -0.9986295347545738 0
    outer loop
      vertex 14.959941790486848 -9.895492858914318 4.15
      vertex 16 -9.95 4.95
      vertex 14.959941790486848 -9.895492858914318 4.95
    endloop
  endfacet
  facet normal 0 0 1
    outer loop
      vertex 14.959941790486848 -9.895492858914318 4.95
      vertex 16 -9.95 4.95
      vertex 14.991300329467144 -9.597136290303837 4.95
    endloop
  endfacet
  facet normal 0 0 1
    outer loop
      vertex 13.931278676363295 -9.732568627301365 4.95
      vertex 14.959941790486848 -9.895492858914318 4.95
      vertex 13.993652183608623 -9.439124347081226 4.95
    endloop
  endfacet
  facet normal 0 0 1
    outer loop
      vertex 13.993652183608623 -9.439124347081226 4.95
      vertex 14.959941790486848 -9.895492858914318 4.95
      vertex 14.991300329467144 -9.597136290303837 4.95
    endloop
  endfacet
  facet normal 0 0 1
    outer loop
      vertex 14.991300329467144 -9.597136290303837 4.95
      vertex 16 -9.95 4.95
      vertex 16 -9.65 4.95
    endloop
  endfacet
  facet normal 0.052335956242944515 -0.9986295347545738 0
    outer loop
      vertex 16 -9.95 4.15
      vertex 17.040058209513152 -9.895492858914318 4.95
      vertex 16 -9.95 4.95
    endloop
  endfacet
  facet normal 0.052335956242944515 -0.9986295347545738 -2.9818617022203017e-18
    outer loop
      vertex 16 -9.95 4.15
      vertex 17.040058209513152 -9.895492858914318 4.15
      vertex 17.040058209513152 -9.895492858914318 4.95
    endloop
  endfacet
  facet normal 0.15643446504023042 -0.9876883405951378 0
    outer loop
      vertex 17.040058209513152 -9.895492858914318 4.15
      vertex 18.068721323636705 -9.732568627301365 4.95
      vertex 17.040058209513152 -9.895492858914318 4.95
    endloop
  endfacet
  facet normal 0 0 1
    outer loop
      vertex 16 -9.95 4.95
      vertex 17.040058209513152 -9.895492858914318 4.95
      vertex 16 -9.65 4.95
    endloop
  endfacet
  facet normal 0 0 1
    outer loop
      vertex 16 -9.65 4.95
      vertex 17.040058209513152 -9.895492858914318 4.95
      vertex 17.008699670532856 -9.597136290303837 4.95
    endloop
  endfacet
  facet normal 0 0 1
    outer loop
      vertex 17.040058209513152 -9.895492858914318 4.95
      vertex 18.068721323636705 -9.732568627301365 4.95
      vertex 17.008699670532856 -9.597136290303837 4.95
    endloop
  endfacet
  facet normal 0.15643446504023042 -0.9876883405951378 4.183565243734979e-18
    outer loop
      vertex 17.040058209513152 -9.895492858914318 4.15
      vertex 18.068721323636705 -9.732568627301365 4.15
      vertex 18.068721323636705 -9.732568627301365 4.95
    endloop
  endfacet
  facet normal 0.25881904510252157 -0.965925826289068 -2.25617794464379e-17
    outer loop
      vertex 18.068721323636705 -9.732568627301365 4.15
      vertex 19.074719094030726 -9.463012337136776 4.15
      vertex 19.074719094030726 -9.463012337136776 4.95
    endloop
  endfacet
  facet normal 0.25881904510252157 -0.965925826289068 0
    outer loop
      vertex 18.068721323636705 -9.732568627301365 4.15
      vertex 19.074719094030726 -9.463012337136776 4.95
      vertex 18.068721323636705 -9.732568627301365 4.95
    endloop
  endfacet
  facet normal 0 0 1
    outer loop
      vertex 17.008699670532856 -9.597136290303837 4.95
      vertex 18.068721323636705 -9.732568627301365 4.95
      vertex 18.00634781639138 -9.439124347081226 4.95
    endloop
  endfacet
  facet normal 0 0 1
    outer loop
      vertex 18.00634781639138 -9.439124347081226 4.95
      vertex 18.068721323636705 -9.732568627301365 4.95
      vertex 19.074719094030726 -9.463012337136776 4.95
    endloop
  endfacet
  facet normal 0 0 1
    outer loop
      vertex 18.00634781639138 -9.439124347081226 4.95
      vertex 19.074719094030726 -9.463012337136776 4.95
      vertex 18.98201399571824 -9.177695382248231 4.95
    endloop
  endfacet
  facet normal 0.3583679495452996 -0.933580426497202 1.2135047055321104e-17
    outer loop
      vertex 19.074719094030726 -9.463012337136776 4.15
      vertex 20.04702959860421 -9.089777303543878 4.15
      vertex 20.04702959860421 -9.089777303543878 4.95
    endloop
  endfacet
  facet normal 0.3583679495452996 -0.933580426497202 0
    outer loop
      vertex 19.074719094030726 -9.463012337136776 4.15
      vertex 20.04702959860421 -9.089777303543878 4.95
      vertex 19.074719094030726 -9.463012337136776 4.95
    endloop
  endfacet
  facet normal 0 0 1
    outer loop
      vertex 18.98201399571824 -9.177695382248231 4.95
      vertex 19.074719094030726 -9.463012337136776 4.95
      vertex 20.04702959860421 -9.089777303543878 4.95
    endloop
  endfacet
  facet normal 0 0 1
    outer loop
      vertex 18.98201399571824 -9.177695382248231 4.95
      vertex 20.04702959860421 -9.089777303543878 4.95
      vertex 19.925008605681473 -8.8157136662511 4.95
    endloop
  endfacet
  facet normal 0.45399049973954586 -0.8910065241883685 -5.233007604205558e-18
    outer loop
      vertex 20.04702959860421 -9.089777303543878 4.15
      vertex 20.975 -8.616952767655164 4.15
      vertex 20.975 -8.616952767655164 4.95
    endloop
  endfacet
  facet normal 0.45399049973954586 -0.8910065241883685 0
    outer loop
      vertex 20.04702959860421 -9.089777303543878 4.15
      vertex 20.975 -8.616952767655164 4.95
      vertex 20.04702959860421 -9.089777303543878 4.95
    endloop
  endfacet
  facet normal 0 0 1
    outer loop
      vertex 20.04702959860421 -9.089777303543878 4.95
      vertex 20.975 -8.616952767655164 4.95
      vertex 19.925008605681473 -8.8157136662511 4.95
    endloop
  endfacet
  facet normal 0 0 1
    outer loop
      vertex 19.925008605681473 -8.8157136662511 4.95
      vertex 20.975 -8.616952767655164 4.95
      vertex 20.825 -8.357145146519834 4.95
    endloop
  endfacet
  facet normal 0.5446390350150275 -0.8386705679454237 0
    outer loop
      vertex 20.975 -8.616952767655164 4.15
      vertex 21.84846326031011 -8.049719094030726 4.95
      vertex 20.975 -8.616952767655164 4.95
    endloop
  endfacet
  facet normal 0 0 1
    outer loop
      vertex 20.825 -8.357145146519834 4.95
      vertex 20.975 -8.616952767655164 4.95
      vertex 21.84846326031011 -8.049719094030726 4.95
    endloop
  endfacet
  facet normal 0.5446390350150275 -0.8386705679454237 -3.379588101981367e-18
    outer loop
      vertex 20.975 -8.616952767655164 4.15
      vertex 21.84846326031011 -8.049719094030726 4.15
      vertex 21.84846326031011 -8.049719094030726 4.95
    endloop
  endfacet
  facet normal 0.6293203910498377 -0.7771459614569708 -4.774257447166486e-17
    outer loop
      vertex 21.84846326031011 -8.049719094030726 4.15
      vertex 22.65784953327064 -7.394291013500072 4.15
      vertex 22.65784953327064 -7.394291013500072 4.95
    endloop
  endfacet
  facet normal 0.6293203910498377 -0.7771459614569708 0
    outer loop
      vertex 21.84846326031011 -8.049719094030726 4.15
      vertex 22.65784953327064 -7.394291013500072 4.95
      vertex 21.84846326031011 -8.049719094030726 4.95
    endloop
  endfacet
  facet normal 0 0 1
    outer loop
      vertex 20.825 -8.357145146519834 4.95
      vertex 21.84846326031011 -8.049719094030726 4.95
      vertex 21.672127684622367 -7.807013995718243 4.95
    endloop
  endfacet
  facet normal 0 0 1
    outer loop
      vertex 21.84846326031011 -8.049719094030726 4.95
      vertex 22.65784953327064 -7.394291013500072 4.95
      vertex 21.672127684622367 -7.807013995718243 4.95
    endloop
  endfacet
  facet normal 0 0 1
    outer loop
      vertex 21.672127684622367 -7.807013995718243 4.95
      vertex 22.65784953327064 -7.394291013500072 4.95
      vertex 22.45711035136298 -7.171347565856855 4.95
    endloop
  endfacet
  facet normal 0.707106781186547 -0.7071067811865479 0
    outer loop
      vertex 22.65784953327064 -7.394291013500072 4.15
      vertex 23.394291013500073 -6.657849533270639 4.15
      vertex 22.65784953327064 -7.394291013500072 4.95
    endloop
  endfacet
  facet normal 0.707106781186547 -0.7071067811865479 0
    outer loop
      vertex 23.394291013500073 -6.657849533270639 4.15
      vertex 23.394291013500073 -6.657849533270639 4.95
      vertex 22.65784953327064 -7.394291013500072 4.95
    endloop
  endfacet
  facet normal 0 0 1
    outer loop
      vertex 22.45711035136298 -7.171347565856855 4.95
      vertex 22.65784953327064 -7.394291013500072 4.95
      vertex 23.394291013500073 -6.657849533270639 4.95
    endloop
  endfacet
  facet normal 0 0 1
    outer loop
      vertex 22.45711035136298 -7.171347565856855 4.95
      vertex 23.394291013500073 -6.657849533270639 4.95
      vertex 23.171347565856856 -6.457110351362982 4.95
    endloop
  endfacet
  facet normal 0.7771459614569707 -0.6293203910498378 0
    outer loop
      vertex 23.394291013500073 -6.657849533270639 4.15
      vertex 24.049719094030728 -5.848463260310107 4.15
      vertex 23.394291013500073 -6.657849533270639 4.95
    endloop
  endfacet
  facet normal 0.7771459614569707 -0.6293203910498378 4.7999478959475405e-17
    outer loop
      vertex 23.394291013500073 -6.657849533270639 4.95
      vertex 24.049719094030728 -5.848463260310107 4.15
      vertex 24.049719094030728 -5.848463260310107 4.95
    endloop
  endfacet
  facet normal 0 0 1
    outer loop
      vertex 23.171347565856856 -6.457110351362982 4.95
      vertex 23.394291013500073 -6.657849533270639 4.95
      vertex 24.049719094030728 -5.848463260310107 4.95
    endloop
  endfacet
  facet normal 0 0 -1
    outer loop
      vertex 23.807013995718243 -5.672127684622366 4.15
      vertex 24.357145146519834 -4.825 4.15
      vertex 24.049719094030728 -5.848463260310107 4.15
    endloop
  endfacet
  facet normal 0 0 -1
    outer loop
      vertex 24.049719094030728 -5.848463260310107 4.15
      vertex 24.357145146519834 -4.825 4.15
      vertex 24.616952767655164 -4.975 4.15
    endloop
  endfacet
  facet normal 0 0 -1
    outer loop
      vertex 24.616952767655164 -4.975 4.15
      vertex 24.357145146519834 -4.825 4.15
      vertex 24.8157136662511 -3.925008605681472 4.15
    endloop
  endfacet
  facet normal 0 0 -1
    outer loop
      vertex 24.616952767655164 -4.975 4.15
      vertex 24.8157136662511 -3.925008605681472 4.15
      vertex 25.089777303543876 -4.047029598604212 4.15
    endloop
  endfacet
  facet normal 0 0 -1
    outer loop
      vertex 24.8157136662511 -3.925008605681472 4.15
      vertex 25.17769538224823 -2.9820139957182423 4.15
      vertex 25.089777303543876 -4.047029598604212 4.15
    endloop
  endfacet
  facet normal 0 0 -1
    outer loop
      vertex 25.089777303543876 -4.047029598604212 4.15
      vertex 25.17769538224823 -2.9820139957182423 4.15
      vertex 25.463012337136774 -3.0747190940307263 4.15
    endloop
  endfacet
  facet normal 0 0 -1
    outer loop
      vertex 25.463012337136774 -3.0747190940307263 4.15
      vertex 25.17769538224823 -2.9820139957182423 4.15
      vertex 25.439124347081226 -2.006347816391378 4.15
    endloop
  endfacet
  facet normal 0 0 -1
    outer loop
      vertex 25.463012337136774 -3.0747190940307263 4.15
      vertex 25.439124347081226 -2.006347816391378 4.15
      vertex 25.597136290303837 -1.0086996705328561 4.15
    endloop
  endfacet
  facet normal 0 0 -1
    outer loop
      vertex 25.463012337136774 -3.0747190940307263 4.15
      vertex 25.597136290303837 -1.0086996705328561 4.15
      vertex 25.732568627301365 -2.0687213236367055 4.15
    endloop
  endfacet
  facet normal 0 0 -1
    outer loop
      vertex 25.732568627301365 -2.0687213236367055 4.15
      vertex 25.597136290303837 -1.0086996705328561 4.15
      vertex 25.65 0 4.15
    endloop
  endfacet
  facet normal 0 0 -1
    outer loop
      vertex 25.732568627301365 -2.0687213236367055 4.15
      vertex 25.95 0 4.15
      vertex 25.895492858914317 -1.0400582095131519 4.15
    endloop
  endfacet
  facet normal 0 0 -1
    outer loop
      vertex 25.732568627301365 -2.0687213236367055 4.15
      vertex 25.65 0 4.15
      vertex 25.95 0 4.15
    endloop
  endfacet
  facet normal 0.8386705679454248 -0.544639035015026 0
    outer loop
      vertex 24.049719094030728 -5.848463260310107 4.15
      vertex 24.616952767655164 -4.975 4.15
      vertex 24.049719094030728 -5.848463260310107 4.95
    endloop
  endfacet
  facet normal 0.8386705679454248 -0.544639035015026 0
    outer loop
      vertex 24.616952767655164 -4.975 4.15
      vertex 24.616952767655164 -4.975 4.95
      vertex 24.049719094030728 -5.848463260310107 4.95
    endloop
  endfacet
  facet normal 0 0 1
    outer loop
      vertex 23.171347565856856 -6.457110351362982 4.95
      vertex 24.049719094030728 -5.848463260310107 4.95
      vertex 23.807013995718243 -5.672127684622366 4.95
    endloop
  endfacet
  facet normal 0 0 1
    outer loop
      vertex 23.807013995718243 -5.672127684622366 4.95
      vertex 24.049719094030728 -5.848463260310107 4.95
      vertex 24.616952767655164 -4.975 4.95
    endloop
  endfacet
  facet normal 0 0 1
    outer loop
      vertex 23.807013995718243 -5.672127684622366 4.95
      vertex 24.616952767655164 -4.975 4.95
      vertex 24.357145146519834 -4.825 4.95
    endloop
  endfacet
  facet normal 0.8910065241883687 -0.45399049973954514 0
    outer loop
      vertex 24.616952767655164 -4.975 4.15
      vertex 25.089777303543876 -4.047029598604212 4.15
      vertex 24.616952767655164 -4.975 4.95
    endloop
  endfacet
  facet normal 0 0 1
    outer loop
      vertex 24.616952767655164 -4.975 4.95
      vertex 25.089777303543876 -4.047029598604212 4.95
      vertex 24.357145146519834 -4.825 4.95
    endloop
  endfacet
  facet normal 0.8910065241883687 -0.45399049973954514 0
    outer loop
      vertex 25.089777303543876 -4.047029598604212 4.15
      vertex 25.089777303543876 -4.047029598604212 4.95
      vertex 24.616952767655164 -4.975 4.95
    endloop
  endfacet
  facet normal 0 0 1
    outer loop
      vertex 24.357145146519834 -4.825 4.95
      vertex 25.089777303543876 -4.047029598604212 4.95
      vertex 24.8157136662511 -3.925008605681472 4.95
    endloop
  endfacet
  facet normal 0.933580426497202 -0.3583679495452996 0
    outer loop
      vertex 25.089777303543876 -4.047029598604212 4.15
      vertex 25.463012337136774 -3.0747190940307263 4.15
      vertex 25.089777303543876 -4.047029598604212 4.95
    endloop
  endfacet
  facet normal 0.933580426497202 -0.3583679495452996 0
    outer loop
      vertex 25.463012337136774 -3.0747190940307263 4.15
      vertex 25.463012337136774 -3.0747190940307263 4.95
      vertex 25.089777303543876 -4.047029598604212 4.95
    endloop
  endfacet
  facet normal 0 0 1
    outer loop
      vertex 24.8157136662511 -3.925008605681472 4.95
      vertex 25.089777303543876 -4.047029598604212 4.95
      vertex 25.463012337136774 -3.0747190940307263 4.95
    endloop
  endfacet
  facet normal 0 0 1
    outer loop
      vertex 24.8157136662511 -3.925008605681472 4.95
      vertex 25.463012337136774 -3.0747190940307263 4.95
      vertex 25.17769538224823 -2.9820139957182423 4.95
    endloop
  endfacet
  facet normal 0.9659258262890676 -0.2588190451025233 0
    outer loop
      vertex 25.463012337136774 -3.0747190940307263 4.15
      vertex 25.732568627301365 -2.0687213236367055 4.15
      vertex 25.463012337136774 -3.0747190940307263 4.95
    endloop
  endfacet
  facet normal 0.9659258262890676 -0.2588190451025233 0
    outer loop
      vertex 25.732568627301365 -2.0687213236367055 4.15
      vertex 25.732568627301365 -2.0687213236367055 4.95
      vertex 25.463012337136774 -3.0747190940307263 4.95
    endloop
  endfacet
  facet normal 0 0 1
    outer loop
      vertex 25.463012337136774 -3.0747190940307263 4.95
      vertex 25.439124347081226 -2.006347816391378 4.95
      vertex 25.17769538224823 -2.9820139957182423 4.95
    endloop
  endfacet
  facet normal 0 0 1
    outer loop
      vertex 25.463012337136774 -3.0747190940307263 4.95
      vertex 25.732568627301365 -2.0687213236367055 4.95
      vertex 25.439124347081226 -2.006347816391378 4.95
    endloop
  endfacet
  facet normal 0.9876883405951382 -0.15643446504022873 0
    outer loop
      vertex 25.732568627301365 -2.0687213236367055 4.15
      vertex 25.895492858914317 -1.0400582095131519 4.15
      vertex 25.732568627301365 -2.0687213236367055 4.95
    endloop
  endfacet
  facet normal 0 0 1
    outer loop
      vertex 25.439124347081226 -2.006347816391378 4.95
      vertex 25.732568627301365 -2.0687213236367055 4.95
      vertex 25.597136290303837 -1.0086996705328561 4.95
    endloop
  endfacet
  facet normal 0.9876883405951382 -0.15643446504022873 0
    outer loop
      vertex 25.895492858914317 -1.0400582095131519 4.15
      vertex 25.895492858914317 -1.0400582095131519 4.95
      vertex 25.732568627301365 -2.0687213236367055 4.95
    endloop
  endfacet
  facet normal 0 0 1
    outer loop
      vertex 25.732568627301365 -2.0687213236367055 4.95
      vertex 25.895492858914317 -1.0400582095131519 4.95
      vertex 25.65 0 4.95
    endloop
  endfacet
  facet normal 0 0 1
    outer loop
      vertex 25.732568627301365 -2.0687213236367055 4.95
      vertex 25.65 0 4.95
      vertex 25.597136290303837 -1.0086996705328561 4.95
    endloop
  endfacet
  facet normal 0.9986295347545737 -0.052335956242946215 0
    outer loop
      vertex 25.895492858914317 -1.0400582095131519 4.15
      vertex 25.95 0 4.15
      vertex 25.895492858914317 -1.0400582095131519 4.95
    endloop
  endfacet
  facet normal 0.9986295347545737 -0.052335956242946215 -8.590100709509918e-19
    outer loop
      vertex 25.895492858914317 -1.0400582095131519 4.95
      vertex 25.95 0 4.15
      vertex 25.95 0 4.95
    endloop
  endfacet
  facet normal 0 0 1
    outer loop
      vertex 25.895492858914317 -1.0400582095131519 4.95
      vertex 25.95 0 4.95
      vertex 25.65 0 4.95
    endloop
  endfacet
  facet normal 0 0 -1
    outer loop
      vertex -27.93426274441928 1.2543415592118417 0
      vertex -27.73777120880567 2.494940289813112 0
      vertex -28 0 0
    endloop
  endfacet
  facet normal -0.9986295347545739 0.05233595624294499 0
    outer loop
      vertex -27.93426274441928 1.2543415592118417 0
      vertex -28 0 0
      vertex -27.93426274441928 1.2543415592118417 2
    endloop
  endfacet
  facet normal -0.9986295347545739 0.05233595624294499 2.3305474191229474e-18
    outer loop
      vertex -27.93426274441928 1.2543415592118417 2
      vertex -28 0 0
      vertex -28 0 2
    endloop
  endfacet
  facet normal 0 0 1
    outer loop
      vertex -27.93426274441928 1.2543415592118417 2
      vertex -28 0 2
      vertex -25.65 0 2
    endloop
  endfacet
  facet normal 0 0 1
    outer loop
      vertex -27.93426274441928 1.2543415592118417 2
      vertex -25.65 0 2
      vertex -27.73777120880567 2.494940289813112 2
    endloop
  endfacet
  facet normal 0 0 -1
    outer loop
      vertex -27.73777120880567 2.494940289813112 0
      vertex -27.412678195541844 3.7082039324993685 0
      vertex -28 0 0
    endloop
  endfacet
  facet normal -0.987688340595138 0.1564344650402293 3.5091624282067855e-18
    outer loop
      vertex -27.93426274441928 1.2543415592118417 0
      vertex -27.73777120880567 2.494940289813112 2
      vertex -27.73777120880567 2.494940289813112 0
    endloop
  endfacet
  facet normal 0 0 -1
    outer loop
      vertex -27.412678195541844 3.7082039324993685 0
      vertex -26.96254549171121 4.880839716909603 0
      vertex -28 0 0
    endloop
  endfacet
  facet normal 0 0 -1
    outer loop
      vertex -24.917737905728732 8.029567276306299 0
      vertex -24.0295672763063 0 0
      vertex -28 0 0
    endloop
  endfacet
  facet normal -0.987688340595138 0.1564344650402293 0
    outer loop
      vertex -27.93426274441928 1.2543415592118417 0
      vertex -27.93426274441928 1.2543415592118417 2
      vertex -27.73777120880567 2.494940289813112 2
    endloop
  endfacet
  facet normal 0 0 1
    outer loop
      vertex -27.73777120880567 2.494940289813112 2
      vertex -25.65 0 2
      vertex -27.412678195541844 3.7082039324993685 2
    endloop
  endfacet
  facet normal -0.9659258262890683 0.2588190451025207 0
    outer loop
      vertex -27.73777120880567 2.494940289813112 0
      vertex -27.73777120880567 2.494940289813112 2
      vertex -27.412678195541844 3.7082039324993685 2
    endloop
  endfacet
  facet normal 0 0 1
    outer loop
      vertex -27.412678195541844 3.7082039324993685 2
      vertex -25.65 0 2
      vertex -26.96254549171121 4.880839716909603 2
    endloop
  endfacet
  facet normal 0 0 1
    outer loop
      vertex -25.597136290303837 1.0086996705328561 2
      vertex -25.70820393249937 7.053423027509678 2
      vertex -25.65 0 2
    endloop
  endfacet
  facet normal 0 0 -1
    outer loop
      vertex -22.45711035136298 1.6701197496807278 0
      vertex -22.626567103494324 0 0
      vertex -23.977529082040384 0 0
    endloop
  endfacet
  facet normal 0 0 -1
    outer loop
      vertex -22 1.5508375298756745 0
      vertex -22 0 0
      vertex -22.5446376185805 0 0
    endloop
  endfacet
  facet normal 0 0 -1
    outer loop
      vertex -22 1.5508375298756745 0
      vertex -21.4553623814195 0 0
      vertex -21.910589108534964 0 0
    endloop
  endfacet
  facet normal 0 0 -1
    outer loop
      vertex -22.45711035136298 1.6701197496807278 0
      vertex -22 1.5508375298756745 0
      vertex -22.5446376185805 0 0
    endloop
  endfacet
  facet normal 0 0 -1
    outer loop
      vertex -26.96254549171121 4.880839716909603 0
      vertex -26.392304845413264 6 0
      vertex -28 0 0
    endloop
  endfacet
  facet normal -0.9659258262890683 0.2588190451025207 -9.9141646695178e-18
    outer loop
      vertex -27.73777120880567 2.494940289813112 0
      vertex -27.412678195541844 3.7082039324993685 2
      vertex -27.412678195541844 3.7082039324993685 0
    endloop
  endfacet
  facet normal 0 0 -1
    outer loop
      vertex -26.392304845413264 6 0
      vertex -25.70820393249937 7.053423027509678 0
      vertex -28 0 0
    endloop
  endfacet
  facet normal -0.9335804264972016 0.35836794954530055 1.3865349722017332e-17
    outer loop
      vertex -27.412678195541844 3.7082039324993685 0
      vertex -26.96254549171121 4.880839716909603 2
      vertex -26.96254549171121 4.880839716909603 0
    endloop
  endfacet
  facet normal 0 0 1
    outer loop
      vertex -26.96254549171121 4.880839716909603 2
      vertex -25.65 0 2
      vertex -26.392304845413264 6 2
    endloop
  endfacet
  facet normal -0.9335804264972016 0.35836794954530055 0
    outer loop
      vertex -27.412678195541844 3.7082039324993685 0
      vertex -27.412678195541844 3.7082039324993685 2
      vertex -26.96254549171121 4.880839716909603 2
    endloop
  endfacet
  facet normal 0 0 1
    outer loop
      vertex -25.597136290303837 1.0086996705328561 2
      vertex -25.439124347081226 2.006347816391378 2
      vertex -25.70820393249937 7.053423027509678 2
    endloop
  endfacet
  facet normal 0 0 1
    outer loop
      vertex -25.439124347081226 2.006347816391378 2
      vertex -25.17769538224823 2.9820139957182423 2
      vertex -25.70820393249937 7.053423027509678 2
    endloop
  endfacet
  facet normal 0 0 1
    outer loop
      vertex -26.392304845413264 6 2
      vertex -25.65 0 2
      vertex -25.70820393249937 7.053423027509678 2
    endloop
  endfacet
  facet normal -0.8910065241883679 0.45399049973954675 2.643172883082631e-18
    outer loop
      vertex -26.96254549171121 4.880839716909603 0
      vertex -26.392304845413264 6 2
      vertex -26.392304845413264 6 0
    endloop
  endfacet
  facet normal 0 0 -1
    outer loop
      vertex -25.70820393249937 7.053423027509678 0
      vertex -24.917737905728732 8.029567276306299 0
      vertex -28 0 0
    endloop
  endfacet
  facet normal -0.8910065241883679 0.45399049973954675 0
    outer loop
      vertex -26.96254549171121 4.880839716909603 0
      vertex -26.96254549171121 4.880839716909603 2
      vertex -26.392304845413264 6 2
    endloop
  endfacet
  facet normal 0 0 1
    outer loop
      vertex -25.17769538224823 2.9820139957182423 2
      vertex -24.8157136662511 3.925008605681472 2
      vertex -25.70820393249937 7.053423027509678 2
    endloop
  endfacet
  facet normal 0 0 1
    outer loop
      vertex -24.8157136662511 3.925008605681472 2
      vertex -24.357145146519834 4.825 2
      vertex -24.917737905728732 8.029567276306299 2
    endloop
  endfacet
  facet normal 0 0 -1
    outer loop
      vertex -24.917737905728732 8.029567276306299 0
      vertex -24.0295672763063 1.4255581174193495 0
      vertex -24.0295672763063 0 0
    endloop
  endfacet
  facet normal 0 0 -1
    outer loop
      vertex -24.0295672763063 1.4255581174193495 0
      vertex -23.053423027509677 9.70820393249937 0
      vertex -23.977529082040384 0 0
    endloop
  endfacet
  facet normal 0 0 -1
    outer loop
      vertex -22.45711035136298 1.6701197496807278 0
      vertex -23.977529082040384 0 0
      vertex -23.053423027509677 9.70820393249937 0
    endloop
  endfacet
  facet normal 0 0 -1
    outer loop
      vertex -22 1.5508375298756745 0
      vertex -21.024161217991036 8.227808339285989 0
      vertex -21.4553623814195 0 0
    endloop
  endfacet
  facet normal 0 0 -1
    outer loop
      vertex -22.45711035136298 1.6701197496807278 0
      vertex -22 10.392304845413264 0
      vertex -22 1.5508375298756745 0
    endloop
  endfacet
  facet normal 0 0 -1
    outer loop
      vertex -20.659081833977265 0.07435687968658078 0
      vertex -20.687624765846397 0 0
      vertex -21.385732054374394 0 0
    endloop
  endfacet
  facet normal 0 0 -1
    outer loop
      vertex -20.659081833977265 0.07435687968658078 0
      vertex -21.385732054374394 0 0
      vertex -20.880839716909602 7.291659875563659 0
    endloop
  endfacet
  facet normal 0 0 -1
    outer loop
      vertex -20.659081833977265 0.07435687968658078 0
      vertex -20.880839716909602 7.291659875563659 0
      vertex -20.416729559300634 0.5499999999999998 0
    endloop
  endfacet
  facet normal 0 0 -1
    outer loop
      vertex -20.416729559300634 0.5499999999999998 0
      vertex -20.880839716909602 7.291659875563659 0
      vertex -20.125986671312234 0.9977047866916129 0
    endloop
  endfacet
  facet normal 0 0 -1
    outer loop
      vertex -18.998715464508795 2.1251682405531733 0
      vertex -18.98201399571824 2.443851249431539 0
      vertex -18.997704786691614 2.1259866713122317 0
    endloop
  endfacet
  facet normal 0 0 -1
    outer loop
      vertex -18.997704786691614 2.1259866713122317 0
      vertex -18.98201399571824 2.443851249431539 0
      vertex -18.55 2.416729559300636 0
    endloop
  endfacet
  facet normal 0 0 -1
    outer loop
      vertex -20.125986671312234 0.9977047866916129 0
      vertex -20.880839716909602 7.291659875563659 0
      vertex -19.79003860993471 1.4125660924301768 0
    endloop
  endfacet
  facet normal 0 0 -1
    outer loop
      vertex -18.55 2.416729559300636 0
      vertex -17.783547581145747 4.39408654473874 0
      vertex -18.07435687968658 2.6590818339772637 0
    endloop
  endfacet
  facet normal 0 0 -1
    outer loop
      vertex -18.07435687968658 2.6590818339772637 0
      vertex -17.783547581145747 4.39408654473874 0
      vertex -17.733577578666434 2.7898947515234056 0
    endloop
  endfacet
  facet normal 0 0 -1
    outer loop
      vertex -18.55 2.416729559300636 0
      vertex -18.347554241761134 5.501011942037377 0
      vertex -18.282535639108367 5.2583592135001265 0
    endloop
  endfacet
  facet normal 0 0 -1
    outer loop
      vertex -18.55 2.416729559300636 0
      vertex -18.078460969082652 4.8 0
      vertex -17.941640786499875 4.5893153944980645 0
    endloop
  endfacet
  facet normal 0 0 -1
    outer loop
      vertex -18.55 2.416729559300636 0
      vertex -17.941640786499875 4.5893153944980645 0
      vertex -17.783547581145747 4.39408654473874 0
    endloop
  endfacet
  facet normal 0 0 -1
    outer loop
      vertex -18.55 2.416729559300636 0
      vertex -18.192509098342242 5.02383205661808 0
      vertex -18.078460969082652 4.8 0
    endloop
  endfacet
  facet normal 0 0 -1
    outer loop
      vertex -17.733577578666434 2.7898947515234056 0
      vertex -17.783547581145747 4.39408654473874 0
      vertex -17.656180476355697 4.266719439948691 0
    endloop
  endfacet
  facet normal 0 0 -1
    outer loop
      vertex -18.55 2.416729559300636 0
      vertex -18.282535639108367 5.2583592135001265 0
      vertex -18.192509098342242 5.02383205661808 0
    endloop
  endfacet
  facet normal 0 0 -1
    outer loop
      vertex -19.79003860993471 1.4125660924301768 0
      vertex -19.70820393249937 11.412678195541842 0
      vertex -19.412566092430176 1.7900386099347103 0
    endloop
  endfacet
  facet normal 0 0 -1
    outer loop
      vertex -19.412566092430176 1.7900386099347103 0
      vertex -19.70820393249937 11.412678195541842 0
      vertex -19.015926097237305 2.1112313449684414 0
    endloop
  endfacet
  facet normal 0 0 -1
    outer loop
      vertex -18.55 2.416729559300636 0
      vertex -18.386852548883855 5.7491316881576315 0
      vertex -18.347554241761134 5.501011942037377 0
    endloop
  endfacet
  facet normal 0 0 -1
    outer loop
      vertex -18.55 2.416729559300636 0
      vertex -18.4 6 0
      vertex -18.386852548883855 5.7491316881576315 0
    endloop
  endfacet
  facet normal 0 0 -1
    outer loop
      vertex -19.015926097237305 2.1112313449684414 0
      vertex -19.70820393249937 11.412678195541842 0
      vertex -18.98201399571824 2.443851249431539 0
    endloop
  endfacet
  facet normal 0 0 -1
    outer loop
      vertex -18.98201399571824 2.443851249431539 0
      vertex -18.494940289813112 11.737771208805668 0
      vertex -18.55 2.416729559300636 0
    endloop
  endfacet
  facet normal 0 0 -1
    outer loop
      vertex -17.462674771444306 2.8807500651677294 0
      vertex -17.25434155921184 3.956828852095709 0
      vertex -17.25434155921184 2.936572781142 0
    endloop
  endfacet
  facet normal 0 0 -1
    outer loop
      vertex -17.214681887542014 2.9471995581380144 0
      vertex -16.97616794338192 3.807490901657758 0
      vertex -17.060349623170573 2.9885527637424083 0
    endloop
  endfacet
  facet normal 0 0 -1
    outer loop
      vertex -17.060349623170573 2.9885527637424083 0
      vertex -16.498988057962624 3.6524457582388665 0
      vertex -16.53309516266503 3.0720616663781932 0
    endloop
  endfacet
  facet normal 0 0 -1
    outer loop
      vertex -17.214681887542014 2.9471995581380144 0
      vertex -17.2 3.921539030917347 0
      vertex -16.97616794338192 3.807490901657758 0
    endloop
  endfacet
  facet normal 0 0 -1
    outer loop
      vertex -17.462674771444306 2.8807500651677294 0
      vertex -17.34608302346399 4.0164064555921115 0
      vertex -17.25434155921184 3.956828852095709 0
    endloop
  endfacet
  facet normal 0 0 -1
    outer loop
      vertex -17.214681887542014 2.9471995581380144 0
      vertex -17.23482593103307 3.944155254970394 0
      vertex -17.2 3.921539030917347 0
    endloop
  endfacet
  facet normal 0 0 -1
    outer loop
      vertex -17.060349623170573 2.9885527637424083 0
      vertex -16.97616794338192 3.807490901657758 0
      vertex -16.741640786499875 3.7174643608916313 0
    endloop
  endfacet
  facet normal 0 0 -1
    outer loop
      vertex -17.060349623170573 2.9885527637424083 0
      vertex -16.741640786499875 3.7174643608916313 0
      vertex -16.498988057962624 3.6524457582388665 0
    endloop
  endfacet
  facet normal 0 0 -1
    outer loop
      vertex -16.53309516266503 3.0720616663781932 0
      vertex -16.498988057962624 3.6524457582388665 0
      vertex -16.35 3.081657277250935 0
    endloop
  endfacet
  facet normal 0 0 -1
    outer loop
      vertex -16.498988057962624 3.6524457582388665 0
      vertex -16.35 3.6288483680634176 0
      vertex -16.35 3.081657277250935 0
    endloop
  endfacet
  facet normal 0 0 -1
    outer loop
      vertex -15.65 3.081657277250935 0
      vertex -15.501011942037378 3.6524457582388665 0
      vertex -15.466904837334967 3.0720616663781932 0
    endloop
  endfacet
  facet normal 0 0 -1
    outer loop
      vertex -14.939650376829427 2.9885527637424083 0
      vertex -15.466904837334967 3.0720616663781932 0
      vertex -15.02383205661808 3.807490901657758 0
    endloop
  endfacet
  facet normal 0 0 -1
    outer loop
      vertex -15.65 3.081657277250935 0
      vertex -15.65 3.6288483680634176 0
      vertex -15.501011942037378 3.6524457582388665 0
    endloop
  endfacet
  facet normal 0 0 -1
    outer loop
      vertex -15.466904837334967 3.0720616663781932 0
      vertex -15.501011942037378 3.6524457582388665 0
      vertex -15.258359213500126 3.7174643608916313 0
    endloop
  endfacet
  facet normal 0 0 -1
    outer loop
      vertex -15.466904837334967 3.0720616663781932 0
      vertex -15.258359213500126 3.7174643608916313 0
      vertex -15.02383205661808 3.807490901657758 0
    endloop
  endfacet
  facet normal 0 0 -1
    outer loop
      vertex -14.939650376829427 2.9885527637424083 0
      vertex -15.02383205661808 3.807490901657758 0
      vertex -14.8 3.921539030917347 0
    endloop
  endfacet
  facet normal 0 0 -1
    outer loop
      vertex -14.939650376829427 2.9885527637424083 0
      vertex -14.589315394498065 4.058359213500126 0
      vertex -14.424013328687769 2.8503882331052823 0
    endloop
  endfacet
  facet normal 0 0 -1
    outer loop
      vertex -14.939650376829427 2.9885527637424083 0
      vertex -14.8 3.921539030917347 0
      vertex -14.589315394498065 4.058359213500126 0
    endloop
  endfacet
  facet normal 0 0 -1
    outer loop
      vertex -14.424013328687769 2.8503882331052823 0
      vertex -14.589315394498065 4.058359213500126 0
      vertex -14.394086544738741 4.216452418854254 0
    endloop
  endfacet
  facet normal 0 0 -1
    outer loop
      vertex -14.424013328687769 2.8503882331052823 0
      vertex -13.807490901657758 5.023832056618079 0
      vertex -13.925643120313419 2.6590818339772637 0
    endloop
  endfacet
  facet normal 0 0 -1
    outer loop
      vertex -14.424013328687769 2.8503882331052823 0
      vertex -14.394086544738741 4.216452418854254 0
      vertex -14.216452418854253 4.39408654473874 0
    endloop
  endfacet
  facet normal 0 0 -1
    outer loop
      vertex -14.424013328687769 2.8503882331052823 0
      vertex -14.216452418854253 4.39408654473874 0
      vertex -14.058359213500125 4.5893153944980645 0
    endloop
  endfacet
  facet normal 0 0 -1
    outer loop
      vertex -14.424013328687769 2.8503882331052823 0
      vertex -14.058359213500125 4.5893153944980645 0
      vertex -13.921539030917348 4.8 0
    endloop
  endfacet
  facet normal 0 0 -1
    outer loop
      vertex -14.424013328687769 2.8503882331052823 0
      vertex -13.921539030917348 4.8 0
      vertex -13.807490901657758 5.023832056618079 0
    endloop
  endfacet
  facet normal -0.838670567945424 0.544639035015027 -1.7214065734635896e-17
    outer loop
      vertex -26.392304845413264 6 0
      vertex -25.70820393249937 7.053423027509678 2
      vertex -25.70820393249937 7.053423027509678 0
    endloop
  endfacet
  facet normal -0.838670567945424 0.544639035015027 0
    outer loop
      vertex -26.392304845413264 6 0
      vertex -26.392304845413264 6 2
      vertex -25.70820393249937 7.053423027509678 2
    endloop
  endfacet
  facet normal 0 0 1
    outer loop
      vertex -24.8157136662511 3.925008605681472 2
      vertex -24.917737905728732 8.029567276306299 2
      vertex -25.70820393249937 7.053423027509678 2
    endloop
  endfacet
  facet normal -0.7771459614569712 0.6293203910498371 0
    outer loop
      vertex -25.70820393249937 7.053423027509678 0
      vertex -25.70820393249937 7.053423027509678 2
      vertex -24.917737905728732 8.029567276306299 2
    endloop
  endfacet
  facet normal -0.7771459614569712 0.6293203910498371 1.5689641695833124e-17
    outer loop
      vertex -25.70820393249937 7.053423027509678 0
      vertex -24.917737905728732 8.029567276306299 2
      vertex -24.917737905728732 8.029567276306299 0
    endloop
  endfacet
  facet normal -0.7071067811865475 0.7071067811865475 0
    outer loop
      vertex -24.917737905728732 8.029567276306299 0
      vertex -24.917737905728732 8.029567276306299 2
      vertex -24.0295672763063 8.917737905728732 2
    endloop
  endfacet
  facet normal 0 0 -1
    outer loop
      vertex -24.0295672763063 1.4255581174193495 0
      vertex -24.917737905728732 8.029567276306299 0
      vertex -24.0295672763063 8.917737905728732 0
    endloop
  endfacet
  facet normal 0 0 -1
    outer loop
      vertex -24.0295672763063 1.4255581174193495 0
      vertex -24.0295672763063 8.917737905728732 0
      vertex -23.053423027509677 9.70820393249937 0
    endloop
  endfacet
  facet normal 0 0 -1
    outer loop
      vertex -22 1.5508375298756745 0
      vertex -22 10.392304845413264 0
      vertex -21.024161217991036 8.227808339285989 0
    endloop
  endfacet
  facet normal 0 0 -1
    outer loop
      vertex -22.45711035136298 1.6701197496807278 0
      vertex -23.053423027509677 9.70820393249937 0
      vertex -22 10.392304845413264 0
    endloop
  endfacet
  facet normal 0 0 1
    outer loop
      vertex -24.357145146519834 4.825 2
      vertex -23.807013995718243 5.672127684622366 2
      vertex -24.917737905728732 8.029567276306299 2
    endloop
  endfacet
  facet normal 0 0 1
    outer loop
      vertex -23.807013995718243 5.672127684622366 2
      vertex -23.171347565856856 6.457110351362982 2
      vertex -24.0295672763063 8.917737905728732 2
    endloop
  endfacet
  facet normal -0.7071067811865475 0.7071067811865475 1.588406675847249e-17
    outer loop
      vertex -24.917737905728732 8.029567276306299 0
      vertex -24.0295672763063 8.917737905728732 2
      vertex -24.0295672763063 8.917737905728732 0
    endloop
  endfacet
  facet normal 0 0 1
    outer loop
      vertex -23.807013995718243 5.672127684622366 2
      vertex -24.0295672763063 8.917737905728732 2
      vertex -24.917737905728732 8.029567276306299 2
    endloop
  endfacet
  facet normal 0 0 1
    outer loop
      vertex -24.0295672763063 8.917737905728732 2
      vertex -23.171347565856856 6.457110351362982 2
      vertex -22.45711035136298 7.171347565856855 2
    endloop
  endfacet
  facet normal 0 0 1
    outer loop
      vertex -24.0295672763063 8.917737905728732 2
      vertex -22.45711035136298 7.171347565856855 2
      vertex -23.053423027509677 9.70820393249937 2
    endloop
  endfacet
  facet normal 0 0 1
    outer loop
      vertex -22.45711035136298 7.171347565856855 2
      vertex -21.672127684622367 7.807013995718243 2
      vertex -23.053423027509677 9.70820393249937 2
    endloop
  endfacet
  facet normal 0 0 1
    outer loop
      vertex -21.672127684622367 7.807013995718243 2
      vertex -20.825 8.357145146519834 2
      vertex -22 10.392304845413264 2
    endloop
  endfacet
  facet normal -0.6293203910498367 0.7771459614569715 0
    outer loop
      vertex -24.0295672763063 8.917737905728732 0
      vertex -24.0295672763063 8.917737905728732 2
      vertex -23.053423027509677 9.70820393249937 0
    endloop
  endfacet
  facet normal 0 0 -1
    outer loop
      vertex -21.024161217991036 8.227808339285989 0
      vertex -22 10.392304845413264 0
      vertex -20.880839716909602 10.96254549171121 0
    endloop
  endfacet
  facet normal -0.5446390350150274 0.8386705679454239 0
    outer loop
      vertex -23.053423027509677 9.70820393249937 0
      vertex -23.053423027509677 9.70820393249937 2
      vertex -22 10.392304845413264 0
    endloop
  endfacet
  facet normal -0.6293203910498367 0.7771459614569715 -1.4197893305478145e-17
    outer loop
      vertex -24.0295672763063 8.917737905728732 2
      vertex -23.053423027509677 9.70820393249937 2
      vertex -23.053423027509677 9.70820393249937 0
    endloop
  endfacet
  facet normal 0 0 1
    outer loop
      vertex -23.053423027509677 9.70820393249937 2
      vertex -21.672127684622367 7.807013995718243 2
      vertex -22 10.392304845413264 2
    endloop
  endfacet
  facet normal -0.5446390350150274 0.8386705679454239 6.0849842993251e-18
    outer loop
      vertex -23.053423027509677 9.70820393249937 2
      vertex -22 10.392304845413264 2
      vertex -22 10.392304845413264 0
    endloop
  endfacet
  facet normal 0 0 1
    outer loop
      vertex -20.825 8.357145146519834 2
      vertex -20.880839716909602 10.96254549171121 2
      vertex -22 10.392304845413264 2
    endloop
  endfacet
  facet normal -0.4539904997395464 0.891006524188368 0
    outer loop
      vertex -22 10.392304845413264 0
      vertex -22 10.392304845413264 2
      vertex -20.880839716909602 10.96254549171121 0
    endloop
  endfacet
  facet normal -0.4539904997395464 0.891006524188368 -1.6717352097551155e-17
    outer loop
      vertex -22 10.392304845413264 2
      vertex -20.880839716909602 10.96254549171121 2
      vertex -20.880839716909602 10.96254549171121 0
    endloop
  endfacet
  facet normal 0 0 -1
    outer loop
      vertex -19.79003860993471 1.4125660924301768 0
      vertex -20.880839716909602 7.291659875563659 0
      vertex -19.70820393249937 11.412678195541842 0
    endloop
  endfacet
  facet normal 0 0 -1
    outer loop
      vertex -18.55 2.416729559300636 0
      vertex -18.494940289813112 11.737771208805668 0
      vertex -18.4 6 0
    endloop
  endfacet
  facet normal 0 0 -1
    outer loop
      vertex -20.880839716909602 7.291659875563659 0
      vertex -21.024161217991036 8.227808339285989 0
      vertex -20.880839716909602 10.96254549171121 0
    endloop
  endfacet
  facet normal 0 0 -1
    outer loop
      vertex -18.4 6 0
      vertex -18.494940289813112 11.737771208805668 0
      vertex -18.386852548883855 6.2508683118423685 0
    endloop
  endfacet
  facet normal 0 0 -1
    outer loop
      vertex -18.386852548883855 6.2508683118423685 0
      vertex -18.494940289813112 11.737771208805668 0
      vertex -18.347554241761134 6.498988057962623 0
    endloop
  endfacet
  facet normal 0 0 -1
    outer loop
      vertex -18.98201399571824 2.443851249431539 0
      vertex -19.70820393249937 11.412678195541842 0
      vertex -18.494940289813112 11.737771208805668 0
    endloop
  endfacet
  facet normal 0 0 -1
    outer loop
      vertex -18.347554241761134 6.498988057962623 0
      vertex -18.494940289813112 11.737771208805668 0
      vertex -18.282535639108367 6.7416407864998735 0
    endloop
  endfacet
  facet normal 0 0 -1
    outer loop
      vertex -18.282535639108367 6.7416407864998735 0
      vertex -18.494940289813112 11.737771208805668 0
      vertex -18.192509098342242 6.97616794338192 0
    endloop
  endfacet
  facet normal 0 0 -1
    outer loop
      vertex -17.783547581145747 7.60591345526126 0
      vertex -17.379906396509764 9.538342920765281 0
      vertex -17.60591345526126 7.783547581145745 0
    endloop
  endfacet
  facet normal 0 0 -1
    outer loop
      vertex -18.192509098342242 6.97616794338192 0
      vertex -18.494940289813112 11.737771208805668 0
      vertex -18.078460969082652 7.2 0
    endloop
  endfacet
  facet normal 0 0 -1
    outer loop
      vertex -18.078460969082652 7.2 0
      vertex -18.494940289813112 11.737771208805668 0
      vertex -17.941640786499875 7.4106846055019355 0
    endloop
  endfacet
  facet normal 0 0 -1
    outer loop
      vertex -17.941640786499875 7.4106846055019355 0
      vertex -18.494940289813112 11.737771208805668 0
      vertex -17.783547581145747 7.60591345526126 0
    endloop
  endfacet
  facet normal 0 0 -1
    outer loop
      vertex -17.60591345526126 7.783547581145745 0
      vertex -17.379906396509764 9.538342920765281 0
      vertex -17.465930593063337 7.896903467874562 0
    endloop
  endfacet
  facet normal 0 0 -1
    outer loop
      vertex -20.880839716909602 7.291659875563659 0
      vertex -20.880839716909602 10.96254549171121 0
      vertex -19.70820393249937 11.412678195541842 0
    endloop
  endfacet
  facet normal 0 0 -1
    outer loop
      vertex -17.783547581145747 7.60591345526126 0
      vertex -18.494940289813112 11.737771208805668 0
      vertex -17.379906396509764 9.538342920765281 0
    endloop
  endfacet
  facet normal 0 0 1
    outer loop
      vertex -20.825 8.357145146519834 2
      vertex -19.925008605681473 8.8157136662511 2
      vertex -20.880839716909602 10.96254549171121 2
    endloop
  endfacet
  facet normal 0 0 1
    outer loop
      vertex -19.925008605681473 8.8157136662511 2
      vertex -18.98201399571824 9.177695382248231 2
      vertex -20.880839716909602 10.96254549171121 2
    endloop
  endfacet
  facet normal 0 0 1
    outer loop
      vertex -19.70820393249937 11.412678195541842 2
      vertex -18.98201399571824 9.177695382248231 2
      vertex -18.00634781639138 9.439124347081226 2
    endloop
  endfacet
  facet normal 0 0 1
    outer loop
      vertex -18.00634781639138 9.439124347081226 2
      vertex -17.008699670532856 9.597136290303837 2
      vertex -18.494940289813112 11.737771208805668 2
    endloop
  endfacet
  facet normal -0.35836794954529977 0.9335804264972019 0
    outer loop
      vertex -20.880839716909602 10.96254549171121 0
      vertex -20.880839716909602 10.96254549171121 2
      vertex -19.70820393249937 11.412678195541842 0
    endloop
  endfacet
  facet normal -0.25881904510252185 0.9659258262890681 0
    outer loop
      vertex -19.70820393249937 11.412678195541842 0
      vertex -19.70820393249937 11.412678195541842 2
      vertex -18.494940289813112 11.737771208805668 0
    endloop
  endfacet
  facet normal 0 0 -1
    outer loop
      vertex -18.494940289813112 11.737771208805668 0
      vertex -17.25434155921184 11.934262744419279 0
      vertex -17.379906396509764 9.538342920765281 0
    endloop
  endfacet
  facet normal -0.15643446504022926 0.987688340595138 0
    outer loop
      vertex -18.494940289813112 11.737771208805668 0
      vertex -18.494940289813112 11.737771208805668 2
      vertex -17.25434155921184 11.934262744419279 0
    endloop
  endfacet
  facet normal 0 0 1
    outer loop
      vertex -20.880839716909602 10.96254549171121 2
      vertex -18.98201399571824 9.177695382248231 2
      vertex -19.70820393249937 11.412678195541842 2
    endloop
  endfacet
  facet normal -0.35836794954529977 0.9335804264972019 1.5443280659346365e-17
    outer loop
      vertex -20.880839716909602 10.96254549171121 2
      vertex -19.70820393249937 11.412678195541842 2
      vertex -19.70820393249937 11.412678195541842 0
    endloop
  endfacet
  facet normal 0 0 1
    outer loop
      vertex -19.70820393249937 11.412678195541842 2
      vertex -18.00634781639138 9.439124347081226 2
      vertex -18.494940289813112 11.737771208805668 2
    endloop
  endfacet
  facet normal 0 0 1
    outer loop
      vertex -18.494940289813112 11.737771208805668 2
      vertex -17.008699670532856 9.597136290303837 2
      vertex -17.25434155921184 11.934262744419279 2
    endloop
  endfacet
  facet normal -0.25881904510252185 0.9659258262890681 -9.341297568207137e-18
    outer loop
      vertex -19.70820393249937 11.412678195541842 2
      vertex -18.494940289813112 11.737771208805668 2
      vertex -18.494940289813112 11.737771208805668 0
    endloop
  endfacet
  facet normal -0.15643446504022926 0.987688340595138 -1.2204038074754678e-18
    outer loop
      vertex -18.494940289813112 11.737771208805668 2
      vertex -17.25434155921184 11.934262744419279 2
      vertex -17.25434155921184 11.934262744419279 0
    endloop
  endfacet
  facet normal 0 0 -1
    outer loop
      vertex -17.33787133864088 7.988926274884959 0
      vertex -17.25434155921184 11.934262744419279 0
      vertex -17.2 8.078460969082652 0
    endloop
  endfacet
  facet normal 0 0 -1
    outer loop
      vertex -17.2 8.078460969082652 0
      vertex -17.25434155921184 11.934262744419279 0
      vertex -16.97616794338192 8.192509098342242 0
    endloop
  endfacet
  facet normal 0 0 -1
    outer loop
      vertex -16.97616794338192 8.192509098342242 0
      vertex -17.25434155921184 11.934262744419279 0
      vertex -16.741640786499875 8.282535639108369 0
    endloop
  endfacet
  facet normal 0 0 -1
    outer loop
      vertex -16.741640786499875 8.282535639108369 0
      vertex -17.25434155921184 11.934262744419279 0
      vertex -16.498988057962624 8.347554241761134 0
    endloop
  endfacet
  facet normal 0 0 -1
    outer loop
      vertex -16.498988057962624 8.347554241761134 0
      vertex -17.25434155921184 11.934262744419279 0
      vertex -16.250868311842368 8.386852548883855 0
    endloop
  endfacet
  facet normal 0 0 -1
    outer loop
      vertex -16.250868311842368 8.386852548883855 0
      vertex -16 12 0
      vertex -16 8.4 0
    endloop
  endfacet
  facet normal 0 0 -1
    outer loop
      vertex -17.33787133864088 7.988926274884959 0
      vertex -17.379906396509764 9.538342920765281 0
      vertex -17.25434155921184 11.934262744419279 0
    endloop
  endfacet
  facet normal 0 0 -1
    outer loop
      vertex -15.749131688157632 8.386852548883855 0
      vertex -14.745658440788159 11.934262744419279 0
      vertex -15.501011942037378 8.347554241761134 0
    endloop
  endfacet
  facet normal 0 0 -1
    outer loop
      vertex -16 8.4 0
      vertex -14.745658440788159 11.934262744419279 0
      vertex -15.749131688157632 8.386852548883855 0
    endloop
  endfacet
  facet normal 0 0 -1
    outer loop
      vertex -15.501011942037378 8.347554241761134 0
      vertex -14.745658440788159 11.934262744419279 0
      vertex -15.258359213500126 8.282535639108369 0
    endloop
  endfacet
  facet normal 0 0 -1
    outer loop
      vertex -15.258359213500126 8.282535639108369 0
      vertex -14.745658440788159 11.934262744419279 0
      vertex -15.02383205661808 8.192509098342242 0
    endloop
  endfacet
  facet normal 0 0 -1
    outer loop
      vertex -14.8 8.078460969082652 0
      vertex -14.745658440788159 11.934262744419279 0
      vertex -14.589315394498065 7.941640786499875 0
    endloop
  endfacet
  facet normal 0 0 -1
    outer loop
      vertex -14.394086544738741 7.783547581145746 0
      vertex -13.505059710186888 11.737771208805668 0
      vertex -14.216452418854253 7.60591345526126 0
    endloop
  endfacet
  facet normal 0 0 -1
    outer loop
      vertex -14.589315394498065 7.941640786499875 0
      vertex -13.505059710186888 11.737771208805668 0
      vertex -14.394086544738741 7.783547581145746 0
    endloop
  endfacet
  facet normal 0 0 -1
    outer loop
      vertex -15.02383205661808 8.192509098342242 0
      vertex -14.745658440788159 11.934262744419279 0
      vertex -14.8 8.078460969082652 0
    endloop
  endfacet
  facet normal 0 0 1
    outer loop
      vertex -17.008699670532856 9.597136290303837 2
      vertex -16 9.65 2
      vertex -17.25434155921184 11.934262744419279 2
    endloop
  endfacet
  facet normal 0 0 1
    outer loop
      vertex -16 9.65 2
      vertex -14.991300329467144 9.597136290303837 2
      vertex -16 12 2
    endloop
  endfacet
  facet normal 0 0 1
    outer loop
      vertex -14.991300329467144 9.597136290303837 2
      vertex -13.993652183608623 9.439124347081226 2
      vertex -14.745658440788159 11.934262744419279 2
    endloop
  endfacet
  facet normal 0 0 -1
    outer loop
      vertex -16.250868311842368 8.386852548883855 0
      vertex -17.25434155921184 11.934262744419279 0
      vertex -16 12 0
    endloop
  endfacet
  facet normal -0.05233595624294499 0.9986295347545737 0
    outer loop
      vertex -17.25434155921184 11.934262744419279 0
      vertex -17.25434155921184 11.934262744419279 2
      vertex -16 12 0
    endloop
  endfacet
  facet normal 0 0 -1
    outer loop
      vertex -16 8.4 0
      vertex -16 12 0
      vertex -14.745658440788159 11.934262744419279 0
    endloop
  endfacet
  facet normal 0 0 -1
    outer loop
      vertex -14.589315394498065 7.941640786499875 0
      vertex -14.745658440788159 11.934262744419279 0
      vertex -13.505059710186888 11.737771208805668 0
    endloop
  endfacet
  facet normal 0.05233595624294499 0.9986295347545737 0
    outer loop
      vertex -16 12 0
      vertex -16 12 2
      vertex -14.745658440788159 11.934262744419279 0
    endloop
  endfacet
  facet normal 0.15643446504022926 0.987688340595138 0
    outer loop
      vertex -14.745658440788159 11.934262744419279 0
      vertex -14.745658440788159 11.934262744419279 2
      vertex -13.505059710186888 11.737771208805668 0
    endloop
  endfacet
  facet normal 0 0 1
    outer loop
      vertex -17.25434155921184 11.934262744419279 2
      vertex -16 9.65 2
      vertex -16 12 2
    endloop
  endfacet
  facet normal -0.05233595624294499 0.9986295347545737 2.0444092376888274e-18
    outer loop
      vertex -17.25434155921184 11.934262744419279 2
      vertex -16 12 2
      vertex -16 12 0
    endloop
  endfacet
  facet normal 0 0 1
    outer loop
      vertex -14.991300329467144 9.597136290303837 2
      vertex -14.745658440788159 11.934262744419279 2
      vertex -16 12 2
    endloop
  endfacet
  facet normal 0 0 1
    outer loop
      vertex -14.745658440788159 11.934262744419279 2
      vertex -13.993652183608623 9.439124347081226 2
      vertex -13.505059710186888 11.737771208805668 2
    endloop
  endfacet
  facet normal 0.05233595624294499 0.9986295347545737 0
    outer loop
      vertex -14.745658440788159 11.934262744419279 0
      vertex -16 12 2
      vertex -14.745658440788159 11.934262744419279 2
    endloop
  endfacet
  facet normal 0 0 -1
    outer loop
      vertex -10.327872315377634 4.136128379570689 0
      vertex -10.614267945625606 0 0
      vertex -11.312375234153603 0 0
    endloop
  endfacet
  facet normal 0 0 -1
    outer loop
      vertex -12.29179606750063 1.4944007698655186 0
      vertex -12.586424703869696 1.7890294062345824 0
      vertex -12.29179606750063 4.678834062725139 0
    endloop
  endfacet
  facet normal 0 0 -1
    outer loop
      vertex -12.20996139006529 1.4125660924301768 0
      vertex -12.29179606750063 4.678834062725139 0
      vertex -11.874013328687768 0.9977047866916129 0
    endloop
  endfacet
  facet normal 0 0 -1
    outer loop
      vertex -12.232977688119599 1.4355823904844853 0
      vertex -12.29179606750063 4.678834062725139 0
      vertex -12.20996139006529 1.4125660924301768 0
    endloop
  endfacet
  facet normal 0 0 -1
    outer loop
      vertex -9.102602455086828 6.731060372306666 0
      vertex -9.455362381419501 0 0
      vertex -10.544637618580499 0 0
    endloop
  endfacet
  facet normal 0 0 -1
    outer loop
      vertex -13.925643120313419 2.6590818339772637 0
      vertex -13.807490901657758 5.023832056618079 0
      vertex -13.45 2.416729559300636 0
    endloop
  endfacet
  facet normal 0 0 -1
    outer loop
      vertex -13.45 2.416729559300636 0
      vertex -13.807490901657758 5.023832056618079 0
      vertex -13.717464360891633 5.258359213500126 0
    endloop
  endfacet
  facet normal 0 0 -1
    outer loop
      vertex -13.45 2.416729559300636 0
      vertex -13.717464360891633 5.258359213500126 0
      vertex -13.652445758238866 5.501011942037377 0
    endloop
  endfacet
  facet normal 0 0 -1
    outer loop
      vertex -13.002295213308386 2.1259866713122317 0
      vertex -13.45 2.416729559300636 0
      vertex -12.420937650818878 8.94850999217672 0
    endloop
  endfacet
  facet normal 0 0 -1
    outer loop
      vertex -13.002295213308386 2.1259866713122317 0
      vertex -12.420937650818878 8.94850999217672 0
      vertex -12.787602296205247 1.9521317750020488 0
    endloop
  endfacet
  facet normal 0 0 -1
    outer loop
      vertex -11.340918166022735 0.07435687968658078 0
      vertex -11.119160283090398 10.96254549171121 0
      vertex -11.312375234153603 0 0
    endloop
  endfacet
  facet normal 0 0 -1
    outer loop
      vertex -11.583270440699364 0.5499999999999998 0
      vertex -11.874013328687768 0.9977047866916129 0
      vertex -11.119160283090398 10.96254549171121 0
    endloop
  endfacet
  facet normal 0 0 -1
    outer loop
      vertex -11.583270440699364 0.5499999999999998 0
      vertex -11.119160283090398 10.96254549171121 0
      vertex -11.340918166022735 0.07435687968658078 0
    endloop
  endfacet
  facet normal 0 0 -1
    outer loop
      vertex -13.45 2.416729559300636 0
      vertex -13.652445758238866 5.501011942037377 0
      vertex -13.613147451116145 5.7491316881576315 0
    endloop
  endfacet
  facet normal 0 0 -1
    outer loop
      vertex -13.45 2.416729559300636 0
      vertex -13.613147451116145 5.7491316881576315 0
      vertex -13.6 6 0
    endloop
  endfacet
  facet normal 0 0 -1
    outer loop
      vertex -10.327872315377634 4.136128379570689 0
      vertex -11.312375234153603 0 0
      vertex -10 10.392304845413264 0
    endloop
  endfacet
  facet normal 0 0 -1
    outer loop
      vertex -11.874013328687768 0.9977047866916129 0
      vertex -12.29179606750063 4.678834062725139 0
      vertex -11.119160283090398 10.96254549171121 0
    endloop
  endfacet
  facet normal 0 0 -1
    outer loop
      vertex -10.327872315377634 4.136128379570689 0
      vertex -9.102602455086828 6.731060372306666 0
      vertex -10.544637618580499 0 0
    endloop
  endfacet
  facet normal 0 0 -1
    outer loop
      vertex -8.946576972490323 4.206976116323251 0
      vertex -7.970432723693701 8.917737905728732 0
      vertex -9.373432896505676 0 0
    endloop
  endfacet
  facet normal 0 0 -1
    outer loop
      vertex -6.291796067500631 7.053423027509678 0
      vertex -5.607695154586736 6 0
      vertex -9.373432896505676 0 0
    endloop
  endfacet
  facet normal 0 0 -1
    outer loop
      vertex -7.082262094271268 8.029567276306299 0
      vertex -6.291796067500631 7.053423027509678 0
      vertex -9.373432896505676 0 0
    endloop
  endfacet
  facet normal 0 0 -1
    outer loop
      vertex -7.970432723693701 8.917737905728732 0
      vertex -7.082262094271268 8.029567276306299 0
      vertex -9.373432896505676 0 0
    endloop
  endfacet
  facet normal 0 0 1
    outer loop
      vertex -7.184286333748901 3.925008605681472 2
      vertex -6.822304617751769 2.9820139957182423 2
      vertex -7.082262094271268 8.029567276306299 2
    endloop
  endfacet
  facet normal 0 0 1
    outer loop
      vertex -7.184286333748901 3.925008605681472 2
      vertex -7.082262094271268 8.029567276306299 2
      vertex -7.642854853480166 4.825 2
    endloop
  endfacet
  facet normal 0 0 -1
    outer loop
      vertex -4.065737255580721 1.2543415592118417 0
      vertex -4 0 0
      vertex -9.373432896505676 0 0
    endloop
  endfacet
  facet normal 0 0 -1
    outer loop
      vertex -4.065737255580721 1.2543415592118417 0
      vertex -9.373432896505676 0 0
      vertex -4.262228791194332 2.494940289813112 0
    endloop
  endfacet
  facet normal 0.9986295347545739 0.05233595624294499 -2.3305474191229474e-18
    outer loop
      vertex -4.065737255580721 1.2543415592118417 0
      vertex -4 0 2
      vertex -4 0 0
    endloop
  endfacet
  facet normal 0.9986295347545739 0.05233595624294499 0
    outer loop
      vertex -4.065737255580721 1.2543415592118417 0
      vertex -4.065737255580721 1.2543415592118417 2
      vertex -4 0 2
    endloop
  endfacet
  facet normal 0 0 1
    outer loop
      vertex -4.065737255580721 1.2543415592118417 2
      vertex -4.262228791194332 2.494940289813112 2
      vertex -4 0 2
    endloop
  endfacet
  facet normal 0 0 -1
    outer loop
      vertex -4.262228791194332 2.494940289813112 0
      vertex -9.373432896505676 0 0
      vertex -4.587321804458158 3.7082039324993685 0
    endloop
  endfacet
  facet normal 0 0 -1
    outer loop
      vertex -4.587321804458158 3.7082039324993685 0
      vertex -9.373432896505676 0 0
      vertex -5.037454508288789 4.880839716909603 0
    endloop
  endfacet
  facet normal 0.987688340595138 0.1564344650402293 0
    outer loop
      vertex -4.065737255580721 1.2543415592118417 0
      vertex -4.262228791194332 2.494940289813112 0
      vertex -4.065737255580721 1.2543415592118417 2
    endloop
  endfacet
  facet normal 0.965925826289068 0.258819045102522 0
    outer loop
      vertex -4.262228791194332 2.494940289813112 0
      vertex -4.587321804458158 3.7082039324993685 0
      vertex -4.262228791194332 2.494940289813112 2
    endloop
  endfacet
  facet normal 0 0 1
    outer loop
      vertex -6.402863709696163 1.0086996705328561 2
      vertex -6.35 0 2
      vertex -6.291796067500631 7.053423027509678 2
    endloop
  endfacet
  facet normal 0 0 1
    outer loop
      vertex -6.291796067500631 7.053423027509678 2
      vertex -6.35 0 2
      vertex -4 0 2
    endloop
  endfacet
  facet normal 0.987688340595138 0.1564344650402293 -3.5091624282067855e-18
    outer loop
      vertex -4.065737255580721 1.2543415592118417 2
      vertex -4.262228791194332 2.494940289813112 0
      vertex -4.262228791194332 2.494940289813112 2
    endloop
  endfacet
  facet normal 0 0 1
    outer loop
      vertex -4.262228791194332 2.494940289813112 2
      vertex -4.587321804458158 3.7082039324993685 2
      vertex -4 0 2
    endloop
  endfacet
  facet normal 0 0 1
    outer loop
      vertex -4.587321804458158 3.7082039324993685 2
      vertex -5.037454508288789 4.880839716909603 2
      vertex -4 0 2
    endloop
  endfacet
  facet normal 0 0 -1
    outer loop
      vertex -5.037454508288789 4.880839716909603 0
      vertex -9.373432896505676 0 0
      vertex -5.607695154586736 6 0
    endloop
  endfacet
  facet normal 0.9335804264972021 0.3583679495452993 0
    outer loop
      vertex -4.587321804458158 3.7082039324993685 0
      vertex -5.037454508288789 4.880839716909603 0
      vertex -4.587321804458158 3.7082039324993685 2
    endloop
  endfacet
  facet normal 0 0 1
    outer loop
      vertex -6.402863709696163 1.0086996705328561 2
      vertex -6.291796067500631 7.053423027509678 2
      vertex -6.560875652918774 2.006347816391378 2
    endloop
  endfacet
  facet normal 0 0 1
    outer loop
      vertex -6.560875652918774 2.006347816391378 2
      vertex -7.082262094271268 8.029567276306299 2
      vertex -6.822304617751769 2.9820139957182423 2
    endloop
  endfacet
  facet normal 0 0 1
    outer loop
      vertex -6.291796067500631 7.053423027509678 2
      vertex -4 0 2
      vertex -5.607695154586736 6 2
    endloop
  endfacet
  facet normal 0.965925826289068 0.258819045102522 -8.303641571708618e-18
    outer loop
      vertex -4.262228791194332 2.494940289813112 2
      vertex -4.587321804458158 3.7082039324993685 0
      vertex -4.587321804458158 3.7082039324993685 2
    endloop
  endfacet
  facet normal 0 0 1
    outer loop
      vertex -5.037454508288789 4.880839716909603 2
      vertex -5.607695154586736 6 2
      vertex -4 0 2
    endloop
  endfacet
  facet normal 0.9335804264972021 0.3583679495452993 1.9818531905381952e-17
    outer loop
      vertex -4.587321804458158 3.7082039324993685 2
      vertex -5.037454508288789 4.880839716909603 0
      vertex -5.037454508288789 4.880839716909603 2
    endloop
  endfacet
  facet normal 0.8910065241883679 0.45399049973954675 0
    outer loop
      vertex -5.037454508288789 4.880839716909603 0
      vertex -5.607695154586736 6 0
      vertex -5.037454508288789 4.880839716909603 2
    endloop
  endfacet
  facet normal 0.8910065241883679 0.45399049973954675 -2.643172883082631e-18
    outer loop
      vertex -5.037454508288789 4.880839716909603 2
      vertex -5.607695154586736 6 0
      vertex -5.607695154586736 6 2
    endloop
  endfacet
  facet normal 0 0 1
    outer loop
      vertex -6.560875652918774 2.006347816391378 2
      vertex -6.291796067500631 7.053423027509678 2
      vertex -7.082262094271268 8.029567276306299 2
    endloop
  endfacet
  facet normal 0 0 -1
    outer loop
      vertex -13.45 2.416729559300636 0
      vertex -13.6 6 0
      vertex -13.505059710186888 11.737771208805668 0
    endloop
  endfacet
  facet normal 0 0 -1
    outer loop
      vertex -11.119160283090398 10.96254549171121 0
      vertex -10 10.392304845413264 0
      vertex -11.312375234153603 0 0
    endloop
  endfacet
  facet normal 0 0 -1
    outer loop
      vertex -13.45 2.416729559300636 0
      vertex -13.505059710186888 11.737771208805668 0
      vertex -12.420937650818878 8.94850999217672 0
    endloop
  endfacet
  facet normal 0 0 -1
    outer loop
      vertex -13.6 6 0
      vertex -13.613147451116145 6.2508683118423685 0
      vertex -13.505059710186888 11.737771208805668 0
    endloop
  endfacet
  facet normal 0 0 -1
    outer loop
      vertex -13.613147451116145 6.2508683118423685 0
      vertex -13.652445758238866 6.498988057962623 0
      vertex -13.505059710186888 11.737771208805668 0
    endloop
  endfacet
  facet normal 0 0 -1
    outer loop
      vertex -13.652445758238866 6.498988057962623 0
      vertex -13.717464360891633 6.7416407864998735 0
      vertex -13.505059710186888 11.737771208805668 0
    endloop
  endfacet
  facet normal 0 0 -1
    outer loop
      vertex -13.807490901657758 6.97616794338192 0
      vertex -13.505059710186888 11.737771208805668 0
      vertex -13.717464360891633 6.7416407864998735 0
    endloop
  endfacet
  facet normal 0 0 -1
    outer loop
      vertex -14.058359213500125 7.4106846055019355 0
      vertex -13.505059710186888 11.737771208805668 0
      vertex -13.921539030917348 7.2 0
    endloop
  endfacet
  facet normal 0 0 -1
    outer loop
      vertex -13.807490901657758 6.97616794338192 0
      vertex -13.921539030917348 7.2 0
      vertex -13.505059710186888 11.737771208805668 0
    endloop
  endfacet
  facet normal 0 0 -1
    outer loop
      vertex -14.058359213500125 7.4106846055019355 0
      vertex -14.216452418854253 7.60591345526126 0
      vertex -13.505059710186888 11.737771208805668 0
    endloop
  endfacet
  facet normal 0 0 -1
    outer loop
      vertex -12.29179606750063 4.678834062725139 0
      vertex -12.420937650818878 8.94850999217672 0
      vertex -12.29179606750063 11.412678195541842 0
    endloop
  endfacet
  facet normal 0 0 -1
    outer loop
      vertex -9.102602455086828 6.731060372306666 0
      vertex -10.327872315377634 4.136128379570689 0
      vertex -10 10.392304845413264 0
    endloop
  endfacet
  facet normal 0 0 -1
    outer loop
      vertex -8.946576972490323 4.206976116323251 0
      vertex -9.102602455086828 6.731060372306666 0
      vertex -8.946576972490323 9.70820393249937 0
    endloop
  endfacet
  facet normal 0 0 1
    outer loop
      vertex -8.192986004281757 5.672127684622366 2
      vertex -7.642854853480166 4.825 2
      vertex -7.970432723693701 8.917737905728732 2
    endloop
  endfacet
  facet normal 0 0 1
    outer loop
      vertex -8.192986004281757 5.672127684622366 2
      vertex -8.946576972490323 9.70820393249937 2
      vertex -8.828652434143144 6.457110351362982 2
    endloop
  endfacet
  facet normal 0 0 1
    outer loop
      vertex -7.642854853480166 4.825 2
      vertex -7.082262094271268 8.029567276306299 2
      vertex -7.970432723693701 8.917737905728732 2
    endloop
  endfacet
  facet normal 0 0 -1
    outer loop
      vertex -9.102602455086828 6.731060372306666 0
      vertex -10 10.392304845413264 0
      vertex -8.946576972490323 9.70820393249937 0
    endloop
  endfacet
  facet normal 0 0 -1
    outer loop
      vertex -8.946576972490323 4.206976116323251 0
      vertex -8.946576972490323 9.70820393249937 0
      vertex -7.970432723693701 8.917737905728732 0
    endloop
  endfacet
  facet normal 0.7071067811865475 0.7071067811865475 -1.588406675847249e-17
    outer loop
      vertex -7.970432723693701 8.917737905728732 0
      vertex -7.082262094271268 8.029567276306299 2
      vertex -7.082262094271268 8.029567276306299 0
    endloop
  endfacet
  facet normal 0 0 1
    outer loop
      vertex -9.542889648637018 7.171347565856855 2
      vertex -8.828652434143144 6.457110351362982 2
      vertex -8.946576972490323 9.70820393249937 2
    endloop
  endfacet
  facet normal 0 0 1
    outer loop
      vertex -10.327872315377634 7.807013995718243 2
      vertex -9.542889648637018 7.171347565856855 2
      vertex -10 10.392304845413264 2
    endloop
  endfacet
  facet normal 0 0 1
    outer loop
      vertex -8.192986004281757 5.672127684622366 2
      vertex -7.970432723693701 8.917737905728732 2
      vertex -8.946576972490323 9.70820393249937 2
    endloop
  endfacet
  facet normal 0.7071067811865475 0.7071067811865475 0
    outer loop
      vertex -7.970432723693701 8.917737905728732 0
      vertex -7.970432723693701 8.917737905728732 2
      vertex -7.082262094271268 8.029567276306299 2
    endloop
  endfacet
  facet normal 0 0 -1
    outer loop
      vertex -12.29179606750063 4.678834062725139 0
      vertex -12.29179606750063 11.412678195541842 0
      vertex -11.119160283090398 10.96254549171121 0
    endloop
  endfacet
  facet normal 0 0 1
    outer loop
      vertex -13.993652183608623 9.439124347081226 2
      vertex -13.017986004281758 9.177695382248231 2
      vertex -13.505059710186888 11.737771208805668 2
    endloop
  endfacet
  facet normal 0 0 1
    outer loop
      vertex -13.017986004281758 9.177695382248231 2
      vertex -12.074991394318527 8.8157136662511 2
      vertex -12.29179606750063 11.412678195541842 2
    endloop
  endfacet
  facet normal 0 0 1
    outer loop
      vertex -12.074991394318527 8.8157136662511 2
      vertex -11.175 8.357145146519834 2
      vertex -11.119160283090398 10.96254549171121 2
    endloop
  endfacet
  facet normal 0 0 1
    outer loop
      vertex -11.175 8.357145146519834 2
      vertex -10.327872315377634 7.807013995718243 2
      vertex -11.119160283090398 10.96254549171121 2
    endloop
  endfacet
  facet normal 0 0 1
    outer loop
      vertex -12.074991394318527 8.8157136662511 2
      vertex -11.119160283090398 10.96254549171121 2
      vertex -12.29179606750063 11.412678195541842 2
    endloop
  endfacet
  facet normal 0 0 -1
    outer loop
      vertex -13.505059710186888 11.737771208805668 0
      vertex -12.29179606750063 11.412678195541842 0
      vertex -12.420937650818878 8.94850999217672 0
    endloop
  endfacet
  facet normal 0.25881904510252185 0.9659258262890681 0
    outer loop
      vertex -13.505059710186888 11.737771208805668 0
      vertex -13.505059710186888 11.737771208805668 2
      vertex -12.29179606750063 11.412678195541842 0
    endloop
  endfacet
  facet normal 0.4539904997395464 0.891006524188368 0
    outer loop
      vertex -11.119160283090398 10.96254549171121 0
      vertex -11.119160283090398 10.96254549171121 2
      vertex -10 10.392304845413264 0
    endloop
  endfacet
  facet normal 0.35836794954529977 0.9335804264972019 0
    outer loop
      vertex -12.29179606750063 11.412678195541842 0
      vertex -12.29179606750063 11.412678195541842 2
      vertex -11.119160283090398 10.96254549171121 0
    endloop
  endfacet
  facet normal 0 0 1
    outer loop
      vertex -13.017986004281758 9.177695382248231 2
      vertex -12.29179606750063 11.412678195541842 2
      vertex -13.505059710186888 11.737771208805668 2
    endloop
  endfacet
  facet normal 0.15643446504022926 0.987688340595138 1.2204038074754678e-18
    outer loop
      vertex -14.745658440788159 11.934262744419279 2
      vertex -13.505059710186888 11.737771208805668 2
      vertex -13.505059710186888 11.737771208805668 0
    endloop
  endfacet
  facet normal 0.25881904510252185 0.9659258262890681 9.341297568207137e-18
    outer loop
      vertex -13.505059710186888 11.737771208805668 2
      vertex -12.29179606750063 11.412678195541842 2
      vertex -12.29179606750063 11.412678195541842 0
    endloop
  endfacet
  facet normal 0.35836794954529977 0.9335804264972019 -1.5443280659346365e-17
    outer loop
      vertex -12.29179606750063 11.412678195541842 2
      vertex -11.119160283090398 10.96254549171121 2
      vertex -11.119160283090398 10.96254549171121 0
    endloop
  endfacet
  facet normal 0.5446390350150274 0.8386705679454239 0
    outer loop
      vertex -10 10.392304845413264 0
      vertex -10 10.392304845413264 2
      vertex -8.946576972490323 9.70820393249937 0
    endloop
  endfacet
  facet normal 0.6293203910498367 0.7771459614569715 1.4197893305478145e-17
    outer loop
      vertex -7.970432723693701 8.917737905728732 0
      vertex -8.946576972490323 9.70820393249937 0
      vertex -8.946576972490323 9.70820393249937 2
    endloop
  endfacet
  facet normal 0 0 1
    outer loop
      vertex -10.327872315377634 7.807013995718243 2
      vertex -10 10.392304845413264 2
      vertex -11.119160283090398 10.96254549171121 2
    endloop
  endfacet
  facet normal 0 0 1
    outer loop
      vertex -9.542889648637018 7.171347565856855 2
      vertex -8.946576972490323 9.70820393249937 2
      vertex -10 10.392304845413264 2
    endloop
  endfacet
  facet normal 0.5446390350150274 0.8386705679454239 0
    outer loop
      vertex -8.946576972490323 9.70820393249937 0
      vertex -10 10.392304845413264 2
      vertex -8.946576972490323 9.70820393249937 2
    endloop
  endfacet
  facet normal 0.6293203910498367 0.7771459614569715 0
    outer loop
      vertex -7.970432723693701 8.917737905728732 0
      vertex -8.946576972490323 9.70820393249937 2
      vertex -7.970432723693701 8.917737905728732 2
    endloop
  endfacet
  facet normal 0.4539904997395464 0.891006524188368 1.6717352097551155e-17
    outer loop
      vertex -11.119160283090398 10.96254549171121 2
      vertex -10 10.392304845413264 2
      vertex -10 10.392304845413264 0
    endloop
  endfacet
  facet normal 0.838670567945424 0.544639035015027 1.7214065734635896e-17
    outer loop
      vertex -6.291796067500631 7.053423027509678 0
      vertex -5.607695154586736 6 2
      vertex -5.607695154586736 6 0
    endloop
  endfacet
  facet normal 0.7771459614569712 0.6293203910498371 -1.5689641695833124e-17
    outer loop
      vertex -7.082262094271268 8.029567276306299 0
      vertex -6.291796067500631 7.053423027509678 2
      vertex -6.291796067500631 7.053423027509678 0
    endloop
  endfacet
  facet normal 0.838670567945424 0.544639035015027 0
    outer loop
      vertex -6.291796067500631 7.053423027509678 0
      vertex -6.291796067500631 7.053423027509678 2
      vertex -5.607695154586736 6 2
    endloop
  endfacet
  facet normal 0.7771459614569712 0.6293203910498371 0
    outer loop
      vertex -7.082262094271268 8.029567276306299 0
      vertex -7.082262094271268 8.029567276306299 2
      vertex -6.291796067500631 7.053423027509678 2
    endloop
  endfacet
  facet normal -0.7771459614569712 -0.6293203910498371 -1.5689641695833124e-17
    outer loop
      vertex 6.291796067500631 -7.053423027509678 2
      vertex 7.082262094271268 -8.029567276306299 0
      vertex 7.082262094271268 -8.029567276306299 2
    endloop
  endfacet
  facet normal -0.7771459614569712 -0.6293203910498371 0
    outer loop
      vertex 6.291796067500631 -7.053423027509678 0
      vertex 7.082262094271268 -8.029567276306299 0
      vertex 6.291796067500631 -7.053423027509678 2
    endloop
  endfacet
  facet normal -0.838670567945424 -0.544639035015027 1.7214065734635896e-17
    outer loop
      vertex 6.291796067500631 -7.053423027509678 0
      vertex 5.607695154586736 -6 2
      vertex 5.607695154586736 -6 0
    endloop
  endfacet
  facet normal -0.838670567945424 -0.544639035015027 0
    outer loop
      vertex 6.291796067500631 -7.053423027509678 0
      vertex 6.291796067500631 -7.053423027509678 2
      vertex 5.607695154586736 -6 2
    endloop
  endfacet
  facet normal -0.4539904997395464 -0.891006524188368 1.6717352097551155e-17
    outer loop
      vertex 11.119160283090398 -10.96254549171121 2
      vertex 10 -10.392304845413264 2
      vertex 10 -10.392304845413264 0
    endloop
  endfacet
  facet normal -0.6293203910498367 -0.7771459614569715 0
    outer loop
      vertex 8.946576972490323 -9.70820393249937 0
      vertex 8.946576972490323 -9.70820393249937 2
      vertex 7.970432723693701 -8.917737905728732 0
    endloop
  endfacet
  facet normal -0.5446390350150274 -0.8386705679454239 -6.0849842993251e-18
    outer loop
      vertex 8.946576972490323 -9.70820393249937 0
      vertex 10 -10.392304845413264 0
      vertex 10 -10.392304845413264 2
    endloop
  endfacet
  facet normal 0 0 -1
    outer loop
      vertex 11.119160283090398 -10.96254549171121 0
      vertex 10 -10.392304845413264 0
      vertex 10.143321501081434 -7.657567692988043 0
    endloop
  endfacet
  facet normal 0 0 -1
    outer loop
      vertex 8.946576972490323 -9.70820393249937 0
      vertex 10 -7.541508229798757 0
      vertex 10 -10.392304845413264 0
    endloop
  endfacet
  facet normal -0.6293203910498367 -0.7771459614569715 1.4197893305478145e-17
    outer loop
      vertex 8.946576972490323 -9.70820393249937 2
      vertex 7.970432723693701 -8.917737905728732 2
      vertex 7.970432723693701 -8.917737905728732 0
    endloop
  endfacet
  facet normal -0.5446390350150274 -0.8386705679454239 0
    outer loop
      vertex 8.946576972490323 -9.70820393249937 0
      vertex 10 -10.392304845413264 2
      vertex 8.946576972490323 -9.70820393249937 2
    endloop
  endfacet
  facet normal 0 0 1
    outer loop
      vertex 8.946576972490323 -9.70820393249937 2
      vertex 10 -10.392304845413264 2
      vertex 9.542889648637018 -7.171347565856855 2
    endloop
  endfacet
  facet normal 0 0 1
    outer loop
      vertex 11.119160283090398 -10.96254549171121 2
      vertex 10.327872315377634 -7.807013995718243 2
      vertex 10 -10.392304845413264 2
    endloop
  endfacet
  facet normal -0.35836794954529977 -0.9335804264972019 -1.5443280659346365e-17
    outer loop
      vertex 11.119160283090398 -10.96254549171121 0
      vertex 12.29179606750063 -11.412678195541842 0
      vertex 12.29179606750063 -11.412678195541842 2
    endloop
  endfacet
  facet normal -0.4539904997395464 -0.891006524188368 0
    outer loop
      vertex 11.119160283090398 -10.96254549171121 0
      vertex 11.119160283090398 -10.96254549171121 2
      vertex 10 -10.392304845413264 0
    endloop
  endfacet
  facet normal -0.25881904510252185 -0.9659258262890681 9.341297568207137e-18
    outer loop
      vertex 12.29179606750063 -11.412678195541842 0
      vertex 13.505059710186888 -11.737771208805668 0
      vertex 13.505059710186888 -11.737771208805668 2
    endloop
  endfacet
  facet normal 0 0 -1
    outer loop
      vertex 12.29179606750063 -11.412678195541842 0
      vertex 13.505059710186888 -9.308206388399945 0
      vertex 13.505059710186888 -11.737771208805668 0
    endloop
  endfacet
  facet normal -0.35836794954529977 -0.9335804264972019 0
    outer loop
      vertex 11.119160283090398 -10.96254549171121 0
      vertex 12.29179606750063 -11.412678195541842 2
      vertex 11.119160283090398 -10.96254549171121 2
    endloop
  endfacet
  facet normal -0.25881904510252185 -0.9659258262890681 0
    outer loop
      vertex 12.29179606750063 -11.412678195541842 0
      vertex 13.505059710186888 -11.737771208805668 2
      vertex 12.29179606750063 -11.412678195541842 2
    endloop
  endfacet
  facet normal -0.15643446504022926 -0.987688340595138 0
    outer loop
      vertex 13.505059710186888 -11.737771208805668 0
      vertex 14.745658440788159 -11.934262744419279 2
      vertex 13.505059710186888 -11.737771208805668 2
    endloop
  endfacet
  facet normal 0 0 1
    outer loop
      vertex 12.29179606750063 -11.412678195541842 2
      vertex 13.505059710186888 -11.737771208805668 2
      vertex 13.017986004281758 -9.177695382248231 2
    endloop
  endfacet
  facet normal 0 0 -1
    outer loop
      vertex 11.119160283090398 -10.96254549171121 0
      vertex 12.29179606750063 -8.898937182913317 0
      vertex 12.29179606750063 -11.412678195541842 0
    endloop
  endfacet
  facet normal 0 0 -1
    outer loop
      vertex 12.29179606750063 -11.412678195541842 0
      vertex 12.29179606750063 -8.898937182913317 0
      vertex 12.420937650818878 -8.94850999217672 0
    endloop
  endfacet
  facet normal 0 0 -1
    outer loop
      vertex 12.29179606750063 -11.412678195541842 0
      vertex 12.420937650818878 -8.94850999217672 0
      vertex 13.505059710186888 -9.308206388399945 0
    endloop
  endfacet
  facet normal 0 0 -1
    outer loop
      vertex 13.505059710186888 -11.737771208805668 0
      vertex 13.505059710186888 -9.308206388399945 0
      vertex 13.63062454748481 -9.341851385151669 0
    endloop
  endfacet
  facet normal 0 0 -1
    outer loop
      vertex 13.505059710186888 -11.737771208805668 0
      vertex 13.63062454748481 -9.341851385151669 0
      vertex 14.745658440788159 -9.558230437245154 0
    endloop
  endfacet
  facet normal 0 0 1
    outer loop
      vertex 11.119160283090398 -10.96254549171121 2
      vertex 12.29179606750063 -11.412678195541842 2
      vertex 12.074991394318527 -8.8157136662511 2
    endloop
  endfacet
  facet normal 0 0 1
    outer loop
      vertex 11.119160283090398 -10.96254549171121 2
      vertex 11.175 -8.357145146519834 2
      vertex 10.327872315377634 -7.807013995718243 2
    endloop
  endfacet
  facet normal 0 0 1
    outer loop
      vertex 11.119160283090398 -10.96254549171121 2
      vertex 12.074991394318527 -8.8157136662511 2
      vertex 11.175 -8.357145146519834 2
    endloop
  endfacet
  facet normal 0 0 1
    outer loop
      vertex 12.29179606750063 -11.412678195541842 2
      vertex 13.017986004281758 -9.177695382248231 2
      vertex 12.074991394318527 -8.8157136662511 2
    endloop
  endfacet
  facet normal 0 0 1
    outer loop
      vertex 13.505059710186888 -11.737771208805668 2
      vertex 13.993652183608623 -9.439124347081226 2
      vertex 13.017986004281758 -9.177695382248231 2
    endloop
  endfacet
  facet normal 0 0 -1
    outer loop
      vertex 8.946576972490323 -9.70820393249937 0
      vertex 7.970432723693701 -8.917737905728732 0
      vertex 8.946576972490323 -6.575034889710159 0
    endloop
  endfacet
  facet normal -0.7071067811865475 -0.7071067811865475 0
    outer loop
      vertex 7.082262094271268 -8.029567276306299 0
      vertex 7.970432723693701 -8.917737905728732 0
      vertex 7.082262094271268 -8.029567276306299 2
    endloop
  endfacet
  facet normal 0 0 -1
    outer loop
      vertex 10 -10.392304845413264 0
      vertex 10 -7.541508229798757 0
      vertex 10.143321501081434 -7.657567692988043 0
    endloop
  endfacet
  facet normal 0 0 -1
    outer loop
      vertex 8.946576972490323 -9.70820393249937 0
      vertex 9.102602455086828 -6.731060372306666 0
      vertex 10 -7.541508229798757 0
    endloop
  endfacet
  facet normal 0 0 -1
    outer loop
      vertex 8.946576972490323 -9.70820393249937 0
      vertex 8.946576972490323 -6.575034889710159 0
      vertex 9.102602455086828 -6.731060372306666 0
    endloop
  endfacet
  facet normal -0.7071067811865475 -0.7071067811865475 0
    outer loop
      vertex 7.970432723693701 -8.917737905728732 0
      vertex 7.970432723693701 -8.917737905728732 2
      vertex 7.082262094271268 -8.029567276306299 2
    endloop
  endfacet
  facet normal 0 0 1
    outer loop
      vertex 8.946576972490323 -9.70820393249937 2
      vertex 8.192986004281757 -5.672127684622366 2
      vertex 7.970432723693701 -8.917737905728732 2
    endloop
  endfacet
  facet normal 0 0 1
    outer loop
      vertex 9.542889648637018 -7.171347565856855 2
      vertex 10 -10.392304845413264 2
      vertex 10.327872315377634 -7.807013995718243 2
    endloop
  endfacet
  facet normal 0 0 1
    outer loop
      vertex 8.946576972490323 -9.70820393249937 2
      vertex 9.542889648637018 -7.171347565856855 2
      vertex 8.828652434143144 -6.457110351362982 2
    endloop
  endfacet
  facet normal 0 0 -1
    outer loop
      vertex 7.082262094271268 -8.029567276306299 0
      vertex 7.970432723693701 -5.329425685262823 0
      vertex 7.970432723693701 -8.917737905728732 0
    endloop
  endfacet
  facet normal 0 0 -1
    outer loop
      vertex 7.970432723693701 -8.917737905728732 0
      vertex 8.144445231965696 -5.597381450016363 0
      vertex 8.946576972490323 -6.575034889710159 0
    endloop
  endfacet
  facet normal 0 0 -1
    outer loop
      vertex 7.970432723693701 -8.917737905728732 0
      vertex 7.970432723693701 -5.329425685262823 0
      vertex 8.144445231965696 -5.597381450016363 0
    endloop
  endfacet
  facet normal 0 0 1
    outer loop
      vertex 7.082262094271268 -8.029567276306299 2
      vertex 7.970432723693701 -8.917737905728732 2
      vertex 7.642854853480166 -4.825 2
    endloop
  endfacet
  facet normal 0 0 1
    outer loop
      vertex 8.946576972490323 -9.70820393249937 2
      vertex 8.828652434143144 -6.457110351362982 2
      vertex 8.192986004281757 -5.672127684622366 2
    endloop
  endfacet
  facet normal 0 0 1
    outer loop
      vertex 7.970432723693701 -8.917737905728732 2
      vertex 8.192986004281757 -5.672127684622366 2
      vertex 7.642854853480166 -4.825 2
    endloop
  endfacet
  facet normal 0 0 -1
    outer loop
      vertex 11.119160283090398 -10.96254549171121 0
      vertex 12.20996139006529 -5.412566092430177 0
      vertex 12.29179606750063 -8.898937182913317 0
    endloop
  endfacet
  facet normal 0 0 -1
    outer loop
      vertex 11.119160283090398 -10.96254549171121 0
      vertex 10.143321501081434 -7.657567692988043 0
      vertex 10.327872315377634 -4.136128379570689 0
    endloop
  endfacet
  facet normal 0 0 -1
    outer loop
      vertex 12.420937650818878 -8.94850999217672 0
      vertex 13.505059710186888 -6.444783882882644 0
      vertex 13.505059710186888 -9.308206388399945 0
    endloop
  endfacet
  facet normal 0 0 -1
    outer loop
      vertex 13.63062454748481 -9.341851385151669 0
      vertex 13.775238803106175 -6.58244700664634 0
      vertex 13.925643120313419 -6.659081833977264 0
    endloop
  endfacet
  facet normal 0 0 -1
    outer loop
      vertex 13.63062454748481 -9.341851385151669 0
      vertex 13.925643120313419 -6.659081833977264 0
      vertex 14.424013328687769 -6.850388233105282 0
    endloop
  endfacet
  facet normal 0 0 -1
    outer loop
      vertex 11.119160283090398 -10.96254549171121 0
      vertex 11.874013328687768 -4.997704786691613 0
      vertex 12.20996139006529 -5.412566092430177 0
    endloop
  endfacet
  facet normal 0 0 -1
    outer loop
      vertex 11.119160283090398 -10.96254549171121 0
      vertex 11.583270440699364 -4.55 0
      vertex 11.874013328687768 -4.997704786691613 0
    endloop
  endfacet
  facet normal 0 0 -1
    outer loop
      vertex 11.119160283090398 -10.96254549171121 0
      vertex 11.340918166022735 -4.074356879686581 0
      vertex 11.583270440699364 -4.55 0
    endloop
  endfacet
  facet normal 0 0 -1
    outer loop
      vertex 11.119160283090398 -10.96254549171121 0
      vertex 10.327872315377634 -4.136128379570689 0
      vertex 11.149611766894719 -3.575986671312232 0
    endloop
  endfacet
  facet normal 0 0 -1
    outer loop
      vertex 11.119160283090398 -10.96254549171121 0
      vertex 11.149611766894719 -3.575986671312232 0
      vertex 11.340918166022735 -4.074356879686581 0
    endloop
  endfacet
  facet normal 0 0 -1
    outer loop
      vertex 12.420937650818878 -8.94850999217672 0
      vertex 13.002295213308386 -6.125986671312232 0
      vertex 13.45 -6.416729559300636 0
    endloop
  endfacet
  facet normal 0 0 -1
    outer loop
      vertex 12.420937650818878 -8.94850999217672 0
      vertex 12.587433907569823 -5.79003860993471 0
      vertex 13.002295213308386 -6.125986671312232 0
    endloop
  endfacet
  facet normal 0 0 -1
    outer loop
      vertex 12.420937650818878 -8.94850999217672 0
      vertex 12.586514315661008 -5.789119018025895 0
      vertex 12.587433907569823 -5.79003860993471 0
    endloop
  endfacet
  facet normal 0 0 -1
    outer loop
      vertex 12.420937650818878 -8.94850999217672 0
      vertex 13.45 -6.416729559300636 0
      vertex 13.505059710186888 -6.444783882882644 0
    endloop
  endfacet
  facet normal 0 0 -1
    outer loop
      vertex 12.29179606750063 -8.898937182913317 0
      vertex 12.20996139006529 -5.412566092430177 0
      vertex 12.29179606750063 -5.494400769865519 0
    endloop
  endfacet
  facet normal -0.8910065241883679 -0.45399049973954675 0
    outer loop
      vertex 5.037454508288789 -4.880839716909603 0
      vertex 5.607695154586736 -6 0
      vertex 5.037454508288789 -4.880839716909603 2
    endloop
  endfacet
  facet normal -0.8910065241883679 -0.45399049973954675 -2.643172883082631e-18
    outer loop
      vertex 5.037454508288789 -4.880839716909603 2
      vertex 5.607695154586736 -6 0
      vertex 5.607695154586736 -6 2
    endloop
  endfacet
  facet normal 0 0 1
    outer loop
      vertex 6.291796067500631 -7.053423027509678 2
      vertex 7.082262094271268 -8.029567276306299 2
      vertex 6.560875652918774 -2.006347816391378 2
    endloop
  endfacet
  facet normal -0.9335804264972021 -0.3583679495452993 1.9818531905381952e-17
    outer loop
      vertex 5.037454508288789 -4.880839716909603 0
      vertex 4.587321804458158 -3.7082039324993685 2
      vertex 4.587321804458158 -3.7082039324993685 0
    endloop
  endfacet
  facet normal 0 0 -1
    outer loop
      vertex 6.291796067500631 -7.053423027509678 0
      vertex 5.607695154586736 -6 0
      vertex 7.970432723693701 0 0
    endloop
  endfacet
  facet normal 0 0 -1
    outer loop
      vertex 5.037454508288789 -4.880839716909603 0
      vertex 7.970432723693701 0 0
      vertex 5.607695154586736 -6 0
    endloop
  endfacet
  facet normal -0.9335804264972021 -0.3583679495452993 0
    outer loop
      vertex 5.037454508288789 -4.880839716909603 0
      vertex 5.037454508288789 -4.880839716909603 2
      vertex 4.587321804458158 -3.7082039324993685 2
    endloop
  endfacet
  facet normal -0.965925826289068 -0.258819045102522 0
    outer loop
      vertex 4.587321804458158 -3.7082039324993685 0
      vertex 4.587321804458158 -3.7082039324993685 2
      vertex 4.262228791194332 -2.494940289813112 2
    endloop
  endfacet
  facet normal 0 0 1
    outer loop
      vertex 5.037454508288789 -4.880839716909603 2
      vertex 5.607695154586736 -6 2
      vertex 4 0 2
    endloop
  endfacet
  facet normal 0 0 1
    outer loop
      vertex 6.291796067500631 -7.053423027509678 2
      vertex 4 0 2
      vertex 5.607695154586736 -6 2
    endloop
  endfacet
  facet normal 0 0 1
    outer loop
      vertex 7.082262094271268 -8.029567276306299 2
      vertex 6.822304617751769 -2.9820139957182423 2
      vertex 6.560875652918774 -2.006347816391378 2
    endloop
  endfacet
  facet normal 0 0 1
    outer loop
      vertex 6.291796067500631 -7.053423027509678 2
      vertex 6.560875652918774 -2.006347816391378 2
      vertex 6.402863709696163 -1.0086996705328561 2
    endloop
  endfacet
  facet normal -0.965925826289068 -0.258819045102522 -8.303641571708618e-18
    outer loop
      vertex 4.587321804458158 -3.7082039324993685 0
      vertex 4.262228791194332 -2.494940289813112 2
      vertex 4.262228791194332 -2.494940289813112 0
    endloop
  endfacet
  facet normal -0.987688340595138 -0.1564344650402293 -3.5091624282067855e-18
    outer loop
      vertex 4.262228791194332 -2.494940289813112 0
      vertex 4.065737255580721 -1.2543415592118417 2
      vertex 4.065737255580721 -1.2543415592118417 0
    endloop
  endfacet
  facet normal 0 0 -1
    outer loop
      vertex 5.037454508288789 -4.880839716909603 0
      vertex 4.587321804458158 -3.7082039324993685 0
      vertex 7.970432723693701 0 0
    endloop
  endfacet
  facet normal 0 0 -1
    outer loop
      vertex 4.587321804458158 -3.7082039324993685 0
      vertex 4.262228791194332 -2.494940289813112 0
      vertex 7.970432723693701 0 0
    endloop
  endfacet
  facet normal 0 0 1
    outer loop
      vertex 5.037454508288789 -4.880839716909603 2
      vertex 4 0 2
      vertex 4.587321804458158 -3.7082039324993685 2
    endloop
  endfacet
  facet normal -0.987688340595138 -0.1564344650402293 0
    outer loop
      vertex 4.262228791194332 -2.494940289813112 0
      vertex 4.262228791194332 -2.494940289813112 2
      vertex 4.065737255580721 -1.2543415592118417 2
    endloop
  endfacet
  facet normal 0 0 1
    outer loop
      vertex 4.587321804458158 -3.7082039324993685 2
      vertex 4 0 2
      vertex 4.262228791194332 -2.494940289813112 2
    endloop
  endfacet
  facet normal 0 0 1
    outer loop
      vertex 6.291796067500631 -7.053423027509678 2
      vertex 6.35 0 2
      vertex 4 0 2
    endloop
  endfacet
  facet normal 0 0 1
    outer loop
      vertex 6.291796067500631 -7.053423027509678 2
      vertex 6.402863709696163 -1.0086996705328561 2
      vertex 6.35 0 2
    endloop
  endfacet
  facet normal -0.9986295347545739 -0.05233595624294499 -2.3305474191229474e-18
    outer loop
      vertex 4.065737255580721 -1.2543415592118417 0
      vertex 4 0 2
      vertex 4 0 0
    endloop
  endfacet
  facet normal 0 0 -1
    outer loop
      vertex 4.262228791194332 -2.494940289813112 0
      vertex 4.065737255580721 -1.2543415592118417 0
      vertex 7.970432723693701 0 0
    endloop
  endfacet
  facet normal 0 0 -1
    outer loop
      vertex 4.065737255580721 -1.2543415592118417 0
      vertex 4 0 0
      vertex 7.970432723693701 0 0
    endloop
  endfacet
  facet normal -0.9986295347545739 -0.05233595624294499 0
    outer loop
      vertex 4.065737255580721 -1.2543415592118417 0
      vertex 4.065737255580721 -1.2543415592118417 2
      vertex 4 0 2
    endloop
  endfacet
  facet normal 0 0 1
    outer loop
      vertex 4.262228791194332 -2.494940289813112 2
      vertex 4 0 2
      vertex 4.065737255580721 -1.2543415592118417 2
    endloop
  endfacet
  facet normal 0 0 -1
    outer loop
      vertex 8.946576972490323 -6.575034889710159 0
      vertex 8.144445231965696 -5.597381450016363 0
      vertex 8.946576972490323 -4.206976116323251 0
    endloop
  endfacet
  facet normal 0 0 -1
    outer loop
      vertex 6.291796067500631 -7.053423027509678 0
      vertex 7.970432723693701 0 0
      vertex 7.082262094271268 -8.029567276306299 0
    endloop
  endfacet
  facet normal 0 0 -1
    outer loop
      vertex 8.144445231965696 -5.597381450016363 0
      vertex 8.192986004281757 -4.671168338525717 0
      vertex 8.946576972490323 -4.206976116323251 0
    endloop
  endfacet
  facet normal 0 0 -1
    outer loop
      vertex 9.102602455086828 -6.731060372306666 0
      vertex 10 0 0
      vertex 10 -7.541508229798757 0
    endloop
  endfacet
  facet normal 0 0 1
    outer loop
      vertex 7.082262094271268 -8.029567276306299 2
      vertex 7.642854853480166 -4.825 2
      vertex 7.184286333748901 -3.925008605681472 2
    endloop
  endfacet
  facet normal 0 0 1
    outer loop
      vertex 7.082262094271268 -8.029567276306299 2
      vertex 7.184286333748901 -3.925008605681472 2
      vertex 6.822304617751769 -2.9820139957182423 2
    endloop
  endfacet
  facet normal 0 0 -1
    outer loop
      vertex 7.082262094271268 -8.029567276306299 0
      vertex 7.970432723693701 0 0
      vertex 7.970432723693701 -5.329425685262823 0
    endloop
  endfacet
  facet normal 0 0 -1
    outer loop
      vertex 10.327872315377634 -4.136128379570689 0
      vertex 11.011447236257592 -3.0603496231705725 0
      vertex 11.149611766894719 -3.575986671312232 0
    endloop
  endfacet
  facet normal 0 0 -1
    outer loop
      vertex 10.327872315377634 -4.136128379570689 0
      vertex 10.927938333621807 -2.533095162665033 0
      vertex 11.011447236257592 -3.0603496231705725 0
    endloop
  endfacet
  facet normal 0 0 -1
    outer loop
      vertex 8.192986004281757 -4.671168338525717 0
      vertex 8.022470917959616 0 0
      vertex 9.373432896505676 0 0
    endloop
  endfacet
  facet normal 0 0 -1
    outer loop
      vertex 8.192986004281757 -4.671168338525717 0
      vertex 9.373432896505676 0 0
      vertex 8.946576972490323 -4.206976116323251 0
    endloop
  endfacet
  facet normal 0 0 -1
    outer loop
      vertex 9.102602455086828 -6.731060372306666 0
      vertex 9.455362381419501 0 0
      vertex 10 0 0
    endloop
  endfacet
  facet normal 0 0 -1
    outer loop
      vertex 10.327872315377634 -4.136128379570689 0
      vertex 10.089410891465036 0 0
      vertex 10.544637618580499 0 0
    endloop
  endfacet
  facet normal 0 0 -1
    outer loop
      vertex 10.327872315377634 -4.136128379570689 0
      vertex 10.9 -2 0
      vertex 10.927938333621807 -2.533095162665033 0
    endloop
  endfacet
  facet normal 0 0 -1
    outer loop
      vertex 10.327872315377634 -4.136128379570689 0
      vertex 10.614267945625606 0 0
      vertex 10.9 -2 0
    endloop
  endfacet
  facet normal 0 0 -1
    outer loop
      vertex 10.9 -2 0
      vertex 10.614267945625606 0 0
      vertex 10.927938333621807 -1.4669048373349673 0
    endloop
  endfacet
  facet normal 0 0 -1
    outer loop
      vertex 10.927938333621807 -1.4669048373349673 0
      vertex 10.614267945625606 0 0
      vertex 11.011447236257592 -0.9396503768294275 0
    endloop
  endfacet
  facet normal 0 0 -1
    outer loop
      vertex 11.011447236257592 -0.9396503768294275 0
      vertex 10.614267945625606 0 0
      vertex 11.149611766894719 -0.4240133286877683 0
    endloop
  endfacet
  facet normal 0 0 -1
    outer loop
      vertex 11.149611766894719 -0.4240133286877683 0
      vertex 10.614267945625606 0 0
      vertex 11.312375234153603 0 0
    endloop
  endfacet
  facet normal -0.15643446504022926 -0.987688340595138 1.2204038074754678e-18
    outer loop
      vertex 13.505059710186888 -11.737771208805668 0
      vertex 14.745658440788159 -11.934262744419279 0
      vertex 14.745658440788159 -11.934262744419279 2
    endloop
  endfacet
  facet normal -0.05233595624294499 -0.9986295347545737 -2.0444092376888274e-18
    outer loop
      vertex 14.745658440788159 -11.934262744419279 0
      vertex 16 -12 0
      vertex 16 -12 2
    endloop
  endfacet
  facet normal 0 0 -1
    outer loop
      vertex 13.505059710186888 -11.737771208805668 0
      vertex 14.745658440788159 -9.558230437245154 0
      vertex 14.745658440788159 -11.934262744419279 0
    endloop
  endfacet
  facet normal 0 0 -1
    outer loop
      vertex 14.745658440788159 -11.934262744419279 0
      vertex 14.869155917225328 -9.577790515932147 0
      vertex 16 -12 0
    endloop
  endfacet
  facet normal 0.05233595624294499 -0.9986295347545737 2.0444092376888274e-18
    outer loop
      vertex 16 -12 0
      vertex 17.25434155921184 -11.934262744419279 0
      vertex 17.25434155921184 -11.934262744419279 2
    endloop
  endfacet
  facet normal 0 0 -1
    outer loop
      vertex 16 -12 0
      vertex 17.25434155921184 -9.558230437245154 0
      vertex 17.25434155921184 -11.934262744419279 0
    endloop
  endfacet
  facet normal -0.05233595624294499 -0.9986295347545737 0
    outer loop
      vertex 14.745658440788159 -11.934262744419279 0
      vertex 16 -12 2
      vertex 14.745658440788159 -11.934262744419279 2
    endloop
  endfacet
  facet normal 0 0 1
    outer loop
      vertex 13.505059710186888 -11.737771208805668 2
      vertex 14.745658440788159 -11.934262744419279 2
      vertex 13.993652183608623 -9.439124347081226 2
    endloop
  endfacet
  facet normal 0 0 1
    outer loop
      vertex 14.745658440788159 -11.934262744419279 2
      vertex 16 -12 2
      vertex 14.991300329467144 -9.597136290303837 2
    endloop
  endfacet
  facet normal 0.05233595624294499 -0.9986295347545737 0
    outer loop
      vertex 16 -12 0
      vertex 17.25434155921184 -11.934262744419279 2
      vertex 16 -12 2
    endloop
  endfacet
  facet normal 0 0 1
    outer loop
      vertex 16 -12 2
      vertex 17.25434155921184 -11.934262744419279 2
      vertex 16 -9.65 2
    endloop
  endfacet
  facet normal 0 0 -1
    outer loop
      vertex 14.745658440788159 -11.934262744419279 0
      vertex 14.745658440788159 -9.558230437245154 0
      vertex 14.869155917225328 -9.577790515932147 0
    endloop
  endfacet
  facet normal 0 0 -1
    outer loop
      vertex 14.869155917225328 -9.577790515932147 0
      vertex 14.991300329467144 -7.247136290303839 0
      vertex 16 -12 0
    endloop
  endfacet
  facet normal 0 0 -1
    outer loop
      vertex 17.25434155921184 -11.934262744419279 0
      vertex 17.25434155921184 -9.558230437245154 0
      vertex 17.379906396509764 -9.538342920765281 0
    endloop
  endfacet
  facet normal 0 0 -1
    outer loop
      vertex 16 -12 0
      vertex 17.060349623170573 -6.988552763742408 0
      vertex 17.25434155921184 -9.558230437245154 0
    endloop
  endfacet
  facet normal 0 0 1
    outer loop
      vertex 13.993652183608623 -9.439124347081226 2
      vertex 14.745658440788159 -11.934262744419279 2
      vertex 14.991300329467144 -9.597136290303837 2
    endloop
  endfacet
  facet normal 0 0 1
    outer loop
      vertex 14.991300329467144 -9.597136290303837 2
      vertex 16 -12 2
      vertex 16 -9.65 2
    endloop
  endfacet
  facet normal 0 0 1
    outer loop
      vertex 17.25434155921184 -11.934262744419279 2
      vertex 17.008699670532856 -9.597136290303837 2
      vertex 16 -9.65 2
    endloop
  endfacet
  facet normal 0.15643446504022926 -0.987688340595138 -1.2204038074754678e-18
    outer loop
      vertex 17.25434155921184 -11.934262744419279 0
      vertex 18.494940289813112 -11.737771208805668 0
      vertex 18.494940289813112 -11.737771208805668 2
    endloop
  endfacet
  facet normal 0 0 -1
    outer loop
      vertex 17.25434155921184 -11.934262744419279 0
      vertex 17.379906396509764 -9.538342920765281 0
      vertex 18.494940289813112 -11.737771208805668 0
    endloop
  endfacet
  facet normal 0 0 -1
    outer loop
      vertex 18.494940289813112 -11.737771208805668 0
      vertex 18.62408187313136 -9.273603005440544 0
      vertex 19.70820393249937 -11.412678195541842 0
    endloop
  endfacet
  facet normal 0.25881904510252185 -0.9659258262890681 -9.341297568207137e-18
    outer loop
      vertex 18.494940289813112 -11.737771208805668 0
      vertex 19.70820393249937 -11.412678195541842 0
      vertex 19.70820393249937 -11.412678195541842 2
    endloop
  endfacet
  facet normal 0.35836794954529977 -0.9335804264972019 1.5443280659346365e-17
    outer loop
      vertex 19.70820393249937 -11.412678195541842 0
      vertex 20.880839716909602 -10.96254549171121 0
      vertex 20.880839716909602 -10.96254549171121 2
    endloop
  endfacet
  facet normal 0.15643446504022926 -0.987688340595138 0
    outer loop
      vertex 17.25434155921184 -11.934262744419279 0
      vertex 18.494940289813112 -11.737771208805668 2
      vertex 17.25434155921184 -11.934262744419279 2
    endloop
  endfacet
  facet normal 0.25881904510252185 -0.9659258262890681 0
    outer loop
      vertex 18.494940289813112 -11.737771208805668 0
      vertex 19.70820393249937 -11.412678195541842 2
      vertex 18.494940289813112 -11.737771208805668 2
    endloop
  endfacet
  facet normal 0 0 1
    outer loop
      vertex 17.25434155921184 -11.934262744419279 2
      vertex 18.494940289813112 -11.737771208805668 2
      vertex 17.008699670532856 -9.597136290303837 2
    endloop
  endfacet
  facet normal 0 0 1
    outer loop
      vertex 18.494940289813112 -11.737771208805668 2
      vertex 19.70820393249937 -11.412678195541842 2
      vertex 18.00634781639138 -9.439124347081226 2
    endloop
  endfacet
  facet normal 0.35836794954529977 -0.9335804264972019 0
    outer loop
      vertex 19.70820393249937 -11.412678195541842 0
      vertex 20.880839716909602 -10.96254549171121 2
      vertex 19.70820393249937 -11.412678195541842 2
    endloop
  endfacet
  facet normal 0 0 1
    outer loop
      vertex 18.98201399571824 -9.177695382248231 2
      vertex 19.70820393249937 -11.412678195541842 2
      vertex 20.880839716909602 -10.96254549171121 2
    endloop
  endfacet
  facet normal 0 0 -1
    outer loop
      vertex 17.379906396509764 -9.538342920765281 0
      vertex 18.494940289813112 -9.308206388399945 0
      vertex 18.494940289813112 -11.737771208805668 0
    endloop
  endfacet
  facet normal 0 0 -1
    outer loop
      vertex 18.494940289813112 -11.737771208805668 0
      vertex 18.494940289813112 -9.308206388399945 0
      vertex 18.62408187313136 -9.273603005440544 0
    endloop
  endfacet
  facet normal 0 0 -1
    outer loop
      vertex 18.62408187313136 -9.273603005440544 0
      vertex 19.70820393249937 -8.898937182913317 0
      vertex 19.70820393249937 -11.412678195541842 0
    endloop
  endfacet
  facet normal 0 0 -1
    outer loop
      vertex 19.70820393249937 -11.412678195541842 0
      vertex 19.842648193933748 -8.84732886623176 0
      vertex 20.880839716909602 -10.96254549171121 0
    endloop
  endfacet
  facet normal 0 0 -1
    outer loop
      vertex 19.70820393249937 -11.412678195541842 0
      vertex 19.70820393249937 -8.898937182913317 0
      vertex 19.842648193933748 -8.84732886623176 0
    endloop
  endfacet
  facet normal 0 0 -1
    outer loop
      vertex 20.880839716909602 -10.96254549171121 0
      vertex 19.842648193933748 -8.84732886623176 0
      vertex 20.880839716909602 -8.320882410356738 0
    endloop
  endfacet
  facet normal 0 0 -1
    outer loop
      vertex 20.880839716909602 -10.96254549171121 0
      vertex 20.880839716909602 -8.320882410356738 0
      vertex 21.024161217991036 -8.227808339285989 0
    endloop
  endfacet
  facet normal 0 0 1
    outer loop
      vertex 17.008699670532856 -9.597136290303837 2
      vertex 18.494940289813112 -11.737771208805668 2
      vertex 18.00634781639138 -9.439124347081226 2
    endloop
  endfacet
  facet normal 0 0 1
    outer loop
      vertex 18.00634781639138 -9.439124347081226 2
      vertex 19.70820393249937 -11.412678195541842 2
      vertex 18.98201399571824 -9.177695382248231 2
    endloop
  endfacet
  facet normal 0 0 1
    outer loop
      vertex 18.98201399571824 -9.177695382248231 2
      vertex 20.880839716909602 -10.96254549171121 2
      vertex 19.925008605681473 -8.8157136662511 2
    endloop
  endfacet
  facet normal 0 0 1
    outer loop
      vertex 20.880839716909602 -10.96254549171121 2
      vertex 20.825 -8.357145146519834 2
      vertex 19.925008605681473 -8.8157136662511 2
    endloop
  endfacet
  facet normal 0 0 -1
    outer loop
      vertex 13.63062454748481 -9.341851385151669 0
      vertex 14.745658440788159 -6.936572781142 0
      vertex 14.745658440788159 -9.558230437245154 0
    endloop
  endfacet
  facet normal 0 0 -1
    outer loop
      vertex 14.991300329467144 -7.247136290303839 0
      vertex 15.466904837334967 -7.072061666378193 0
      vertex 16 -12 0
    endloop
  endfacet
  facet normal 0 0 -1
    outer loop
      vertex 13.63062454748481 -9.341851385151669 0
      vertex 14.424013328687769 -6.850388233105282 0
      vertex 14.745658440788159 -6.936572781142 0
    endloop
  endfacet
  facet normal 0 0 -1
    outer loop
      vertex 15.466904837334967 -7.072061666378193 0
      vertex 16 -7.1 0
      vertex 16 -12 0
    endloop
  endfacet
  facet normal 0 0 -1
    outer loop
      vertex 16 -12 0
      vertex 16 -7.1 0
      vertex 16.53309516266503 -7.072061666378193 0
    endloop
  endfacet
  facet normal 0 0 -1
    outer loop
      vertex 16 -12 0
      vertex 16.53309516266503 -7.072061666378193 0
      vertex 17.060349623170573 -6.988552763742408 0
    endloop
  endfacet
  facet normal 0 0 -1
    outer loop
      vertex 17.25434155921184 -9.558230437245154 0
      vertex 17.060349623170573 -6.988552763742408 0
      vertex 17.25434155921184 -6.936572781142 0
    endloop
  endfacet
  facet normal 0 0 -1
    outer loop
      vertex 17.379906396509764 -9.538342920765281 0
      vertex 17.51998978945069 -6.865392552378744 0
      vertex 17.575986671312233 -6.850388233105282 0
    endloop
  endfacet
  facet normal 0 0 -1
    outer loop
      vertex 14.991300329467144 -7.247136290303839 0
      vertex 14.986224554520442 -6.995929388809575 0
      vertex 15.466904837334967 -7.072061666378193 0
    endloop
  endfacet
  facet normal 0 0 -1
    outer loop
      vertex 17.379906396509764 -9.538342920765281 0
      vertex 18.07435687968658 -6.659081833977264 0
      vertex 18.494940289813112 -9.308206388399945 0
    endloop
  endfacet
  facet normal 0 0 -1
    outer loop
      vertex 17.379906396509764 -9.538342920765281 0
      vertex 17.575986671312233 -6.850388233105282 0
      vertex 18.07435687968658 -6.659081833977264 0
    endloop
  endfacet
  facet normal 0 0 -1
    outer loop
      vertex 18.62408187313136 -9.273603005440544 0
      vertex 18.78168959198242 -6.2662685790024195 0
      vertex 19.70820393249937 -8.898937182913317 0
    endloop
  endfacet
  facet normal 0 0 -1
    outer loop
      vertex 19.842648193933748 -8.84732886623176 0
      vertex 19.925008605681473 -7.2757985920158825 0
      vertex 20.880839716909602 -8.320882410356738 0
    endloop
  endfacet
  facet normal 0 0 -1
    outer loop
      vertex 19.925008605681473 -7.2757985920158825 0
      vertex 20.880839716909602 -7.291659875563659 0
      vertex 20.880839716909602 -8.320882410356738 0
    endloop
  endfacet
  facet normal 0 0 -1
    outer loop
      vertex 18.494940289813112 -9.308206388399945 0
      vertex 18.07435687968658 -6.659081833977264 0
      vertex 18.494940289813112 -6.444783882882644 0
    endloop
  endfacet
  facet normal 0 0 -1
    outer loop
      vertex 18.78168959198242 -6.2662685790024195 0
      vertex 18.997704786691614 -6.125986671312232 0
      vertex 19.70820393249937 -8.898937182913317 0
    endloop
  endfacet
  facet normal 0 0 -1
    outer loop
      vertex 18.997704786691614 -6.125986671312232 0
      vertex 19.412566092430176 -5.79003860993471 0
      vertex 19.70820393249937 -8.898937182913317 0
    endloop
  endfacet
  facet normal 0 0 -1
    outer loop
      vertex 19.70820393249937 -8.898937182913317 0
      vertex 19.412566092430176 -5.79003860993471 0
      vertex 19.70820393249937 -5.494400769865519 0
    endloop
  endfacet
  facet normal 0 0 -1
    outer loop
      vertex 19.925008605681473 -7.2757985920158825 0
      vertex 20.125986671312234 -4.997704786691613 0
      vertex 20.880839716909602 -7.291659875563659 0
    endloop
  endfacet
  facet normal 0.4539904997395464 -0.891006524188368 -1.6717352097551155e-17
    outer loop
      vertex 20.880839716909602 -10.96254549171121 0
      vertex 22 -10.392304845413264 0
      vertex 22 -10.392304845413264 2
    endloop
  endfacet
  facet normal 0.4539904997395464 -0.891006524188368 0
    outer loop
      vertex 20.880839716909602 -10.96254549171121 0
      vertex 22 -10.392304845413264 2
      vertex 20.880839716909602 -10.96254549171121 2
    endloop
  endfacet
  facet normal 0 0 -1
    outer loop
      vertex 20.880839716909602 -10.96254549171121 0
      vertex 21.024161217991036 -8.227808339285989 0
      vertex 22 -10.392304845413264 0
    endloop
  endfacet
  facet normal 0.5446390350150274 -0.8386705679454239 6.0849842993251e-18
    outer loop
      vertex 22 -10.392304845413264 0
      vertex 23.053423027509677 -9.70820393249937 0
      vertex 23.053423027509677 -9.70820393249937 2
    endloop
  endfacet
  facet normal 0 0 -1
    outer loop
      vertex 22 -10.392304845413264 0
      vertex 22.156025482596505 -7.41516128522056 0
      vertex 23.053423027509677 -9.70820393249937 0
    endloop
  endfacet
  facet normal 0.6293203910498367 -0.7771459614569715 -1.4197893305478145e-17
    outer loop
      vertex 23.053423027509677 -9.70820393249937 0
      vertex 24.0295672763063 -8.917737905728732 0
      vertex 24.0295672763063 -8.917737905728732 2
    endloop
  endfacet
  facet normal 0.5446390350150274 -0.8386705679454239 0
    outer loop
      vertex 22 -10.392304845413264 0
      vertex 23.053423027509677 -9.70820393249937 2
      vertex 22 -10.392304845413264 2
    endloop
  endfacet
  facet normal 0 0 1
    outer loop
      vertex 20.880839716909602 -10.96254549171121 2
      vertex 22 -10.392304845413264 2
      vertex 20.825 -8.357145146519834 2
    endloop
  endfacet
  facet normal 0 0 1
    outer loop
      vertex 21.672127684622367 -7.807013995718243 2
      vertex 22 -10.392304845413264 2
      vertex 23.053423027509677 -9.70820393249937 2
    endloop
  endfacet
  facet normal 0.6293203910498367 -0.7771459614569715 0
    outer loop
      vertex 23.053423027509677 -9.70820393249937 0
      vertex 24.0295672763063 -8.917737905728732 2
      vertex 23.053423027509677 -9.70820393249937 2
    endloop
  endfacet
  facet normal 0 0 -1
    outer loop
      vertex 21.024161217991036 -8.227808339285989 0
      vertex 22 -7.541508229798757 0
      vertex 22 -10.392304845413264 0
    endloop
  endfacet
  facet normal 0 0 -1
    outer loop
      vertex 22 -10.392304845413264 0
      vertex 22 -7.541508229798757 0
      vertex 22.156025482596505 -7.41516128522056 0
    endloop
  endfacet
  facet normal 0.7071067811865475 -0.7071067811865475 0
    outer loop
      vertex 24.0295672763063 -8.917737905728732 0
      vertex 24.917737905728732 -8.029567276306299 0
      vertex 24.0295672763063 -8.917737905728732 2
    endloop
  endfacet
  facet normal 0 0 1
    outer loop
      vertex 20.825 -8.357145146519834 2
      vertex 22 -10.392304845413264 2
      vertex 21.672127684622367 -7.807013995718243 2
    endloop
  endfacet
  facet normal 0 0 1
    outer loop
      vertex 21.672127684622367 -7.807013995718243 2
      vertex 23.053423027509677 -9.70820393249937 2
      vertex 22.45711035136298 -7.171347565856855 2
    endloop
  endfacet
  facet normal 0 0 1
    outer loop
      vertex 23.053423027509677 -9.70820393249937 2
      vertex 24.0295672763063 -8.917737905728732 2
      vertex 22.45711035136298 -7.171347565856855 2
    endloop
  endfacet
  facet normal 0 0 1
    outer loop
      vertex 22.45711035136298 -7.171347565856855 2
      vertex 24.0295672763063 -8.917737905728732 2
      vertex 23.171347565856856 -6.457110351362982 2
    endloop
  endfacet
  facet normal 0 0 1
    outer loop
      vertex 24.0295672763063 -8.917737905728732 2
      vertex 24.917737905728732 -8.029567276306299 2
      vertex 23.807013995718243 -5.672127684622366 2
    endloop
  endfacet
  facet normal 0 0 -1
    outer loop
      vertex 23.053423027509677 -9.70820393249937 0
      vertex 22.156025482596505 -7.41516128522056 0
      vertex 22.45711035136298 -1.6701197496807278 0
    endloop
  endfacet
  facet normal 0 0 -1
    outer loop
      vertex 23.053423027509677 -9.70820393249937 0
      vertex 22.45711035136298 -1.6701197496807278 0
      vertex 24.0295672763063 -8.917737905728732 0
    endloop
  endfacet
  facet normal 0 0 -1
    outer loop
      vertex 24.0295672763063 -8.917737905728732 0
      vertex 24.2341312484597 -5.014424791685059 0
      vertex 24.917737905728732 -8.029567276306299 0
    endloop
  endfacet
  facet normal 0 0 -1
    outer loop
      vertex 24.0295672763063 -8.917737905728732 0
      vertex 24.0295672763063 -5.329425685262823 0
      vertex 24.2341312484597 -5.014424791685059 0
    endloop
  endfacet
  facet normal 0 0 1
    outer loop
      vertex 23.171347565856856 -6.457110351362982 2
      vertex 24.0295672763063 -8.917737905728732 2
      vertex 23.807013995718243 -5.672127684622366 2
    endloop
  endfacet
  facet normal 0 0 1
    outer loop
      vertex 24.917737905728732 -8.029567276306299 2
      vertex 24.357145146519834 -4.825 2
      vertex 23.807013995718243 -5.672127684622366 2
    endloop
  endfacet
  facet normal 0.7771459614569712 -0.6293203910498371 0
    outer loop
      vertex 24.917737905728732 -8.029567276306299 0
      vertex 25.70820393249937 -7.053423027509678 0
      vertex 24.917737905728732 -8.029567276306299 2
    endloop
  endfacet
  facet normal 0.7071067811865475 -0.7071067811865475 0
    outer loop
      vertex 24.917737905728732 -8.029567276306299 0
      vertex 24.917737905728732 -8.029567276306299 2
      vertex 24.0295672763063 -8.917737905728732 2
    endloop
  endfacet
  facet normal 0.838670567945424 -0.544639035015027 0
    outer loop
      vertex 25.70820393249937 -7.053423027509678 0
      vertex 26.392304845413264 -6 0
      vertex 25.70820393249937 -7.053423027509678 2
    endloop
  endfacet
  facet normal 0.7771459614569712 -0.6293203910498371 1.5689641695833124e-17
    outer loop
      vertex 24.917737905728732 -8.029567276306299 2
      vertex 25.70820393249937 -7.053423027509678 0
      vertex 25.70820393249937 -7.053423027509678 2
    endloop
  endfacet
  facet normal 0.838670567945424 -0.544639035015027 -1.7214065734635896e-17
    outer loop
      vertex 25.70820393249937 -7.053423027509678 2
      vertex 26.392304845413264 -6 0
      vertex 26.392304845413264 -6 2
    endloop
  endfacet
  facet normal 0 0 1
    outer loop
      vertex 24.917737905728732 -8.029567276306299 2
      vertex 25.70820393249937 -7.053423027509678 2
      vertex 24.8157136662511 -3.925008605681472 2
    endloop
  endfacet
  facet normal 0 0 -1
    outer loop
      vertex 19.925008605681473 -7.2757985920158825 0
      vertex 19.889001395910142 -5.29035722942633 0
      vertex 20.125986671312234 -4.997704786691613 0
    endloop
  endfacet
  facet normal 0 0 -1
    outer loop
      vertex 20.880839716909602 -7.291659875563659 0
      vertex 20.125986671312234 -4.997704786691613 0
      vertex 20.416729559300634 -4.55 0
    endloop
  endfacet
  facet normal 0 0 -1
    outer loop
      vertex 20.880839716909602 -7.291659875563659 0
      vertex 20.416729559300634 -4.55 0
      vertex 20.659081833977265 -4.074356879686581 0
    endloop
  endfacet
  facet normal 0 0 -1
    outer loop
      vertex 20.880839716909602 -7.291659875563659 0
      vertex 20.659081833977265 -4.074356879686581 0
      vertex 20.85038823310528 -3.575986671312232 0
    endloop
  endfacet
  facet normal 0 0 -1
    outer loop
      vertex 20.880839716909602 -7.291659875563659 0
      vertex 20.85038823310528 -3.575986671312232 0
      vertex 20.98855276374241 -3.0603496231705725 0
    endloop
  endfacet
  facet normal 0 0 -1
    outer loop
      vertex 20.880839716909602 -7.291659875563659 0
      vertex 20.98855276374241 -3.0603496231705725 0
      vertex 21.072061666378193 -2.533095162665033 0
    endloop
  endfacet
  facet normal 0 0 -1
    outer loop
      vertex 20.85038823310528 -0.4240133286877683 0
      vertex 20.687624765846397 0 0
      vertex 21.385732054374394 0 0
    endloop
  endfacet
  facet normal 0 0 -1
    outer loop
      vertex 21.024161217991036 -8.227808339285989 0
      vertex 22 -1.5508375298756745 0
      vertex 22 -7.541508229798757 0
    endloop
  endfacet
  facet normal 0 0 -1
    outer loop
      vertex 24.0295672763063 -8.917737905728732 0
      vertex 22.626567103494324 0 0
      vertex 24.0295672763063 -5.329425685262823 0
    endloop
  endfacet
  facet normal 0 0 -1
    outer loop
      vertex 20.880839716909602 -7.291659875563659 0
      vertex 21.072061666378193 -2.533095162665033 0
      vertex 21.1 -2 0
    endloop
  endfacet
  facet normal 0 0 -1
    outer loop
      vertex 20.880839716909602 -7.291659875563659 0
      vertex 21.1 -2 0
      vertex 21.385732054374394 0 0
    endloop
  endfacet
  facet normal 0 0 -1
    outer loop
      vertex 21.024161217991036 -8.227808339285989 0
      vertex 21.4553623814195 0 0
      vertex 22 -1.5508375298756745 0
    endloop
  endfacet
  facet normal 0 0 -1
    outer loop
      vertex 24.0295672763063 -8.917737905728732 0
      vertex 22.45711035136298 -1.6701197496807278 0
      vertex 22.626567103494324 0 0
    endloop
  endfacet
  facet normal 0 0 -1
    outer loop
      vertex 24.917737905728732 -8.029567276306299 0
      vertex 24.357145146519834 -2.6671797883093875 0
      vertex 25.70820393249937 -7.053423027509678 0
    endloop
  endfacet
  facet normal 0 0 -1
    outer loop
      vertex 24.917737905728732 -8.029567276306299 0
      vertex 24.2341312484597 -5.014424791685059 0
      vertex 24.357145146519834 -2.6671797883093875 0
    endloop
  endfacet
  facet normal 0.8910065241883679 -0.45399049973954675 0
    outer loop
      vertex 26.392304845413264 -6 0
      vertex 26.96254549171121 -4.880839716909603 0
      vertex 26.392304845413264 -6 2
    endloop
  endfacet
  facet normal 0 0 1
    outer loop
      vertex 24.917737905728732 -8.029567276306299 2
      vertex 24.8157136662511 -3.925008605681472 2
      vertex 24.357145146519834 -4.825 2
    endloop
  endfacet
  facet normal 0 0 1
    outer loop
      vertex 25.70820393249937 -7.053423027509678 2
      vertex 25.17769538224823 -2.9820139957182423 2
      vertex 24.8157136662511 -3.925008605681472 2
    endloop
  endfacet
  facet normal 0.8910065241883679 -0.45399049973954675 2.643172883082631e-18
    outer loop
      vertex 26.392304845413264 -6 2
      vertex 26.96254549171121 -4.880839716909603 0
      vertex 26.96254549171121 -4.880839716909603 2
    endloop
  endfacet
  facet normal 0 0 -1
    outer loop
      vertex 25.70820393249937 -7.053423027509678 0
      vertex 24.357145146519834 -2.6671797883093875 0
      vertex 28 0 0
    endloop
  endfacet
  facet normal 0 0 -1
    outer loop
      vertex 25.70820393249937 -7.053423027509678 0
      vertex 28 0 0
      vertex 26.392304845413264 -6 0
    endloop
  endfacet
  facet normal 0.9335804264972016 -0.35836794954530055 0
    outer loop
      vertex 26.96254549171121 -4.880839716909603 0
      vertex 27.412678195541844 -3.7082039324993685 0
      vertex 26.96254549171121 -4.880839716909603 2
    endloop
  endfacet
  facet normal 0 0 -1
    outer loop
      vertex 26.392304845413264 -6 0
      vertex 28 0 0
      vertex 26.96254549171121 -4.880839716909603 0
    endloop
  endfacet
  facet normal 0.9659258262890683 -0.2588190451025207 0
    outer loop
      vertex 27.412678195541844 -3.7082039324993685 0
      vertex 27.73777120880567 -2.494940289813112 0
      vertex 27.412678195541844 -3.7082039324993685 2
    endloop
  endfacet
  facet normal 0 0 1
    outer loop
      vertex 25.70820393249937 -7.053423027509678 2
      vertex 26.392304845413264 -6 2
      vertex 25.65 0 2
    endloop
  endfacet
  facet normal 0 0 1
    outer loop
      vertex 25.70820393249937 -7.053423027509678 2
      vertex 25.439124347081226 -2.006347816391378 2
      vertex 25.17769538224823 -2.9820139957182423 2
    endloop
  endfacet
  facet normal 0 0 1
    outer loop
      vertex 25.70820393249937 -7.053423027509678 2
      vertex 25.597136290303837 -1.0086996705328561 2
      vertex 25.439124347081226 -2.006347816391378 2
    endloop
  endfacet
  facet normal 0.9335804264972016 -0.35836794954530055 1.3865349722017332e-17
    outer loop
      vertex 26.96254549171121 -4.880839716909603 2
      vertex 27.412678195541844 -3.7082039324993685 0
      vertex 27.412678195541844 -3.7082039324993685 2
    endloop
  endfacet
  facet normal 0 0 1
    outer loop
      vertex 26.392304845413264 -6 2
      vertex 26.96254549171121 -4.880839716909603 2
      vertex 25.65 0 2
    endloop
  endfacet
  facet normal 0 0 -1
    outer loop
      vertex 24.0295672763063 -5.329425685262823 0
      vertex 22.626567103494324 0 0
      vertex 24.0295672763063 -1.4255581174193495 0
    endloop
  endfacet
  facet normal 0 0 -1
    outer loop
      vertex 21.1 -2 0
      vertex 21.072061666378193 -1.4669048373349673 0
      vertex 21.385732054374394 0 0
    endloop
  endfacet
  facet normal 0 0 -1
    outer loop
      vertex 21.072061666378193 -1.4669048373349673 0
      vertex 20.98855276374241 -0.9396503768294275 0
      vertex 21.385732054374394 0 0
    endloop
  endfacet
  facet normal 0 0 -1
    outer loop
      vertex 22 -1.5508375298756745 0
      vertex 22.5446376185805 0 0
      vertex 22.45711035136298 -1.6701197496807278 0
    endloop
  endfacet
  facet normal 0 0 -1
    outer loop
      vertex 20.98855276374241 -0.9396503768294275 0
      vertex 20.85038823310528 -0.4240133286877683 0
      vertex 21.385732054374394 0 0
    endloop
  endfacet
  facet normal 0 0 -1
    outer loop
      vertex 22 -1.5508375298756745 0
      vertex 21.4553623814195 0 0
      vertex 22.5446376185805 0 0
    endloop
  endfacet
  facet normal 0 0 -1
    outer loop
      vertex 26.96254549171121 -4.880839716909603 0
      vertex 28 0 0
      vertex 27.412678195541844 -3.7082039324993685 0
    endloop
  endfacet
  facet normal 0 0 -1
    outer loop
      vertex 27.412678195541844 -3.7082039324993685 0
      vertex 28 0 0
      vertex 27.73777120880567 -2.494940289813112 0
    endloop
  endfacet
  facet normal 0.987688340595138 -0.1564344650402293 0
    outer loop
      vertex 27.73777120880567 -2.494940289813112 0
      vertex 27.93426274441928 -1.2543415592118417 0
      vertex 27.73777120880567 -2.494940289813112 2
    endloop
  endfacet
  facet normal 0 0 1
    outer loop
      vertex 25.70820393249937 -7.053423027509678 2
      vertex 25.65 0 2
      vertex 25.597136290303837 -1.0086996705328561 2
    endloop
  endfacet
  facet normal 0.9659258262890683 -0.2588190451025207 -9.9141646695178e-18
    outer loop
      vertex 27.412678195541844 -3.7082039324993685 2
      vertex 27.73777120880567 -2.494940289813112 0
      vertex 27.73777120880567 -2.494940289813112 2
    endloop
  endfacet
  facet normal 0 0 1
    outer loop
      vertex 26.96254549171121 -4.880839716909603 2
      vertex 27.412678195541844 -3.7082039324993685 2
      vertex 25.65 0 2
    endloop
  endfacet
  facet normal 0.987688340595138 -0.1564344650402293 3.5091624282067855e-18
    outer loop
      vertex 27.73777120880567 -2.494940289813112 2
      vertex 27.93426274441928 -1.2543415592118417 0
      vertex 27.93426274441928 -1.2543415592118417 2
    endloop
  endfacet
  facet normal 0 0 1
    outer loop
      vertex 27.412678195541844 -3.7082039324993685 2
      vertex 27.73777120880567 -2.494940289813112 2
      vertex 25.65 0 2
    endloop
  endfacet
  facet normal 0 0 -1
    outer loop
      vertex 24.357145146519834 -2.6671797883093875 0
      vertex 24.0295672763063 -1.4255581174193495 0
      vertex 28 0 0
    endloop
  endfacet
  facet normal 0 0 -1
    outer loop
      vertex 24.0295672763063 -1.4255581174193495 0
      vertex 22.626567103494324 0 0
      vertex 28 0 0
    endloop
  endfacet
  facet normal 0 0 -1
    outer loop
      vertex 27.73777120880567 -2.494940289813112 0
      vertex 28 0 0
      vertex 27.93426274441928 -1.2543415592118417 0
    endloop
  endfacet
  facet normal 0.9986295347545739 -0.05233595624294499 0
    outer loop
      vertex 27.93426274441928 -1.2543415592118417 0
      vertex 28 0 0
      vertex 27.93426274441928 -1.2543415592118417 2
    endloop
  endfacet
  facet normal 0 0 1
    outer loop
      vertex 27.73777120880567 -2.494940289813112 2
      vertex 27.93426274441928 -1.2543415592118417 2
      vertex 25.65 0 2
    endloop
  endfacet
  facet normal 0.9986295347545739 -0.05233595624294499 2.3305474191229474e-18
    outer loop
      vertex 27.93426274441928 -1.2543415592118417 2
      vertex 28 0 0
      vertex 28 0 2
    endloop
  endfacet
  facet normal 0 0 1
    outer loop
      vertex 27.93426274441928 -1.2543415592118417 2
      vertex 28 0 2
      vertex 25.65 0 2
    endloop
  endfacet
  facet normal 0 0 -1
    outer loop
      vertex -27.93426274441928 1.2543415592118417 5.5
      vertex -27.73777120880567 2.494940289813112 5.5
      vertex -28 0 5.5
    endloop
  endfacet
  facet normal -0.9986295347545739 0.05233595624294499 0
    outer loop
      vertex -27.93426274441928 1.2543415592118417 5.5
      vertex -28 0 5.5
      vertex -27.93426274441928 1.2543415592118417 7.5
    endloop
  endfacet
  facet normal 0 0 -1
    outer loop
      vertex -27.73777120880567 2.494940289813112 5.5
      vertex -27.412678195541844 3.7082039324993685 5.5
      vertex -28 0 5.5
    endloop
  endfacet
  facet normal -0.987688340595138 0.1564344650402293 3.5091624282067855e-18
    outer loop
      vertex -27.93426274441928 1.2543415592118417 5.5
      vertex -27.73777120880567 2.494940289813112 7.5
      vertex -27.73777120880567 2.494940289813112 5.5
    endloop
  endfacet
  facet normal 0 0 -1
    outer loop
      vertex -27.412678195541844 3.7082039324993685 5.5
      vertex -26.96254549171121 4.880839716909603 5.5
      vertex -28 0 5.5
    endloop
  endfacet
  facet normal 0 0 -1
    outer loop
      vertex -25.70820393249937 7.053423027509678 5.5
      vertex -25.65 0 5.5
      vertex -28 0 5.5
    endloop
  endfacet
  facet normal 0 0 -1
    outer loop
      vertex -25.597136290303837 1.0086996705328561 5.5
      vertex -25.65 0 5.5
      vertex -25.70820393249937 7.053423027509678 5.5
    endloop
  endfacet
  facet normal -0.9986295347545739 0.05233595624294499 2.3305474191229474e-18
    outer loop
      vertex -27.93426274441928 1.2543415592118417 7.5
      vertex -28 0 5.5
      vertex -28 0 7.5
    endloop
  endfacet
  facet normal 0 0 1
    outer loop
      vertex -27.93426274441928 1.2543415592118417 7.5
      vertex -28 0 7.5
      vertex -24.25188926341377 0 7.5
    endloop
  endfacet
  facet normal 0 0 1
    outer loop
      vertex -27.93426274441928 1.2543415592118417 7.5
      vertex -24.25188926341377 0 7.5
      vertex -27.73777120880567 2.494940289813112 7.5
    endloop
  endfacet
  facet normal -0.987688340595138 0.1564344650402293 0
    outer loop
      vertex -27.93426274441928 1.2543415592118417 5.5
      vertex -27.93426274441928 1.2543415592118417 7.5
      vertex -27.73777120880567 2.494940289813112 7.5
    endloop
  endfacet
  facet normal 0 0 1
    outer loop
      vertex -27.73777120880567 2.494940289813112 7.5
      vertex -24.25188926341377 0 7.5
      vertex -27.412678195541844 3.7082039324993685 7.5
    endloop
  endfacet
  facet normal -0.9659258262890683 0.2588190451025207 0
    outer loop
      vertex -27.73777120880567 2.494940289813112 5.5
      vertex -27.73777120880567 2.494940289813112 7.5
      vertex -27.412678195541844 3.7082039324993685 7.5
    endloop
  endfacet
  facet normal 0 0 1
    outer loop
      vertex -27.412678195541844 3.7082039324993685 7.5
      vertex -24.25188926341377 0 7.5
      vertex -26.96254549171121 4.880839716909603 7.5
    endloop
  endfacet
  facet normal 0 0 -1
    outer loop
      vertex -26.96254549171121 4.880839716909603 5.5
      vertex -26.392304845413264 6 5.5
      vertex -28 0 5.5
    endloop
  endfacet
  facet normal -0.9659258262890683 0.2588190451025207 -9.9141646695178e-18
    outer loop
      vertex -27.73777120880567 2.494940289813112 5.5
      vertex -27.412678195541844 3.7082039324993685 7.5
      vertex -27.412678195541844 3.7082039324993685 5.5
    endloop
  endfacet
  facet normal 0 0 -1
    outer loop
      vertex -26.392304845413264 6 5.5
      vertex -25.70820393249937 7.053423027509678 5.5
      vertex -28 0 5.5
    endloop
  endfacet
  facet normal -0.9335804264972016 0.35836794954530055 1.3865349722017332e-17
    outer loop
      vertex -27.412678195541844 3.7082039324993685 5.5
      vertex -26.96254549171121 4.880839716909603 7.5
      vertex -26.96254549171121 4.880839716909603 5.5
    endloop
  endfacet
  facet normal 0 0 -1
    outer loop
      vertex -25.597136290303837 1.0086996705328561 5.5
      vertex -25.70820393249937 7.053423027509678 5.5
      vertex -25.439124347081226 2.006347816391378 5.5
    endloop
  endfacet
  facet normal 0 0 -1
    outer loop
      vertex -25.439124347081226 2.006347816391378 5.5
      vertex -25.70820393249937 7.053423027509678 5.5
      vertex -25.17769538224823 2.9820139957182423 5.5
    endloop
  endfacet
  facet normal -0.8910065241883679 0.45399049973954675 2.643172883082631e-18
    outer loop
      vertex -26.96254549171121 4.880839716909603 5.5
      vertex -26.392304845413264 6 7.5
      vertex -26.392304845413264 6 5.5
    endloop
  endfacet
  facet normal 0 0 -1
    outer loop
      vertex -25.17769538224823 2.9820139957182423 5.5
      vertex -24.917737905728732 8.029567276306299 5.5
      vertex -24.8157136662511 3.925008605681472 5.5
    endloop
  endfacet
  facet normal 0 0 -1
    outer loop
      vertex -24.8157136662511 3.925008605681472 5.5
      vertex -24.917737905728732 8.029567276306299 5.5
      vertex -24.357145146519834 4.825 5.5
    endloop
  endfacet
  facet normal -0.9335804264972016 0.35836794954530055 0
    outer loop
      vertex -27.412678195541844 3.7082039324993685 5.5
      vertex -27.412678195541844 3.7082039324993685 7.5
      vertex -26.96254549171121 4.880839716909603 7.5
    endloop
  endfacet
  facet normal 0 0 1
    outer loop
      vertex -26.96254549171121 4.880839716909603 7.5
      vertex -24.25188926341377 0 7.5
      vertex -26.392304845413264 6 7.5
    endloop
  endfacet
  facet normal 0 0 1
    outer loop
      vertex -26.392304845413264 6 7.5
      vertex -24.25188926341377 0 7.5
      vertex -25.70820393249937 7.053423027509678 7.5
    endloop
  endfacet
  facet normal -0.8910065241883679 0.45399049973954675 0
    outer loop
      vertex -26.96254549171121 4.880839716909603 5.5
      vertex -26.96254549171121 4.880839716909603 7.5
      vertex -26.392304845413264 6 7.5
    endloop
  endfacet
  facet normal 0 0 1
    outer loop
      vertex -25.70820393249937 7.053423027509678 7.5
      vertex -24.25188926341377 0 7.5
      vertex -24.917737905728732 8.029567276306299 7.5
    endloop
  endfacet
  facet normal 0 0 1
    outer loop
      vertex -24.083980388508806 0.6266444521870529 7.5
      vertex -24.0295672763063 8.917737905728732 7.5
      vertex -24.25188926341377 0 7.5
    endloop
  endfacet
  facet normal 0 0 1
    outer loop
      vertex -24.083980388508806 0.6266444521870529 7.5
      vertex -23.76513638996211 1.4572614661443017 7.5
      vertex -24.0295672763063 8.917737905728732 7.5
    endloop
  endfacet
  facet normal 0 0 1
    outer loop
      vertex -23.76513638996211 1.4572614661443017 7.5
      vertex -23.361215932167728 2.25 7.5
      vertex -24.0295672763063 8.917737905728732 7.5
    endloop
  endfacet
  facet normal 0 0 1
    outer loop
      vertex -23.361215932167728 2.25 7.5
      vertex -22.923283548178937 2.9243567346241375 7.5
      vertex -24.0295672763063 8.917737905728732 7.5
    endloop
  endfacet
  facet normal 0 0 1
    outer loop
      vertex -24.917737905728732 8.029567276306299 7.5
      vertex -24.25188926341377 0 7.5
      vertex -24.0295672763063 8.917737905728732 7.5
    endloop
  endfacet
  facet normal 0 0 1
    outer loop
      vertex -22.923283548178937 2.9243567346241375 7.5
      vertex -23.053423027509677 4.206976116323251 7.5
      vertex -24.0295672763063 8.917737905728732 7.5
    endloop
  endfacet
  facet normal 0 0 1
    outer loop
      vertex -22.712296767278893 3.199127133262227 7.5
      vertex -22.316731016557853 3.6876101540502955 7.5
      vertex -22.897397544913172 6.731060372306666 7.5
    endloop
  endfacet
  facet normal 0 0 1
    outer loop
      vertex -22.316731016557853 3.6876101540502955 7.5
      vertex -22 4.004341170608146 7.5
      vertex -22.897397544913172 6.731060372306666 7.5
    endloop
  endfacet
  facet normal 0 0 -1
    outer loop
      vertex -25.17769538224823 2.9820139957182423 5.5
      vertex -25.70820393249937 7.053423027509678 5.5
      vertex -24.917737905728732 8.029567276306299 5.5
    endloop
  endfacet
  facet normal -0.838670567945424 0.544639035015027 -1.7214065734635896e-17
    outer loop
      vertex -26.392304845413264 6 5.5
      vertex -25.70820393249937 7.053423027509678 7.5
      vertex -25.70820393249937 7.053423027509678 5.5
    endloop
  endfacet
  facet normal -0.7771459614569712 0.6293203910498371 1.5689641695833124e-17
    outer loop
      vertex -25.70820393249937 7.053423027509678 5.5
      vertex -24.917737905728732 8.029567276306299 7.5
      vertex -24.917737905728732 8.029567276306299 5.5
    endloop
  endfacet
  facet normal 0 0 -1
    outer loop
      vertex -24.357145146519834 4.825 5.5
      vertex -24.917737905728732 8.029567276306299 5.5
      vertex -23.807013995718243 5.672127684622366 5.5
    endloop
  endfacet
  facet normal 0 0 -1
    outer loop
      vertex -23.807013995718243 5.672127684622366 5.5
      vertex -24.0295672763063 8.917737905728732 5.5
      vertex -23.171347565856856 6.457110351362982 5.5
    endloop
  endfacet
  facet normal 0 0 -1
    outer loop
      vertex -23.807013995718243 5.672127684622366 5.5
      vertex -24.917737905728732 8.029567276306299 5.5
      vertex -24.0295672763063 8.917737905728732 5.5
    endloop
  endfacet
  facet normal 0 0 -1
    outer loop
      vertex -23.171347565856856 6.457110351362982 5.5
      vertex -23.053423027509677 9.70820393249937 5.5
      vertex -22.45711035136298 7.171347565856855 5.5
    endloop
  endfacet
  facet normal 0 0 -1
    outer loop
      vertex -24.0295672763063 8.917737905728732 5.5
      vertex -23.053423027509677 9.70820393249937 5.5
      vertex -23.171347565856856 6.457110351362982 5.5
    endloop
  endfacet
  facet normal -0.7071067811865475 0.7071067811865475 1.588406675847249e-17
    outer loop
      vertex -24.917737905728732 8.029567276306299 5.5
      vertex -24.0295672763063 8.917737905728732 7.5
      vertex -24.0295672763063 8.917737905728732 5.5
    endloop
  endfacet
  facet normal 0 0 -1
    outer loop
      vertex -22.45711035136298 7.171347565856855 5.5
      vertex -23.053423027509677 9.70820393249937 5.5
      vertex -21.672127684622367 7.807013995718243 5.5
    endloop
  endfacet
  facet normal 0 0 -1
    outer loop
      vertex -21.672127684622367 7.807013995718243 5.5
      vertex -22 10.392304845413264 5.5
      vertex -20.825 8.357145146519834 5.5
    endloop
  endfacet
  facet normal -0.838670567945424 0.544639035015027 0
    outer loop
      vertex -26.392304845413264 6 5.5
      vertex -26.392304845413264 6 7.5
      vertex -25.70820393249937 7.053423027509678 7.5
    endloop
  endfacet
  facet normal -0.7771459614569712 0.6293203910498371 0
    outer loop
      vertex -25.70820393249937 7.053423027509678 5.5
      vertex -25.70820393249937 7.053423027509678 7.5
      vertex -24.917737905728732 8.029567276306299 7.5
    endloop
  endfacet
  facet normal -0.7071067811865475 0.7071067811865475 0
    outer loop
      vertex -24.917737905728732 8.029567276306299 5.5
      vertex -24.917737905728732 8.029567276306299 7.5
      vertex -24.0295672763063 8.917737905728732 7.5
    endloop
  endfacet
  facet normal 0 0 1
    outer loop
      vertex -23.053423027509677 4.206976116323251 7.5
      vertex -22.897397544913172 6.731060372306666 7.5
      vertex -23.053423027509677 9.70820393249937 7.5
    endloop
  endfacet
  facet normal 0 0 1
    outer loop
      vertex -22.897397544913172 6.731060372306666 7.5
      vertex -22 4.004341170608146 7.5
      vertex -23.053423027509677 9.70820393249937 7.5
    endloop
  endfacet
  facet normal 0 0 1
    outer loop
      vertex -23.053423027509677 4.206976116323251 7.5
      vertex -23.053423027509677 9.70820393249937 7.5
      vertex -24.0295672763063 8.917737905728732 7.5
    endloop
  endfacet
  facet normal 0 0 1
    outer loop
      vertex -23.053423027509677 9.70820393249937 7.5
      vertex -22 4.004341170608146 7.5
      vertex -22 10.392304845413264 7.5
    endloop
  endfacet
  facet normal -0.6293203910498367 0.7771459614569715 0
    outer loop
      vertex -24.0295672763063 8.917737905728732 5.5
      vertex -24.0295672763063 8.917737905728732 7.5
      vertex -23.053423027509677 9.70820393249937 5.5
    endloop
  endfacet
  facet normal 0 0 -1
    outer loop
      vertex -23.053423027509677 9.70820393249937 5.5
      vertex -22 10.392304845413264 5.5
      vertex -21.672127684622367 7.807013995718243 5.5
    endloop
  endfacet
  facet normal 0 0 -1
    outer loop
      vertex -20.825 8.357145146519834 5.5
      vertex -22 10.392304845413264 5.5
      vertex -20.880839716909602 10.96254549171121 5.5
    endloop
  endfacet
  facet normal -0.5446390350150274 0.8386705679454239 0
    outer loop
      vertex -23.053423027509677 9.70820393249937 5.5
      vertex -23.053423027509677 9.70820393249937 7.5
      vertex -22 10.392304845413264 5.5
    endloop
  endfacet
  facet normal -0.4539904997395464 0.891006524188368 0
    outer loop
      vertex -22 10.392304845413264 5.5
      vertex -22 10.392304845413264 7.5
      vertex -20.880839716909602 10.96254549171121 5.5
    endloop
  endfacet
  facet normal -0.6293203910498367 0.7771459614569715 -1.4197893305478145e-17
    outer loop
      vertex -24.0295672763063 8.917737905728732 7.5
      vertex -23.053423027509677 9.70820393249937 7.5
      vertex -23.053423027509677 9.70820393249937 5.5
    endloop
  endfacet
  facet normal -0.5446390350150274 0.8386705679454239 6.0849842993251e-18
    outer loop
      vertex -23.053423027509677 9.70820393249937 7.5
      vertex -22 10.392304845413264 7.5
      vertex -22 10.392304845413264 5.5
    endloop
  endfacet
  facet normal -0.4539904997395464 0.891006524188368 0
    outer loop
      vertex -20.880839716909602 10.96254549171121 5.5
      vertex -22 10.392304845413264 7.5
      vertex -20.880839716909602 10.96254549171121 7.5
    endloop
  endfacet
  facet normal 0 0 -1
    outer loop
      vertex -20.825 8.357145146519834 5.5
      vertex -20.880839716909602 10.96254549171121 5.5
      vertex -19.925008605681473 8.8157136662511 5.5
    endloop
  endfacet
  facet normal 0 0 -1
    outer loop
      vertex -19.925008605681473 8.8157136662511 5.5
      vertex -20.880839716909602 10.96254549171121 5.5
      vertex -18.98201399571824 9.177695382248231 5.5
    endloop
  endfacet
  facet normal 0 0 -1
    outer loop
      vertex -19.70820393249937 11.412678195541842 5.5
      vertex -18.00634781639138 9.439124347081226 5.5
      vertex -18.98201399571824 9.177695382248231 5.5
    endloop
  endfacet
  facet normal 0 0 -1
    outer loop
      vertex -18.00634781639138 9.439124347081226 5.5
      vertex -18.494940289813112 11.737771208805668 5.5
      vertex -17.008699670532856 9.597136290303837 5.5
    endloop
  endfacet
  facet normal 0 0 -1
    outer loop
      vertex -20.880839716909602 10.96254549171121 5.5
      vertex -19.70820393249937 11.412678195541842 5.5
      vertex -18.98201399571824 9.177695382248231 5.5
    endloop
  endfacet
  facet normal -0.35836794954529977 0.9335804264972019 0
    outer loop
      vertex -20.880839716909602 10.96254549171121 5.5
      vertex -20.880839716909602 10.96254549171121 7.5
      vertex -19.70820393249937 11.412678195541842 5.5
    endloop
  endfacet
  facet normal -0.25881904510252185 0.9659258262890681 0
    outer loop
      vertex -19.70820393249937 11.412678195541842 5.5
      vertex -19.70820393249937 11.412678195541842 7.5
      vertex -18.494940289813112 11.737771208805668 5.5
    endloop
  endfacet
  facet normal 0 0 -1
    outer loop
      vertex -19.70820393249937 11.412678195541842 5.5
      vertex -18.494940289813112 11.737771208805668 5.5
      vertex -18.00634781639138 9.439124347081226 5.5
    endloop
  endfacet
  facet normal 0 0 -1
    outer loop
      vertex -18.494940289813112 11.737771208805668 5.5
      vertex -17.25434155921184 11.934262744419279 5.5
      vertex -17.008699670532856 9.597136290303837 5.5
    endloop
  endfacet
  facet normal -0.15643446504022926 0.987688340595138 0
    outer loop
      vertex -18.494940289813112 11.737771208805668 5.5
      vertex -18.494940289813112 11.737771208805668 7.5
      vertex -17.25434155921184 11.934262744419279 5.5
    endloop
  endfacet
  facet normal 0 0 -1
    outer loop
      vertex -17.008699670532856 9.597136290303837 5.5
      vertex -17.25434155921184 11.934262744419279 5.5
      vertex -16 9.65 5.5
    endloop
  endfacet
  facet normal 0 0 -1
    outer loop
      vertex -16 9.65 5.5
      vertex -16 12 5.5
      vertex -14.991300329467144 9.597136290303837 5.5
    endloop
  endfacet
  facet normal 0 0 -1
    outer loop
      vertex -14.991300329467144 9.597136290303837 5.5
      vertex -14.745658440788159 11.934262744419279 5.5
      vertex -13.993652183608623 9.439124347081226 5.5
    endloop
  endfacet
  facet normal 0 0 -1
    outer loop
      vertex -17.25434155921184 11.934262744419279 5.5
      vertex -16 12 5.5
      vertex -16 9.65 5.5
    endloop
  endfacet
  facet normal -0.05233595624294499 0.9986295347545737 0
    outer loop
      vertex -17.25434155921184 11.934262744419279 5.5
      vertex -17.25434155921184 11.934262744419279 7.5
      vertex -16 12 5.5
    endloop
  endfacet
  facet normal 0 0 -1
    outer loop
      vertex -14.991300329467144 9.597136290303837 5.5
      vertex -16 12 5.5
      vertex -14.745658440788159 11.934262744419279 5.5
    endloop
  endfacet
  facet normal 0 0 -1
    outer loop
      vertex -14.745658440788159 11.934262744419279 5.5
      vertex -13.505059710186888 11.737771208805668 5.5
      vertex -13.993652183608623 9.439124347081226 5.5
    endloop
  endfacet
  facet normal 0.05233595624294499 0.9986295347545737 0
    outer loop
      vertex -16 12 5.5
      vertex -16 12 7.5
      vertex -14.745658440788159 11.934262744419279 5.5
    endloop
  endfacet
  facet normal 0.15643446504022926 0.987688340595138 0
    outer loop
      vertex -14.745658440788159 11.934262744419279 5.5
      vertex -14.745658440788159 11.934262744419279 7.5
      vertex -13.505059710186888 11.737771208805668 5.5
    endloop
  endfacet
  facet normal -0.35836794954529977 0.9335804264972019 0
    outer loop
      vertex -19.70820393249937 11.412678195541842 5.5
      vertex -20.880839716909602 10.96254549171121 7.5
      vertex -19.70820393249937 11.412678195541842 7.5
    endloop
  endfacet
  facet normal -0.25881904510252185 0.9659258262890681 -9.341297568207137e-18
    outer loop
      vertex -19.70820393249937 11.412678195541842 7.5
      vertex -18.494940289813112 11.737771208805668 7.5
      vertex -18.494940289813112 11.737771208805668 5.5
    endloop
  endfacet
  facet normal -0.15643446504022926 0.987688340595138 0
    outer loop
      vertex -17.25434155921184 11.934262744419279 5.5
      vertex -18.494940289813112 11.737771208805668 7.5
      vertex -17.25434155921184 11.934262744419279 7.5
    endloop
  endfacet
  facet normal -0.05233595624294499 0.9986295347545737 2.0444092376888274e-18
    outer loop
      vertex -17.25434155921184 11.934262744419279 7.5
      vertex -16 12 7.5
      vertex -16 12 5.5
    endloop
  endfacet
  facet normal 0.05233595624294499 0.9986295347545737 0
    outer loop
      vertex -14.745658440788159 11.934262744419279 5.5
      vertex -16 12 7.5
      vertex -14.745658440788159 11.934262744419279 7.5
    endloop
  endfacet
  facet normal 0 0 -1
    outer loop
      vertex -7.184286333748901 3.925008605681472 5.5
      vertex -7.082262094271268 8.029567276306299 5.5
      vertex -6.822304617751769 2.9820139957182423 5.5
    endloop
  endfacet
  facet normal 0 0 -1
    outer loop
      vertex -7.184286333748901 3.925008605681472 5.5
      vertex -7.642854853480166 4.825 5.5
      vertex -7.082262094271268 8.029567276306299 5.5
    endloop
  endfacet
  facet normal 0 0 1
    outer loop
      vertex -7.916019611491196 0.6266444521870529 7.5
      vertex -7.970432723693701 8.917737905728732 7.5
      vertex -8.234863610037893 1.4572614661443017 7.5
    endloop
  endfacet
  facet normal 0 0 1
    outer loop
      vertex -8.638784067832272 2.25 7.5
      vertex -8.234863610037893 1.4572614661443017 7.5
      vertex -7.970432723693701 8.917737905728732 7.5
    endloop
  endfacet
  facet normal 0 0 1
    outer loop
      vertex -9.123355547812947 2.9961746444860218 7.5
      vertex -8.638784067832272 2.25 7.5
      vertex -8.946576972490323 9.70820393249937 7.5
    endloop
  endfacet
  facet normal 0 0 1
    outer loop
      vertex -9.123355547812947 2.9961746444860218 7.5
      vertex -10 10.392304845413264 7.5
      vertex -9.683268983442149 3.6876101540502955 7.5
    endloop
  endfacet
  facet normal 0 0 -1
    outer loop
      vertex -4.065737255580721 1.2543415592118417 5.5
      vertex -4 0 5.5
      vertex -6.35 0 5.5
    endloop
  endfacet
  facet normal 0.9986295347545739 0.05233595624294499 -2.3305474191229474e-18
    outer loop
      vertex -4.065737255580721 1.2543415592118417 5.5
      vertex -4 0 7.5
      vertex -4 0 5.5
    endloop
  endfacet
  facet normal 0 0 -1
    outer loop
      vertex -4.065737255580721 1.2543415592118417 5.5
      vertex -6.35 0 5.5
      vertex -4.262228791194332 2.494940289813112 5.5
    endloop
  endfacet
  facet normal 0 0 -1
    outer loop
      vertex -6.402863709696163 1.0086996705328561 5.5
      vertex -6.291796067500631 7.053423027509678 5.5
      vertex -6.35 0 5.5
    endloop
  endfacet
  facet normal 0 0 -1
    outer loop
      vertex -4.587321804458158 3.7082039324993685 5.5
      vertex -6.35 0 5.5
      vertex -5.037454508288789 4.880839716909603 5.5
    endloop
  endfacet
  facet normal 0 0 -1
    outer loop
      vertex -4.262228791194332 2.494940289813112 5.5
      vertex -6.35 0 5.5
      vertex -4.587321804458158 3.7082039324993685 5.5
    endloop
  endfacet
  facet normal 0.987688340595138 0.1564344650402293 0
    outer loop
      vertex -4.065737255580721 1.2543415592118417 5.5
      vertex -4.262228791194332 2.494940289813112 5.5
      vertex -4.065737255580721 1.2543415592118417 7.5
    endloop
  endfacet
  facet normal 0.965925826289068 0.258819045102522 0
    outer loop
      vertex -4.262228791194332 2.494940289813112 5.5
      vertex -4.587321804458158 3.7082039324993685 5.5
      vertex -4.262228791194332 2.494940289813112 7.5
    endloop
  endfacet
  facet normal 0 0 1
    outer loop
      vertex -7.916019611491196 0.6266444521870529 7.5
      vertex -7.748110736586231 0 7.5
      vertex -4 0 7.5
    endloop
  endfacet
  facet normal 0.9986295347545739 0.05233595624294499 0
    outer loop
      vertex -4.065737255580721 1.2543415592118417 5.5
      vertex -4.065737255580721 1.2543415592118417 7.5
      vertex -4 0 7.5
    endloop
  endfacet
  facet normal 0 0 1
    outer loop
      vertex -4.065737255580721 1.2543415592118417 7.5
      vertex -4.262228791194332 2.494940289813112 7.5
      vertex -4 0 7.5
    endloop
  endfacet
  facet normal 0.987688340595138 0.1564344650402293 0
    outer loop
      vertex -4.262228791194332 2.494940289813112 5.5
      vertex -4.262228791194332 2.494940289813112 7.5
      vertex -4.065737255580721 1.2543415592118417 7.5
    endloop
  endfacet
  facet normal 0 0 1
    outer loop
      vertex -4.262228791194332 2.494940289813112 7.5
      vertex -4.587321804458158 3.7082039324993685 7.5
      vertex -4 0 7.5
    endloop
  endfacet
  facet normal 0 0 1
    outer loop
      vertex -4.587321804458158 3.7082039324993685 7.5
      vertex -5.037454508288789 4.880839716909603 7.5
      vertex -4 0 7.5
    endloop
  endfacet
  facet normal 0 0 -1
    outer loop
      vertex -6.402863709696163 1.0086996705328561 5.5
      vertex -6.560875652918774 2.006347816391378 5.5
      vertex -6.291796067500631 7.053423027509678 5.5
    endloop
  endfacet
  facet normal 0 0 -1
    outer loop
      vertex -5.037454508288789 4.880839716909603 5.5
      vertex -6.35 0 5.5
      vertex -5.607695154586736 6 5.5
    endloop
  endfacet
  facet normal 0 0 -1
    outer loop
      vertex -6.560875652918774 2.006347816391378 5.5
      vertex -6.822304617751769 2.9820139957182423 5.5
      vertex -6.291796067500631 7.053423027509678 5.5
    endloop
  endfacet
  facet normal 0 0 -1
    outer loop
      vertex -6.291796067500631 7.053423027509678 5.5
      vertex -5.607695154586736 6 5.5
      vertex -6.35 0 5.5
    endloop
  endfacet
  facet normal 0.9335804264972021 0.3583679495452993 0
    outer loop
      vertex -4.587321804458158 3.7082039324993685 5.5
      vertex -5.037454508288789 4.880839716909603 5.5
      vertex -4.587321804458158 3.7082039324993685 7.5
    endloop
  endfacet
  facet normal 0.8910065241883679 0.45399049973954675 0
    outer loop
      vertex -5.037454508288789 4.880839716909603 5.5
      vertex -5.607695154586736 6 5.5
      vertex -5.037454508288789 4.880839716909603 7.5
    endloop
  endfacet
  facet normal 0 0 1
    outer loop
      vertex -7.916019611491196 0.6266444521870529 7.5
      vertex -4 0 7.5
      vertex -7.970432723693701 8.917737905728732 7.5
    endloop
  endfacet
  facet normal 0 0 1
    outer loop
      vertex -6.291796067500631 7.053423027509678 7.5
      vertex -4 0 7.5
      vertex -5.607695154586736 6 7.5
    endloop
  endfacet
  facet normal 0.965925826289068 0.258819045102522 -8.303641571708618e-18
    outer loop
      vertex -4.262228791194332 2.494940289813112 7.5
      vertex -4.587321804458158 3.7082039324993685 5.5
      vertex -4.587321804458158 3.7082039324993685 7.5
    endloop
  endfacet
  facet normal 0 0 1
    outer loop
      vertex -5.037454508288789 4.880839716909603 7.5
      vertex -5.607695154586736 6 7.5
      vertex -4 0 7.5
    endloop
  endfacet
  facet normal 0.9335804264972021 0.3583679495452993 0
    outer loop
      vertex -5.037454508288789 4.880839716909603 5.5
      vertex -5.037454508288789 4.880839716909603 7.5
      vertex -4.587321804458158 3.7082039324993685 7.5
    endloop
  endfacet
  facet normal 0 0 1
    outer loop
      vertex -7.082262094271268 8.029567276306299 7.5
      vertex -4 0 7.5
      vertex -6.291796067500631 7.053423027509678 7.5
    endloop
  endfacet
  facet normal 0.8910065241883679 0.45399049973954675 -2.643172883082631e-18
    outer loop
      vertex -5.037454508288789 4.880839716909603 7.5
      vertex -5.607695154586736 6 5.5
      vertex -5.607695154586736 6 7.5
    endloop
  endfacet
  facet normal 0 0 1
    outer loop
      vertex -7.970432723693701 8.917737905728732 7.5
      vertex -4 0 7.5
      vertex -7.082262094271268 8.029567276306299 7.5
    endloop
  endfacet
  facet normal 0 0 -1
    outer loop
      vertex -8.192986004281757 5.672127684622366 5.5
      vertex -7.970432723693701 8.917737905728732 5.5
      vertex -7.642854853480166 4.825 5.5
    endloop
  endfacet
  facet normal 0 0 -1
    outer loop
      vertex -8.192986004281757 5.672127684622366 5.5
      vertex -8.828652434143144 6.457110351362982 5.5
      vertex -7.970432723693701 8.917737905728732 5.5
    endloop
  endfacet
  facet normal 0 0 -1
    outer loop
      vertex -7.642854853480166 4.825 5.5
      vertex -7.970432723693701 8.917737905728732 5.5
      vertex -7.082262094271268 8.029567276306299 5.5
    endloop
  endfacet
  facet normal 0 0 -1
    outer loop
      vertex -9.542889648637018 7.171347565856855 5.5
      vertex -8.946576972490323 9.70820393249937 5.5
      vertex -8.828652434143144 6.457110351362982 5.5
    endloop
  endfacet
  facet normal 0 0 -1
    outer loop
      vertex -10.327872315377634 7.807013995718243 5.5
      vertex -10 10.392304845413264 5.5
      vertex -9.542889648637018 7.171347565856855 5.5
    endloop
  endfacet
  facet normal 0 0 -1
    outer loop
      vertex -8.828652434143144 6.457110351362982 5.5
      vertex -8.946576972490323 9.70820393249937 5.5
      vertex -7.970432723693701 8.917737905728732 5.5
    endloop
  endfacet
  facet normal 0.7071067811865475 0.7071067811865475 -1.588406675847249e-17
    outer loop
      vertex -7.970432723693701 8.917737905728732 5.5
      vertex -7.082262094271268 8.029567276306299 7.5
      vertex -7.082262094271268 8.029567276306299 5.5
    endloop
  endfacet
  facet normal 0 0 1
    outer loop
      vertex -9.683268983442149 3.6876101540502955 7.5
      vertex -10 10.392304845413264 7.5
      vertex -10 4.004341170608146 7.5
    endloop
  endfacet
  facet normal 0 0 1
    outer loop
      vertex -8.638784067832272 2.25 7.5
      vertex -7.970432723693701 8.917737905728732 7.5
      vertex -8.946576972490323 9.70820393249937 7.5
    endloop
  endfacet
  facet normal 0 0 1
    outer loop
      vertex -9.123355547812947 2.9961746444860218 7.5
      vertex -8.946576972490323 9.70820393249937 7.5
      vertex -10 10.392304845413264 7.5
    endloop
  endfacet
  facet normal 0.7071067811865475 0.7071067811865475 0
    outer loop
      vertex -7.970432723693701 8.917737905728732 5.5
      vertex -7.970432723693701 8.917737905728732 7.5
      vertex -7.082262094271268 8.029567276306299 7.5
    endloop
  endfacet
  facet normal 0 0 -1
    outer loop
      vertex -13.993652183608623 9.439124347081226 5.5
      vertex -13.505059710186888 11.737771208805668 5.5
      vertex -13.017986004281758 9.177695382248231 5.5
    endloop
  endfacet
  facet normal 0 0 -1
    outer loop
      vertex -13.017986004281758 9.177695382248231 5.5
      vertex -12.29179606750063 11.412678195541842 5.5
      vertex -12.074991394318527 8.8157136662511 5.5
    endloop
  endfacet
  facet normal 0 0 -1
    outer loop
      vertex -12.074991394318527 8.8157136662511 5.5
      vertex -11.119160283090398 10.96254549171121 5.5
      vertex -11.175 8.357145146519834 5.5
    endloop
  endfacet
  facet normal 0 0 -1
    outer loop
      vertex -11.175 8.357145146519834 5.5
      vertex -11.119160283090398 10.96254549171121 5.5
      vertex -10.327872315377634 7.807013995718243 5.5
    endloop
  endfacet
  facet normal 0 0 -1
    outer loop
      vertex -12.074991394318527 8.8157136662511 5.5
      vertex -12.29179606750063 11.412678195541842 5.5
      vertex -11.119160283090398 10.96254549171121 5.5
    endloop
  endfacet
  facet normal 0 0 -1
    outer loop
      vertex -13.017986004281758 9.177695382248231 5.5
      vertex -13.505059710186888 11.737771208805668 5.5
      vertex -12.29179606750063 11.412678195541842 5.5
    endloop
  endfacet
  facet normal 0.25881904510252185 0.9659258262890681 0
    outer loop
      vertex -13.505059710186888 11.737771208805668 5.5
      vertex -13.505059710186888 11.737771208805668 7.5
      vertex -12.29179606750063 11.412678195541842 5.5
    endloop
  endfacet
  facet normal 0.4539904997395464 0.891006524188368 0
    outer loop
      vertex -11.119160283090398 10.96254549171121 5.5
      vertex -11.119160283090398 10.96254549171121 7.5
      vertex -10 10.392304845413264 5.5
    endloop
  endfacet
  facet normal 0.35836794954529977 0.9335804264972019 0
    outer loop
      vertex -12.29179606750063 11.412678195541842 5.5
      vertex -12.29179606750063 11.412678195541842 7.5
      vertex -11.119160283090398 10.96254549171121 5.5
    endloop
  endfacet
  facet normal 0 0 -1
    outer loop
      vertex -10.327872315377634 7.807013995718243 5.5
      vertex -11.119160283090398 10.96254549171121 5.5
      vertex -10 10.392304845413264 5.5
    endloop
  endfacet
  facet normal 0 0 -1
    outer loop
      vertex -9.542889648637018 7.171347565856855 5.5
      vertex -10 10.392304845413264 5.5
      vertex -8.946576972490323 9.70820393249937 5.5
    endloop
  endfacet
  facet normal 0.5446390350150274 0.8386705679454239 0
    outer loop
      vertex -10 10.392304845413264 5.5
      vertex -10 10.392304845413264 7.5
      vertex -8.946576972490323 9.70820393249937 5.5
    endloop
  endfacet
  facet normal 0.6293203910498367 0.7771459614569715 1.4197893305478145e-17
    outer loop
      vertex -7.970432723693701 8.917737905728732 5.5
      vertex -8.946576972490323 9.70820393249937 5.5
      vertex -8.946576972490323 9.70820393249937 7.5
    endloop
  endfacet
  facet normal 0.15643446504022926 0.987688340595138 0
    outer loop
      vertex -13.505059710186888 11.737771208805668 5.5
      vertex -14.745658440788159 11.934262744419279 7.5
      vertex -13.505059710186888 11.737771208805668 7.5
    endloop
  endfacet
  facet normal 0.25881904510252185 0.9659258262890681 9.341297568207137e-18
    outer loop
      vertex -13.505059710186888 11.737771208805668 7.5
      vertex -12.29179606750063 11.412678195541842 7.5
      vertex -12.29179606750063 11.412678195541842 5.5
    endloop
  endfacet
  facet normal 0.35836794954529977 0.9335804264972019 0
    outer loop
      vertex -11.119160283090398 10.96254549171121 5.5
      vertex -12.29179606750063 11.412678195541842 7.5
      vertex -11.119160283090398 10.96254549171121 7.5
    endloop
  endfacet
  facet normal 0.5446390350150274 0.8386705679454239 0
    outer loop
      vertex -8.946576972490323 9.70820393249937 5.5
      vertex -10 10.392304845413264 7.5
      vertex -8.946576972490323 9.70820393249937 7.5
    endloop
  endfacet
  facet normal 0.6293203910498367 0.7771459614569715 0
    outer loop
      vertex -7.970432723693701 8.917737905728732 5.5
      vertex -8.946576972490323 9.70820393249937 7.5
      vertex -7.970432723693701 8.917737905728732 7.5
    endloop
  endfacet
  facet normal 0.4539904997395464 0.891006524188368 1.6717352097551155e-17
    outer loop
      vertex -11.119160283090398 10.96254549171121 7.5
      vertex -10 10.392304845413264 7.5
      vertex -10 10.392304845413264 5.5
    endloop
  endfacet
  facet normal 0 0 -1
    outer loop
      vertex -6.822304617751769 2.9820139957182423 5.5
      vertex -7.082262094271268 8.029567276306299 5.5
      vertex -6.291796067500631 7.053423027509678 5.5
    endloop
  endfacet
  facet normal 0.838670567945424 0.544639035015027 1.7214065734635896e-17
    outer loop
      vertex -6.291796067500631 7.053423027509678 5.5
      vertex -5.607695154586736 6 7.5
      vertex -5.607695154586736 6 5.5
    endloop
  endfacet
  facet normal 0.7771459614569712 0.6293203910498371 -1.5689641695833124e-17
    outer loop
      vertex -7.082262094271268 8.029567276306299 5.5
      vertex -6.291796067500631 7.053423027509678 7.5
      vertex -6.291796067500631 7.053423027509678 5.5
    endloop
  endfacet
  facet normal 0.838670567945424 0.544639035015027 0
    outer loop
      vertex -6.291796067500631 7.053423027509678 5.5
      vertex -6.291796067500631 7.053423027509678 7.5
      vertex -5.607695154586736 6 7.5
    endloop
  endfacet
  facet normal 0.7771459614569712 0.6293203910498371 0
    outer loop
      vertex -7.082262094271268 8.029567276306299 5.5
      vertex -7.082262094271268 8.029567276306299 7.5
      vertex -6.291796067500631 7.053423027509678 7.5
    endloop
  endfacet
  facet normal -0.7771459614569712 -0.6293203910498371 0
    outer loop
      vertex 6.291796067500631 -7.053423027509678 5.5
      vertex 7.082262094271268 -8.029567276306299 5.5
      vertex 6.291796067500631 -7.053423027509678 7.5
    endloop
  endfacet
  facet normal 0 0 -1
    outer loop
      vertex 6.291796067500631 -7.053423027509678 5.5
      vertex 6.822304617751769 -2.9820139957182423 5.5
      vertex 7.082262094271268 -8.029567276306299 5.5
    endloop
  endfacet
  facet normal -0.838670567945424 -0.544639035015027 1.7214065734635896e-17
    outer loop
      vertex 6.291796067500631 -7.053423027509678 5.5
      vertex 5.607695154586736 -6 7.5
      vertex 5.607695154586736 -6 5.5
    endloop
  endfacet
  facet normal -0.7771459614569712 -0.6293203910498371 -1.5689641695833124e-17
    outer loop
      vertex 6.291796067500631 -7.053423027509678 7.5
      vertex 7.082262094271268 -8.029567276306299 5.5
      vertex 7.082262094271268 -8.029567276306299 7.5
    endloop
  endfacet
  facet normal -0.838670567945424 -0.544639035015027 0
    outer loop
      vertex 6.291796067500631 -7.053423027509678 5.5
      vertex 6.291796067500631 -7.053423027509678 7.5
      vertex 5.607695154586736 -6 7.5
    endloop
  endfacet
  facet normal -0.6293203910498367 -0.7771459614569715 0
    outer loop
      vertex 8.946576972490323 -9.70820393249937 5.5
      vertex 8.946576972490323 -9.70820393249937 7.5
      vertex 7.970432723693701 -8.917737905728732 5.5
    endloop
  endfacet
  facet normal -0.5446390350150274 -0.8386705679454239 -6.0849842993251e-18
    outer loop
      vertex 8.946576972490323 -9.70820393249937 5.5
      vertex 10 -10.392304845413264 5.5
      vertex 10 -10.392304845413264 7.5
    endloop
  endfacet
  facet normal 0 0 -1
    outer loop
      vertex 8.946576972490323 -9.70820393249937 5.5
      vertex 9.542889648637018 -7.171347565856855 5.5
      vertex 10 -10.392304845413264 5.5
    endloop
  endfacet
  facet normal 0 0 -1
    outer loop
      vertex 11.119160283090398 -10.96254549171121 5.5
      vertex 10 -10.392304845413264 5.5
      vertex 10.327872315377634 -7.807013995718243 5.5
    endloop
  endfacet
  facet normal -0.35836794954529977 -0.9335804264972019 -1.5443280659346365e-17
    outer loop
      vertex 11.119160283090398 -10.96254549171121 5.5
      vertex 12.29179606750063 -11.412678195541842 5.5
      vertex 12.29179606750063 -11.412678195541842 7.5
    endloop
  endfacet
  facet normal -0.4539904997395464 -0.891006524188368 0
    outer loop
      vertex 11.119160283090398 -10.96254549171121 5.5
      vertex 11.119160283090398 -10.96254549171121 7.5
      vertex 10 -10.392304845413264 5.5
    endloop
  endfacet
  facet normal -0.25881904510252185 -0.9659258262890681 9.341297568207137e-18
    outer loop
      vertex 12.29179606750063 -11.412678195541842 5.5
      vertex 13.505059710186888 -11.737771208805668 5.5
      vertex 13.505059710186888 -11.737771208805668 7.5
    endloop
  endfacet
  facet normal 0 0 -1
    outer loop
      vertex 12.29179606750063 -11.412678195541842 5.5
      vertex 13.017986004281758 -9.177695382248231 5.5
      vertex 13.505059710186888 -11.737771208805668 5.5
    endloop
  endfacet
  facet normal 0 0 -1
    outer loop
      vertex 11.119160283090398 -10.96254549171121 5.5
      vertex 12.074991394318527 -8.8157136662511 5.5
      vertex 12.29179606750063 -11.412678195541842 5.5
    endloop
  endfacet
  facet normal 0 0 -1
    outer loop
      vertex 11.119160283090398 -10.96254549171121 5.5
      vertex 10.327872315377634 -7.807013995718243 5.5
      vertex 11.175 -8.357145146519834 5.5
    endloop
  endfacet
  facet normal 0 0 -1
    outer loop
      vertex 11.119160283090398 -10.96254549171121 5.5
      vertex 11.175 -8.357145146519834 5.5
      vertex 12.074991394318527 -8.8157136662511 5.5
    endloop
  endfacet
  facet normal 0 0 -1
    outer loop
      vertex 12.29179606750063 -11.412678195541842 5.5
      vertex 12.074991394318527 -8.8157136662511 5.5
      vertex 13.017986004281758 -9.177695382248231 5.5
    endloop
  endfacet
  facet normal 0 0 -1
    outer loop
      vertex 13.505059710186888 -11.737771208805668 5.5
      vertex 13.017986004281758 -9.177695382248231 5.5
      vertex 13.993652183608623 -9.439124347081226 5.5
    endloop
  endfacet
  facet normal -0.4539904997395464 -0.891006524188368 0
    outer loop
      vertex 10 -10.392304845413264 5.5
      vertex 11.119160283090398 -10.96254549171121 7.5
      vertex 10 -10.392304845413264 7.5
    endloop
  endfacet
  facet normal -0.6293203910498367 -0.7771459614569715 1.4197893305478145e-17
    outer loop
      vertex 8.946576972490323 -9.70820393249937 7.5
      vertex 7.970432723693701 -8.917737905728732 7.5
      vertex 7.970432723693701 -8.917737905728732 5.5
    endloop
  endfacet
  facet normal -0.5446390350150274 -0.8386705679454239 0
    outer loop
      vertex 8.946576972490323 -9.70820393249937 5.5
      vertex 10 -10.392304845413264 7.5
      vertex 8.946576972490323 -9.70820393249937 7.5
    endloop
  endfacet
  facet normal 0 0 1
    outer loop
      vertex 8.946576972490323 -9.70820393249937 7.5
      vertex 10 -10.392304845413264 7.5
      vertex 9.683268983442149 -7.6876101540502955 7.5
    endloop
  endfacet
  facet normal 0 0 1
    outer loop
      vertex 9.683268983442149 -7.6876101540502955 7.5
      vertex 10 -10.392304845413264 7.5
      vertex 11.119160283090398 -10.96254549171121 7.5
    endloop
  endfacet
  facet normal -0.35836794954529977 -0.9335804264972019 0
    outer loop
      vertex 11.119160283090398 -10.96254549171121 5.5
      vertex 12.29179606750063 -11.412678195541842 7.5
      vertex 11.119160283090398 -10.96254549171121 7.5
    endloop
  endfacet
  facet normal 0 0 1
    outer loop
      vertex 11.119160283090398 -10.96254549171121 7.5
      vertex 12.29179606750063 -11.412678195541842 7.5
      vertex 11.75 -9.361215932167728 7.5
    endloop
  endfacet
  facet normal -0.25881904510252185 -0.9659258262890681 0
    outer loop
      vertex 12.29179606750063 -11.412678195541842 5.5
      vertex 13.505059710186888 -11.737771208805668 7.5
      vertex 12.29179606750063 -11.412678195541842 7.5
    endloop
  endfacet
  facet normal -0.15643446504022926 -0.987688340595138 0
    outer loop
      vertex 13.505059710186888 -11.737771208805668 5.5
      vertex 14.745658440788159 -11.934262744419279 7.5
      vertex 13.505059710186888 -11.737771208805668 7.5
    endloop
  endfacet
  facet normal 0 0 1
    outer loop
      vertex 12.29179606750063 -11.412678195541842 7.5
      vertex 13.505059710186888 -11.737771208805668 7.5
      vertex 13.373355547812947 -10.083980388508804 7.5
    endloop
  endfacet
  facet normal 0 0 1
    outer loop
      vertex 13.505059710186888 -11.737771208805668 7.5
      vertex 14.232750628049045 -10.314254606237348 7.5
      vertex 13.373355547812947 -10.083980388508804 7.5
    endloop
  endfacet
  facet normal 0 0 1
    outer loop
      vertex 12.29179606750063 -11.412678195541842 7.5
      vertex 12.542738533855697 -9.765136389962107 7.5
      vertex 11.75 -9.361215932167728 7.5
    endloop
  endfacet
  facet normal 0 0 1
    outer loop
      vertex 11.119160283090398 -10.96254549171121 7.5
      vertex 11.003825355513978 -8.876644452187053 7.5
      vertex 10.312389845949705 -8.316731016557851 7.5
    endloop
  endfacet
  facet normal 0 0 1
    outer loop
      vertex 11.119160283090398 -10.96254549171121 7.5
      vertex 11.75 -9.361215932167728 7.5
      vertex 11.003825355513978 -8.876644452187053 7.5
    endloop
  endfacet
  facet normal 0 0 1
    outer loop
      vertex 12.29179606750063 -11.412678195541842 7.5
      vertex 13.373355547812947 -10.083980388508804 7.5
      vertex 12.542738533855697 -9.765136389962107 7.5
    endloop
  endfacet
  facet normal 0 0 -1
    outer loop
      vertex 8.946576972490323 -9.70820393249937 5.5
      vertex 7.970432723693701 -8.917737905728732 5.5
      vertex 8.828652434143144 -6.457110351362982 5.5
    endloop
  endfacet
  facet normal -0.7071067811865475 -0.7071067811865475 0
    outer loop
      vertex 7.082262094271268 -8.029567276306299 5.5
      vertex 7.970432723693701 -8.917737905728732 5.5
      vertex 7.082262094271268 -8.029567276306299 7.5
    endloop
  endfacet
  facet normal 0 0 -1
    outer loop
      vertex 9.542889648637018 -7.171347565856855 5.5
      vertex 10.327872315377634 -7.807013995718243 5.5
      vertex 10 -10.392304845413264 5.5
    endloop
  endfacet
  facet normal 0 0 -1
    outer loop
      vertex 8.946576972490323 -9.70820393249937 5.5
      vertex 8.828652434143144 -6.457110351362982 5.5
      vertex 9.542889648637018 -7.171347565856855 5.5
    endloop
  endfacet
  facet normal 0 0 -1
    outer loop
      vertex 7.082262094271268 -8.029567276306299 5.5
      vertex 7.642854853480166 -4.825 5.5
      vertex 7.970432723693701 -8.917737905728732 5.5
    endloop
  endfacet
  facet normal 0 0 -1
    outer loop
      vertex 7.970432723693701 -8.917737905728732 5.5
      vertex 8.192986004281757 -5.672127684622366 5.5
      vertex 8.828652434143144 -6.457110351362982 5.5
    endloop
  endfacet
  facet normal 0 0 -1
    outer loop
      vertex 7.970432723693701 -8.917737905728732 5.5
      vertex 7.642854853480166 -4.825 5.5
      vertex 8.192986004281757 -5.672127684622366 5.5
    endloop
  endfacet
  facet normal -0.7071067811865475 -0.7071067811865475 0
    outer loop
      vertex 7.970432723693701 -8.917737905728732 5.5
      vertex 7.970432723693701 -8.917737905728732 7.5
      vertex 7.082262094271268 -8.029567276306299 7.5
    endloop
  endfacet
  facet normal 0 0 1
    outer loop
      vertex 8.946576972490323 -9.70820393249937 7.5
      vertex 7.970432723693701 -5.329425685262823 7.5
      vertex 7.970432723693701 -8.917737905728732 7.5
    endloop
  endfacet
  facet normal 0 0 1
    outer loop
      vertex 9.683268983442149 -7.6876101540502955 7.5
      vertex 11.119160283090398 -10.96254549171121 7.5
      vertex 10.312389845949705 -8.316731016557851 7.5
    endloop
  endfacet
  facet normal 0 0 1
    outer loop
      vertex 8.946576972490323 -9.70820393249937 7.5
      vertex 9.683268983442149 -7.6876101540502955 7.5
      vertex 9.123355547812947 -6.996174644486022 7.5
    endloop
  endfacet
  facet normal 0 0 1
    outer loop
      vertex 8.946576972490323 -9.70820393249937 7.5
      vertex 9.123355547812947 -6.996174644486022 7.5
      vertex 8.638784067832272 -6.25 7.5
    endloop
  endfacet
  facet normal 0 0 1
    outer loop
      vertex 7.082262094271268 -8.029567276306299 7.5
      vertex 7.970432723693701 -8.917737905728732 7.5
      vertex 7.7658687515402995 -5.014424791685059 7.5
    endloop
  endfacet
  facet normal 0 0 1
    outer loop
      vertex 8.946576972490323 -9.70820393249937 7.5
      vertex 8.638784067832272 -6.25 7.5
      vertex 8.234863610037893 -5.457261466144302 7.5
    endloop
  endfacet
  facet normal 0 0 1
    outer loop
      vertex 6.291796067500631 -7.053423027509678 7.5
      vertex 7.082262094271268 -8.029567276306299 7.5
      vertex 7.7658687515402995 -5.014424791685059 7.5
    endloop
  endfacet
  facet normal 0 0 1
    outer loop
      vertex 8.946576972490323 -9.70820393249937 7.5
      vertex 7.970432723693701 -4.768395455761757 7.5
      vertex 7.970432723693701 -5.329425685262823 7.5
    endloop
  endfacet
  facet normal 0 0 1
    outer loop
      vertex 7.970432723693701 -8.917737905728732 7.5
      vertex 7.970432723693701 -5.329425685262823 7.5
      vertex 7.7658687515402995 -5.014424791685059 7.5
    endloop
  endfacet
  facet normal 0 0 1
    outer loop
      vertex 8.946576972490323 -9.70820393249937 7.5
      vertex 8.234863610037893 -5.457261466144302 7.5
      vertex 7.970432723693701 -4.768395455761757 7.5
    endloop
  endfacet
  facet normal -0.8910065241883679 -0.45399049973954675 0
    outer loop
      vertex 5.037454508288789 -4.880839716909603 5.5
      vertex 5.607695154586736 -6 5.5
      vertex 5.037454508288789 -4.880839716909603 7.5
    endloop
  endfacet
  facet normal -0.9335804264972021 -0.3583679495452993 1.9818531905381952e-17
    outer loop
      vertex 5.037454508288789 -4.880839716909603 5.5
      vertex 4.587321804458158 -3.7082039324993685 7.5
      vertex 4.587321804458158 -3.7082039324993685 5.5
    endloop
  endfacet
  facet normal 0 0 -1
    outer loop
      vertex 6.291796067500631 -7.053423027509678 5.5
      vertex 5.607695154586736 -6 5.5
      vertex 6.35 0 5.5
    endloop
  endfacet
  facet normal 0 0 -1
    outer loop
      vertex 6.291796067500631 -7.053423027509678 5.5
      vertex 6.560875652918774 -2.006347816391378 5.5
      vertex 6.822304617751769 -2.9820139957182423 5.5
    endloop
  endfacet
  facet normal 0 0 -1
    outer loop
      vertex 5.037454508288789 -4.880839716909603 5.5
      vertex 6.35 0 5.5
      vertex 5.607695154586736 -6 5.5
    endloop
  endfacet
  facet normal 0 0 -1
    outer loop
      vertex 6.291796067500631 -7.053423027509678 5.5
      vertex 6.402863709696163 -1.0086996705328561 5.5
      vertex 6.560875652918774 -2.006347816391378 5.5
    endloop
  endfacet
  facet normal -0.8910065241883679 -0.45399049973954675 0
    outer loop
      vertex 5.607695154586736 -6 5.5
      vertex 5.607695154586736 -6 7.5
      vertex 5.037454508288789 -4.880839716909603 7.5
    endloop
  endfacet
  facet normal -0.9335804264972021 -0.3583679495452993 0
    outer loop
      vertex 5.037454508288789 -4.880839716909603 5.5
      vertex 5.037454508288789 -4.880839716909603 7.5
      vertex 4.587321804458158 -3.7082039324993685 7.5
    endloop
  endfacet
  facet normal -0.965925826289068 -0.258819045102522 0
    outer loop
      vertex 4.587321804458158 -3.7082039324993685 5.5
      vertex 4.587321804458158 -3.7082039324993685 7.5
      vertex 4.262228791194332 -2.494940289813112 7.5
    endloop
  endfacet
  facet normal 0 0 1
    outer loop
      vertex 5.037454508288789 -4.880839716909603 7.5
      vertex 5.607695154586736 -6 7.5
      vertex 4 0 7.5
    endloop
  endfacet
  facet normal 0 0 1
    outer loop
      vertex 6.291796067500631 -7.053423027509678 7.5
      vertex 4 0 7.5
      vertex 5.607695154586736 -6 7.5
    endloop
  endfacet
  facet normal 0 0 1
    outer loop
      vertex 6.291796067500631 -7.053423027509678 7.5
      vertex 7.5 -2 7.5
      vertex 4 0 7.5
    endloop
  endfacet
  facet normal -0.965925826289068 -0.258819045102522 -8.303641571708618e-18
    outer loop
      vertex 4.587321804458158 -3.7082039324993685 5.5
      vertex 4.262228791194332 -2.494940289813112 7.5
      vertex 4.262228791194332 -2.494940289813112 5.5
    endloop
  endfacet
  facet normal 0 0 -1
    outer loop
      vertex 4.587321804458158 -3.7082039324993685 5.5
      vertex 4.262228791194332 -2.494940289813112 5.5
      vertex 6.35 0 5.5
    endloop
  endfacet
  facet normal -0.987688340595138 -0.1564344650402293 -3.5091624282067855e-18
    outer loop
      vertex 4.262228791194332 -2.494940289813112 5.5
      vertex 4.065737255580721 -1.2543415592118417 7.5
      vertex 4.065737255580721 -1.2543415592118417 5.5
    endloop
  endfacet
  facet normal 0 0 -1
    outer loop
      vertex 5.037454508288789 -4.880839716909603 5.5
      vertex 4.587321804458158 -3.7082039324993685 5.5
      vertex 6.35 0 5.5
    endloop
  endfacet
  facet normal 0 0 -1
    outer loop
      vertex 6.291796067500631 -7.053423027509678 5.5
      vertex 6.35 0 5.5
      vertex 6.402863709696163 -1.0086996705328561 5.5
    endloop
  endfacet
  facet normal 0 0 -1
    outer loop
      vertex 4.262228791194332 -2.494940289813112 5.5
      vertex 4.065737255580721 -1.2543415592118417 5.5
      vertex 6.35 0 5.5
    endloop
  endfacet
  facet normal 0 0 -1
    outer loop
      vertex 4.065737255580721 -1.2543415592118417 5.5
      vertex 4 0 5.5
      vertex 6.35 0 5.5
    endloop
  endfacet
  facet normal -0.9986295347545739 -0.05233595624294499 -2.3305474191229474e-18
    outer loop
      vertex 4.065737255580721 -1.2543415592118417 5.5
      vertex 4 0 7.5
      vertex 4 0 5.5
    endloop
  endfacet
  facet normal 0 0 1
    outer loop
      vertex 5.037454508288789 -4.880839716909603 7.5
      vertex 4 0 7.5
      vertex 4.587321804458158 -3.7082039324993685 7.5
    endloop
  endfacet
  facet normal -0.987688340595138 -0.1564344650402293 0
    outer loop
      vertex 4.262228791194332 -2.494940289813112 5.5
      vertex 4.262228791194332 -2.494940289813112 7.5
      vertex 4.065737255580721 -1.2543415592118417 7.5
    endloop
  endfacet
  facet normal 0 0 1
    outer loop
      vertex 4.587321804458158 -3.7082039324993685 7.5
      vertex 4 0 7.5
      vertex 4.262228791194332 -2.494940289813112 7.5
    endloop
  endfacet
  facet normal -0.9986295347545739 -0.05233595624294499 0
    outer loop
      vertex 4.065737255580721 -1.2543415592118417 5.5
      vertex 4.065737255580721 -1.2543415592118417 7.5
      vertex 4 0 7.5
    endloop
  endfacet
  facet normal 0 0 1
    outer loop
      vertex 4.262228791194332 -2.494940289813112 7.5
      vertex 4 0 7.5
      vertex 4.065737255580721 -1.2543415592118417 7.5
    endloop
  endfacet
  facet normal 0 0 1
    outer loop
      vertex 7.5 -2 7.5
      vertex 7.546563889369677 -1.1115080622249454 7.5
      vertex 4 0 7.5
    endloop
  endfacet
  facet normal 0 0 1
    outer loop
      vertex 7.546563889369677 -1.1115080622249454 7.5
      vertex 7.685745393762652 -0.23275062804904567 7.5
      vertex 4 0 7.5
    endloop
  endfacet
  facet normal 0 0 1
    outer loop
      vertex 7.685745393762652 -0.23275062804904567 7.5
      vertex 7.748110736586231 0 7.5
      vertex 4 0 7.5
    endloop
  endfacet
  facet normal 0 0 -1
    outer loop
      vertex 7.082262094271268 -8.029567276306299 5.5
      vertex 7.184286333748901 -3.925008605681472 5.5
      vertex 7.642854853480166 -4.825 5.5
    endloop
  endfacet
  facet normal 0 0 -1
    outer loop
      vertex 7.082262094271268 -8.029567276306299 5.5
      vertex 6.822304617751769 -2.9820139957182423 5.5
      vertex 7.184286333748901 -3.925008605681472 5.5
    endloop
  endfacet
  facet normal 0 0 1
    outer loop
      vertex 6.291796067500631 -7.053423027509678 7.5
      vertex 7.7658687515402995 -5.014424791685059 7.5
      vertex 7.546563889369677 -2.8884919377750546 7.5
    endloop
  endfacet
  facet normal 0 0 1
    outer loop
      vertex 7.7658687515402995 -5.014424791685059 7.5
      vertex 7.704096279548303 -3.835735810066896 7.5
      vertex 7.685745393762652 -3.767249371950954 7.5
    endloop
  endfacet
  facet normal 0 0 1
    outer loop
      vertex 6.291796067500631 -7.053423027509678 7.5
      vertex 7.546563889369677 -2.8884919377750546 7.5
      vertex 7.5 -2 7.5
    endloop
  endfacet
  facet normal 0 0 1
    outer loop
      vertex 7.7658687515402995 -5.014424791685059 7.5
      vertex 7.685745393762652 -3.767249371950954 7.5
      vertex 7.546563889369677 -2.8884919377750546 7.5
    endloop
  endfacet
  facet normal -0.15643446504022926 -0.987688340595138 1.2204038074754678e-18
    outer loop
      vertex 13.505059710186888 -11.737771208805668 5.5
      vertex 14.745658440788159 -11.934262744419279 5.5
      vertex 14.745658440788159 -11.934262744419279 7.5
    endloop
  endfacet
  facet normal -0.05233595624294499 -0.9986295347545737 -2.0444092376888274e-18
    outer loop
      vertex 14.745658440788159 -11.934262744419279 5.5
      vertex 16 -12 5.5
      vertex 16 -12 7.5
    endloop
  endfacet
  facet normal 0 0 -1
    outer loop
      vertex 13.505059710186888 -11.737771208805668 5.5
      vertex 13.993652183608623 -9.439124347081226 5.5
      vertex 14.745658440788159 -11.934262744419279 5.5
    endloop
  endfacet
  facet normal 0 0 -1
    outer loop
      vertex 14.745658440788159 -11.934262744419279 5.5
      vertex 14.991300329467144 -9.597136290303837 5.5
      vertex 16 -12 5.5
    endloop
  endfacet
  facet normal 0.05233595624294499 -0.9986295347545737 2.0444092376888274e-18
    outer loop
      vertex 16 -12 5.5
      vertex 17.25434155921184 -11.934262744419279 5.5
      vertex 17.25434155921184 -11.934262744419279 7.5
    endloop
  endfacet
  facet normal 0 0 -1
    outer loop
      vertex 16 -12 5.5
      vertex 16 -9.65 5.5
      vertex 17.25434155921184 -11.934262744419279 5.5
    endloop
  endfacet
  facet normal 0 0 -1
    outer loop
      vertex 13.993652183608623 -9.439124347081226 5.5
      vertex 14.991300329467144 -9.597136290303837 5.5
      vertex 14.745658440788159 -11.934262744419279 5.5
    endloop
  endfacet
  facet normal 0 0 -1
    outer loop
      vertex 14.991300329467144 -9.597136290303837 5.5
      vertex 16 -9.65 5.5
      vertex 16 -12 5.5
    endloop
  endfacet
  facet normal 0 0 -1
    outer loop
      vertex 17.25434155921184 -11.934262744419279 5.5
      vertex 16 -9.65 5.5
      vertex 17.008699670532856 -9.597136290303837 5.5
    endloop
  endfacet
  facet normal 0.15643446504022926 -0.987688340595138 -1.2204038074754678e-18
    outer loop
      vertex 17.25434155921184 -11.934262744419279 5.5
      vertex 18.494940289813112 -11.737771208805668 5.5
      vertex 18.494940289813112 -11.737771208805668 7.5
    endloop
  endfacet
  facet normal 0 0 -1
    outer loop
      vertex 17.25434155921184 -11.934262744419279 5.5
      vertex 17.008699670532856 -9.597136290303837 5.5
      vertex 18.494940289813112 -11.737771208805668 5.5
    endloop
  endfacet
  facet normal 0 0 -1
    outer loop
      vertex 18.494940289813112 -11.737771208805668 5.5
      vertex 18.00634781639138 -9.439124347081226 5.5
      vertex 19.70820393249937 -11.412678195541842 5.5
    endloop
  endfacet
  facet normal 0.25881904510252185 -0.9659258262890681 -9.341297568207137e-18
    outer loop
      vertex 18.494940289813112 -11.737771208805668 5.5
      vertex 19.70820393249937 -11.412678195541842 5.5
      vertex 19.70820393249937 -11.412678195541842 7.5
    endloop
  endfacet
  facet normal 0 0 -1
    outer loop
      vertex 18.98201399571824 -9.177695382248231 5.5
      vertex 20.880839716909602 -10.96254549171121 5.5
      vertex 19.70820393249937 -11.412678195541842 5.5
    endloop
  endfacet
  facet normal 0.35836794954529977 -0.9335804264972019 1.5443280659346365e-17
    outer loop
      vertex 19.70820393249937 -11.412678195541842 5.5
      vertex 20.880839716909602 -10.96254549171121 5.5
      vertex 20.880839716909602 -10.96254549171121 7.5
    endloop
  endfacet
  facet normal 0 0 -1
    outer loop
      vertex 17.008699670532856 -9.597136290303837 5.5
      vertex 18.00634781639138 -9.439124347081226 5.5
      vertex 18.494940289813112 -11.737771208805668 5.5
    endloop
  endfacet
  facet normal 0 0 -1
    outer loop
      vertex 18.00634781639138 -9.439124347081226 5.5
      vertex 18.98201399571824 -9.177695382248231 5.5
      vertex 19.70820393249937 -11.412678195541842 5.5
    endloop
  endfacet
  facet normal 0 0 -1
    outer loop
      vertex 18.98201399571824 -9.177695382248231 5.5
      vertex 19.925008605681473 -8.8157136662511 5.5
      vertex 20.880839716909602 -10.96254549171121 5.5
    endloop
  endfacet
  facet normal 0 0 -1
    outer loop
      vertex 20.880839716909602 -10.96254549171121 5.5
      vertex 19.925008605681473 -8.8157136662511 5.5
      vertex 20.825 -8.357145146519834 5.5
    endloop
  endfacet
  facet normal -0.05233595624294499 -0.9986295347545737 0
    outer loop
      vertex 14.745658440788159 -11.934262744419279 5.5
      vertex 16 -12 7.5
      vertex 14.745658440788159 -11.934262744419279 7.5
    endloop
  endfacet
  facet normal 0 0 1
    outer loop
      vertex 13.505059710186888 -11.737771208805668 7.5
      vertex 14.745658440788159 -11.934262744419279 7.5
      vertex 14.232750628049045 -10.314254606237348 7.5
    endloop
  endfacet
  facet normal 0 0 1
    outer loop
      vertex 14.745658440788159 -11.934262744419279 7.5
      vertex 16 -12 7.5
      vertex 15.111508062224946 -10.453436110630323 7.5
    endloop
  endfacet
  facet normal 0 0 1
    outer loop
      vertex 14.232750628049045 -10.314254606237348 7.5
      vertex 14.745658440788159 -11.934262744419279 7.5
      vertex 15.111508062224946 -10.453436110630323 7.5
    endloop
  endfacet
  facet normal 0 0 1
    outer loop
      vertex 15.111508062224946 -10.453436110630323 7.5
      vertex 16 -12 7.5
      vertex 16 -10.5 7.5
    endloop
  endfacet
  facet normal 0.05233595624294499 -0.9986295347545737 0
    outer loop
      vertex 16 -12 5.5
      vertex 17.25434155921184 -11.934262744419279 7.5
      vertex 16 -12 7.5
    endloop
  endfacet
  facet normal 0 0 1
    outer loop
      vertex 16 -12 7.5
      vertex 17.25434155921184 -11.934262744419279 7.5
      vertex 16 -10.5 7.5
    endloop
  endfacet
  facet normal 0 0 1
    outer loop
      vertex 17.25434155921184 -11.934262744419279 7.5
      vertex 16.888491937775054 -10.453436110630323 7.5
      vertex 16 -10.5 7.5
    endloop
  endfacet
  facet normal 0 0 1
    outer loop
      vertex 17.25434155921184 -11.934262744419279 7.5
      vertex 17.767249371950953 -10.314254606237348 7.5
      vertex 16.888491937775054 -10.453436110630323 7.5
    endloop
  endfacet
  facet normal 0.15643446504022926 -0.987688340595138 0
    outer loop
      vertex 17.25434155921184 -11.934262744419279 5.5
      vertex 18.494940289813112 -11.737771208805668 7.5
      vertex 17.25434155921184 -11.934262744419279 7.5
    endloop
  endfacet
  facet normal 0.25881904510252185 -0.9659258262890681 0
    outer loop
      vertex 18.494940289813112 -11.737771208805668 5.5
      vertex 19.70820393249937 -11.412678195541842 7.5
      vertex 18.494940289813112 -11.737771208805668 7.5
    endloop
  endfacet
  facet normal 0 0 1
    outer loop
      vertex 17.25434155921184 -11.934262744419279 7.5
      vertex 18.494940289813112 -11.737771208805668 7.5
      vertex 17.767249371950953 -10.314254606237348 7.5
    endloop
  endfacet
  facet normal 0 0 1
    outer loop
      vertex 18.494940289813112 -11.737771208805668 7.5
      vertex 18.62664445218705 -10.083980388508804 7.5
      vertex 17.767249371950953 -10.314254606237348 7.5
    endloop
  endfacet
  facet normal 0 0 1
    outer loop
      vertex 18.494940289813112 -11.737771208805668 7.5
      vertex 19.70820393249937 -11.412678195541842 7.5
      vertex 18.62664445218705 -10.083980388508804 7.5
    endloop
  endfacet
  facet normal 0.35836794954529977 -0.9335804264972019 0
    outer loop
      vertex 19.70820393249937 -11.412678195541842 5.5
      vertex 20.880839716909602 -10.96254549171121 7.5
      vertex 19.70820393249937 -11.412678195541842 7.5
    endloop
  endfacet
  facet normal 0 0 1
    outer loop
      vertex 19.70820393249937 -11.412678195541842 7.5
      vertex 20.880839716909602 -10.96254549171121 7.5
      vertex 19.457261466144303 -9.765136389962107 7.5
    endloop
  endfacet
  facet normal 0 0 1
    outer loop
      vertex 18.62664445218705 -10.083980388508804 7.5
      vertex 19.70820393249937 -11.412678195541842 7.5
      vertex 19.457261466144303 -9.765136389962107 7.5
    endloop
  endfacet
  facet normal 0 0 1
    outer loop
      vertex 19.457261466144303 -9.765136389962107 7.5
      vertex 20.880839716909602 -10.96254549171121 7.5
      vertex 20.25 -9.361215932167728 7.5
    endloop
  endfacet
  facet normal 0.4539904997395464 -0.891006524188368 -1.6717352097551155e-17
    outer loop
      vertex 20.880839716909602 -10.96254549171121 5.5
      vertex 22 -10.392304845413264 5.5
      vertex 22 -10.392304845413264 7.5
    endloop
  endfacet
  facet normal 0 0 -1
    outer loop
      vertex 20.880839716909602 -10.96254549171121 5.5
      vertex 20.825 -8.357145146519834 5.5
      vertex 22 -10.392304845413264 5.5
    endloop
  endfacet
  facet normal 0.5446390350150274 -0.8386705679454239 6.0849842993251e-18
    outer loop
      vertex 22 -10.392304845413264 5.5
      vertex 23.053423027509677 -9.70820393249937 5.5
      vertex 23.053423027509677 -9.70820393249937 7.5
    endloop
  endfacet
  facet normal 0 0 -1
    outer loop
      vertex 21.672127684622367 -7.807013995718243 5.5
      vertex 23.053423027509677 -9.70820393249937 5.5
      vertex 22 -10.392304845413264 5.5
    endloop
  endfacet
  facet normal 0.6293203910498367 -0.7771459614569715 -1.4197893305478145e-17
    outer loop
      vertex 23.053423027509677 -9.70820393249937 5.5
      vertex 24.0295672763063 -8.917737905728732 5.5
      vertex 24.0295672763063 -8.917737905728732 7.5
    endloop
  endfacet
  facet normal 0.4539904997395464 -0.891006524188368 0
    outer loop
      vertex 20.880839716909602 -10.96254549171121 5.5
      vertex 22 -10.392304845413264 7.5
      vertex 20.880839716909602 -10.96254549171121 7.5
    endloop
  endfacet
  facet normal 0.5446390350150274 -0.8386705679454239 0
    outer loop
      vertex 22 -10.392304845413264 5.5
      vertex 23.053423027509677 -9.70820393249937 7.5
      vertex 22 -10.392304845413264 7.5
    endloop
  endfacet
  facet normal 0 0 1
    outer loop
      vertex 20.25 -9.361215932167728 7.5
      vertex 20.880839716909602 -10.96254549171121 7.5
      vertex 22 -10.392304845413264 7.5
    endloop
  endfacet
  facet normal 0 0 1
    outer loop
      vertex 20.25 -9.361215932167728 7.5
      vertex 22 -10.392304845413264 7.5
      vertex 20.996174644486022 -8.876644452187053 7.5
    endloop
  endfacet
  facet normal 0 0 1
    outer loop
      vertex 20.996174644486022 -8.876644452187053 7.5
      vertex 22 -10.392304845413264 7.5
      vertex 21.687610154050297 -8.316731016557851 7.5
    endloop
  endfacet
  facet normal 0 0 1
    outer loop
      vertex 21.687610154050297 -8.316731016557851 7.5
      vertex 22 -10.392304845413264 7.5
      vertex 23.053423027509677 -9.70820393249937 7.5
    endloop
  endfacet
  facet normal 0.6293203910498367 -0.7771459614569715 0
    outer loop
      vertex 23.053423027509677 -9.70820393249937 5.5
      vertex 24.0295672763063 -8.917737905728732 7.5
      vertex 23.053423027509677 -9.70820393249937 7.5
    endloop
  endfacet
  facet normal 0 0 -1
    outer loop
      vertex 20.825 -8.357145146519834 5.5
      vertex 21.672127684622367 -7.807013995718243 5.5
      vertex 22 -10.392304845413264 5.5
    endloop
  endfacet
  facet normal 0 0 -1
    outer loop
      vertex 21.672127684622367 -7.807013995718243 5.5
      vertex 22.45711035136298 -7.171347565856855 5.5
      vertex 23.053423027509677 -9.70820393249937 5.5
    endloop
  endfacet
  facet normal 0 0 -1
    outer loop
      vertex 23.053423027509677 -9.70820393249937 5.5
      vertex 23.171347565856856 -6.457110351362982 5.5
      vertex 24.0295672763063 -8.917737905728732 5.5
    endloop
  endfacet
  facet normal 0.7071067811865475 -0.7071067811865475 0
    outer loop
      vertex 24.0295672763063 -8.917737905728732 5.5
      vertex 24.917737905728732 -8.029567276306299 5.5
      vertex 24.0295672763063 -8.917737905728732 7.5
    endloop
  endfacet
  facet normal 0 0 -1
    outer loop
      vertex 23.053423027509677 -9.70820393249937 5.5
      vertex 22.45711035136298 -7.171347565856855 5.5
      vertex 23.171347565856856 -6.457110351362982 5.5
    endloop
  endfacet
  facet normal 0 0 -1
    outer loop
      vertex 24.0295672763063 -8.917737905728732 5.5
      vertex 23.807013995718243 -5.672127684622366 5.5
      vertex 24.917737905728732 -8.029567276306299 5.5
    endloop
  endfacet
  facet normal 0 0 -1
    outer loop
      vertex 23.171347565856856 -6.457110351362982 5.5
      vertex 23.807013995718243 -5.672127684622366 5.5
      vertex 24.0295672763063 -8.917737905728732 5.5
    endloop
  endfacet
  facet normal 0 0 -1
    outer loop
      vertex 24.917737905728732 -8.029567276306299 5.5
      vertex 23.807013995718243 -5.672127684622366 5.5
      vertex 24.357145146519834 -4.825 5.5
    endloop
  endfacet
  facet normal 0.7771459614569712 -0.6293203910498371 0
    outer loop
      vertex 24.917737905728732 -8.029567276306299 5.5
      vertex 25.70820393249937 -7.053423027509678 5.5
      vertex 24.917737905728732 -8.029567276306299 7.5
    endloop
  endfacet
  facet normal 0 0 -1
    outer loop
      vertex 24.917737905728732 -8.029567276306299 5.5
      vertex 25.17769538224823 -2.9820139957182423 5.5
      vertex 25.70820393249937 -7.053423027509678 5.5
    endloop
  endfacet
  facet normal 0.838670567945424 -0.544639035015027 0
    outer loop
      vertex 25.70820393249937 -7.053423027509678 5.5
      vertex 26.392304845413264 -6 5.5
      vertex 25.70820393249937 -7.053423027509678 7.5
    endloop
  endfacet
  facet normal 0 0 1
    outer loop
      vertex 21.687610154050297 -8.316731016557851 7.5
      vertex 23.053423027509677 -9.70820393249937 7.5
      vertex 22.316731016557853 -7.6876101540502955 7.5
    endloop
  endfacet
  facet normal 0 0 1
    outer loop
      vertex 23.053423027509677 -9.70820393249937 7.5
      vertex 22.87664445218705 -6.996174644486022 7.5
      vertex 22.316731016557853 -7.6876101540502955 7.5
    endloop
  endfacet
  facet normal 0 0 1
    outer loop
      vertex 23.053423027509677 -9.70820393249937 7.5
      vertex 24.0295672763063 -8.917737905728732 7.5
      vertex 22.87664445218705 -6.996174644486022 7.5
    endloop
  endfacet
  facet normal 0 0 1
    outer loop
      vertex 22.87664445218705 -6.996174644486022 7.5
      vertex 24.0295672763063 -8.917737905728732 7.5
      vertex 23.361215932167728 -6.25 7.5
    endloop
  endfacet
  facet normal 0 0 1
    outer loop
      vertex 24.0295672763063 -8.917737905728732 7.5
      vertex 24.917737905728732 -8.029567276306299 7.5
      vertex 23.76513638996211 -5.457261466144302 7.5
    endloop
  endfacet
  facet normal 0 0 1
    outer loop
      vertex 23.361215932167728 -6.25 7.5
      vertex 24.0295672763063 -8.917737905728732 7.5
      vertex 23.76513638996211 -5.457261466144302 7.5
    endloop
  endfacet
  facet normal 0 0 1
    outer loop
      vertex 24.917737905728732 -8.029567276306299 7.5
      vertex 24.083980388508806 -4.626644452187053 7.5
      vertex 23.76513638996211 -5.457261466144302 7.5
    endloop
  endfacet
  facet normal 0.7071067811865475 -0.7071067811865475 0
    outer loop
      vertex 24.917737905728732 -8.029567276306299 5.5
      vertex 24.917737905728732 -8.029567276306299 7.5
      vertex 24.0295672763063 -8.917737905728732 7.5
    endloop
  endfacet
  facet normal 0.7771459614569712 -0.6293203910498371 1.5689641695833124e-17
    outer loop
      vertex 24.917737905728732 -8.029567276306299 7.5
      vertex 25.70820393249937 -7.053423027509678 5.5
      vertex 25.70820393249937 -7.053423027509678 7.5
    endloop
  endfacet
  facet normal 0.838670567945424 -0.544639035015027 -1.7214065734635896e-17
    outer loop
      vertex 25.70820393249937 -7.053423027509678 7.5
      vertex 26.392304845413264 -6 5.5
      vertex 26.392304845413264 -6 7.5
    endloop
  endfacet
  facet normal 0 0 -1
    outer loop
      vertex 24.917737905728732 -8.029567276306299 5.5
      vertex 24.357145146519834 -4.825 5.5
      vertex 24.8157136662511 -3.925008605681472 5.5
    endloop
  endfacet
  facet normal 0 0 -1
    outer loop
      vertex 24.917737905728732 -8.029567276306299 5.5
      vertex 24.8157136662511 -3.925008605681472 5.5
      vertex 25.17769538224823 -2.9820139957182423 5.5
    endloop
  endfacet
  facet normal 0.8910065241883679 -0.45399049973954675 0
    outer loop
      vertex 26.392304845413264 -6 5.5
      vertex 26.96254549171121 -4.880839716909603 5.5
      vertex 26.392304845413264 -6 7.5
    endloop
  endfacet
  facet normal 0 0 -1
    outer loop
      vertex 25.70820393249937 -7.053423027509678 5.5
      vertex 25.17769538224823 -2.9820139957182423 5.5
      vertex 25.439124347081226 -2.006347816391378 5.5
    endloop
  endfacet
  facet normal 0 0 -1
    outer loop
      vertex 25.70820393249937 -7.053423027509678 5.5
      vertex 25.439124347081226 -2.006347816391378 5.5
      vertex 25.597136290303837 -1.0086996705328561 5.5
    endloop
  endfacet
  facet normal 0 0 -1
    outer loop
      vertex 25.70820393249937 -7.053423027509678 5.5
      vertex 28 0 5.5
      vertex 26.392304845413264 -6 5.5
    endloop
  endfacet
  facet normal 0.9335804264972016 -0.35836794954530055 0
    outer loop
      vertex 26.96254549171121 -4.880839716909603 5.5
      vertex 27.412678195541844 -3.7082039324993685 5.5
      vertex 26.96254549171121 -4.880839716909603 7.5
    endloop
  endfacet
  facet normal 0 0 -1
    outer loop
      vertex 26.392304845413264 -6 5.5
      vertex 28 0 5.5
      vertex 26.96254549171121 -4.880839716909603 5.5
    endloop
  endfacet
  facet normal 0.9659258262890683 -0.2588190451025207 0
    outer loop
      vertex 27.412678195541844 -3.7082039324993685 5.5
      vertex 27.73777120880567 -2.494940289813112 5.5
      vertex 27.412678195541844 -3.7082039324993685 7.5
    endloop
  endfacet
  facet normal 0 0 1
    outer loop
      vertex 24.917737905728732 -8.029567276306299 7.5
      vertex 24.31425460623735 -3.767249371950954 7.5
      vertex 24.083980388508806 -4.626644452187053 7.5
    endloop
  endfacet
  facet normal 0 0 1
    outer loop
      vertex 24.917737905728732 -8.029567276306299 7.5
      vertex 24.45343611063032 -2.8884919377750546 7.5
      vertex 24.31425460623735 -3.767249371950954 7.5
    endloop
  endfacet
  facet normal 0 0 1
    outer loop
      vertex 24.917737905728732 -8.029567276306299 7.5
      vertex 25.70820393249937 -7.053423027509678 7.5
      vertex 28 0 7.5
    endloop
  endfacet
  facet normal 0.8910065241883679 -0.45399049973954675 0
    outer loop
      vertex 26.96254549171121 -4.880839716909603 5.5
      vertex 26.96254549171121 -4.880839716909603 7.5
      vertex 26.392304845413264 -6 7.5
    endloop
  endfacet
  facet normal 0 0 1
    outer loop
      vertex 24.917737905728732 -8.029567276306299 7.5
      vertex 24.5 -2 7.5
      vertex 24.45343611063032 -2.8884919377750546 7.5
    endloop
  endfacet
  facet normal 0 0 1
    outer loop
      vertex 24.917737905728732 -8.029567276306299 7.5
      vertex 24.45343611063032 -1.1115080622249454 7.5
      vertex 24.5 -2 7.5
    endloop
  endfacet
  facet normal 0 0 1
    outer loop
      vertex 24.917737905728732 -8.029567276306299 7.5
      vertex 28 0 7.5
      vertex 24.45343611063032 -1.1115080622249454 7.5
    endloop
  endfacet
  facet normal 0.9335804264972016 -0.35836794954530055 0
    outer loop
      vertex 27.412678195541844 -3.7082039324993685 5.5
      vertex 27.412678195541844 -3.7082039324993685 7.5
      vertex 26.96254549171121 -4.880839716909603 7.5
    endloop
  endfacet
  facet normal 0 0 1
    outer loop
      vertex 25.70820393249937 -7.053423027509678 7.5
      vertex 26.392304845413264 -6 7.5
      vertex 28 0 7.5
    endloop
  endfacet
  facet normal 0 0 1
    outer loop
      vertex 26.392304845413264 -6 7.5
      vertex 26.96254549171121 -4.880839716909603 7.5
      vertex 28 0 7.5
    endloop
  endfacet
  facet normal 0 0 -1
    outer loop
      vertex 25.70820393249937 -7.053423027509678 5.5
      vertex 25.597136290303837 -1.0086996705328561 5.5
      vertex 25.65 0 5.5
    endloop
  endfacet
  facet normal 0 0 -1
    outer loop
      vertex 25.70820393249937 -7.053423027509678 5.5
      vertex 25.65 0 5.5
      vertex 28 0 5.5
    endloop
  endfacet
  facet normal 0 0 -1
    outer loop
      vertex 26.96254549171121 -4.880839716909603 5.5
      vertex 28 0 5.5
      vertex 27.412678195541844 -3.7082039324993685 5.5
    endloop
  endfacet
  facet normal 0 0 -1
    outer loop
      vertex 27.412678195541844 -3.7082039324993685 5.5
      vertex 28 0 5.5
      vertex 27.73777120880567 -2.494940289813112 5.5
    endloop
  endfacet
  facet normal 0.987688340595138 -0.1564344650402293 0
    outer loop
      vertex 27.73777120880567 -2.494940289813112 5.5
      vertex 27.93426274441928 -1.2543415592118417 5.5
      vertex 27.73777120880567 -2.494940289813112 7.5
    endloop
  endfacet
  facet normal 0 0 -1
    outer loop
      vertex 27.73777120880567 -2.494940289813112 5.5
      vertex 28 0 5.5
      vertex 27.93426274441928 -1.2543415592118417 5.5
    endloop
  endfacet
  facet normal 0.9986295347545739 -0.05233595624294499 0
    outer loop
      vertex 27.93426274441928 -1.2543415592118417 5.5
      vertex 28 0 5.5
      vertex 27.93426274441928 -1.2543415592118417 7.5
    endloop
  endfacet
  facet normal 0.9659258262890683 -0.2588190451025207 -9.9141646695178e-18
    outer loop
      vertex 27.412678195541844 -3.7082039324993685 7.5
      vertex 27.73777120880567 -2.494940289813112 5.5
      vertex 27.73777120880567 -2.494940289813112 7.5
    endloop
  endfacet
  facet normal 0 0 1
    outer loop
      vertex 26.96254549171121 -4.880839716909603 7.5
      vertex 27.412678195541844 -3.7082039324993685 7.5
      vertex 28 0 7.5
    endloop
  endfacet
  facet normal 0.987688340595138 -0.1564344650402293 0
    outer loop
      vertex 27.93426274441928 -1.2543415592118417 5.5
      vertex 27.93426274441928 -1.2543415592118417 7.5
      vertex 27.73777120880567 -2.494940289813112 7.5
    endloop
  endfacet
  facet normal 0 0 1
    outer loop
      vertex 27.412678195541844 -3.7082039324993685 7.5
      vertex 27.73777120880567 -2.494940289813112 7.5
      vertex 28 0 7.5
    endloop
  endfacet
  facet normal 0 0 1
    outer loop
      vertex 24.45343611063032 -1.1115080622249454 7.5
      vertex 28 0 7.5
      vertex 24.31425460623735 -0.23275062804904567 7.5
    endloop
  endfacet
  facet normal 0 0 1
    outer loop
      vertex 24.31425460623735 -0.23275062804904567 7.5
      vertex 28 0 7.5
      vertex 24.25188926341377 0 7.5
    endloop
  endfacet
  facet normal 0 0 1
    outer loop
      vertex 27.73777120880567 -2.494940289813112 7.5
      vertex 27.93426274441928 -1.2543415592118417 7.5
      vertex 28 0 7.5
    endloop
  endfacet
  facet normal 0.9986295347545739 -0.05233595624294499 2.3305474191229474e-18
    outer loop
      vertex 27.93426274441928 -1.2543415592118417 7.5
      vertex 28 0 5.5
      vertex 28 0 7.5
    endloop
  endfacet
  facet normal 0 0 1
    outer loop
      vertex -22 10.3 11.2
      vertex -21.769900624989486 10.3 11.2
      vertex -22 10.5 11.2
    endloop
  endfacet
  facet normal 0 0 -1
    outer loop
      vertex -22 10.170220072627284 12.8
      vertex -22 10.5 12.8
      vertex -21.837700755851145 10.3 12.8
    endloop
  endfacet
  facet normal 0 0 -1
    outer loop
      vertex -21.837700755851145 10.3 12.8
      vertex -22 10.5 12.8
      vertex -21.99178284305241 10.65679269490148 12.8
    endloop
  endfacet
  facet normal 0 0 -1
    outer loop
      vertex -21.837700755851145 10.3 12.8
      vertex -21.350642743437238 10.81774036578378 12.8
      vertex -21.769900624989486 10.3 12.8
    endloop
  endfacet
  facet normal 0 0 1
    outer loop
      vertex -21.769900624989486 10.3 11.2
      vertex -21.350642743437238 10.81774036578378 11.2
      vertex -22 10.5 11.2
    endloop
  endfacet
  facet normal 0 0 1
    outer loop
      vertex -22 10.5 11.2
      vertex -21.350642743437238 10.81774036578378 11.2
      vertex -21.99178284305241 10.65679269490148 11.2
    endloop
  endfacet
  facet normal 0 0 1
    outer loop
      vertex -21.99178284305241 10.65679269490148 11.2
      vertex -21.350642743437238 10.81774036578378 11.2
      vertex -21.96722140110071 10.81186753622664 11.2
    endloop
  endfacet
  facet normal 0 0 1
    outer loop
      vertex -21.96722140110071 10.81186753622664 11.2
      vertex -21.350642743437238 10.81774036578378 11.2
      vertex -21.92658477444273 10.963525491562422 11.2
    endloop
  endfacet
  facet normal 0 0 1
    outer loop
      vertex -21.92658477444273 10.963525491562422 11.2
      vertex -21.350642743437238 10.81774036578378 11.2
      vertex -21.8703181864639 11.1101049646137 11.2
    endloop
  endfacet
  facet normal 0 0 1
    outer loop
      vertex -21.8703181864639 11.1101049646137 11.2
      vertex -21.350642743437238 10.81774036578378 11.2
      vertex -21.799038105676658 11.25 11.2
    endloop
  endfacet
  facet normal 0 0 1
    outer loop
      vertex -21.350642743437238 10.81774036578378 11.2
      vertex -21.71352549156242 11.38167787843871 11.2
      vertex -21.799038105676658 11.25 11.2
    endloop
  endfacet
  facet normal 0 0 1
    outer loop
      vertex -21.350642743437238 10.81774036578378 11.2
      vertex -21.61471723821609 11.503695909538287 11.2
      vertex -21.71352549156242 11.38167787843871 11.2
    endloop
  endfacet
  facet normal 0 0 1
    outer loop
      vertex -21.350642743437238 10.81774036578378 11.2
      vertex -21.503695909538287 11.614717238216091 11.2
      vertex -21.61471723821609 11.503695909538287 11.2
    endloop
  endfacet
  facet normal 0 0 1
    outer loop
      vertex -21.350642743437238 10.81774036578378 11.2
      vertex -21.38167787843871 11.713525491562422 11.2
      vertex -21.503695909538287 11.614717238216091 11.2
    endloop
  endfacet
  facet normal 0 0 1
    outer loop
      vertex -21.350642743437238 10.81774036578378 11.2
      vertex -20.81774036578378 11.350642743437238 11.2
      vertex -21.1101049646137 11.870318186463901 11.2
    endloop
  endfacet
  facet normal 0 0 1
    outer loop
      vertex -21.350642743437238 10.81774036578378 11.2
      vertex -21.25 11.799038105676658 11.2
      vertex -21.38167787843871 11.713525491562422 11.2
    endloop
  endfacet
  facet normal 0 0 1
    outer loop
      vertex -21.350642743437238 10.81774036578378 11.2
      vertex -21.1101049646137 11.870318186463901 11.2
      vertex -21.25 11.799038105676658 11.2
    endloop
  endfacet
  facet normal 0 0 -1
    outer loop
      vertex -21.837700755851145 10.3 12.8
      vertex -21.99178284305241 10.65679269490148 12.8
      vertex -21.96722140110071 10.81186753622664 12.8
    endloop
  endfacet
  facet normal 0 0 -1
    outer loop
      vertex -21.837700755851145 10.3 12.8
      vertex -21.96722140110071 10.81186753622664 12.8
      vertex -21.350642743437238 10.81774036578378 12.8
    endloop
  endfacet
  facet normal 0 0 -1
    outer loop
      vertex -21.96722140110071 10.81186753622664 12.8
      vertex -21.92658477444273 10.963525491562422 12.8
      vertex -21.350642743437238 10.81774036578378 12.8
    endloop
  endfacet
  facet normal 0 0 -1
    outer loop
      vertex -21.92658477444273 10.963525491562422 12.8
      vertex -21.8703181864639 11.1101049646137 12.8
      vertex -21.350642743437238 10.81774036578378 12.8
    endloop
  endfacet
  facet normal 0 0 -1
    outer loop
      vertex -21.8703181864639 11.1101049646137 12.8
      vertex -21.799038105676658 11.25 12.8
      vertex -21.350642743437238 10.81774036578378 12.8
    endloop
  endfacet
  facet normal 0 0 -1
    outer loop
      vertex -21.350642743437238 10.81774036578378 12.8
      vertex -21.799038105676658 11.25 12.8
      vertex -21.71352549156242 11.38167787843871 12.8
    endloop
  endfacet
  facet normal 0 0 -1
    outer loop
      vertex -21.350642743437238 10.81774036578378 12.8
      vertex -21.71352549156242 11.38167787843871 12.8
      vertex -21.61471723821609 11.503695909538287 12.8
    endloop
  endfacet
  facet normal 0 0 -1
    outer loop
      vertex -21.350642743437238 10.81774036578378 12.8
      vertex -21.61471723821609 11.503695909538287 12.8
      vertex -21.503695909538287 11.614717238216091 12.8
    endloop
  endfacet
  facet normal 0 0 -1
    outer loop
      vertex -21.350642743437238 10.81774036578378 12.8
      vertex -21.503695909538287 11.614717238216091 12.8
      vertex -20.81774036578378 11.350642743437238 12.8
    endloop
  endfacet
  facet normal 0 0 -1
    outer loop
      vertex -21.503695909538287 11.614717238216091 12.8
      vertex -21.38167787843871 11.713525491562422 12.8
      vertex -20.81774036578378 11.350642743437238 12.8
    endloop
  endfacet
  facet normal 0 0 -1
    outer loop
      vertex -21.38167787843871 11.713525491562422 12.8
      vertex -21.25 11.799038105676658 12.8
      vertex -20.81774036578378 11.350642743437238 12.8
    endloop
  endfacet
  facet normal 0 0 -1
    outer loop
      vertex -21.25 11.799038105676658 12.8
      vertex -21.1101049646137 11.870318186463901 12.8
      vertex -20.81774036578378 11.350642743437238 12.8
    endloop
  endfacet
  facet normal 0 0 1
    outer loop
      vertex -21.1101049646137 11.870318186463901 11.2
      vertex -20.81774036578378 11.350642743437238 11.2
      vertex -20.96352549156242 11.92658477444273 11.2
    endloop
  endfacet
  facet normal 0 0 1
    outer loop
      vertex -20.96352549156242 11.92658477444273 11.2
      vertex -20.81774036578378 11.350642743437238 11.2
      vertex -20.81186753622664 11.967221401100709 11.2
    endloop
  endfacet
  facet normal 0 0 1
    outer loop
      vertex -20.81774036578378 11.350642743437238 11.2
      vertex -20.65679269490148 11.991782843052409 11.2
      vertex -20.81186753622664 11.967221401100709 11.2
    endloop
  endfacet
  facet normal 0 0 1
    outer loop
      vertex -20.81774036578378 11.350642743437238 11.2
      vertex -20.5 12 11.2
      vertex -20.65679269490148 11.991782843052409 11.2
    endloop
  endfacet
  facet normal 0 0 1
    outer loop
      vertex -20.81774036578378 11.350642743437238 11.2
      vertex -20.232053816505807 11.824922359499622 11.2
      vertex -20.5 12 11.2
    endloop
  endfacet
  facet normal 0 0 1
    outer loop
      vertex -20.5 12 11.2
      vertex -20.232053816505807 11.824922359499622 11.2
      vertex -19.96245789195195 12 11.2
    endloop
  endfacet
  facet normal 0 0 -1
    outer loop
      vertex -21.1101049646137 11.870318186463901 12.8
      vertex -20.96352549156242 11.92658477444273 12.8
      vertex -20.81774036578378 11.350642743437238 12.8
    endloop
  endfacet
  facet normal 0 0 -1
    outer loop
      vertex -20.96352549156242 11.92658477444273 12.8
      vertex -20.81186753622664 11.967221401100709 12.8
      vertex -20.81774036578378 11.350642743437238 12.8
    endloop
  endfacet
  facet normal 0 0 -1
    outer loop
      vertex -20.81774036578378 11.350642743437238 12.8
      vertex -20.81186753622664 11.967221401100709 12.8
      vertex -20.65679269490148 11.991782843052409 12.8
    endloop
  endfacet
  facet normal 0 0 -1
    outer loop
      vertex -20.81774036578378 11.350642743437238 12.8
      vertex -20.65679269490148 11.991782843052409 12.8
      vertex -20.5 12 12.8
    endloop
  endfacet
  facet normal 0 0 -1
    outer loop
      vertex -20.81774036578378 11.350642743437238 12.8
      vertex -20.5 12 12.8
      vertex -20.232053816505807 11.824922359499622 12.8
    endloop
  endfacet
  facet normal 0 0 -1
    outer loop
      vertex -20.5 12 12.8
      vertex -19.96245789195195 12 12.8
      vertex -20.232053816505807 11.824922359499622 12.8
    endloop
  endfacet
  facet normal 0 0 1
    outer loop
      vertex -11.767946183494193 11.824922359499622 11.2
      vertex -11.18225963421622 11.350642743437238 11.2
      vertex -11.5 12 11.2
    endloop
  endfacet
  facet normal 0 0 1
    outer loop
      vertex -12.03754210804805 12 11.2
      vertex -11.767946183494193 11.824922359499622 11.2
      vertex -11.5 12 11.2
    endloop
  endfacet
  facet normal 0 0 1
    outer loop
      vertex -11.18225963421622 11.350642743437238 11.2
      vertex -10.649357256562762 10.81774036578378 11.2
      vertex -10.496304090461713 11.614717238216091 11.2
    endloop
  endfacet
  facet normal 0 0 1
    outer loop
      vertex -10.649357256562762 10.81774036578378 11.2
      vertex -10.385282761783909 11.503695909538287 11.2
      vertex -10.496304090461713 11.614717238216091 11.2
    endloop
  endfacet
  facet normal 0 0 1
    outer loop
      vertex -11.18225963421622 11.350642743437238 11.2
      vertex -10.61832212156129 11.713525491562422 11.2
      vertex -10.75 11.799038105676658 11.2
    endloop
  endfacet
  facet normal 0 0 1
    outer loop
      vertex -11.18225963421622 11.350642743437238 11.2
      vertex -10.496304090461713 11.614717238216091 11.2
      vertex -10.61832212156129 11.713525491562422 11.2
    endloop
  endfacet
  facet normal 0 0 1
    outer loop
      vertex -11.18225963421622 11.350642743437238 11.2
      vertex -11.34320730509852 11.991782843052409 11.2
      vertex -11.5 12 11.2
    endloop
  endfacet
  facet normal 0 0 1
    outer loop
      vertex -11.18225963421622 11.350642743437238 11.2
      vertex -11.18813246377336 11.967221401100709 11.2
      vertex -11.34320730509852 11.991782843052409 11.2
    endloop
  endfacet
  facet normal 0 0 1
    outer loop
      vertex -11.18225963421622 11.350642743437238 11.2
      vertex -10.8898950353863 11.870318186463901 11.2
      vertex -11.036474508437578 11.92658477444273 11.2
    endloop
  endfacet
  facet normal 0 0 1
    outer loop
      vertex -11.18225963421622 11.350642743437238 11.2
      vertex -10.75 11.799038105676658 11.2
      vertex -10.8898950353863 11.870318186463901 11.2
    endloop
  endfacet
  facet normal 0 0 1
    outer loop
      vertex -11.18225963421622 11.350642743437238 11.2
      vertex -11.036474508437578 11.92658477444273 11.2
      vertex -11.18813246377336 11.967221401100709 11.2
    endloop
  endfacet
  facet normal 0 0 -1
    outer loop
      vertex -11.767946183494193 11.824922359499622 12.8
      vertex -11.5 12 12.8
      vertex -11.18225963421622 11.350642743437238 12.8
    endloop
  endfacet
  facet normal 0 0 -1
    outer loop
      vertex -12.03754210804805 12 12.8
      vertex -11.5 12 12.8
      vertex -11.767946183494193 11.824922359499622 12.8
    endloop
  endfacet
  facet normal 0 0 -1
    outer loop
      vertex -11.18225963421622 11.350642743437238 12.8
      vertex -10.8898950353863 11.870318186463901 12.8
      vertex -10.649357256562762 10.81774036578378 12.8
    endloop
  endfacet
  facet normal 0 0 -1
    outer loop
      vertex -10.649357256562762 10.81774036578378 12.8
      vertex -10.496304090461713 11.614717238216091 12.8
      vertex -10.385282761783909 11.503695909538287 12.8
    endloop
  endfacet
  facet normal 0 0 -1
    outer loop
      vertex -10.649357256562762 10.81774036578378 12.8
      vertex -10.61832212156129 11.713525491562422 12.8
      vertex -10.496304090461713 11.614717238216091 12.8
    endloop
  endfacet
  facet normal 0 0 -1
    outer loop
      vertex -10.8898950353863 11.870318186463901 12.8
      vertex -10.75 11.799038105676658 12.8
      vertex -10.649357256562762 10.81774036578378 12.8
    endloop
  endfacet
  facet normal 0 0 -1
    outer loop
      vertex -10.649357256562762 10.81774036578378 12.8
      vertex -10.75 11.799038105676658 12.8
      vertex -10.61832212156129 11.713525491562422 12.8
    endloop
  endfacet
  facet normal 0 0 -1
    outer loop
      vertex -11.18225963421622 11.350642743437238 12.8
      vertex -11.5 12 12.8
      vertex -11.34320730509852 11.991782843052409 12.8
    endloop
  endfacet
  facet normal 0 0 -1
    outer loop
      vertex -11.18225963421622 11.350642743437238 12.8
      vertex -11.34320730509852 11.991782843052409 12.8
      vertex -11.18813246377336 11.967221401100709 12.8
    endloop
  endfacet
  facet normal 0 0 -1
    outer loop
      vertex -11.18225963421622 11.350642743437238 12.8
      vertex -11.036474508437578 11.92658477444273 12.8
      vertex -10.8898950353863 11.870318186463901 12.8
    endloop
  endfacet
  facet normal 0 0 -1
    outer loop
      vertex -11.18225963421622 11.350642743437238 12.8
      vertex -11.18813246377336 11.967221401100709 12.8
      vertex -11.036474508437578 11.92658477444273 12.8
    endloop
  endfacet
  facet normal 0 0 1
    outer loop
      vertex -10.230099375010514 10.3 11.2
      vertex -10.162299244148853 10.3 11.2
      vertex -10.649357256562762 10.81774036578378 11.2
    endloop
  endfacet
  facet normal 0 0 1
    outer loop
      vertex -10.162299244148853 10.3 11.2
      vertex -10 10.170220072627284 11.2
      vertex -10 10.5 11.2
    endloop
  endfacet
  facet normal 0 0 1
    outer loop
      vertex -10.162299244148853 10.3 11.2
      vertex -10 10.5 11.2
      vertex -10.008217156947591 10.65679269490148 11.2
    endloop
  endfacet
  facet normal 0 0 -1
    outer loop
      vertex -10.230099375010514 10.3 12.8
      vertex -10 10.5 12.8
      vertex -10 10.3 12.8
    endloop
  endfacet
  facet normal 0 0 1
    outer loop
      vertex -10.162299244148853 10.3 11.2
      vertex -10.032778598899291 10.81186753622664 11.2
      vertex -10.649357256562762 10.81774036578378 11.2
    endloop
  endfacet
  facet normal 0 0 1
    outer loop
      vertex -10.162299244148853 10.3 11.2
      vertex -10.008217156947591 10.65679269490148 11.2
      vertex -10.032778598899291 10.81186753622664 11.2
    endloop
  endfacet
  facet normal 0 0 1
    outer loop
      vertex -10.649357256562762 10.81774036578378 11.2
      vertex -10.032778598899291 10.81186753622664 11.2
      vertex -10.07341522555727 10.963525491562422 11.2
    endloop
  endfacet
  facet normal 0 0 1
    outer loop
      vertex -10.649357256562762 10.81774036578378 11.2
      vertex -10.07341522555727 10.963525491562422 11.2
      vertex -10.129681813536099 11.1101049646137 11.2
    endloop
  endfacet
  facet normal 0 0 1
    outer loop
      vertex -10.649357256562762 10.81774036578378 11.2
      vertex -10.129681813536099 11.1101049646137 11.2
      vertex -10.200961894323342 11.25 11.2
    endloop
  endfacet
  facet normal 0 0 1
    outer loop
      vertex -10.649357256562762 10.81774036578378 11.2
      vertex -10.200961894323342 11.25 11.2
      vertex -10.286474508437578 11.38167787843871 11.2
    endloop
  endfacet
  facet normal 0 0 1
    outer loop
      vertex -10.649357256562762 10.81774036578378 11.2
      vertex -10.286474508437578 11.38167787843871 11.2
      vertex -10.385282761783909 11.503695909538287 11.2
    endloop
  endfacet
  facet normal 0 0 -1
    outer loop
      vertex -10.230099375010514 10.3 12.8
      vertex -10.649357256562762 10.81774036578378 12.8
      vertex -10 10.5 12.8
    endloop
  endfacet
  facet normal 0 0 -1
    outer loop
      vertex -10.649357256562762 10.81774036578378 12.8
      vertex -10.008217156947591 10.65679269490148 12.8
      vertex -10 10.5 12.8
    endloop
  endfacet
  facet normal 0 0 -1
    outer loop
      vertex -10.649357256562762 10.81774036578378 12.8
      vertex -10.032778598899291 10.81186753622664 12.8
      vertex -10.008217156947591 10.65679269490148 12.8
    endloop
  endfacet
  facet normal 0 0 -1
    outer loop
      vertex -10.649357256562762 10.81774036578378 12.8
      vertex -10.07341522555727 10.963525491562422 12.8
      vertex -10.032778598899291 10.81186753622664 12.8
    endloop
  endfacet
  facet normal 0 0 -1
    outer loop
      vertex -10.649357256562762 10.81774036578378 12.8
      vertex -10.129681813536099 11.1101049646137 12.8
      vertex -10.07341522555727 10.963525491562422 12.8
    endloop
  endfacet
  facet normal 0 0 -1
    outer loop
      vertex -10.649357256562762 10.81774036578378 12.8
      vertex -10.200961894323342 11.25 12.8
      vertex -10.129681813536099 11.1101049646137 12.8
    endloop
  endfacet
  facet normal 0 0 -1
    outer loop
      vertex -10.649357256562762 10.81774036578378 12.8
      vertex -10.286474508437578 11.38167787843871 12.8
      vertex -10.200961894323342 11.25 12.8
    endloop
  endfacet
  facet normal 0 0 -1
    outer loop
      vertex -10.649357256562762 10.81774036578378 12.8
      vertex -10.385282761783909 11.503695909538287 12.8
      vertex -10.286474508437578 11.38167787843871 12.8
    endloop
  endfacet
  facet normal -0.7771459614569707 0.6293203910498378 0
    outer loop
      vertex -21.769900624989486 10.3 11.2
      vertex -21.769900624989486 10.3 12.8
      vertex -21.350642743437238 10.81774036578378 12.8
    endloop
  endfacet
  facet normal -0.7771459614569707 0.6293203910498378 8.494546846855305e-18
    outer loop
      vertex -21.769900624989486 10.3 11.2
      vertex -21.350642743437238 10.81774036578378 12.8
      vertex -21.350642743437238 10.81774036578378 11.2
    endloop
  endfacet
  facet normal -0.7071067811865476 0.7071067811865476 0
    outer loop
      vertex -21.350642743437238 10.81774036578378 11.2
      vertex -21.350642743437238 10.81774036578378 12.8
      vertex -20.81774036578378 11.350642743437238 12.8
    endloop
  endfacet
  facet normal -0.7071067811865476 0.7071067811865476 2.0696559334771033e-17
    outer loop
      vertex -21.350642743437238 10.81774036578378 11.2
      vertex -20.81774036578378 11.350642743437238 12.8
      vertex -20.81774036578378 11.350642743437238 11.2
    endloop
  endfacet
  facet normal -0.6293203910498381 0.7771459614569702 -1.5161348686035247e-17
    outer loop
      vertex -20.81774036578378 11.350642743437238 11.2
      vertex -20.232053816505807 11.824922359499622 12.8
      vertex -20.232053816505807 11.824922359499622 11.2
    endloop
  endfacet
  facet normal -0.5446390350150256 0.8386705679454249 1.2382971364467495e-18
    outer loop
      vertex -20.232053816505807 11.824922359499622 11.2
      vertex -19.96245789195195 12 12.8
      vertex -19.96245789195195 12 11.2
    endloop
  endfacet
  facet normal -0.6293203910498381 0.7771459614569702 0
    outer loop
      vertex -20.81774036578378 11.350642743437238 11.2
      vertex -20.81774036578378 11.350642743437238 12.8
      vertex -20.232053816505807 11.824922359499622 12.8
    endloop
  endfacet
  facet normal -0.5446390350150256 0.8386705679454249 0
    outer loop
      vertex -20.232053816505807 11.824922359499622 11.2
      vertex -20.232053816505807 11.824922359499622 12.8
      vertex -19.96245789195195 12 12.8
    endloop
  endfacet
  facet normal 0.7071067811865476 0.7071067811865476 -2.0696559334771033e-17
    outer loop
      vertex -11.18225963421622 11.350642743437238 11.2
      vertex -10.649357256562762 10.81774036578378 12.8
      vertex -10.649357256562762 10.81774036578378 11.2
    endloop
  endfacet
  facet normal 0.6293203910498381 0.7771459614569702 1.5161348686035247e-17
    outer loop
      vertex -11.767946183494193 11.824922359499622 11.2
      vertex -11.18225963421622 11.350642743437238 12.8
      vertex -11.18225963421622 11.350642743437238 11.2
    endloop
  endfacet
  facet normal 0.5446390350150256 0.8386705679454249 -1.2382971364467495e-18
    outer loop
      vertex -12.03754210804805 12 11.2
      vertex -11.767946183494193 11.824922359499622 12.8
      vertex -11.767946183494193 11.824922359499622 11.2
    endloop
  endfacet
  facet normal 0.7771459614569707 0.6293203910498378 -8.494546846855305e-18
    outer loop
      vertex -10.230099375010514 10.3 12.8
      vertex -10.649357256562762 10.81774036578378 11.2
      vertex -10.649357256562762 10.81774036578378 12.8
    endloop
  endfacet
  facet normal 0.7071067811865476 0.7071067811865476 0
    outer loop
      vertex -11.18225963421622 11.350642743437238 11.2
      vertex -11.18225963421622 11.350642743437238 12.8
      vertex -10.649357256562762 10.81774036578378 12.8
    endloop
  endfacet
  facet normal 0.5446390350150256 0.8386705679454249 0
    outer loop
      vertex -12.03754210804805 12 11.2
      vertex -12.03754210804805 12 12.8
      vertex -11.767946183494193 11.824922359499622 12.8
    endloop
  endfacet
  facet normal 0.6293203910498381 0.7771459614569702 0
    outer loop
      vertex -11.767946183494193 11.824922359499622 11.2
      vertex -11.767946183494193 11.824922359499622 12.8
      vertex -11.18225963421622 11.350642743437238 12.8
    endloop
  endfacet
  facet normal 0.7771459614569707 0.6293203910498378 0
    outer loop
      vertex -10.230099375010514 10.3 11.2
      vertex -10.649357256562762 10.81774036578378 11.2
      vertex -10.230099375010514 10.3 12.8
    endloop
  endfacet
  facet normal 0.933580426497206 -0.358367949545289 0
    outer loop
      vertex -20.659081833977265 0.07435687968658078 0
      vertex -20.659081833977265 0.07435687968658078 6.5
      vertex -20.687624765846397 0 0
    endloop
  endfacet
  facet normal 0.8910065241883659 -0.4539904997395508 4.119727046952961e-19
    outer loop
      vertex -20.659081833977265 0.07435687968658078 0
      vertex -20.416729559300634 0.5499999999999998 0
      vertex -20.416729559300634 0.5499999999999998 6.5
    endloop
  endfacet
  facet normal 0.8386705679454278 -0.5446390350150212 -3.969479645216172e-18
    outer loop
      vertex -20.416729559300634 0.5499999999999998 0
      vertex -20.125986671312234 0.9977047866916129 0
      vertex -20.125986671312234 0.9977047866916129 6.5
    endloop
  endfacet
  facet normal 0.7771459614569703 -0.6293203910498382 -3.313325915854698e-18
    outer loop
      vertex -20.125986671312234 0.9977047866916129 0
      vertex -19.79003860993471 1.4125660924301768 0
      vertex -19.79003860993471 1.4125660924301768 6.5
    endloop
  endfacet
  facet normal 0.707106781186545 -0.70710678118655 1.2565842353048085e-18
    outer loop
      vertex -19.79003860993471 1.4125660924301768 0
      vertex -19.412566092430176 1.7900386099347103 0
      vertex -19.412566092430176 1.7900386099347103 6.5
    endloop
  endfacet
  facet normal 0.6293203910498375 -0.7771459614569708 2.2786729425375537e-16
    outer loop
      vertex -19.412566092430176 1.7900386099347103 0
      vertex -19.015926097237305 2.1112313449684414 0
      vertex -18.997704786691614 2.1259866713122317 6.5
    endloop
  endfacet
  facet normal 0.6293203910498669 -0.7771459614569471 9.381171504457837e-17
    outer loop
      vertex -19.015926097237305 2.1112313449684414 0
      vertex -18.998715464508795 2.1251682405531733 0
      vertex -18.997704786691614 2.1259866713122317 6.5
    endloop
  endfacet
  facet normal 0.6293203910502313 -0.7771459614566519 -3.670722411122053e-21
    outer loop
      vertex -18.998715464508795 2.1251682405531733 0
      vertex -18.997704786691614 2.1259866713122317 0
      vertex -18.997704786691614 2.1259866713122317 6.5
    endloop
  endfacet
  facet normal 0.5446390350150259 -0.8386705679454248 -1.5200794939360479e-18
    outer loop
      vertex -18.997704786691614 2.1259866713122317 0
      vertex -18.55 2.416729559300636 0
      vertex -18.55 2.416729559300636 6.5
    endloop
  endfacet
  facet normal 0.4539904997395452 -0.8910065241883687 -1.7762186261546044e-18
    outer loop
      vertex -18.55 2.416729559300636 0
      vertex -18.07435687968658 2.6590818339772637 0
      vertex -18.07435687968658 2.6590818339772637 6.5
    endloop
  endfacet
  facet normal 0.3583679495453011 -0.9335804264972014 0
    outer loop
      vertex -18.07435687968658 2.6590818339772637 0
      vertex -17.733577578666434 2.7898947515234056 0
      vertex -18.07435687968658 2.6590818339772637 6.5
    endloop
  endfacet
  facet normal 0.35836794954530327 -0.9335804264972005 1.9392952705973266e-19
    outer loop
      vertex -17.733577578666434 2.7898947515234056 0
      vertex -17.575986671312233 2.8503882331052823 0
      vertex -17.575986671312233 2.8503882331052823 6.5
    endloop
  endfacet
  facet normal 0.25881904510251824 -0.965925826289069 0
    outer loop
      vertex -17.575986671312233 2.8503882331052823 0
      vertex -17.462674771444306 2.8807500651677294 0
      vertex -17.575986671312233 2.8503882331052823 6.5
    endloop
  endfacet
  facet normal 0.25881904510252124 -0.9659258262890682 7.057600406008814e-17
    outer loop
      vertex -17.462674771444306 2.8807500651677294 0
      vertex -17.25434155921184 2.936572781142 0
      vertex -17.060349623170573 2.9885527637424083 6.5
    endloop
  endfacet
  facet normal 0.2588190451025355 -0.9659258262890643 -3.843679917060014e-16
    outer loop
      vertex -17.25434155921184 2.936572781142 0
      vertex -17.214681887542014 2.9471995581380144 0
      vertex -17.060349623170573 2.9885527637424083 6.5
    endloop
  endfacet
  facet normal 0.25881904510252035 -0.9659258262890683 1.1029169551576544e-19
    outer loop
      vertex -17.214681887542014 2.9471995581380144 0
      vertex -17.060349623170573 2.9885527637424083 0
      vertex -17.060349623170573 2.9885527637424083 6.5
    endloop
  endfacet
  facet normal -0.2588190451025223 -0.965925826289068 1.2025674011656388e-18
    outer loop
      vertex -14.939650376829427 2.9885527637424083 0
      vertex -14.424013328687769 2.8503882331052823 0
      vertex -14.424013328687769 2.8503882331052823 6.5
    endloop
  endfacet
  facet normal -0.3583679495452996 -0.9335804264972021 9.887747838021454e-19
    outer loop
      vertex -14.424013328687769 2.8503882331052823 0
      vertex -13.925643120313419 2.6590818339772637 0
      vertex -13.925643120313419 2.6590818339772637 6.5
    endloop
  endfacet
  facet normal 0.933580426497206 -0.358367949545289 2.2396356573113984e-19
    outer loop
      vertex -20.659081833977265 0.07435687968658078 6.5
      vertex -20.687624765846397 0 6.5
      vertex -20.687624765846397 0 0
    endloop
  endfacet
  facet normal 0.8910065241883659 -0.4539904997395508 0
    outer loop
      vertex -20.659081833977265 0.07435687968658078 0
      vertex -20.416729559300634 0.5499999999999998 6.5
      vertex -20.659081833977265 0.07435687968658078 6.5
    endloop
  endfacet
  facet normal 0.8386705679454278 -0.5446390350150212 0
    outer loop
      vertex -20.416729559300634 0.5499999999999998 0
      vertex -20.125986671312234 0.9977047866916129 6.5
      vertex -20.416729559300634 0.5499999999999998 6.5
    endloop
  endfacet
  facet normal 0.7771459614569703 -0.6293203910498382 0
    outer loop
      vertex -20.125986671312234 0.9977047866916129 0
      vertex -19.79003860993471 1.4125660924301768 6.5
      vertex -20.125986671312234 0.9977047866916129 6.5
    endloop
  endfacet
  facet normal 0.707106781186545 -0.70710678118655 0
    outer loop
      vertex -19.79003860993471 1.4125660924301768 0
      vertex -19.412566092430176 1.7900386099347103 6.5
      vertex -19.79003860993471 1.4125660924301768 6.5
    endloop
  endfacet
  facet normal 0.6293203910498397 -0.777145961456969 0
    outer loop
      vertex -19.412566092430176 1.7900386099347103 0
      vertex -18.997704786691614 2.1259866713122317 6.5
      vertex -19.412566092430176 1.7900386099347103 6.5
    endloop
  endfacet
  facet normal 0.5446390350150259 -0.8386705679454248 0
    outer loop
      vertex -18.997704786691614 2.1259866713122317 0
      vertex -18.55 2.416729559300636 6.5
      vertex -18.997704786691614 2.1259866713122317 6.5
    endloop
  endfacet
  facet normal 0.4539904997395452 -0.8910065241883687 0
    outer loop
      vertex -18.55 2.416729559300636 0
      vertex -18.07435687968658 2.6590818339772637 6.5
      vertex -18.55 2.416729559300636 6.5
    endloop
  endfacet
  facet normal 0.3583679495453018 -0.9335804264972012 4.028977471459956e-17
    outer loop
      vertex -17.733577578666434 2.7898947515234056 0
      vertex -17.575986671312233 2.8503882331052823 6.5
      vertex -18.07435687968658 2.6590818339772637 6.5
    endloop
  endfacet
  facet normal 0.2588190451025214 -0.9659258262890681 5.933961106541502e-17
    outer loop
      vertex -17.462674771444306 2.8807500651677294 0
      vertex -17.060349623170573 2.9885527637424083 6.5
      vertex -17.575986671312233 2.8503882331052823 6.5
    endloop
  endfacet
  facet normal -0.2588190451025223 -0.965925826289068 0
    outer loop
      vertex -14.939650376829427 2.9885527637424083 0
      vertex -14.424013328687769 2.8503882331052823 6.5
      vertex -14.939650376829427 2.9885527637424083 6.5
    endloop
  endfacet
  facet normal -0.3583679495452996 -0.9335804264972021 0
    outer loop
      vertex -14.424013328687769 2.8503882331052823 0
      vertex -13.925643120313419 2.6590818339772637 6.5
      vertex -14.424013328687769 2.8503882331052823 6.5
    endloop
  endfacet
  facet normal 0.15643446504022954 -0.9876883405951379 -1.147860527905297e-19
    outer loop
      vertex -17.060349623170573 2.9885527637424083 0
      vertex -16.53309516266503 3.0720616663781932 0
      vertex -16.53309516266503 3.0720616663781932 6.5
    endloop
  endfacet
  facet normal 0.052335956242945694 -0.9986295347545737 -3.845174105431715e-21
    outer loop
      vertex -16.53309516266503 3.0720616663781932 0
      vertex -16.35 3.081657277250935 0
      vertex -16.35 3.081657277250935 6.5
    endloop
  endfacet
  facet normal -0.05233595624294469 -0.9986295347545739 -3.518123016141643e-20
    outer loop
      vertex -15.65 3.081657277250935 0
      vertex -15.466904837334967 3.0720616663781932 0
      vertex -15.466904837334967 3.0720616663781932 6.5
    endloop
  endfacet
  facet normal -0.15643446504023006 -0.9876883405951378 0
    outer loop
      vertex -14.939650376829427 2.9885527637424083 0
      vertex -14.939650376829427 2.9885527637424083 6.5
      vertex -15.466904837334967 3.0720616663781932 0
    endloop
  endfacet
  facet normal 0.15643446504022954 -0.9876883405951379 0
    outer loop
      vertex -17.060349623170573 2.9885527637424083 0
      vertex -16.53309516266503 3.0720616663781932 6.5
      vertex -17.060349623170573 2.9885527637424083 6.5
    endloop
  endfacet
  facet normal 0.052335956242945694 -0.9986295347545737 0
    outer loop
      vertex -16.53309516266503 3.0720616663781932 0
      vertex -16.35 3.081657277250935 6.5
      vertex -16.53309516266503 3.0720616663781932 6.5
    endloop
  endfacet
  facet normal -0.05233595624294469 -0.9986295347545739 0
    outer loop
      vertex -15.65 3.081657277250935 0
      vertex -15.466904837334967 3.0720616663781932 6.5
      vertex -15.65 3.081657277250935 6.5
    endloop
  endfacet
  facet normal -0.15643446504023006 -0.9876883405951378 0
    outer loop
      vertex -15.466904837334967 3.0720616663781932 0
      vertex -14.939650376829427 2.9885527637424083 6.5
      vertex -15.466904837334967 3.0720616663781932 6.5
    endloop
  endfacet
  facet normal -0.8910065241883671 -0.45399049973954814 -8.826371846863686e-19
    outer loop
      vertex -11.583270440699364 0.5499999999999998 0
      vertex -11.340918166022735 0.07435687968658078 0
      vertex -11.340918166022735 0.07435687968658078 6.5
    endloop
  endfacet
  facet normal -0.8386705679454248 -0.5446390350150259 0
    outer loop
      vertex -11.583270440699364 0.5499999999999998 0
      vertex -11.583270440699364 0.5499999999999998 6.5
      vertex -11.874013328687768 0.9977047866916129 0
    endloop
  endfacet
  facet normal -0.933580426497206 -0.358367949545289 -2.2396356573113984e-19
    outer loop
      vertex -11.340918166022735 0.07435687968658078 0
      vertex -11.312375234153603 0 0
      vertex -11.312375234153603 0 6.5
    endloop
  endfacet
  facet normal -0.7771459614569703 -0.6293203910498382 3.313325915854698e-18
    outer loop
      vertex -12.20996139006529 1.4125660924301768 0
      vertex -11.874013328687768 0.9977047866916129 0
      vertex -11.874013328687768 0.9977047866916129 6.5
    endloop
  endfacet
  facet normal -0.7071067811865475 -0.7071067811865475 1.1883714647697217e-19
    outer loop
      vertex -12.232977688119599 1.4355823904844853 0
      vertex -12.20996139006529 1.4125660924301768 0
      vertex -12.20996139006529 1.4125660924301768 6.5
    endloop
  endfacet
  facet normal -0.7071067811865556 -0.7071067811865396 5.64274532472633e-17
    outer loop
      vertex -12.29179606750063 1.4944007698655186 0
      vertex -12.232977688119599 1.4355823904844853 0
      vertex -12.20996139006529 1.4125660924301768 6.5
    endloop
  endfacet
  facet normal -0.5446390350150259 -0.8386705679454248 0
    outer loop
      vertex -13.002295213308386 2.1259866713122317 0
      vertex -13.002295213308386 2.1259866713122317 6.5
      vertex -13.45 2.416729559300636 0
    endloop
  endfacet
  facet normal -0.7071067811865457 -0.7071067811865495 -1.9226776061405298e-16
    outer loop
      vertex -12.29179606750063 1.4944007698655186 0
      vertex -12.20996139006529 1.4125660924301768 6.5
      vertex -12.586424703869696 1.7890294062345824 0
    endloop
  endfacet
  facet normal -0.7071067811869365 -0.7071067811861586 -1.0112455330504734e-20
    outer loop
      vertex -12.586424703869696 1.7890294062345824 0
      vertex -12.587433907569823 1.7900386099347103 6.5
      vertex -12.587433907569823 1.7900386099347103 0
    endloop
  endfacet
  facet normal -0.6293203910498357 -0.7771459614569722 1.5212041891677748e-18
    outer loop
      vertex -12.787602296205247 1.9521317750020488 0
      vertex -12.587433907569823 1.7900386099347103 0
      vertex -12.587433907569823 1.7900386099347103 6.5
    endloop
  endfacet
  facet normal -0.6293203910498403 -0.7771459614569687 2.267531411448723e-16
    outer loop
      vertex -13.002295213308386 2.1259866713122317 0
      vertex -12.787602296205247 1.9521317750020488 0
      vertex -12.587433907569823 1.7900386099347103 6.5
    endloop
  endfacet
  facet normal -0.4539904997395465 -0.891006524188368 1.8605728800309607e-18
    outer loop
      vertex -13.925643120313419 2.6590818339772637 0
      vertex -13.45 2.416729559300636 0
      vertex -13.45 2.416729559300636 6.5
    endloop
  endfacet
  facet normal -0.8910065241883671 -0.45399049973954814 0
    outer loop
      vertex -11.583270440699364 0.5499999999999998 0
      vertex -11.340918166022735 0.07435687968658078 6.5
      vertex -11.583270440699364 0.5499999999999998 6.5
    endloop
  endfacet
  facet normal -0.933580426497206 -0.358367949545289 0
    outer loop
      vertex -11.340918166022735 0.07435687968658078 0
      vertex -11.312375234153603 0 6.5
      vertex -11.340918166022735 0.07435687968658078 6.5
    endloop
  endfacet
  facet normal -0.8386705679454248 -0.5446390350150259 0
    outer loop
      vertex -11.874013328687768 0.9977047866916129 0
      vertex -11.583270440699364 0.5499999999999998 6.5
      vertex -11.874013328687768 0.9977047866916129 6.5
    endloop
  endfacet
  facet normal -0.7771459614569703 -0.6293203910498382 0
    outer loop
      vertex -12.20996139006529 1.4125660924301768 0
      vertex -11.874013328687768 0.9977047866916129 6.5
      vertex -12.20996139006529 1.4125660924301768 6.5
    endloop
  endfacet
  facet normal -0.7071067811865483 -0.7071067811865467 1.2052491752355138e-16
    outer loop
      vertex -12.586424703869696 1.7890294062345824 0
      vertex -12.20996139006529 1.4125660924301768 6.5
      vertex -12.587433907569823 1.7900386099347103 6.5
    endloop
  endfacet
  facet normal -0.6293203910498381 -0.7771459614569703 0
    outer loop
      vertex -13.002295213308386 2.1259866713122317 0
      vertex -12.587433907569823 1.7900386099347103 6.5
      vertex -13.002295213308386 2.1259866713122317 6.5
    endloop
  endfacet
  facet normal -0.4539904997395465 -0.891006524188368 0
    outer loop
      vertex -13.925643120313419 2.6590818339772637 0
      vertex -13.45 2.416729559300636 6.5
      vertex -13.925643120313419 2.6590818339772637 6.5
    endloop
  endfacet
  facet normal -0.5446390350150259 -0.8386705679454248 0
    outer loop
      vertex -13.45 2.416729559300636 0
      vertex -13.002295213308386 2.1259866713122317 6.5
      vertex -13.45 2.416729559300636 6.5
    endloop
  endfacet
  facet normal 0.45399049973954586 0.8910065241883683 0
    outer loop
      vertex 13.45 -6.416729559300636 0
      vertex 13.45 -6.416729559300636 6.5
      vertex 13.505059710186888 -6.444783882882644 0
    endloop
  endfacet
  facet normal 0.4539904997395448 0.8910065241883689 -1.1001365157788993e-17
    outer loop
      vertex 13.505059710186888 -6.444783882882644 0
      vertex 13.45 -6.416729559300636 6.5
      vertex 13.775238803106175 -6.58244700664634 0
    endloop
  endfacet
  facet normal 0.45399049973954986 0.8910065241883663 3.067093677903222e-16
    outer loop
      vertex 13.775238803106175 -6.58244700664634 0
      vertex 13.45 -6.416729559300636 6.5
      vertex 13.925643120313419 -6.659081833977264 0
    endloop
  endfacet
  facet normal 0.5446390350150259 0.8386705679454248 0
    outer loop
      vertex 13.002295213308386 -6.125986671312232 0
      vertex 13.002295213308386 -6.125986671312232 6.5
      vertex 13.45 -6.416729559300636 0
    endloop
  endfacet
  facet normal 0.6293203910498385 0.77714596145697 0
    outer loop
      vertex 13.002295213308386 -6.125986671312232 0
      vertex 12.587433907569823 -5.79003860993471 6.5
      vertex 13.002295213308386 -6.125986671312232 6.5
    endloop
  endfacet
  facet normal 0.4539904997395465 0.891006524188368 0
    outer loop
      vertex 13.925643120313419 -6.659081833977264 0
      vertex 13.45 -6.416729559300636 6.5
      vertex 13.925643120313419 -6.659081833977264 6.5
    endloop
  endfacet
  facet normal 0.5446390350150259 0.8386705679454248 0
    outer loop
      vertex 13.45 -6.416729559300636 0
      vertex 13.002295213308386 -6.125986671312232 6.5
      vertex 13.45 -6.416729559300636 6.5
    endloop
  endfacet
  facet normal 0.7071067811865513 0.7071067811865437 0
    outer loop
      vertex 12.20996139006529 -5.412566092430177 0
      vertex 12.20996139006529 -5.412566092430177 6.5
      vertex 12.29179606750063 -5.494400769865519 0
    endloop
  endfacet
  facet normal 0.7771459614569707 0.6293203910498377 3.123433576876716e-19
    outer loop
      vertex 12.20996139006529 -5.412566092430177 0
      vertex 11.874013328687768 -4.997704786691613 0
      vertex 11.874013328687768 -4.997704786691613 6.5
    endloop
  endfacet
  facet normal 0.8386705679454248 0.5446390350150259 1.5200794939360479e-18
    outer loop
      vertex 11.874013328687768 -4.997704786691613 0
      vertex 11.583270440699364 -4.55 0
      vertex 11.583270440699364 -4.55 6.5
    endloop
  endfacet
  facet normal 0.7071067811865475 0.7071067811865475 -5.7510631133971725e-21
    outer loop
      vertex 12.586514315661008 -5.789119018025895 0
      vertex 12.587433907569823 -5.79003860993471 6.5
      vertex 12.587433907569823 -5.79003860993471 0
    endloop
  endfacet
  facet normal 0.6293203910498385 0.77714596145697 -1.6847071744634889e-18
    outer loop
      vertex 13.002295213308386 -6.125986671312232 0
      vertex 12.587433907569823 -5.79003860993471 0
      vertex 12.587433907569823 -5.79003860993471 6.5
    endloop
  endfacet
  facet normal 0.7071067811865464 0.7071067811865486 -1.2194070079583462e-16
    outer loop
      vertex 12.586514315661008 -5.789119018025895 0
      vertex 12.29179606750063 -5.494400769865519 0
      vertex 12.20996139006529 -5.412566092430177 6.5
    endloop
  endfacet
  facet normal 0.891006524188367 0.4539904997395485 0
    outer loop
      vertex 11.340918166022735 -4.074356879686581 0
      vertex 11.340918166022735 -4.074356879686581 6.5
      vertex 11.583270440699364 -4.55 0
    endloop
  endfacet
  facet normal 0.933580426497203 0.35836794954529727 1.12874242395259e-18
    outer loop
      vertex 11.340918166022735 -4.074356879686581 0
      vertex 11.149611766894719 -3.575986671312232 0
      vertex 11.149611766894719 -3.575986671312232 6.5
    endloop
  endfacet
  facet normal 0.9659258262890678 0.25881904510252296 0
    outer loop
      vertex 11.011447236257592 -3.0603496231705725 0
      vertex 11.011447236257592 -3.0603496231705725 6.5
      vertex 11.149611766894719 -3.575986671312232 0
    endloop
  endfacet
  facet normal 0.7771459614569707 0.6293203910498377 0
    outer loop
      vertex 12.20996139006529 -5.412566092430177 0
      vertex 11.874013328687768 -4.997704786691613 6.5
      vertex 12.20996139006529 -5.412566092430177 6.5
    endloop
  endfacet
  facet normal 0.8386705679454248 0.5446390350150259 0
    outer loop
      vertex 11.874013328687768 -4.997704786691613 0
      vertex 11.583270440699364 -4.55 6.5
      vertex 11.874013328687768 -4.997704786691613 6.5
    endloop
  endfacet
  facet normal 0.7071067811865476 0.7071067811865476 -5.228367488879947e-21
    outer loop
      vertex 12.586514315661008 -5.789119018025895 0
      vertex 12.20996139006529 -5.412566092430177 6.5
      vertex 12.587433907569823 -5.79003860993471 6.5
    endloop
  endfacet
  facet normal 0.933580426497203 0.35836794954529727 0
    outer loop
      vertex 11.340918166022735 -4.074356879686581 0
      vertex 11.149611766894719 -3.575986671312232 6.5
      vertex 11.340918166022735 -4.074356879686581 6.5
    endloop
  endfacet
  facet normal 0.891006524188367 0.4539904997395485 0
    outer loop
      vertex 11.583270440699364 -4.55 0
      vertex 11.340918166022735 -4.074356879686581 6.5
      vertex 11.583270440699364 -4.55 6.5
    endloop
  endfacet
  facet normal 0.9659258262890678 0.25881904510252296 0
    outer loop
      vertex 11.149611766894719 -3.575986671312232 0
      vertex 11.011447236257592 -3.0603496231705725 6.5
      vertex 11.149611766894719 -3.575986671312232 6.5
    endloop
  endfacet
  facet normal 0.9876883405951378 0.15643446504023034 2.4960668617010297e-19
    outer loop
      vertex 11.011447236257592 -3.0603496231705725 0
      vertex 10.927938333621807 -2.533095162665033 0
      vertex 10.927938333621807 -2.533095162665033 6.5
    endloop
  endfacet
  facet normal 0.9986295347545739 0.052335956242944646 -2.0854475310081397e-19
    outer loop
      vertex 10.927938333621807 -2.533095162665033 0
      vertex 10.9 -2 0
      vertex 10.9 -2 6.5
    endloop
  endfacet
  facet normal 0.9986295347545738 -0.05233595624294466 -7.947315547564968e-20
    outer loop
      vertex 10.9 -2 0
      vertex 10.927938333621807 -1.4669048373349673 0
      vertex 10.927938333621807 -1.4669048373349673 6.5
    endloop
  endfacet
  facet normal 0.9876883405951378 -0.15643446504023026 -9.0495627076224e-19
    outer loop
      vertex 10.927938333621807 -1.4669048373349673 0
      vertex 11.011447236257592 -0.9396503768294275 0
      vertex 11.011447236257592 -0.9396503768294275 6.5
    endloop
  endfacet
  facet normal 0.9659258262890676 -0.25881904510252307 6.979927673437972e-19
    outer loop
      vertex 11.011447236257592 -0.9396503768294275 0
      vertex 11.149611766894719 -0.4240133286877683 0
      vertex 11.149611766894719 -0.4240133286877683 6.5
    endloop
  endfacet
  facet normal 0.9335804264972022 -0.3583679495452988 1.918459105555134e-18
    outer loop
      vertex 11.149611766894719 -0.4240133286877683 0
      vertex 11.312375234153603 0 0
      vertex 11.312375234153603 0 6.5
    endloop
  endfacet
  facet normal 0.9876883405951378 0.15643446504023034 0
    outer loop
      vertex 11.011447236257592 -3.0603496231705725 0
      vertex 10.927938333621807 -2.533095162665033 6.5
      vertex 11.011447236257592 -3.0603496231705725 6.5
    endloop
  endfacet
  facet normal 0.9986295347545739 0.052335956242944646 0
    outer loop
      vertex 10.927938333621807 -2.533095162665033 0
      vertex 10.9 -2 6.5
      vertex 10.927938333621807 -2.533095162665033 6.5
    endloop
  endfacet
  facet normal 0.9986295347545738 -0.05233595624294466 0
    outer loop
      vertex 10.9 -2 0
      vertex 10.927938333621807 -1.4669048373349673 6.5
      vertex 10.9 -2 6.5
    endloop
  endfacet
  facet normal 0.9876883405951378 -0.15643446504023026 0
    outer loop
      vertex 10.927938333621807 -1.4669048373349673 0
      vertex 11.011447236257592 -0.9396503768294275 6.5
      vertex 10.927938333621807 -1.4669048373349673 6.5
    endloop
  endfacet
  facet normal 0.9659258262890676 -0.25881904510252307 0
    outer loop
      vertex 11.011447236257592 -0.9396503768294275 0
      vertex 11.149611766894719 -0.4240133286877683 6.5
      vertex 11.011447236257592 -0.9396503768294275 6.5
    endloop
  endfacet
  facet normal 0.9335804264972022 -0.3583679495452988 0
    outer loop
      vertex 11.149611766894719 -0.4240133286877683 0
      vertex 11.312375234153603 0 6.5
      vertex 11.149611766894719 -0.4240133286877683 6.5
    endloop
  endfacet
  facet normal 0.25881904510252157 0.9659258262890682 0
    outer loop
      vertex 14.424013328687769 -6.850388233105282 0
      vertex 14.424013328687769 -6.850388233105282 6.5
      vertex 14.745658440788159 -6.936572781142 0
    endloop
  endfacet
  facet normal 0.25881904510252346 0.9659258262890676 1.0126163980533089e-16
    outer loop
      vertex 14.745658440788159 -6.936572781142 0
      vertex 14.424013328687769 -6.850388233105282 6.5
      vertex 14.939650376829427 -6.988552763742408 0
    endloop
  endfacet
  facet normal 0.15643446504022615 0.9876883405951384 0
    outer loop
      vertex 14.939650376829427 -6.988552763742408 0
      vertex 14.939650376829427 -6.988552763742408 6.5
      vertex 14.986224554520442 -6.995929388809575 0
    endloop
  endfacet
  facet normal 0.15643446504023045 0.9876883405951378 3.1635729762398485e-17
    outer loop
      vertex 14.986224554520442 -6.995929388809575 0
      vertex 14.939650376829427 -6.988552763742408 6.5
      vertex 15.466904837334967 -7.072061666378193 0
    endloop
  endfacet
  facet normal 0.052335956242944646 0.9986295347545739 0
    outer loop
      vertex 15.466904837334967 -7.072061666378193 0
      vertex 15.466904837334967 -7.072061666378193 6.5
      vertex 16 -7.1 0
    endloop
  endfacet
  facet normal 0.3583679495452996 0.9335804264972021 9.887747838021454e-19
    outer loop
      vertex 14.424013328687769 -6.850388233105282 0
      vertex 13.925643120313419 -6.659081833977264 0
      vertex 13.925643120313419 -6.659081833977264 6.5
    endloop
  endfacet
  facet normal -0.05233595624294481 0.9986295347545738 0
    outer loop
      vertex 16 -7.1 0
      vertex 16 -7.1 6.5
      vertex 16.53309516266503 -7.072061666378193 0
    endloop
  endfacet
  facet normal -0.15643446504022954 0.9876883405951379 0
    outer loop
      vertex 16.53309516266503 -7.072061666378193 0
      vertex 16.53309516266503 -7.072061666378193 6.5
      vertex 17.060349623170573 -6.988552763742408 0
    endloop
  endfacet
  facet normal -0.25881904510252346 0.9659258262890676 0
    outer loop
      vertex 17.060349623170573 -6.988552763742408 0
      vertex 17.060349623170573 -6.988552763742408 6.5
      vertex 17.25434155921184 -6.936572781142 0
    endloop
  endfacet
  facet normal -0.2588190451025202 0.9659258262890685 1.0562846398015832e-16
    outer loop
      vertex 17.25434155921184 -6.936572781142 0
      vertex 17.060349623170573 -6.988552763742408 6.5
      vertex 17.51998978945069 -6.865392552378744 0
    endloop
  endfacet
  facet normal -0.25881904510252035 0.9659258262890684 -7.746319660266552e-21
    outer loop
      vertex 17.51998978945069 -6.865392552378744 0
      vertex 17.575986671312233 -6.850388233105282 6.5
      vertex 17.575986671312233 -6.850388233105282 0
    endloop
  endfacet
  facet normal -0.3583679495453018 0.9335804264972012 0
    outer loop
      vertex 17.575986671312233 -6.850388233105282 0
      vertex 17.575986671312233 -6.850388233105282 6.5
      vertex 18.07435687968658 -6.659081833977264 0
    endloop
  endfacet
  facet normal -0.4539904997395451 0.8910065241883688 0
    outer loop
      vertex 18.07435687968658 -6.659081833977264 0
      vertex 18.07435687968658 -6.659081833977264 6.5
      vertex 18.494940289813112 -6.444783882882644 0
    endloop
  endfacet
  facet normal -0.45399049973954586 0.8910065241883683 1.4001018805226608e-19
    outer loop
      vertex 18.494940289813112 -6.444783882882644 0
      vertex 18.55 -6.416729559300636 6.5
      vertex 18.55 -6.416729559300636 0
    endloop
  endfacet
  facet normal -0.5446390350150275 0.8386705679454237 0
    outer loop
      vertex 18.55 -6.416729559300636 0
      vertex 18.55 -6.416729559300636 6.5
      vertex 18.78168959198242 -6.2662685790024195 0
    endloop
  endfacet
  facet normal -0.5446390350150242 0.8386705679454259 1.673223038538658e-16
    outer loop
      vertex 18.78168959198242 -6.2662685790024195 0
      vertex 18.55 -6.416729559300636 6.5
      vertex 18.997704786691614 -6.125986671312232 0
    endloop
  endfacet
  facet normal -0.6293203910498402 0.7771459614569687 0
    outer loop
      vertex 18.997704786691614 -6.125986671312232 0
      vertex 18.997704786691614 -6.125986671312232 6.5
      vertex 19.412566092430176 -5.79003860993471 0
    endloop
  endfacet
  facet normal 0.3583679495452996 0.9335804264972021 0
    outer loop
      vertex 14.424013328687769 -6.850388233105282 0
      vertex 13.925643120313419 -6.659081833977264 6.5
      vertex 14.424013328687769 -6.850388233105282 6.5
    endloop
  endfacet
  facet normal 0.2588190451025223 0.965925826289068 0
    outer loop
      vertex 14.939650376829427 -6.988552763742408 0
      vertex 14.424013328687769 -6.850388233105282 6.5
      vertex 14.939650376829427 -6.988552763742408 6.5
    endloop
  endfacet
  facet normal 0.15643446504023006 0.9876883405951378 0
    outer loop
      vertex 15.466904837334967 -7.072061666378193 0
      vertex 14.939650376829427 -6.988552763742408 6.5
      vertex 15.466904837334967 -7.072061666378193 6.5
    endloop
  endfacet
  facet normal 0.052335956242944646 0.9986295347545739 -2.0854475310081397e-19
    outer loop
      vertex 15.466904837334967 -7.072061666378193 6.5
      vertex 16 -7.1 6.5
      vertex 16 -7.1 0
    endloop
  endfacet
  facet normal -0.05233595624294481 0.9986295347545738 0
    outer loop
      vertex 16.53309516266503 -7.072061666378193 0
      vertex 16 -7.1 6.5
      vertex 16.53309516266503 -7.072061666378193 6.5
    endloop
  endfacet
  facet normal -0.15643446504022954 0.9876883405951379 0
    outer loop
      vertex 17.060349623170573 -6.988552763742408 0
      vertex 16.53309516266503 -7.072061666378193 6.5
      vertex 17.060349623170573 -6.988552763742408 6.5
    endloop
  endfacet
  facet normal -0.2588190451025214 0.9659258262890681 9.893530473964968e-18
    outer loop
      vertex 17.51998978945069 -6.865392552378744 0
      vertex 17.060349623170573 -6.988552763742408 6.5
      vertex 17.575986671312233 -6.850388233105282 6.5
    endloop
  endfacet
  facet normal -0.3583679495453018 0.9335804264972012 0
    outer loop
      vertex 18.07435687968658 -6.659081833977264 0
      vertex 17.575986671312233 -6.850388233105282 6.5
      vertex 18.07435687968658 -6.659081833977264 6.5
    endloop
  endfacet
  facet normal -0.4539904997395452 0.8910065241883687 -7.196846400205629e-18
    outer loop
      vertex 18.494940289813112 -6.444783882882644 0
      vertex 18.07435687968658 -6.659081833977264 6.5
      vertex 18.55 -6.416729559300636 6.5
    endloop
  endfacet
  facet normal -0.5446390350150259 0.8386705679454248 0
    outer loop
      vertex 18.997704786691614 -6.125986671312232 0
      vertex 18.55 -6.416729559300636 6.5
      vertex 18.997704786691614 -6.125986671312232 6.5
    endloop
  endfacet
  facet normal -0.7071067811865444 0.7071067811865507 0
    outer loop
      vertex 19.412566092430176 -5.79003860993471 0
      vertex 19.412566092430176 -5.79003860993471 6.5
      vertex 19.70820393249937 -5.494400769865519 0
    endloop
  endfacet
  facet normal -0.7071067811865437 0.7071067811865513 -4.599750563474974e-19
    outer loop
      vertex 19.70820393249937 -5.494400769865519 0
      vertex 19.79003860993471 -5.412566092430177 6.5
      vertex 19.79003860993471 -5.412566092430177 0
    endloop
  endfacet
  facet normal -0.7771459614569741 0.6293203910498333 0
    outer loop
      vertex 19.79003860993471 -5.412566092430177 0
      vertex 19.79003860993471 -5.412566092430177 6.5
      vertex 19.889001395910142 -5.29035722942633 0
    endloop
  endfacet
  facet normal -0.7771459614569691 0.6293203910498394 1.9153963414352202e-16
    outer loop
      vertex 19.889001395910142 -5.29035722942633 0
      vertex 19.79003860993471 -5.412566092430177 6.5
      vertex 20.125986671312234 -4.997704786691613 0
    endloop
  endfacet
  facet normal -0.8386705679454278 0.5446390350150212 0
    outer loop
      vertex 20.125986671312234 -4.997704786691613 0
      vertex 20.125986671312234 -4.997704786691613 6.5
      vertex 20.416729559300634 -4.55 0
    endloop
  endfacet
  facet normal -0.8910065241883657 0.4539904997395512 0
    outer loop
      vertex 20.416729559300634 -4.55 0
      vertex 20.416729559300634 -4.55 6.5
      vertex 20.659081833977265 -4.074356879686581 0
    endloop
  endfacet
  facet normal -0.933580426497203 0.35836794954529727 0
    outer loop
      vertex 20.659081833977265 -4.074356879686581 0
      vertex 20.659081833977265 -4.074356879686581 6.5
      vertex 20.85038823310528 -3.575986671312232 0
    endloop
  endfacet
  facet normal -0.9659258262890678 0.25881904510252296 0
    outer loop
      vertex 20.85038823310528 -3.575986671312232 0
      vertex 20.85038823310528 -3.575986671312232 6.5
      vertex 20.98855276374241 -3.0603496231705725 0
    endloop
  endfacet
  facet normal -0.6293203910498402 0.7771459614569687 -2.3202074097194115e-18
    outer loop
      vertex 18.997704786691614 -6.125986671312232 6.5
      vertex 19.412566092430176 -5.79003860993471 6.5
      vertex 19.412566092430176 -5.79003860993471 0
    endloop
  endfacet
  facet normal -0.7071067811865442 0.7071067811865509 1.2364284376618751e-17
    outer loop
      vertex 19.70820393249937 -5.494400769865519 0
      vertex 19.412566092430176 -5.79003860993471 6.5
      vertex 19.79003860993471 -5.412566092430177 6.5
    endloop
  endfacet
  facet normal -0.7771459614569707 0.6293203910498377 0
    outer loop
      vertex 20.125986671312234 -4.997704786691613 0
      vertex 19.79003860993471 -5.412566092430177 6.5
      vertex 20.125986671312234 -4.997704786691613 6.5
    endloop
  endfacet
  facet normal -0.8386705679454278 0.5446390350150212 0
    outer loop
      vertex 20.416729559300634 -4.55 0
      vertex 20.125986671312234 -4.997704786691613 6.5
      vertex 20.416729559300634 -4.55 6.5
    endloop
  endfacet
  facet normal -0.8910065241883657 0.4539904997395512 0
    outer loop
      vertex 20.659081833977265 -4.074356879686581 0
      vertex 20.416729559300634 -4.55 6.5
      vertex 20.659081833977265 -4.074356879686581 6.5
    endloop
  endfacet
  facet normal -0.933580426497203 0.35836794954529727 0
    outer loop
      vertex 20.85038823310528 -3.575986671312232 0
      vertex 20.659081833977265 -4.074356879686581 6.5
      vertex 20.85038823310528 -3.575986671312232 6.5
    endloop
  endfacet
  facet normal -0.9659258262890678 0.25881904510252296 0
    outer loop
      vertex 20.98855276374241 -3.0603496231705725 0
      vertex 20.85038823310528 -3.575986671312232 6.5
      vertex 20.98855276374241 -3.0603496231705725 6.5
    endloop
  endfacet
  facet normal -0.9659258262890676 -0.25881904510252307 0
    outer loop
      vertex 20.98855276374241 -0.9396503768294275 0
      vertex 20.98855276374241 -0.9396503768294275 6.5
      vertex 20.85038823310528 -0.4240133286877683 0
    endloop
  endfacet
  facet normal -0.9335804264972022 -0.3583679495452988 0
    outer loop
      vertex 20.85038823310528 -0.4240133286877683 0
      vertex 20.85038823310528 -0.4240133286877683 6.5
      vertex 20.687624765846397 0 0
    endloop
  endfacet
  facet normal -0.9659258262890676 -0.25881904510252307 0
    outer loop
      vertex 20.85038823310528 -0.4240133286877683 0
      vertex 20.98855276374241 -0.9396503768294275 6.5
      vertex 20.85038823310528 -0.4240133286877683 6.5
    endloop
  endfacet
  facet normal -0.9335804264972022 -0.3583679495452988 -1.918459105555134e-18
    outer loop
      vertex 20.85038823310528 -0.4240133286877683 6.5
      vertex 20.687624765846397 0 6.5
      vertex 20.687624765846397 0 0
    endloop
  endfacet
  facet normal -0.9876883405951378 0.15643446504023034 0
    outer loop
      vertex 20.98855276374241 -3.0603496231705725 0
      vertex 20.98855276374241 -3.0603496231705725 6.5
      vertex 21.072061666378193 -2.533095162665033 0
    endloop
  endfacet
  facet normal -0.9986295347545737 0.052335956242947956 0
    outer loop
      vertex 21.072061666378193 -2.533095162665033 0
      vertex 21.072061666378193 -2.533095162665033 6.5
      vertex 21.1 -2 0
    endloop
  endfacet
  facet normal -0.9986295347545737 -0.05233595624294798 0
    outer loop
      vertex 21.1 -2 0
      vertex 21.1 -2 6.5
      vertex 21.072061666378193 -1.4669048373349673 0
    endloop
  endfacet
  facet normal -0.9876883405951378 -0.15643446504023026 0
    outer loop
      vertex 21.072061666378193 -1.4669048373349673 0
      vertex 21.072061666378193 -1.4669048373349673 6.5
      vertex 20.98855276374241 -0.9396503768294275 0
    endloop
  endfacet
  facet normal -0.9876883405951378 0.15643446504023034 0
    outer loop
      vertex 21.072061666378193 -2.533095162665033 0
      vertex 20.98855276374241 -3.0603496231705725 6.5
      vertex 21.072061666378193 -2.533095162665033 6.5
    endloop
  endfacet
  facet normal -0.9986295347545737 0.052335956242947956 0
    outer loop
      vertex 21.1 -2 0
      vertex 21.072061666378193 -2.533095162665033 6.5
      vertex 21.1 -2 6.5
    endloop
  endfacet
  facet normal -0.9986295347545737 -0.05233595624294798 0
    outer loop
      vertex 21.072061666378193 -1.4669048373349673 0
      vertex 21.1 -2 6.5
      vertex 21.072061666378193 -1.4669048373349673 6.5
    endloop
  endfacet
  facet normal -0.9876883405951378 -0.15643446504023026 0
    outer loop
      vertex 20.98855276374241 -0.9396503768294275 0
      vertex 21.072061666378193 -1.4669048373349673 6.5
      vertex 20.98855276374241 -0.9396503768294275 6.5
    endloop
  endfacet
  facet normal 0 0 1
    outer loop
      vertex -24.083980388508806 0.6266444521870529 6.5
      vertex -24.25188926341377 0 6.5
      vertex -20.687624765846397 0 6.5
    endloop
  endfacet
  facet normal 0 0 1
    outer loop
      vertex -24.083980388508806 0.6266444521870529 6.5
      vertex -20.687624765846397 0 6.5
      vertex -23.76513638996211 1.4572614661443017 6.5
    endloop
  endfacet
  facet normal 0 0 1
    outer loop
      vertex -23.76513638996211 1.4572614661443017 6.5
      vertex -20.687624765846397 0 6.5
      vertex -23.361215932167728 2.25 6.5
    endloop
  endfacet
  facet normal 0 0 1
    outer loop
      vertex -23.361215932167728 2.25 6.5
      vertex -20.687624765846397 0 6.5
      vertex -22.87664445218705 2.9961746444860218 6.5
    endloop
  endfacet
  facet normal 0 0 1
    outer loop
      vertex -22.87664445218705 2.9961746444860218 6.5
      vertex -20.687624765846397 0 6.5
      vertex -22.316731016557853 3.6876101540502955 6.5
    endloop
  endfacet
  facet normal 0 0 1
    outer loop
      vertex -22.316731016557853 3.6876101540502955 6.5
      vertex -20.687624765846397 0 6.5
      vertex -21.687610154050297 4.316731016557851 6.5
    endloop
  endfacet
  facet normal 0.9659258262890685 -0.25881904510251963 0
    outer loop
      vertex -24.083980388508806 0.6266444521870529 6.5
      vertex -24.083980388508806 0.6266444521870529 7.5
      vertex -24.25188926341377 0 6.5
    endloop
  endfacet
  facet normal 0.9659258262890685 -0.25881904510251963 1.0585504095393253e-18
    outer loop
      vertex -24.083980388508806 0.6266444521870529 7.5
      vertex -24.25188926341377 0 7.5
      vertex -24.25188926341377 0 6.5
    endloop
  endfacet
  facet normal 0.9335804264972021 -0.35836794954529955 2.7335159755595327e-17
    outer loop
      vertex -24.083980388508806 0.6266444521870529 6.5
      vertex -23.76513638996211 1.4572614661443017 6.5
      vertex -23.76513638996211 1.4572614661443017 7.5
    endloop
  endfacet
  facet normal 0.9335804264972021 -0.35836794954529955 0
    outer loop
      vertex -24.083980388508806 0.6266444521870529 6.5
      vertex -23.76513638996211 1.4572614661443017 7.5
      vertex -24.083980388508806 0.6266444521870529 7.5
    endloop
  endfacet
  facet normal 0.8910065241883668 -0.45399049973954875 2.6411763503894235e-19
    outer loop
      vertex -23.76513638996211 1.4572614661443017 6.5
      vertex -23.361215932167728 2.25 6.5
      vertex -23.361215932167728 2.25 7.5
    endloop
  endfacet
  facet normal 0.8910065241883668 -0.45399049973954875 0
    outer loop
      vertex -23.76513638996211 1.4572614661443017 6.5
      vertex -23.361215932167728 2.25 7.5
      vertex -23.76513638996211 1.4572614661443017 7.5
    endloop
  endfacet
  facet normal 0.8386705679454236 -0.5446390350150278 2.7355807615788385e-15
    outer loop
      vertex -23.361215932167728 2.25 6.5
      vertex -22.87664445218705 2.9961746444860218 6.5
      vertex -22.923283548178937 2.9243567346241375 7.5
    endloop
  endfacet
  facet normal 0.8386705679454254 -0.5446390350150249 0
    outer loop
      vertex -23.361215932167728 2.25 6.5
      vertex -22.923283548178937 2.9243567346241375 7.5
      vertex -23.361215932167728 2.25 7.5
    endloop
  endfacet
  facet normal 0.838670567945406 -0.544639035015055 0
    outer loop
      vertex -22.87664445218705 2.9961746444860218 6.5
      vertex -22.87664445218705 2.9961746444860218 7.5
      vertex -22.923283548178937 2.9243567346241375 7.5
    endloop
  endfacet
  facet normal 0 0 1
    outer loop
      vertex -21.687610154050297 4.316731016557851 6.5
      vertex -20.687624765846397 0 6.5
      vertex -20.996174644486022 4.876644452187053 6.5
    endloop
  endfacet
  facet normal 0.7771459614569742 -0.6293203910498333 0
    outer loop
      vertex -22.87664445218705 2.9961746444860218 6.5
      vertex -22.712296767278893 3.199127133262227 7.5
      vertex -22.87664445218705 2.9961746444860218 7.5
    endloop
  endfacet
  facet normal 0.7771459614569731 -0.6293203910498346 4.474710711715758e-16
    outer loop
      vertex -22.87664445218705 2.9961746444860218 6.5
      vertex -22.316731016557853 3.6876101540502955 6.5
      vertex -22.712296767278893 3.199127133262227 7.5
    endloop
  endfacet
  facet normal 0.7771459614569727 -0.6293203910498352 0
    outer loop
      vertex -22.316731016557853 3.6876101540502955 6.5
      vertex -22.316731016557853 3.6876101540502955 7.5
      vertex -22.712296767278893 3.199127133262227 7.5
    endloop
  endfacet
  facet normal 0.7071067811865476 -0.7071067811865476 -1.2541708414745176e-15
    outer loop
      vertex -22.316731016557853 3.6876101540502955 6.5
      vertex -21.687610154050297 4.316731016557851 6.5
      vertex -22 4.004341170608146 7.5
    endloop
  endfacet
  facet normal 0.7071067811865456 -0.7071067811865495 0
    outer loop
      vertex -22.316731016557853 3.6876101540502955 6.5
      vertex -22 4.004341170608146 7.5
      vertex -22.316731016557853 3.6876101540502955 7.5
    endloop
  endfacet
  facet normal 0.7071067811865495 -0.7071067811865456 -2.1329831939892874e-17
    outer loop
      vertex -21.687610154050297 4.316731016557851 6.5
      vertex -22 4.004341170608146 8.220487386583066
      vertex -22 4.004341170608146 7.5
    endloop
  endfacet
  facet normal 0 0 1
    outer loop
      vertex -20.659081833977265 0.07435687968658078 6.5
      vertex -20.996174644486022 4.876644452187053 6.5
      vertex -20.687624765846397 0 6.5
    endloop
  endfacet
  facet normal 0 0 1
    outer loop
      vertex -20.659081833977265 0.07435687968658078 6.5
      vertex -20.416729559300634 0.5499999999999998 6.5
      vertex -20.996174644486022 4.876644452187053 6.5
    endloop
  endfacet
  facet normal 0 0 1
    outer loop
      vertex -20.416729559300634 0.5499999999999998 6.5
      vertex -20.125986671312234 0.9977047866916129 6.5
      vertex -20.25 5.361215932167728 6.5
    endloop
  endfacet
  facet normal 0 0 1
    outer loop
      vertex -20.125986671312234 0.9977047866916129 6.5
      vertex -19.79003860993471 1.4125660924301768 6.5
      vertex -20.25 5.361215932167728 6.5
    endloop
  endfacet
  facet normal 0 0 1
    outer loop
      vertex -19.79003860993471 1.4125660924301768 6.5
      vertex -19.412566092430176 1.7900386099347103 6.5
      vertex -20.25 5.361215932167728 6.5
    endloop
  endfacet
  facet normal 0 0 1
    outer loop
      vertex -20.416729559300634 0.5499999999999998 6.5
      vertex -20.25 5.361215932167728 6.5
      vertex -20.996174644486022 4.876644452187053 6.5
    endloop
  endfacet
  facet normal 0 0 1
    outer loop
      vertex -19.412566092430176 1.7900386099347103 6.5
      vertex -18.997704786691614 2.1259866713122317 6.5
      vertex -19.457261466144303 5.765136389962107 6.5
    endloop
  endfacet
  facet normal 0 0 1
    outer loop
      vertex -19.412566092430176 1.7900386099347103 6.5
      vertex -19.457261466144303 5.765136389962107 6.5
      vertex -20.25 5.361215932167728 6.5
    endloop
  endfacet
  facet normal 0 0 1
    outer loop
      vertex -19.457261466144303 5.765136389962107 6.5
      vertex -18.997704786691614 2.1259866713122317 6.5
      vertex -18.55 2.416729559300636 6.5
    endloop
  endfacet
  facet normal 0 0 1
    outer loop
      vertex -18.55 2.416729559300636 6.5
      vertex -18.07435687968658 2.6590818339772637 6.5
      vertex -18.62664445218705 6.083980388508804 6.5
    endloop
  endfacet
  facet normal 0 0 1
    outer loop
      vertex -18.07435687968658 2.6590818339772637 6.5
      vertex -17.575986671312233 2.8503882331052823 6.5
      vertex -17.204435091445944 4.662339314140691 6.5
    endloop
  endfacet
  facet normal 0 0 1
    outer loop
      vertex -18.07435687968658 2.6590818339772637 6.5
      vertex -17.204435091445944 4.662339314140691 6.5
      vertex -17.33766068585931 4.795564908554055 6.5
    endloop
  endfacet
  facet normal 0 0 1
    outer loop
      vertex -18.07435687968658 2.6590818339772637 6.5
      vertex -17.33766068585931 4.795564908554055 6.5
      vertex -17.456230589874906 4.941986545873548 6.5
    endloop
  endfacet
  facet normal 0 0 1
    outer loop
      vertex -18.07435687968658 2.6590818339772637 6.5
      vertex -17.456230589874906 4.941986545873548 6.5
      vertex -17.558845726811988 5.1 6.5
    endloop
  endfacet
  facet normal 0 0 1
    outer loop
      vertex -18.07435687968658 2.6590818339772637 6.5
      vertex -17.558845726811988 5.1 6.5
      vertex -17.64438182375668 5.26787404246356 6.5
    endloop
  endfacet
  facet normal 0 0 1
    outer loop
      vertex -18.07435687968658 2.6590818339772637 6.5
      vertex -17.64438182375668 5.26787404246356 6.5
      vertex -17.711901729331277 5.443769410125094 6.5
    endloop
  endfacet
  facet normal 0 0 1
    outer loop
      vertex -19.457261466144303 5.765136389962107 6.5
      vertex -18.55 2.416729559300636 6.5
      vertex -18.62664445218705 6.083980388508804 6.5
    endloop
  endfacet
  facet normal 0 0 1
    outer loop
      vertex -18.07435687968658 2.6590818339772637 6.5
      vertex -17.711901729331277 5.443769410125094 6.5
      vertex -17.76066568132085 5.625758956528033 6.5
    endloop
  endfacet
  facet normal 0 0 1
    outer loop
      vertex -18.07435687968658 2.6590818339772637 6.5
      vertex -17.76066568132085 5.625758956528033 6.5
      vertex -17.790139411662892 5.811848766118223 6.5
    endloop
  endfacet
  facet normal 0 0 1
    outer loop
      vertex -18.07435687968658 2.6590818339772637 6.5
      vertex -17.790139411662892 5.811848766118223 6.5
      vertex -17.8 6 6.5
    endloop
  endfacet
  facet normal 0 0 1
    outer loop
      vertex -18.07435687968658 2.6590818339772637 6.5
      vertex -17.8 6 6.5
      vertex -18.62664445218705 6.083980388508804 6.5
    endloop
  endfacet
  facet normal 0 0 1
    outer loop
      vertex -17.575986671312233 2.8503882331052823 6.5
      vertex -17.060349623170573 2.9885527637424083 6.5
      vertex -17.204435091445944 4.662339314140691 6.5
    endloop
  endfacet
  facet normal 0 0 1
    outer loop
      vertex -17.060349623170573 2.9885527637424083 6.5
      vertex -16.53309516266503 3.0720616663781932 6.5
      vertex -16.9 4.44115427318801 6.5
    endloop
  endfacet
  facet normal 0 0 1
    outer loop
      vertex -16.53309516266503 3.0720616663781932 6.5
      vertex -16.35 3.081657277250935 6.5
      vertex -16.374241043471965 4.23933431867915 6.5
    endloop
  endfacet
  facet normal 0 0 1
    outer loop
      vertex -17.060349623170573 2.9885527637424083 6.5
      vertex -17.058013454126453 4.543769410125094 6.5
      vertex -17.204435091445944 4.662339314140691 6.5
    endloop
  endfacet
  facet normal 0 0 1
    outer loop
      vertex -17.060349623170573 2.9885527637424083 6.5
      vertex -16.9 4.44115427318801 6.5
      vertex -17.058013454126453 4.543769410125094 6.5
    endloop
  endfacet
  facet normal 0 0 1
    outer loop
      vertex -16.9 4.44115427318801 6.5
      vertex -16.53309516266503 3.0720616663781932 6.5
      vertex -16.73212595753644 4.355618176243318 6.5
    endloop
  endfacet
  facet normal 0 0 1
    outer loop
      vertex -16.53309516266503 3.0720616663781932 6.5
      vertex -16.556230589874904 4.288098270668724 6.5
      vertex -16.73212595753644 4.355618176243318 6.5
    endloop
  endfacet
  facet normal 0 0 1
    outer loop
      vertex -16.53309516266503 3.0720616663781932 6.5
      vertex -16.374241043471965 4.23933431867915 6.5
      vertex -16.556230589874904 4.288098270668724 6.5
    endloop
  endfacet
  facet normal 0 0 1
    outer loop
      vertex -16.35 3.081657277250935 6.5
      vertex -16.35 4.23549491457596 6.5
      vertex -16.374241043471965 4.23933431867915 6.5
    endloop
  endfacet
  facet normal 0 0 1
    outer loop
      vertex -15.65 3.081657277250935 6.5
      vertex -15.466904837334967 3.0720616663781932 6.5
      vertex -15.65 4.23549491457596 6.5
    endloop
  endfacet
  facet normal 0 0 1
    outer loop
      vertex -14.939650376829427 2.9885527637424083 6.5
      vertex -15.625758956528033 4.23933431867915 6.5
      vertex -15.466904837334967 3.0720616663781932 6.5
    endloop
  endfacet
  facet normal 0 0 1
    outer loop
      vertex -14.939650376829427 2.9885527637424083 6.5
      vertex -14.424013328687769 2.8503882331052823 6.5
      vertex -15.1 4.44115427318801 6.5
    endloop
  endfacet
  facet normal 0 0 1
    outer loop
      vertex -14.424013328687769 2.8503882331052823 6.5
      vertex -13.925643120313419 2.6590818339772637 6.5
      vertex -14.795564908554056 4.662339314140691 6.5
    endloop
  endfacet
  facet normal 0 0 1
    outer loop
      vertex -15.466904837334967 3.0720616663781932 6.5
      vertex -15.625758956528033 4.23933431867915 6.5
      vertex -15.65 4.23549491457596 6.5
    endloop
  endfacet
  facet normal 0 0 1
    outer loop
      vertex -14.939650376829427 2.9885527637424083 6.5
      vertex -15.443769410125094 4.288098270668724 6.5
      vertex -15.625758956528033 4.23933431867915 6.5
    endloop
  endfacet
  facet normal 0 0 1
    outer loop
      vertex -14.939650376829427 2.9885527637424083 6.5
      vertex -15.267874042463559 4.355618176243318 6.5
      vertex -15.443769410125094 4.288098270668724 6.5
    endloop
  endfacet
  facet normal 0 0 1
    outer loop
      vertex -14.939650376829427 2.9885527637424083 6.5
      vertex -15.1 4.44115427318801 6.5
      vertex -15.267874042463559 4.355618176243318 6.5
    endloop
  endfacet
  facet normal 0 0 1
    outer loop
      vertex -14.424013328687769 2.8503882331052823 6.5
      vertex -14.941986545873549 4.543769410125094 6.5
      vertex -15.1 4.44115427318801 6.5
    endloop
  endfacet
  facet normal 0 0 1
    outer loop
      vertex -14.424013328687769 2.8503882331052823 6.5
      vertex -14.795564908554056 4.662339314140691 6.5
      vertex -14.941986545873549 4.543769410125094 6.5
    endloop
  endfacet
  facet normal 0 0 1
    outer loop
      vertex -13.925643120313419 2.6590818339772637 6.5
      vertex -14.66233931414069 4.795564908554055 6.5
      vertex -14.795564908554056 4.662339314140691 6.5
    endloop
  endfacet
  facet normal 0 0 1
    outer loop
      vertex -13.925643120313419 2.6590818339772637 6.5
      vertex -14.543769410125094 4.941986545873548 6.5
      vertex -14.66233931414069 4.795564908554055 6.5
    endloop
  endfacet
  facet normal 0 0 1
    outer loop
      vertex -13.925643120313419 2.6590818339772637 6.5
      vertex -14.44115427318801 5.1 6.5
      vertex -14.543769410125094 4.941986545873548 6.5
    endloop
  endfacet
  facet normal 0 0 1
    outer loop
      vertex -13.925643120313419 2.6590818339772637 6.5
      vertex -14.355618176243318 5.26787404246356 6.5
      vertex -14.44115427318801 5.1 6.5
    endloop
  endfacet
  facet normal 0 0 1
    outer loop
      vertex -13.925643120313419 2.6590818339772637 6.5
      vertex -14.288098270668723 5.443769410125094 6.5
      vertex -14.355618176243318 5.26787404246356 6.5
    endloop
  endfacet
  facet normal 0 0 1
    outer loop
      vertex -13.925643120313419 2.6590818339772637 6.5
      vertex -14.23933431867915 5.625758956528033 6.5
      vertex -14.288098270668723 5.443769410125094 6.5
    endloop
  endfacet
  facet normal 0 0 1
    outer loop
      vertex -13.925643120313419 2.6590818339772637 6.5
      vertex -14.209860588337108 5.811848766118223 6.5
      vertex -14.23933431867915 5.625758956528033 6.5
    endloop
  endfacet
  facet normal 0 0 1
    outer loop
      vertex -18.62664445218705 6.083980388508804 6.5
      vertex -17.8 6 6.5
      vertex -17.790139411662892 6.188151233881777 6.5
    endloop
  endfacet
  facet normal 0 0 1
    outer loop
      vertex -18.62664445218705 6.083980388508804 6.5
      vertex -17.790139411662892 6.188151233881777 6.5
      vertex -17.77029589076929 6.31343829398025 6.5
    endloop
  endfacet
  facet normal 0 0 1
    outer loop
      vertex -12.20996139006529 1.4125660924301768 6.5
      vertex -12.542738533855697 5.765136389962107 6.5
      vertex -12.587433907569823 1.7900386099347103 6.5
    endloop
  endfacet
  facet normal 0 0 1
    outer loop
      vertex -11.583270440699364 0.5499999999999998 6.5
      vertex -11.340918166022735 0.07435687968658078 6.5
      vertex -11.003825355513978 4.876644452187053 6.5
    endloop
  endfacet
  facet normal 0 0 1
    outer loop
      vertex -12.20996139006529 1.4125660924301768 6.5
      vertex -11.874013328687768 0.9977047866916129 6.5
      vertex -11.75 5.361215932167728 6.5
    endloop
  endfacet
  facet normal 0 0 1
    outer loop
      vertex -11.583270440699364 0.5499999999999998 6.5
      vertex -11.75 5.361215932167728 6.5
      vertex -11.874013328687768 0.9977047866916129 6.5
    endloop
  endfacet
  facet normal 0 0 1
    outer loop
      vertex -11.340918166022735 0.07435687968658078 6.5
      vertex -11.312375234153603 0 6.5
      vertex -7.748110736586231 0 6.5
    endloop
  endfacet
  facet normal 0 0 1
    outer loop
      vertex -7.916019611491196 0.6266444521870529 6.5
      vertex -8.234863610037893 1.4572614661443017 6.5
      vertex -7.748110736586231 0 6.5
    endloop
  endfacet
  facet normal 0 0 1
    outer loop
      vertex -8.638784067832272 2.25 6.5
      vertex -7.748110736586231 0 6.5
      vertex -8.234863610037893 1.4572614661443017 6.5
    endloop
  endfacet
  facet normal 0 0 1
    outer loop
      vertex -11.340918166022735 0.07435687968658078 6.5
      vertex -7.748110736586231 0 6.5
      vertex -11.003825355513978 4.876644452187053 6.5
    endloop
  endfacet
  facet normal 0 0 1
    outer loop
      vertex -9.123355547812947 2.9961746444860218 6.5
      vertex -9.683268983442149 3.6876101540502955 6.5
      vertex -7.748110736586231 0 6.5
    endloop
  endfacet
  facet normal 0 0 1
    outer loop
      vertex -10.312389845949705 4.316731016557851 6.5
      vertex -7.748110736586231 0 6.5
      vertex -9.683268983442149 3.6876101540502955 6.5
    endloop
  endfacet
  facet normal 0 0 1
    outer loop
      vertex -9.123355547812947 2.9961746444860218 6.5
      vertex -7.748110736586231 0 6.5
      vertex -8.638784067832272 2.25 6.5
    endloop
  endfacet
  facet normal -0.9659258262890679 -0.2588190451025222 -5.561261087189826e-18
    outer loop
      vertex -7.916019611491196 0.6266444521870529 6.5
      vertex -7.748110736586231 0 6.5
      vertex -7.748110736586231 0 7.5
    endloop
  endfacet
  facet normal -0.9659258262890679 -0.2588190451025222 0
    outer loop
      vertex -7.916019611491196 0.6266444521870529 6.5
      vertex -7.748110736586231 0 7.5
      vertex -7.916019611491196 0.6266444521870529 7.5
    endloop
  endfacet
  facet normal -0.9335804264972021 -0.35836794954529955 0
    outer loop
      vertex -7.916019611491196 0.6266444521870529 6.5
      vertex -7.916019611491196 0.6266444521870529 7.5
      vertex -8.234863610037893 1.4572614661443017 6.5
    endloop
  endfacet
  facet normal -0.9335804264972021 -0.35836794954529955 0
    outer loop
      vertex -8.234863610037893 1.4572614661443017 6.5
      vertex -7.916019611491196 0.6266444521870529 7.5
      vertex -8.234863610037893 1.4572614661443017 7.5
    endloop
  endfacet
  facet normal -0.8386705679454245 -0.5446390350150264 1.2080890963248599e-17
    outer loop
      vertex -9.123355547812947 2.9961746444860218 6.5
      vertex -8.638784067832272 2.25 6.5
      vertex -8.638784067832272 2.25 7.5
    endloop
  endfacet
  facet normal -0.8386705679454245 -0.5446390350150264 0
    outer loop
      vertex -9.123355547812947 2.9961746444860218 6.5
      vertex -8.638784067832272 2.25 7.5
      vertex -9.123355547812947 2.9961746444860218 7.5
    endloop
  endfacet
  facet normal -0.8910065241883677 -0.45399049973954725 2.2673364102595743e-17
    outer loop
      vertex -8.638784067832272 2.25 6.5
      vertex -8.234863610037893 1.4572614661443017 6.5
      vertex -8.234863610037893 1.4572614661443017 7.5
    endloop
  endfacet
  facet normal -0.8910065241883677 -0.45399049973954725 0
    outer loop
      vertex -8.638784067832272 2.25 6.5
      vertex -8.234863610037893 1.4572614661443017 7.5
      vertex -8.638784067832272 2.25 7.5
    endloop
  endfacet
  facet normal 0 0 1
    outer loop
      vertex -13.925643120313419 2.6590818339772637 6.5
      vertex -13.45 2.416729559300636 6.5
      vertex -14.209860588337108 5.811848766118223 6.5
    endloop
  endfacet
  facet normal 0 0 1
    outer loop
      vertex -13.002295213308386 2.1259866713122317 6.5
      vertex -13.373355547812947 6.083980388508804 6.5
      vertex -13.45 2.416729559300636 6.5
    endloop
  endfacet
  facet normal 0 0 1
    outer loop
      vertex -13.002295213308386 2.1259866713122317 6.5
      vertex -12.587433907569823 1.7900386099347103 6.5
      vertex -12.542738533855697 5.765136389962107 6.5
    endloop
  endfacet
  facet normal 0 0 1
    outer loop
      vertex -11.583270440699364 0.5499999999999998 6.5
      vertex -11.003825355513978 4.876644452187053 6.5
      vertex -11.75 5.361215932167728 6.5
    endloop
  endfacet
  facet normal 0 0 1
    outer loop
      vertex -12.20996139006529 1.4125660924301768 6.5
      vertex -11.75 5.361215932167728 6.5
      vertex -12.542738533855697 5.765136389962107 6.5
    endloop
  endfacet
  facet normal 0 0 1
    outer loop
      vertex -13.45 2.416729559300636 6.5
      vertex -13.373355547812947 6.083980388508804 6.5
      vertex -14.209860588337108 5.811848766118223 6.5
    endloop
  endfacet
  facet normal 0 0 1
    outer loop
      vertex -13.002295213308386 2.1259866713122317 6.5
      vertex -12.542738533855697 5.765136389962107 6.5
      vertex -13.373355547812947 6.083980388508804 6.5
    endloop
  endfacet
  facet normal 0 0 1
    outer loop
      vertex -14.209860588337108 5.811848766118223 6.5
      vertex -13.373355547812947 6.083980388508804 6.5
      vertex -14.2 6 6.5
    endloop
  endfacet
  facet normal 0 0 1
    outer loop
      vertex -10.312389845949705 4.316731016557851 6.5
      vertex -11.003825355513978 4.876644452187053 6.5
      vertex -7.748110736586231 0 6.5
    endloop
  endfacet
  facet normal -0.7771459614569711 -0.6293203910498371 0
    outer loop
      vertex -9.123355547812947 2.9961746444860218 6.5
      vertex -9.123355547812947 2.9961746444860218 7.5
      vertex -9.683268983442149 3.6876101540502955 6.5
    endloop
  endfacet
  facet normal -0.7771459614569711 -0.6293203910498371 1.8160043056870876e-17
    outer loop
      vertex -9.123355547812947 2.9961746444860218 7.5
      vertex -9.683268983442149 3.6876101540502955 7.5
      vertex -9.683268983442149 3.6876101540502955 6.5
    endloop
  endfacet
  facet normal -0.7071067811865476 -0.7071067811865476 3.3739268594641294e-18
    outer loop
      vertex -10.312389845949705 4.316731016557851 6.5
      vertex -9.683268983442149 3.6876101540502955 6.5
      vertex -10 4.004341170608146 7.5
    endloop
  endfacet
  facet normal -0.7071067811865476 -0.7071067811865476 0
    outer loop
      vertex -9.683268983442149 3.6876101540502955 6.5
      vertex -9.683268983442149 3.6876101540502955 7.5
      vertex -10 4.004341170608146 7.5
    endloop
  endfacet
  facet normal -0.7071067811865477 -0.7071067811865475 -2.165497144275385e-17
    outer loop
      vertex -10.312389845949705 4.316731016557851 6.5
      vertex -10 4.004341170608146 7.5
      vertex -10 4.004341170608146 8.220487386583066
    endloop
  endfacet
  facet normal 0 0 1
    outer loop
      vertex -14.2 6 6.5
      vertex -13.373355547812947 6.083980388508804 6.5
      vertex -14.209860588337108 6.188151233881777 6.5
    endloop
  endfacet
  facet normal 0 0 1
    outer loop
      vertex -14.229704109230711 6.31343829398025 6.5
      vertex -14.209860588337108 6.188151233881777 6.5
      vertex -13.373355547812947 6.083980388508804 6.5
    endloop
  endfacet
  facet normal 0.7071067811865497 -0.7071067811865456 -1.6561079779566807e-18
    outer loop
      vertex -21.687610154050297 4.316731016557851 6.5
      vertex -22 4.004341170608146 17.5
      vertex -22 4.004341170608146 8.220487386583066
    endloop
  endfacet
  facet normal 0.6293203910498361 -0.777145961456972 -2.120387208070612e-18
    outer loop
      vertex -21.687610154050297 4.316731016557851 6.5
      vertex -20.996174644486022 4.876644452187053 6.5
      vertex -20.996174644486022 4.876644452187053 17.5
    endloop
  endfacet
  facet normal 0.5446390350150271 -0.838670567945424 -1.4454232704265003e-18
    outer loop
      vertex -20.996174644486022 4.876644452187053 6.5
      vertex -20.25 5.361215932167728 6.5
      vertex -20.25 5.361215932167728 17.5
    endloop
  endfacet
  facet normal 0.4539904997395468 -0.8910065241883679 2.7796132588574345e-18
    outer loop
      vertex -20.25 5.361215932167728 6.5
      vertex -19.457261466144303 5.765136389962107 6.5
      vertex -19.457261466144303 5.765136389962107 17.5
    endloop
  endfacet
  facet normal 0.35836794954529855 -0.9335804264972024 -1.4598141709458772e-18
    outer loop
      vertex -19.457261466144303 5.765136389962107 6.5
      vertex -18.62664445218705 6.083980388508804 6.5
      vertex -18.62664445218705 6.083980388508804 17.5
    endloop
  endfacet
  facet normal 0.7071067811865496 -0.7071067811865456 0
    outer loop
      vertex -21.687610154050297 4.316731016557851 6.5
      vertex -21.687610154050297 4.316731016557851 17.5
      vertex -22 4.004341170608146 17.5
    endloop
  endfacet
  facet normal 0.6293203910498361 -0.777145961456972 0
    outer loop
      vertex -21.687610154050297 4.316731016557851 6.5
      vertex -20.996174644486022 4.876644452187053 17.5
      vertex -21.687610154050297 4.316731016557851 17.5
    endloop
  endfacet
  facet normal 0.5446390350150271 -0.838670567945424 0
    outer loop
      vertex -20.996174644486022 4.876644452187053 6.5
      vertex -20.25 5.361215932167728 17.5
      vertex -20.996174644486022 4.876644452187053 17.5
    endloop
  endfacet
  facet normal 0.4539904997395468 -0.8910065241883679 0
    outer loop
      vertex -20.25 5.361215932167728 6.5
      vertex -19.457261466144303 5.765136389962107 17.5
      vertex -20.25 5.361215932167728 17.5
    endloop
  endfacet
  facet normal 0.35836794954529855 -0.9335804264972024 0
    outer loop
      vertex -19.457261466144303 5.765136389962107 6.5
      vertex -18.62664445218705 6.083980388508804 17.5
      vertex -19.457261466144303 5.765136389962107 17.5
    endloop
  endfacet
  facet normal 0.2588190451025236 -0.9659258262890675 7.189803187967748e-17
    outer loop
      vertex -18.62664445218705 6.083980388508804 6.5
      vertex -17.77029589076929 6.31343829398025 6.5
      vertex -18.39230807716781 6.146770630952448 17.5
    endloop
  endfacet
  facet normal 0.25881904510252346 -0.9659258262890675 0
    outer loop
      vertex -17.77029589076929 6.31343829398025 6.5
      vertex -17.77029589076929 6.31343829398025 16.5
      vertex -18.111728749256507 6.221951635279149 17.03893456928288
    endloop
  endfacet
  facet normal 0.25881904510252673 -0.9659258262890666 0
    outer loop
      vertex -18.62664445218705 6.083980388508804 6.5
      vertex -18.39230807716781 6.146770630952448 17.5
      vertex -18.62664445218705 6.083980388508804 17.5
    endloop
  endfacet
  facet normal 0.258819045102521 -0.9659258262890682 -8.435571558048431e-17
    outer loop
      vertex -17.77029589076929 6.31343829398025 6.5
      vertex -18.111728749256507 6.221951635279149 17.03893456928288
      vertex -18.39230807716781 6.146770630952448 17.5
    endloop
  endfacet
  facet normal -0.3583679495452992 -0.9335804264972021 0
    outer loop
      vertex -12.542738533855697 5.765136389962107 6.5
      vertex -12.542738533855697 5.765136389962107 17.5
      vertex -13.373355547812947 6.083980388508804 6.5
    endloop
  endfacet
  facet normal -0.6293203910498372 -0.7771459614569712 0
    outer loop
      vertex -10.312389845949705 4.316731016557851 6.5
      vertex -10.312389845949705 4.316731016557851 17.5
      vertex -11.003825355513978 4.876644452187053 6.5
    endloop
  endfacet
  facet normal -0.5446390350150271 -0.838670567945424 1.4454232704265003e-18
    outer loop
      vertex -11.75 5.361215932167728 6.5
      vertex -11.003825355513978 4.876644452187053 6.5
      vertex -11.003825355513978 4.876644452187053 17.5
    endloop
  endfacet
  facet normal -0.4539904997395468 -0.8910065241883679 -2.7796132588574345e-18
    outer loop
      vertex -12.542738533855697 5.765136389962107 6.5
      vertex -11.75 5.361215932167728 6.5
      vertex -11.75 5.361215932167728 17.5
    endloop
  endfacet
  facet normal -0.7071067811865475 -0.7071067811865475 0
    outer loop
      vertex -10.312389845949705 4.316731016557851 6.5
      vertex -10 4.004341170608146 8.220487386583066
      vertex -10.312389845949705 4.316731016557851 17.5
    endloop
  endfacet
  facet normal -0.3583679495452992 -0.9335804264972021 0
    outer loop
      vertex -13.373355547812947 6.083980388508804 6.5
      vertex -12.542738533855697 5.765136389962107 17.5
      vertex -13.373355547812947 6.083980388508804 17.5
    endloop
  endfacet
  facet normal -0.4539904997395468 -0.8910065241883679 0
    outer loop
      vertex -12.542738533855697 5.765136389962107 6.5
      vertex -11.75 5.361215932167728 17.5
      vertex -12.542738533855697 5.765136389962107 17.5
    endloop
  endfacet
  facet normal -0.5446390350150271 -0.838670567945424 0
    outer loop
      vertex -11.75 5.361215932167728 6.5
      vertex -11.003825355513978 4.876644452187053 17.5
      vertex -11.75 5.361215932167728 17.5
    endloop
  endfacet
  facet normal -0.6293203910498372 -0.7771459614569712 0
    outer loop
      vertex -11.003825355513978 4.876644452187053 6.5
      vertex -10.312389845949705 4.316731016557851 17.5
      vertex -11.003825355513978 4.876644452187053 17.5
    endloop
  endfacet
  facet normal -0.7071067811865475 -0.7071067811865475 0
    outer loop
      vertex -10 4.004341170608146 8.220487386583066
      vertex -10 4.004341170608146 17.5
      vertex -10.312389845949705 4.316731016557851 17.5
    endloop
  endfacet
  facet normal -0.2588190451025226 -0.9659258262890679 0
    outer loop
      vertex -14.229704109230711 6.31343829398025 6.5
      vertex -13.373355547812947 6.083980388508804 6.5
      vertex -14.229704109230711 6.31343829398025 16.5
    endloop
  endfacet
  facet normal -0.25881904510252224 -0.9659258262890679 3.2200984118513617e-17
    outer loop
      vertex -13.373355547812947 6.083980388508804 6.5
      vertex -13.888271250743493 6.221951635279149 17.03893456928288
      vertex -14.229704109230711 6.31343829398025 16.5
    endloop
  endfacet
  facet normal -0.2588190451025229 -0.9659258262890678 0
    outer loop
      vertex -13.373355547812947 6.083980388508804 6.5
      vertex -13.373355547812947 6.083980388508804 17.5
      vertex -13.888271250743493 6.221951635279149 17.03893456928288
    endloop
  endfacet
  facet normal -0.2588190451025249 -0.9659258262890671 2.4282465115215003e-15
    outer loop
      vertex -13.888271250743493 6.221951635279149 17.03893456928288
      vertex -13.373355547812947 6.083980388508804 17.5
      vertex -13.607691922832188 6.146770630952448 17.5
    endloop
  endfacet
  facet normal 0 0 1
    outer loop
      vertex 13.373355547812947 -10.083980388508804 6.5
      vertex 14.232750628049045 -10.314254606237348 6.5
      vertex 13.925643120313419 -6.659081833977264 6.5
    endloop
  endfacet
  facet normal 0.5446390350150264 0.8386705679454245 1.2080890963248599e-17
    outer loop
      vertex 11.75 -9.361215932167728 6.5
      vertex 11.003825355513978 -8.876644452187053 6.5
      vertex 11.003825355513978 -8.876644452187053 7.5
    endloop
  endfacet
  facet normal 0.4539904997395476 0.8910065241883675 0
    outer loop
      vertex 11.75 -9.361215932167728 6.5
      vertex 11.75 -9.361215932167728 7.5
      vertex 12.542738533855697 -9.765136389962107 6.5
    endloop
  endfacet
  facet normal 0.5446390350150264 0.8386705679454245 0
    outer loop
      vertex 11.75 -9.361215932167728 6.5
      vertex 11.003825355513978 -8.876644452187053 7.5
      vertex 11.75 -9.361215932167728 7.5
    endloop
  endfacet
  facet normal 0.35836794954529927 0.9335804264972022 0
    outer loop
      vertex 12.542738533855697 -9.765136389962107 6.5
      vertex 12.542738533855697 -9.765136389962107 7.5
      vertex 13.373355547812947 -10.083980388508804 6.5
    endloop
  endfacet
  facet normal 0.2588190451025227 0.9659258262890678 0
    outer loop
      vertex 13.373355547812947 -10.083980388508804 6.5
      vertex 13.373355547812947 -10.083980388508804 7.5
      vertex 14.232750628049045 -10.314254606237348 6.5
    endloop
  endfacet
  facet normal 0.35836794954529927 0.9335804264972022 2.8724093495194455e-17
    outer loop
      vertex 12.542738533855697 -9.765136389962107 7.5
      vertex 13.373355547812947 -10.083980388508804 7.5
      vertex 13.373355547812947 -10.083980388508804 6.5
    endloop
  endfacet
  facet normal 0.2588190451025227 0.9659258262890678 0
    outer loop
      vertex 14.232750628049045 -10.314254606237348 6.5
      vertex 13.373355547812947 -10.083980388508804 7.5
      vertex 14.232750628049045 -10.314254606237348 7.5
    endloop
  endfacet
  facet normal 0.4539904997395476 0.8910065241883675 0
    outer loop
      vertex 12.542738533855697 -9.765136389962107 6.5
      vertex 11.75 -9.361215932167728 7.5
      vertex 12.542738533855697 -9.765136389962107 7.5
    endloop
  endfacet
  facet normal 0 0 1
    outer loop
      vertex 11.75 -9.361215932167728 6.5
      vertex 12.542738533855697 -9.765136389962107 6.5
      vertex 12.20996139006529 -5.412566092430177 6.5
    endloop
  endfacet
  facet normal 0 0 1
    outer loop
      vertex 11.75 -9.361215932167728 6.5
      vertex 11.583270440699364 -4.55 6.5
      vertex 11.003825355513978 -8.876644452187053 6.5
    endloop
  endfacet
  facet normal 0 0 1
    outer loop
      vertex 12.542738533855697 -9.765136389962107 6.5
      vertex 13.373355547812947 -10.083980388508804 6.5
      vertex 13.002295213308386 -6.125986671312232 6.5
    endloop
  endfacet
  facet normal 0 0 1
    outer loop
      vertex 13.373355547812947 -10.083980388508804 6.5
      vertex 13.45 -6.416729559300636 6.5
      vertex 13.002295213308386 -6.125986671312232 6.5
    endloop
  endfacet
  facet normal 0 0 1
    outer loop
      vertex 13.373355547812947 -10.083980388508804 6.5
      vertex 13.925643120313419 -6.659081833977264 6.5
      vertex 13.45 -6.416729559300636 6.5
    endloop
  endfacet
  facet normal 0 0 1
    outer loop
      vertex 10.312389845949705 -8.316731016557851 6.5
      vertex 11.003825355513978 -8.876644452187053 6.5
      vertex 10.927938333621807 -2.533095162665033 6.5
    endloop
  endfacet
  facet normal 0 0 1
    outer loop
      vertex 11.75 -9.361215932167728 6.5
      vertex 12.20996139006529 -5.412566092430177 6.5
      vertex 11.874013328687768 -4.997704786691613 6.5
    endloop
  endfacet
  facet normal 0 0 1
    outer loop
      vertex 11.75 -9.361215932167728 6.5
      vertex 11.874013328687768 -4.997704786691613 6.5
      vertex 11.583270440699364 -4.55 6.5
    endloop
  endfacet
  facet normal 0 0 1
    outer loop
      vertex 12.542738533855697 -9.765136389962107 6.5
      vertex 13.002295213308386 -6.125986671312232 6.5
      vertex 12.587433907569823 -5.79003860993471 6.5
    endloop
  endfacet
  facet normal 0 0 1
    outer loop
      vertex 12.542738533855697 -9.765136389962107 6.5
      vertex 12.587433907569823 -5.79003860993471 6.5
      vertex 12.20996139006529 -5.412566092430177 6.5
    endloop
  endfacet
  facet normal 0.7071067811865476 0.7071067811865476 0
    outer loop
      vertex 9.683268983442149 -7.6876101540502955 6.5
      vertex 9.683268983442149 -7.6876101540502955 7.5
      vertex 10.312389845949705 -8.316731016557851 6.5
    endloop
  endfacet
  facet normal 0.7071067811865476 0.7071067811865476 -2.149783385880587e-17
    outer loop
      vertex 9.683268983442149 -7.6876101540502955 7.5
      vertex 10.312389845949705 -8.316731016557851 7.5
      vertex 10.312389845949705 -8.316731016557851 6.5
    endloop
  endfacet
  facet normal 0.7771459614569711 0.6293203910498371 1.8160043056870876e-17
    outer loop
      vertex 9.683268983442149 -7.6876101540502955 6.5
      vertex 9.123355547812947 -6.996174644486022 6.5
      vertex 9.123355547812947 -6.996174644486022 7.5
    endloop
  endfacet
  facet normal 0.7771459614569711 0.6293203910498371 0
    outer loop
      vertex 9.683268983442149 -7.6876101540502955 6.5
      vertex 9.123355547812947 -6.996174644486022 7.5
      vertex 9.683268983442149 -7.6876101540502955 7.5
    endloop
  endfacet
  facet normal 0.8386705679454245 0.5446390350150264 1.2080890963248599e-17
    outer loop
      vertex 9.123355547812947 -6.996174644486022 6.5
      vertex 8.638784067832272 -6.25 6.5
      vertex 8.638784067832272 -6.25 7.5
    endloop
  endfacet
  facet normal 0.8386705679454245 0.5446390350150264 0
    outer loop
      vertex 9.123355547812947 -6.996174644486022 6.5
      vertex 8.638784067832272 -6.25 7.5
      vertex 9.123355547812947 -6.996174644486022 7.5
    endloop
  endfacet
  facet normal 0.6293203910498371 0.7771459614569711 0
    outer loop
      vertex 10.312389845949705 -8.316731016557851 6.5
      vertex 10.312389845949705 -8.316731016557851 7.5
      vertex 11.003825355513978 -8.876644452187053 6.5
    endloop
  endfacet
  facet normal 0.6293203910498371 0.7771459614569711 0
    outer loop
      vertex 11.003825355513978 -8.876644452187053 6.5
      vertex 10.312389845949705 -8.316731016557851 7.5
      vertex 11.003825355513978 -8.876644452187053 7.5
    endloop
  endfacet
  facet normal 0 0 1
    outer loop
      vertex 9.683268983442149 -7.6876101540502955 6.5
      vertex 10.312389845949705 -8.316731016557851 6.5
      vertex 7.748110736586231 0 6.5
    endloop
  endfacet
  facet normal 0 0 1
    outer loop
      vertex 9.683268983442149 -7.6876101540502955 6.5
      vertex 7.748110736586231 0 6.5
      vertex 9.123355547812947 -6.996174644486022 6.5
    endloop
  endfacet
  facet normal 0 0 1
    outer loop
      vertex 9.123355547812947 -6.996174644486022 6.5
      vertex 7.748110736586231 0 6.5
      vertex 8.638784067832272 -6.25 6.5
    endloop
  endfacet
  facet normal 0 0 1
    outer loop
      vertex 8.638784067832272 -6.25 6.5
      vertex 7.748110736586231 0 6.5
      vertex 8.234863610037893 -5.457261466144302 6.5
    endloop
  endfacet
  facet normal 0 0 1
    outer loop
      vertex 8.234863610037893 -5.457261466144302 6.5
      vertex 7.748110736586231 0 6.5
      vertex 7.916019611491196 -4.626644452187053 6.5
    endloop
  endfacet
  facet normal 0 0 1
    outer loop
      vertex 10.312389845949705 -8.316731016557851 6.5
      vertex 10.927938333621807 -1.4669048373349673 6.5
      vertex 7.748110736586231 0 6.5
    endloop
  endfacet
  facet normal 0 0 1
    outer loop
      vertex 11.003825355513978 -8.876644452187053 6.5
      vertex 11.583270440699364 -4.55 6.5
      vertex 11.340918166022735 -4.074356879686581 6.5
    endloop
  endfacet
  facet normal 0 0 1
    outer loop
      vertex 11.003825355513978 -8.876644452187053 6.5
      vertex 11.340918166022735 -4.074356879686581 6.5
      vertex 11.149611766894719 -3.575986671312232 6.5
    endloop
  endfacet
  facet normal 0 0 1
    outer loop
      vertex 11.003825355513978 -8.876644452187053 6.5
      vertex 11.149611766894719 -3.575986671312232 6.5
      vertex 11.011447236257592 -3.0603496231705725 6.5
    endloop
  endfacet
  facet normal 0 0 1
    outer loop
      vertex 11.003825355513978 -8.876644452187053 6.5
      vertex 11.011447236257592 -3.0603496231705725 6.5
      vertex 10.927938333621807 -2.533095162665033 6.5
    endloop
  endfacet
  facet normal 0 0 1
    outer loop
      vertex 10.312389845949705 -8.316731016557851 6.5
      vertex 10.927938333621807 -2.533095162665033 6.5
      vertex 10.9 -2 6.5
    endloop
  endfacet
  facet normal 0 0 1
    outer loop
      vertex 10.312389845949705 -8.316731016557851 6.5
      vertex 10.9 -2 6.5
      vertex 10.927938333621807 -1.4669048373349673 6.5
    endloop
  endfacet
  facet normal 0.8910065241883677 0.45399049973954725 2.2673364102595743e-17
    outer loop
      vertex 8.638784067832272 -6.25 6.5
      vertex 8.234863610037893 -5.457261466144302 6.5
      vertex 8.234863610037893 -5.457261466144302 7.5
    endloop
  endfacet
  facet normal 0.8910065241883677 0.45399049973954725 0
    outer loop
      vertex 8.638784067832272 -6.25 6.5
      vertex 8.234863610037893 -5.457261466144302 7.5
      vertex 8.638784067832272 -6.25 7.5
    endloop
  endfacet
  facet normal 0.9335804264972021 0.35836794954529955 1.770977368765096e-16
    outer loop
      vertex 8.234863610037893 -5.457261466144302 6.5
      vertex 7.916019611491196 -4.626644452187053 6.5
      vertex 7.970432723693701 -4.768395455761757 7.5
    endloop
  endfacet
  facet normal 0.933580426497202 0.35836794954529977 0
    outer loop
      vertex 8.234863610037893 -5.457261466144302 6.5
      vertex 7.970432723693701 -4.768395455761757 7.5
      vertex 8.234863610037893 -5.457261466144302 7.5
    endloop
  endfacet
  facet normal 0.9335804264972024 0.35836794954529855 0
    outer loop
      vertex 7.916019611491196 -4.626644452187053 6.5
      vertex 7.916019611491196 -4.626644452187053 7.5
      vertex 7.970432723693701 -4.768395455761757 7.5
    endloop
  endfacet
  facet normal 0.9659258262890678 0.25881904510252246 -1.20423770307167e-16
    outer loop
      vertex 7.916019611491196 -4.626644452187053 6.5
      vertex 7.685745393762652 -3.767249371950954 6.5
      vertex 7.704096279548303 -3.835735810066896 7.5
    endloop
  endfacet
  facet normal 0.9659258262890679 0.2588190451025223 0
    outer loop
      vertex 7.916019611491196 -4.626644452187053 6.5
      vertex 7.704096279548303 -3.835735810066896 7.5
      vertex 7.916019611491196 -4.626644452187053 7.5
    endloop
  endfacet
  facet normal 0.9659258262890673 0.25881904510252407 0
    outer loop
      vertex 7.685745393762652 -3.767249371950954 6.5
      vertex 7.685745393762652 -3.767249371950954 7.5
      vertex 7.704096279548303 -3.835735810066896 7.5
    endloop
  endfacet
  facet normal 0.9876883405951379 0.15643446504022965 -6.686959391589979e-18
    outer loop
      vertex 7.685745393762652 -3.767249371950954 6.5
      vertex 7.546563889369677 -2.8884919377750546 6.5
      vertex 7.546563889369677 -2.8884919377750546 7.5
    endloop
  endfacet
  facet normal 0.9876883405951379 0.15643446504022965 0
    outer loop
      vertex 7.685745393762652 -3.767249371950954 6.5
      vertex 7.546563889369677 -2.8884919377750546 7.5
      vertex 7.685745393762652 -3.767249371950954 7.5
    endloop
  endfacet
  facet normal 0 0 1
    outer loop
      vertex 7.916019611491196 -4.626644452187053 6.5
      vertex 7.748110736586231 0 6.5
      vertex 7.685745393762652 -3.767249371950954 6.5
    endloop
  endfacet
  facet normal 0 0 1
    outer loop
      vertex 7.685745393762652 -3.767249371950954 6.5
      vertex 7.685745393762652 -0.23275062804904567 6.5
      vertex 7.546563889369677 -2.8884919377750546 6.5
    endloop
  endfacet
  facet normal 0 0 1
    outer loop
      vertex 7.546563889369677 -2.8884919377750546 6.5
      vertex 7.546563889369677 -1.1115080622249454 6.5
      vertex 7.5 -2 6.5
    endloop
  endfacet
  facet normal 0 0 1
    outer loop
      vertex 7.546563889369677 -2.8884919377750546 6.5
      vertex 7.685745393762652 -0.23275062804904567 6.5
      vertex 7.546563889369677 -1.1115080622249454 6.5
    endloop
  endfacet
  facet normal 0 0 1
    outer loop
      vertex 7.685745393762652 -3.767249371950954 6.5
      vertex 7.748110736586231 0 6.5
      vertex 7.685745393762652 -0.23275062804904567 6.5
    endloop
  endfacet
  facet normal 0 0 1
    outer loop
      vertex 10.927938333621807 -1.4669048373349673 6.5
      vertex 11.011447236257592 -0.9396503768294275 6.5
      vertex 7.748110736586231 0 6.5
    endloop
  endfacet
  facet normal 0 0 1
    outer loop
      vertex 11.011447236257592 -0.9396503768294275 6.5
      vertex 11.149611766894719 -0.4240133286877683 6.5
      vertex 7.748110736586231 0 6.5
    endloop
  endfacet
  facet normal 0 0 1
    outer loop
      vertex 11.149611766894719 -0.4240133286877683 6.5
      vertex 11.312375234153603 0 6.5
      vertex 7.748110736586231 0 6.5
    endloop
  endfacet
  facet normal 0.9986295347545738 0.052335956242944646 -1.4459719284157728e-19
    outer loop
      vertex 7.546563889369677 -2.8884919377750546 6.5
      vertex 7.5 -2 6.5
      vertex 7.5 -2 7.5
    endloop
  endfacet
  facet normal 0.9986295347545738 0.052335956242944646 0
    outer loop
      vertex 7.546563889369677 -2.8884919377750546 6.5
      vertex 7.5 -2 7.5
      vertex 7.546563889369677 -2.8884919377750546 7.5
    endloop
  endfacet
  facet normal 0.9986295347545738 -0.052335956242944646 0
    outer loop
      vertex 7.5 -2 6.5
      vertex 7.546563889369677 -1.1115080622249454 7.5
      vertex 7.5 -2 7.5
    endloop
  endfacet
  facet normal 0.9986295347545738 -0.052335956242944646 1.4459719284157728e-19
    outer loop
      vertex 7.5 -2 6.5
      vertex 7.546563889369677 -1.1115080622249454 6.5
      vertex 7.546563889369677 -1.1115080622249454 7.5
    endloop
  endfacet
  facet normal 0.987688340595138 -0.15643446504022962 0
    outer loop
      vertex 7.546563889369677 -1.1115080622249454 6.5
      vertex 7.685745393762652 -0.23275062804904567 7.5
      vertex 7.546563889369677 -1.1115080622249454 7.5
    endloop
  endfacet
  facet normal 0.987688340595138 -0.15643446504022962 -5.371853165532152e-18
    outer loop
      vertex 7.546563889369677 -1.1115080622249454 6.5
      vertex 7.685745393762652 -0.23275062804904567 6.5
      vertex 7.685745393762652 -0.23275062804904567 7.5
    endloop
  endfacet
  facet normal 0.9659258262890676 -0.2588190451025234 1.2286624719591786e-18
    outer loop
      vertex 7.685745393762652 -0.23275062804904567 6.5
      vertex 7.748110736586231 0 6.5
      vertex 7.748110736586231 0 7.5
    endloop
  endfacet
  facet normal 0.9659258262890676 -0.2588190451025234 0
    outer loop
      vertex 7.685745393762652 -0.23275062804904567 6.5
      vertex 7.748110736586231 0 7.5
      vertex 7.685745393762652 -0.23275062804904567 7.5
    endloop
  endfacet
  facet normal 0 0 1
    outer loop
      vertex 14.232750628049045 -10.314254606237348 6.5
      vertex 15.111508062224946 -10.453436110630323 6.5
      vertex 14.939650376829427 -6.988552763742408 6.5
    endloop
  endfacet
  facet normal 0 0 1
    outer loop
      vertex 15.111508062224946 -10.453436110630323 6.5
      vertex 16 -10.5 6.5
      vertex 16 -7.1 6.5
    endloop
  endfacet
  facet normal 0 0 1
    outer loop
      vertex 16 -10.5 6.5
      vertex 16.888491937775054 -10.453436110630323 6.5
      vertex 16 -7.1 6.5
    endloop
  endfacet
  facet normal 0 0 1
    outer loop
      vertex 16.888491937775054 -10.453436110630323 6.5
      vertex 17.767249371950953 -10.314254606237348 6.5
      vertex 17.060349623170573 -6.988552763742408 6.5
    endloop
  endfacet
  facet normal 0 0 1
    outer loop
      vertex 17.767249371950953 -10.314254606237348 6.5
      vertex 18.62664445218705 -10.083980388508804 6.5
      vertex 17.575986671312233 -6.850388233105282 6.5
    endloop
  endfacet
  facet normal 0.15643446504022943 0.987688340595138 0
    outer loop
      vertex 14.232750628049045 -10.314254606237348 6.5
      vertex 14.232750628049045 -10.314254606237348 7.5
      vertex 15.111508062224946 -10.453436110630323 6.5
    endloop
  endfacet
  facet normal 0.052335956242944674 0.9986295347545738 0
    outer loop
      vertex 15.111508062224946 -10.453436110630323 6.5
      vertex 15.111508062224946 -10.453436110630323 7.5
      vertex 16 -10.5 6.5
    endloop
  endfacet
  facet normal 0.15643446504022943 0.987688340595138 0
    outer loop
      vertex 15.111508062224946 -10.453436110630323 6.5
      vertex 14.232750628049045 -10.314254606237348 7.5
      vertex 15.111508062224946 -10.453436110630323 7.5
    endloop
  endfacet
  facet normal 0.052335956242944674 0.9986295347545738 -2.9988450998409276e-19
    outer loop
      vertex 15.111508062224946 -10.453436110630323 7.5
      vertex 16 -10.5 7.5
      vertex 16 -10.5 6.5
    endloop
  endfacet
  facet normal -0.052335956242944674 0.9986295347545738 0
    outer loop
      vertex 16 -10.5 6.5
      vertex 16 -10.5 7.5
      vertex 16.888491937775054 -10.453436110630323 6.5
    endloop
  endfacet
  facet normal -0.15643446504022973 0.9876883405951379 0
    outer loop
      vertex 16.888491937775054 -10.453436110630323 6.5
      vertex 16.888491937775054 -10.453436110630323 7.5
      vertex 17.767249371950953 -10.314254606237348 6.5
    endloop
  endfacet
  facet normal -0.052335956242944674 0.9986295347545738 0
    outer loop
      vertex 16.888491937775054 -10.453436110630323 6.5
      vertex 16 -10.5 7.5
      vertex 16.888491937775054 -10.453436110630323 7.5
    endloop
  endfacet
  facet normal -0.15643446504022973 0.9876883405951379 0
    outer loop
      vertex 17.767249371950953 -10.314254606237348 6.5
      vertex 16.888491937775054 -10.453436110630323 7.5
      vertex 17.767249371950953 -10.314254606237348 7.5
    endloop
  endfacet
  facet normal -0.2588190451025227 0.9659258262890678 0
    outer loop
      vertex 17.767249371950953 -10.314254606237348 6.5
      vertex 17.767249371950953 -10.314254606237348 7.5
      vertex 18.62664445218705 -10.083980388508804 6.5
    endloop
  endfacet
  facet normal -0.35836794954529855 0.9335804264972023 0
    outer loop
      vertex 18.62664445218705 -10.083980388508804 6.5
      vertex 18.62664445218705 -10.083980388508804 7.5
      vertex 19.457261466144303 -9.765136389962107 6.5
    endloop
  endfacet
  facet normal -0.2588190451025227 0.9659258262890678 0
    outer loop
      vertex 18.62664445218705 -10.083980388508804 6.5
      vertex 17.767249371950953 -10.314254606237348 7.5
      vertex 18.62664445218705 -10.083980388508804 7.5
    endloop
  endfacet
  facet normal -0.35836794954529855 0.9335804264972023 -1.605795588040465e-17
    outer loop
      vertex 18.62664445218705 -10.083980388508804 7.5
      vertex 19.457261466144303 -9.765136389962107 7.5
      vertex 19.457261466144303 -9.765136389962107 6.5
    endloop
  endfacet
  facet normal -0.4539904997395476 0.8910065241883675 0
    outer loop
      vertex 19.457261466144303 -9.765136389962107 6.5
      vertex 19.457261466144303 -9.765136389962107 7.5
      vertex 20.25 -9.361215932167728 6.5
    endloop
  endfacet
  facet normal -0.5446390350150264 0.8386705679454245 0
    outer loop
      vertex 20.25 -9.361215932167728 6.5
      vertex 20.25 -9.361215932167728 7.5
      vertex 20.996174644486022 -8.876644452187053 6.5
    endloop
  endfacet
  facet normal -0.4539904997395476 0.8910065241883675 0
    outer loop
      vertex 20.25 -9.361215932167728 6.5
      vertex 19.457261466144303 -9.765136389962107 7.5
      vertex 20.25 -9.361215932167728 7.5
    endloop
  endfacet
  facet normal -0.5446390350150264 0.8386705679454245 -1.2080890963248599e-17
    outer loop
      vertex 20.25 -9.361215932167728 7.5
      vertex 20.996174644486022 -8.876644452187053 7.5
      vertex 20.996174644486022 -8.876644452187053 6.5
    endloop
  endfacet
  facet normal 0 0 1
    outer loop
      vertex 14.232750628049045 -10.314254606237348 6.5
      vertex 14.424013328687769 -6.850388233105282 6.5
      vertex 13.925643120313419 -6.659081833977264 6.5
    endloop
  endfacet
  facet normal 0 0 1
    outer loop
      vertex 14.232750628049045 -10.314254606237348 6.5
      vertex 14.939650376829427 -6.988552763742408 6.5
      vertex 14.424013328687769 -6.850388233105282 6.5
    endloop
  endfacet
  facet normal 0 0 1
    outer loop
      vertex 15.111508062224946 -10.453436110630323 6.5
      vertex 15.466904837334967 -7.072061666378193 6.5
      vertex 14.939650376829427 -6.988552763742408 6.5
    endloop
  endfacet
  facet normal 0 0 1
    outer loop
      vertex 15.111508062224946 -10.453436110630323 6.5
      vertex 16 -7.1 6.5
      vertex 15.466904837334967 -7.072061666378193 6.5
    endloop
  endfacet
  facet normal 0 0 1
    outer loop
      vertex 16.888491937775054 -10.453436110630323 6.5
      vertex 16.53309516266503 -7.072061666378193 6.5
      vertex 16 -7.1 6.5
    endloop
  endfacet
  facet normal 0 0 1
    outer loop
      vertex 16.888491937775054 -10.453436110630323 6.5
      vertex 17.060349623170573 -6.988552763742408 6.5
      vertex 16.53309516266503 -7.072061666378193 6.5
    endloop
  endfacet
  facet normal 0 0 1
    outer loop
      vertex 17.767249371950953 -10.314254606237348 6.5
      vertex 17.575986671312233 -6.850388233105282 6.5
      vertex 17.060349623170573 -6.988552763742408 6.5
    endloop
  endfacet
  facet normal 0 0 1
    outer loop
      vertex 18.62664445218705 -10.083980388508804 6.5
      vertex 19.457261466144303 -9.765136389962107 6.5
      vertex 18.55 -6.416729559300636 6.5
    endloop
  endfacet
  facet normal 0 0 1
    outer loop
      vertex 18.62664445218705 -10.083980388508804 6.5
      vertex 18.07435687968658 -6.659081833977264 6.5
      vertex 17.575986671312233 -6.850388233105282 6.5
    endloop
  endfacet
  facet normal 0 0 1
    outer loop
      vertex 18.62664445218705 -10.083980388508804 6.5
      vertex 18.55 -6.416729559300636 6.5
      vertex 18.07435687968658 -6.659081833977264 6.5
    endloop
  endfacet
  facet normal 0 0 1
    outer loop
      vertex 19.457261466144303 -9.765136389962107 6.5
      vertex 20.25 -9.361215932167728 6.5
      vertex 19.412566092430176 -5.79003860993471 6.5
    endloop
  endfacet
  facet normal 0 0 1
    outer loop
      vertex 20.25 -9.361215932167728 6.5
      vertex 20.996174644486022 -8.876644452187053 6.5
      vertex 20.416729559300634 -4.55 6.5
    endloop
  endfacet
  facet normal 0 0 1
    outer loop
      vertex 18.55 -6.416729559300636 6.5
      vertex 19.457261466144303 -9.765136389962107 6.5
      vertex 18.997704786691614 -6.125986671312232 6.5
    endloop
  endfacet
  facet normal 0 0 1
    outer loop
      vertex 18.997704786691614 -6.125986671312232 6.5
      vertex 19.457261466144303 -9.765136389962107 6.5
      vertex 19.412566092430176 -5.79003860993471 6.5
    endloop
  endfacet
  facet normal 0 0 1
    outer loop
      vertex 20.25 -9.361215932167728 6.5
      vertex 19.79003860993471 -5.412566092430177 6.5
      vertex 19.412566092430176 -5.79003860993471 6.5
    endloop
  endfacet
  facet normal 0 0 1
    outer loop
      vertex 20.25 -9.361215932167728 6.5
      vertex 20.125986671312234 -4.997704786691613 6.5
      vertex 19.79003860993471 -5.412566092430177 6.5
    endloop
  endfacet
  facet normal 0 0 1
    outer loop
      vertex 20.25 -9.361215932167728 6.5
      vertex 20.416729559300634 -4.55 6.5
      vertex 20.125986671312234 -4.997704786691613 6.5
    endloop
  endfacet
  facet normal -0.6293203910498362 0.777145961456972 0
    outer loop
      vertex 20.996174644486022 -8.876644452187053 6.5
      vertex 20.996174644486022 -8.876644452187053 7.5
      vertex 21.687610154050297 -8.316731016557851 6.5
    endloop
  endfacet
  facet normal -0.6293203910498362 0.777145961456972 0
    outer loop
      vertex 21.687610154050297 -8.316731016557851 6.5
      vertex 20.996174644486022 -8.876644452187053 7.5
      vertex 21.687610154050297 -8.316731016557851 7.5
    endloop
  endfacet
  facet normal -0.7071067811865476 0.7071067811865476 0
    outer loop
      vertex 21.687610154050297 -8.316731016557851 6.5
      vertex 21.687610154050297 -8.316731016557851 7.5
      vertex 22.316731016557853 -7.6876101540502955 6.5
    endloop
  endfacet
  facet normal -0.7071067811865476 0.7071067811865476 2.149783385880587e-17
    outer loop
      vertex 21.687610154050297 -8.316731016557851 7.5
      vertex 22.316731016557853 -7.6876101540502955 7.5
      vertex 22.316731016557853 -7.6876101540502955 6.5
    endloop
  endfacet
  facet normal -0.7771459614569731 0.6293203910498346 0
    outer loop
      vertex 22.316731016557853 -7.6876101540502955 6.5
      vertex 22.316731016557853 -7.6876101540502955 7.5
      vertex 22.87664445218705 -6.996174644486022 6.5
    endloop
  endfacet
  facet normal -0.7771459614569731 0.6293203910498346 0
    outer loop
      vertex 22.87664445218705 -6.996174644486022 6.5
      vertex 22.316731016557853 -7.6876101540502955 7.5
      vertex 22.87664445218705 -6.996174644486022 7.5
    endloop
  endfacet
  facet normal -0.8386705679454236 0.5446390350150278 0
    outer loop
      vertex 22.87664445218705 -6.996174644486022 6.5
      vertex 22.87664445218705 -6.996174644486022 7.5
      vertex 23.361215932167728 -6.25 6.5
    endloop
  endfacet
  facet normal -0.8386705679454236 0.5446390350150278 0
    outer loop
      vertex 23.361215932167728 -6.25 6.5
      vertex 22.87664445218705 -6.996174644486022 7.5
      vertex 23.361215932167728 -6.25 7.5
    endloop
  endfacet
  facet normal 0 0 1
    outer loop
      vertex 20.996174644486022 -8.876644452187053 6.5
      vertex 20.659081833977265 -4.074356879686581 6.5
      vertex 20.416729559300634 -4.55 6.5
    endloop
  endfacet
  facet normal 0 0 1
    outer loop
      vertex 20.996174644486022 -8.876644452187053 6.5
      vertex 20.85038823310528 -3.575986671312232 6.5
      vertex 20.659081833977265 -4.074356879686581 6.5
    endloop
  endfacet
  facet normal 0 0 1
    outer loop
      vertex 20.996174644486022 -8.876644452187053 6.5
      vertex 20.98855276374241 -3.0603496231705725 6.5
      vertex 20.85038823310528 -3.575986671312232 6.5
    endloop
  endfacet
  facet normal 0 0 1
    outer loop
      vertex 20.996174644486022 -8.876644452187053 6.5
      vertex 21.687610154050297 -8.316731016557851 6.5
      vertex 24.25188926341377 0 6.5
    endloop
  endfacet
  facet normal 0 0 1
    outer loop
      vertex 20.996174644486022 -8.876644452187053 6.5
      vertex 21.072061666378193 -2.533095162665033 6.5
      vertex 20.98855276374241 -3.0603496231705725 6.5
    endloop
  endfacet
  facet normal 0 0 1
    outer loop
      vertex 21.687610154050297 -8.316731016557851 6.5
      vertex 22.316731016557853 -7.6876101540502955 6.5
      vertex 24.25188926341377 0 6.5
    endloop
  endfacet
  facet normal 0 0 1
    outer loop
      vertex 22.316731016557853 -7.6876101540502955 6.5
      vertex 22.87664445218705 -6.996174644486022 6.5
      vertex 24.25188926341377 0 6.5
    endloop
  endfacet
  facet normal 0 0 1
    outer loop
      vertex 20.996174644486022 -8.876644452187053 6.5
      vertex 24.25188926341377 0 6.5
      vertex 21.072061666378193 -2.533095162665033 6.5
    endloop
  endfacet
  facet normal 0 0 1
    outer loop
      vertex 22.87664445218705 -6.996174644486022 6.5
      vertex 23.361215932167728 -6.25 6.5
      vertex 24.25188926341377 0 6.5
    endloop
  endfacet
  facet normal 0 0 1
    outer loop
      vertex 23.361215932167728 -6.25 6.5
      vertex 23.76513638996211 -5.457261466144302 6.5
      vertex 24.25188926341377 0 6.5
    endloop
  endfacet
  facet normal 0 0 1
    outer loop
      vertex 23.76513638996211 -5.457261466144302 6.5
      vertex 24.083980388508806 -4.626644452187053 6.5
      vertex 24.25188926341377 0 6.5
    endloop
  endfacet
  facet normal -0.8910065241883668 0.45399049973954875 0
    outer loop
      vertex 23.361215932167728 -6.25 6.5
      vertex 23.361215932167728 -6.25 7.5
      vertex 23.76513638996211 -5.457261466144302 6.5
    endloop
  endfacet
  facet normal -0.8910065241883668 0.45399049973954875 2.6411763503894235e-19
    outer loop
      vertex 23.361215932167728 -6.25 7.5
      vertex 23.76513638996211 -5.457261466144302 7.5
      vertex 23.76513638996211 -5.457261466144302 6.5
    endloop
  endfacet
  facet normal -0.9335804264972021 0.35836794954529955 0
    outer loop
      vertex 23.76513638996211 -5.457261466144302 6.5
      vertex 23.76513638996211 -5.457261466144302 7.5
      vertex 24.083980388508806 -4.626644452187053 6.5
    endloop
  endfacet
  facet normal -0.9335804264972021 0.35836794954529955 0
    outer loop
      vertex 24.083980388508806 -4.626644452187053 6.5
      vertex 23.76513638996211 -5.457261466144302 7.5
      vertex 24.083980388508806 -4.626644452187053 7.5
    endloop
  endfacet
  facet normal -0.9659258262890683 0.2588190451025206 0
    outer loop
      vertex 24.083980388508806 -4.626644452187053 6.5
      vertex 24.083980388508806 -4.626644452187053 7.5
      vertex 24.31425460623735 -3.767249371950954 6.5
    endloop
  endfacet
  facet normal -0.9659258262890683 0.2588190451025206 0
    outer loop
      vertex 24.31425460623735 -3.767249371950954 6.5
      vertex 24.083980388508806 -4.626644452187053 7.5
      vertex 24.31425460623735 -3.767249371950954 7.5
    endloop
  endfacet
  facet normal -0.9876883405951382 0.1564344650402277 0
    outer loop
      vertex 24.31425460623735 -3.767249371950954 6.5
      vertex 24.31425460623735 -3.767249371950954 7.5
      vertex 24.45343611063032 -2.8884919377750546 6.5
    endloop
  endfacet
  facet normal -0.9876883405951382 0.1564344650402277 -8.149619912948015e-19
    outer loop
      vertex 24.31425460623735 -3.767249371950954 7.5
      vertex 24.45343611063032 -2.8884919377750546 7.5
      vertex 24.45343611063032 -2.8884919377750546 6.5
    endloop
  endfacet
  facet normal 0 0 1
    outer loop
      vertex 21.072061666378193 -2.533095162665033 6.5
      vertex 24.25188926341377 0 6.5
      vertex 21.1 -2 6.5
    endloop
  endfacet
  facet normal 0 0 1
    outer loop
      vertex 24.083980388508806 -4.626644452187053 6.5
      vertex 24.31425460623735 -3.767249371950954 6.5
      vertex 24.31425460623735 -0.23275062804904567 6.5
    endloop
  endfacet
  facet normal 0 0 1
    outer loop
      vertex 24.31425460623735 -3.767249371950954 6.5
      vertex 24.45343611063032 -2.8884919377750546 6.5
      vertex 24.45343611063032 -1.1115080622249454 6.5
    endloop
  endfacet
  facet normal 0 0 1
    outer loop
      vertex 24.45343611063032 -2.8884919377750546 6.5
      vertex 24.5 -2 6.5
      vertex 24.45343611063032 -1.1115080622249454 6.5
    endloop
  endfacet
  facet normal 0 0 1
    outer loop
      vertex 24.31425460623735 -3.767249371950954 6.5
      vertex 24.45343611063032 -1.1115080622249454 6.5
      vertex 24.31425460623735 -0.23275062804904567 6.5
    endloop
  endfacet
  facet normal 0 0 1
    outer loop
      vertex 24.083980388508806 -4.626644452187053 6.5
      vertex 24.31425460623735 -0.23275062804904567 6.5
      vertex 24.25188926341377 0 6.5
    endloop
  endfacet
  facet normal 0 0 1
    outer loop
      vertex 21.1 -2 6.5
      vertex 24.25188926341377 0 6.5
      vertex 21.072061666378193 -1.4669048373349673 6.5
    endloop
  endfacet
  facet normal 0 0 1
    outer loop
      vertex 21.072061666378193 -1.4669048373349673 6.5
      vertex 24.25188926341377 0 6.5
      vertex 20.98855276374241 -0.9396503768294275 6.5
    endloop
  endfacet
  facet normal 0 0 1
    outer loop
      vertex 20.98855276374241 -0.9396503768294275 6.5
      vertex 24.25188926341377 0 6.5
      vertex 20.85038823310528 -0.4240133286877683 6.5
    endloop
  endfacet
  facet normal 0 0 1
    outer loop
      vertex 20.85038823310528 -0.4240133286877683 6.5
      vertex 24.25188926341377 0 6.5
      vertex 20.687624765846397 0 6.5
    endloop
  endfacet
  facet normal -0.9986295347545737 0.05233595624294664 0
    outer loop
      vertex 24.45343611063032 -2.8884919377750546 6.5
      vertex 24.45343611063032 -2.8884919377750546 7.5
      vertex 24.5 -2 6.5
    endloop
  endfacet
  facet normal -0.9986295347545737 0.05233595624294664 0
    outer loop
      vertex 24.5 -2 6.5
      vertex 24.45343611063032 -2.8884919377750546 7.5
      vertex 24.5 -2 7.5
    endloop
  endfacet
  facet normal -0.9986295347545737 -0.05233595624294664 0
    outer loop
      vertex 24.5 -2 6.5
      vertex 24.5 -2 7.5
      vertex 24.45343611063032 -1.1115080622249454 6.5
    endloop
  endfacet
  facet normal -0.9876883405951382 -0.15643446504022768 0
    outer loop
      vertex 24.45343611063032 -1.1115080622249454 6.5
      vertex 24.45343611063032 -1.1115080622249454 7.5
      vertex 24.31425460623735 -0.23275062804904567 6.5
    endloop
  endfacet
  facet normal -0.9986295347545737 -0.05233595624294664 0
    outer loop
      vertex 24.45343611063032 -1.1115080622249454 6.5
      vertex 24.5 -2 7.5
      vertex 24.45343611063032 -1.1115080622249454 7.5
    endloop
  endfacet
  facet normal -0.9659258262890676 -0.2588190451025234 0
    outer loop
      vertex 24.31425460623735 -0.23275062804904567 6.5
      vertex 24.31425460623735 -0.23275062804904567 7.5
      vertex 24.25188926341377 0 6.5
    endloop
  endfacet
  facet normal -0.9876883405951382 -0.15643446504022768 0
    outer loop
      vertex 24.31425460623735 -0.23275062804904567 6.5
      vertex 24.45343611063032 -1.1115080622249454 7.5
      vertex 24.31425460623735 -0.23275062804904567 7.5
    endloop
  endfacet
  facet normal -0.9659258262890676 -0.2588190451025234 -1.2286624719591786e-18
    outer loop
      vertex 24.31425460623735 -0.23275062804904567 7.5
      vertex 24.25188926341377 0 7.5
      vertex 24.25188926341377 0 6.5
    endloop
  endfacet
  facet normal 0.8386705679454285 0.54463903501502 0
    outer loop
      vertex -17.558845726811988 5.1 0.75
      vertex -17.558845726811988 5.1 6.5
      vertex -17.456230589874906 4.941986545873548 0.75
    endloop
  endfacet
  facet normal 0.8910065241883653 0.45399049973955163 3.59475516661329e-19
    outer loop
      vertex -17.558845726811988 5.1 0.75
      vertex -17.64438182375668 5.26787404246356 0.75
      vertex -17.64438182375668 5.26787404246356 6.5
    endloop
  endfacet
  facet normal 0.9335804264972 0.35836794954530465 0
    outer loop
      vertex -17.711901729331277 5.443769410125094 0.75
      vertex -17.711901729331277 5.443769410125094 6.5
      vertex -17.64438182375668 5.26787404246356 0.75
    endloop
  endfacet
  facet normal 0.9659258262890674 0.258819045102524 3.7636703117839613e-19
    outer loop
      vertex -17.711901729331277 5.443769410125094 0.75
      vertex -17.76066568132085 5.625758956528033 0.75
      vertex -17.76066568132085 5.625758956528033 6.5
    endloop
  endfacet
  facet normal 0.9876883405951389 0.15643446504022387 0
    outer loop
      vertex -17.790139411662892 5.811848766118223 0.75
      vertex -17.790139411662892 5.811848766118223 6.5
      vertex -17.76066568132085 5.625758956528033 0.75
    endloop
  endfacet
  facet normal 0.9986295347545737 0.05233595624294678 9.698052222882242e-20
    outer loop
      vertex -17.790139411662892 5.811848766118223 0.75
      vertex -17.8 6 0.75
      vertex -17.8 6 6.5
    endloop
  endfacet
  facet normal 0.453990499739546 0.8910065241883681 0
    outer loop
      vertex -16.9 4.44115427318801 0.75
      vertex -16.9 4.44115427318801 6.5
      vertex -16.73212595753644 4.355618176243318 0.75
    endloop
  endfacet
  facet normal 0.35836794954529894 0.9335804264972022 0
    outer loop
      vertex -16.73212595753644 4.355618176243318 0.75
      vertex -16.73212595753644 4.355618176243318 6.5
      vertex -16.556230589874904 4.288098270668724 0.75
    endloop
  endfacet
  facet normal 0.25881904510251963 0.9659258262890686 0
    outer loop
      vertex -16.556230589874904 4.288098270668724 0.75
      vertex -16.556230589874904 4.288098270668724 6.5
      vertex -16.374241043471965 4.23933431867915 0.75
    endloop
  endfacet
  facet normal 0.15643446504024813 0.9876883405951349 4.4987790707880654e-20
    outer loop
      vertex -16.374241043471965 4.23933431867915 0.75
      vertex -16.35 4.23549491457596 6.5
      vertex -16.35 4.23549491457596 0.75
    endloop
  endfacet
  facet normal -0.1564344650402258 0.9876883405951387 7.959270294314629e-22
    outer loop
      vertex -15.65 4.23549491457596 0.75
      vertex -15.625758956528033 4.23933431867915 6.5
      vertex -15.625758956528033 4.23933431867915 0.75
    endloop
  endfacet
  facet normal -0.25881904510251963 0.9659258262890686 0
    outer loop
      vertex -15.625758956528033 4.23933431867915 0.75
      vertex -15.625758956528033 4.23933431867915 6.5
      vertex -15.443769410125094 4.288098270668724 0.75
    endloop
  endfacet
  facet normal -0.35836794954529894 0.9335804264972022 0
    outer loop
      vertex -15.443769410125094 4.288098270668724 0.75
      vertex -15.443769410125094 4.288098270668724 6.5
      vertex -15.267874042463559 4.355618176243318 0.75
    endloop
  endfacet
  facet normal -0.453990499739546 0.8910065241883681 0
    outer loop
      vertex -15.267874042463559 4.355618176243318 0.75
      vertex -15.267874042463559 4.355618176243318 6.5
      vertex -15.1 4.44115427318801 0.75
    endloop
  endfacet
  facet normal -0.5446390350150289 0.8386705679454229 0
    outer loop
      vertex -15.1 4.44115427318801 0.75
      vertex -15.1 4.44115427318801 6.5
      vertex -14.941986545873549 4.543769410125094 0.75
    endloop
  endfacet
  facet normal 0.6293203910498442 0.7771459614569655 0
    outer loop
      vertex -17.204435091445944 4.662339314140691 0.75
      vertex -17.204435091445944 4.662339314140691 6.5
      vertex -17.058013454126453 4.543769410125094 0.75
    endloop
  endfacet
  facet normal 0.7071067811865475 0.7071067811865475 0
    outer loop
      vertex -17.33766068585931 4.795564908554055 0.75
      vertex -17.33766068585931 4.795564908554055 6.5
      vertex -17.204435091445944 4.662339314140691 0.75
    endloop
  endfacet
  facet normal 0.5446390350150203 0.8386705679454286 9.694927946928998e-19
    outer loop
      vertex -16.9 4.44115427318801 0.75
      vertex -17.058013454126453 4.543769410125094 0.75
      vertex -17.058013454126453 4.543769410125094 6.5
    endloop
  endfacet
  facet normal 0.7771459614569669 0.6293203910498425 3.3122880119164143e-19
    outer loop
      vertex -17.33766068585931 4.795564908554055 0.75
      vertex -17.456230589874906 4.941986545873548 0.75
      vertex -17.456230589874906 4.941986545873548 6.5
    endloop
  endfacet
  facet normal -0.6293203910498395 0.7771459614569691 0
    outer loop
      vertex -14.941986545873549 4.543769410125094 0.75
      vertex -14.941986545873549 4.543769410125094 6.5
      vertex -14.795564908554056 4.662339314140691 0.75
    endloop
  endfacet
  facet normal -0.7071067811865428 0.7071067811865522 0
    outer loop
      vertex -14.795564908554056 4.662339314140691 0.75
      vertex -14.795564908554056 4.662339314140691 6.5
      vertex -14.66233931414069 4.795564908554055 0.75
    endloop
  endfacet
  facet normal -0.7771459614569716 0.6293203910498367 0
    outer loop
      vertex -14.66233931414069 4.795564908554055 0.75
      vertex -14.66233931414069 4.795564908554055 6.5
      vertex -14.543769410125094 4.941986545873548 0.75
    endloop
  endfacet
  facet normal -0.8386705679454243 0.5446390350150266 0
    outer loop
      vertex -14.543769410125094 4.941986545873548 0.75
      vertex -14.543769410125094 4.941986545873548 6.5
      vertex -14.44115427318801 5.1 0.75
    endloop
  endfacet
  facet normal -0.8910065241883691 0.4539904997395442 0
    outer loop
      vertex -14.44115427318801 5.1 0.75
      vertex -14.44115427318801 5.1 6.5
      vertex -14.355618176243318 5.26787404246356 0.75
    endloop
  endfacet
  facet normal -0.9335804264972 0.35836794954530465 0
    outer loop
      vertex -14.355618176243318 5.26787404246356 0.75
      vertex -14.355618176243318 5.26787404246356 6.5
      vertex -14.288098270668723 5.443769410125094 0.75
    endloop
  endfacet
  facet normal -0.9659258262890696 0.2588190451025152 0
    outer loop
      vertex -14.288098270668723 5.443769410125094 0.75
      vertex -14.288098270668723 5.443769410125094 6.5
      vertex -14.23933431867915 5.625758956528033 0.75
    endloop
  endfacet
  facet normal -0.9876883405951372 0.15643446504023306 0
    outer loop
      vertex -14.23933431867915 5.625758956528033 0.75
      vertex -14.23933431867915 5.625758956528033 6.5
      vertex -14.209860588337108 5.811848766118223 0.75
    endloop
  endfacet
  facet normal -0.9986295347545737 0.05233595624294678 0
    outer loop
      vertex -14.209860588337108 5.811848766118223 0.75
      vertex -14.209860588337108 5.811848766118223 6.5
      vertex -14.2 6 0.75
    endloop
  endfacet
  facet normal 0.8910065241883653 0.45399049973955163 0
    outer loop
      vertex -17.558845726811988 5.1 0.75
      vertex -17.64438182375668 5.26787404246356 6.5
      vertex -17.558845726811988 5.1 6.5
    endloop
  endfacet
  facet normal 0.9335804264972 0.35836794954530465 0
    outer loop
      vertex -17.64438182375668 5.26787404246356 0.75
      vertex -17.711901729331277 5.443769410125094 6.5
      vertex -17.64438182375668 5.26787404246356 6.5
    endloop
  endfacet
  facet normal 0.9659258262890674 0.258819045102524 0
    outer loop
      vertex -17.711901729331277 5.443769410125094 0.75
      vertex -17.76066568132085 5.625758956528033 6.5
      vertex -17.711901729331277 5.443769410125094 6.5
    endloop
  endfacet
  facet normal 0.9876883405951389 0.15643446504022387 0
    outer loop
      vertex -17.76066568132085 5.625758956528033 0.75
      vertex -17.790139411662892 5.811848766118223 6.5
      vertex -17.76066568132085 5.625758956528033 6.5
    endloop
  endfacet
  facet normal 0.9986295347545737 0.05233595624294678 0
    outer loop
      vertex -17.790139411662892 5.811848766118223 0.75
      vertex -17.8 6 6.5
      vertex -17.790139411662892 5.811848766118223 6.5
    endloop
  endfacet
  facet normal 0.5446390350150203 0.8386705679454286 0
    outer loop
      vertex -16.9 4.44115427318801 0.75
      vertex -17.058013454126453 4.543769410125094 6.5
      vertex -16.9 4.44115427318801 6.5
    endloop
  endfacet
  facet normal 0.453990499739546 0.8910065241883681 0
    outer loop
      vertex -16.73212595753644 4.355618176243318 0.75
      vertex -16.9 4.44115427318801 6.5
      vertex -16.73212595753644 4.355618176243318 6.5
    endloop
  endfacet
  facet normal 0.35836794954529894 0.9335804264972022 0
    outer loop
      vertex -16.556230589874904 4.288098270668724 0.75
      vertex -16.73212595753644 4.355618176243318 6.5
      vertex -16.556230589874904 4.288098270668724 6.5
    endloop
  endfacet
  facet normal 0.25881904510251963 0.9659258262890686 0
    outer loop
      vertex -16.374241043471965 4.23933431867915 0.75
      vertex -16.556230589874904 4.288098270668724 6.5
      vertex -16.374241043471965 4.23933431867915 6.5
    endloop
  endfacet
  facet normal 0.15643446504024813 0.9876883405951349 0
    outer loop
      vertex -16.374241043471965 4.23933431867915 0.75
      vertex -16.374241043471965 4.23933431867915 6.5
      vertex -16.35 4.23549491457596 6.5
    endloop
  endfacet
  facet normal -0.1564344650402258 0.9876883405951387 0
    outer loop
      vertex -15.65 4.23549491457596 0.75
      vertex -15.65 4.23549491457596 6.5
      vertex -15.625758956528033 4.23933431867915 6.5
    endloop
  endfacet
  facet normal -0.25881904510251963 0.9659258262890686 0
    outer loop
      vertex -15.443769410125094 4.288098270668724 0.75
      vertex -15.625758956528033 4.23933431867915 6.5
      vertex -15.443769410125094 4.288098270668724 6.5
    endloop
  endfacet
  facet normal -0.35836794954529894 0.9335804264972022 0
    outer loop
      vertex -15.267874042463559 4.355618176243318 0.75
      vertex -15.443769410125094 4.288098270668724 6.5
      vertex -15.267874042463559 4.355618176243318 6.5
    endloop
  endfacet
  facet normal -0.453990499739546 0.8910065241883681 0
    outer loop
      vertex -15.1 4.44115427318801 0.75
      vertex -15.267874042463559 4.355618176243318 6.5
      vertex -15.1 4.44115427318801 6.5
    endloop
  endfacet
  facet normal 0.6293203910498442 0.7771459614569655 0
    outer loop
      vertex -17.058013454126453 4.543769410125094 0.75
      vertex -17.204435091445944 4.662339314140691 6.5
      vertex -17.058013454126453 4.543769410125094 6.5
    endloop
  endfacet
  facet normal 0.7771459614569669 0.6293203910498425 0
    outer loop
      vertex -17.33766068585931 4.795564908554055 0.75
      vertex -17.456230589874906 4.941986545873548 6.5
      vertex -17.33766068585931 4.795564908554055 6.5
    endloop
  endfacet
  facet normal 0.7071067811865475 0.7071067811865475 0
    outer loop
      vertex -17.204435091445944 4.662339314140691 0.75
      vertex -17.33766068585931 4.795564908554055 6.5
      vertex -17.204435091445944 4.662339314140691 6.5
    endloop
  endfacet
  facet normal 0.8386705679454285 0.54463903501502 0
    outer loop
      vertex -17.456230589874906 4.941986545873548 0.75
      vertex -17.558845726811988 5.1 6.5
      vertex -17.456230589874906 4.941986545873548 6.5
    endloop
  endfacet
  facet normal -0.5446390350150289 0.8386705679454229 0
    outer loop
      vertex -14.941986545873549 4.543769410125094 0.75
      vertex -15.1 4.44115427318801 6.5
      vertex -14.941986545873549 4.543769410125094 6.5
    endloop
  endfacet
  facet normal -0.6293203910498395 0.7771459614569691 0
    outer loop
      vertex -14.795564908554056 4.662339314140691 0.75
      vertex -14.941986545873549 4.543769410125094 6.5
      vertex -14.795564908554056 4.662339314140691 6.5
    endloop
  endfacet
  facet normal -0.7071067811865428 0.7071067811865522 0
    outer loop
      vertex -14.66233931414069 4.795564908554055 0.75
      vertex -14.795564908554056 4.662339314140691 6.5
      vertex -14.66233931414069 4.795564908554055 6.5
    endloop
  endfacet
  facet normal -0.7771459614569716 0.6293203910498367 0
    outer loop
      vertex -14.543769410125094 4.941986545873548 0.75
      vertex -14.66233931414069 4.795564908554055 6.5
      vertex -14.543769410125094 4.941986545873548 6.5
    endloop
  endfacet
  facet normal -0.8386705679454243 0.5446390350150266 0
    outer loop
      vertex -14.44115427318801 5.1 0.75
      vertex -14.543769410125094 4.941986545873548 6.5
      vertex -14.44115427318801 5.1 6.5
    endloop
  endfacet
  facet normal -0.8910065241883691 0.4539904997395442 0
    outer loop
      vertex -14.355618176243318 5.26787404246356 0.75
      vertex -14.44115427318801 5.1 6.5
      vertex -14.355618176243318 5.26787404246356 6.5
    endloop
  endfacet
  facet normal -0.9335804264972 0.35836794954530465 0
    outer loop
      vertex -14.288098270668723 5.443769410125094 0.75
      vertex -14.355618176243318 5.26787404246356 6.5
      vertex -14.288098270668723 5.443769410125094 6.5
    endloop
  endfacet
  facet normal -0.9659258262890696 0.2588190451025152 0
    outer loop
      vertex -14.23933431867915 5.625758956528033 0.75
      vertex -14.288098270668723 5.443769410125094 6.5
      vertex -14.23933431867915 5.625758956528033 6.5
    endloop
  endfacet
  facet normal -0.9876883405951372 0.15643446504023306 0
    outer loop
      vertex -14.209860588337108 5.811848766118223 0.75
      vertex -14.23933431867915 5.625758956528033 6.5
      vertex -14.209860588337108 5.811848766118223 6.5
    endloop
  endfacet
  facet normal -0.9986295347545737 0.05233595624294678 -9.698052222882242e-20
    outer loop
      vertex -14.209860588337108 5.811848766118223 6.5
      vertex -14.2 6 6.5
      vertex -14.2 6 0.75
    endloop
  endfacet
  facet normal 0.9986295347545737 -0.05233595624294678 -9.698052222882242e-20
    outer loop
      vertex -17.8 6 0.75
      vertex -17.790139411662892 6.188151233881777 0.75
      vertex -17.790139411662892 6.188151233881777 6.5
    endloop
  endfacet
  facet normal 0.9876883405951389 -0.15643446504022387 7.218752365634793e-17
    outer loop
      vertex -17.790139411662892 6.188151233881777 0.75
      vertex -17.76066568132085 6.374241043471967 0.75
      vertex -17.77029589076929 6.31343829398025 6.5
    endloop
  endfacet
  facet normal -0.9986295347545737 -0.05233595624294678 0
    outer loop
      vertex -14.2 6 0.75
      vertex -14.2 6 6.5
      vertex -14.209860588337108 6.188151233881777 0.75
    endloop
  endfacet
  facet normal -0.9876883405951372 -0.15643446504023306 5.682625379410598e-20
    outer loop
      vertex -14.23933431867915 6.374241043471967 0.75
      vertex -14.209860588337108 6.188151233881777 0.75
      vertex -14.209860588337108 6.188151233881777 6.5
    endloop
  endfacet
  facet normal 0.629320391049844 -0.7771459614569654 -5.201108914193568e-19
    outer loop
      vertex -17.204435091445944 7.337660685859309 0.75
      vertex -17.058013454126453 7.456230589874906 0.75
      vertex -17.058013454126453 7.456230589874906 11.2
    endloop
  endfacet
  facet normal -0.5446390350150287 -0.8386705679454229 0
    outer loop
      vertex -14.941986545873549 7.456230589874906 0.75
      vertex -14.941986545873549 7.456230589874906 11.2
      vertex -15.1 7.55884572681199 0.75
    endloop
  endfacet
  facet normal -0.7071067811865428 -0.7071067811865521 2.590984037801692e-17
    outer loop
      vertex -14.795564908554056 7.337660685859309 0.75
      vertex -14.66233931414069 7.204435091445945 0.75
      vertex -14.757904222694746 7.300000000000001 11.2
    endloop
  endfacet
  facet normal -0.6293203910498396 -0.7771459614569691 -7.271182347438734e-19
    outer loop
      vertex -14.941986545873549 7.456230589874906 0.75
      vertex -14.795564908554056 7.337660685859309 0.75
      vertex -14.795564908554056 7.337660685859309 11.2
    endloop
  endfacet
  facet normal 0.5446390350150202 -0.8386705679454285 -5.334529731563802e-19
    outer loop
      vertex -17.058013454126453 7.456230589874906 0.75
      vertex -16.9 7.55884572681199 0.75
      vertex -16.9 7.55884572681199 11.2
    endloop
  endfacet
  facet normal 0.4539904997395461 -0.8910065241883682 6.87257008649959e-20
    outer loop
      vertex -16.9 7.55884572681199 0.75
      vertex -16.73212595753644 7.644381823756682 0.75
      vertex -16.73212595753644 7.644381823756682 11.2
    endloop
  endfacet
  facet normal 0.358367949545299 -0.9335804264972023 -2.4212948402739403e-19
    outer loop
      vertex -16.73212595753644 7.644381823756682 0.75
      vertex -16.556230589874904 7.711901729331276 0.75
      vertex -16.556230589874904 7.711901729331276 11.2
    endloop
  endfacet
  facet normal 0.25881904510251963 -0.9659258262890685 -3.644934089758385e-19
    outer loop
      vertex -16.556230589874904 7.711901729331276 0.75
      vertex -16.374241043471965 7.76066568132085 0.75
      vertex -16.374241043471965 7.76066568132085 11.2
    endloop
  endfacet
  facet normal 0.15643446504023384 -0.9876883405951373 -1.110490286609734e-19
    outer loop
      vertex -16.374241043471965 7.76066568132085 0.75
      vertex -16.188151233881776 7.790139411662892 0.75
      vertex -16.188151233881776 7.790139411662892 11.2
    endloop
  endfacet
  facet normal 0.05233595624294232 -0.9986295347545739 5.055730830121482e-20
    outer loop
      vertex -16.188151233881776 7.790139411662892 0.75
      vertex -16 7.8 0.75
      vertex -16 7.8 11.2
    endloop
  endfacet
  facet normal -0.05233595624294232 -0.9986295347545739 -5.055730830121482e-20
    outer loop
      vertex -16 7.8 0.75
      vertex -15.811848766118224 7.790139411662892 0.75
      vertex -15.811848766118224 7.790139411662892 11.2
    endloop
  endfacet
  facet normal -0.358367949545299 -0.9335804264972023 2.4212948402739403e-19
    outer loop
      vertex -15.443769410125094 7.711901729331276 0.75
      vertex -15.267874042463559 7.644381823756682 0.75
      vertex -15.267874042463559 7.644381823756682 11.2
    endloop
  endfacet
  facet normal -0.15643446504023237 -0.9876883405951375 -4.8512959892339276e-20
    outer loop
      vertex -15.811848766118224 7.790139411662892 0.75
      vertex -15.625758956528033 7.76066568132085 0.75
      vertex -15.625758956528033 7.76066568132085 11.2
    endloop
  endfacet
  facet normal -0.25881904510251963 -0.9659258262890685 3.644934089758385e-19
    outer loop
      vertex -15.625758956528033 7.76066568132085 0.75
      vertex -15.443769410125094 7.711901729331276 0.75
      vertex -15.443769410125094 7.711901729331276 11.2
    endloop
  endfacet
  facet normal -0.4539904997395461 -0.8910065241883682 -6.87257008649959e-20
    outer loop
      vertex -15.267874042463559 7.644381823756682 0.75
      vertex -15.1 7.55884572681199 0.75
      vertex -15.1 7.55884572681199 11.2
    endloop
  endfacet
  facet normal 0.9986295347545737 -0.05233595624294678 0
    outer loop
      vertex -17.8 6 0.75
      vertex -17.790139411662892 6.188151233881777 6.5
      vertex -17.8 6 6.5
    endloop
  endfacet
  facet normal 0.9876883405951393 -0.15643446504022065 0
    outer loop
      vertex -17.790139411662892 6.188151233881777 0.75
      vertex -17.77029589076929 6.31343829398025 6.5
      vertex -17.790139411662892 6.188151233881777 6.5
    endloop
  endfacet
  facet normal 0.9659258262890674 -0.258819045102524 0
    outer loop
      vertex -17.76066568132085 6.374241043471967 0.75
      vertex -17.711901729331277 6.556230589874906 0.75
      vertex -17.76066568132085 6.374241043471967 16.5
    endloop
  endfacet
  facet normal 0.9335804264972 -0.35836794954530465 0
    outer loop
      vertex -17.711901729331277 6.556230589874906 0.75
      vertex -17.64438182375668 6.73212595753644 0.75
      vertex -17.711901729331277 6.556230589874906 16.5
    endloop
  endfacet
  facet normal 0.8910065241883655 -0.4539904997395517 0
    outer loop
      vertex -17.64438182375668 6.73212595753644 0.75
      vertex -17.558845726811988 6.9 0.75
      vertex -17.64438182375668 6.73212595753644 16.5
    endloop
  endfacet
  facet normal 0.8386705679454286 -0.54463903501502 0
    outer loop
      vertex -17.558845726811988 6.9 0.75
      vertex -17.456230589874906 7.058013454126452 0.75
      vertex -17.558845726811988 6.9 16.5
    endloop
  endfacet
  facet normal -0.9986295347545737 -0.05233595624294678 0
    outer loop
      vertex -14.209860588337108 6.188151233881777 0.75
      vertex -14.2 6 6.5
      vertex -14.209860588337108 6.188151233881777 6.5
    endloop
  endfacet
  facet normal -0.9876883405951372 -0.1564344650402343 -4.09401000434458e-17
    outer loop
      vertex -14.23933431867915 6.374241043471967 0.75
      vertex -14.209860588337108 6.188151233881777 6.5
      vertex -14.229704109230711 6.31343829398025 6.5
    endloop
  endfacet
  facet normal 0.7771459614569669 -0.6293203910498424 0
    outer loop
      vertex -17.456230589874906 7.058013454126452 0.75
      vertex -17.33766068585931 7.204435091445945 0.75
      vertex -17.456230589874906 7.058013454126452 16.5
    endloop
  endfacet
  facet normal 0.7071067811865475 -0.7071067811865475 0
    outer loop
      vertex -17.33766068585931 7.204435091445945 0.75
      vertex -17.204435091445944 7.337660685859309 0.75
      vertex -17.33766068585931 7.204435091445945 16.5
    endloop
  endfacet
  facet normal -0.9659258262890698 -0.2588190451025152 -2.3831101494640836e-19
    outer loop
      vertex -14.23933431867915 6.374241043471967 0.75
      vertex -14.288098270668723 6.556230589874906 16.5
      vertex -14.288098270668723 6.556230589874906 0.75
    endloop
  endfacet
  facet normal -0.9335804264972 -0.35836794954530465 0
    outer loop
      vertex -14.355618176243318 6.73212595753644 0.75
      vertex -14.288098270668723 6.556230589874906 0.75
      vertex -14.355618176243318 6.73212595753644 16.5
    endloop
  endfacet
  facet normal -0.8386705679454244 -0.5446390350150266 0
    outer loop
      vertex -14.543769410125094 7.058013454126452 0.75
      vertex -14.44115427318801 6.9 0.75
      vertex -14.543769410125094 7.058013454126452 16.5
    endloop
  endfacet
  facet normal -0.8910065241883691 -0.45399049973954414 7.454382046535669e-20
    outer loop
      vertex -14.355618176243318 6.73212595753644 0.75
      vertex -14.44115427318801 6.9 16.5
      vertex -14.44115427318801 6.9 0.75
    endloop
  endfacet
  facet normal -0.7771459614569716 -0.6293203910498367 8.33691361556438e-20
    outer loop
      vertex -14.543769410125094 7.058013454126452 0.75
      vertex -14.66233931414069 7.204435091445945 16.5
      vertex -14.66233931414069 7.204435091445945 0.75
    endloop
  endfacet
  facet normal 0.9876883405951378 -0.15643446504023056 0
    outer loop
      vertex -17.76066568132085 6.374241043471967 0.75
      vertex -17.76066568132085 6.374241043471967 16.5
      vertex -17.77029589076929 6.31343829398025 6.5
    endloop
  endfacet
  facet normal 0.7071067811865559 -0.7071067811865391 0
    outer loop
      vertex -17.204435091445944 7.337660685859309 0.75
      vertex -17.204435091445944 7.337660685859309 11.2
      vertex -17.242095777305252 7.300000000000001 11.2
    endloop
  endfacet
  facet normal 0.629320391049844 -0.7771459614569654 0
    outer loop
      vertex -17.204435091445944 7.337660685859309 0.75
      vertex -17.058013454126453 7.456230589874906 11.2
      vertex -17.204435091445944 7.337660685859309 11.2
    endloop
  endfacet
  facet normal 0.5446390350150202 -0.8386705679454285 0
    outer loop
      vertex -17.058013454126453 7.456230589874906 0.75
      vertex -16.9 7.55884572681199 11.2
      vertex -17.058013454126453 7.456230589874906 11.2
    endloop
  endfacet
  facet normal -0.9876883405951378 -0.15643446504023056 0
    outer loop
      vertex -14.23933431867915 6.374241043471967 0.75
      vertex -14.229704109230711 6.31343829398025 6.5
      vertex -14.23933431867915 6.374241043471967 16.5
    endloop
  endfacet
  facet normal -0.6293203910498396 -0.7771459614569691 0
    outer loop
      vertex -14.941986545873549 7.456230589874906 0.75
      vertex -14.795564908554056 7.337660685859309 11.2
      vertex -14.941986545873549 7.456230589874906 11.2
    endloop
  endfacet
  facet normal -0.7071067811865391 -0.7071067811865558 0
    outer loop
      vertex -14.795564908554056 7.337660685859309 0.75
      vertex -14.757904222694746 7.300000000000001 11.2
      vertex -14.795564908554056 7.337660685859309 11.2
    endloop
  endfacet
  facet normal -0.7071067811865441 -0.707106781186551 2.3697085721890773e-18
    outer loop
      vertex -14.66233931414069 7.204435091445945 0.75
      vertex -14.757904222694746 7.300000000000001 12.8
      vertex -14.757904222694746 7.300000000000001 11.2
    endloop
  endfacet
  facet normal 0.4539904997395461 -0.8910065241883682 0
    outer loop
      vertex -16.9 7.55884572681199 0.75
      vertex -16.73212595753644 7.644381823756682 11.2
      vertex -16.9 7.55884572681199 11.2
    endloop
  endfacet
  facet normal 0.358367949545299 -0.9335804264972023 0
    outer loop
      vertex -16.73212595753644 7.644381823756682 0.75
      vertex -16.556230589874904 7.711901729331276 11.2
      vertex -16.73212595753644 7.644381823756682 11.2
    endloop
  endfacet
  facet normal 0.25881904510251963 -0.9659258262890685 0
    outer loop
      vertex -16.556230589874904 7.711901729331276 0.75
      vertex -16.374241043471965 7.76066568132085 11.2
      vertex -16.556230589874904 7.711901729331276 11.2
    endloop
  endfacet
  facet normal 0.15643446504023384 -0.9876883405951373 0
    outer loop
      vertex -16.374241043471965 7.76066568132085 0.75
      vertex -16.188151233881776 7.790139411662892 11.2
      vertex -16.374241043471965 7.76066568132085 11.2
    endloop
  endfacet
  facet normal 0.05233595624294232 -0.9986295347545739 0
    outer loop
      vertex -16.188151233881776 7.790139411662892 0.75
      vertex -16 7.8 11.2
      vertex -16.188151233881776 7.790139411662892 11.2
    endloop
  endfacet
  facet normal -0.05233595624294232 -0.9986295347545739 0
    outer loop
      vertex -16 7.8 0.75
      vertex -15.811848766118224 7.790139411662892 11.2
      vertex -16 7.8 11.2
    endloop
  endfacet
  facet normal -0.15643446504023237 -0.9876883405951375 0
    outer loop
      vertex -15.811848766118224 7.790139411662892 0.75
      vertex -15.625758956528033 7.76066568132085 11.2
      vertex -15.811848766118224 7.790139411662892 11.2
    endloop
  endfacet
  facet normal -0.25881904510251963 -0.9659258262890685 0
    outer loop
      vertex -15.625758956528033 7.76066568132085 0.75
      vertex -15.443769410125094 7.711901729331276 11.2
      vertex -15.625758956528033 7.76066568132085 11.2
    endloop
  endfacet
  facet normal -0.358367949545299 -0.9335804264972023 0
    outer loop
      vertex -15.443769410125094 7.711901729331276 0.75
      vertex -15.267874042463559 7.644381823756682 11.2
      vertex -15.443769410125094 7.711901729331276 11.2
    endloop
  endfacet
  facet normal -0.4539904997395461 -0.8910065241883682 0
    outer loop
      vertex -15.267874042463559 7.644381823756682 0.75
      vertex -15.1 7.55884572681199 11.2
      vertex -15.267874042463559 7.644381823756682 11.2
    endloop
  endfacet
  facet normal -0.5446390350150287 -0.8386705679454229 0
    outer loop
      vertex -15.1 7.55884572681199 0.75
      vertex -14.941986545873549 7.456230589874906 11.2
      vertex -15.1 7.55884572681199 11.2
    endloop
  endfacet
  facet normal 0.7071067811865415 -0.7071067811865537 -1.0466897575521376e-16
    outer loop
      vertex -17.204435091445944 7.337660685859309 0.75
      vertex -17.242095777305252 7.300000000000001 11.2
      vertex -17.33766068585931 7.204435091445945 16.5
    endloop
  endfacet
  facet normal -0.7071067811865442 -0.7071067811865508 0
    outer loop
      vertex -14.66233931414069 7.204435091445945 0.75
      vertex -14.66233931414069 7.204435091445945 16.5
      vertex -14.757904222694746 7.300000000000001 12.8
    endloop
  endfacet
  facet normal 0.9659258262890674 -0.258819045102524 0
    outer loop
      vertex -17.711901729331277 6.556230589874906 0.75
      vertex -17.711901729331277 6.556230589874906 16.5
      vertex -17.76066568132085 6.374241043471967 16.5
    endloop
  endfacet
  facet normal 0.9335804264972 -0.35836794954530465 0
    outer loop
      vertex -17.64438182375668 6.73212595753644 0.75
      vertex -17.64438182375668 6.73212595753644 16.5
      vertex -17.711901729331277 6.556230589874906 16.5
    endloop
  endfacet
  facet normal 0.8910065241883655 -0.4539904997395517 0
    outer loop
      vertex -17.558845726811988 6.9 0.75
      vertex -17.558845726811988 6.9 16.5
      vertex -17.64438182375668 6.73212595753644 16.5
    endloop
  endfacet
  facet normal 0.8386705679454286 -0.54463903501502 0
    outer loop
      vertex -17.456230589874906 7.058013454126452 0.75
      vertex -17.456230589874906 7.058013454126452 16.5
      vertex -17.558845726811988 6.9 16.5
    endloop
  endfacet
  facet normal 0.7771459614569669 -0.6293203910498424 0
    outer loop
      vertex -17.33766068585931 7.204435091445945 0.75
      vertex -17.33766068585931 7.204435091445945 16.5
      vertex -17.456230589874906 7.058013454126452 16.5
    endloop
  endfacet
  facet normal -0.9659258262890698 -0.2588190451025152 0
    outer loop
      vertex -14.23933431867915 6.374241043471967 0.75
      vertex -14.23933431867915 6.374241043471967 16.5
      vertex -14.288098270668723 6.556230589874906 16.5
    endloop
  endfacet
  facet normal -0.9335804264972 -0.35836794954530465 0
    outer loop
      vertex -14.288098270668723 6.556230589874906 0.75
      vertex -14.288098270668723 6.556230589874906 16.5
      vertex -14.355618176243318 6.73212595753644 16.5
    endloop
  endfacet
  facet normal -0.8386705679454244 -0.5446390350150266 0
    outer loop
      vertex -14.44115427318801 6.9 0.75
      vertex -14.44115427318801 6.9 16.5
      vertex -14.543769410125094 7.058013454126452 16.5
    endloop
  endfacet
  facet normal -0.7771459614569716 -0.6293203910498367 0
    outer loop
      vertex -14.543769410125094 7.058013454126452 0.75
      vertex -14.543769410125094 7.058013454126452 16.5
      vertex -14.66233931414069 7.204435091445945 16.5
    endloop
  endfacet
  facet normal -0.8910065241883691 -0.45399049973954414 0
    outer loop
      vertex -14.355618176243318 6.73212595753644 0.75
      vertex -14.355618176243318 6.73212595753644 16.5
      vertex -14.44115427318801 6.9 16.5
    endloop
  endfacet
  facet normal 0.9876883405951378 -0.15643446504023056 0
    outer loop
      vertex -17.77029589076929 6.31343829398025 6.5
      vertex -17.76066568132085 6.374241043471967 16.5
      vertex -17.77029589076929 6.31343829398025 16.5
    endloop
  endfacet
  facet normal 0.7071067811865442 -0.7071067811865508 0
    outer loop
      vertex -17.242095777305252 7.300000000000001 11.2
      vertex -17.242095777305252 7.300000000000001 12.8
      vertex -17.33766068585931 7.204435091445945 16.5
    endloop
  endfacet
  facet normal 0.7071067811865558 -0.7071067811865392 2.245183506614017e-19
    outer loop
      vertex -17.242095777305252 7.300000000000001 12.8
      vertex -17.204435091445944 7.337660685859309 12.8
      vertex -17.204435091445944 7.337660685859309 16.5
    endloop
  endfacet
  facet normal 0.6293203910498442 -0.7771459614569655 -1.468961841981697e-18
    outer loop
      vertex -17.204435091445944 7.337660685859309 12.8
      vertex -17.058013454126453 7.456230589874906 12.8
      vertex -17.058013454126453 7.456230589874906 16.5
    endloop
  endfacet
  facet normal -0.9876883405951378 -0.15643446504023056 0
    outer loop
      vertex -14.229704109230711 6.31343829398025 6.5
      vertex -14.229704109230711 6.31343829398025 16.5
      vertex -14.23933431867915 6.374241043471967 16.5
    endloop
  endfacet
  facet normal -0.5446390350150289 -0.8386705679454228 0
    outer loop
      vertex -14.941986545873549 7.456230589874906 12.8
      vertex -14.941986545873549 7.456230589874906 16.5
      vertex -15.1 7.55884572681199 12.8
    endloop
  endfacet
  facet normal -0.7071067811865392 -0.7071067811865558 -2.6076126346681485e-16
    outer loop
      vertex -14.757904222694746 7.300000000000001 12.8
      vertex -14.66233931414069 7.204435091445945 16.5
      vertex -14.795564908554056 7.337660685859309 12.8
    endloop
  endfacet
  facet normal -0.6293203910498395 -0.7771459614569691 -2.053617717046886e-18
    outer loop
      vertex -14.941986545873549 7.456230589874906 12.8
      vertex -14.795564908554056 7.337660685859309 12.8
      vertex -14.795564908554056 7.337660685859309 16.5
    endloop
  endfacet
  facet normal 0.7071067811865476 -0.7071067811865475 1.7004388942312492e-16
    outer loop
      vertex -17.242095777305252 7.300000000000001 12.8
      vertex -17.204435091445944 7.337660685859309 16.5
      vertex -17.33766068585931 7.204435091445945 16.5
    endloop
  endfacet
  facet normal 0.6293203910498442 -0.7771459614569655 0
    outer loop
      vertex -17.204435091445944 7.337660685859309 12.8
      vertex -17.058013454126453 7.456230589874906 16.5
      vertex -17.204435091445944 7.337660685859309 16.5
    endloop
  endfacet
  facet normal 0.5446390350150202 -0.8386705679454286 0
    outer loop
      vertex -17.058013454126453 7.456230589874906 12.8
      vertex -16.9 7.55884572681199 16.5
      vertex -17.058013454126453 7.456230589874906 16.5
    endloop
  endfacet
  facet normal -0.6293203910498395 -0.7771459614569691 0
    outer loop
      vertex -14.941986545873549 7.456230589874906 12.8
      vertex -14.795564908554056 7.337660685859309 16.5
      vertex -14.941986545873549 7.456230589874906 16.5
    endloop
  endfacet
  facet normal -0.7071067811865428 -0.7071067811865522 0
    outer loop
      vertex -14.795564908554056 7.337660685859309 12.8
      vertex -14.66233931414069 7.204435091445945 16.5
      vertex -14.795564908554056 7.337660685859309 16.5
    endloop
  endfacet
  facet normal 0.5446390350150202 -0.8386705679454286 -1.5066442079686957e-18
    outer loop
      vertex -17.058013454126453 7.456230589874906 12.8
      vertex -16.9 7.55884572681199 12.8
      vertex -16.9 7.55884572681199 16.5
    endloop
  endfacet
  facet normal 0.4539904997395461 -0.8910065241883682 1.941036686592452e-19
    outer loop
      vertex -16.9 7.55884572681199 12.8
      vertex -16.73212595753644 7.644381823756682 12.8
      vertex -16.73212595753644 7.644381823756682 16.5
    endloop
  endfacet
  facet normal 0.358367949545299 -0.9335804264972022 -6.83852191374667e-19
    outer loop
      vertex -16.73212595753644 7.644381823756682 12.8
      vertex -16.556230589874904 7.711901729331276 12.8
      vertex -16.556230589874904 7.711901729331276 16.5
    endloop
  endfacet
  facet normal 0.2588190451025196 -0.9659258262890685 -1.0294476010263547e-18
    outer loop
      vertex -16.556230589874904 7.711901729331276 12.8
      vertex -16.374241043471965 7.76066568132085 12.8
      vertex -16.374241043471965 7.76066568132085 16.5
    endloop
  endfacet
  facet normal 0.1564344650402338 -0.9876883405951373 -3.1363847283977633e-19
    outer loop
      vertex -16.374241043471965 7.76066568132085 12.8
      vertex -16.188151233881776 7.790139411662892 12.8
      vertex -16.188151233881776 7.790139411662892 16.5
    endloop
  endfacet
  facet normal 0.05233595624294232 -0.9986295347545738 1.4279023560748512e-19
    outer loop
      vertex -16.188151233881776 7.790139411662892 12.8
      vertex -16 7.8 12.8
      vertex -16 7.8 16.5
    endloop
  endfacet
  facet normal -0.05233595624294232 -0.9986295347545738 -1.4279023560748512e-19
    outer loop
      vertex -16 7.8 12.8
      vertex -15.811848766118224 7.790139411662892 12.8
      vertex -15.811848766118224 7.790139411662892 16.5
    endloop
  endfacet
  facet normal -0.358367949545299 -0.9335804264972022 6.83852191374667e-19
    outer loop
      vertex -15.443769410125094 7.711901729331276 12.8
      vertex -15.267874042463559 7.644381823756682 12.8
      vertex -15.267874042463559 7.644381823756682 16.5
    endloop
  endfacet
  facet normal -0.15643446504023234 -0.9876883405951375 -1.370163326689042e-19
    outer loop
      vertex -15.811848766118224 7.790139411662892 12.8
      vertex -15.625758956528033 7.76066568132085 12.8
      vertex -15.625758956528033 7.76066568132085 16.5
    endloop
  endfacet
  facet normal -0.2588190451025196 -0.9659258262890685 1.0294476010263547e-18
    outer loop
      vertex -15.625758956528033 7.76066568132085 12.8
      vertex -15.443769410125094 7.711901729331276 12.8
      vertex -15.443769410125094 7.711901729331276 16.5
    endloop
  endfacet
  facet normal -0.4539904997395461 -0.8910065241883682 -1.941036686592452e-19
    outer loop
      vertex -15.267874042463559 7.644381823756682 12.8
      vertex -15.1 7.55884572681199 12.8
      vertex -15.1 7.55884572681199 16.5
    endloop
  endfacet
  facet normal 0.4539904997395461 -0.8910065241883682 0
    outer loop
      vertex -16.9 7.55884572681199 12.8
      vertex -16.73212595753644 7.644381823756682 16.5
      vertex -16.9 7.55884572681199 16.5
    endloop
  endfacet
  facet normal 0.358367949545299 -0.9335804264972022 0
    outer loop
      vertex -16.73212595753644 7.644381823756682 12.8
      vertex -16.556230589874904 7.711901729331276 16.5
      vertex -16.73212595753644 7.644381823756682 16.5
    endloop
  endfacet
  facet normal 0.2588190451025196 -0.9659258262890685 0
    outer loop
      vertex -16.556230589874904 7.711901729331276 12.8
      vertex -16.374241043471965 7.76066568132085 16.5
      vertex -16.556230589874904 7.711901729331276 16.5
    endloop
  endfacet
  facet normal 0.1564344650402338 -0.9876883405951373 0
    outer loop
      vertex -16.374241043471965 7.76066568132085 12.8
      vertex -16.188151233881776 7.790139411662892 16.5
      vertex -16.374241043471965 7.76066568132085 16.5
    endloop
  endfacet
  facet normal 0.05233595624294232 -0.9986295347545738 0
    outer loop
      vertex -16.188151233881776 7.790139411662892 12.8
      vertex -16 7.8 16.5
      vertex -16.188151233881776 7.790139411662892 16.5
    endloop
  endfacet
  facet normal -0.05233595624294232 -0.9986295347545738 0
    outer loop
      vertex -16 7.8 12.8
      vertex -15.811848766118224 7.790139411662892 16.5
      vertex -16 7.8 16.5
    endloop
  endfacet
  facet normal -0.15643446504023234 -0.9876883405951375 0
    outer loop
      vertex -15.811848766118224 7.790139411662892 12.8
      vertex -15.625758956528033 7.76066568132085 16.5
      vertex -15.811848766118224 7.790139411662892 16.5
    endloop
  endfacet
  facet normal -0.2588190451025196 -0.9659258262890685 0
    outer loop
      vertex -15.625758956528033 7.76066568132085 12.8
      vertex -15.443769410125094 7.711901729331276 16.5
      vertex -15.625758956528033 7.76066568132085 16.5
    endloop
  endfacet
  facet normal -0.358367949545299 -0.9335804264972022 0
    outer loop
      vertex -15.443769410125094 7.711901729331276 12.8
      vertex -15.267874042463559 7.644381823756682 16.5
      vertex -15.443769410125094 7.711901729331276 16.5
    endloop
  endfacet
  facet normal -0.4539904997395461 -0.8910065241883682 0
    outer loop
      vertex -15.267874042463559 7.644381823756682 12.8
      vertex -15.1 7.55884572681199 16.5
      vertex -15.267874042463559 7.644381823756682 16.5
    endloop
  endfacet
  facet normal -0.5446390350150289 -0.8386705679454228 0
    outer loop
      vertex -15.1 7.55884572681199 12.8
      vertex -14.941986545873549 7.456230589874906 16.5
      vertex -15.1 7.55884572681199 16.5
    endloop
  endfacet
  facet normal 0.5524529673809834 0.5524529673809873 -0.6241726024617613
    outer loop
      vertex -17.783547581145747 4.39408654473874 0
      vertex -17.33766068585931 4.795564908554055 0.75
      vertex -17.656180476355697 4.266719439948691 0
    endloop
  endfacet
  facet normal 0.6071736319295549 0.4916795125135747 -0.6241726024617607
    outer loop
      vertex -17.783547581145747 4.39408654473874 0
      vertex -17.941640786499875 4.5893153944980645 0
      vertex -17.456230589874906 4.941986545873548 0.75
    endloop
  endfacet
  facet normal 0.6552419751074534 0.4255191140165103 -0.624172602461761
    outer loop
      vertex -18.078460969082652 4.8 0
      vertex -17.558845726811988 5.1 0.75
      vertex -17.941640786499875 4.5893153944980645 0
    endloop
  endfacet
  facet normal 0.6071736319295507 0.49167951251357866 -0.6241726024617615
    outer loop
      vertex -17.783547581145747 4.39408654473874 0
      vertex -17.456230589874906 4.941986545873548 0.75
      vertex -17.33766068585931 4.795564908554055 0.75
    endloop
  endfacet
  facet normal 0.6961313500878729 0.3546966390606886 -0.6241726024617605
    outer loop
      vertex -18.078460969082652 4.8 0
      vertex -18.192509098342242 5.02383205661808 0
      vertex -17.64438182375668 5.26787404246356 0.75
    endloop
  endfacet
  facet normal 0.7293937643218845 0.27998803350226553 -0.6241726024617593
    outer loop
      vertex -18.282535639108367 5.2583592135001265 0
      vertex -17.711901729331277 5.443769410125094 0.75
      vertex -18.192509098342242 5.02383205661808 0
    endloop
  endfacet
  facet normal 0.6961313500878713 0.354696639060691 -0.6241726024617611
    outer loop
      vertex -18.078460969082652 4.8 0
      vertex -17.64438182375668 5.26787404246356 0.75
      vertex -17.558845726811988 5.1 0.75
    endloop
  endfacet
  facet normal 0.6552419751074554 0.42551911401650794 -0.6241726024617604
    outer loop
      vertex -17.941640786499875 4.5893153944980645 0
      vertex -17.558845726811988 5.1 0.75
      vertex -17.456230589874906 4.941986545873548 0.75
    endloop
  endfacet
  facet normal 0.7293937643218807 0.2799880335022722 -0.6241726024617607
    outer loop
      vertex -18.192509098342242 5.02383205661808 0
      vertex -17.711901729331277 5.443769410125094 0.75
      vertex -17.64438182375668 5.26787404246356 0.75
    endloop
  endfacet
  facet normal 0.7546647878385211 0.2022118204575434 -0.6241726024617601
    outer loop
      vertex -18.282535639108367 5.2583592135001265 0
      vertex -18.347554241761134 5.501011942037377 0
      vertex -17.76066568132085 5.625758956528033 0.75
    endloop
  endfacet
  facet normal 0.7546647878385228 0.20221182045753944 -0.6241726024617592
    outer loop
      vertex -18.282535639108367 5.2583592135001265 0
      vertex -17.76066568132085 5.625758956528033 0.75
      vertex -17.711901729331277 5.443769410125094 0.75
    endloop
  endfacet
  facet normal 0.7716675460158454 0.12222013239232216 -0.6241726024617601
    outer loop
      vertex -18.347554241761134 5.501011942037377 0
      vertex -18.386852548883855 5.7491316881576315 0
      vertex -17.790139411662892 5.811848766118223 0.75
    endloop
  endfacet
  facet normal 0.7802157530772019 0.040889374980420445 -0.6241726024617592
    outer loop
      vertex -18.386852548883855 5.7491316881576315 0
      vertex -18.4 6 0
      vertex -17.8 6 0.75
    endloop
  endfacet
  facet normal 0.7716675460158454 0.12222013239232245 -0.62417260246176
    outer loop
      vertex -18.347554241761134 5.501011942037377 0
      vertex -17.790139411662892 5.811848766118223 0.75
      vertex -17.76066568132085 5.625758956528033 0.75
    endloop
  endfacet
  facet normal 0.780215753077201 0.04088937498042403 -0.6241726024617599
    outer loop
      vertex -18.386852548883855 5.7491316881576315 0
      vertex -17.8 6 0.75
      vertex -17.790139411662892 5.811848766118223 0.75
    endloop
  endfacet
  facet normal 0.35469663906068744 0.6961313500878732 -0.6241726024617608
    outer loop
      vertex -17.2 3.921539030917347 0
      vertex -16.9 4.44115427318801 0.75
      vertex -16.97616794338192 3.807490901657758 0
    endloop
  endfacet
  facet normal 0.2799880335022706 0.7293937643218813 -0.6241726024617609
    outer loop
      vertex -16.97616794338192 3.807490901657758 0
      vertex -16.73212595753644 4.355618176243318 0.75
      vertex -16.741640786499875 3.7174643608916313 0
    endloop
  endfacet
  facet normal 0.27998803350226753 0.729393764321882 -0.6241726024617613
    outer loop
      vertex -16.741640786499875 3.7174643608916313 0
      vertex -16.73212595753644 4.355618176243318 0.75
      vertex -16.556230589874904 4.288098270668724 0.75
    endloop
  endfacet
  facet normal 0.4916795125135747 0.6071736319295549 -0.6241726024617607
    outer loop
      vertex -17.60591345526126 4.216452418854254 0
      vertex -17.204435091445944 4.662339314140691 0.75
      vertex -17.410684605501935 4.058359213500126 0
    endloop
  endfacet
  facet normal 0.42551911401652126 0.6552419751074481 -0.6241726024617589
    outer loop
      vertex -17.25434155921184 3.956828852095709 0
      vertex -17.058013454126453 4.543769410125094 0.75
      vertex -17.23482593103307 3.944155254970394 0
    endloop
  endfacet
  facet normal 0.42551911401652526 0.6552419751074446 -0.6241726024617598
    outer loop
      vertex -17.410684605501935 4.058359213500126 0
      vertex -17.058013454126453 4.543769410125094 0.75
      vertex -17.34608302346399 4.0164064555921115 0
    endloop
  endfacet
  facet normal 0.4255191140165102 0.6552419751074539 -0.6241726024617604
    outer loop
      vertex -17.34608302346399 4.0164064555921115 0
      vertex -17.058013454126453 4.543769410125094 0.75
      vertex -17.25434155921184 3.956828852095709 0
    endloop
  endfacet
  facet normal 0.42551911401650166 0.655241975107458 -0.6241726024617621
    outer loop
      vertex -17.2 3.921539030917347 0
      vertex -17.23482593103307 3.944155254970394 0
      vertex -17.058013454126453 4.543769410125094 0.75
    endloop
  endfacet
  facet normal 0.5524529673809807 0.5524529673809905 -0.6241726024617608
    outer loop
      vertex -17.60591345526126 4.216452418854254 0
      vertex -17.656180476355697 4.266719439948691 0
      vertex -17.204435091445944 4.662339314140691 0.75
    endloop
  endfacet
  facet normal 0.4916795125135812 0.607173631929551 -0.6241726024617593
    outer loop
      vertex -17.410684605501935 4.058359213500126 0
      vertex -17.204435091445944 4.662339314140691 0.75
      vertex -17.058013454126453 4.543769410125094 0.75
    endloop
  endfacet
  facet normal 0.3546966390606867 0.6961313500878735 -0.6241726024617608
    outer loop
      vertex -16.97616794338192 3.807490901657758 0
      vertex -16.9 4.44115427318801 0.75
      vertex -16.73212595753644 4.355618176243318 0.75
    endloop
  endfacet
  facet normal 0.4255191140165079 0.6552419751074551 -0.624172602461761
    outer loop
      vertex -17.2 3.921539030917347 0
      vertex -17.058013454126453 4.543769410125094 0.75
      vertex -16.9 4.44115427318801 0.75
    endloop
  endfacet
  facet normal 0.1222201323923248 0.7716675460158443 -0.624172602461761
    outer loop
      vertex -16.498988057962624 3.6524457582388665 0
      vertex -16.374241043471965 4.23933431867915 0.75
      vertex -16.35 3.6288483680634176 0
    endloop
  endfacet
  facet normal 0.20221182045753605 0.7546647878385221 -0.6241726024617611
    outer loop
      vertex -16.741640786499875 3.7174643608916313 0
      vertex -16.556230589874904 4.288098270668724 0.75
      vertex -16.498988057962624 3.6524457582388665 0
    endloop
  endfacet
  facet normal 0.2022118204575356 0.7546647878385221 -0.6241726024617613
    outer loop
      vertex -16.498988057962624 3.6524457582388665 0
      vertex -16.556230589874904 4.288098270668724 0.75
      vertex -16.374241043471965 4.23933431867915 0.75
    endloop
  endfacet
  facet normal 0.12222013239234146 0.7716675460158429 -0.6241726024617593
    outer loop
      vertex -16.35 3.6288483680634176 0
      vertex -16.374241043471965 4.23933431867915 0.75
      vertex -16.35 4.23549491457596 0.75
    endloop
  endfacet
  facet normal -0.12222013239232486 0.7716675460158446 -0.6241726024617607
    outer loop
      vertex -15.65 3.6288483680634176 0
      vertex -15.65 4.23549491457596 0.75
      vertex -15.501011942037378 3.6524457582388665 0
    endloop
  endfacet
  facet normal -0.20221182045753613 0.7546647878385224 -0.6241726024617607
    outer loop
      vertex -15.501011942037378 3.6524457582388665 0
      vertex -15.625758956528033 4.23933431867915 0.75
      vertex -15.258359213500126 3.7174643608916313 0
    endloop
  endfacet
  facet normal -0.2799880335022688 0.7293937643218823 -0.6241726024617603
    outer loop
      vertex -15.258359213500126 3.7174643608916313 0
      vertex -15.267874042463559 4.355618176243318 0.75
      vertex -15.02383205661808 3.807490901657758 0
    endloop
  endfacet
  facet normal -0.3546966390606876 0.6961313500878735 -0.6241726024617603
    outer loop
      vertex -15.267874042463559 4.355618176243318 0.75
      vertex -14.8 3.921539030917347 0
      vertex -15.02383205661808 3.807490901657758 0
    endloop
  endfacet
  facet normal -0.12222013239232382 0.7716675460158446 -0.6241726024617607
    outer loop
      vertex -15.501011942037378 3.6524457582388665 0
      vertex -15.65 4.23549491457596 0.75
      vertex -15.625758956528033 4.23933431867915 0.75
    endloop
  endfacet
  facet normal -0.20221182045753572 0.7546647878385226 -0.6241726024617605
    outer loop
      vertex -15.258359213500126 3.7174643608916313 0
      vertex -15.625758956528033 4.23933431867915 0.75
      vertex -15.443769410125094 4.288098270668724 0.75
    endloop
  endfacet
  facet normal -0.27998803350226775 0.7293937643218825 -0.6241726024617605
    outer loop
      vertex -15.258359213500126 3.7174643608916313 0
      vertex -15.443769410125094 4.288098270668724 0.75
      vertex -15.267874042463559 4.355618176243318 0.75
    endloop
  endfacet
  facet normal -0.35469663906068694 0.6961313500878741 -0.6241726024617602
    outer loop
      vertex -15.267874042463559 4.355618176243318 0.75
      vertex -15.1 4.44115427318801 0.75
      vertex -14.8 3.921539030917347 0
    endloop
  endfacet
  facet normal -0.42551911401651493 0.6552419751074512 -0.6241726024617601
    outer loop
      vertex -14.8 3.921539030917347 0
      vertex -15.1 4.44115427318801 0.75
      vertex -14.941986545873549 4.543769410125094 0.75
    endloop
  endfacet
  facet normal -0.4255191140165146 0.6552419751074514 -0.6241726024617602
    outer loop
      vertex -14.8 3.921539030917347 0
      vertex -14.941986545873549 4.543769410125094 0.75
      vertex -14.589315394498065 4.058359213500126 0
    endloop
  endfacet
  facet normal -0.49167951251357495 0.6071736319295551 -0.6241726024617602
    outer loop
      vertex -14.589315394498065 4.058359213500126 0
      vertex -14.941986545873549 4.543769410125094 0.75
      vertex -14.394086544738741 4.216452418854254 0
    endloop
  endfacet
  facet normal -0.5524529673809829 0.5524529673809885 -0.6241726024617607
    outer loop
      vertex -14.795564908554056 4.662339314140691 0.75
      vertex -14.216452418854253 4.39408654473874 0
      vertex -14.394086544738741 4.216452418854254 0
    endloop
  endfacet
  facet normal -0.4916795125135769 0.6071736319295529 -0.6241726024617607
    outer loop
      vertex -14.941986545873549 4.543769410125094 0.75
      vertex -14.795564908554056 4.662339314140691 0.75
      vertex -14.394086544738741 4.216452418854254 0
    endloop
  endfacet
  facet normal 0.5524529673809855 0.5524529673809855 -0.6241726024617609
    outer loop
      vertex -17.656180476355697 4.266719439948691 0
      vertex -17.33766068585931 4.795564908554055 0.75
      vertex -17.204435091445944 4.662339314140691 0.75
    endloop
  endfacet
  facet normal -0.6071736319295549 0.4916795125135747 -0.6241726024617607
    outer loop
      vertex -14.66233931414069 4.795564908554055 0.75
      vertex -14.058359213500125 4.5893153944980645 0
      vertex -14.216452418854253 4.39408654473874 0
    endloop
  endfacet
  facet normal -0.6552419751074536 0.4255191140165105 -0.6241726024617605
    outer loop
      vertex -14.543769410125094 4.941986545873548 0.75
      vertex -13.921539030917348 4.8 0
      vertex -14.058359213500125 4.5893153944980645 0
    endloop
  endfacet
  facet normal -0.552452967380982 0.5524529673809895 -0.6241726024617604
    outer loop
      vertex -14.795564908554056 4.662339314140691 0.75
      vertex -14.66233931414069 4.795564908554055 0.75
      vertex -14.216452418854253 4.39408654473874 0
    endloop
  endfacet
  facet normal -0.6071736319295548 0.49167951251357467 -0.6241726024617605
    outer loop
      vertex -14.66233931414069 4.795564908554055 0.75
      vertex -14.543769410125094 4.941986545873548 0.75
      vertex -14.058359213500125 4.5893153944980645 0
    endloop
  endfacet
  facet normal -0.6961313500878727 0.35469663906069 -0.6241726024617601
    outer loop
      vertex -13.921539030917348 4.8 0
      vertex -14.44115427318801 5.1 0.75
      vertex -13.807490901657758 5.023832056618079 0
    endloop
  endfacet
  facet normal -0.6552419751074523 0.4255191140165133 -0.62417260246176
    outer loop
      vertex -14.543769410125094 4.941986545873548 0.75
      vertex -14.44115427318801 5.1 0.75
      vertex -13.921539030917348 4.8 0
    endloop
  endfacet
  facet normal -0.6961313500878744 0.3546966390606852 -0.6241726024617609
    outer loop
      vertex -13.807490901657758 5.023832056618079 0
      vertex -14.44115427318801 5.1 0.75
      vertex -14.355618176243318 5.26787404246356 0.75
    endloop
  endfacet
  facet normal -0.7293937643218817 0.2799880335022726 -0.6241726024617593
    outer loop
      vertex -14.355618176243318 5.26787404246356 0.75
      vertex -14.288098270668723 5.443769410125094 0.75
      vertex -13.717464360891633 5.258359213500126 0
    endloop
  endfacet
  facet normal -0.754664787838523 0.20221182045753214 -0.6241726024617615
    outer loop
      vertex -14.288098270668723 5.443769410125094 0.75
      vertex -14.23933431867915 5.625758956528033 0.75
      vertex -13.652445758238866 5.501011942037377 0
    endloop
  endfacet
  facet normal -0.7716675460158444 0.12222013239232965 -0.6241726024617598
    outer loop
      vertex -14.23933431867915 5.625758956528033 0.75
      vertex -14.209860588337108 5.811848766118223 0.75
      vertex -13.613147451116145 5.7491316881576315 0
    endloop
  endfacet
  facet normal -0.7802157530772008 0.040889374980424026 -0.6241726024617603
    outer loop
      vertex -14.209860588337108 5.811848766118223 0.75
      vertex -14.2 6 0.75
      vertex -13.6 6 0
    endloop
  endfacet
  facet normal 0.7802157530772014 -0.04088937498042042 -0.6241726024617599
    outer loop
      vertex -18.4 6 0
      vertex -18.386852548883855 6.2508683118423685 0
      vertex -17.790139411662892 6.188151233881777 0.75
    endloop
  endfacet
  facet normal 0.7716675460158454 -0.12222013239232216 -0.6241726024617601
    outer loop
      vertex -18.386852548883855 6.2508683118423685 0
      vertex -18.347554241761134 6.498988057962623 0
      vertex -17.76066568132085 6.374241043471967 0.75
    endloop
  endfacet
  facet normal 0.7802157530772017 -0.040889374980424074 -0.6241726024617592
    outer loop
      vertex -18.4 6 0
      vertex -17.790139411662892 6.188151233881777 0.75
      vertex -17.8 6 0.75
    endloop
  endfacet
  facet normal 0.7716675460158454 -0.12222013239232245 -0.62417260246176
    outer loop
      vertex -18.386852548883855 6.2508683118423685 0
      vertex -17.76066568132085 6.374241043471967 0.75
      vertex -17.790139411662892 6.188151233881777 0.75
    endloop
  endfacet
  facet normal 0.7546647878385215 -0.20221182045754352 -0.6241726024617593
    outer loop
      vertex -18.347554241761134 6.498988057962623 0
      vertex -18.282535639108367 6.7416407864998735 0
      vertex -17.711901729331277 6.556230589874906 0.75
    endloop
  endfacet
  facet normal 0.754664787838522 -0.20221182045753924 -0.6241726024617601
    outer loop
      vertex -18.347554241761134 6.498988057962623 0
      vertex -17.711901729331277 6.556230589874906 0.75
      vertex -17.76066568132085 6.374241043471967 0.75
    endloop
  endfacet
  facet normal 0.7293937643218819 -0.2799880335022726 -0.6241726024617591
    outer loop
      vertex -18.282535639108367 6.7416407864998735 0
      vertex -17.64438182375668 6.73212595753644 0.75
      vertex -17.711901729331277 6.556230589874906 0.75
    endloop
  endfacet
  facet normal 0.7293937643218837 -0.27998803350226525 -0.6241726024617605
    outer loop
      vertex -18.282535639108367 6.7416407864998735 0
      vertex -18.192509098342242 6.97616794338192 0
      vertex -17.64438182375668 6.73212595753644 0.75
    endloop
  endfacet
  facet normal 0.6961313500878725 -0.35469663906068843 -0.624172602461761
    outer loop
      vertex -18.192509098342242 6.97616794338192 0
      vertex -18.078460969082652 7.2 0
      vertex -17.558845726811988 6.9 0.75
    endloop
  endfacet
  facet normal 0.6961313500878716 -0.35469663906069115 -0.6241726024617604
    outer loop
      vertex -17.64438182375668 6.73212595753644 0.75
      vertex -18.192509098342242 6.97616794338192 0
      vertex -17.558845726811988 6.9 0.75
    endloop
  endfacet
  facet normal 0.655241975107455 -0.42551911401650766 -0.624172602461761
    outer loop
      vertex -18.078460969082652 7.2 0
      vertex -17.456230589874906 7.058013454126452 0.75
      vertex -17.558845726811988 6.9 0.75
    endloop
  endfacet
  facet normal 0.6552419751074536 -0.4255191140165105 -0.6241726024617605
    outer loop
      vertex -18.078460969082652 7.2 0
      vertex -17.941640786499875 7.4106846055019355 0
      vertex -17.456230589874906 7.058013454126452 0.75
    endloop
  endfacet
  facet normal 0.6071736319295543 -0.4916795125135743 -0.6241726024617614
    outer loop
      vertex -17.941640786499875 7.4106846055019355 0
      vertex -17.783547581145747 7.60591345526126 0
      vertex -17.33766068585931 7.204435091445945 0.75
    endloop
  endfacet
  facet normal 0.6071736319295512 -0.49167951251357916 -0.6241726024617604
    outer loop
      vertex -17.941640786499875 7.4106846055019355 0
      vertex -17.33766068585931 7.204435091445945 0.75
      vertex -17.456230589874906 7.058013454126452 0.75
    endloop
  endfacet
  facet normal 0.5524529673809817 -0.55245296738099 -0.6241726024617603
    outer loop
      vertex -17.783547581145747 7.60591345526126 0
      vertex -17.60591345526126 7.783547581145745 0
      vertex -17.204435091445944 7.337660685859309 0.75
    endloop
  endfacet
  facet normal 0.5524529673809853 -0.5524529673809853 -0.6241726024617614
    outer loop
      vertex -17.783547581145747 7.60591345526126 0
      vertex -17.204435091445944 7.337660685859309 0.75
      vertex -17.33766068585931 7.204435091445945 0.75
    endloop
  endfacet
  facet normal -0.7802157530772011 -0.04088937498042404 -0.6241726024617599
    outer loop
      vertex -14.2 6 0.75
      vertex -14.209860588337108 6.188151233881777 0.75
      vertex -13.613147451116145 6.2508683118423685 0
    endloop
  endfacet
  facet normal -0.7716675460158431 -0.12222013239232944 -0.6241726024617613
    outer loop
      vertex -14.23933431867915 6.374241043471967 0.75
      vertex -13.652445758238866 6.498988057962623 0
      vertex -14.209860588337108 6.188151233881777 0.75
    endloop
  endfacet
  facet normal -0.7546647878385246 -0.2022118204575326 -0.6241726024617591
    outer loop
      vertex -14.23933431867915 6.374241043471967 0.75
      vertex -14.288098270668723 6.556230589874906 0.75
      vertex -13.717464360891633 6.7416407864998735 0
    endloop
  endfacet
  facet normal -0.6961313500878729 -0.3546966390606886 -0.6241726024617605
    outer loop
      vertex -14.355618176243318 6.73212595753644 0.75
      vertex -13.921539030917348 7.2 0
      vertex -13.807490901657758 6.97616794338192 0
    endloop
  endfacet
  facet normal -0.7293937643218807 -0.2799880335022722 -0.6241726024617607
    outer loop
      vertex -14.355618176243318 6.73212595753644 0.75
      vertex -13.807490901657758 6.97616794338192 0
      vertex -14.288098270668723 6.556230589874906 0.75
    endloop
  endfacet
  facet normal -0.696131350087875 -0.35469663906068555 -0.6241726024617599
    outer loop
      vertex -14.355618176243318 6.73212595753644 0.75
      vertex -14.44115427318801 6.9 0.75
      vertex -13.921539030917348 7.2 0
    endloop
  endfacet
  facet normal -0.655241975107452 -0.42551911401651304 -0.6241726024617605
    outer loop
      vertex -14.543769410125094 7.058013454126452 0.75
      vertex -14.058359213500125 7.4106846055019355 0
      vertex -14.44115427318801 6.9 0.75
    endloop
  endfacet
  facet normal -0.6552419751074541 -0.4255191140165107 -0.62417260246176
    outer loop
      vertex -14.058359213500125 7.4106846055019355 0
      vertex -13.921539030917348 7.2 0
      vertex -14.44115427318801 6.9 0.75
    endloop
  endfacet
  facet normal -0.6071736319295549 -0.4916795125135747 -0.6241726024617607
    outer loop
      vertex -14.543769410125094 7.058013454126452 0.75
      vertex -14.216452418854253 7.60591345526126 0
      vertex -14.058359213500125 7.4106846055019355 0
    endloop
  endfacet
  facet normal -0.6071736319295548 -0.49167951251357467 -0.6241726024617605
    outer loop
      vertex -14.543769410125094 7.058013454126452 0.75
      vertex -14.66233931414069 7.204435091445945 0.75
      vertex -14.216452418854253 7.60591345526126 0
    endloop
  endfacet
  facet normal -0.5524529673809819 -0.5524529673809893 -0.6241726024617608
    outer loop
      vertex -14.795564908554056 7.337660685859309 0.75
      vertex -14.394086544738741 7.783547581145746 0
      vertex -14.66233931414069 7.204435091445945 0.75
    endloop
  endfacet
  facet normal 0.49167951251358283 -0.607173631929548 -0.624172602461761
    outer loop
      vertex -17.60591345526126 7.783547581145745 0
      vertex -17.465930593063337 7.896903467874562 0
      vertex -17.058013454126453 7.456230589874906 0.75
    endloop
  endfacet
  facet normal 0.49167951251356595 -0.6071736319295624 -0.6241726024617602
    outer loop
      vertex -17.058013454126453 7.456230589874906 0.75
      vertex -17.465930593063337 7.896903467874562 0
      vertex -17.410684605501935 7.941640786499875 0
    endloop
  endfacet
  facet normal 0.4255191140165112 -0.6552419751074539 -0.62417260246176
    outer loop
      vertex -17.058013454126453 7.456230589874906 0.75
      vertex -17.410684605501935 7.941640786499875 0
      vertex -17.33787133864088 7.988926274884959 0
    endloop
  endfacet
  facet normal 0.42551911401651055 -0.6552419751074542 -0.62417260246176
    outer loop
      vertex -17.058013454126453 7.456230589874906 0.75
      vertex -17.33787133864088 7.988926274884959 0
      vertex -17.2 8.078460969082652 0
    endloop
  endfacet
  facet normal 0.4916795125135807 -0.6071736319295503 -0.6241726024617604
    outer loop
      vertex -17.60591345526126 7.783547581145745 0
      vertex -17.058013454126453 7.456230589874906 0.75
      vertex -17.204435091445944 7.337660685859309 0.75
    endloop
  endfacet
  facet normal 0.4255191140165081 -0.6552419751074553 -0.6241726024617604
    outer loop
      vertex -17.058013454126453 7.456230589874906 0.75
      vertex -17.2 8.078460969082652 0
      vertex -16.9 7.55884572681199 0.75
    endloop
  endfacet
  facet normal 0.3546966390606867 -0.6961313500878735 -0.6241726024617608
    outer loop
      vertex -16.97616794338192 8.192509098342242 0
      vertex -16.73212595753644 7.644381823756682 0.75
      vertex -16.9 7.55884572681199 0.75
    endloop
  endfacet
  facet normal 0.2799880335022677 -0.7293937643218824 -0.6241726024617608
    outer loop
      vertex -16.97616794338192 8.192509098342242 0
      vertex -16.556230589874904 7.711901729331276 0.75
      vertex -16.73212595753644 7.644381823756682 0.75
    endloop
  endfacet
  facet normal 0.3546966390606898 -0.6961313500878725 -0.6241726024617603
    outer loop
      vertex -17.2 8.078460969082652 0
      vertex -16.97616794338192 8.192509098342242 0
      vertex -16.9 7.55884572681199 0.75
    endloop
  endfacet
  facet normal 0.2799880335022716 -0.7293937643218803 -0.6241726024617615
    outer loop
      vertex -16.97616794338192 8.192509098342242 0
      vertex -16.741640786499875 8.282535639108369 0
      vertex -16.556230589874904 7.711901729331276 0.75
    endloop
  endfacet
  facet normal 0.20221182045753722 -0.7546647878385213 -0.6241726024617618
    outer loop
      vertex -16.374241043471965 7.76066568132085 0.75
      vertex -16.741640786499875 8.282535639108369 0
      vertex -16.498988057962624 8.347554241761134 0
    endloop
  endfacet
  facet normal 0.1222201323923213 -0.7716675460158455 -0.6241726024617601
    outer loop
      vertex -16.188151233881776 7.790139411662892 0.75
      vertex -16.498988057962624 8.347554241761134 0
      vertex -16.250868311842368 8.386852548883855 0
    endloop
  endfacet
  facet normal 0.04088937498042604 -0.7802157530772004 -0.6241726024617608
    outer loop
      vertex -16.250868311842368 8.386852548883855 0
      vertex -16 8.4 0
      vertex -16 7.8 0.75
    endloop
  endfacet
  facet normal -0.040889374980426066 -0.780215753077201 -0.62417260246176
    outer loop
      vertex -15.811848766118224 7.790139411662892 0.75
      vertex -16 8.4 0
      vertex -15.749131688157632 8.386852548883855 0
    endloop
  endfacet
  facet normal 0.20221182045753552 -0.7546647878385219 -0.6241726024617613
    outer loop
      vertex -16.556230589874904 7.711901729331276 0.75
      vertex -16.741640786499875 8.282535639108369 0
      vertex -16.374241043471965 7.76066568132085 0.75
    endloop
  endfacet
  facet normal 0.12222013239232998 -0.7716675460158429 -0.6241726024617615
    outer loop
      vertex -16.374241043471965 7.76066568132085 0.75
      vertex -16.498988057962624 8.347554241761134 0
      vertex -16.188151233881776 7.790139411662892 0.75
    endloop
  endfacet
  facet normal 0.040889374980420556 -0.7802157530772013 -0.6241726024617598
    outer loop
      vertex -16.188151233881776 7.790139411662892 0.75
      vertex -16.250868311842368 8.386852548883855 0
      vertex -16 7.8 0.75
    endloop
  endfacet
  facet normal -0.040889374980420515 -0.7802157530772005 -0.624172602461761
    outer loop
      vertex -16 7.8 0.75
      vertex -16 8.4 0
      vertex -15.811848766118224 7.790139411662892 0.75
    endloop
  endfacet
  facet normal -0.3546966390606869 -0.696131350087874 -0.6241726024617603
    outer loop
      vertex -15.267874042463559 7.644381823756682 0.75
      vertex -15.02383205661808 8.192509098342242 0
      vertex -15.1 7.55884572681199 0.75
    endloop
  endfacet
  facet normal -0.4255191140165152 -0.6552419751074515 -0.6241726024617597
    outer loop
      vertex -14.941986545873549 7.456230589874906 0.75
      vertex -15.1 7.55884572681199 0.75
      vertex -14.8 8.078460969082652 0
    endloop
  endfacet
  facet normal -0.12222013239232202 -0.7716675460158445 -0.6241726024617611
    outer loop
      vertex -15.625758956528033 7.76066568132085 0.75
      vertex -15.749131688157632 8.386852548883855 0
      vertex -15.501011942037378 8.347554241761134 0
    endloop
  endfacet
  facet normal -0.20221182045753738 -0.7546647878385219 -0.6241726024617609
    outer loop
      vertex -15.443769410125094 7.711901729331276 0.75
      vertex -15.501011942037378 8.347554241761134 0
      vertex -15.258359213500126 8.282535639108369 0
    endloop
  endfacet
  facet normal -0.27998803350227003 -0.7293937643218819 -0.6241726024617604
    outer loop
      vertex -15.267874042463559 7.644381823756682 0.75
      vertex -15.258359213500126 8.282535639108369 0
      vertex -15.02383205661808 8.192509098342242 0
    endloop
  endfacet
  facet normal -0.35469663906069 -0.6961313500878729 -0.6241726024617598
    outer loop
      vertex -15.02383205661808 8.192509098342242 0
      vertex -14.8 8.078460969082652 0
      vertex -15.1 7.55884572681199 0.75
    endloop
  endfacet
  facet normal -0.12222013239232907 -0.7716675460158444 -0.6241726024617598
    outer loop
      vertex -15.811848766118224 7.790139411662892 0.75
      vertex -15.749131688157632 8.386852548883855 0
      vertex -15.625758956528033 7.76066568132085 0.75
    endloop
  endfacet
  facet normal -0.2022118204575356 -0.7546647878385221 -0.6241726024617612
    outer loop
      vertex -15.625758956528033 7.76066568132085 0.75
      vertex -15.501011942037378 8.347554241761134 0
      vertex -15.443769410125094 7.711901729331276 0.75
    endloop
  endfacet
  facet normal -0.2799880335022677 -0.7293937643218823 -0.6241726024617608
    outer loop
      vertex -15.443769410125094 7.711901729331276 0.75
      vertex -15.258359213500126 8.282535639108369 0
      vertex -15.267874042463559 7.644381823756682 0.75
    endloop
  endfacet
  facet normal -0.4255191140165105 -0.6552419751074536 -0.6241726024617605
    outer loop
      vertex -14.941986545873549 7.456230589874906 0.75
      vertex -14.8 8.078460969082652 0
      vertex -14.589315394498065 7.941640786499875 0
    endloop
  endfacet
  facet normal -0.49167951251357633 -0.6071736319295534 -0.6241726024617607
    outer loop
      vertex -14.795564908554056 7.337660685859309 0.75
      vertex -14.589315394498065 7.941640786499875 0
      vertex -14.394086544738741 7.783547581145746 0
    endloop
  endfacet
  facet normal -0.552452967380983 -0.5524529673809885 -0.6241726024617604
    outer loop
      vertex -14.66233931414069 7.204435091445945 0.75
      vertex -14.394086544738741 7.783547581145746 0
      vertex -14.216452418854253 7.60591345526126 0
    endloop
  endfacet
  facet normal -0.49167951251357694 -0.607173631929553 -0.6241726024617605
    outer loop
      vertex -14.941986545873549 7.456230589874906 0.75
      vertex -14.589315394498065 7.941640786499875 0
      vertex -14.795564908554056 7.337660685859309 0.75
    endloop
  endfacet
  facet normal -0.7293937643218834 0.27998803350226514 -0.6241726024617607
    outer loop
      vertex -13.807490901657758 5.023832056618079 0
      vertex -14.355618176243318 5.26787404246356 0.75
      vertex -13.717464360891633 5.258359213500126 0
    endloop
  endfacet
  facet normal -0.7546647878385216 0.20221182045754282 -0.6241726024617595
    outer loop
      vertex -14.288098270668723 5.443769410125094 0.75
      vertex -13.652445758238866 5.501011942037377 0
      vertex -13.717464360891633 5.258359213500126 0
    endloop
  endfacet
  facet normal -0.7716675460158445 0.12222013239232202 -0.6241726024617612
    outer loop
      vertex -14.23933431867915 5.625758956528033 0.75
      vertex -13.613147451116145 5.7491316881576315 0
      vertex -13.652445758238866 5.501011942037377 0
    endloop
  endfacet
  facet normal -0.780215753077201 0.04088937498042592 -0.62417260246176
    outer loop
      vertex -14.209860588337108 5.811848766118223 0.75
      vertex -13.6 6 0
      vertex -13.613147451116145 5.7491316881576315 0
    endloop
  endfacet
  facet normal -0.7802157530772007 -0.040889374980425906 -0.6241726024617602
    outer loop
      vertex -14.2 6 0.75
      vertex -13.613147451116145 6.2508683118423685 0
      vertex -13.6 6 0
    endloop
  endfacet
  facet normal -0.7716675460158454 -0.12222013239232216 -0.62417260246176
    outer loop
      vertex -14.209860588337108 6.188151233881777 0.75
      vertex -13.652445758238866 6.498988057962623 0
      vertex -13.613147451116145 6.2508683118423685 0
    endloop
  endfacet
  facet normal -0.7546647878385201 -0.20221182045754316 -0.6241726024617611
    outer loop
      vertex -14.23933431867915 6.374241043471967 0.75
      vertex -13.717464360891633 6.7416407864998735 0
      vertex -13.652445758238866 6.498988057962623 0
    endloop
  endfacet
  facet normal -0.7293937643218845 -0.27998803350226553 -0.6241726024617593
    outer loop
      vertex -14.288098270668723 6.556230589874906 0.75
      vertex -13.807490901657758 6.97616794338192 0
      vertex -13.717464360891633 6.7416407864998735 0
    endloop
  endfacet
  facet normal 0.8472429644629577 -0.13419010274536625 0.513977018448498
    outer loop
      vertex -17.77029589076929 6.31343829398025 16.5
      vertex -17.76066568132085 6.374241043471967 16.5
      vertex -18.111728749256507 6.221951635279149 17.03893456928288
    endloop
  endfacet
  facet normal 0.8285749936294318 -0.2220160004116319 0.5139770184484997
    outer loop
      vertex -18.282535639108367 6.7416407864998735 17.5
      vertex -17.76066568132085 6.374241043471967 16.5
      vertex -17.711901729331277 6.556230589874906 16.5
    endloop
  endfacet
  facet normal 0.8472429644629574 -0.13419010274535748 0.5139770184485003
    outer loop
      vertex -18.347554241761134 6.498988057962622 17.5
      vertex -18.111728749256507 6.221951635279149 17.03893456928288
      vertex -17.76066568132085 6.374241043471967 16.5
    endloop
  endfacet
  facet normal 0.8566283640808341 -0.04489399023235043 0.5139770184485015
    outer loop
      vertex -18.39230807716781 6.146770630952448 17.5
      vertex -18.111728749256507 6.221951635279149 17.03893456928288
      vertex -18.386852548883855 6.2508683118423685 17.5
    endloop
  endfacet
  facet normal 0.8472429644629565 -0.13419010274536036 0.5139770184485015
    outer loop
      vertex -18.386852548883855 6.2508683118423685 17.5
      vertex -18.111728749256507 6.221951635279149 17.03893456928288
      vertex -18.347554241761134 6.498988057962622 17.5
    endloop
  endfacet
  facet normal 0.8285749936294303 -0.22201600041163555 0.5139770184485004
    outer loop
      vertex -18.347554241761134 6.498988057962622 17.5
      vertex -17.76066568132085 6.374241043471967 16.5
      vertex -18.282535639108367 6.7416407864998735 17.5
    endloop
  endfacet
  facet normal 0.8008289817752378 -0.3074094443175505 0.5139770184485011
    outer loop
      vertex -17.711901729331277 6.556230589874906 16.5
      vertex -17.64438182375668 6.73212595753644 16.5
      vertex -18.192509098342242 6.97616794338192 17.5
    endloop
  endfacet
  facet normal 0.7643089200124765 -0.3894348460219638 0.5139770184485015
    outer loop
      vertex -17.64438182375668 6.73212595753644 16.5
      vertex -17.558845726811988 6.9 16.5
      vertex -18.078460969082652 7.2 17.5
    endloop
  endfacet
  facet normal 0.7194149297801418 -0.4671935180588694 0.5139770184485009
    outer loop
      vertex -17.558845726811988 6.9 16.5
      vertex -17.456230589874906 7.058013454126452 16.5
      vertex -17.941640786499875 7.4106846055019355 17.5
    endloop
  endfacet
  facet normal 0.6666388790298692 -0.539833520145413 0.5139770184485016
    outer loop
      vertex -17.783547581145747 7.605913455261259 17.5
      vertex -17.456230589874906 7.058013454126452 16.5
      vertex -17.33766068585931 7.204435091445945 16.5
    endloop
  endfacet
  facet normal 0.8008289817752414 -0.3074094443175431 0.5139770184484997
    outer loop
      vertex -18.282535639108367 6.7416407864998735 17.5
      vertex -17.711901729331277 6.556230589874906 16.5
      vertex -18.192509098342242 6.97616794338192 17.5
    endloop
  endfacet
  facet normal 0.7643089200124782 -0.38943484602196116 0.5139770184485011
    outer loop
      vertex -17.64438182375668 6.73212595753644 16.5
      vertex -18.078460969082652 7.2 17.5
      vertex -18.192509098342242 6.97616794338192 17.5
    endloop
  endfacet
  facet normal 0.7194149297801397 -0.46719351805887205 0.5139770184485015
    outer loop
      vertex -17.558845726811988 6.9 16.5
      vertex -17.941640786499875 7.4106846055019355 17.5
      vertex -18.078460969082652 7.2 17.5
    endloop
  endfacet
  facet normal 0.6666388790298722 -0.5398335201454098 0.513977018448501
    outer loop
      vertex -17.941640786499875 7.4106846055019355 17.5
      vertex -17.456230589874906 7.058013454126452 16.5
      vertex -17.783547581145747 7.605913455261259 17.5
    endloop
  endfacet
  facet normal 0.6065589932177997 -0.6065589932178058 0.5139770184485014
    outer loop
      vertex -17.783547581145747 7.605913455261259 17.5
      vertex -17.33766068585931 7.204435091445945 16.5
      vertex -17.60591345526126 7.783547581145745 17.5
    endloop
  endfacet
  facet normal 0.606558993217803 -0.606558993217803 0.5139770184485006
    outer loop
      vertex -17.60591345526126 7.783547581145745 17.5
      vertex -17.33766068585931 7.204435091445945 16.5
      vertex -17.204435091445944 7.337660685859309 16.5
    endloop
  endfacet
  facet normal -0.8472429644629561 -0.134190102745366 0.5139770184485006
    outer loop
      vertex -14.229704109230711 6.31343829398025 16.5
      vertex -13.613147451116145 6.2508683118423685 17.5
      vertex -14.23933431867915 6.374241043471967 16.5
    endloop
  endfacet
  facet normal -0.8285749936294327 -0.222016000411624 0.5139770184485017
    outer loop
      vertex -14.23933431867915 6.374241043471967 16.5
      vertex -13.652445758238866 6.498988057962622 17.5
      vertex -14.288098270668723 6.556230589874906 16.5
    endloop
  endfacet
  facet normal -0.8008289817752385 -0.30740944431755085 0.5139770184484996
    outer loop
      vertex -14.355618176243318 6.73212595753644 16.5
      vertex -14.288098270668723 6.556230589874906 16.5
      vertex -13.717464360891633 6.7416407864998735 17.5
    endloop
  endfacet
  facet normal -0.76430892001248 -0.3894348460219575 0.5139770184485011
    outer loop
      vertex -14.355618176243318 6.73212595753644 16.5
      vertex -13.807490901657758 6.97616794338192 17.5
      vertex -14.44115427318801 6.9 16.5
    endloop
  endfacet
  facet normal -0.7194149297801382 -0.46719351805887516 0.5139770184485004
    outer loop
      vertex -14.543769410125094 7.058013454126452 16.5
      vertex -14.44115427318801 6.9 16.5
      vertex -13.921539030917348 7.2 17.5
    endloop
  endfacet
  facet normal -0.6065589932177989 -0.606558993217807 0.5139770184485005
    outer loop
      vertex -14.795564908554056 7.337660685859309 16.5
      vertex -14.66233931414069 7.204435091445945 16.5
      vertex -14.216452418854253 7.605913455261259 17.5
    endloop
  endfacet
  facet normal -0.6666388790298734 -0.5398335201454083 0.5139770184485011
    outer loop
      vertex -14.543769410125094 7.058013454126452 16.5
      vertex -14.058359213500125 7.4106846055019355 17.5
      vertex -14.66233931414069 7.204435091445945 16.5
    endloop
  endfacet
  facet normal -0.7643089200124785 -0.38943484602196127 0.5139770184485004
    outer loop
      vertex -14.44115427318801 6.9 16.5
      vertex -13.807490901657758 6.97616794338192 17.5
      vertex -13.921539030917348 7.2 17.5
    endloop
  endfacet
  facet normal -0.7194149297801399 -0.46719351805887216 0.513977018448501
    outer loop
      vertex -14.543769410125094 7.058013454126452 16.5
      vertex -13.921539030917348 7.2 17.5
      vertex -14.058359213500125 7.4106846055019355 17.5
    endloop
  endfacet
  facet normal -0.6666388790298724 -0.53983352014541 0.5139770184485009
    outer loop
      vertex -14.66233931414069 7.204435091445945 16.5
      vertex -14.058359213500125 7.4106846055019355 17.5
      vertex -14.216452418854253 7.605913455261259 17.5
    endloop
  endfacet
  facet normal 0.5398335201454151 -0.6666388790298687 0.5139770184485002
    outer loop
      vertex -17.204435091445944 7.337660685859309 16.5
      vertex -17.058013454126453 7.456230589874906 16.5
      vertex -17.410684605501935 7.941640786499875 17.5
    endloop
  endfacet
  facet normal 0.4671935180588695 -0.7194149297801417 0.5139770184485009
    outer loop
      vertex -17.058013454126453 7.456230589874906 16.5
      vertex -16.9 7.55884572681199 16.5
      vertex -17.2 8.078460969082652 17.5
    endloop
  endfacet
  facet normal 0.38943484602195905 -0.764308920012479 0.5139770184485013
    outer loop
      vertex -16.9 7.55884572681199 16.5
      vertex -16.73212595753644 7.644381823756682 16.5
      vertex -16.97616794338192 8.192509098342242 17.5
    endloop
  endfacet
  facet normal 0.3074094443175454 -0.800828981775239 0.5139770184485021
    outer loop
      vertex -16.73212595753644 7.644381823756682 16.5
      vertex -16.556230589874904 7.711901729331276 16.5
      vertex -16.741640786499875 8.282535639108369 17.5
    endloop
  endfacet
  facet normal 0.2220160004116277 -0.8285749936294312 0.5139770184485022
    outer loop
      vertex -16.556230589874904 7.711901729331276 16.5
      vertex -16.374241043471965 7.76066568132085 16.5
      vertex -16.498988057962624 8.347554241761134 17.5
    endloop
  endfacet
  facet normal 0.13419010274536883 -0.8472429644629558 0.5139770184485003
    outer loop
      vertex -16.374241043471965 7.76066568132085 16.5
      vertex -16.188151233881776 7.790139411662892 16.5
      vertex -16.250868311842368 8.386852548883855 17.5
    endloop
  endfacet
  facet normal 0.04489399023233976 -0.8566283640808349 0.5139770184485014
    outer loop
      vertex -16.188151233881776 7.790139411662892 16.5
      vertex -16 7.8 16.5
      vertex -16 8.4 17.5
    endloop
  endfacet
  facet normal -0.044893990232339795 -0.8566283640808355 0.5139770184485003
    outer loop
      vertex -16 7.8 16.5
      vertex -15.811848766118224 7.790139411662892 16.5
      vertex -15.749131688157632 8.386852548883855 17.5
    endloop
  endfacet
  facet normal 0.5398335201454121 -0.6666388790298705 0.5139770184485007
    outer loop
      vertex -17.60591345526126 7.783547581145745 17.5
      vertex -17.204435091445944 7.337660685859309 16.5
      vertex -17.410684605501935 7.941640786499875 17.5
    endloop
  endfacet
  facet normal 0.4671935180588723 -0.7194149297801401 0.5139770184485003
    outer loop
      vertex -17.058013454126453 7.456230589874906 16.5
      vertex -17.2 8.078460969082652 17.5
      vertex -17.410684605501935 7.941640786499875 17.5
    endloop
  endfacet
  facet normal 0.3894348460219625 -0.7643089200124777 0.5139770184485007
    outer loop
      vertex -16.9 7.55884572681199 16.5
      vertex -16.97616794338192 8.192509098342242 17.5
      vertex -17.2 8.078460969082652 17.5
    endloop
  endfacet
  facet normal 0.3074094443175501 -0.8008289817752378 0.5139770184485013
    outer loop
      vertex -16.97616794338192 8.192509098342242 17.5
      vertex -16.73212595753644 7.644381823756682 16.5
      vertex -16.741640786499875 8.282535639108369 17.5
    endloop
  endfacet
  facet normal 0.22201600041162964 -0.828574993629431 0.5139770184485019
    outer loop
      vertex -16.556230589874904 7.711901729331276 16.5
      vertex -16.498988057962624 8.347554241761134 17.5
      vertex -16.741640786499875 8.282535639108369 17.5
    endloop
  endfacet
  facet normal 0.13419010274535895 -0.8472429644629565 0.5139770184485019
    outer loop
      vertex -16.374241043471965 7.76066568132085 16.5
      vertex -16.250868311842368 8.386852548883855 17.5
      vertex -16.498988057962624 8.347554241761134 17.5
    endloop
  endfacet
  facet normal 0.044893990232345846 -0.8566283640808353 0.5139770184485004
    outer loop
      vertex -16.188151233881776 7.790139411662892 16.5
      vertex -16 8.4 17.5
      vertex -16.250868311842368 8.386852548883855 17.5
    endloop
  endfacet
  facet normal -0.04489399023234582 -0.8566283640808348 0.5139770184485013
    outer loop
      vertex -16 7.8 16.5
      vertex -15.749131688157632 8.386852548883855 17.5
      vertex -16 8.4 17.5
    endloop
  endfacet
  facet normal -0.3074094443175457 -0.8008289817752398 0.5139770184485009
    outer loop
      vertex -15.443769410125094 7.711901729331276 16.5
      vertex -15.267874042463559 7.644381823756682 16.5
      vertex -15.02383205661808 8.192509098342242 17.5
    endloop
  endfacet
  facet normal -0.38943484602195944 -0.7643089200124796 0.5139770184485002
    outer loop
      vertex -15.267874042463559 7.644381823756682 16.5
      vertex -15.1 7.55884572681199 16.5
      vertex -14.8 8.078460969082652 17.5
    endloop
  endfacet
  facet normal -0.46719351805887716 -0.7194149297801373 0.5139770184485001
    outer loop
      vertex -14.941986545873549 7.456230589874906 16.5
      vertex -14.8 8.078460969082652 17.5
      vertex -15.1 7.55884572681199 16.5
    endloop
  endfacet
  facet normal -0.13419010274536744 -0.8472429644629551 0.5139770184485016
    outer loop
      vertex -15.811848766118224 7.790139411662892 16.5
      vertex -15.625758956528033 7.76066568132085 16.5
      vertex -15.501011942037378 8.347554241761134 17.5
    endloop
  endfacet
  facet normal -0.22201600041162786 -0.8285749936294319 0.5139770184485013
    outer loop
      vertex -15.625758956528033 7.76066568132085 16.5
      vertex -15.443769410125094 7.711901729331276 16.5
      vertex -15.258359213500126 8.282535639108369 17.5
    endloop
  endfacet
  facet normal -0.5398335201454109 -0.6666388790298716 0.5139770184485006
    outer loop
      vertex -14.941986545873549 7.456230589874906 16.5
      vertex -14.795564908554056 7.337660685859309 16.5
      vertex -14.394086544738741 7.783547581145745 17.5
    endloop
  endfacet
  facet normal -0.13419010274535997 -0.847242964462957 0.5139770184485004
    outer loop
      vertex -15.811848766118224 7.790139411662892 16.5
      vertex -15.501011942037378 8.347554241761134 17.5
      vertex -15.749131688157632 8.386852548883855 17.5
    endloop
  endfacet
  facet normal -0.2220160004116297 -0.8285749936294311 0.5139770184485016
    outer loop
      vertex -15.625758956528033 7.76066568132085 16.5
      vertex -15.258359213500126 8.282535639108369 17.5
      vertex -15.501011942037378 8.347554241761134 17.5
    endloop
  endfacet
  facet normal -0.307409444317548 -0.8008289817752385 0.5139770184485012
    outer loop
      vertex -15.443769410125094 7.711901729331276 16.5
      vertex -15.02383205661808 8.192509098342242 17.5
      vertex -15.258359213500126 8.282535639108369 17.5
    endloop
  endfacet
  facet normal -0.3894348460219625 -0.7643089200124777 0.5139770184485007
    outer loop
      vertex -15.267874042463559 7.644381823756682 16.5
      vertex -14.8 8.078460969082652 17.5
      vertex -15.02383205661808 8.192509098342242 17.5
    endloop
  endfacet
  facet normal -0.6065589932177999 -0.606558993217806 0.5139770184485009
    outer loop
      vertex -14.795564908554056 7.337660685859309 16.5
      vertex -14.216452418854253 7.605913455261259 17.5
      vertex -14.394086544738741 7.783547581145745 17.5
    endloop
  endfacet
  facet normal -0.46719351805887216 -0.7194149297801399 0.513977018448501
    outer loop
      vertex -14.941986545873549 7.456230589874906 16.5
      vertex -14.589315394498065 7.941640786499875 17.5
      vertex -14.8 8.078460969082652 17.5
    endloop
  endfacet
  facet normal -0.5398335201454121 -0.6666388790298705 0.513977018448501
    outer loop
      vertex -14.941986545873549 7.456230589874906 16.5
      vertex -14.394086544738741 7.783547581145745 17.5
      vertex -14.589315394498065 7.941640786499875 17.5
    endloop
  endfacet
  facet normal -0.8472429644629568 -0.13419010274535798 0.5139770184485015
    outer loop
      vertex -14.229704109230711 6.31343829398025 16.5
      vertex -13.888271250743493 6.221951635279149 17.03893456928288
      vertex -13.613147451116145 6.2508683118423685 17.5
    endloop
  endfacet
  facet normal -0.8472429644629564 -0.13419010274536036 0.5139770184485015
    outer loop
      vertex -14.23933431867915 6.374241043471967 16.5
      vertex -13.613147451116145 6.2508683118423685 17.5
      vertex -13.652445758238866 6.498988057962622 17.5
    endloop
  endfacet
  facet normal -0.8566283640808341 -0.04489399023235039 0.5139770184485015
    outer loop
      vertex -13.888271250743493 6.221951635279149 17.03893456928288
      vertex -13.607691922832188 6.146770630952448 17.5
      vertex -13.613147451116145 6.2508683118423685 17.5
    endloop
  endfacet
  facet normal -0.8285749936294307 -0.22201600041163563 0.5139770184484999
    outer loop
      vertex -14.288098270668723 6.556230589874906 16.5
      vertex -13.652445758238866 6.498988057962622 17.5
      vertex -13.717464360891633 6.7416407864998735 17.5
    endloop
  endfacet
  facet normal -0.8008289817752406 -0.3074094443175428 0.5139770184485009
    outer loop
      vertex -14.355618176243318 6.73212595753644 16.5
      vertex -13.717464360891633 6.7416407864998735 17.5
      vertex -13.807490901657758 6.97616794338192 17.5
    endloop
  endfacet
  facet normal 0 0 -1
    outer loop
      vertex -22 10.170220072627284 12.8
      vertex -21.837700755851145 10.3 12.8
      vertex -21.769900624989486 10.3 12.8
    endloop
  endfacet
  facet normal 0 1 0
    outer loop
      vertex -22 7.300000000000001 11.2
      vertex -17.242095777305252 7.300000000000001 12.8
      vertex -17.242095777305252 7.300000000000001 11.2
    endloop
  endfacet
  facet normal 0 1 0
    outer loop
      vertex -22 7.300000000000001 11.2
      vertex -22 7.300000000000001 12.8
      vertex -17.242095777305252 7.300000000000001 12.8
    endloop
  endfacet
  facet normal 0 0 1
    outer loop
      vertex -22 7.300000000000001 11.2
      vertex -17.242095777305252 7.300000000000001 11.2
      vertex -22 10.3 11.2
    endloop
  endfacet
  facet normal 0 0 1
    outer loop
      vertex -22 10.3 11.2
      vertex -17.242095777305252 7.300000000000001 11.2
      vertex -17.204435091445944 7.337660685859309 11.2
    endloop
  endfacet
  facet normal 0 0 1
    outer loop
      vertex -22 10.3 11.2
      vertex -17.204435091445944 7.337660685859309 11.2
      vertex -17.058013454126453 7.456230589874906 11.2
    endloop
  endfacet
  facet normal 0 0 1
    outer loop
      vertex -22 10.3 11.2
      vertex -17.058013454126453 7.456230589874906 11.2
      vertex -16.9 7.55884572681199 11.2
    endloop
  endfacet
  facet normal 0 0 1
    outer loop
      vertex -22 10.3 11.2
      vertex -16.9 7.55884572681199 11.2
      vertex -16.73212595753644 7.644381823756682 11.2
    endloop
  endfacet
  facet normal 0 0 1
    outer loop
      vertex -22 10.3 11.2
      vertex -16.73212595753644 7.644381823756682 11.2
      vertex -16.556230589874904 7.711901729331276 11.2
    endloop
  endfacet
  facet normal 0 0 1
    outer loop
      vertex -22 10.3 11.2
      vertex -16.556230589874904 7.711901729331276 11.2
      vertex -16.374241043471965 7.76066568132085 11.2
    endloop
  endfacet
  facet normal 0 0 1
    outer loop
      vertex -22 10.3 11.2
      vertex -16.374241043471965 7.76066568132085 11.2
      vertex -16.188151233881776 7.790139411662892 11.2
    endloop
  endfacet
  facet normal 0 0 -1
    outer loop
      vertex -22 7.300000000000001 12.8
      vertex -22 10.170220072627284 12.8
      vertex -17.242095777305252 7.300000000000001 12.8
    endloop
  endfacet
  facet normal 0 0 -1
    outer loop
      vertex -22 10.170220072627284 12.8
      vertex -17.204435091445944 7.337660685859309 12.8
      vertex -17.242095777305252 7.300000000000001 12.8
    endloop
  endfacet
  facet normal 0 0 -1
    outer loop
      vertex -22 10.170220072627284 12.8
      vertex -17.058013454126453 7.456230589874906 12.8
      vertex -17.204435091445944 7.337660685859309 12.8
    endloop
  endfacet
  facet normal 0 0 -1
    outer loop
      vertex -22 10.170220072627284 12.8
      vertex -16.9 7.55884572681199 12.8
      vertex -17.058013454126453 7.456230589874906 12.8
    endloop
  endfacet
  facet normal 0 0 -1
    outer loop
      vertex -22 10.170220072627284 12.8
      vertex -16.73212595753644 7.644381823756682 12.8
      vertex -16.9 7.55884572681199 12.8
    endloop
  endfacet
  facet normal 0 0 -1
    outer loop
      vertex -22 10.170220072627284 12.8
      vertex -16.556230589874904 7.711901729331276 12.8
      vertex -16.73212595753644 7.644381823756682 12.8
    endloop
  endfacet
  facet normal 0 0 -1
    outer loop
      vertex -22 10.170220072627284 12.8
      vertex -16.374241043471965 7.76066568132085 12.8
      vertex -16.556230589874904 7.711901729331276 12.8
    endloop
  endfacet
  facet normal 0 0 -1
    outer loop
      vertex -22 10.170220072627284 12.8
      vertex -16.188151233881776 7.790139411662892 12.8
      vertex -16.374241043471965 7.76066568132085 12.8
    endloop
  endfacet
  facet normal 0 0 -1
    outer loop
      vertex -22 10.170220072627284 12.8
      vertex -16 7.8 12.8
      vertex -16.188151233881776 7.790139411662892 12.8
    endloop
  endfacet
  facet normal 0 0 1
    outer loop
      vertex -16.188151233881776 7.790139411662892 11.2
      vertex -16 7.8 11.2
      vertex -10 10.170220072627284 11.2
    endloop
  endfacet
  facet normal 0 0 1
    outer loop
      vertex -22 10.3 11.2
      vertex -10 10.170220072627284 11.2
      vertex -21.769900624989486 10.3 11.2
    endloop
  endfacet
  facet normal 0 -1 0
    outer loop
      vertex -21.769900624989486 10.3 11.2
      vertex -10.230099375010514 10.3 12.8
      vertex -21.769900624989486 10.3 12.8
    endloop
  endfacet
  facet normal 0 0 -1
    outer loop
      vertex -22 10.170220072627284 12.8
      vertex -21.769900624989486 10.3 12.8
      vertex -10.230099375010514 10.3 12.8
    endloop
  endfacet
  facet normal 0 0 1
    outer loop
      vertex -22 10.3 11.2
      vertex -16.188151233881776 7.790139411662892 11.2
      vertex -10 10.170220072627284 11.2
    endloop
  endfacet
  facet normal 0 -1 0
    outer loop
      vertex -21.769900624989486 10.3 11.2
      vertex -10.230099375010514 10.3 11.2
      vertex -10.230099375010514 10.3 12.8
    endloop
  endfacet
  facet normal 0 0 -1
    outer loop
      vertex -22 10.170220072627284 12.8
      vertex -10 10.3 12.8
      vertex -16 7.8 12.8
    endloop
  endfacet
  facet normal 0 0 -1
    outer loop
      vertex -22 10.170220072627284 12.8
      vertex -10.230099375010514 10.3 12.8
      vertex -10 10.3 12.8
    endloop
  endfacet
  facet normal 0 1 0
    outer loop
      vertex -14.757904222694746 7.300000000000001 11.2
      vertex -10 7.300000000000001 12.8
      vertex -10 7.300000000000001 11.2
    endloop
  endfacet
  facet normal 0 1 0
    outer loop
      vertex -14.757904222694746 7.300000000000001 11.2
      vertex -14.757904222694746 7.300000000000001 12.8
      vertex -10 7.300000000000001 12.8
    endloop
  endfacet
  facet normal 0 0 1
    outer loop
      vertex -16 7.8 11.2
      vertex -15.811848766118224 7.790139411662892 11.2
      vertex -10 10.170220072627284 11.2
    endloop
  endfacet
  facet normal 0 0 1
    outer loop
      vertex -15.811848766118224 7.790139411662892 11.2
      vertex -15.625758956528033 7.76066568132085 11.2
      vertex -10 10.170220072627284 11.2
    endloop
  endfacet
  facet normal 0 0 1
    outer loop
      vertex -15.443769410125094 7.711901729331276 11.2
      vertex -15.267874042463559 7.644381823756682 11.2
      vertex -10 10.170220072627284 11.2
    endloop
  endfacet
  facet normal 0 0 1
    outer loop
      vertex -15.625758956528033 7.76066568132085 11.2
      vertex -15.443769410125094 7.711901729331276 11.2
      vertex -10 10.170220072627284 11.2
    endloop
  endfacet
  facet normal 0 0 1
    outer loop
      vertex -14.941986545873549 7.456230589874906 11.2
      vertex -10 10.170220072627284 11.2
      vertex -15.1 7.55884572681199 11.2
    endloop
  endfacet
  facet normal 0 0 1
    outer loop
      vertex -14.941986545873549 7.456230589874906 11.2
      vertex -14.795564908554056 7.337660685859309 11.2
      vertex -10 10.170220072627284 11.2
    endloop
  endfacet
  facet normal 0 0 1
    outer loop
      vertex -14.757904222694746 7.300000000000001 11.2
      vertex -10 10.170220072627284 11.2
      vertex -14.795564908554056 7.337660685859309 11.2
    endloop
  endfacet
  facet normal 0 0 1
    outer loop
      vertex -15.267874042463559 7.644381823756682 11.2
      vertex -15.1 7.55884572681199 11.2
      vertex -10 10.170220072627284 11.2
    endloop
  endfacet
  facet normal 0 0 1
    outer loop
      vertex -14.757904222694746 7.300000000000001 11.2
      vertex -10 7.300000000000001 11.2
      vertex -10 10.170220072627284 11.2
    endloop
  endfacet
  facet normal 0 0 -1
    outer loop
      vertex -15.811848766118224 7.790139411662892 12.8
      vertex -10 10.3 12.8
      vertex -15.625758956528033 7.76066568132085 12.8
    endloop
  endfacet
  facet normal 0 0 -1
    outer loop
      vertex -15.625758956528033 7.76066568132085 12.8
      vertex -10 10.3 12.8
      vertex -15.443769410125094 7.711901729331276 12.8
    endloop
  endfacet
  facet normal 0 0 -1
    outer loop
      vertex -15.443769410125094 7.711901729331276 12.8
      vertex -10 10.3 12.8
      vertex -15.267874042463559 7.644381823756682 12.8
    endloop
  endfacet
  facet normal 0 0 -1
    outer loop
      vertex -14.757904222694746 7.300000000000001 12.8
      vertex -14.795564908554056 7.337660685859309 12.8
      vertex -10 10.3 12.8
    endloop
  endfacet
  facet normal 0 0 -1
    outer loop
      vertex -14.941986545873549 7.456230589874906 12.8
      vertex -10 10.3 12.8
      vertex -14.795564908554056 7.337660685859309 12.8
    endloop
  endfacet
  facet normal 0 0 -1
    outer loop
      vertex -15.267874042463559 7.644381823756682 12.8
      vertex -10 10.3 12.8
      vertex -15.1 7.55884572681199 12.8
    endloop
  endfacet
  facet normal 0 0 -1
    outer loop
      vertex -14.941986545873549 7.456230589874906 12.8
      vertex -15.1 7.55884572681199 12.8
      vertex -10 10.3 12.8
    endloop
  endfacet
  facet normal 0 0 -1
    outer loop
      vertex -16 7.8 12.8
      vertex -10 10.3 12.8
      vertex -15.811848766118224 7.790139411662892 12.8
    endloop
  endfacet
  facet normal 0 0 -1
    outer loop
      vertex -14.757904222694746 7.300000000000001 12.8
      vertex -10 10.3 12.8
      vertex -10 7.300000000000001 12.8
    endloop
  endfacet
  facet normal 0 0 1
    outer loop
      vertex -21.769900624989486 10.3 11.2
      vertex -10 10.170220072627284 11.2
      vertex -10.230099375010514 10.3 11.2
    endloop
  endfacet
  facet normal 0 0 1
    outer loop
      vertex -10.230099375010514 10.3 11.2
      vertex -10 10.170220072627284 11.2
      vertex -10.162299244148853 10.3 11.2
    endloop
  endfacet
  facet normal 1 0 0
    outer loop
      vertex -16.35 3.081657277250935 0
      vertex -16.35 3.6288483680634176 0
      vertex -16.35 4.23549491457596 0.75
    endloop
  endfacet
  facet normal -1 0 0
    outer loop
      vertex -15.65 3.081657277250935 0
      vertex -15.65 4.23549491457596 0.75
      vertex -15.65 3.6288483680634176 0
    endloop
  endfacet
  facet normal 1 0 0
    outer loop
      vertex -16.35 3.081657277250935 0
      vertex -16.35 4.23549491457596 0.75
      vertex -16.35 4.23549491457596 6.5
    endloop
  endfacet
  facet normal -1 0 0
    outer loop
      vertex -15.65 3.081657277250935 0
      vertex -15.65 3.081657277250935 6.5
      vertex -15.65 4.23549491457596 0.75
    endloop
  endfacet
  facet normal 1 0 0
    outer loop
      vertex -16.35 3.081657277250935 0
      vertex -16.35 4.23549491457596 6.5
      vertex -16.35 3.081657277250935 6.5
    endloop
  endfacet
  facet normal -1 0 0
    outer loop
      vertex -15.65 4.23549491457596 0.75
      vertex -15.65 3.081657277250935 6.5
      vertex -15.65 4.23549491457596 6.5
    endloop
  endfacet
  facet normal 0 -1 0
    outer loop
      vertex -25.65 0 2
      vertex -28 0 0
      vertex -24.0295672763063 0 0
    endloop
  endfacet
  facet normal 0 -1 0
    outer loop
      vertex -28 0 0
      vertex -25.65 0 2
      vertex -28 0 2
    endloop
  endfacet
  facet normal 0 -1 0
    outer loop
      vertex -24.0295672763063 0 0
      vertex -25.65 0 2.55
      vertex -25.65 0 2
    endloop
  endfacet
  facet normal 0 -1 0
    outer loop
      vertex -24.0295672763063 0 0
      vertex -23.977529082040384 0 0
      vertex -20.687624765846397 0 6.5
    endloop
  endfacet
  facet normal 0 -1 0
    outer loop
      vertex -22.626567103494324 0 0
      vertex -20.687624765846397 0 6.5
      vertex -23.977529082040384 0 0
    endloop
  endfacet
  facet normal 0 -1 0
    outer loop
      vertex -22.626567103494324 0 0
      vertex -22.5446376185805 0 0
      vertex -20.687624765846397 0 6.5
    endloop
  endfacet
  facet normal 0 -1 0
    outer loop
      vertex -22.5446376185805 0 0
      vertex -22 0 0
      vertex -20.687624765846397 0 6.5
    endloop
  endfacet
  facet normal 0 -1 0
    outer loop
      vertex -22 0 0
      vertex -21.910589108534964 0 0
      vertex -20.687624765846397 0 6.5
    endloop
  endfacet
  facet normal 0 -1 0
    outer loop
      vertex -20.687624765846397 0 6.5
      vertex -21.910589108534964 0 0
      vertex -21.4553623814195 0 0
    endloop
  endfacet
  facet normal 0 -1 0
    outer loop
      vertex -20.687624765846397 0 6.5
      vertex -21.4553623814195 0 0
      vertex -21.385732054374394 0 0
    endloop
  endfacet
  facet normal 0 -1 0
    outer loop
      vertex -25.95 0 2.55
      vertex -25.65 0 2.55
      vertex -25.65 0 3.35
    endloop
  endfacet
  facet normal 0 -1 0
    outer loop
      vertex -25.95 0 2.55
      vertex -25.65 0 3.35
      vertex -25.95 0 3.35
    endloop
  endfacet
  facet normal 0 -1 0
    outer loop
      vertex -24.0295672763063 0 0
      vertex -20.687624765846397 0 6.5
      vertex -25.65 0 2.55
    endloop
  endfacet
  facet normal 0 -1 0
    outer loop
      vertex -20.687624765846397 0 6.5
      vertex -25.65 0 3.35
      vertex -25.65 0 2.55
    endloop
  endfacet
  facet normal 0 -1 0
    outer loop
      vertex -20.687624765846397 0 0
      vertex -20.687624765846397 0 6.5
      vertex -21.385732054374394 0 0
    endloop
  endfacet
  facet normal 0 -1 0
    outer loop
      vertex -25.65 0 4.15
      vertex -25.65 0 4.95
      vertex -25.95 0 4.15
    endloop
  endfacet
  facet normal 0 -1 0
    outer loop
      vertex -25.95 0 4.15
      vertex -25.65 0 4.95
      vertex -25.95 0 4.95
    endloop
  endfacet
  facet normal 0 -1 0
    outer loop
      vertex -25.65 0 4.95
      vertex -24.25188926341377 0 6.5
      vertex -25.65 0 5.5
    endloop
  endfacet
  facet normal 0 -1 0
    outer loop
      vertex -25.65 0 5.5
      vertex -24.25188926341377 0 7.5
      vertex -28 0 5.5
    endloop
  endfacet
  facet normal 0 -1 0
    outer loop
      vertex -25.65 0 5.5
      vertex -24.25188926341377 0 6.5
      vertex -24.25188926341377 0 7.5
    endloop
  endfacet
  facet normal 0 -1 0
    outer loop
      vertex -20.687624765846397 0 6.5
      vertex -25.65 0 4.15
      vertex -25.65 0 3.35
    endloop
  endfacet
  facet normal 0 -1 0
    outer loop
      vertex -20.687624765846397 0 6.5
      vertex -25.65 0 4.95
      vertex -25.65 0 4.15
    endloop
  endfacet
  facet normal 0 -1 0
    outer loop
      vertex -20.687624765846397 0 6.5
      vertex -24.25188926341377 0 6.5
      vertex -25.65 0 4.95
    endloop
  endfacet
  facet normal 0 -1 0
    outer loop
      vertex -28 0 5.5
      vertex -24.25188926341377 0 7.5
      vertex -28 0 7.5
    endloop
  endfacet
  facet normal 0 -1 0
    outer loop
      vertex -10.614267945625606 0 0
      vertex -7.748110736586231 0 6.5
      vertex -11.312375234153603 0 0
    endloop
  endfacet
  facet normal 0 -1 0
    outer loop
      vertex -10.614267945625606 0 0
      vertex -10.544637618580499 0 0
      vertex -7.748110736586231 0 6.5
    endloop
  endfacet
  facet normal 0 -1 0
    outer loop
      vertex -7.748110736586231 0 6.5
      vertex -10.544637618580499 0 0
      vertex -9.455362381419501 0 0
    endloop
  endfacet
  facet normal 0 -1 0
    outer loop
      vertex -9.373432896505676 0 0
      vertex -7.748110736586231 0 6.5
      vertex -9.455362381419501 0 0
    endloop
  endfacet
  facet normal 0 -1 0
    outer loop
      vertex -9.373432896505676 0 0
      vertex -6.35 0 2
      vertex -6.35 0 2.55
    endloop
  endfacet
  facet normal 0 -1 0
    outer loop
      vertex -9.373432896505676 0 0
      vertex -6.35 0 2.55
      vertex -6.35 0 3.35
    endloop
  endfacet
  facet normal 0 -1 0
    outer loop
      vertex -9.373432896505676 0 0
      vertex -6.35 0 3.35
      vertex -6.35 0 4.15
    endloop
  endfacet
  facet normal 0 -1 0
    outer loop
      vertex -9.373432896505676 0 0
      vertex -6.35 0 4.15
      vertex -6.35 0 4.95
    endloop
  endfacet
  facet normal 0 -1 0
    outer loop
      vertex -11.312375234153603 0 6.5
      vertex -11.312375234153603 0 0
      vertex -7.748110736586231 0 6.5
    endloop
  endfacet
  facet normal 0 -1 0
    outer loop
      vertex -9.373432896505676 0 0
      vertex -6.35 0 4.95
      vertex -7.748110736586231 0 6.5
    endloop
  endfacet
  facet normal 0 -1 0
    outer loop
      vertex -9.373432896505676 0 0
      vertex -4 0 0
      vertex -4 0 2
    endloop
  endfacet
  facet normal 0 -1 0
    outer loop
      vertex -4 0 2
      vertex -6.35 0 2
      vertex -9.373432896505676 0 0
    endloop
  endfacet
  facet normal 0 -1 0
    outer loop
      vertex -6.35 0 2.55
      vertex -6.050000000000001 0 2.55
      vertex -6.050000000000001 0 3.35
    endloop
  endfacet
  facet normal 0 -1 0
    outer loop
      vertex -6.35 0 2.55
      vertex -6.050000000000001 0 3.35
      vertex -6.35 0 3.35
    endloop
  endfacet
  facet normal 0 -1 0
    outer loop
      vertex -7.748110736586231 0 6.5
      vertex -6.35 0 5.5
      vertex -7.748110736586231 0 7.5
    endloop
  endfacet
  facet normal 0 -1 0
    outer loop
      vertex -6.35 0 4.15
      vertex -6.050000000000001 0 4.15
      vertex -6.050000000000001 0 4.95
    endloop
  endfacet
  facet normal 0 -1 0
    outer loop
      vertex -6.35 0 4.15
      vertex -6.050000000000001 0 4.95
      vertex -6.35 0 4.95
    endloop
  endfacet
  facet normal 0 -1 0
    outer loop
      vertex -7.748110736586231 0 6.5
      vertex -6.35 0 4.95
      vertex -6.35 0 5.5
    endloop
  endfacet
  facet normal 0 -1 0
    outer loop
      vertex -6.35 0 5.5
      vertex -4 0 5.5
      vertex -4 0 7.5
    endloop
  endfacet
  facet normal 0 -1 0
    outer loop
      vertex -4 0 7.5
      vertex -7.748110736586231 0 7.5
      vertex -6.35 0 5.5
    endloop
  endfacet
  facet normal 0 1 0
    outer loop
      vertex 4 0 2
      vertex 7.970432723693701 0 0
      vertex 4 0 0
    endloop
  endfacet
  facet normal 0 1 0
    outer loop
      vertex 7.970432723693701 0 0
      vertex 4 0 2
      vertex 6.35 0 2
    endloop
  endfacet
  facet normal 0 1 0
    outer loop
      vertex 6.35 0 2
      vertex 6.35 0 2.55
      vertex 7.970432723693701 0 0
    endloop
  endfacet
  facet normal 0 1 0
    outer loop
      vertex 6.050000000000001 0 3.35
      vertex 6.35 0 2.55
      vertex 6.050000000000001 0 2.55
    endloop
  endfacet
  facet normal 0 1 0
    outer loop
      vertex 6.35 0 2.55
      vertex 6.050000000000001 0 3.35
      vertex 6.35 0 3.35
    endloop
  endfacet
  facet normal 0 1 0
    outer loop
      vertex 6.35 0 2.55
      vertex 6.35 0 3.35
      vertex 7.748110736586231 0 6.5
    endloop
  endfacet
  facet normal 0 1 0
    outer loop
      vertex 7.970432723693701 0 0
      vertex 7.748110736586231 0 6.5
      vertex 8.022470917959616 0 0
    endloop
  endfacet
  facet normal 0 1 0
    outer loop
      vertex 11.312375234153603 0 6.5
      vertex 9.373432896505676 0 0
      vertex 8.022470917959616 0 0
    endloop
  endfacet
  facet normal 0 1 0
    outer loop
      vertex 9.373432896505676 0 0
      vertex 11.312375234153603 0 6.5
      vertex 9.455362381419501 0 0
    endloop
  endfacet
  facet normal 0 1 0
    outer loop
      vertex 10 0 0
      vertex 9.455362381419501 0 0
      vertex 11.312375234153603 0 6.5
    endloop
  endfacet
  facet normal 0 1 0
    outer loop
      vertex 10 0 0
      vertex 11.312375234153603 0 6.5
      vertex 10.089410891465036 0 0
    endloop
  endfacet
  facet normal 0 1 0
    outer loop
      vertex 11.312375234153603 0 6.5
      vertex 10.544637618580499 0 0
      vertex 10.089410891465036 0 0
    endloop
  endfacet
  facet normal 0 1 0
    outer loop
      vertex 11.312375234153603 0 6.5
      vertex 10.614267945625606 0 0
      vertex 10.544637618580499 0 0
    endloop
  endfacet
  facet normal 0 1 0
    outer loop
      vertex 11.312375234153603 0 0
      vertex 10.614267945625606 0 0
      vertex 11.312375234153603 0 6.5
    endloop
  endfacet
  facet normal 0 1 0
    outer loop
      vertex 6.35 0 2.55
      vertex 7.748110736586231 0 6.5
      vertex 7.970432723693701 0 0
    endloop
  endfacet
  facet normal 0 1 0
    outer loop
      vertex 11.312375234153603 0 6.5
      vertex 8.022470917959616 0 0
      vertex 7.748110736586231 0 6.5
    endloop
  endfacet
  facet normal 0 1 0
    outer loop
      vertex 6.050000000000001 0 4.95
      vertex 6.35 0 4.15
      vertex 6.050000000000001 0 4.15
    endloop
  endfacet
  facet normal 0 1 0
    outer loop
      vertex 6.35 0 4.15
      vertex 6.050000000000001 0 4.95
      vertex 6.35 0 4.95
    endloop
  endfacet
  facet normal 0 1 0
    outer loop
      vertex 6.35 0 4.15
      vertex 7.748110736586231 0 6.5
      vertex 6.35 0 3.35
    endloop
  endfacet
  facet normal 0 1 0
    outer loop
      vertex 6.35 0 4.15
      vertex 6.35 0 4.95
      vertex 7.748110736586231 0 6.5
    endloop
  endfacet
  facet normal 0 1 0
    outer loop
      vertex 4 0 7.5
      vertex 6.35 0 5.5
      vertex 4 0 5.5
    endloop
  endfacet
  facet normal 0 1 0
    outer loop
      vertex 6.35 0 5.5
      vertex 7.748110736586231 0 6.5
      vertex 6.35 0 4.95
    endloop
  endfacet
  facet normal 0 1 0
    outer loop
      vertex 6.35 0 5.5
      vertex 4 0 7.5
      vertex 7.748110736586231 0 7.5
    endloop
  endfacet
  facet normal 0 1 0
    outer loop
      vertex 6.35 0 5.5
      vertex 7.748110736586231 0 7.5
      vertex 7.748110736586231 0 6.5
    endloop
  endfacet
  facet normal 0 1 0
    outer loop
      vertex 20.687624765846397 0 0
      vertex 24.25188926341377 0 6.5
      vertex 21.385732054374394 0 0
    endloop
  endfacet
  facet normal 0 1 0
    outer loop
      vertex 21.385732054374394 0 0
      vertex 24.25188926341377 0 6.5
      vertex 21.4553623814195 0 0
    endloop
  endfacet
  facet normal 0 1 0
    outer loop
      vertex 21.4553623814195 0 0
      vertex 24.25188926341377 0 6.5
      vertex 22.5446376185805 0 0
    endloop
  endfacet
  facet normal 0 1 0
    outer loop
      vertex 22.626567103494324 0 0
      vertex 22.5446376185805 0 0
      vertex 24.25188926341377 0 6.5
    endloop
  endfacet
  facet normal 0 1 0
    outer loop
      vertex 25.65 0 2
      vertex 28 0 0
      vertex 22.626567103494324 0 0
    endloop
  endfacet
  facet normal 0 1 0
    outer loop
      vertex 22.626567103494324 0 0
      vertex 25.65 0 2.55
      vertex 25.65 0 2
    endloop
  endfacet
  facet normal 0 1 0
    outer loop
      vertex 22.626567103494324 0 0
      vertex 25.65 0 3.35
      vertex 25.65 0 2.55
    endloop
  endfacet
  facet normal 0 1 0
    outer loop
      vertex 28 0 0
      vertex 25.65 0 2
      vertex 28 0 2
    endloop
  endfacet
  facet normal 0 1 0
    outer loop
      vertex 20.687624765846397 0 0
      vertex 20.687624765846397 0 6.5
      vertex 24.25188926341377 0 6.5
    endloop
  endfacet
  facet normal 0 1 0
    outer loop
      vertex 22.626567103494324 0 0
      vertex 24.25188926341377 0 6.5
      vertex 25.65 0 4.95
    endloop
  endfacet
  facet normal 0 1 0
    outer loop
      vertex 22.626567103494324 0 0
      vertex 25.65 0 4.15
      vertex 25.65 0 3.35
    endloop
  endfacet
  facet normal 0 1 0
    outer loop
      vertex 22.626567103494324 0 0
      vertex 25.65 0 4.95
      vertex 25.65 0 4.15
    endloop
  endfacet
  facet normal 0 1 0
    outer loop
      vertex 25.65 0 2.55
      vertex 25.65 0 3.35
      vertex 25.95 0 2.55
    endloop
  endfacet
  facet normal 0 1 0
    outer loop
      vertex 25.95 0 2.55
      vertex 25.65 0 3.35
      vertex 25.95 0 3.35
    endloop
  endfacet
  facet normal 0 1 0
    outer loop
      vertex 25.65 0 4.15
      vertex 25.65 0 4.95
      vertex 25.95 0 4.15
    endloop
  endfacet
  facet normal 0 1 0
    outer loop
      vertex 25.95 0 4.15
      vertex 25.65 0 4.95
      vertex 25.95 0 4.95
    endloop
  endfacet
  facet normal 0 1 0
    outer loop
      vertex 24.25188926341377 0 6.5
      vertex 25.65 0 5.5
      vertex 25.65 0 4.95
    endloop
  endfacet
  facet normal 0 1 0
    outer loop
      vertex 28 0 7.5
      vertex 25.65 0 5.5
      vertex 24.25188926341377 0 6.5
    endloop
  endfacet
  facet normal 0 1 0
    outer loop
      vertex 25.65 0 5.5
      vertex 28 0 7.5
      vertex 28 0 5.5
    endloop
  endfacet
  facet normal 0 1 0
    outer loop
      vertex 24.25188926341377 0 6.5
      vertex 24.25188926341377 0 7.5
      vertex 28 0 7.5
    endloop
  endfacet
endsolid OpenSCAD_Model
