solid OpenSCAD_Model
  facet normal -1 0 0
    outer loop
      vertex -15 16.906872221260645 -1.776983875550109
      vertex -15 16.628509212474697 -3.5344987439019087
      vertex -15 17 0
    endloop
  endfacet
  facet normal -1 0 0
    outer loop
      vertex -15 16.628509212474697 -3.5344987439019087
      vertex -15 16.369803930611976 -4.5
      vertex -15 17 0
    endloop
  endfacet
  facet normal -1 0 0
    outer loop
      vertex -15 16.369803930611976 -4.5
      vertex -15 16.16796077701761 -5.253288904374106
      vertex -15 17 0
    endloop
  endfacet
  facet normal -1 0 0
    outer loop
      vertex -15 16.16796077701761 -5.253288904374106
      vertex -15 15.530272779924214 -6.9145229322886035
      vertex -15 17 0
    endloop
  endfacet
  facet normal -1 0 0
    outer loop
      vertex -15 12.633462033115702 -11.375220308100591
      vertex -15 13 0
      vertex -15 17 0
    endloop
  endfacet
  facet normal -1 0 0
    outer loop
      vertex -15 12.633462033115702 -11.375220308100591
      vertex -15 12.928784639787553 -1.3588700224794952
      vertex -15 13 0
    endloop
  endfacet
  facet normal -1 0 0
    outer loop
      vertex -15 15.530272779924214 -6.9145229322886035
      vertex -15 14.722431864335457 -8.5
      vertex -15 17 0
    endloop
  endfacet
  facet normal 8.741515183871108e-18 0.965925826289068 -0.2588190451025217
    outer loop
      vertex -15 16.369803930611976 -4.5
      vertex -13.068865518491148 16.16796077701761 -5.253288904374106
      vertex -15 16.16796077701761 -5.253288904374106
    endloop
  endfacet
  facet normal 0 0.9659258262890678 -0.25881904510252296
    outer loop
      vertex -15 16.369803930611976 -4.5
      vertex -12.834049979245572 16.369803930611976 -4.5
      vertex -13.007391819076574 16.229434476432182 -5.023865934829698
    endloop
  endfacet
  facet normal 1.0375835122185774e-15 0.9659258262890688 -0.25881904510251935
    outer loop
      vertex -15 16.369803930611976 -4.5
      vertex -13.007391819076574 16.229434476432182 -5.023865934829698
      vertex -13.068865518491148 16.16796077701761 -5.253288904374106
    endloop
  endfacet
  facet normal 3.8457348806872246e-17 0.933580426497202 -0.3583679495452995
    outer loop
      vertex -15 16.16796077701761 -5.253288904374106
      vertex -13.578416838203335 15.530272779924214 -6.9145229322886035
      vertex -15 15.530272779924214 -6.9145229322886035
    endloop
  endfacet
  facet normal -1 0 0
    outer loop
      vertex -15 14.722431864335457 -8.5
      vertex -15 13.753288904374106 -9.992349288972044
      vertex -15 17 0
    endloop
  endfacet
  facet normal 0 0.9335804264972026 -0.35836794954529794
    outer loop
      vertex -15 16.16796077701761 -5.253288904374106
      vertex -13.068865518491148 16.16796077701761 -5.253288904374106
      vertex -13.229434476432182 16.007391819076574 -5.671585340835577
    endloop
  endfacet
  facet normal -5.5988854599934e-16 0.9335804264972019 -0.3583679495453
    outer loop
      vertex -15 16.16796077701761 -5.253288904374106
      vertex -13.229434476432182 16.007391819076574 -5.671585340835577
      vertex -13.427050983124843 15.76335575687742 -6.307321017861529
    endloop
  endfacet
  facet normal -5.655457273599024e-16 0.9335804264972019 -0.35836794954530005
    outer loop
      vertex -15 16.16796077701761 -5.253288904374106
      vertex -13.427050983124843 15.76335575687742 -6.307321017861529
      vertex -13.578416838203335 15.530272779924214 -6.9145229322886035
    endloop
  endfacet
  facet normal -1 0 0
    outer loop
      vertex -15 13.753288904374106 -9.992349288972044
      vertex -15 12.633462033115702 -11.375220308100591
      vertex -15 17 0
    endloop
  endfacet
  facet normal -1.1186233800080544e-16 0.8910065241883678 -0.45399049973954686
    outer loop
      vertex -15 15.530272779924214 -6.9145229322886035
      vertex -13.598076211353316 15.5 -6.973936608198712
      vertex -13.740636372927803 15.220209929227401 -7.5230555404330435
    endloop
  endfacet
  facet normal 0 0.8910065241883689 -0.4539904997395448
    outer loop
      vertex -15 15.530272779924214 -6.9145229322886035
      vertex -13.578416838203335 15.530272779924214 -6.9145229322886035
      vertex -13.598076211353316 15.5 -6.973936608198712
    endloop
  endfacet
  facet normal -2.268366576801118e-16 0.891006524188368 -0.4539904997395464
    outer loop
      vertex -15 15.530272779924214 -6.9145229322886035
      vertex -13.853169548885461 14.927050983124841 -8.098412367836747
      vertex -15 14.722431864335457 -8.5
    endloop
  endfacet
  facet normal 5.710023183222492e-16 0.8910065241883683 -0.4539904997395458
    outer loop
      vertex -15 15.530272779924214 -6.9145229322886035
      vertex -13.740636372927803 15.220209929227401 -7.5230555404330435
      vertex -13.853169548885461 14.927050983124841 -8.098412367836747
    endloop
  endfacet
  facet normal 0 0.8910065241883678 -0.4539904997395469
    outer loop
      vertex -15 14.722431864335457 -8.5
      vertex -13.853169548885461 14.927050983124841 -8.098412367836747
      vertex -13.907997076521045 14.722431864335457 -8.5
    endloop
  endfacet
  facet normal -1 0 0
    outer loop
      vertex -15 12.633462033115702 -11.375220308100591
      vertex -15 12.715918809539474 -2.7028519806308715
      vertex -15 12.928784639787553 -1.3588700224794952
    endloop
  endfacet
  facet normal -1 0 0
    outer loop
      vertex -15 12.633462033115702 -11.375220308100591
      vertex -15 12.363734711836996 -4.017220926874316
      vertex -15 12.715918809539474 -2.7028519806308715
    endloop
  endfacet
  facet normal -1 0 0
    outer loop
      vertex -15 12.633462033115702 -11.375220308100591
      vertex -15 11.876090949353811 -5.287576359985403
      vertex -15 12.363734711836996 -4.017220926874316
    endloop
  endfacet
  facet normal -1 0 0
    outer loop
      vertex -15 11.375220308100591 -12.633462033115702
      vertex -15 11.258330249197702 -6.5
      vertex -15 11.876090949353811 -5.287576359985403
    endloop
  endfacet
  facet normal 0 0.9659258262890685 -0.2588190451025201
    outer loop
      vertex 9.165950020754428 16.369803930611976 -4.5
      vertex -8.992608180923426 16.229434476432182 -5.023865934829704
      vertex -9.165950020754428 16.369803930611976 -4.5
    endloop
  endfacet
  facet normal -1.7111309120965426e-19 0.965925826289067 -0.25881904510252557
    outer loop
      vertex -8.992608180923426 16.229434476432182 -5.023865934829704
      vertex 8.931134481508852 16.16796077701761 -5.253288904374106
      vertex -8.931134481508852 16.16796077701761 -5.253288904374106
    endloop
  endfacet
  facet normal -1.1369508665475728e-16 0.9335804264972015 -0.3583679495453006
    outer loop
      vertex -8.931134481508852 16.16796077701761 -5.253288904374106
      vertex 8.421583161796665 15.530272779924214 -6.9145229322886035
      vertex -8.770565523567818 16.007391819076574 -5.671585340835573
    endloop
  endfacet
  facet normal 3.5344618143187994e-17 0.9335804264972023 -0.35836794954529877
    outer loop
      vertex 8.421583161796665 15.530272779924214 -6.9145229322886035
      vertex -8.572949016875157 15.76335575687742 -6.307321017861528
      vertex -8.770565523567818 16.007391819076574 -5.671585340835573
    endloop
  endfacet
  facet normal 0 0.933580426497202 -0.35836794954529966
    outer loop
      vertex 8.421583161796665 15.530272779924214 -6.9145229322886035
      vertex -8.421583161796665 15.530272779924214 -6.9145229322886035
      vertex -8.572949016875157 15.76335575687742 -6.307321017861528
    endloop
  endfacet
  facet normal 8.832704672637881e-17 0.8910065241883689 -0.45399049973954486
    outer loop
      vertex -8.421583161796665 15.530272779924214 -6.9145229322886035
      vertex 8.259363627072197 15.220209929227401 -7.5230555404330435
      vertex -8.401923788646684 15.5 -6.973936608198712
    endloop
  endfacet
  facet normal 1.4232055747531874e-17 0.8910065241883681 -0.45399049973954636
    outer loop
      vertex -8.401923788646684 15.5 -6.973936608198712
      vertex 8.092002923478955 14.722431864335457 -8.5
      vertex -8.259363627072197 15.220209929227401 -7.523055540433044
    endloop
  endfacet
  facet normal -6.514012940319297e-17 0.8910065241883676 -0.45399049973954736
    outer loop
      vertex 8.092002923478955 14.722431864335457 -8.5
      vertex -8.146830451114539 14.927050983124841 -8.098412367836746
      vertex -8.259363627072197 15.220209929227401 -7.523055540433044
    endloop
  endfacet
  facet normal 0 0.8910065241883686 -0.4539904997395453
    outer loop
      vertex -8.092002923478955 14.722431864335457 -8.5
      vertex -8.146830451114539 14.927050983124841 -8.098412367836746
      vertex 8.092002923478955 14.722431864335457 -8.5
    endloop
  endfacet
  facet normal -9.461684986316956e-17 0.838670567945424 -0.5446390350150271
    outer loop
      vertex -15 14.722431864335457 -8.5
      vertex -13.934442802201417 14.623735072453279 -8.651979731860266
      vertex -13.98356568610482 14.313585389802961 -9.129568361711701
    endloop
  endfacet
  facet normal 0 0.8386705679454245 -0.5446390350150265
    outer loop
      vertex -15 14.722431864335457 -8.5
      vertex -13.907997076521045 14.722431864335457 -8.5
      vertex -13.934442802201417 14.623735072453279 -8.651979731860266
    endloop
  endfacet
  facet normal -1.42020460027125e-16 0.838670567945424 -0.5446390350150271
    outer loop
      vertex -15 14.722431864335457 -8.5
      vertex -13.98356568610482 14.313585389802961 -9.129568361711701
      vertex -15 13.753288904374106 -9.992349288972044
    endloop
  endfacet
  facet normal -1.2189349711347332e-15 0.8386705679454248 -0.544639035015026
    outer loop
      vertex -15 13.753288904374106 -9.992349288972044
      vertex -13.98356568610482 14.313585389802961 -9.129568361711701
      vertex -13.985962757173189 14.2678465490972 -9.2
    endloop
  endfacet
  facet normal 3.568692540401804e-16 0.8386705679454244 -0.5446390350150266
    outer loop
      vertex -13.985962757173189 14.2678465490972 -9.2
      vertex -12.690687222126064 14.177698387555012 -9.338815995511112
      vertex -12.7 14 -9.61244751663342
    endloop
  endfacet
  facet normal -1 0 0
    outer loop
      vertex -15 12.633462033115702 -11.375220308100591
      vertex -15 11.375220308100591 -12.633462033115702
      vertex -15 11.876090949353811 -5.287576359985403
    endloop
  endfacet
  facet normal -1.0796886947369452e-16 0.8386705679454238 -0.5446390350150272
    outer loop
      vertex -15 13.753288904374106 -9.992349288972044
      vertex -13.985962757173189 14.2678465490972 -9.2
      vertex -12.690687222126064 13.822301612444988 -9.886079037755728
    endloop
  endfacet
  facet normal 3.6740087801528893e-16 0.8386705679454244 -0.5446390350150266
    outer loop
      vertex -13.985962757173189 14.2678465490972 -9.2
      vertex -12.7 14 -9.61244751663342
      vertex -12.690687222126064 13.822301612444988 -9.886079037755728
    endloop
  endfacet
  facet normal 0 0.8386705679454228 -0.5446390350150289
    outer loop
      vertex -15 13.753288904374106 -9.992349288972044
      vertex -12.690687222126064 13.822301612444988 -9.886079037755728
      vertex -12.679756682982976 13.753288904374106 -9.992349288972044
    endloop
  endfacet
  facet normal 0 0.7771459614569233 -0.6293203910498965
    outer loop
      vertex -15 13.753288904374106 -9.992349288972044
      vertex -12.679756682982976 13.753288904374106 -9.992349288972044
      vertex -12.678775424278285 13.747093480741077 -10
    endloop
  endfacet
  facet normal -1 0 0
    outer loop
      vertex -15 11.375220308100591 -12.633462033115702
      vertex -15 10.517220926874316 -7.641208279802151
      vertex -15 11.258330249197702 -6.5
    endloop
  endfacet
  facet normal -1 0 0
    outer loop
      vertex -15 9.992349288972044 -13.753288904374106
      vertex -15 9.660882731206126 -8.698697882665158
      vertex -15 10.517220926874316 -7.641208279802151
    endloop
  endfacet
  facet normal 0 0.8386705679454227 -0.544639035015029
    outer loop
      vertex -12.67640915601392 14.2678465490972 -9.2
      vertex -12.690687222126064 14.177698387555012 -9.338815995511112
      vertex -13.985962757173189 14.2678465490972 -9.2
    endloop
  endfacet
  facet normal -1 0 0
    outer loop
      vertex -15 11.375220308100591 -12.633462033115702
      vertex -15 9.992349288972044 -13.753288904374106
      vertex -15 10.517220926874316 -7.641208279802151
    endloop
  endfacet
  facet normal -1 0 0
    outer loop
      vertex -15 8.5 -14.722431864335457
      vertex -15 8.698697882665158 -9.660882731206126
      vertex -15 9.660882731206126 -8.698697882665158
    endloop
  endfacet
  facet normal -1 0 0
    outer loop
      vertex -15 8.5 -14.722431864335457
      vertex -15 7.641208279802151 -10.517220926874316
      vertex -15 8.698697882665158 -9.660882731206126
    endloop
  endfacet
  facet normal -1 0 0
    outer loop
      vertex -15 9.992349288972044 -13.753288904374106
      vertex -15 8.5 -14.722431864335457
      vertex -15 9.660882731206126 -8.698697882665158
    endloop
  endfacet
  facet normal -1 0 0
    outer loop
      vertex -15 6.9145229322886035 -15.530272779924214
      vertex -15 6.5 -11.258330249197702
      vertex -15 7.641208279802151 -10.517220926874316
    endloop
  endfacet
  facet normal -1 0 0
    outer loop
      vertex -15 8.5 -14.722431864335457
      vertex -15 6.9145229322886035 -15.530272779924214
      vertex -15 7.641208279802151 -10.517220926874316
    endloop
  endfacet
  facet normal -1 0 0
    outer loop
      vertex -15 5.253288904374106 -16.16796077701761
      vertex -15 5.287576359985403 -11.876090949353811
      vertex -15 6.5 -11.258330249197702
    endloop
  endfacet
  facet normal -1 0 0
    outer loop
      vertex -15 5.253288904374106 -16.16796077701761
      vertex -15 4.017220926874316 -12.363734711836996
      vertex -15 5.287576359985403 -11.876090949353811
    endloop
  endfacet
  facet normal -1 0 0
    outer loop
      vertex -15 6.9145229322886035 -15.530272779924214
      vertex -15 5.253288904374106 -16.16796077701761
      vertex -15 6.5 -11.258330249197702
    endloop
  endfacet
  facet normal -1 0 0
    outer loop
      vertex -15 3.5344987439019087 -16.628509212474697
      vertex -15 2.7028519806308715 -12.715918809539474
      vertex -15 4.017220926874316 -12.363734711836996
    endloop
  endfacet
  facet normal -1 0 0
    outer loop
      vertex -15 1.776983875550109 -16.906872221260645
      vertex -15 1.3588700224794952 -12.928784639787553
      vertex -15 2.7028519806308715 -12.715918809539474
    endloop
  endfacet
  facet normal -1 0 0
    outer loop
      vertex -15 0 -17
      vertex -15 0 -13
      vertex -15 1.3588700224794952 -12.928784639787553
    endloop
  endfacet
  facet normal -1 0 0
    outer loop
      vertex -15 5.253288904374106 -16.16796077701761
      vertex -15 3.5344987439019087 -16.628509212474697
      vertex -15 4.017220926874316 -12.363734711836996
    endloop
  endfacet
  facet normal -1 0 0
    outer loop
      vertex -15 3.5344987439019087 -16.628509212474697
      vertex -15 1.776983875550109 -16.906872221260645
      vertex -15 2.7028519806308715 -12.715918809539474
    endloop
  endfacet
  facet normal -1 0 0
    outer loop
      vertex -15 1.776983875550109 -16.906872221260645
      vertex -15 0 -17
      vertex -15 1.3588700224794952 -12.928784639787553
    endloop
  endfacet
  facet normal 3.4867057990574774e-16 0.7771459614569749 -0.6293203910498325
    outer loop
      vertex -15 13.753288904374106 -9.992349288972044
      vertex -12.678775424278285 13.747093480741077 -10
      vertex 15 12.633462033115702 -11.375220308100591
    endloop
  endfacet
  facet normal -1.2106695371247251e-18 0.7771459614569711 -0.6293203910498371
    outer loop
      vertex -15 13.753288904374106 -9.992349288972044
      vertex 15 12.633462033115702 -11.375220308100591
      vertex -15 12.633462033115702 -11.375220308100591
    endloop
  endfacet
  facet normal 1.4331889239203913e-18 0.7071067811865475 -0.7071067811865475
    outer loop
      vertex -15 12.633462033115702 -11.375220308100591
      vertex 15 11.375220308100591 -12.633462033115702
      vertex -15 11.375220308100591 -12.633462033115702
    endloop
  endfacet
  facet normal -1.2039453847688697e-19 0.8386705679454244 -0.5446390350150264
    outer loop
      vertex -8.092002923478955 14.722431864335457 -8.5
      vertex 8.065557197798583 14.623735072453279 -8.651979731860266
      vertex -8.065557197798583 14.623735072453279 -8.651979731860266
    endloop
  endfacet
  facet normal -1.5736976768976124e-18 0.838670567945424 -0.544639035015027
    outer loop
      vertex -8.065557197798583 14.623735072453279 -8.651979731860266
      vertex 9.309312777873936 13.822301612444988 -9.886079037755728
      vertex -8.01643431389518 14.313585389802961 -9.129568361711701
    endloop
  endfacet
  facet normal -9.53727337826346e-17 0.8386705679454228 -0.5446390350150289
    outer loop
      vertex 9.320243317017024 13.753288904374106 -9.992349288972044
      vertex -9.309312777873936 14.177698387555012 -9.338815995511112
      vertex -9.32359084398608 14.2678465490972 -9.2
    endloop
  endfacet
  facet normal 7.43247120200115e-18 0.8386705679454239 -0.5446390350150271
    outer loop
      vertex 9.320243317017024 13.753288904374106 -9.992349288972044
      vertex -9.32359084398608 14.2678465490972 -9.2
      vertex -8.014037242826811 14.2678465490972 -9.2
    endloop
  endfacet
  facet normal 6.606397564588521e-17 0.8386705679454248 -0.5446390350150259
    outer loop
      vertex 9.309312777873936 13.822301612444988 -9.886079037755728
      vertex -8.014037242826811 14.2678465490972 -9.2
      vertex -8.01643431389518 14.313585389802961 -9.129568361711701
    endloop
  endfacet
  facet normal 1.6429987355028257e-17 0.8386705679454243 -0.5446390350150266
    outer loop
      vertex 9.320243317017024 13.753288904374106 -9.992349288972044
      vertex -9.3 14 -9.61244751663342
      vertex -9.309312777873936 14.177698387555012 -9.338815995511112
    endloop
  endfacet
  facet normal 1.8457585085834826e-17 0.8386705679454243 -0.5446390350150266
    outer loop
      vertex 9.320243317017024 13.753288904374106 -9.992349288972044
      vertex -9.309312777873936 13.822301612444988 -9.886079037755728
      vertex -9.3 14 -9.61244751663342
    endloop
  endfacet
  facet normal 0 0.8386705679454228 -0.5446390350150289
    outer loop
      vertex -9.320243317017024 13.753288904374106 -9.992349288972044
      vertex -9.309312777873936 13.822301612444988 -9.886079037755728
      vertex 9.320243317017024 13.753288904374106 -9.992349288972044
    endloop
  endfacet
  facet normal 0 0.7771459614570114 -0.6293203910497874
    outer loop
      vertex -9.320243317017024 13.753288904374106 -9.992349288972044
      vertex 9.320243317017024 13.753288904374106 -9.992349288972044
      vertex -9.321224575721715 13.747093480741079 -10
    endloop
  endfacet
  facet normal -4.229085660540708e-16 0.7771459614569676 -0.6293203910498416
    outer loop
      vertex 15 12.633462033115702 -11.375220308100591
      vertex -12.678775424278285 13.747093480741077 -10
      vertex -9.321224575721715 13.747093480741079 -10
    endloop
  endfacet
  facet normal 0 0.6293203910498371 -0.7771459614569711
    outer loop
      vertex -15 11.375220308100591 -12.633462033115702
      vertex 15 11.375220308100591 -12.633462033115702
      vertex -15 9.992349288972044 -13.753288904374106
    endloop
  endfacet
  facet normal 0 0.5446390350150271 -0.838670567945424
    outer loop
      vertex -15 9.992349288972044 -13.753288904374106
      vertex 15 9.992349288972044 -13.753288904374106
      vertex -15 8.5 -14.722431864335457
    endloop
  endfacet
  facet normal 0 0.45399049973954636 -0.891006524188368
    outer loop
      vertex -15 8.5 -14.722431864335457
      vertex 15 8.5 -14.722431864335457
      vertex -15 6.9145229322886035 -15.530272779924214
    endloop
  endfacet
  facet normal 0 0.3583679495452995 -0.933580426497202
    outer loop
      vertex -15 6.9145229322886035 -15.530272779924214
      vertex 15 6.9145229322886035 -15.530272779924214
      vertex -15 5.253288904374106 -16.16796077701761
    endloop
  endfacet
  facet normal 0 0.2588190451025225 -0.9659258262890679
    outer loop
      vertex -15 5.253288904374106 -16.16796077701761
      vertex 15 5.253288904374106 -16.16796077701761
      vertex -15 3.5344987439019087 -16.628509212474697
    endloop
  endfacet
  facet normal 0 0.1564344650402296 -0.9876883405951379
    outer loop
      vertex -15 3.5344987439019087 -16.628509212474697
      vertex 15 3.5344987439019087 -16.628509212474697
      vertex -15 1.776983875550109 -16.906872221260645
    endloop
  endfacet
  facet normal 0 0.05233595624294465 -0.9986295347545738
    outer loop
      vertex -15 1.776983875550109 -16.906872221260645
      vertex 15 1.776983875550109 -16.906872221260645
      vertex -15 0 -17
    endloop
  endfacet
  facet normal -1 0 0
    outer loop
      vertex -15 -13.753288904374106 -9.992349288972044
      vertex -15 -13 0
      vertex -15 -12.928784639787553 -1.3588700224794952
    endloop
  endfacet
  facet normal -1 0 0
    outer loop
      vertex -15 -16.906872221260645 -1.776983875550109
      vertex -15 -17 0
      vertex -15 -13 0
    endloop
  endfacet
  facet normal -1 0 0
    outer loop
      vertex -15 -16.906872221260645 -1.776983875550109
      vertex -15 -13 0
      vertex -15 -16.628509212474697 -3.5344987439019087
    endloop
  endfacet
  facet normal -1 0 0
    outer loop
      vertex -15 -16.628509212474697 -3.5344987439019087
      vertex -15 -13 0
      vertex -15 -16.369803930611976 -4.5
    endloop
  endfacet
  facet normal -1 0 0
    outer loop
      vertex -15 -16.369803930611976 -4.5
      vertex -15 -13 0
      vertex -15 -16.16796077701761 -5.253288904374106
    endloop
  endfacet
  facet normal -1 0 0
    outer loop
      vertex -15 -16.16796077701761 -5.253288904374106
      vertex -15 -13 0
      vertex -15 -15.530272779924214 -6.9145229322886035
    endloop
  endfacet
  facet normal -1 0 0
    outer loop
      vertex -15 -13.753288904374106 -9.992349288972044
      vertex -15 -12.928784639787553 -1.3588700224794952
      vertex -15 -12.715918809539474 -2.7028519806308715
    endloop
  endfacet
  facet normal -1 0 0
    outer loop
      vertex -15 -13.753288904374106 -9.992349288972044
      vertex -15 -12.715918809539474 -2.7028519806308715
      vertex -15 -12.363734711836996 -4.017220926874316
    endloop
  endfacet
  facet normal -1 0 0
    outer loop
      vertex -15 -13.753288904374106 -9.992349288972044
      vertex -15 -14.722431864335457 -8.5
      vertex -15 -13 0
    endloop
  endfacet
  facet normal -1 0 0
    outer loop
      vertex -15 -12.633462033115702 -11.375220308100591
      vertex -15 -12.363734711836996 -4.017220926874316
      vertex -15 -11.876090949353811 -5.287576359985403
    endloop
  endfacet
  facet normal -1 0 0
    outer loop
      vertex -15 -12.633462033115702 -11.375220308100591
      vertex -15 -11.876090949353811 -5.287576359985403
      vertex -15 -11.258330249197702 -6.5
    endloop
  endfacet
  facet normal -1 0 0
    outer loop
      vertex -15 -13.753288904374106 -9.992349288972044
      vertex -15 -12.363734711836996 -4.017220926874316
      vertex -15 -12.633462033115702 -11.375220308100591
    endloop
  endfacet
  facet normal -1 0 0
    outer loop
      vertex -15 -15.530272779924214 -6.9145229322886035
      vertex -15 -13 0
      vertex -15 -14.722431864335457 -8.5
    endloop
  endfacet
  facet normal -8.741515183871108e-18 -0.965925826289068 -0.2588190451025217
    outer loop
      vertex -15 -16.369803930611976 -4.5
      vertex -15 -16.16796077701761 -5.253288904374106
      vertex -13.068865518491148 -16.16796077701761 -5.253288904374106
    endloop
  endfacet
  facet normal 0 -0.9659258262890682 -0.2588190451025213
    outer loop
      vertex -15 -16.369803930611976 -4.5
      vertex -13.007391819076574 -16.229434476432182 -5.0238659348297015
      vertex -12.834049979245572 -16.369803930611976 -4.5
    endloop
  endfacet
  facet normal -3.786082947827853e-16 -0.9659258262890678 -0.2588190451025227
    outer loop
      vertex -15 -16.369803930611976 -4.5
      vertex -13.068865518491148 -16.16796077701761 -5.253288904374106
      vertex -13.007391819076574 -16.229434476432182 -5.0238659348297015
    endloop
  endfacet
  facet normal 1.6558058598267924e-16 -0.9335804264972021 -0.35836794954529955
    outer loop
      vertex -15 -16.16796077701761 -5.253288904374106
      vertex -15 -15.530272779924214 -6.9145229322886035
      vertex -13.427050983124843 -15.76335575687742 -6.307321017861527
    endloop
  endfacet
  facet normal -2.1353414513209045e-16 -0.9335804264972019 -0.3583679495453001
    outer loop
      vertex -15 -16.16796077701761 -5.253288904374106
      vertex -13.427050983124843 -15.76335575687742 -6.307321017861527
      vertex -13.229434476432182 -16.007391819076574 -5.671585340835575
    endloop
  endfacet
  facet normal 0 -0.9335804264972021 -0.35836794954529927
    outer loop
      vertex -15 -16.16796077701761 -5.253288904374106
      vertex -13.229434476432182 -16.007391819076574 -5.671585340835575
      vertex -13.068865518491148 -16.16796077701761 -5.253288904374106
    endloop
  endfacet
  facet normal -7.934257025936437e-17 -0.8910065241883681 -0.45399049973954636
    outer loop
      vertex -15 -15.530272779924214 -6.9145229322886035
      vertex -13.740636372927803 -15.220209929227401 -7.523055540433044
      vertex -13.598076211353316 -15.5 -6.973936608198712
    endloop
  endfacet
  facet normal 0 -0.9335804264972022 -0.3583679495452992
    outer loop
      vertex -15 -15.530272779924214 -6.9145229322886035
      vertex -13.578416838203335 -15.530272779924214 -6.9145229322886035
      vertex -13.427050983124843 -15.76335575687742 -6.307321017861527
    endloop
  endfacet
  facet normal 0 -0.8910065241883689 -0.4539904997395448
    outer loop
      vertex -15 -15.530272779924214 -6.9145229322886035
      vertex -13.598076211353316 -15.5 -6.973936608198712
      vertex -13.578416838203335 -15.530272779924214 -6.9145229322886035
    endloop
  endfacet
  facet normal -2.152842685684633e-16 -0.891006524188368 -0.4539904997395464
    outer loop
      vertex -15 -15.530272779924214 -6.9145229322886035
      vertex -15 -14.722431864335457 -8.5
      vertex -13.853169548885461 -14.927050983124841 -8.098412367836747
    endloop
  endfacet
  facet normal -5.0771891943475846e-17 -0.8910065241883682 -0.4539904997395462
    outer loop
      vertex -15 -15.530272779924214 -6.9145229322886035
      vertex -13.853169548885461 -14.927050983124841 -8.098412367836747
      vertex -13.740636372927803 -15.220209929227401 -7.523055540433044
    endloop
  endfacet
  facet normal 0 -0.8910065241883678 -0.4539904997395469
    outer loop
      vertex -15 -14.722431864335457 -8.5
      vertex -13.907997076521045 -14.722431864335457 -8.5
      vertex -13.853169548885461 -14.927050983124841 -8.098412367836747
    endloop
  endfacet
  facet normal -7.668881569479717e-17 -0.9659258262890678 -0.25881904510252257
    outer loop
      vertex -8.992608180923426 -16.229434476432182 -5.023865934829699
      vertex 8.992608180923426 -16.229434476432182 -5.023865934829704
      vertex -9.165950020754428 -16.369803930611976 -4.5
    endloop
  endfacet
  facet normal -7.651887233705262e-17 -0.9659258262890685 -0.2588190451025199
    outer loop
      vertex -8.931134481508852 -16.16796077701761 -5.253288904374106
      vertex 8.992608180923426 -16.229434476432182 -5.023865934829704
      vertex -8.992608180923426 -16.229434476432182 -5.023865934829699
    endloop
  endfacet
  facet normal 0 -0.9335804264972022 -0.3583679495452992
    outer loop
      vertex -8.931134481508852 -16.16796077701761 -5.253288904374106
      vertex -8.770565523567818 -16.007391819076574 -5.671585340835575
      vertex 8.931134481508852 -16.16796077701761 -5.253288904374106
    endloop
  endfacet
  facet normal 1.19904278010929e-17 -0.9335804264972021 -0.3583679495452997
    outer loop
      vertex 8.931134481508852 -16.16796077701761 -5.253288904374106
      vertex -8.770565523567818 -16.007391819076574 -5.671585340835575
      vertex -8.572949016875157 -15.76335575687742 -6.307321017861528
    endloop
  endfacet
  facet normal 1.0096525899293182e-17 -0.9335804264972021 -0.35836794954529966
    outer loop
      vertex -8.421583161796665 -15.530272779924214 -6.9145229322886035
      vertex 8.931134481508852 -16.16796077701761 -5.253288904374106
      vertex -8.572949016875157 -15.76335575687742 -6.307321017861528
    endloop
  endfacet
  facet normal 9.415557013934672e-18 -0.8910065241883677 -0.4539904997395469
    outer loop
      vertex 8.421583161796665 -15.530272779924214 -6.9145229322886035
      vertex -8.401923788646684 -15.5 -6.973936608198712
      vertex -8.259363627072197 -15.220209929227401 -7.5230555404330435
    endloop
  endfacet
  facet normal 0 -0.8910065241883688 -0.45399049973954475
    outer loop
      vertex -8.421583161796665 -15.530272779924214 -6.9145229322886035
      vertex -8.401923788646684 -15.5 -6.973936608198712
      vertex 8.421583161796665 -15.530272779924214 -6.9145229322886035
    endloop
  endfacet
  facet normal -9.454478410800808e-17 -0.8910065241883689 -0.45399049973954464
    outer loop
      vertex -8.146830451114539 -14.927050983124841 -8.09841236783675
      vertex 8.401923788646684 -15.5 -6.973936608198712
      vertex -8.259363627072197 -15.220209929227401 -7.5230555404330435
    endloop
  endfacet
  facet normal 2.34919671950673e-16 -0.8910065241883669 -0.45399049973954847
    outer loop
      vertex -8.092002923478955 -14.722431864335457 -8.5
      vertex 8.401923788646684 -15.5 -6.973936608198712
      vertex -8.146830451114539 -14.927050983124841 -8.09841236783675
    endloop
  endfacet
  facet normal -1 0 0
    outer loop
      vertex -15 -9.992349288972044 -13.753288904374106
      vertex -15 -9.660882731206126 -8.698697882665158
      vertex -15 -8.698697882665158 -9.660882731206126
    endloop
  endfacet
  facet normal -1 0 0
    outer loop
      vertex -15 -9.992349288972044 -13.753288904374106
      vertex -15 -8.698697882665158 -9.660882731206126
      vertex -15 -7.641208279802151 -10.517220926874316
    endloop
  endfacet
  facet normal -1 0 0
    outer loop
      vertex -15 -8.5 -14.722431864335457
      vertex -15 -7.641208279802151 -10.517220926874316
      vertex -15 -6.5 -11.258330249197702
    endloop
  endfacet
  facet normal -1 0 0
    outer loop
      vertex -15 -1.776983875550109 -16.906872221260645
      vertex -15 -1.3588700224794952 -12.928784639787553
      vertex -15 0 -13
    endloop
  endfacet
  facet normal -1 0 0
    outer loop
      vertex -15 -5.253288904374106 -16.16796077701761
      vertex -15 -4.017220926874316 -12.363734711836996
      vertex -15 -2.7028519806308715 -12.715918809539474
    endloop
  endfacet
  facet normal -1 0 0
    outer loop
      vertex -15 -3.5344987439019087 -16.628509212474697
      vertex -15 -2.7028519806308715 -12.715918809539474
      vertex -15 -1.3588700224794952 -12.928784639787553
    endloop
  endfacet
  facet normal -1 0 0
    outer loop
      vertex -15 0 -17
      vertex -15 -1.776983875550109 -16.906872221260645
      vertex -15 0 -13
    endloop
  endfacet
  facet normal -1 0 0
    outer loop
      vertex -15 -1.776983875550109 -16.906872221260645
      vertex -15 -3.5344987439019087 -16.628509212474697
      vertex -15 -1.3588700224794952 -12.928784639787553
    endloop
  endfacet
  facet normal -1 0 0
    outer loop
      vertex -15 -3.5344987439019087 -16.628509212474697
      vertex -15 -5.253288904374106 -16.16796077701761
      vertex -15 -2.7028519806308715 -12.715918809539474
    endloop
  endfacet
  facet normal -1 0 0
    outer loop
      vertex -15 -6.9145229322886035 -15.530272779924214
      vertex -15 -5.287576359985403 -11.876090949353811
      vertex -15 -4.017220926874316 -12.363734711836996
    endloop
  endfacet
  facet normal -1 0 0
    outer loop
      vertex -15 -6.9145229322886035 -15.530272779924214
      vertex -15 -6.5 -11.258330249197702
      vertex -15 -5.287576359985403 -11.876090949353811
    endloop
  endfacet
  facet normal -1 0 0
    outer loop
      vertex -15 -5.253288904374106 -16.16796077701761
      vertex -15 -6.9145229322886035 -15.530272779924214
      vertex -15 -4.017220926874316 -12.363734711836996
    endloop
  endfacet
  facet normal -1 0 0
    outer loop
      vertex -15 -8.5 -14.722431864335457
      vertex -15 -9.992349288972044 -13.753288904374106
      vertex -15 -7.641208279802151 -10.517220926874316
    endloop
  endfacet
  facet normal -1 0 0
    outer loop
      vertex -15 -6.9145229322886035 -15.530272779924214
      vertex -15 -8.5 -14.722431864335457
      vertex -15 -6.5 -11.258330249197702
    endloop
  endfacet
  facet normal -1 0 0
    outer loop
      vertex -15 -11.375220308100591 -12.633462033115702
      vertex -15 -11.258330249197702 -6.5
      vertex -15 -10.517220926874316 -7.641208279802151
    endloop
  endfacet
  facet normal -1 0 0
    outer loop
      vertex -15 -11.375220308100591 -12.633462033115702
      vertex -15 -10.517220926874316 -7.641208279802151
      vertex -15 -9.660882731206126 -8.698697882665158
    endloop
  endfacet
  facet normal -1 0 0
    outer loop
      vertex -15 -11.375220308100591 -12.633462033115702
      vertex -15 -12.633462033115702 -11.375220308100591
      vertex -15 -11.258330249197702 -6.5
    endloop
  endfacet
  facet normal -1.4661258580228144e-15 -0.8386705679454246 -0.5446390350150263
    outer loop
      vertex -15 -13.753288904374106 -9.992349288972044
      vertex -13.985962757173189 -14.2678465490972 -9.2
      vertex -13.98356568610482 -14.313585389802961 -9.129568361711701
    endloop
  endfacet
  facet normal -7.601055769578084e-16 -0.8386705679454227 -0.5446390350150291
    outer loop
      vertex -13.985962757173189 -14.2678465490972 -9.2
      vertex -12.7 -14 -9.61244751663342
      vertex -12.690687222126064 -14.177698387555012 -9.338815995511114
    endloop
  endfacet
  facet normal 0 -0.7771459614569711 -0.6293203910498371
    outer loop
      vertex -15 -13.753288904374106 -9.992349288972044
      vertex -15 -12.633462033115702 -11.375220308100591
      vertex -12.679756682982976 -13.753288904374106 -9.992349288972044
    endloop
  endfacet
  facet normal 2.4873337489916165e-17 -0.8386705679454238 -0.5446390350150273
    outer loop
      vertex -15 -13.753288904374106 -9.992349288972044
      vertex -12.7 -14 -9.61244751663342
      vertex -13.985962757173189 -14.2678465490972 -9.2
    endloop
  endfacet
  facet normal 0 -0.8386705679454228 -0.5446390350150289
    outer loop
      vertex -15 -13.753288904374106 -9.992349288972044
      vertex -12.679756682982976 -13.753288904374106 -9.992349288972044
      vertex -12.690687222126064 -13.822301612444988 -9.886079037755728
    endloop
  endfacet
  facet normal -1.4869599881272552e-16 -0.8386705679454243 -0.5446390350150265
    outer loop
      vertex -15 -13.753288904374106 -9.992349288972044
      vertex -12.690687222126064 -13.822301612444988 -9.886079037755728
      vertex -12.7 -14 -9.61244751663342
    endloop
  endfacet
  facet normal -4.190543134755438e-14 -0.7771459614570111 -0.6293203910497877
    outer loop
      vertex -15 -12.633462033115702 -11.375220308100591
      vertex -12.678775424278285 -13.747093480741079 -10
      vertex -12.679756682982976 -13.753288904374106 -9.992349288972044
    endloop
  endfacet
  facet normal -8.983418348821519e-19 -0.838670567945426 -0.5446390350150241
    outer loop
      vertex -12.690687222126064 -14.177698387555012 -9.338815995511114
      vertex -12.67640915601392 -14.2678465490972 -9.2
      vertex -13.985962757173189 -14.2678465490972 -9.2
    endloop
  endfacet
  facet normal 1.1749180503782773e-17 -0.7771459614569709 -0.6293203910498374
    outer loop
      vertex -15 -12.633462033115702 -11.375220308100591
      vertex -9.321224575721715 -13.747093480741079 -10
      vertex -12.678775424278285 -13.747093480741079 -10
    endloop
  endfacet
  facet normal -1 0 0
    outer loop
      vertex -15 -11.375220308100591 -12.633462033115702
      vertex -15 -9.660882731206126 -8.698697882665158
      vertex -15 -9.992349288972044 -13.753288904374106
    endloop
  endfacet
  facet normal -9.293746804443444e-17 -0.8386705679454242 -0.5446390350150271
    outer loop
      vertex -15 -14.722431864335457 -8.5
      vertex -13.98356568610482 -14.313585389802961 -9.129568361711701
      vertex -13.934442802201417 -14.623735072453279 -8.651979731860266
    endloop
  endfacet
  facet normal 0 -0.8386705679454245 -0.5446390350150265
    outer loop
      vertex -15 -14.722431864335457 -8.5
      vertex -13.934442802201417 -14.623735072453279 -8.651979731860266
      vertex -13.907997076521045 -14.722431864335457 -8.5
    endloop
  endfacet
  facet normal -1.7211882417184097e-16 -0.838670567945424 -0.5446390350150271
    outer loop
      vertex -15 -13.753288904374106 -9.992349288972044
      vertex -13.98356568610482 -14.313585389802961 -9.129568361711701
      vertex -15 -14.722431864335457 -8.5
    endloop
  endfacet
  facet normal 1.5963674241427166e-18 -0.8386705679454227 -0.544639035015029
    outer loop
      vertex -9.309312777873936 -14.177698387555012 -9.338815995511112
      vertex -8.014037242826811 -14.2678465490972 -9.2
      vertex -9.32359084398608 -14.2678465490972 -9.2
    endloop
  endfacet
  facet normal 0 -0.05233595624294465 -0.9986295347545738
    outer loop
      vertex -15 0 -17
      vertex 15 0 -17
      vertex -15 -1.776983875550109 -16.906872221260645
    endloop
  endfacet
  facet normal 0 -0.1564344650402296 -0.9876883405951379
    outer loop
      vertex -15 -1.776983875550109 -16.906872221260645
      vertex 15 -1.776983875550109 -16.906872221260645
      vertex -15 -3.5344987439019087 -16.628509212474697
    endloop
  endfacet
  facet normal 0 -0.2588190451025225 -0.9659258262890679
    outer loop
      vertex -15 -3.5344987439019087 -16.628509212474697
      vertex 15 -3.5344987439019087 -16.628509212474697
      vertex -15 -5.253288904374106 -16.16796077701761
    endloop
  endfacet
  facet normal 0 -0.5446390350150271 -0.838670567945424
    outer loop
      vertex -15 -8.5 -14.722431864335457
      vertex 15 -8.5 -14.722431864335457
      vertex -15 -9.992349288972044 -13.753288904374106
    endloop
  endfacet
  facet normal 0 -0.3583679495452995 -0.933580426497202
    outer loop
      vertex -15 -5.253288904374106 -16.16796077701761
      vertex 15 -5.253288904374106 -16.16796077701761
      vertex -15 -6.9145229322886035 -15.530272779924214
    endloop
  endfacet
  facet normal 0 -0.45399049973954636 -0.891006524188368
    outer loop
      vertex -15 -6.9145229322886035 -15.530272779924214
      vertex 15 -6.9145229322886035 -15.530272779924214
      vertex -15 -8.5 -14.722431864335457
    endloop
  endfacet
  facet normal 2.11605624614327e-18 -0.777145961456971 -0.6293203910498373
    outer loop
      vertex -15 -12.633462033115702 -11.375220308100591
      vertex 9.321224575721715 -13.747093480741079 -10
      vertex -9.321224575721715 -13.747093480741079 -10
    endloop
  endfacet
  facet normal -1.4331889239203913e-18 -0.7071067811865475 -0.7071067811865475
    outer loop
      vertex -15 -11.375220308100591 -12.633462033115702
      vertex 15 -12.633462033115702 -11.375220308100591
      vertex -15 -12.633462033115702 -11.375220308100591
    endloop
  endfacet
  facet normal -4.0183969753052715e-17 -0.8386705679454243 -0.5446390350150265
    outer loop
      vertex -9.309312777873936 -13.822301612444988 -9.886079037755728
      vertex 8.065557197798583 -14.623735072453279 -8.651979731860266
      vertex -9.3 -14 -9.61244751663342
    endloop
  endfacet
  facet normal 1.0079575947217738e-16 -0.8386705679454229 -0.544639035015029
    outer loop
      vertex -9.309312777873936 -13.822301612444988 -9.886079037755728
      vertex -9.320243317017024 -13.753288904374106 -9.992349288972044
      vertex 8.014037242826811 -14.2678465490972 -9.2
    endloop
  endfacet
  facet normal 1.1803259300608552e-20 -0.7771459614570114 -0.6293203910497874
    outer loop
      vertex -9.320243317017024 -13.753288904374106 -9.992349288972044
      vertex -9.321224575721715 -13.747093480741079 -10
      vertex 9.321224575721715 -13.747093480741079 -10
    endloop
  endfacet
  facet normal -3.9052436408559963e-17 -0.8386705679454243 -0.5446390350150266
    outer loop
      vertex 8.065557197798583 -14.623735072453279 -8.651979731860266
      vertex -9.309312777873936 -14.177698387555012 -9.338815995511112
      vertex -9.3 -14 -9.61244751663342
    endloop
  endfacet
  facet normal 1.5217055046786785e-16 -0.8386705679454224 -0.5446390350150296
    outer loop
      vertex 8.065557197798583 -14.623735072453279 -8.651979731860266
      vertex -8.014037242826811 -14.2678465490972 -9.2
      vertex -9.309312777873936 -14.177698387555012 -9.338815995511112
    endloop
  endfacet
  facet normal 0 -0.8386705679454244 -0.5446390350150265
    outer loop
      vertex -8.092002923478955 -14.722431864335457 -8.5
      vertex -8.065557197798583 -14.623735072453279 -8.651979731860266
      vertex 8.092002923478955 -14.722431864335457 -8.5
    endloop
  endfacet
  facet normal -8.637335116064402e-19 -0.838670567945424 -0.544639035015027
    outer loop
      vertex -8.01643431389518 -14.313585389802961 -9.129568361711701
      vertex 8.065557197798583 -14.623735072453279 -8.651979731860266
      vertex -8.065557197798583 -14.623735072453279 -8.651979731860266
    endloop
  endfacet
  facet normal -2.7682768293732795e-17 -0.8386705679454249 -0.5446390350150259
    outer loop
      vertex 8.065557197798583 -14.623735072453279 -8.651979731860266
      vertex -8.01643431389518 -14.313585389802961 -9.129568361711701
      vertex -8.014037242826811 -14.2678465490972 -9.2
    endloop
  endfacet
  facet normal 1.2106695371247251e-18 -0.6293203910498371 -0.7771459614569711
    outer loop
      vertex -15 -11.375220308100591 -12.633462033115702
      vertex -15 -9.992349288972044 -13.753288904374106
      vertex 15 -9.992349288972044 -13.753288904374106
    endloop
  endfacet
  facet normal 7.693775206786599e-17 0.9659258262890679 -0.25881904510252257
    outer loop
      vertex 9.165950020754428 16.369803930611976 -4.5
      vertex 8.992608180923426 16.229434476432182 -5.023865934829699
      vertex -8.992608180923426 16.229434476432182 -5.023865934829704
    endloop
  endfacet
  facet normal 7.668881569479638e-17 0.9659258262890685 -0.2588190451025199
    outer loop
      vertex -8.992608180923426 16.229434476432182 -5.023865934829704
      vertex 8.992608180923426 16.229434476432182 -5.023865934829699
      vertex 8.931134481508852 16.16796077701761 -5.253288904374106
    endloop
  endfacet
  facet normal -1.19904278010929e-17 0.9335804264972021 -0.3583679495452997
    outer loop
      vertex -8.931134481508852 16.16796077701761 -5.253288904374106
      vertex 8.770565523567818 16.007391819076574 -5.671585340835575
      vertex 8.572949016875157 15.76335575687742 -6.307321017861528
    endloop
  endfacet
  facet normal -1.0394813888298714e-17 0.9335804264972019 -0.3583679495452997
    outer loop
      vertex -8.931134481508852 16.16796077701761 -5.253288904374106
      vertex 8.572949016875157 15.76335575687742 -6.307321017861528
      vertex 8.421583161796665 15.530272779924214 -6.9145229322886035
    endloop
  endfacet
  facet normal 0 0.9335804264972022 -0.3583679495452992
    outer loop
      vertex -8.931134481508852 16.16796077701761 -5.253288904374106
      vertex 8.931134481508852 16.16796077701761 -5.253288904374106
      vertex 8.770565523567818 16.007391819076574 -5.671585340835575
    endloop
  endfacet
  facet normal 0 0.8910065241883688 -0.45399049973954475
    outer loop
      vertex -8.421583161796665 15.530272779924214 -6.9145229322886035
      vertex 8.421583161796665 15.530272779924214 -6.9145229322886035
      vertex 8.401923788646684 15.5 -6.973936608198712
    endloop
  endfacet
  facet normal -9.415557013934672e-18 0.8910065241883677 -0.4539904997395469
    outer loop
      vertex -8.421583161796665 15.530272779924214 -6.9145229322886035
      vertex 8.401923788646684 15.5 -6.973936608198712
      vertex 8.259363627072197 15.220209929227401 -7.5230555404330435
    endloop
  endfacet
  facet normal 9.669333919775241e-17 0.8910065241883689 -0.4539904997395446
    outer loop
      vertex -8.401923788646684 15.5 -6.973936608198712
      vertex 8.259363627072197 15.220209929227401 -7.5230555404330435
      vertex 8.146830451114539 14.927050983124841 -8.09841236783675
    endloop
  endfacet
  facet normal -2.3278936610008034e-16 0.891006524188367 -0.4539904997395484
    outer loop
      vertex -8.401923788646684 15.5 -6.973936608198712
      vertex 8.146830451114539 14.927050983124841 -8.09841236783675
      vertex 8.092002923478955 14.722431864335457 -8.5
    endloop
  endfacet
  facet normal 1 0 0
    outer loop
      vertex 15 16.906872221260645 -1.776983875550109
      vertex 15 17 0
      vertex 15 13 0
    endloop
  endfacet
  facet normal 1 0 0
    outer loop
      vertex 15 16.906872221260645 -1.776983875550109
      vertex 15 13 0
      vertex 15 16.628509212474697 -3.5344987439019087
    endloop
  endfacet
  facet normal 1 0 0
    outer loop
      vertex 15 16.628509212474697 -3.5344987439019087
      vertex 15 13 0
      vertex 15 16.369803930611976 -4.5
    endloop
  endfacet
  facet normal 1 0 0
    outer loop
      vertex 15 16.369803930611976 -4.5
      vertex 15 13 0
      vertex 15 16.16796077701761 -5.253288904374106
    endloop
  endfacet
  facet normal 1 0 0
    outer loop
      vertex 15 16.16796077701761 -5.253288904374106
      vertex 15 13 0
      vertex 15 15.530272779924214 -6.9145229322886035
    endloop
  endfacet
  facet normal 1 0 0
    outer loop
      vertex 15 13.753288904374106 -9.992349288972044
      vertex 15 13 0
      vertex 15 12.928784639787553 -1.3588700224794952
    endloop
  endfacet
  facet normal 0 0.9659258262890682 -0.2588190451025213
    outer loop
      vertex 15 16.369803930611976 -4.5
      vertex 13.007391819076574 16.229434476432182 -5.0238659348297015
      vertex 12.834049979245572 16.369803930611976 -4.5
    endloop
  endfacet
  facet normal 3.786082947827853e-16 0.9659258262890678 -0.2588190451025227
    outer loop
      vertex 15 16.369803930611976 -4.5
      vertex 13.068865518491148 16.16796077701761 -5.253288904374106
      vertex 13.007391819076574 16.229434476432182 -5.0238659348297015
    endloop
  endfacet
  facet normal 8.741515183871108e-18 0.965925826289068 -0.2588190451025217
    outer loop
      vertex 15 16.369803930611976 -4.5
      vertex 15 16.16796077701761 -5.253288904374106
      vertex 13.068865518491148 16.16796077701761 -5.253288904374106
    endloop
  endfacet
  facet normal 1 0 0
    outer loop
      vertex 15 15.530272779924214 -6.9145229322886035
      vertex 15 13 0
      vertex 15 14.722431864335457 -8.5
    endloop
  endfacet
  facet normal 0 0.9335804264972021 -0.35836794954529927
    outer loop
      vertex 15 16.16796077701761 -5.253288904374106
      vertex 13.229434476432182 16.007391819076574 -5.671585340835575
      vertex 13.068865518491148 16.16796077701761 -5.253288904374106
    endloop
  endfacet
  facet normal 2.1353414513209045e-16 0.9335804264972019 -0.3583679495453001
    outer loop
      vertex 15 16.16796077701761 -5.253288904374106
      vertex 13.427050983124843 15.76335575687742 -6.307321017861527
      vertex 13.229434476432182 16.007391819076574 -5.671585340835575
    endloop
  endfacet
  facet normal -1.6558058598267924e-16 0.9335804264972021 -0.35836794954529955
    outer loop
      vertex 15 16.16796077701761 -5.253288904374106
      vertex 15 15.530272779924214 -6.9145229322886035
      vertex 13.427050983124843 15.76335575687742 -6.307321017861527
    endloop
  endfacet
  facet normal 0 0.9335804264972022 -0.3583679495452992
    outer loop
      vertex 15 15.530272779924214 -6.9145229322886035
      vertex 13.578416838203335 15.530272779924214 -6.9145229322886035
      vertex 13.427050983124843 15.76335575687742 -6.307321017861527
    endloop
  endfacet
  facet normal 0 0.8910065241883689 -0.4539904997395448
    outer loop
      vertex 15 15.530272779924214 -6.9145229322886035
      vertex 13.598076211353316 15.5 -6.973936608198712
      vertex 13.578416838203335 15.530272779924214 -6.9145229322886035
    endloop
  endfacet
  facet normal 7.934257025936437e-17 0.8910065241883681 -0.45399049973954636
    outer loop
      vertex 15 15.530272779924214 -6.9145229322886035
      vertex 13.740636372927803 15.220209929227401 -7.523055540433044
      vertex 13.598076211353316 15.5 -6.973936608198712
    endloop
  endfacet
  facet normal 5.0771891943475846e-17 0.8910065241883682 -0.4539904997395462
    outer loop
      vertex 15 15.530272779924214 -6.9145229322886035
      vertex 13.853169548885461 14.927050983124841 -8.098412367836747
      vertex 13.740636372927803 15.220209929227401 -7.523055540433044
    endloop
  endfacet
  facet normal 2.152842685684633e-16 0.891006524188368 -0.4539904997395464
    outer loop
      vertex 15 15.530272779924214 -6.9145229322886035
      vertex 15 14.722431864335457 -8.5
      vertex 13.853169548885461 14.927050983124841 -8.098412367836747
    endloop
  endfacet
  facet normal 0 0.8910065241883678 -0.4539904997395469
    outer loop
      vertex 15 14.722431864335457 -8.5
      vertex 13.907997076521045 14.722431864335457 -8.5
      vertex 13.853169548885461 14.927050983124841 -8.098412367836747
    endloop
  endfacet
  facet normal 1 0 0
    outer loop
      vertex 15 13.753288904374106 -9.992349288972044
      vertex 15 12.928784639787553 -1.3588700224794952
      vertex 15 12.715918809539474 -2.7028519806308715
    endloop
  endfacet
  facet normal 1 0 0
    outer loop
      vertex 15 14.722431864335457 -8.5
      vertex 15 13 0
      vertex 15 13.753288904374106 -9.992349288972044
    endloop
  endfacet
  facet normal 1 0 0
    outer loop
      vertex 15 13.753288904374106 -9.992349288972044
      vertex 15 12.715918809539474 -2.7028519806308715
      vertex 15 12.363734711836996 -4.017220926874316
    endloop
  endfacet
  facet normal 1 0 0
    outer loop
      vertex 15 12.633462033115702 -11.375220308100591
      vertex 15 12.363734711836996 -4.017220926874316
      vertex 15 11.876090949353811 -5.287576359985403
    endloop
  endfacet
  facet normal 1 0 0
    outer loop
      vertex 15 12.633462033115702 -11.375220308100591
      vertex 15 11.876090949353811 -5.287576359985403
      vertex 15 11.258330249197702 -6.5
    endloop
  endfacet
  facet normal 1 0 0
    outer loop
      vertex 15 13.753288904374106 -9.992349288972044
      vertex 15 12.363734711836996 -4.017220926874316
      vertex 15 12.633462033115702 -11.375220308100591
    endloop
  endfacet
  facet normal 0 0.8386705679454244 -0.5446390350150265
    outer loop
      vertex -8.092002923478955 14.722431864335457 -8.5
      vertex 8.092002923478955 14.722431864335457 -8.5
      vertex 8.065557197798583 14.623735072453279 -8.651979731860266
    endloop
  endfacet
  facet normal 0 0.8386705679454242 -0.5446390350150271
    outer loop
      vertex -8.065557197798583 14.623735072453279 -8.651979731860266
      vertex 8.065557197798583 14.623735072453279 -8.651979731860266
      vertex 8.01643431389518 14.313585389802961 -9.129568361711701
    endloop
  endfacet
  facet normal 2.7682768293732795e-17 0.8386705679454249 -0.5446390350150259
    outer loop
      vertex -8.065557197798583 14.623735072453279 -8.651979731860266
      vertex 8.01643431389518 14.313585389802961 -9.129568361711701
      vertex 8.014037242826811 14.2678465490972 -9.2
    endloop
  endfacet
  facet normal -1.5217055046786785e-16 0.8386705679454224 -0.5446390350150296
    outer loop
      vertex -8.065557197798583 14.623735072453279 -8.651979731860266
      vertex 8.014037242826811 14.2678465490972 -9.2
      vertex 9.309312777873936 14.177698387555012 -9.338815995511112
    endloop
  endfacet
  facet normal 3.9052436408559963e-17 0.8386705679454243 -0.5446390350150266
    outer loop
      vertex -8.065557197798583 14.623735072453279 -8.651979731860266
      vertex 9.309312777873936 14.177698387555012 -9.338815995511112
      vertex 9.3 14 -9.61244751663342
    endloop
  endfacet
  facet normal 3.6764874210671943e-17 0.8386705679454244 -0.5446390350150265
    outer loop
      vertex -8.065557197798583 14.623735072453279 -8.651979731860266
      vertex 9.3 14 -9.61244751663342
      vertex 9.309312777873936 13.822301612444988 -9.886079037755728
    endloop
  endfacet
  facet normal -1.1803259300608552e-20 0.7771459614570114 -0.6293203910497874
    outer loop
      vertex 9.320243317017024 13.753288904374106 -9.992349288972044
      vertex 9.321224575721715 13.747093480741079 -10
      vertex -9.321224575721715 13.747093480741079 -10
    endloop
  endfacet
  facet normal -1.0140654218430909e-16 0.8386705679454228 -0.5446390350150289
    outer loop
      vertex 9.320243317017024 13.753288904374106 -9.992349288972044
      vertex -8.014037242826811 14.2678465490972 -9.2
      vertex 9.309312777873936 13.822301612444988 -9.886079037755728
    endloop
  endfacet
  facet normal -2.11605624614327e-18 0.777145961456971 -0.6293203910498373
    outer loop
      vertex 15 12.633462033115702 -11.375220308100591
      vertex -9.321224575721715 13.747093480741079 -10
      vertex 9.321224575721715 13.747093480741079 -10
    endloop
  endfacet
  facet normal 0 0.7071067811865475 -0.7071067811865475
    outer loop
      vertex -15 12.633462033115702 -11.375220308100591
      vertex 15 12.633462033115702 -11.375220308100591
      vertex 15 11.375220308100591 -12.633462033115702
    endloop
  endfacet
  facet normal 0 0.6293203910498371 -0.7771459614569711
    outer loop
      vertex -15 9.992349288972044 -13.753288904374106
      vertex 15 11.375220308100591 -12.633462033115702
      vertex 15 9.992349288972044 -13.753288904374106
    endloop
  endfacet
  facet normal 0 0.5446390350150271 -0.838670567945424
    outer loop
      vertex -15 8.5 -14.722431864335457
      vertex 15 9.992349288972044 -13.753288904374106
      vertex 15 8.5 -14.722431864335457
    endloop
  endfacet
  facet normal 0 0.45399049973954636 -0.891006524188368
    outer loop
      vertex -15 6.9145229322886035 -15.530272779924214
      vertex 15 8.5 -14.722431864335457
      vertex 15 6.9145229322886035 -15.530272779924214
    endloop
  endfacet
  facet normal 0 0.3583679495452995 -0.933580426497202
    outer loop
      vertex -15 5.253288904374106 -16.16796077701761
      vertex 15 6.9145229322886035 -15.530272779924214
      vertex 15 5.253288904374106 -16.16796077701761
    endloop
  endfacet
  facet normal 0 0.2588190451025225 -0.9659258262890679
    outer loop
      vertex -15 3.5344987439019087 -16.628509212474697
      vertex 15 5.253288904374106 -16.16796077701761
      vertex 15 3.5344987439019087 -16.628509212474697
    endloop
  endfacet
  facet normal 0 0.1564344650402296 -0.9876883405951379
    outer loop
      vertex -15 1.776983875550109 -16.906872221260645
      vertex 15 3.5344987439019087 -16.628509212474697
      vertex 15 1.776983875550109 -16.906872221260645
    endloop
  endfacet
  facet normal 0 0.05233595624294465 -0.9986295347545738
    outer loop
      vertex -15 0 -17
      vertex 15 1.776983875550109 -16.906872221260645
      vertex 15 0 -17
    endloop
  endfacet
  facet normal 0 0.8386705679454227 -0.544639035015029
    outer loop
      vertex 9.32359084398608 14.2678465490972 -9.2
      vertex 9.309312777873936 14.177698387555012 -9.338815995511112
      vertex 8.014037242826811 14.2678465490972 -9.2
    endloop
  endfacet
  facet normal 0 0.8386705679454245 -0.5446390350150265
    outer loop
      vertex 15 14.722431864335457 -8.5
      vertex 13.934442802201417 14.623735072453279 -8.651979731860266
      vertex 13.907997076521045 14.722431864335457 -8.5
    endloop
  endfacet
  facet normal 9.293746804443444e-17 0.8386705679454242 -0.5446390350150271
    outer loop
      vertex 15 14.722431864335457 -8.5
      vertex 13.98356568610482 14.313585389802961 -9.129568361711701
      vertex 13.934442802201417 14.623735072453279 -8.651979731860266
    endloop
  endfacet
  facet normal 1.5177862302379846e-16 0.838670567945424 -0.5446390350150271
    outer loop
      vertex 15 14.722431864335457 -8.5
      vertex 15 13.753288904374106 -9.992349288972044
      vertex 13.98356568610482 14.313585389802961 -9.129568361711701
    endloop
  endfacet
  facet normal 0 0.838670567945426 -0.5446390350150241
    outer loop
      vertex 13.985962757173189 14.2678465490972 -9.2
      vertex 12.690687222126064 14.177698387555012 -9.338815995511114
      vertex 12.67640915601392 14.2678465490972 -9.2
    endloop
  endfacet
  facet normal -1.1749180503782773e-17 0.7771459614569709 -0.6293203910498374
    outer loop
      vertex 15 12.633462033115702 -11.375220308100591
      vertex 9.321224575721715 13.747093480741079 -10
      vertex 12.678775424278285 13.747093480741079 -10
    endloop
  endfacet
  facet normal 7.60131226013093e-16 0.8386705679454227 -0.544639035015029
    outer loop
      vertex 12.690687222126064 14.177698387555012 -9.338815995511114
      vertex 13.985962757173189 14.2678465490972 -9.2
      vertex 12.7 14 -9.61244751663342
    endloop
  endfacet
  facet normal 1.4661258580228144e-15 0.8386705679454246 -0.5446390350150263
    outer loop
      vertex 15 13.753288904374106 -9.992349288972044
      vertex 13.985962757173189 14.2678465490972 -9.2
      vertex 13.98356568610482 14.313585389802961 -9.129568361711701
    endloop
  endfacet
  facet normal 1.4869599881272552e-16 0.8386705679454243 -0.5446390350150265
    outer loop
      vertex 15 13.753288904374106 -9.992349288972044
      vertex 12.690687222126064 13.822301612444988 -9.886079037755728
      vertex 12.7 14 -9.61244751663342
    endloop
  endfacet
  facet normal 0 0.8386705679454228 -0.5446390350150289
    outer loop
      vertex 15 13.753288904374106 -9.992349288972044
      vertex 12.679756682982976 13.753288904374106 -9.992349288972044
      vertex 12.690687222126064 13.822301612444988 -9.886079037755728
    endloop
  endfacet
  facet normal -2.4873337489916165e-17 0.8386705679454238 -0.5446390350150273
    outer loop
      vertex 15 13.753288904374106 -9.992349288972044
      vertex 12.7 14 -9.61244751663342
      vertex 13.985962757173189 14.2678465490972 -9.2
    endloop
  endfacet
  facet normal 4.190543134755438e-14 0.7771459614570111 -0.6293203910497877
    outer loop
      vertex 15 12.633462033115702 -11.375220308100591
      vertex 12.678775424278285 13.747093480741079 -10
      vertex 12.679756682982976 13.753288904374106 -9.992349288972044
    endloop
  endfacet
  facet normal 0 0.7771459614569711 -0.6293203910498371
    outer loop
      vertex 15 13.753288904374106 -9.992349288972044
      vertex 15 12.633462033115702 -11.375220308100591
      vertex 12.679756682982976 13.753288904374106 -9.992349288972044
    endloop
  endfacet
  facet normal 1 0 0
    outer loop
      vertex 15 11.375220308100591 -12.633462033115702
      vertex 15 11.258330249197702 -6.5
      vertex 15 10.517220926874316 -7.641208279802151
    endloop
  endfacet
  facet normal 1 0 0
    outer loop
      vertex 15 12.633462033115702 -11.375220308100591
      vertex 15 11.258330249197702 -6.5
      vertex 15 11.375220308100591 -12.633462033115702
    endloop
  endfacet
  facet normal 1 0 0
    outer loop
      vertex 15 11.375220308100591 -12.633462033115702
      vertex 15 10.517220926874316 -7.641208279802151
      vertex 15 9.660882731206126 -8.698697882665158
    endloop
  endfacet
  facet normal 1 0 0
    outer loop
      vertex 15 11.375220308100591 -12.633462033115702
      vertex 15 9.660882731206126 -8.698697882665158
      vertex 15 9.992349288972044 -13.753288904374106
    endloop
  endfacet
  facet normal 1 0 0
    outer loop
      vertex 15 9.992349288972044 -13.753288904374106
      vertex 15 9.660882731206126 -8.698697882665158
      vertex 15 8.698697882665158 -9.660882731206126
    endloop
  endfacet
  facet normal 1 0 0
    outer loop
      vertex 15 9.992349288972044 -13.753288904374106
      vertex 15 8.698697882665158 -9.660882731206126
      vertex 15 7.641208279802151 -10.517220926874316
    endloop
  endfacet
  facet normal 1 0 0
    outer loop
      vertex 15 8.5 -14.722431864335457
      vertex 15 7.641208279802151 -10.517220926874316
      vertex 15 6.5 -11.258330249197702
    endloop
  endfacet
  facet normal 1 0 0
    outer loop
      vertex 15 9.992349288972044 -13.753288904374106
      vertex 15 7.641208279802151 -10.517220926874316
      vertex 15 8.5 -14.722431864335457
    endloop
  endfacet
  facet normal 1 0 0
    outer loop
      vertex 15 8.5 -14.722431864335457
      vertex 15 6.5 -11.258330249197702
      vertex 15 6.9145229322886035 -15.530272779924214
    endloop
  endfacet
  facet normal 1 0 0
    outer loop
      vertex 15 6.9145229322886035 -15.530272779924214
      vertex 15 6.5 -11.258330249197702
      vertex 15 5.287576359985403 -11.876090949353811
    endloop
  endfacet
  facet normal 1 0 0
    outer loop
      vertex 15 6.9145229322886035 -15.530272779924214
      vertex 15 5.287576359985403 -11.876090949353811
      vertex 15 4.017220926874316 -12.363734711836996
    endloop
  endfacet
  facet normal 1 0 0
    outer loop
      vertex 15 6.9145229322886035 -15.530272779924214
      vertex 15 4.017220926874316 -12.363734711836996
      vertex 15 5.253288904374106 -16.16796077701761
    endloop
  endfacet
  facet normal 1 0 0
    outer loop
      vertex 15 5.253288904374106 -16.16796077701761
      vertex 15 4.017220926874316 -12.363734711836996
      vertex 15 2.7028519806308715 -12.715918809539474
    endloop
  endfacet
  facet normal 1 0 0
    outer loop
      vertex 15 3.5344987439019087 -16.628509212474697
      vertex 15 2.7028519806308715 -12.715918809539474
      vertex 15 1.3588700224794952 -12.928784639787553
    endloop
  endfacet
  facet normal 1 0 0
    outer loop
      vertex 15 1.776983875550109 -16.906872221260645
      vertex 15 1.3588700224794952 -12.928784639787553
      vertex 15 0 -13
    endloop
  endfacet
  facet normal 1 0 0
    outer loop
      vertex 15 5.253288904374106 -16.16796077701761
      vertex 15 2.7028519806308715 -12.715918809539474
      vertex 15 3.5344987439019087 -16.628509212474697
    endloop
  endfacet
  facet normal 1 0 0
    outer loop
      vertex 15 3.5344987439019087 -16.628509212474697
      vertex 15 1.3588700224794952 -12.928784639787553
      vertex 15 1.776983875550109 -16.906872221260645
    endloop
  endfacet
  facet normal 1 0 0
    outer loop
      vertex 15 1.776983875550109 -16.906872221260645
      vertex 15 0 -13
      vertex 15 0 -17
    endloop
  endfacet
  facet normal 0 -0.9659258262890685 -0.2588190451025201
    outer loop
      vertex -9.165950020754428 -16.369803930611976 -4.5
      vertex 8.992608180923426 -16.229434476432182 -5.023865934829704
      vertex 9.165950020754428 -16.369803930611976 -4.5
    endloop
  endfacet
  facet normal 0 -0.965925826289067 -0.2588190451025255
    outer loop
      vertex -8.931134481508852 -16.16796077701761 -5.253288904374106
      vertex 8.931134481508852 -16.16796077701761 -5.253288904374106
      vertex 8.992608180923426 -16.229434476432182 -5.023865934829704
    endloop
  endfacet
  facet normal 1.2165880819440276e-16 -0.9335804264972017 -0.35836794954530055
    outer loop
      vertex -8.421583161796665 -15.530272779924214 -6.9145229322886035
      vertex 8.770565523567818 -16.007391819076574 -5.671585340835573
      vertex 8.931134481508852 -16.16796077701761 -5.253288904374106
    endloop
  endfacet
  facet normal -3.5344618143187994e-17 -0.9335804264972023 -0.35836794954529877
    outer loop
      vertex -8.421583161796665 -15.530272779924214 -6.9145229322886035
      vertex 8.572949016875157 -15.76335575687742 -6.307321017861528
      vertex 8.770565523567818 -16.007391819076574 -5.671585340835573
    endloop
  endfacet
  facet normal -8.832704672637881e-17 -0.8910065241883689 -0.45399049973954486
    outer loop
      vertex 8.421583161796665 -15.530272779924214 -6.9145229322886035
      vertex -8.259363627072197 -15.220209929227401 -7.5230555404330435
      vertex 8.401923788646684 -15.5 -6.973936608198712
    endloop
  endfacet
  facet normal 0 -0.933580426497202 -0.35836794954529966
    outer loop
      vertex -8.421583161796665 -15.530272779924214 -6.9145229322886035
      vertex 8.421583161796665 -15.530272779924214 -6.9145229322886035
      vertex 8.572949016875157 -15.76335575687742 -6.307321017861528
    endloop
  endfacet
  facet normal 0 -0.8910065241883686 -0.4539904997395453
    outer loop
      vertex -8.092002923478955 -14.722431864335457 -8.5
      vertex 8.092002923478955 -14.722431864335457 -8.5
      vertex 8.146830451114539 -14.927050983124841 -8.098412367836746
    endloop
  endfacet
  facet normal 6.514012940319297e-17 -0.8910065241883676 -0.45399049973954736
    outer loop
      vertex -8.092002923478955 -14.722431864335457 -8.5
      vertex 8.146830451114539 -14.927050983124841 -8.098412367836746
      vertex 8.259363627072197 -15.220209929227401 -7.523055540433044
    endloop
  endfacet
  facet normal -1.3800462384038131e-17 -0.8910065241883681 -0.4539904997395462
    outer loop
      vertex -8.092002923478955 -14.722431864335457 -8.5
      vertex 8.259363627072197 -15.220209929227401 -7.523055540433044
      vertex 8.401923788646684 -15.5 -6.973936608198712
    endloop
  endfacet
  facet normal 1 0 0
    outer loop
      vertex 15 -12.633462033115702 -11.375220308100591
      vertex 15 -12.928784639787553 -1.3588700224794952
      vertex 15 -13 0
    endloop
  endfacet
  facet normal 1 0 0
    outer loop
      vertex 15 -12.633462033115702 -11.375220308100591
      vertex 15 -13 0
      vertex 15 -17 0
    endloop
  endfacet
  facet normal 1 0 0
    outer loop
      vertex 15 -16.906872221260645 -1.776983875550109
      vertex 15 -16.628509212474697 -3.5344987439019087
      vertex 15 -17 0
    endloop
  endfacet
  facet normal 1 0 0
    outer loop
      vertex 15 -16.369803930611976 -4.5
      vertex 15 -16.16796077701761 -5.253288904374106
      vertex 15 -17 0
    endloop
  endfacet
  facet normal 1 0 0
    outer loop
      vertex 15 -16.16796077701761 -5.253288904374106
      vertex 15 -15.530272779924214 -6.9145229322886035
      vertex 15 -17 0
    endloop
  endfacet
  facet normal 1 0 0
    outer loop
      vertex 15 -16.628509212474697 -3.5344987439019087
      vertex 15 -16.369803930611976 -4.5
      vertex 15 -17 0
    endloop
  endfacet
  facet normal 1 0 0
    outer loop
      vertex 15 -12.633462033115702 -11.375220308100591
      vertex 15 -12.715918809539474 -2.7028519806308715
      vertex 15 -12.928784639787553 -1.3588700224794952
    endloop
  endfacet
  facet normal 1 0 0
    outer loop
      vertex 15 -12.633462033115702 -11.375220308100591
      vertex 15 -12.363734711836996 -4.017220926874316
      vertex 15 -12.715918809539474 -2.7028519806308715
    endloop
  endfacet
  facet normal 1 0 0
    outer loop
      vertex 15 -11.375220308100591 -12.633462033115702
      vertex 15 -11.258330249197702 -6.5
      vertex 15 -11.876090949353811 -5.287576359985403
    endloop
  endfacet
  facet normal 1 0 0
    outer loop
      vertex 15 -12.633462033115702 -11.375220308100591
      vertex 15 -11.876090949353811 -5.287576359985403
      vertex 15 -12.363734711836996 -4.017220926874316
    endloop
  endfacet
  facet normal 0 -0.9659258262890678 -0.25881904510252296
    outer loop
      vertex 15 -16.369803930611976 -4.5
      vertex 12.834049979245572 -16.369803930611976 -4.5
      vertex 13.007391819076574 -16.229434476432182 -5.023865934829698
    endloop
  endfacet
  facet normal -1.0375835122185774e-15 -0.9659258262890688 -0.25881904510251935
    outer loop
      vertex 15 -16.369803930611976 -4.5
      vertex 13.007391819076574 -16.229434476432182 -5.023865934829698
      vertex 13.068865518491148 -16.16796077701761 -5.253288904374106
    endloop
  endfacet
  facet normal -8.741515183871108e-18 -0.965925826289068 -0.2588190451025217
    outer loop
      vertex 15 -16.369803930611976 -4.5
      vertex 13.068865518491148 -16.16796077701761 -5.253288904374106
      vertex 15 -16.16796077701761 -5.253288904374106
    endloop
  endfacet
  facet normal 1 0 0
    outer loop
      vertex 15 -15.530272779924214 -6.9145229322886035
      vertex 15 -14.722431864335457 -8.5
      vertex 15 -17 0
    endloop
  endfacet
  facet normal 5.5988854599934e-16 -0.9335804264972019 -0.3583679495453
    outer loop
      vertex 15 -16.16796077701761 -5.253288904374106
      vertex 13.229434476432182 -16.007391819076574 -5.671585340835577
      vertex 13.427050983124843 -15.76335575687742 -6.307321017861529
    endloop
  endfacet
  facet normal 0 -0.9335804264972026 -0.35836794954529794
    outer loop
      vertex 15 -16.16796077701761 -5.253288904374106
      vertex 13.068865518491148 -16.16796077701761 -5.253288904374106
      vertex 13.229434476432182 -16.007391819076574 -5.671585340835577
    endloop
  endfacet
  facet normal 5.655457273599024e-16 -0.9335804264972019 -0.35836794954530005
    outer loop
      vertex 15 -16.16796077701761 -5.253288904374106
      vertex 13.427050983124843 -15.76335575687742 -6.307321017861529
      vertex 13.578416838203335 -15.530272779924214 -6.9145229322886035
    endloop
  endfacet
  facet normal 1 0 0
    outer loop
      vertex 15 -13.753288904374106 -9.992349288972044
      vertex 15 -17 0
      vertex 15 -14.722431864335457 -8.5
    endloop
  endfacet
  facet normal -3.8457348806872246e-17 -0.933580426497202 -0.3583679495452995
    outer loop
      vertex 15 -16.16796077701761 -5.253288904374106
      vertex 13.578416838203335 -15.530272779924214 -6.9145229322886035
      vertex 15 -15.530272779924214 -6.9145229322886035
    endloop
  endfacet
  facet normal 0 -0.8910065241883689 -0.4539904997395448
    outer loop
      vertex 15 -15.530272779924214 -6.9145229322886035
      vertex 13.578416838203335 -15.530272779924214 -6.9145229322886035
      vertex 13.598076211353316 -15.5 -6.973936608198712
    endloop
  endfacet
  facet normal 1.1186233800080544e-16 -0.8910065241883678 -0.45399049973954686
    outer loop
      vertex 15 -15.530272779924214 -6.9145229322886035
      vertex 13.598076211353316 -15.5 -6.973936608198712
      vertex 13.740636372927803 -15.220209929227401 -7.5230555404330435
    endloop
  endfacet
  facet normal 1 0 0
    outer loop
      vertex 15 -13.753288904374106 -9.992349288972044
      vertex 15 -12.633462033115702 -11.375220308100591
      vertex 15 -17 0
    endloop
  endfacet
  facet normal -5.710023183222492e-16 -0.8910065241883683 -0.4539904997395458
    outer loop
      vertex 15 -15.530272779924214 -6.9145229322886035
      vertex 13.740636372927803 -15.220209929227401 -7.5230555404330435
      vertex 13.853169548885461 -14.927050983124841 -8.098412367836747
    endloop
  endfacet
  facet normal 2.268366576801118e-16 -0.891006524188368 -0.4539904997395464
    outer loop
      vertex 15 -15.530272779924214 -6.9145229322886035
      vertex 13.853169548885461 -14.927050983124841 -8.098412367836747
      vertex 15 -14.722431864335457 -8.5
    endloop
  endfacet
  facet normal 0 -0.8910065241883678 -0.4539904997395469
    outer loop
      vertex 15 -14.722431864335457 -8.5
      vertex 13.853169548885461 -14.927050983124841 -8.098412367836747
      vertex 13.907997076521045 -14.722431864335457 -8.5
    endloop
  endfacet
  facet normal 0 -0.05233595624294465 -0.9986295347545738
    outer loop
      vertex -15 -1.776983875550109 -16.906872221260645
      vertex 15 0 -17
      vertex 15 -1.776983875550109 -16.906872221260645
    endloop
  endfacet
  facet normal 0 -0.1564344650402296 -0.9876883405951379
    outer loop
      vertex -15 -3.5344987439019087 -16.628509212474697
      vertex 15 -1.776983875550109 -16.906872221260645
      vertex 15 -3.5344987439019087 -16.628509212474697
    endloop
  endfacet
  facet normal 0 -0.2588190451025225 -0.9659258262890679
    outer loop
      vertex -15 -5.253288904374106 -16.16796077701761
      vertex 15 -3.5344987439019087 -16.628509212474697
      vertex 15 -5.253288904374106 -16.16796077701761
    endloop
  endfacet
  facet normal 0 -0.5446390350150271 -0.838670567945424
    outer loop
      vertex -15 -9.992349288972044 -13.753288904374106
      vertex 15 -8.5 -14.722431864335457
      vertex 15 -9.992349288972044 -13.753288904374106
    endloop
  endfacet
  facet normal 0 -0.3583679495452995 -0.933580426497202
    outer loop
      vertex -15 -6.9145229322886035 -15.530272779924214
      vertex 15 -5.253288904374106 -16.16796077701761
      vertex 15 -6.9145229322886035 -15.530272779924214
    endloop
  endfacet
  facet normal 0 -0.45399049973954636 -0.891006524188368
    outer loop
      vertex -15 -8.5 -14.722431864335457
      vertex 15 -6.9145229322886035 -15.530272779924214
      vertex 15 -8.5 -14.722431864335457
    endloop
  endfacet
  facet normal -6.606397564588521e-17 -0.8386705679454248 -0.5446390350150259
    outer loop
      vertex -9.309312777873936 -13.822301612444988 -9.886079037755728
      vertex 8.014037242826811 -14.2678465490972 -9.2
      vertex 8.01643431389518 -14.313585389802961 -9.129568361711701
    endloop
  endfacet
  facet normal 7.15937224904797e-17 -0.8386705679454233 -0.5446390350150284
    outer loop
      vertex -9.320243317017024 -13.753288904374106 -9.992349288972044
      vertex 9.309312777873936 -14.177698387555012 -9.338815995511112
      vertex 8.014037242826811 -14.2678465490972 -9.2
    endloop
  endfacet
  facet normal 4.229085660540708e-16 -0.7771459614569676 -0.6293203910498416
    outer loop
      vertex -15 -12.633462033115702 -11.375220308100591
      vertex 12.678775424278285 -13.747093480741077 -10
      vertex 9.321224575721715 -13.747093480741079 -10
    endloop
  endfacet
  facet normal -1.6429987355028257e-17 -0.8386705679454243 -0.5446390350150266
    outer loop
      vertex -9.320243317017024 -13.753288904374106 -9.992349288972044
      vertex 9.3 -14 -9.61244751663342
      vertex 9.309312777873936 -14.177698387555012 -9.338815995511112
    endloop
  endfacet
  facet normal 0 -0.8386705679454228 -0.5446390350150289
    outer loop
      vertex -9.320243317017024 -13.753288904374106 -9.992349288972044
      vertex 9.320243317017024 -13.753288904374106 -9.992349288972044
      vertex 9.309312777873936 -13.822301612444988 -9.886079037755728
    endloop
  endfacet
  facet normal -1.8457585085834826e-17 -0.8386705679454243 -0.5446390350150266
    outer loop
      vertex -9.320243317017024 -13.753288904374106 -9.992349288972044
      vertex 9.309312777873936 -13.822301612444988 -9.886079037755728
      vertex 9.3 -14 -9.61244751663342
    endloop
  endfacet
  facet normal 0 -0.7771459614570114 -0.6293203910497874
    outer loop
      vertex -9.320243317017024 -13.753288904374106 -9.992349288972044
      vertex 9.321224575721715 -13.747093480741079 -10
      vertex 9.320243317017024 -13.753288904374106 -9.992349288972044
    endloop
  endfacet
  facet normal 1.2039453847688697e-19 -0.8386705679454244 -0.5446390350150264
    outer loop
      vertex 8.092002923478955 -14.722431864335457 -8.5
      vertex -8.065557197798583 -14.623735072453279 -8.651979731860266
      vertex 8.065557197798583 -14.623735072453279 -8.651979731860266
    endloop
  endfacet
  facet normal 3.4194418471936406e-18 -0.838670567945424 -0.544639035015027
    outer loop
      vertex -9.309312777873936 -13.822301612444988 -9.886079037755728
      vertex 8.01643431389518 -14.313585389802961 -9.129568361711701
      vertex 8.065557197798583 -14.623735072453279 -8.651979731860266
    endloop
  endfacet
  facet normal -3.2406510690185746e-16 -0.7771459614569747 -0.6293203910498327
    outer loop
      vertex -15 -12.633462033115702 -11.375220308100591
      vertex 15 -13.753288904374106 -9.992349288972044
      vertex 12.678775424278285 -13.747093480741077 -10
    endloop
  endfacet
  facet normal 0 -0.7071067811865475 -0.7071067811865475
    outer loop
      vertex -15 -11.375220308100591 -12.633462033115702
      vertex 15 -11.375220308100591 -12.633462033115702
      vertex 15 -12.633462033115702 -11.375220308100591
    endloop
  endfacet
  facet normal 0 -0.7771459614569711 -0.6293203910498371
    outer loop
      vertex -15 -12.633462033115702 -11.375220308100591
      vertex 15 -12.633462033115702 -11.375220308100591
      vertex 15 -13.753288904374106 -9.992349288972044
    endloop
  endfacet
  facet normal 0 -0.6293203910498371 -0.7771459614569711
    outer loop
      vertex -15 -11.375220308100591 -12.633462033115702
      vertex 15 -9.992349288972044 -13.753288904374106
      vertex 15 -11.375220308100591 -12.633462033115702
    endloop
  endfacet
  facet normal 1 0 0
    outer loop
      vertex 15 -6.9145229322886035 -15.530272779924214
      vertex 15 -6.5 -11.258330249197702
      vertex 15 -7.641208279802151 -10.517220926874316
    endloop
  endfacet
  facet normal 1 0 0
    outer loop
      vertex 15 -8.5 -14.722431864335457
      vertex 15 -7.641208279802151 -10.517220926874316
      vertex 15 -8.698697882665158 -9.660882731206126
    endloop
  endfacet
  facet normal 1 0 0
    outer loop
      vertex 15 -8.5 -14.722431864335457
      vertex 15 -8.698697882665158 -9.660882731206126
      vertex 15 -9.660882731206126 -8.698697882665158
    endloop
  endfacet
  facet normal 1 0 0
    outer loop
      vertex 15 -8.5 -14.722431864335457
      vertex 15 -9.660882731206126 -8.698697882665158
      vertex 15 -9.992349288972044 -13.753288904374106
    endloop
  endfacet
  facet normal 1 0 0
    outer loop
      vertex 15 0 -17
      vertex 15 0 -13
      vertex 15 -1.3588700224794952 -12.928784639787553
    endloop
  endfacet
  facet normal 1 0 0
    outer loop
      vertex 15 -1.776983875550109 -16.906872221260645
      vertex 15 -1.3588700224794952 -12.928784639787553
      vertex 15 -2.7028519806308715 -12.715918809539474
    endloop
  endfacet
  facet normal 1 0 0
    outer loop
      vertex 15 -3.5344987439019087 -16.628509212474697
      vertex 15 -2.7028519806308715 -12.715918809539474
      vertex 15 -4.017220926874316 -12.363734711836996
    endloop
  endfacet
  facet normal 1 0 0
    outer loop
      vertex 15 0 -17
      vertex 15 -1.3588700224794952 -12.928784639787553
      vertex 15 -1.776983875550109 -16.906872221260645
    endloop
  endfacet
  facet normal 1 0 0
    outer loop
      vertex 15 -1.776983875550109 -16.906872221260645
      vertex 15 -2.7028519806308715 -12.715918809539474
      vertex 15 -3.5344987439019087 -16.628509212474697
    endloop
  endfacet
  facet normal 1 0 0
    outer loop
      vertex 15 -3.5344987439019087 -16.628509212474697
      vertex 15 -4.017220926874316 -12.363734711836996
      vertex 15 -5.253288904374106 -16.16796077701761
    endloop
  endfacet
  facet normal 1 0 0
    outer loop
      vertex 15 -5.253288904374106 -16.16796077701761
      vertex 15 -5.287576359985403 -11.876090949353811
      vertex 15 -6.5 -11.258330249197702
    endloop
  endfacet
  facet normal 1 0 0
    outer loop
      vertex 15 -5.253288904374106 -16.16796077701761
      vertex 15 -4.017220926874316 -12.363734711836996
      vertex 15 -5.287576359985403 -11.876090949353811
    endloop
  endfacet
  facet normal 1 0 0
    outer loop
      vertex 15 -5.253288904374106 -16.16796077701761
      vertex 15 -6.5 -11.258330249197702
      vertex 15 -6.9145229322886035 -15.530272779924214
    endloop
  endfacet
  facet normal 1 0 0
    outer loop
      vertex 15 -6.9145229322886035 -15.530272779924214
      vertex 15 -7.641208279802151 -10.517220926874316
      vertex 15 -8.5 -14.722431864335457
    endloop
  endfacet
  facet normal 1.5963674241427166e-18 -0.8386705679454227 -0.544639035015029
    outer loop
      vertex 9.309312777873936 -14.177698387555012 -9.338815995511112
      vertex 9.32359084398608 -14.2678465490972 -9.2
      vertex 8.014037242826811 -14.2678465490972 -9.2
    endloop
  endfacet
  facet normal 1.5963674241427166e-18 -0.8386705679454227 -0.544639035015029
    outer loop
      vertex 12.690687222126064 -14.177698387555012 -9.338815995511112
      vertex 13.985962757173189 -14.2678465490972 -9.2
      vertex 12.67640915601392 -14.2678465490972 -9.2
    endloop
  endfacet
  facet normal 1 0 0
    outer loop
      vertex 15 -11.375220308100591 -12.633462033115702
      vertex 15 -10.517220926874316 -7.641208279802151
      vertex 15 -11.258330249197702 -6.5
    endloop
  endfacet
  facet normal 1 0 0
    outer loop
      vertex 15 -9.992349288972044 -13.753288904374106
      vertex 15 -9.660882731206126 -8.698697882665158
      vertex 15 -10.517220926874316 -7.641208279802151
    endloop
  endfacet
  facet normal -3.568692540401804e-16 -0.8386705679454244 -0.5446390350150266
    outer loop
      vertex 13.985962757173189 -14.2678465490972 -9.2
      vertex 12.690687222126064 -14.177698387555012 -9.338815995511112
      vertex 12.7 -14 -9.61244751663342
    endloop
  endfacet
  facet normal 1.2189349711347332e-15 -0.8386705679454248 -0.544639035015026
    outer loop
      vertex 15 -13.753288904374106 -9.992349288972044
      vertex 13.98356568610482 -14.313585389802961 -9.129568361711701
      vertex 13.985962757173189 -14.2678465490972 -9.2
    endloop
  endfacet
  facet normal -3.8258265139024203e-16 -0.8386705679454244 -0.5446390350150265
    outer loop
      vertex 12.7 -14 -9.61244751663342
      vertex 12.690687222126064 -13.822301612444988 -9.886079037755728
      vertex 13.985962757173189 -14.2678465490972 -9.2
    endloop
  endfacet
  facet normal 0 -0.8386705679454228 -0.5446390350150289
    outer loop
      vertex 15 -13.753288904374106 -9.992349288972044
      vertex 12.690687222126064 -13.822301612444988 -9.886079037755728
      vertex 12.679756682982976 -13.753288904374106 -9.992349288972044
    endloop
  endfacet
  facet normal 0 -0.7771459614569233 -0.6293203910498965
    outer loop
      vertex 15 -13.753288904374106 -9.992349288972044
      vertex 12.679756682982976 -13.753288904374106 -9.992349288972044
      vertex 12.678775424278285 -13.747093480741077 -10
    endloop
  endfacet
  facet normal 1.0796886947369452e-16 -0.8386705679454238 -0.5446390350150272
    outer loop
      vertex 15 -13.753288904374106 -9.992349288972044
      vertex 13.985962757173189 -14.2678465490972 -9.2
      vertex 12.690687222126064 -13.822301612444988 -9.886079037755728
    endloop
  endfacet
  facet normal 1 0 0
    outer loop
      vertex 15 -11.375220308100591 -12.633462033115702
      vertex 15 -11.876090949353811 -5.287576359985403
      vertex 15 -12.633462033115702 -11.375220308100591
    endloop
  endfacet
  facet normal 1 0 0
    outer loop
      vertex 15 -11.375220308100591 -12.633462033115702
      vertex 15 -9.992349288972044 -13.753288904374106
      vertex 15 -10.517220926874316 -7.641208279802151
    endloop
  endfacet
  facet normal 0 -0.8386705679454245 -0.5446390350150265
    outer loop
      vertex 15 -14.722431864335457 -8.5
      vertex 13.907997076521045 -14.722431864335457 -8.5
      vertex 13.934442802201417 -14.623735072453279 -8.651979731860266
    endloop
  endfacet
  facet normal 9.461684986316956e-17 -0.838670567945424 -0.5446390350150271
    outer loop
      vertex 15 -14.722431864335457 -8.5
      vertex 13.934442802201417 -14.623735072453279 -8.651979731860266
      vertex 13.98356568610482 -14.313585389802961 -9.129568361711701
    endloop
  endfacet
  facet normal 1.8306378480422052e-16 -0.838670567945424 -0.5446390350150271
    outer loop
      vertex 15 -13.753288904374106 -9.992349288972044
      vertex 15 -14.722431864335457 -8.5
      vertex 13.98356568610482 -14.313585389802961 -9.129568361711701
    endloop
  endfacet
  facet normal -1 0 0
    outer loop
      vertex -15 16.906872221260645 -1.776983875550109
      vertex -15 17 0
      vertex -15 19 0
    endloop
  endfacet
  facet normal 0 1 0
    outer loop
      vertex -15 19 -4.5
      vertex -15 19 0
      vertex -13.189973185050189 19 0
    endloop
  endfacet
  facet normal -1 0 0
    outer loop
      vertex -15 16.906872221260645 -1.776983875550109
      vertex -15 19 0
      vertex -15 19 -4.5
    endloop
  endfacet
  facet normal -1 0 0
    outer loop
      vertex -15 16.906872221260645 -1.776983875550109
      vertex -15 19 -4.5
      vertex -15 16.628509212474697 -3.5344987439019087
    endloop
  endfacet
  facet normal -1 0 0
    outer loop
      vertex -15 16.628509212474697 -3.5344987439019087
      vertex -15 19 -4.5
      vertex -15 16.369803930611976 -4.5
    endloop
  endfacet
  facet normal 0 0 -1
    outer loop
      vertex -15 19 -4.5
      vertex -12.834049979245572 16.369803930611976 -4.5
      vertex -15 16.369803930611976 -4.5
    endloop
  endfacet
  facet normal 0 0 -1
    outer loop
      vertex -15 19 -4.5
      vertex -12.76335575687742 16.427050983124843 -4.5
      vertex -12.834049979245572 16.369803930611976 -4.5
    endloop
  endfacet
  facet normal 0 0 -1
    outer loop
      vertex -15 19 -4.5
      vertex -12.5 16.598076211353316 -4.5
      vertex -12.76335575687742 16.427050983124843 -4.5
    endloop
  endfacet
  facet normal 0 0 -1
    outer loop
      vertex -15 19 -4.5
      vertex -12.220209929227401 16.740636372927803 -4.5
      vertex -12.5 16.598076211353316 -4.5
    endloop
  endfacet
  facet normal 0 0 -1
    outer loop
      vertex -15 19 -4.5
      vertex -11.927050983124841 16.85316954888546 -4.5
      vertex -12.220209929227401 16.740636372927803 -4.5
    endloop
  endfacet
  facet normal 0 0 -1
    outer loop
      vertex -15 19 -4.5
      vertex -11.623735072453279 16.934442802201417 -4.5
      vertex -11.927050983124841 16.85316954888546 -4.5
    endloop
  endfacet
  facet normal 0 0 -1
    outer loop
      vertex -15 19 -4.5
      vertex -11.313585389802961 16.983565686104818 -4.5
      vertex -11.623735072453279 16.934442802201417 -4.5
    endloop
  endfacet
  facet normal 0 0 -1
    outer loop
      vertex -15 19 -4.5
      vertex -11 17 -4.5
      vertex -11.313585389802961 16.983565686104818 -4.5
    endloop
  endfacet
  facet normal 0 1 0
    outer loop
      vertex -15 19 -4.5
      vertex -13.189973185050189 19 0
      vertex 15 19 -4.5
    endloop
  endfacet
  facet normal 0 0 -1
    outer loop
      vertex -15 19 -4.5
      vertex 9.165950020754428 16.369803930611976 -4.5
      vertex -11 17 -4.5
    endloop
  endfacet
  facet normal 0 0 -1
    outer loop
      vertex 9.165950020754428 16.369803930611976 -4.5
      vertex -10.686414610197039 16.983565686104818 -4.5
      vertex -11 17 -4.5
    endloop
  endfacet
  facet normal 0 0 -1
    outer loop
      vertex 9.165950020754428 16.369803930611976 -4.5
      vertex -10.376264927546721 16.934442802201417 -4.5
      vertex -10.686414610197039 16.983565686104818 -4.5
    endloop
  endfacet
  facet normal 0 0 -1
    outer loop
      vertex 9.165950020754428 16.369803930611976 -4.5
      vertex -10.072949016875159 16.85316954888546 -4.5
      vertex -10.376264927546721 16.934442802201417 -4.5
    endloop
  endfacet
  facet normal 0 0 -1
    outer loop
      vertex 9.165950020754428 16.369803930611976 -4.5
      vertex -9.779790070772599 16.740636372927803 -4.5
      vertex -10.072949016875159 16.85316954888546 -4.5
    endloop
  endfacet
  facet normal 0 0 -1
    outer loop
      vertex 9.165950020754428 16.369803930611976 -4.5
      vertex -9.5 16.598076211353316 -4.5
      vertex -9.779790070772599 16.740636372927803 -4.5
    endloop
  endfacet
  facet normal 0 0 -1
    outer loop
      vertex 9.165950020754428 16.369803930611976 -4.5
      vertex -9.23664424312258 16.427050983124843 -4.5
      vertex -9.5 16.598076211353316 -4.5
    endloop
  endfacet
  facet normal 0 0 -1
    outer loop
      vertex -9.165950020754428 16.369803930611976 -4.5
      vertex -9.23664424312258 16.427050983124843 -4.5
      vertex 9.165950020754428 16.369803930611976 -4.5
    endloop
  endfacet
  facet normal -1 0 0
    outer loop
      vertex -15 -16.906872221260645 -1.776983875550109
      vertex -15 -19 -4.5
      vertex -15 -17 0
    endloop
  endfacet
  facet normal -1 0 0
    outer loop
      vertex -15 -19 -4.5
      vertex -15 -19 0
      vertex -15 -17 0
    endloop
  endfacet
  facet normal -1 0 0
    outer loop
      vertex -15 -16.906872221260645 -1.776983875550109
      vertex -15 -16.628509212474697 -3.5344987439019087
      vertex -15 -19 -4.5
    endloop
  endfacet
  facet normal -1 0 0
    outer loop
      vertex -15 -16.628509212474697 -3.5344987439019087
      vertex -15 -16.369803930611976 -4.5
      vertex -15 -19 -4.5
    endloop
  endfacet
  facet normal 0 0 -1
    outer loop
      vertex -15 -16.369803930611976 -4.5
      vertex -12.834049979245572 -16.369803930611976 -4.5
      vertex -12.76335575687742 -16.427050983124843 -4.5
    endloop
  endfacet
  facet normal 0 0 -1
    outer loop
      vertex -15 -16.369803930611976 -4.5
      vertex -12.76335575687742 -16.427050983124843 -4.5
      vertex -12.5 -16.598076211353316 -4.5
    endloop
  endfacet
  facet normal 0 0 -1
    outer loop
      vertex -15 -16.369803930611976 -4.5
      vertex -12.5 -16.598076211353316 -4.5
      vertex -15 -19 -4.5
    endloop
  endfacet
  facet normal 0 0 -1
    outer loop
      vertex -15 -19 -4.5
      vertex -12.5 -16.598076211353316 -4.5
      vertex -12.220209929227401 -16.740636372927803 -4.5
    endloop
  endfacet
  facet normal 0 0 -1
    outer loop
      vertex -15 -19 -4.5
      vertex -12.220209929227401 -16.740636372927803 -4.5
      vertex -11.927050983124841 -16.85316954888546 -4.5
    endloop
  endfacet
  facet normal 0 0 -1
    outer loop
      vertex -15 -19 -4.5
      vertex -11.927050983124841 -16.85316954888546 -4.5
      vertex -11.623735072453279 -16.934442802201417 -4.5
    endloop
  endfacet
  facet normal 0 0 -1
    outer loop
      vertex -15 -19 -4.5
      vertex -11.623735072453279 -16.934442802201417 -4.5
      vertex -11.313585389802961 -16.983565686104818 -4.5
    endloop
  endfacet
  facet normal 0 -1 0
    outer loop
      vertex -15 -19 -4.5
      vertex 13.189973185050189 -19 0
      vertex -15 -19 0
    endloop
  endfacet
  facet normal 0 0 -1
    outer loop
      vertex -15 -19 -4.5
      vertex -11.313585389802961 -16.983565686104818 -4.5
      vertex 15 -19 -4.5
    endloop
  endfacet
  facet normal 0 0 -1
    outer loop
      vertex 15 -19 -4.5
      vertex -11.313585389802961 -16.983565686104818 -4.5
      vertex -11 -17 -4.5
    endloop
  endfacet
  facet normal 0 0 -1
    outer loop
      vertex 15 -19 -4.5
      vertex -11 -17 -4.5
      vertex -10.686414610197039 -16.983565686104818 -4.5
    endloop
  endfacet
  facet normal 0 0 -1
    outer loop
      vertex 15 -19 -4.5
      vertex -10.686414610197039 -16.983565686104818 -4.5
      vertex -10.376264927546721 -16.934442802201417 -4.5
    endloop
  endfacet
  facet normal 0 0 -1
    outer loop
      vertex 15 -19 -4.5
      vertex -10.376264927546721 -16.934442802201417 -4.5
      vertex -10.072949016875159 -16.85316954888546 -4.5
    endloop
  endfacet
  facet normal 0 0 -1
    outer loop
      vertex 15 -19 -4.5
      vertex -9.779790070772599 -16.740636372927803 -4.5
      vertex -9.5 -16.598076211353316 -4.5
    endloop
  endfacet
  facet normal 0 0 -1
    outer loop
      vertex 15 -19 -4.5
      vertex -10.072949016875159 -16.85316954888546 -4.5
      vertex -9.779790070772599 -16.740636372927803 -4.5
    endloop
  endfacet
  facet normal 0 0 -1
    outer loop
      vertex 15 -19 -4.5
      vertex -9.5 -16.598076211353316 -4.5
      vertex -9.23664424312258 -16.427050983124843 -4.5
    endloop
  endfacet
  facet normal 0 0 -1
    outer loop
      vertex 15 -19 -4.5
      vertex -9.23664424312258 -16.427050983124843 -4.5
      vertex -9.165950020754428 -16.369803930611976 -4.5
    endloop
  endfacet
  facet normal 0 1 0
    outer loop
      vertex 15 19 -4.5
      vertex -13.189973185050189 19 0
      vertex 15 19 0
    endloop
  endfacet
  facet normal 0 0 -1
    outer loop
      vertex -15 19 -4.5
      vertex 9.23664424312258 16.427050983124843 -4.5
      vertex 9.165950020754428 16.369803930611976 -4.5
    endloop
  endfacet
  facet normal 0 0 -1
    outer loop
      vertex -15 19 -4.5
      vertex 9.5 16.598076211353316 -4.5
      vertex 9.23664424312258 16.427050983124843 -4.5
    endloop
  endfacet
  facet normal 0 0 -1
    outer loop
      vertex -15 19 -4.5
      vertex 10.072949016875159 16.85316954888546 -4.5
      vertex 9.779790070772599 16.740636372927803 -4.5
    endloop
  endfacet
  facet normal 0 0 -1
    outer loop
      vertex -15 19 -4.5
      vertex 9.779790070772599 16.740636372927803 -4.5
      vertex 9.5 16.598076211353316 -4.5
    endloop
  endfacet
  facet normal 0 0 -1
    outer loop
      vertex -15 19 -4.5
      vertex 10.376264927546721 16.934442802201417 -4.5
      vertex 10.072949016875159 16.85316954888546 -4.5
    endloop
  endfacet
  facet normal 0 0 -1
    outer loop
      vertex -15 19 -4.5
      vertex 10.686414610197039 16.983565686104818 -4.5
      vertex 10.376264927546721 16.934442802201417 -4.5
    endloop
  endfacet
  facet normal 0 0 -1
    outer loop
      vertex -15 19 -4.5
      vertex 11 17 -4.5
      vertex 10.686414610197039 16.983565686104818 -4.5
    endloop
  endfacet
  facet normal 0 0 -1
    outer loop
      vertex -15 19 -4.5
      vertex 11.313585389802961 16.983565686104818 -4.5
      vertex 11 17 -4.5
    endloop
  endfacet
  facet normal 0 0 -1
    outer loop
      vertex -15 19 -4.5
      vertex 15 19 -4.5
      vertex 11.313585389802961 16.983565686104818 -4.5
    endloop
  endfacet
  facet normal 1 0 0
    outer loop
      vertex 15 19 -4.5
      vertex 15 19 0
      vertex 15 17 0
    endloop
  endfacet
  facet normal 1 0 0
    outer loop
      vertex 15 16.906872221260645 -1.776983875550109
      vertex 15 19 -4.5
      vertex 15 17 0
    endloop
  endfacet
  facet normal 1 0 0
    outer loop
      vertex 15 16.906872221260645 -1.776983875550109
      vertex 15 16.628509212474697 -3.5344987439019087
      vertex 15 19 -4.5
    endloop
  endfacet
  facet normal 1 0 0
    outer loop
      vertex 15 16.628509212474697 -3.5344987439019087
      vertex 15 16.369803930611976 -4.5
      vertex 15 19 -4.5
    endloop
  endfacet
  facet normal 0 0 -1
    outer loop
      vertex 15 19 -4.5
      vertex 11.623735072453279 16.934442802201417 -4.5
      vertex 11.313585389802961 16.983565686104818 -4.5
    endloop
  endfacet
  facet normal 0 0 -1
    outer loop
      vertex 15 19 -4.5
      vertex 11.927050983124841 16.85316954888546 -4.5
      vertex 11.623735072453279 16.934442802201417 -4.5
    endloop
  endfacet
  facet normal 0 0 -1
    outer loop
      vertex 15 19 -4.5
      vertex 12.220209929227401 16.740636372927803 -4.5
      vertex 11.927050983124841 16.85316954888546 -4.5
    endloop
  endfacet
  facet normal 0 0 -1
    outer loop
      vertex 15 19 -4.5
      vertex 12.5 16.598076211353316 -4.5
      vertex 12.220209929227401 16.740636372927803 -4.5
    endloop
  endfacet
  facet normal 0 0 -1
    outer loop
      vertex 15 19 -4.5
      vertex 15 16.369803930611976 -4.5
      vertex 12.5 16.598076211353316 -4.5
    endloop
  endfacet
  facet normal 0 0 -1
    outer loop
      vertex 15 16.369803930611976 -4.5
      vertex 12.76335575687742 16.427050983124843 -4.5
      vertex 12.5 16.598076211353316 -4.5
    endloop
  endfacet
  facet normal 0 0 -1
    outer loop
      vertex 15 16.369803930611976 -4.5
      vertex 12.834049979245572 16.369803930611976 -4.5
      vertex 12.76335575687742 16.427050983124843 -4.5
    endloop
  endfacet
  facet normal 0 -1 0
    outer loop
      vertex -15 -19 -4.5
      vertex 15 -19 -4.5
      vertex 13.189973185050189 -19 0
    endloop
  endfacet
  facet normal 0 0 -1
    outer loop
      vertex -9.165950020754428 -16.369803930611976 -4.5
      vertex 9.165950020754428 -16.369803930611976 -4.5
      vertex 9.23664424312258 -16.427050983124843 -4.5
    endloop
  endfacet
  facet normal 0 0 -1
    outer loop
      vertex -9.165950020754428 -16.369803930611976 -4.5
      vertex 9.23664424312258 -16.427050983124843 -4.5
      vertex 9.5 -16.598076211353316 -4.5
    endloop
  endfacet
  facet normal 0 0 -1
    outer loop
      vertex -9.165950020754428 -16.369803930611976 -4.5
      vertex 9.5 -16.598076211353316 -4.5
      vertex 9.779790070772599 -16.740636372927803 -4.5
    endloop
  endfacet
  facet normal 0 0 -1
    outer loop
      vertex -9.165950020754428 -16.369803930611976 -4.5
      vertex 9.779790070772599 -16.740636372927803 -4.5
      vertex 10.072949016875159 -16.85316954888546 -4.5
    endloop
  endfacet
  facet normal 0 0 -1
    outer loop
      vertex -9.165950020754428 -16.369803930611976 -4.5
      vertex 10.072949016875159 -16.85316954888546 -4.5
      vertex 10.376264927546721 -16.934442802201417 -4.5
    endloop
  endfacet
  facet normal 0 0 -1
    outer loop
      vertex -9.165950020754428 -16.369803930611976 -4.5
      vertex 10.376264927546721 -16.934442802201417 -4.5
      vertex 10.686414610197039 -16.983565686104818 -4.5
    endloop
  endfacet
  facet normal 0 0 -1
    outer loop
      vertex -9.165950020754428 -16.369803930611976 -4.5
      vertex 10.686414610197039 -16.983565686104818 -4.5
      vertex 11 -17 -4.5
    endloop
  endfacet
  facet normal 0 0 -1
    outer loop
      vertex 15 -19 -4.5
      vertex -9.165950020754428 -16.369803930611976 -4.5
      vertex 11 -17 -4.5
    endloop
  endfacet
  facet normal 1 0 0
    outer loop
      vertex 15 -16.906872221260645 -1.776983875550109
      vertex 15 -17 0
      vertex 15 -19 0
    endloop
  endfacet
  facet normal 0 -1 0
    outer loop
      vertex 15 -19 -4.5
      vertex 15 -19 0
      vertex 13.189973185050189 -19 0
    endloop
  endfacet
  facet normal 1 0 0
    outer loop
      vertex 15 -16.906872221260645 -1.776983875550109
      vertex 15 -19 0
      vertex 15 -19 -4.5
    endloop
  endfacet
  facet normal 1 0 0
    outer loop
      vertex 15 -16.906872221260645 -1.776983875550109
      vertex 15 -19 -4.5
      vertex 15 -16.628509212474697 -3.5344987439019087
    endloop
  endfacet
  facet normal 1 0 0
    outer loop
      vertex 15 -16.628509212474697 -3.5344987439019087
      vertex 15 -19 -4.5
      vertex 15 -16.369803930611976 -4.5
    endloop
  endfacet
  facet normal 0 0 -1
    outer loop
      vertex 15 -19 -4.5
      vertex 11 -17 -4.5
      vertex 11.313585389802961 -16.983565686104818 -4.5
    endloop
  endfacet
  facet normal 0 0 -1
    outer loop
      vertex 15 -19 -4.5
      vertex 11.313585389802961 -16.983565686104818 -4.5
      vertex 11.623735072453279 -16.934442802201417 -4.5
    endloop
  endfacet
  facet normal 0 0 -1
    outer loop
      vertex 15 -19 -4.5
      vertex 11.623735072453279 -16.934442802201417 -4.5
      vertex 11.927050983124841 -16.85316954888546 -4.5
    endloop
  endfacet
  facet normal 0 0 -1
    outer loop
      vertex 15 -19 -4.5
      vertex 11.927050983124841 -16.85316954888546 -4.5
      vertex 12.220209929227401 -16.740636372927803 -4.5
    endloop
  endfacet
  facet normal 0 0 -1
    outer loop
      vertex 15 -19 -4.5
      vertex 12.220209929227401 -16.740636372927803 -4.5
      vertex 12.5 -16.598076211353316 -4.5
    endloop
  endfacet
  facet normal 0 0 -1
    outer loop
      vertex 15 -19 -4.5
      vertex 12.5 -16.598076211353316 -4.5
      vertex 12.76335575687742 -16.427050983124843 -4.5
    endloop
  endfacet
  facet normal 0 0 -1
    outer loop
      vertex 15 -19 -4.5
      vertex 12.76335575687742 -16.427050983124843 -4.5
      vertex 12.834049979245572 -16.369803930611976 -4.5
    endloop
  endfacet
  facet normal 0 0 -1
    outer loop
      vertex 15 -16.369803930611976 -4.5
      vertex 15 -19 -4.5
      vertex 12.834049979245572 -16.369803930611976 -4.5
    endloop
  endfacet
  facet normal 0.8386705679454263 -0.5446390350150235 -4.425185184052951e-19
    outer loop
      vertex -12.37532889043741 14.999234928897204 0
      vertex -12.472243186433545 14.85 0
      vertex -12.472243186433545 14.85 -1.2
    endloop
  endfacet
  facet normal 0.7071067811865476 -0.7071067811865476 1.126120732727787e-18
    outer loop
      vertex -12.137522030810059 15.26334620331157 0
      vertex -12.26334620331157 15.137522030810059 0
      vertex -12.26334620331157 15.137522030810059 -1.2
    endloop
  endfacet
  facet normal 0.7771459614569729 -0.6293203910498348 0
    outer loop
      vertex -12.37532889043741 14.999234928897204 0
      vertex -12.37532889043741 14.999234928897204 -1.2
      vertex -12.26334620331157 15.137522030810059 0
    endloop
  endfacet
  facet normal 0.9335804264972034 -0.358367949545296 2.3149022037031112e-18
    outer loop
      vertex -12.553027277992422 14.69145229322886 0
      vertex -12.61679607770176 14.525328890437411 0
      vertex -12.61679607770176 14.525328890437411 -1.2
    endloop
  endfacet
  facet normal 0.8910065241883646 -0.45399049973955313 0
    outer loop
      vertex -12.553027277992422 14.69145229322886 0
      vertex -12.553027277992422 14.69145229322886 -1.2
      vertex -12.472243186433545 14.85 0
    endloop
  endfacet
  facet normal 0.9659258262890666 -0.2588190451025269 -3.057264247781421e-18
    outer loop
      vertex -12.61679607770176 14.525328890437411 0
      vertex -12.66285092124747 14.353449874390192 0
      vertex -12.66285092124747 14.353449874390192 -1.2
    endloop
  endfacet
  facet normal 0.987688340595139 -0.15643446504022357 0
    outer loop
      vertex -12.66285092124747 14.353449874390192 0
      vertex -12.690687222126064 14.177698387555012 -1.2
      vertex -12.66285092124747 14.353449874390192 -1.2
    endloop
  endfacet
  facet normal 0.8386705679454263 -0.5446390350150235 0
    outer loop
      vertex -12.37532889043741 14.999234928897204 0
      vertex -12.472243186433545 14.85 -1.2
      vertex -12.37532889043741 14.999234928897204 -1.2
    endloop
  endfacet
  facet normal 0.7771459614569729 -0.6293203910498348 0
    outer loop
      vertex -12.26334620331157 15.137522030810059 0
      vertex -12.37532889043741 14.999234928897204 -1.2
      vertex -12.26334620331157 15.137522030810059 -1.2
    endloop
  endfacet
  facet normal 0.9335804264972034 -0.358367949545296 0
    outer loop
      vertex -12.553027277992422 14.69145229322886 0
      vertex -12.61679607770176 14.525328890437411 -1.2
      vertex -12.553027277992422 14.69145229322886 -1.2
    endloop
  endfacet
  facet normal 0.8910065241883646 -0.45399049973955313 0
    outer loop
      vertex -12.472243186433545 14.85 0
      vertex -12.553027277992422 14.69145229322886 -1.2
      vertex -12.472243186433545 14.85 -1.2
    endloop
  endfacet
  facet normal 0.9659258262890666 -0.2588190451025269 0
    outer loop
      vertex -12.61679607770176 14.525328890437411 0
      vertex -12.66285092124747 14.353449874390192 -1.2
      vertex -12.61679607770176 14.525328890437411 -1.2
    endloop
  endfacet
  facet normal 0.45399049973955313 -0.8910065241883646 -1.873228080906661e-18
    outer loop
      vertex -11.69145229322886 15.553027277992422 0
      vertex -11.85 15.472243186433545 0
      vertex -11.85 15.472243186433545 -1.2
    endloop
  endfacet
  facet normal 0.358367949545296 -0.9335804264972034 0
    outer loop
      vertex -11.69145229322886 15.553027277992422 0
      vertex -11.69145229322886 15.553027277992422 -1.2
      vertex -11.525328890437411 15.61679607770176 0
    endloop
  endfacet
  facet normal 0.2588190451025269 -0.9659258262890666 0
    outer loop
      vertex -11.525328890437411 15.61679607770176 0
      vertex -11.525328890437411 15.61679607770176 -1.2
      vertex -11.353449874390192 15.66285092124747 0
    endloop
  endfacet
  facet normal 0.15643446504022357 -0.987688340595139 0
    outer loop
      vertex -11.353449874390192 15.66285092124747 0
      vertex -11.353449874390192 15.66285092124747 -1.2
      vertex -11.177698387555012 15.690687222126064 0
    endloop
  endfacet
  facet normal 0.5446390350150235 -0.8386705679454263 0
    outer loop
      vertex -11.85 15.472243186433545 0
      vertex -11.999234928897204 15.37532889043741 -1.2
      vertex -11.85 15.472243186433545 -1.2
    endloop
  endfacet
  facet normal 0.45399049973955313 -0.8910065241883646 0
    outer loop
      vertex -11.69145229322886 15.553027277992422 0
      vertex -11.85 15.472243186433545 -1.2
      vertex -11.69145229322886 15.553027277992422 -1.2
    endloop
  endfacet
  facet normal 0.358367949545296 -0.9335804264972034 2.3149022037031112e-18
    outer loop
      vertex -11.69145229322886 15.553027277992422 -1.2
      vertex -11.525328890437411 15.61679607770176 -1.2
      vertex -11.525328890437411 15.61679607770176 0
    endloop
  endfacet
  facet normal 0.2588190451025269 -0.9659258262890666 0
    outer loop
      vertex -11.353449874390192 15.66285092124747 0
      vertex -11.525328890437411 15.61679607770176 -1.2
      vertex -11.353449874390192 15.66285092124747 -1.2
    endloop
  endfacet
  facet normal 0.6293203910498348 -0.7771459614569729 0
    outer loop
      vertex -12.137522030810059 15.26334620331157 0
      vertex -12.137522030810059 15.26334620331157 -1.2
      vertex -11.999234928897204 15.37532889043741 0
    endloop
  endfacet
  facet normal 0.5446390350150235 -0.8386705679454263 0
    outer loop
      vertex -11.999234928897204 15.37532889043741 0
      vertex -11.999234928897204 15.37532889043741 -1.2
      vertex -11.85 15.472243186433545 0
    endloop
  endfacet
  facet normal 0.7071067811865476 -0.7071067811865476 0
    outer loop
      vertex -12.137522030810059 15.26334620331157 0
      vertex -12.26334620331157 15.137522030810059 -1.2
      vertex -12.137522030810059 15.26334620331157 -1.2
    endloop
  endfacet
  facet normal 0.6293203910498348 -0.7771459614569729 0
    outer loop
      vertex -11.999234928897204 15.37532889043741 0
      vertex -12.137522030810059 15.26334620331157 -1.2
      vertex -11.999234928897204 15.37532889043741 -1.2
    endloop
  endfacet
  facet normal 0.987688340595139 -0.15643446504022357 -1.859359593205559e-18
    outer loop
      vertex -12.66285092124747 14.353449874390192 0
      vertex -12.690687222126064 14.177698387555012 0
      vertex -12.690687222126064 14.177698387555012 -1.2
    endloop
  endfacet
  facet normal 0.9986295347545738 -0.05233595624294446 2.49131008873634e-19
    outer loop
      vertex -12.690687222126064 14.177698387555012 0
      vertex -12.7 14 0
      vertex -12.7 14 -1.2
    endloop
  endfacet
  facet normal 0.9986295347545738 0.05233595624294446 -2.49131008873634e-19
    outer loop
      vertex -12.7 14 0
      vertex -12.690687222126064 13.822301612444988 0
      vertex -12.690687222126064 13.822301612444988 -1.2
    endloop
  endfacet
  facet normal 0.987688340595139 0.15643446504022357 1.859359593205559e-18
    outer loop
      vertex -12.690687222126064 13.822301612444988 0
      vertex -12.66285092124747 13.646550125609808 0
      vertex -12.66285092124747 13.646550125609808 -1.2
    endloop
  endfacet
  facet normal 0.9659258262890666 0.2588190451025269 3.057264247781421e-18
    outer loop
      vertex -12.66285092124747 13.646550125609808 0
      vertex -12.61679607770176 13.474671109562589 0
      vertex -12.61679607770176 13.474671109562589 -1.2
    endloop
  endfacet
  facet normal 0.9335804264972034 0.358367949545296 -2.3149022037031112e-18
    outer loop
      vertex -12.61679607770176 13.474671109562589 0
      vertex -12.553027277992422 13.30854770677114 0
      vertex -12.553027277992422 13.30854770677114 -1.2
    endloop
  endfacet
  facet normal 0.8910065241883646 0.45399049973955313 1.873228080906661e-18
    outer loop
      vertex -12.553027277992422 13.30854770677114 0
      vertex -12.472243186433545 13.15 0
      vertex -12.472243186433545 13.15 -1.2
    endloop
  endfacet
  facet normal 0.9986295347545738 -0.05233595624294446 0
    outer loop
      vertex -12.690687222126064 14.177698387555012 0
      vertex -12.7 14 -1.2
      vertex -12.690687222126064 14.177698387555012 -1.2
    endloop
  endfacet
  facet normal 0.9986295347545738 0.05233595624294446 0
    outer loop
      vertex -12.7 14 0
      vertex -12.690687222126064 13.822301612444988 -1.2
      vertex -12.7 14 -1.2
    endloop
  endfacet
  facet normal 0.987688340595139 0.15643446504022357 0
    outer loop
      vertex -12.690687222126064 13.822301612444988 0
      vertex -12.66285092124747 13.646550125609808 -1.2
      vertex -12.690687222126064 13.822301612444988 -1.2
    endloop
  endfacet
  facet normal 0.9659258262890666 0.2588190451025269 0
    outer loop
      vertex -12.66285092124747 13.646550125609808 0
      vertex -12.61679607770176 13.474671109562589 -1.2
      vertex -12.66285092124747 13.646550125609808 -1.2
    endloop
  endfacet
  facet normal 0.9335804264972034 0.358367949545296 0
    outer loop
      vertex -12.61679607770176 13.474671109562589 0
      vertex -12.553027277992422 13.30854770677114 -1.2
      vertex -12.61679607770176 13.474671109562589 -1.2
    endloop
  endfacet
  facet normal 0.8910065241883646 0.45399049973955313 0
    outer loop
      vertex -12.553027277992422 13.30854770677114 0
      vertex -12.472243186433545 13.15 -1.2
      vertex -12.553027277992422 13.30854770677114 -1.2
    endloop
  endfacet
  facet normal 0.8386705679454263 0.5446390350150235 0
    outer loop
      vertex -12.472243186433545 13.15 0
      vertex -12.37532889043741 13.000765071102796 -1.2
      vertex -12.472243186433545 13.15 -1.2
    endloop
  endfacet
  facet normal 0.8386705679454263 0.5446390350150235 4.425185184052951e-19
    outer loop
      vertex -12.472243186433545 13.15 0
      vertex -12.37532889043741 13.000765071102796 0
      vertex -12.37532889043741 13.000765071102796 -1.2
    endloop
  endfacet
  facet normal 0.7771459614569779 0.629320391049829 0
    outer loop
      vertex -12.37532889043741 13.000765071102796 0
      vertex -12.374709348074107 13 0
      vertex -12.37532889043741 13.000765071102796 -1.2
    endloop
  endfacet
  facet normal 0.7771459614569705 0.629320391049838 9.588137265036431e-18
    outer loop
      vertex -12.374709348074107 13 0
      vertex -12.32378256861977 12.93711066486035 -1.2
      vertex -12.37532889043741 13.000765071102796 -1.2
    endloop
  endfacet
  facet normal 0.05233595624294446 -0.9986295347545738 0
    outer loop
      vertex -11.177698387555012 15.690687222126064 0
      vertex -11.177698387555012 15.690687222126064 -1.2
      vertex -11 15.7 0
    endloop
  endfacet
  facet normal -0.05233595624294446 -0.9986295347545738 0
    outer loop
      vertex -11 15.7 0
      vertex -11 15.7 -1.2
      vertex -10.822301612444988 15.690687222126064 0
    endloop
  endfacet
  facet normal -0.15643446504022357 -0.987688340595139 0
    outer loop
      vertex -10.822301612444988 15.690687222126064 0
      vertex -10.822301612444988 15.690687222126064 -1.2
      vertex -10.646550125609808 15.66285092124747 0
    endloop
  endfacet
  facet normal -0.2588190451025269 -0.9659258262890666 0
    outer loop
      vertex -10.646550125609808 15.66285092124747 0
      vertex -10.646550125609808 15.66285092124747 -1.2
      vertex -10.474671109562589 15.61679607770176 0
    endloop
  endfacet
  facet normal -0.358367949545296 -0.9335804264972034 0
    outer loop
      vertex -10.474671109562589 15.61679607770176 0
      vertex -10.474671109562589 15.61679607770176 -1.2
      vertex -10.30854770677114 15.553027277992422 0
    endloop
  endfacet
  facet normal 0.15643446504022357 -0.987688340595139 0
    outer loop
      vertex -11.177698387555012 15.690687222126064 0
      vertex -11.353449874390192 15.66285092124747 -1.2
      vertex -11.177698387555012 15.690687222126064 -1.2
    endloop
  endfacet
  facet normal 0.05233595624294446 -0.9986295347545738 0
    outer loop
      vertex -11 15.7 0
      vertex -11.177698387555012 15.690687222126064 -1.2
      vertex -11 15.7 -1.2
    endloop
  endfacet
  facet normal -0.05233595624294446 -0.9986295347545738 0
    outer loop
      vertex -10.822301612444988 15.690687222126064 0
      vertex -11 15.7 -1.2
      vertex -10.822301612444988 15.690687222126064 -1.2
    endloop
  endfacet
  facet normal -0.15643446504022357 -0.987688340595139 0
    outer loop
      vertex -10.646550125609808 15.66285092124747 0
      vertex -10.822301612444988 15.690687222126064 -1.2
      vertex -10.646550125609808 15.66285092124747 -1.2
    endloop
  endfacet
  facet normal -0.2588190451025269 -0.9659258262890666 0
    outer loop
      vertex -10.474671109562589 15.61679607770176 0
      vertex -10.646550125609808 15.66285092124747 -1.2
      vertex -10.474671109562589 15.61679607770176 -1.2
    endloop
  endfacet
  facet normal -0.358367949545296 -0.9335804264972034 0
    outer loop
      vertex -10.30854770677114 15.553027277992422 0
      vertex -10.474671109562589 15.61679607770176 -1.2
      vertex -10.30854770677114 15.553027277992422 -1.2
    endloop
  endfacet
  facet normal -0.45399049973955313 -0.8910065241883646 0
    outer loop
      vertex -10.30854770677114 15.553027277992422 0
      vertex -10.30854770677114 15.553027277992422 -1.2
      vertex -10.15 15.472243186433545 0
    endloop
  endfacet
  facet normal -0.5446390350150235 -0.8386705679454263 0
    outer loop
      vertex -10.15 15.472243186433545 0
      vertex -10.15 15.472243186433545 -1.2
      vertex -10.000765071102796 15.37532889043741 0
    endloop
  endfacet
  facet normal -0.45399049973955313 -0.8910065241883646 0
    outer loop
      vertex -10.15 15.472243186433545 0
      vertex -10.30854770677114 15.553027277992422 -1.2
      vertex -10.15 15.472243186433545 -1.2
    endloop
  endfacet
  facet normal -0.6293203910498348 -0.7771459614569729 0
    outer loop
      vertex -10.000765071102796 15.37532889043741 0
      vertex -10.000765071102796 15.37532889043741 -1.2
      vertex -9.862477969189941 15.26334620331157 0
    endloop
  endfacet
  facet normal -0.7071067811865476 -0.7071067811865476 0
    outer loop
      vertex -9.862477969189941 15.26334620331157 0
      vertex -9.862477969189941 15.26334620331157 -1.2
      vertex -9.73665379668843 15.137522030810059 0
    endloop
  endfacet
  facet normal -0.7771459614569729 -0.6293203910498348 0
    outer loop
      vertex -9.73665379668843 15.137522030810059 0
      vertex -9.73665379668843 15.137522030810059 -1.2
      vertex -9.62467110956259 14.999234928897204 0
    endloop
  endfacet
  facet normal -0.8386705679454263 -0.5446390350150235 0
    outer loop
      vertex -9.62467110956259 14.999234928897204 0
      vertex -9.62467110956259 14.999234928897204 -1.2
      vertex -9.527756813566455 14.85 0
    endloop
  endfacet
  facet normal -0.8910065241883646 -0.45399049973955313 0
    outer loop
      vertex -9.527756813566455 14.85 0
      vertex -9.527756813566455 14.85 -1.2
      vertex -9.446972722007578 14.69145229322886 0
    endloop
  endfacet
  facet normal -0.9335804264972034 -0.358367949545296 0
    outer loop
      vertex -9.446972722007578 14.69145229322886 0
      vertex -9.446972722007578 14.69145229322886 -1.2
      vertex -9.38320392229824 14.525328890437411 0
    endloop
  endfacet
  facet normal -0.5446390350150235 -0.8386705679454263 0
    outer loop
      vertex -10.000765071102796 15.37532889043741 0
      vertex -10.15 15.472243186433545 -1.2
      vertex -10.000765071102796 15.37532889043741 -1.2
    endloop
  endfacet
  facet normal -0.6293203910498348 -0.7771459614569729 0
    outer loop
      vertex -9.862477969189941 15.26334620331157 0
      vertex -10.000765071102796 15.37532889043741 -1.2
      vertex -9.862477969189941 15.26334620331157 -1.2
    endloop
  endfacet
  facet normal -0.7071067811865476 -0.7071067811865476 0
    outer loop
      vertex -9.73665379668843 15.137522030810059 0
      vertex -9.862477969189941 15.26334620331157 -1.2
      vertex -9.73665379668843 15.137522030810059 -1.2
    endloop
  endfacet
  facet normal -0.7771459614569729 -0.6293203910498348 1.2974328472120694e-18
    outer loop
      vertex -9.73665379668843 15.137522030810059 -1.2
      vertex -9.62467110956259 14.999234928897204 -1.2
      vertex -9.62467110956259 14.999234928897204 0
    endloop
  endfacet
  facet normal -0.8386705679454263 -0.5446390350150235 0
    outer loop
      vertex -9.527756813566455 14.85 0
      vertex -9.62467110956259 14.999234928897204 -1.2
      vertex -9.527756813566455 14.85 -1.2
    endloop
  endfacet
  facet normal -0.8910065241883646 -0.45399049973955313 0
    outer loop
      vertex -9.446972722007578 14.69145229322886 0
      vertex -9.527756813566455 14.85 -1.2
      vertex -9.446972722007578 14.69145229322886 -1.2
    endloop
  endfacet
  facet normal -0.9335804264972034 -0.358367949545296 -2.3149022037031112e-18
    outer loop
      vertex -9.446972722007578 14.69145229322886 -1.2
      vertex -9.38320392229824 14.525328890437411 -1.2
      vertex -9.38320392229824 14.525328890437411 0
    endloop
  endfacet
  facet normal -0.9659258262890666 -0.2588190451025269 0
    outer loop
      vertex -9.38320392229824 14.525328890437411 0
      vertex -9.38320392229824 14.525328890437411 -1.2
      vertex -9.33714907875253 14.353449874390192 0
    endloop
  endfacet
  facet normal -0.987688340595139 -0.15643446504022357 0
    outer loop
      vertex -9.33714907875253 14.353449874390192 0
      vertex -9.33714907875253 14.353449874390192 -1.2
      vertex -9.309312777873936 14.177698387555012 0
    endloop
  endfacet
  facet normal -0.9659258262890666 -0.2588190451025269 0
    outer loop
      vertex -9.33714907875253 14.353449874390192 0
      vertex -9.38320392229824 14.525328890437411 -1.2
      vertex -9.33714907875253 14.353449874390192 -1.2
    endloop
  endfacet
  facet normal -0.9335804264972034 0.358367949545296 0
    outer loop
      vertex -9.38320392229824 13.474671109562589 0
      vertex -9.38320392229824 13.474671109562589 -1.2
      vertex -9.446972722007578 13.30854770677114 0
    endloop
  endfacet
  facet normal -0.8386705679454263 0.5446390350150235 0
    outer loop
      vertex -9.527756813566455 13.15 0
      vertex -9.527756813566455 13.15 -1.2
      vertex -9.62467110956259 13.000765071102796 0
    endloop
  endfacet
  facet normal -0.8910065241883646 0.45399049973955313 0
    outer loop
      vertex -9.446972722007578 13.30854770677114 0
      vertex -9.446972722007578 13.30854770677114 -1.2
      vertex -9.527756813566455 13.15 0
    endloop
  endfacet
  facet normal -0.9335804264972034 0.358367949545296 0
    outer loop
      vertex -9.446972722007578 13.30854770677114 0
      vertex -9.38320392229824 13.474671109562589 -1.2
      vertex -9.446972722007578 13.30854770677114 -1.2
    endloop
  endfacet
  facet normal -0.8910065241883646 0.45399049973955313 0
    outer loop
      vertex -9.527756813566455 13.15 0
      vertex -9.446972722007578 13.30854770677114 -1.2
      vertex -9.527756813566455 13.15 -1.2
    endloop
  endfacet
  facet normal -0.7771459614569779 0.629320391049829 0
    outer loop
      vertex -9.62467110956259 13.000765071102796 0
      vertex -9.62467110956259 13.000765071102796 -1.2
      vertex -9.625290651925893 13 0
    endloop
  endfacet
  facet normal -0.7771459614569705 0.6293203910498378 9.587413731419744e-18
    outer loop
      vertex -9.625290651925893 13 0
      vertex -9.62467110956259 13.000765071102796 -1.2
      vertex -9.67621743138023 12.93711066486035 -1.2
    endloop
  endfacet
  facet normal -0.8386705679454263 0.5446390350150235 0
    outer loop
      vertex -9.62467110956259 13.000765071102796 0
      vertex -9.527756813566455 13.15 -1.2
      vertex -9.62467110956259 13.000765071102796 -1.2
    endloop
  endfacet
  facet normal -0.9986295347545738 -0.05233595624294446 0
    outer loop
      vertex -9.309312777873936 14.177698387555012 0
      vertex -9.309312777873936 14.177698387555012 -1.2
      vertex -9.3 14 0
    endloop
  endfacet
  facet normal -0.9986295347545738 0.05233595624294446 0
    outer loop
      vertex -9.3 14 0
      vertex -9.3 14 -1.2
      vertex -9.309312777873936 13.822301612444988 0
    endloop
  endfacet
  facet normal -0.987688340595139 0.15643446504022357 0
    outer loop
      vertex -9.309312777873936 13.822301612444988 0
      vertex -9.309312777873936 13.822301612444988 -1.2
      vertex -9.33714907875253 13.646550125609808 0
    endloop
  endfacet
  facet normal -0.9659258262890666 0.2588190451025269 0
    outer loop
      vertex -9.33714907875253 13.646550125609808 0
      vertex -9.33714907875253 13.646550125609808 -1.2
      vertex -9.38320392229824 13.474671109562589 0
    endloop
  endfacet
  facet normal -0.987688340595139 -0.15643446504022357 0
    outer loop
      vertex -9.309312777873936 14.177698387555012 0
      vertex -9.33714907875253 14.353449874390192 -1.2
      vertex -9.309312777873936 14.177698387555012 -1.2
    endloop
  endfacet
  facet normal -0.9986295347545738 -0.05233595624294446 0
    outer loop
      vertex -9.3 14 0
      vertex -9.309312777873936 14.177698387555012 -1.2
      vertex -9.3 14 -1.2
    endloop
  endfacet
  facet normal -0.9986295347545738 0.05233595624294446 0
    outer loop
      vertex -9.309312777873936 13.822301612444988 0
      vertex -9.3 14 -1.2
      vertex -9.309312777873936 13.822301612444988 -1.2
    endloop
  endfacet
  facet normal -0.987688340595139 0.15643446504022357 0
    outer loop
      vertex -9.33714907875253 13.646550125609808 0
      vertex -9.309312777873936 13.822301612444988 -1.2
      vertex -9.33714907875253 13.646550125609808 -1.2
    endloop
  endfacet
  facet normal -0.9659258262890666 0.2588190451025269 0
    outer loop
      vertex -9.38320392229824 13.474671109562589 0
      vertex -9.33714907875253 13.646550125609808 -1.2
      vertex -9.38320392229824 13.474671109562589 -1.2
    endloop
  endfacet
  facet normal 0.9876883405951398 -0.15643446504021785 0
    outer loop
      vertex -12.690687222126064 14.177698387555012 -9.2
      vertex -12.690687222126064 14.177698387555012 -9.338815995511112
      vertex -12.67640915601392 14.2678465490972 -9.2
    endloop
  endfacet
  facet normal 0.9986295347545738 -0.05233595624294447 0
    outer loop
      vertex -12.690687222126064 14.177698387555012 -9.2
      vertex -12.7 14 -9.61244751663342
      vertex -12.690687222126064 14.177698387555012 -9.338815995511112
    endloop
  endfacet
  facet normal 0.9986295347545738 -0.05233595624294446 7.248369758377548e-19
    outer loop
      vertex -12.690687222126064 14.177698387555012 -9.2
      vertex -12.7 14 -9.2
      vertex -12.7 14 -9.61244751663342
    endloop
  endfacet
  facet normal 0.9986295347545738 0.052335956242944466 -4.357474783463672e-19
    outer loop
      vertex -12.7 14 -9.2
      vertex -12.690687222126064 13.822301612444988 -9.2
      vertex -12.690687222126064 13.822301612444988 -9.886079037755728
    endloop
  endfacet
  facet normal 0.9876883405951388 0.15643446504022357 2.7890393898083357e-18
    outer loop
      vertex -12.690687222126064 13.822301612444988 -9.2
      vertex -12.66285092124747 13.646550125609808 -9.2
      vertex -12.66285092124747 13.646550125609808 -10
    endloop
  endfacet
  facet normal 0.9659258262890666 0.2588190451025269 4.5858963716721275e-18
    outer loop
      vertex -12.66285092124747 13.646550125609808 -9.2
      vertex -12.61679607770176 13.474671109562589 -9.2
      vertex -12.61679607770176 13.474671109562589 -10
    endloop
  endfacet
  facet normal 0.9335804264972032 0.358367949545296 -3.4723533055546636e-18
    outer loop
      vertex -12.61679607770176 13.474671109562589 -9.2
      vertex -12.553027277992422 13.30854770677114 -9.2
      vertex -12.553027277992422 13.30854770677114 -10
    endloop
  endfacet
  facet normal 0.8910065241883647 0.45399049973955313 2.8098421213599896e-18
    outer loop
      vertex -12.553027277992422 13.30854770677114 -9.2
      vertex -12.472243186433545 13.15 -9.2
      vertex -12.472243186433545 13.15 -10
    endloop
  endfacet
  facet normal 0.8386705679454263 0.5446390350150235 6.637777776079422e-19
    outer loop
      vertex -12.472243186433545 13.15 -9.2
      vertex -12.37532889043741 13.000765071102796 -9.2
      vertex -12.37532889043741 13.000765071102796 -10
    endloop
  endfacet
  facet normal 0.7771459614569729 0.629320391049835 1.9461492708181023e-18
    outer loop
      vertex -12.37532889043741 13.000765071102796 -9.2
      vertex -12.26334620331157 12.862477969189941 -9.2
      vertex -12.26334620331157 12.862477969189941 -10
    endloop
  endfacet
  facet normal 0.7071067811865475 0.7071067811865475 -1.689181099091679e-18
    outer loop
      vertex -12.26334620331157 12.862477969189941 -9.2
      vertex -12.137522030810059 12.73665379668843 -9.2
      vertex -12.137522030810059 12.73665379668843 -10
    endloop
  endfacet
  facet normal 0.629320391049835 0.7771459614569729 1.9461492708181023e-18
    outer loop
      vertex -12.137522030810059 12.73665379668843 -9.2
      vertex -11.999234928897204 12.62467110956259 -9.2
      vertex -11.999234928897204 12.62467110956259 -10
    endloop
  endfacet
  facet normal 0.5446390350150235 0.8386705679454263 6.637777776079422e-19
    outer loop
      vertex -11.999234928897204 12.62467110956259 -9.2
      vertex -11.85 12.527756813566455 -9.2
      vertex -11.85 12.527756813566455 -10
    endloop
  endfacet
  facet normal 0.45399049973955313 0.8910065241883647 2.8098421213599896e-18
    outer loop
      vertex -11.85 12.527756813566455 -9.2
      vertex -11.69145229322886 12.446972722007578 -9.2
      vertex -11.69145229322886 12.446972722007578 -10
    endloop
  endfacet
  facet normal 0.358367949545296 0.9335804264972032 -3.4723533055546636e-18
    outer loop
      vertex -11.69145229322886 12.446972722007578 -9.2
      vertex -11.525328890437411 12.38320392229824 -9.2
      vertex -11.525328890437411 12.38320392229824 -10
    endloop
  endfacet
  facet normal 0.2588190451025269 0.9659258262890666 4.5858963716721275e-18
    outer loop
      vertex -11.525328890437411 12.38320392229824 -9.2
      vertex -11.353449874390192 12.33714907875253 -9.2
      vertex -11.353449874390192 12.33714907875253 -10
    endloop
  endfacet
  facet normal 0.9986295347545738 0.05233595624294446 0
    outer loop
      vertex -12.7 14 -9.2
      vertex -12.690687222126064 13.822301612444988 -9.886079037755728
      vertex -12.7 14 -9.61244751663342
    endloop
  endfacet
  facet normal 0.9876883405951369 0.1564344650402366 0
    outer loop
      vertex -12.690687222126064 13.822301612444988 -9.2
      vertex -12.678775424278285 13.747093480741077 -10
      vertex -12.690687222126064 13.822301612444988 -9.886079037755728
    endloop
  endfacet
  facet normal 0.9876883405951404 0.15643446504021385 2.1842569413355718e-15
    outer loop
      vertex -12.690687222126064 13.822301612444988 -9.2
      vertex -12.66285092124747 13.646550125609808 -10
      vertex -12.678775424278285 13.747093480741077 -10
    endloop
  endfacet
  facet normal 0.9876883405951165 0.1564344650403657 -8.740872912551664e-14
    outer loop
      vertex -12.679756682982976 13.753288904374106 -9.992349288972044
      vertex -12.690687222126064 13.822301612444988 -9.886079037755728
      vertex -12.678775424278285 13.747093480741077 -10
    endloop
  endfacet
  facet normal 0.9659258262890666 0.2588190451025269 0
    outer loop
      vertex -12.66285092124747 13.646550125609808 -9.2
      vertex -12.61679607770176 13.474671109562589 -10
      vertex -12.66285092124747 13.646550125609808 -10
    endloop
  endfacet
  facet normal 0.9335804264972032 0.358367949545296 0
    outer loop
      vertex -12.61679607770176 13.474671109562589 -9.2
      vertex -12.553027277992422 13.30854770677114 -10
      vertex -12.61679607770176 13.474671109562589 -10
    endloop
  endfacet
  facet normal 0.8910065241883647 0.45399049973955313 0
    outer loop
      vertex -12.553027277992422 13.30854770677114 -9.2
      vertex -12.472243186433545 13.15 -10
      vertex -12.553027277992422 13.30854770677114 -10
    endloop
  endfacet
  facet normal 0.8386705679454263 0.5446390350150235 0
    outer loop
      vertex -12.472243186433545 13.15 -9.2
      vertex -12.37532889043741 13.000765071102796 -10
      vertex -12.472243186433545 13.15 -10
    endloop
  endfacet
  facet normal 0.7771459614569729 0.629320391049835 0
    outer loop
      vertex -12.37532889043741 13.000765071102796 -9.2
      vertex -12.26334620331157 12.862477969189941 -10
      vertex -12.37532889043741 13.000765071102796 -10
    endloop
  endfacet
  facet normal 0.7071067811865475 0.7071067811865475 0
    outer loop
      vertex -12.26334620331157 12.862477969189941 -9.2
      vertex -12.137522030810059 12.73665379668843 -10
      vertex -12.26334620331157 12.862477969189941 -10
    endloop
  endfacet
  facet normal 0 0 1
    outer loop
      vertex -12.66285092124747 13.646550125609808 -10
      vertex -9.321224575721715 13.747093480741079 -10
      vertex -12.678775424278285 13.747093480741077 -10
    endloop
  endfacet
  facet normal 0 0 1
    outer loop
      vertex -12.66285092124747 13.646550125609808 -10
      vertex -12.61679607770176 13.474671109562589 -10
      vertex -9.321224575721715 13.747093480741079 -10
    endloop
  endfacet
  facet normal 0 0 1
    outer loop
      vertex -12.61679607770176 13.474671109562589 -10
      vertex -12.553027277992422 13.30854770677114 -10
      vertex -9.321224575721715 13.747093480741079 -10
    endloop
  endfacet
  facet normal 0 0 1
    outer loop
      vertex -12.553027277992422 13.30854770677114 -10
      vertex -12.472243186433545 13.15 -10
      vertex -9.321224575721715 13.747093480741079 -10
    endloop
  endfacet
  facet normal 0 0 1
    outer loop
      vertex -12.472243186433545 13.15 -10
      vertex -12.37532889043741 13.000765071102796 -10
      vertex -9.321224575721715 13.747093480741079 -10
    endloop
  endfacet
  facet normal 0 0 1
    outer loop
      vertex -12.37532889043741 13.000765071102796 -10
      vertex -12.26334620331157 12.862477969189941 -10
      vertex -9.321224575721715 13.747093480741079 -10
    endloop
  endfacet
  facet normal 0.629320391049835 0.7771459614569729 0
    outer loop
      vertex -12.137522030810059 12.73665379668843 -9.2
      vertex -11.999234928897204 12.62467110956259 -10
      vertex -12.137522030810059 12.73665379668843 -10
    endloop
  endfacet
  facet normal 0.5446390350150235 0.8386705679454263 0
    outer loop
      vertex -11.999234928897204 12.62467110956259 -9.2
      vertex -11.85 12.527756813566455 -10
      vertex -11.999234928897204 12.62467110956259 -10
    endloop
  endfacet
  facet normal 0.45399049973955313 0.8910065241883647 0
    outer loop
      vertex -11.85 12.527756813566455 -9.2
      vertex -11.69145229322886 12.446972722007578 -10
      vertex -11.85 12.527756813566455 -10
    endloop
  endfacet
  facet normal 0.358367949545296 0.9335804264972032 0
    outer loop
      vertex -11.69145229322886 12.446972722007578 -9.2
      vertex -11.525328890437411 12.38320392229824 -10
      vertex -11.69145229322886 12.446972722007578 -10
    endloop
  endfacet
  facet normal 0.2588190451025269 0.9659258262890666 0
    outer loop
      vertex -11.525328890437411 12.38320392229824 -9.2
      vertex -11.353449874390192 12.33714907875253 -10
      vertex -11.525328890437411 12.38320392229824 -10
    endloop
  endfacet
  facet normal 0.15643446504022357 0.9876883405951388 0
    outer loop
      vertex -11.353449874390192 12.33714907875253 -9.2
      vertex -11.177698387555012 12.309312777873936 -10
      vertex -11.353449874390192 12.33714907875253 -10
    endloop
  endfacet
  facet normal 0.15643446504022357 0.9876883405951388 2.7890393898083357e-18
    outer loop
      vertex -11.353449874390192 12.33714907875253 -9.2
      vertex -11.177698387555012 12.309312777873936 -9.2
      vertex -11.177698387555012 12.309312777873936 -10
    endloop
  endfacet
  facet normal 0.052335956242944466 0.9986295347545738 -3.7369651331045064e-19
    outer loop
      vertex -11.177698387555012 12.309312777873936 -9.2
      vertex -11 12.3 -9.2
      vertex -11 12.3 -10
    endloop
  endfacet
  facet normal -0.052335956242944466 0.9986295347545738 3.7369651331045064e-19
    outer loop
      vertex -11 12.3 -9.2
      vertex -10.822301612444988 12.309312777873936 -9.2
      vertex -10.822301612444988 12.309312777873936 -10
    endloop
  endfacet
  facet normal -0.15643446504022357 0.9876883405951388 -2.7890393898083357e-18
    outer loop
      vertex -10.822301612444988 12.309312777873936 -9.2
      vertex -10.646550125609808 12.33714907875253 -9.2
      vertex -10.646550125609808 12.33714907875253 -10
    endloop
  endfacet
  facet normal -0.2588190451025269 0.9659258262890666 -4.5858963716721275e-18
    outer loop
      vertex -10.646550125609808 12.33714907875253 -9.2
      vertex -10.474671109562589 12.38320392229824 -9.2
      vertex -10.474671109562589 12.38320392229824 -10
    endloop
  endfacet
  facet normal -0.358367949545296 0.9335804264972032 3.4723533055546636e-18
    outer loop
      vertex -10.474671109562589 12.38320392229824 -9.2
      vertex -10.30854770677114 12.446972722007578 -9.2
      vertex -10.30854770677114 12.446972722007578 -10
    endloop
  endfacet
  facet normal -0.9335804264972032 0.358367949545296 0
    outer loop
      vertex -9.38320392229824 13.474671109562589 -9.2
      vertex -9.38320392229824 13.474671109562589 -10
      vertex -9.446972722007578 13.30854770677114 -9.2
    endloop
  endfacet
  facet normal -0.8386705679454263 0.5446390350150235 0
    outer loop
      vertex -9.527756813566455 13.15 -9.2
      vertex -9.527756813566455 13.15 -10
      vertex -9.62467110956259 13.000765071102796 -9.2
    endloop
  endfacet
  facet normal -0.8910065241883647 0.45399049973955313 0
    outer loop
      vertex -9.446972722007578 13.30854770677114 -9.2
      vertex -9.446972722007578 13.30854770677114 -10
      vertex -9.527756813566455 13.15 -9.2
    endloop
  endfacet
  facet normal -0.45399049973955313 0.8910065241883647 -2.8098421213599896e-18
    outer loop
      vertex -10.30854770677114 12.446972722007578 -9.2
      vertex -10.15 12.527756813566455 -9.2
      vertex -10.15 12.527756813566455 -10
    endloop
  endfacet
  facet normal -0.5446390350150235 0.8386705679454263 -6.637777776079422e-19
    outer loop
      vertex -10.15 12.527756813566455 -9.2
      vertex -10.000765071102796 12.62467110956259 -9.2
      vertex -10.000765071102796 12.62467110956259 -10
    endloop
  endfacet
  facet normal -0.629320391049835 0.7771459614569729 -1.9461492708181023e-18
    outer loop
      vertex -10.000765071102796 12.62467110956259 -9.2
      vertex -9.862477969189941 12.73665379668843 -9.2
      vertex -9.862477969189941 12.73665379668843 -10
    endloop
  endfacet
  facet normal -0.7071067811865475 0.7071067811865475 0
    outer loop
      vertex -9.73665379668843 12.862477969189941 -9.2
      vertex -9.73665379668843 12.862477969189941 -10
      vertex -9.862477969189941 12.73665379668843 -9.2
    endloop
  endfacet
  facet normal -0.7771459614569729 0.629320391049835 -1.9461492708181023e-18
    outer loop
      vertex -9.73665379668843 12.862477969189941 -9.2
      vertex -9.62467110956259 13.000765071102796 -9.2
      vertex -9.62467110956259 13.000765071102796 -10
    endloop
  endfacet
  facet normal 0 0 1
    outer loop
      vertex -12.26334620331157 12.862477969189941 -10
      vertex -12.137522030810059 12.73665379668843 -10
      vertex -9.321224575721715 13.747093480741079 -10
    endloop
  endfacet
  facet normal 0 0 1
    outer loop
      vertex -12.137522030810059 12.73665379668843 -10
      vertex -11.999234928897204 12.62467110956259 -10
      vertex -9.321224575721715 13.747093480741079 -10
    endloop
  endfacet
  facet normal 0 0 1
    outer loop
      vertex -11.999234928897204 12.62467110956259 -10
      vertex -11.85 12.527756813566455 -10
      vertex -9.321224575721715 13.747093480741079 -10
    endloop
  endfacet
  facet normal 0 0 1
    outer loop
      vertex -11.85 12.527756813566455 -10
      vertex -11.69145229322886 12.446972722007578 -10
      vertex -9.321224575721715 13.747093480741079 -10
    endloop
  endfacet
  facet normal 0 0 1
    outer loop
      vertex -11.69145229322886 12.446972722007578 -10
      vertex -11.525328890437411 12.38320392229824 -10
      vertex -9.321224575721715 13.747093480741079 -10
    endloop
  endfacet
  facet normal 0.052335956242944466 0.9986295347545738 0
    outer loop
      vertex -11.177698387555012 12.309312777873936 -9.2
      vertex -11 12.3 -10
      vertex -11.177698387555012 12.309312777873936 -10
    endloop
  endfacet
  facet normal -0.052335956242944466 0.9986295347545738 0
    outer loop
      vertex -11 12.3 -9.2
      vertex -10.822301612444988 12.309312777873936 -10
      vertex -11 12.3 -10
    endloop
  endfacet
  facet normal 0 0 1
    outer loop
      vertex -11.525328890437411 12.38320392229824 -10
      vertex -11.353449874390192 12.33714907875253 -10
      vertex -9.321224575721715 13.747093480741079 -10
    endloop
  endfacet
  facet normal 0 0 1
    outer loop
      vertex -11.353449874390192 12.33714907875253 -10
      vertex -11.177698387555012 12.309312777873936 -10
      vertex -9.321224575721715 13.747093480741079 -10
    endloop
  endfacet
  facet normal 0 0 1
    outer loop
      vertex -11.177698387555012 12.309312777873936 -10
      vertex -11 12.3 -10
      vertex -9.321224575721715 13.747093480741079 -10
    endloop
  endfacet
  facet normal 0 0 1
    outer loop
      vertex -11 12.3 -10
      vertex -10.822301612444988 12.309312777873936 -10
      vertex -9.321224575721715 13.747093480741079 -10
    endloop
  endfacet
  facet normal -0.15643446504022357 0.9876883405951388 0
    outer loop
      vertex -10.822301612444988 12.309312777873936 -9.2
      vertex -10.646550125609808 12.33714907875253 -10
      vertex -10.822301612444988 12.309312777873936 -10
    endloop
  endfacet
  facet normal -0.2588190451025269 0.9659258262890666 0
    outer loop
      vertex -10.646550125609808 12.33714907875253 -9.2
      vertex -10.474671109562589 12.38320392229824 -10
      vertex -10.646550125609808 12.33714907875253 -10
    endloop
  endfacet
  facet normal -0.358367949545296 0.9335804264972032 0
    outer loop
      vertex -10.474671109562589 12.38320392229824 -9.2
      vertex -10.30854770677114 12.446972722007578 -10
      vertex -10.474671109562589 12.38320392229824 -10
    endloop
  endfacet
  facet normal -0.9335804264972032 0.358367949545296 3.4723533055546636e-18
    outer loop
      vertex -9.38320392229824 13.474671109562589 -10
      vertex -9.446972722007578 13.30854770677114 -10
      vertex -9.446972722007578 13.30854770677114 -9.2
    endloop
  endfacet
  facet normal -0.8910065241883647 0.45399049973955313 0
    outer loop
      vertex -9.527756813566455 13.15 -9.2
      vertex -9.446972722007578 13.30854770677114 -10
      vertex -9.527756813566455 13.15 -10
    endloop
  endfacet
  facet normal 0 0 1
    outer loop
      vertex -9.73665379668843 12.862477969189941 -10
      vertex -9.321224575721715 13.747093480741079 -10
      vertex -9.862477969189941 12.73665379668843 -10
    endloop
  endfacet
  facet normal 0 0 1
    outer loop
      vertex -9.38320392229824 13.474671109562589 -10
      vertex -9.321224575721715 13.747093480741079 -10
      vertex -9.446972722007578 13.30854770677114 -10
    endloop
  endfacet
  facet normal 0 0 1
    outer loop
      vertex -9.446972722007578 13.30854770677114 -10
      vertex -9.321224575721715 13.747093480741079 -10
      vertex -9.527756813566455 13.15 -10
    endloop
  endfacet
  facet normal 0 0 1
    outer loop
      vertex -9.73665379668843 12.862477969189941 -10
      vertex -9.62467110956259 13.000765071102796 -10
      vertex -9.321224575721715 13.747093480741079 -10
    endloop
  endfacet
  facet normal 0 0 1
    outer loop
      vertex -9.527756813566455 13.15 -10
      vertex -9.321224575721715 13.747093480741079 -10
      vertex -9.62467110956259 13.000765071102796 -10
    endloop
  endfacet
  facet normal -0.45399049973955313 0.8910065241883647 0
    outer loop
      vertex -10.30854770677114 12.446972722007578 -9.2
      vertex -10.15 12.527756813566455 -10
      vertex -10.30854770677114 12.446972722007578 -10
    endloop
  endfacet
  facet normal -0.5446390350150235 0.8386705679454263 0
    outer loop
      vertex -10.15 12.527756813566455 -9.2
      vertex -10.000765071102796 12.62467110956259 -10
      vertex -10.15 12.527756813566455 -10
    endloop
  endfacet
  facet normal -0.629320391049835 0.7771459614569729 0
    outer loop
      vertex -10.000765071102796 12.62467110956259 -9.2
      vertex -9.862477969189941 12.73665379668843 -10
      vertex -10.000765071102796 12.62467110956259 -10
    endloop
  endfacet
  facet normal 0 0 1
    outer loop
      vertex -10.822301612444988 12.309312777873936 -10
      vertex -10.646550125609808 12.33714907875253 -10
      vertex -9.321224575721715 13.747093480741079 -10
    endloop
  endfacet
  facet normal 0 0 1
    outer loop
      vertex -10.646550125609808 12.33714907875253 -10
      vertex -10.474671109562589 12.38320392229824 -10
      vertex -9.321224575721715 13.747093480741079 -10
    endloop
  endfacet
  facet normal 0 0 1
    outer loop
      vertex -10.474671109562589 12.38320392229824 -10
      vertex -10.30854770677114 12.446972722007578 -10
      vertex -9.321224575721715 13.747093480741079 -10
    endloop
  endfacet
  facet normal 0 0 1
    outer loop
      vertex -10.30854770677114 12.446972722007578 -10
      vertex -10.15 12.527756813566455 -10
      vertex -9.321224575721715 13.747093480741079 -10
    endloop
  endfacet
  facet normal -0.7071067811865475 0.7071067811865475 0
    outer loop
      vertex -9.862477969189941 12.73665379668843 -9.2
      vertex -9.73665379668843 12.862477969189941 -10
      vertex -9.862477969189941 12.73665379668843 -10
    endloop
  endfacet
  facet normal -0.7771459614569729 0.629320391049835 0
    outer loop
      vertex -9.73665379668843 12.862477969189941 -9.2
      vertex -9.62467110956259 13.000765071102796 -10
      vertex -9.73665379668843 12.862477969189941 -10
    endloop
  endfacet
  facet normal -0.8386705679454263 0.5446390350150235 0
    outer loop
      vertex -9.62467110956259 13.000765071102796 -9.2
      vertex -9.527756813566455 13.15 -10
      vertex -9.62467110956259 13.000765071102796 -10
    endloop
  endfacet
  facet normal 0 0 1
    outer loop
      vertex -10.15 12.527756813566455 -10
      vertex -10.000765071102796 12.62467110956259 -10
      vertex -9.321224575721715 13.747093480741079 -10
    endloop
  endfacet
  facet normal 0 0 1
    outer loop
      vertex -10.000765071102796 12.62467110956259 -10
      vertex -9.862477969189941 12.73665379668843 -10
      vertex -9.321224575721715 13.747093480741079 -10
    endloop
  endfacet
  facet normal -0.9876883405951398 -0.15643446504021785 0
    outer loop
      vertex -9.309312777873936 14.177698387555012 -9.2
      vertex -9.32359084398608 14.2678465490972 -9.2
      vertex -9.309312777873936 14.177698387555012 -9.338815995511112
    endloop
  endfacet
  facet normal -0.9986295347545738 -0.05233595624294447 0
    outer loop
      vertex -9.309312777873936 14.177698387555012 -9.2
      vertex -9.309312777873936 14.177698387555012 -9.338815995511112
      vertex -9.3 14 -9.2
    endloop
  endfacet
  facet normal -0.9986295347545738 -0.05233595624294446 0
    outer loop
      vertex -9.3 14 -9.2
      vertex -9.309312777873936 14.177698387555012 -9.338815995511112
      vertex -9.3 14 -9.61244751663342
    endloop
  endfacet
  facet normal -0.9986295347545738 0.05233595624294446 0
    outer loop
      vertex -9.3 14 -9.2
      vertex -9.3 14 -9.61244751663342
      vertex -9.309312777873936 13.822301612444988 -9.2
    endloop
  endfacet
  facet normal -0.9876883405951389 0.15643446504022357 0
    outer loop
      vertex -9.309312777873936 13.822301612444988 -9.2
      vertex -9.309312777873936 13.822301612444988 -9.886079037755728
      vertex -9.33714907875253 13.646550125609808 -9.2
    endloop
  endfacet
  facet normal -0.9659258262890666 0.2588190451025269 0
    outer loop
      vertex -9.33714907875253 13.646550125609808 -9.2
      vertex -9.33714907875253 13.646550125609808 -10
      vertex -9.38320392229824 13.474671109562589 -9.2
    endloop
  endfacet
  facet normal -0.9986295347545738 0.052335956242944466 0
    outer loop
      vertex -9.309312777873936 13.822301612444988 -9.2
      vertex -9.3 14 -9.61244751663342
      vertex -9.309312777873936 13.822301612444988 -9.886079037755728
    endloop
  endfacet
  facet normal -0.9876883405951377 0.15643446504023134 2.038704248336963e-15
    outer loop
      vertex -9.33714907875253 13.646550125609808 -9.2
      vertex -9.309312777873936 13.822301612444988 -9.886079037755728
      vertex -9.320243317017024 13.753288904374106 -9.992349288972044
    endloop
  endfacet
  facet normal -0.9876883405951282 0.1564344650402916 1.0358656656769534e-14
    outer loop
      vertex -9.33714907875253 13.646550125609808 -9.2
      vertex -9.320243317017024 13.753288904374106 -9.992349288972044
      vertex -9.321224575721715 13.747093480741079 -10
    endloop
  endfacet
  facet normal -0.9876883405951408 0.15643446504021116 0
    outer loop
      vertex -9.33714907875253 13.646550125609808 -9.2
      vertex -9.321224575721715 13.747093480741079 -10
      vertex -9.33714907875253 13.646550125609808 -10
    endloop
  endfacet
  facet normal -0.9659258262890666 0.2588190451025269 0
    outer loop
      vertex -9.38320392229824 13.474671109562589 -9.2
      vertex -9.33714907875253 13.646550125609808 -10
      vertex -9.38320392229824 13.474671109562589 -10
    endloop
  endfacet
  facet normal 0 0 1
    outer loop
      vertex -9.33714907875253 13.646550125609808 -10
      vertex -9.321224575721715 13.747093480741079 -10
      vertex -9.38320392229824 13.474671109562589 -10
    endloop
  endfacet
  facet normal 0 0 -1
    outer loop
      vertex -13.598076211353316 15.5 -1.2
      vertex -13.801026090968495 12.93711066486035 -1.2
      vertex -13.740636372927803 15.220209929227401 -1.2
    endloop
  endfacet
  facet normal 0 0 -1
    outer loop
      vertex -13.598076211353316 15.5 -1.2
      vertex -13.427050983124843 15.76335575687742 -1.2
      vertex -13.801026090968495 12.93711066486035 -1.2
    endloop
  endfacet
  facet normal 0 0 -1
    outer loop
      vertex -13.853169548885461 14.927050983124841 -1.2
      vertex -13.740636372927803 15.220209929227401 -1.2
      vertex -13.801026090968495 12.93711066486035 -1.2
    endloop
  endfacet
  facet normal 0 0 -1
    outer loop
      vertex -13.229434476432182 16.007391819076574 -1.2
      vertex -13.801026090968495 12.93711066486035 -1.2
      vertex -13.427050983124843 15.76335575687742 -1.2
    endloop
  endfacet
  facet normal 0 0 -1
    outer loop
      vertex -13.007391819076574 16.229434476432182 -1.2
      vertex -12.76335575687742 16.427050983124843 -1.2
      vertex -13.801026090968495 12.93711066486035 -1.2
    endloop
  endfacet
  facet normal 0 0 -1
    outer loop
      vertex -13.229434476432182 16.007391819076574 -1.2
      vertex -13.007391819076574 16.229434476432182 -1.2
      vertex -13.801026090968495 12.93711066486035 -1.2
    endloop
  endfacet
  facet normal 0 0 -1
    outer loop
      vertex -12.5 16.598076211353316 -1.2
      vertex -12.220209929227401 16.740636372927803 -1.2
      vertex -12.26334620331157 15.137522030810059 -1.2
    endloop
  endfacet
  facet normal 0 0 -1
    outer loop
      vertex -12.76335575687742 16.427050983124843 -1.2
      vertex -12.5 16.598076211353316 -1.2
      vertex -12.553027277992422 14.69145229322886 -1.2
    endloop
  endfacet
  facet normal 0 0 -1
    outer loop
      vertex -12.5 16.598076211353316 -1.2
      vertex -12.37532889043741 14.999234928897204 -1.2
      vertex -12.472243186433545 14.85 -1.2
    endloop
  endfacet
  facet normal 0 0 -1
    outer loop
      vertex -12.5 16.598076211353316 -1.2
      vertex -12.26334620331157 15.137522030810059 -1.2
      vertex -12.37532889043741 14.999234928897204 -1.2
    endloop
  endfacet
  facet normal 0 0 -1
    outer loop
      vertex -12.220209929227401 16.740636372927803 -1.2
      vertex -12.137522030810059 15.26334620331157 -1.2
      vertex -12.26334620331157 15.137522030810059 -1.2
    endloop
  endfacet
  facet normal 0 0 -1
    outer loop
      vertex -12.76335575687742 16.427050983124843 -1.2
      vertex -12.61679607770176 14.525328890437411 -1.2
      vertex -12.66285092124747 14.353449874390192 -1.2
    endloop
  endfacet
  facet normal 0 0 -1
    outer loop
      vertex -12.76335575687742 16.427050983124843 -1.2
      vertex -12.690687222126064 14.177698387555012 -1.2
      vertex -12.7 14 -1.2
    endloop
  endfacet
  facet normal 0 0 -1
    outer loop
      vertex -12.76335575687742 16.427050983124843 -1.2
      vertex -12.66285092124747 14.353449874390192 -1.2
      vertex -12.690687222126064 14.177698387555012 -1.2
    endloop
  endfacet
  facet normal 0 0 -1
    outer loop
      vertex -12.76335575687742 16.427050983124843 -1.2
      vertex -12.7 14 -1.2
      vertex -13.801026090968495 12.93711066486035 -1.2
    endloop
  endfacet
  facet normal 0 0 -1
    outer loop
      vertex -12.76335575687742 16.427050983124843 -1.2
      vertex -12.553027277992422 14.69145229322886 -1.2
      vertex -12.61679607770176 14.525328890437411 -1.2
    endloop
  endfacet
  facet normal 0 0 -1
    outer loop
      vertex -12.5 16.598076211353316 -1.2
      vertex -12.472243186433545 14.85 -1.2
      vertex -12.553027277992422 14.69145229322886 -1.2
    endloop
  endfacet
  facet normal 0 0 -1
    outer loop
      vertex -12.220209929227401 16.740636372927803 -1.2
      vertex -11.927050983124841 16.85316954888546 -1.2
      vertex -11.999234928897204 15.37532889043741 -1.2
    endloop
  endfacet
  facet normal 0 0 -1
    outer loop
      vertex -11.927050983124841 16.85316954888546 -1.2
      vertex -11.623735072453279 16.934442802201417 -1.2
      vertex -11.69145229322886 15.553027277992422 -1.2
    endloop
  endfacet
  facet normal 0 0 -1
    outer loop
      vertex -12.220209929227401 16.740636372927803 -1.2
      vertex -11.999234928897204 15.37532889043741 -1.2
      vertex -12.137522030810059 15.26334620331157 -1.2
    endloop
  endfacet
  facet normal 0 0 -1
    outer loop
      vertex -11.927050983124841 16.85316954888546 -1.2
      vertex -11.85 15.472243186433545 -1.2
      vertex -11.999234928897204 15.37532889043741 -1.2
    endloop
  endfacet
  facet normal 0 0 -1
    outer loop
      vertex -11.927050983124841 16.85316954888546 -1.2
      vertex -11.69145229322886 15.553027277992422 -1.2
      vertex -11.85 15.472243186433545 -1.2
    endloop
  endfacet
  facet normal 0 0 -1
    outer loop
      vertex -11.69145229322886 15.553027277992422 -1.2
      vertex -11.623735072453279 16.934442802201417 -1.2
      vertex -11.525328890437411 15.61679607770176 -1.2
    endloop
  endfacet
  facet normal 0 0 -1
    outer loop
      vertex -11.623735072453279 16.934442802201417 -1.2
      vertex -11.353449874390192 15.66285092124747 -1.2
      vertex -11.525328890437411 15.61679607770176 -1.2
    endloop
  endfacet
  facet normal 0 0 -1
    outer loop
      vertex -11.623735072453279 16.934442802201417 -1.2
      vertex -11.313585389802961 16.983565686104818 -1.2
      vertex -11.353449874390192 15.66285092124747 -1.2
    endloop
  endfacet
  facet normal 0 0 -1
    outer loop
      vertex -11.313585389802961 16.983565686104818 -1.2
      vertex -11.177698387555012 15.690687222126064 -1.2
      vertex -11.353449874390192 15.66285092124747 -1.2
    endloop
  endfacet
  facet normal 0.7071067811865476 -0.7071067811865476 0
    outer loop
      vertex -13.229434476432182 16.007391819076574 -1.2
      vertex -13.229434476432182 16.007391819076574 -5.671585340835577
      vertex -13.007391819076574 16.229434476432182 -1.2
    endloop
  endfacet
  facet normal 0.7771459614569665 -0.6293203910498429 -1.894408504035645e-18
    outer loop
      vertex -13.229434476432182 16.007391819076574 -1.2
      vertex -13.427050983124843 15.76335575687742 -1.2
      vertex -13.427050983124843 15.76335575687742 -6.307321017861529
    endloop
  endfacet
  facet normal 0.838670567945426 -0.5446390350150241 -1.0018030126183336e-16
    outer loop
      vertex -13.598076211353316 15.5 -1.2
      vertex -13.578416838203335 15.530272779924214 -6.9145229322886035
      vertex -13.427050983124843 15.76335575687742 -1.2
    endloop
  endfacet
  facet normal 0.8910065241883673 -0.4539904997395476 1.3071359456990573e-18
    outer loop
      vertex -13.598076211353316 15.5 -1.2
      vertex -13.740636372927803 15.220209929227401 -1.2
      vertex -13.740636372927803 15.220209929227401 -7.5230555404330435
    endloop
  endfacet
  facet normal 0.9335804264972023 -0.3583679495452992 0
    outer loop
      vertex -13.853169548885461 14.927050983124841 -1.2
      vertex -13.853169548885461 14.927050983124841 -8.098412367836747
      vertex -13.740636372927803 15.220209929227401 -1.2
    endloop
  endfacet
  facet normal 0.9659258262890679 -0.25881904510252185 2.0893814645531265e-19
    outer loop
      vertex -13.853169548885461 14.927050983124841 -1.2
      vertex -13.934442802201417 14.623735072453279 -1.2
      vertex -13.934442802201417 14.623735072453279 -8.651979731860266
    endloop
  endfacet
  facet normal 0.9876883405951379 -0.15643446504022923 -7.695272629013741e-20
    outer loop
      vertex -13.934442802201417 14.623735072453279 -1.2
      vertex -13.98356568610482 14.313585389802961 -1.2
      vertex -13.98356568610482 14.313585389802961 -9.129568361711701
    endloop
  endfacet
  facet normal 0.4539904997395475 -0.8910065241883673 0
    outer loop
      vertex -12.5 16.598076211353316 -1.2
      vertex -12.5 16.598076211353316 -4.5
      vertex -12.220209929227401 16.740636372927803 -1.2
    endloop
  endfacet
  facet normal 0.3583679495452991 -0.9335804264972021 0
    outer loop
      vertex -12.220209929227401 16.740636372927803 -1.2
      vertex -12.220209929227401 16.740636372927803 -4.5
      vertex -11.927050983124841 16.85316954888546 -1.2
    endloop
  endfacet
  facet normal 0.2588190451025219 -0.965925826289068 0
    outer loop
      vertex -11.927050983124841 16.85316954888546 -1.2
      vertex -11.927050983124841 16.85316954888546 -4.5
      vertex -11.623735072453279 16.934442802201417 -1.2
    endloop
  endfacet
  facet normal 0.15643446504022376 -0.9876883405951389 0
    outer loop
      vertex -11.623735072453279 16.934442802201417 -1.2
      vertex -11.623735072453279 16.934442802201417 -4.5
      vertex -11.313585389802961 16.983565686104818 -1.2
    endloop
  endfacet
  facet normal 0.4539904997395475 -0.8910065241883673 0
    outer loop
      vertex -12.220209929227401 16.740636372927803 -1.2
      vertex -12.5 16.598076211353316 -4.5
      vertex -12.220209929227401 16.740636372927803 -4.5
    endloop
  endfacet
  facet normal 0.3583679495452991 -0.9335804264972021 0
    outer loop
      vertex -11.927050983124841 16.85316954888546 -1.2
      vertex -12.220209929227401 16.740636372927803 -4.5
      vertex -11.927050983124841 16.85316954888546 -4.5
    endloop
  endfacet
  facet normal 0.2588190451025219 -0.965925826289068 0
    outer loop
      vertex -11.623735072453279 16.934442802201417 -1.2
      vertex -11.927050983124841 16.85316954888546 -4.5
      vertex -11.623735072453279 16.934442802201417 -4.5
    endloop
  endfacet
  facet normal 0.15643446504022376 -0.9876883405951389 0
    outer loop
      vertex -11.313585389802961 16.983565686104818 -1.2
      vertex -11.623735072453279 16.934442802201417 -4.5
      vertex -11.313585389802961 16.983565686104818 -4.5
    endloop
  endfacet
  facet normal 0.6293203910498428 -0.7771459614569665 -8.848362531527111e-17
    outer loop
      vertex -13.007391819076574 16.229434476432182 -1.2
      vertex -12.834049979245572 16.369803930611976 -4.5
      vertex -12.76335575687742 16.427050983124843 -1.2
    endloop
  endfacet
  facet normal 0.544639035015024 -0.8386705679454259 0
    outer loop
      vertex -12.76335575687742 16.427050983124843 -1.2
      vertex -12.76335575687742 16.427050983124843 -4.5
      vertex -12.5 16.598076211353316 -1.2
    endloop
  endfacet
  facet normal 0.6293203910498405 -0.7771459614569683 0
    outer loop
      vertex -12.76335575687742 16.427050983124843 -1.2
      vertex -12.834049979245572 16.369803930611976 -4.5
      vertex -12.76335575687742 16.427050983124843 -4.5
    endloop
  endfacet
  facet normal 0.6293203910498438 -0.7771459614569657 0
    outer loop
      vertex -13.007391819076574 16.229434476432182 -1.2
      vertex -13.007391819076574 16.229434476432182 -5.023865934829698
      vertex -12.834049979245572 16.369803930611976 -4.5
    endloop
  endfacet
  facet normal 0.544639035015024 -0.8386705679454259 0
    outer loop
      vertex -12.5 16.598076211353316 -1.2
      vertex -12.76335575687742 16.427050983124843 -4.5
      vertex -12.5 16.598076211353316 -4.5
    endloop
  endfacet
  facet normal 0.7071067811865475 -0.7071067811865475 0
    outer loop
      vertex -13.007391819076574 16.229434476432182 -1.2
      vertex -13.068865518491148 16.16796077701761 -5.253288904374106
      vertex -13.007391819076574 16.229434476432182 -5.023865934829698
    endloop
  endfacet
  facet normal 0.7071067811865475 -0.7071067811865475 -5.252665466364821e-19
    outer loop
      vertex -13.007391819076574 16.229434476432182 -1.2
      vertex -13.229434476432182 16.007391819076574 -5.671585340835577
      vertex -13.068865518491148 16.16796077701761 -5.253288904374106
    endloop
  endfacet
  facet normal 0 0 -1
    outer loop
      vertex -13.934442802201417 14.623735072453279 -1.2
      vertex -13.934442802201417 13.376264927546721 -1.2
      vertex -13.98356568610482 14.313585389802961 -1.2
    endloop
  endfacet
  facet normal 0 0 -1
    outer loop
      vertex -13.98356568610482 14.313585389802961 -1.2
      vertex -13.98356568610482 13.686414610197039 -1.2
      vertex -14 14 -1.2
    endloop
  endfacet
  facet normal 0 0 -1
    outer loop
      vertex -13.853169548885461 14.927050983124841 -1.2
      vertex -13.853169548885461 13.072949016875159 -1.2
      vertex -13.934442802201417 14.623735072453279 -1.2
    endloop
  endfacet
  facet normal 0 0 -1
    outer loop
      vertex -13.98356568610482 14.313585389802961 -1.2
      vertex -13.934442802201417 13.376264927546721 -1.2
      vertex -13.98356568610482 13.686414610197039 -1.2
    endloop
  endfacet
  facet normal 0 0 -1
    outer loop
      vertex -13.934442802201417 14.623735072453279 -1.2
      vertex -13.853169548885461 13.072949016875159 -1.2
      vertex -13.934442802201417 13.376264927546721 -1.2
    endloop
  endfacet
  facet normal 0 0 -1
    outer loop
      vertex -13.853169548885461 14.927050983124841 -1.2
      vertex -13.801026090968495 12.93711066486035 -1.2
      vertex -13.853169548885461 13.072949016875159 -1.2
    endloop
  endfacet
  facet normal 0.9335804264972011 0.358367949545302 -4.496070008569419e-15
    outer loop
      vertex -13.853169548885461 13.072949016875159 -1.2
      vertex -13.801026090968495 12.93711066486035 -1.2
      vertex -13.797830029388246 12.928784639787553 -1.3588700224794952
    endloop
  endfacet
  facet normal 0 0 -1
    outer loop
      vertex -13.801026090968495 12.93711066486035 -1.2
      vertex -12.7 14 -1.2
      vertex -12.690687222126064 13.822301612444988 -1.2
    endloop
  endfacet
  facet normal 0 0 -1
    outer loop
      vertex -13.801026090968495 12.93711066486035 -1.2
      vertex -12.690687222126064 13.822301612444988 -1.2
      vertex -12.66285092124747 13.646550125609808 -1.2
    endloop
  endfacet
  facet normal 0 0 -1
    outer loop
      vertex -13.801026090968495 12.93711066486035 -1.2
      vertex -12.66285092124747 13.646550125609808 -1.2
      vertex -12.61679607770176 13.474671109562589 -1.2
    endloop
  endfacet
  facet normal 0 0 -1
    outer loop
      vertex -13.801026090968495 12.93711066486035 -1.2
      vertex -12.61679607770176 13.474671109562589 -1.2
      vertex -12.553027277992422 13.30854770677114 -1.2
    endloop
  endfacet
  facet normal 0 0 -1
    outer loop
      vertex -13.801026090968495 12.93711066486035 -1.2
      vertex -12.553027277992422 13.30854770677114 -1.2
      vertex -12.472243186433545 13.15 -1.2
    endloop
  endfacet
  facet normal 0 0 -1
    outer loop
      vertex -13.801026090968495 12.93711066486035 -1.2
      vertex -12.472243186433545 13.15 -1.2
      vertex -12.37532889043741 13.000765071102796 -1.2
    endloop
  endfacet
  facet normal 0 0 -1
    outer loop
      vertex -13.801026090968495 12.93711066486035 -1.2
      vertex -12.37532889043741 13.000765071102796 -1.2
      vertex -12.32378256861977 12.93711066486035 -1.2
    endloop
  endfacet
  facet normal 0.9986295347545737 -0.05233595624294484 6.864374739997764e-20
    outer loop
      vertex -13.98356568610482 14.313585389802961 -1.2
      vertex -14 14 -1.2
      vertex -14 14 -9.2
    endloop
  endfacet
  facet normal 0.9986295347545737 0.05233595624294484 -6.864374739997764e-20
    outer loop
      vertex -14 14 -1.2
      vertex -13.98356568610482 13.686414610197039 -1.2
      vertex -13.98356568610482 13.686414610197039 -9.2
    endloop
  endfacet
  facet normal 0.987688340595138 0.15643446504022926 7.627523796721676e-20
    outer loop
      vertex -13.98356568610482 13.686414610197039 -1.2
      vertex -13.934442802201417 13.376264927546721 -1.2
      vertex -13.934442802201417 13.376264927546721 -9.2
    endloop
  endfacet
  facet normal 0.965925826289068 0.2588190451025219 -1.9462535407468027e-19
    outer loop
      vertex -13.934442802201417 13.376264927546721 -1.2
      vertex -13.853169548885461 13.072949016875159 -1.2
      vertex -13.853169548885461 13.072949016875159 -9.2
    endloop
  endfacet
  facet normal 0.9335804264972027 0.3583679495452976 6.538861121105091e-17
    outer loop
      vertex -13.853169548885461 13.072949016875159 -1.2
      vertex -13.797830029388246 12.928784639787553 -1.3588700224794952
      vertex -13.740636372927803 12.779790070772599 -9.2
    endloop
  endfacet
  facet normal 0 0 -1
    outer loop
      vertex -11.313585389802961 16.983565686104818 -1.2
      vertex -11 17 -1.2
      vertex -11.177698387555012 15.690687222126064 -1.2
    endloop
  endfacet
  facet normal 0 0 -1
    outer loop
      vertex -11 17 -1.2
      vertex -11 15.7 -1.2
      vertex -11.177698387555012 15.690687222126064 -1.2
    endloop
  endfacet
  facet normal 0 0 -1
    outer loop
      vertex -11 17 -1.2
      vertex -10.686414610197039 16.983565686104818 -1.2
      vertex -11 15.7 -1.2
    endloop
  endfacet
  facet normal 0 0 -1
    outer loop
      vertex -10.686414610197039 16.983565686104818 -1.2
      vertex -10.822301612444988 15.690687222126064 -1.2
      vertex -11 15.7 -1.2
    endloop
  endfacet
  facet normal 0 0 -1
    outer loop
      vertex -10.686414610197039 16.983565686104818 -1.2
      vertex -10.376264927546721 16.934442802201417 -1.2
      vertex -10.646550125609808 15.66285092124747 -1.2
    endloop
  endfacet
  facet normal 0 0 -1
    outer loop
      vertex -10.686414610197039 16.983565686104818 -1.2
      vertex -10.646550125609808 15.66285092124747 -1.2
      vertex -10.822301612444988 15.690687222126064 -1.2
    endloop
  endfacet
  facet normal 0 0 -1
    outer loop
      vertex -10.376264927546721 16.934442802201417 -1.2
      vertex -10.474671109562589 15.61679607770176 -1.2
      vertex -10.646550125609808 15.66285092124747 -1.2
    endloop
  endfacet
  facet normal 0 0 -1
    outer loop
      vertex -10.376264927546721 16.934442802201417 -1.2
      vertex -10.30854770677114 15.553027277992422 -1.2
      vertex -10.474671109562589 15.61679607770176 -1.2
    endloop
  endfacet
  facet normal 0 0 -1
    outer loop
      vertex -10.376264927546721 16.934442802201417 -1.2
      vertex -10.072949016875159 16.85316954888546 -1.2
      vertex -10.30854770677114 15.553027277992422 -1.2
    endloop
  endfacet
  facet normal 0 0 -1
    outer loop
      vertex -10.072949016875159 16.85316954888546 -1.2
      vertex -9.779790070772599 16.740636372927803 -1.2
      vertex -10.000765071102796 15.37532889043741 -1.2
    endloop
  endfacet
  facet normal 0 0 -1
    outer loop
      vertex -10.072949016875159 16.85316954888546 -1.2
      vertex -10.15 15.472243186433545 -1.2
      vertex -10.30854770677114 15.553027277992422 -1.2
    endloop
  endfacet
  facet normal 0 0 -1
    outer loop
      vertex -10.072949016875159 16.85316954888546 -1.2
      vertex -10.000765071102796 15.37532889043741 -1.2
      vertex -10.15 15.472243186433545 -1.2
    endloop
  endfacet
  facet normal 0 0 -1
    outer loop
      vertex -9.779790070772599 16.740636372927803 -1.2
      vertex -9.862477969189941 15.26334620331157 -1.2
      vertex -10.000765071102796 15.37532889043741 -1.2
    endloop
  endfacet
  facet normal 0 0 -1
    outer loop
      vertex -9.779790070772599 16.740636372927803 -1.2
      vertex -9.5 16.598076211353316 -1.2
      vertex -9.73665379668843 15.137522030810059 -1.2
    endloop
  endfacet
  facet normal 0 0 -1
    outer loop
      vertex -9.779790070772599 16.740636372927803 -1.2
      vertex -9.73665379668843 15.137522030810059 -1.2
      vertex -9.862477969189941 15.26334620331157 -1.2
    endloop
  endfacet
  facet normal 0 0 -1
    outer loop
      vertex -9.73665379668843 15.137522030810059 -1.2
      vertex -9.5 16.598076211353316 -1.2
      vertex -9.62467110956259 14.999234928897204 -1.2
    endloop
  endfacet
  facet normal 0 0 -1
    outer loop
      vertex -9.5 16.598076211353316 -1.2
      vertex -9.23664424312258 16.427050983124843 -1.2
      vertex -9.446972722007578 14.69145229322886 -1.2
    endloop
  endfacet
  facet normal 0 0 -1
    outer loop
      vertex -9.5 16.598076211353316 -1.2
      vertex -9.527756813566455 14.85 -1.2
      vertex -9.62467110956259 14.999234928897204 -1.2
    endloop
  endfacet
  facet normal 0 0 -1
    outer loop
      vertex -9.5 16.598076211353316 -1.2
      vertex -9.446972722007578 14.69145229322886 -1.2
      vertex -9.527756813566455 14.85 -1.2
    endloop
  endfacet
  facet normal 0 0 -1
    outer loop
      vertex -9.23664424312258 16.427050983124843 -1.2
      vertex -9.38320392229824 14.525328890437411 -1.2
      vertex -9.446972722007578 14.69145229322886 -1.2
    endloop
  endfacet
  facet normal 0 0 -1
    outer loop
      vertex -9.23664424312258 16.427050983124843 -1.2
      vertex -9.33714907875253 14.353449874390192 -1.2
      vertex -9.38320392229824 14.525328890437411 -1.2
    endloop
  endfacet
  facet normal 0 0 -1
    outer loop
      vertex -9.23664424312258 16.427050983124843 -1.2
      vertex -9.309312777873936 14.177698387555012 -1.2
      vertex -9.33714907875253 14.353449874390192 -1.2
    endloop
  endfacet
  facet normal 0 0 -1
    outer loop
      vertex -9.23664424312258 16.427050983124843 -1.2
      vertex -9.3 14 -1.2
      vertex -9.309312777873936 14.177698387555012 -1.2
    endloop
  endfacet
  facet normal 0 0 -1
    outer loop
      vertex -9.23664424312258 16.427050983124843 -1.2
      vertex -8.198973909031505 12.93711066486035 -1.2
      vertex -9.3 14 -1.2
    endloop
  endfacet
  facet normal 0 0 -1
    outer loop
      vertex -9.23664424312258 16.427050983124843 -1.2
      vertex -8.992608180923426 16.229434476432182 -1.2
      vertex -8.198973909031505 12.93711066486035 -1.2
    endloop
  endfacet
  facet normal 0 0 -1
    outer loop
      vertex -8.992608180923426 16.229434476432182 -1.2
      vertex -8.770565523567818 16.007391819076574 -1.2
      vertex -8.198973909031505 12.93711066486035 -1.2
    endloop
  endfacet
  facet normal 0 0 -1
    outer loop
      vertex -8.770565523567818 16.007391819076574 -1.2
      vertex -8.572949016875157 15.76335575687742 -1.2
      vertex -8.198973909031505 12.93711066486035 -1.2
    endloop
  endfacet
  facet normal 0 0 -1
    outer loop
      vertex -8.572949016875157 15.76335575687742 -1.2
      vertex -8.401923788646684 15.5 -1.2
      vertex -8.198973909031505 12.93711066486035 -1.2
    endloop
  endfacet
  facet normal 0 0 -1
    outer loop
      vertex -8.401923788646684 15.5 -1.2
      vertex -8.259363627072197 15.220209929227401 -1.2
      vertex -8.198973909031505 12.93711066486035 -1.2
    endloop
  endfacet
  facet normal 0 0 -1
    outer loop
      vertex -8.259363627072197 15.220209929227401 -1.2
      vertex -8.146830451114539 14.927050983124841 -1.2
      vertex -8.146830451114539 13.072949016875159 -1.2
    endloop
  endfacet
  facet normal 0 0 -1
    outer loop
      vertex -8.146830451114539 14.927050983124841 -1.2
      vertex -8.065557197798583 14.623735072453279 -1.2
      vertex -8.065557197798583 13.376264927546721 -1.2
    endloop
  endfacet
  facet normal 0.052335956242950496 -0.9986295347545735 0
    outer loop
      vertex -11.313585389802961 16.983565686104818 -1.2
      vertex -11.313585389802961 16.983565686104818 -4.5
      vertex -11 17 -1.2
    endloop
  endfacet
  facet normal -0.052335956242950496 -0.9986295347545735 0
    outer loop
      vertex -11 17 -1.2
      vertex -11 17 -4.5
      vertex -10.686414610197039 16.983565686104818 -1.2
    endloop
  endfacet
  facet normal -0.15643446504022376 -0.9876883405951389 0
    outer loop
      vertex -10.686414610197039 16.983565686104818 -1.2
      vertex -10.686414610197039 16.983565686104818 -4.5
      vertex -10.376264927546721 16.934442802201417 -1.2
    endloop
  endfacet
  facet normal -0.2588190451025219 -0.965925826289068 0
    outer loop
      vertex -10.376264927546721 16.934442802201417 -1.2
      vertex -10.376264927546721 16.934442802201417 -4.5
      vertex -10.072949016875159 16.85316954888546 -1.2
    endloop
  endfacet
  facet normal -0.3583679495452991 -0.9335804264972021 0
    outer loop
      vertex -10.072949016875159 16.85316954888546 -1.2
      vertex -10.072949016875159 16.85316954888546 -4.5
      vertex -9.779790070772599 16.740636372927803 -1.2
    endloop
  endfacet
  facet normal -0.4539904997395475 -0.8910065241883673 0
    outer loop
      vertex -9.779790070772599 16.740636372927803 -1.2
      vertex -9.779790070772599 16.740636372927803 -4.5
      vertex -9.5 16.598076211353316 -1.2
    endloop
  endfacet
  facet normal 0.052335956242950496 -0.9986295347545735 0
    outer loop
      vertex -11 17 -1.2
      vertex -11.313585389802961 16.983565686104818 -4.5
      vertex -11 17 -4.5
    endloop
  endfacet
  facet normal -0.052335956242950496 -0.9986295347545735 0
    outer loop
      vertex -10.686414610197039 16.983565686104818 -1.2
      vertex -11 17 -4.5
      vertex -10.686414610197039 16.983565686104818 -4.5
    endloop
  endfacet
  facet normal -0.15643446504022376 -0.9876883405951389 0
    outer loop
      vertex -10.376264927546721 16.934442802201417 -1.2
      vertex -10.686414610197039 16.983565686104818 -4.5
      vertex -10.376264927546721 16.934442802201417 -4.5
    endloop
  endfacet
  facet normal -0.2588190451025219 -0.965925826289068 0
    outer loop
      vertex -10.072949016875159 16.85316954888546 -1.2
      vertex -10.376264927546721 16.934442802201417 -4.5
      vertex -10.072949016875159 16.85316954888546 -4.5
    endloop
  endfacet
  facet normal -0.3583679495452991 -0.9335804264972021 0
    outer loop
      vertex -9.779790070772599 16.740636372927803 -1.2
      vertex -10.072949016875159 16.85316954888546 -4.5
      vertex -9.779790070772599 16.740636372927803 -4.5
    endloop
  endfacet
  facet normal -0.4539904997395475 -0.8910065241883673 0
    outer loop
      vertex -9.5 16.598076211353316 -1.2
      vertex -9.779790070772599 16.740636372927803 -4.5
      vertex -9.5 16.598076211353316 -4.5
    endloop
  endfacet
  facet normal -0.544639035015024 -0.8386705679454259 0
    outer loop
      vertex -9.5 16.598076211353316 -1.2
      vertex -9.5 16.598076211353316 -4.5
      vertex -9.23664424312258 16.427050983124843 -1.2
    endloop
  endfacet
  facet normal -0.6293203910498428 -0.7771459614569665 -8.555170035494478e-17
    outer loop
      vertex -9.23664424312258 16.427050983124843 -1.2
      vertex -9.165950020754428 16.369803930611976 -4.5
      vertex -8.992608180923426 16.229434476432182 -1.2
    endloop
  endfacet
  facet normal -0.7071067811865475 -0.7071067811865475 0
    outer loop
      vertex -8.992608180923426 16.229434476432182 -1.2
      vertex -8.992608180923426 16.229434476432182 -5.023865934829704
      vertex -8.770565523567818 16.007391819076574 -1.2
    endloop
  endfacet
  facet normal -0.7771459614569665 -0.6293203910498428 0
    outer loop
      vertex -8.770565523567818 16.007391819076574 -1.2
      vertex -8.770565523567818 16.007391819076574 -5.671585340835573
      vertex -8.572949016875157 15.76335575687742 -1.2
    endloop
  endfacet
  facet normal -0.8386705679454259 -0.544639035015024 0
    outer loop
      vertex -8.572949016875157 15.76335575687742 -1.2
      vertex -8.572949016875157 15.76335575687742 -6.307321017861528
      vertex -8.401923788646684 15.5 -1.2
    endloop
  endfacet
  facet normal -0.8910065241883675 -0.45399049973954764 0
    outer loop
      vertex -8.401923788646684 15.5 -1.2
      vertex -8.401923788646684 15.5 -6.973936608198712
      vertex -8.259363627072197 15.220209929227401 -1.2
    endloop
  endfacet
  facet normal -0.544639035015024 -0.8386705679454259 0
    outer loop
      vertex -9.23664424312258 16.427050983124843 -1.2
      vertex -9.5 16.598076211353316 -4.5
      vertex -9.23664424312258 16.427050983124843 -4.5
    endloop
  endfacet
  facet normal -0.6293203910498405 -0.7771459614569683 0
    outer loop
      vertex -9.23664424312258 16.427050983124843 -1.2
      vertex -9.23664424312258 16.427050983124843 -4.5
      vertex -9.165950020754428 16.369803930611976 -4.5
    endloop
  endfacet
  facet normal -0.6293203910498439 -0.7771459614569657 0
    outer loop
      vertex -8.992608180923426 16.229434476432182 -1.2
      vertex -9.165950020754428 16.369803930611976 -4.5
      vertex -8.992608180923426 16.229434476432182 -5.023865934829704
    endloop
  endfacet
  facet normal -0.7071067811865476 -0.7071067811865475 1.2637566776539072e-18
    outer loop
      vertex -8.770565523567818 16.007391819076574 -1.2
      vertex -8.992608180923426 16.229434476432182 -5.023865934829704
      vertex -8.931134481508852 16.16796077701761 -5.253288904374106
    endloop
  endfacet
  facet normal -0.7071067811865476 -0.7071067811865476 0
    outer loop
      vertex -8.770565523567818 16.007391819076574 -1.2
      vertex -8.931134481508852 16.16796077701761 -5.253288904374106
      vertex -8.770565523567818 16.007391819076574 -5.671585340835573
    endloop
  endfacet
  facet normal -0.9335804264972022 -0.35836794954529916 0
    outer loop
      vertex -8.259363627072197 15.220209929227401 -1.2
      vertex -8.259363627072197 15.220209929227401 -7.523055540433044
      vertex -8.146830451114539 14.927050983124841 -1.2
    endloop
  endfacet
  facet normal -0.9659258262890681 -0.25881904510252196 0
    outer loop
      vertex -8.146830451114539 14.927050983124841 -1.2
      vertex -8.146830451114539 14.927050983124841 -8.098412367836746
      vertex -8.065557197798583 14.623735072453279 -1.2
    endloop
  endfacet
  facet normal -0.987688340595138 -0.1564344650402293 0
    outer loop
      vertex -8.065557197798583 14.623735072453279 -1.2
      vertex -8.065557197798583 14.623735072453279 -8.651979731860266
      vertex -8.01643431389518 14.313585389802961 -1.2
    endloop
  endfacet
  facet normal 0 0 -1
    outer loop
      vertex -9.3 14 -1.2
      vertex -8.198973909031505 12.93711066486035 -1.2
      vertex -9.309312777873936 13.822301612444988 -1.2
    endloop
  endfacet
  facet normal 0 0 -1
    outer loop
      vertex -9.309312777873936 13.822301612444988 -1.2
      vertex -8.198973909031505 12.93711066486035 -1.2
      vertex -9.33714907875253 13.646550125609808 -1.2
    endloop
  endfacet
  facet normal 0 0 -1
    outer loop
      vertex -9.446972722007578 13.30854770677114 -1.2
      vertex -8.198973909031505 12.93711066486035 -1.2
      vertex -9.527756813566455 13.15 -1.2
    endloop
  endfacet
  facet normal 0 0 -1
    outer loop
      vertex -9.33714907875253 13.646550125609808 -1.2
      vertex -8.198973909031505 12.93711066486035 -1.2
      vertex -9.38320392229824 13.474671109562589 -1.2
    endloop
  endfacet
  facet normal 0 0 -1
    outer loop
      vertex -9.38320392229824 13.474671109562589 -1.2
      vertex -8.198973909031505 12.93711066486035 -1.2
      vertex -9.446972722007578 13.30854770677114 -1.2
    endloop
  endfacet
  facet normal 0 0 -1
    outer loop
      vertex -9.62467110956259 13.000765071102796 -1.2
      vertex -8.198973909031505 12.93711066486035 -1.2
      vertex -9.67621743138023 12.93711066486035 -1.2
    endloop
  endfacet
  facet normal 0 0 -1
    outer loop
      vertex -9.527756813566455 13.15 -1.2
      vertex -8.198973909031505 12.93711066486035 -1.2
      vertex -9.62467110956259 13.000765071102796 -1.2
    endloop
  endfacet
  facet normal 0 0 -1
    outer loop
      vertex -8.065557197798583 14.623735072453279 -1.2
      vertex -8.01643431389518 14.313585389802961 -1.2
      vertex -8.01643431389518 13.686414610197039 -1.2
    endloop
  endfacet
  facet normal 0 0 -1
    outer loop
      vertex -8.01643431389518 14.313585389802961 -1.2
      vertex -8 14 -1.2
      vertex -8.01643431389518 13.686414610197039 -1.2
    endloop
  endfacet
  facet normal 0 0 -1
    outer loop
      vertex -8.259363627072197 15.220209929227401 -1.2
      vertex -8.146830451114539 13.072949016875159 -1.2
      vertex -8.198973909031505 12.93711066486035 -1.2
    endloop
  endfacet
  facet normal 0 0 -1
    outer loop
      vertex -8.146830451114539 14.927050983124841 -1.2
      vertex -8.065557197798583 13.376264927546721 -1.2
      vertex -8.146830451114539 13.072949016875159 -1.2
    endloop
  endfacet
  facet normal 0 0 -1
    outer loop
      vertex -8.065557197798583 14.623735072453279 -1.2
      vertex -8.01643431389518 13.686414610197039 -1.2
      vertex -8.065557197798583 13.376264927546721 -1.2
    endloop
  endfacet
  facet normal -0.9335804264972011 0.358367949545302 -4.51658372276685e-15
    outer loop
      vertex -8.146830451114539 13.072949016875159 -1.2
      vertex -8.202169970611754 12.928784639787553 -1.3588700224794952
      vertex -8.198973909031505 12.93711066486035 -1.2
    endloop
  endfacet
  facet normal -0.9986295347545738 -0.052335956242944855 0
    outer loop
      vertex -8.01643431389518 14.313585389802961 -1.2
      vertex -8.01643431389518 14.313585389802961 -9.129568361711701
      vertex -8 14 -1.2
    endloop
  endfacet
  facet normal -0.9986295347545737 0.05233595624294484 0
    outer loop
      vertex -8 14 -1.2
      vertex -8 14 -9.2
      vertex -8.01643431389518 13.686414610197039 -1.2
    endloop
  endfacet
  facet normal -0.987688340595138 0.15643446504022926 0
    outer loop
      vertex -8.01643431389518 13.686414610197039 -1.2
      vertex -8.01643431389518 13.686414610197039 -9.2
      vertex -8.065557197798583 13.376264927546721 -1.2
    endloop
  endfacet
  facet normal -0.965925826289068 0.2588190451025219 0
    outer loop
      vertex -8.065557197798583 13.376264927546721 -1.2
      vertex -8.065557197798583 13.376264927546721 -9.2
      vertex -8.146830451114539 13.072949016875159 -1.2
    endloop
  endfacet
  facet normal -0.9335804264972027 0.3583679495452977 0
    outer loop
      vertex -8.146830451114539 13.072949016875159 -1.2
      vertex -8.146830451114539 13.072949016875159 -9.2
      vertex -8.202169970611754 12.928784639787553 -1.3588700224794952
    endloop
  endfacet
  facet normal 0.7771459614569666 -0.629320391049843 0
    outer loop
      vertex -13.229434476432182 16.007391819076574 -1.2
      vertex -13.427050983124843 15.76335575687742 -6.307321017861529
      vertex -13.229434476432182 16.007391819076574 -5.671585340835577
    endloop
  endfacet
  facet normal 0.8386705679454249 -0.5446390350150258 0
    outer loop
      vertex -13.427050983124843 15.76335575687742 -1.2
      vertex -13.578416838203335 15.530272779924214 -6.9145229322886035
      vertex -13.427050983124843 15.76335575687742 -6.307321017861529
    endloop
  endfacet
  facet normal 0.8386705679454346 -0.5446390350150108 0
    outer loop
      vertex -13.598076211353316 15.5 -1.2
      vertex -13.598076211353316 15.5 -6.973936608198712
      vertex -13.578416838203335 15.530272779924214 -6.9145229322886035
    endloop
  endfacet
  facet normal 0.8910065241883675 -0.45399049973954764 0
    outer loop
      vertex -13.598076211353316 15.5 -1.2
      vertex -13.740636372927803 15.220209929227401 -7.5230555404330435
      vertex -13.598076211353316 15.5 -6.973936608198712
    endloop
  endfacet
  facet normal 0.9335804264972022 -0.35836794954529916 0
    outer loop
      vertex -13.740636372927803 15.220209929227401 -1.2
      vertex -13.853169548885461 14.927050983124841 -8.098412367836747
      vertex -13.740636372927803 15.220209929227401 -7.5230555404330435
    endloop
  endfacet
  facet normal 0.9659258262890672 -0.25881904510252485 0
    outer loop
      vertex -13.853169548885461 14.927050983124841 -1.2
      vertex -13.907997076521045 14.722431864335457 -8.5
      vertex -13.853169548885461 14.927050983124841 -8.098412367836747
    endloop
  endfacet
  facet normal 0.9659258262890696 -0.25881904510251535 -2.833611145219238e-16
    outer loop
      vertex -13.853169548885461 14.927050983124841 -1.2
      vertex -13.934442802201417 14.623735072453279 -8.651979731860266
      vertex -13.907997076521045 14.722431864335457 -8.5
    endloop
  endfacet
  facet normal 0.987688340595138 -0.1564344650402293 0
    outer loop
      vertex -13.934442802201417 14.623735072453279 -1.2
      vertex -13.98356568610482 14.313585389802961 -9.129568361711701
      vertex -13.934442802201417 14.623735072453279 -8.651979731860266
    endloop
  endfacet
  facet normal 0.9335804264972016 0.3583679495453006 1.917808291359442e-19
    outer loop
      vertex -13.797830029388246 12.928784639787553 -1.3588700224794952
      vertex -13.740636372927803 12.779790070772599 -2.299584708276025
      vertex -13.740636372927803 12.779790070772599 -9.2
    endloop
  endfacet
  facet normal 0.8910065241883669 0.45399049973954864 -5.495847855519791e-17
    outer loop
      vertex -13.740636372927803 12.779790070772599 -2.299584708276025
      vertex -13.708092339838219 12.715918809539474 -2.7028519806308715
      vertex -13.598076211353316 12.5 -9.2
    endloop
  endfacet
  facet normal 0.8910065241883676 0.45399049973954736 3.929689959184206e-19
    outer loop
      vertex -13.708092339838219 12.715918809539474 -2.7028519806308715
      vertex -13.598076211353316 12.5 -3.508671948141971
      vertex -13.598076211353316 12.5 -9.2
    endloop
  endfacet
  facet normal 0.8386705679454235 0.5446390350150279 -2.4674126916080544e-16
    outer loop
      vertex -13.598076211353316 12.5 -3.508671948141971
      vertex -13.509584498531014 12.363734711836996 -4.017220926874316
      vertex -13.427050983124843 12.23664424312258 -9.2
    endloop
  endfacet
  facet normal 0.8386705679454282 0.5446390350150208 3.570897950233428e-20
    outer loop
      vertex -13.509584498531014 12.363734711836996 -4.017220926874316
      vertex -13.427050983124843 12.23664424312258 -4.34830291714905
      vertex -13.427050983124843 12.23664424312258 -9.2
    endloop
  endfacet
  facet normal 0.7771459614569665 0.6293203910498428 2.2949338093344227e-18
    outer loop
      vertex -13.427050983124843 12.23664424312258 -4.34830291714905
      vertex -13.229434476432182 11.992608180923426 -4.984038594175003
      vertex -13.229434476432182 11.992608180923426 -9.2
    endloop
  endfacet
  facet normal 0.9986295347545738 -0.052335956242944855 0
    outer loop
      vertex -13.98356568610482 14.313585389802961 -1.2
      vertex -14 14 -9.2
      vertex -13.98356568610482 14.313585389802961 -9.129568361711701
    endloop
  endfacet
  facet normal 0.9986295347545737 0.05233595624294484 0
    outer loop
      vertex -14 14 -1.2
      vertex -13.98356568610482 13.686414610197039 -9.2
      vertex -14 14 -9.2
    endloop
  endfacet
  facet normal 0.987688340595138 0.15643446504022926 0
    outer loop
      vertex -13.98356568610482 13.686414610197039 -1.2
      vertex -13.934442802201417 13.376264927546721 -9.2
      vertex -13.98356568610482 13.686414610197039 -9.2
    endloop
  endfacet
  facet normal 0.965925826289068 0.2588190451025219 0
    outer loop
      vertex -13.934442802201417 13.376264927546721 -1.2
      vertex -13.853169548885461 13.072949016875159 -9.2
      vertex -13.934442802201417 13.376264927546721 -9.2
    endloop
  endfacet
  facet normal 0.9335804264972022 0.3583679495452992 0
    outer loop
      vertex -13.853169548885461 13.072949016875159 -1.2
      vertex -13.740636372927803 12.779790070772599 -9.2
      vertex -13.853169548885461 13.072949016875159 -9.2
    endloop
  endfacet
  facet normal 0.8910065241883675 0.45399049973954764 0
    outer loop
      vertex -13.740636372927803 12.779790070772599 -2.299584708276025
      vertex -13.598076211353316 12.5 -9.2
      vertex -13.740636372927803 12.779790070772599 -9.2
    endloop
  endfacet
  facet normal 0.8386705679454259 0.5446390350150241 0
    outer loop
      vertex -13.598076211353316 12.5 -3.508671948141971
      vertex -13.427050983124843 12.23664424312258 -9.2
      vertex -13.598076211353316 12.5 -9.2
    endloop
  endfacet
  facet normal 0.7771459614569665 0.6293203910498429 0
    outer loop
      vertex -13.427050983124843 12.23664424312258 -4.34830291714905
      vertex -13.229434476432182 11.992608180923426 -9.2
      vertex -13.427050983124843 12.23664424312258 -9.2
    endloop
  endfacet
  facet normal 0.7071067811865476 0.7071067811865476 0
    outer loop
      vertex -13.229434476432182 11.992608180923426 -4.984038594175003
      vertex -13.007391819076574 11.770565523567818 -9.2
      vertex -13.229434476432182 11.992608180923426 -9.2
    endloop
  endfacet
  facet normal 0.7071067811865476 0.7071067811865476 2.798411901113862e-18
    outer loop
      vertex -13.229434476432182 11.992608180923426 -4.984038594175003
      vertex -13.112917244862567 11.876090949353811 -5.287576359985403
      vertex -13.007391819076574 11.770565523567818 -9.2
    endloop
  endfacet
  facet normal 0.7071067811865475 0.7071067811865475 1.2028704127068545e-18
    outer loop
      vertex -13.112917244862567 11.876090949353811 -5.287576359985403
      vertex -13.007391819076574 11.770565523567818 -5.494681669230898
      vertex -13.007391819076574 11.770565523567818 -9.2
    endloop
  endfacet
  facet normal 0.6293203910498429 0.7771459614569665 0
    outer loop
      vertex -13.007391819076574 11.770565523567818 -5.494681669230898
      vertex -12.76335575687742 11.572949016875157 -5.882525901327142
      vertex -13.007391819076574 11.770565523567818 -9.2
    endloop
  endfacet
  facet normal 0.5446390350150241 0.8386705679454259 0
    outer loop
      vertex -12.76335575687742 11.572949016875157 -5.882525901327142
      vertex -12.5 11.401923788646684 -6.21818181095476
      vertex -12.76335575687742 11.572949016875157 -9.2
    endloop
  endfacet
  facet normal 0.45399049973954764 0.8910065241883675 0
    outer loop
      vertex -12.5 11.401923788646684 -6.21818181095476
      vertex -12.220209929227401 11.259363627072197 -6.497971881727358
      vertex -12.5 11.401923788646684 -9.2
    endloop
  endfacet
  facet normal 0.35836794954535917 0.9335804264971791 0
    outer loop
      vertex -12.220209929227401 11.259363627072197 -6.497971881727358
      vertex -12.217517887826856 11.258330249197702 -6.5
      vertex -12.220209929227401 11.259363627072197 -9.2
    endloop
  endfacet
  facet normal 0.6293203910498429 0.7771459614569665 0
    outer loop
      vertex -12.76335575687742 11.572949016875157 -5.882525901327142
      vertex -12.76335575687742 11.572949016875157 -9.2
      vertex -13.007391819076574 11.770565523567818 -9.2
    endloop
  endfacet
  facet normal 0.5446390350150241 0.8386705679454259 0
    outer loop
      vertex -12.5 11.401923788646684 -6.21818181095476
      vertex -12.5 11.401923788646684 -9.2
      vertex -12.76335575687742 11.572949016875157 -9.2
    endloop
  endfacet
  facet normal 0.4539904997395476 0.8910065241883675 0
    outer loop
      vertex -12.220209929227401 11.259363627072197 -6.497971881727358
      vertex -12.220209929227401 11.259363627072197 -9.2
      vertex -12.5 11.401923788646684 -9.2
    endloop
  endfacet
  facet normal 0.3583679495452986 0.9335804264972023 6.926706410611289e-17
    outer loop
      vertex -12.217517887826856 11.258330249197702 -6.5
      vertex -11.927050983124841 11.146830451114539 -6.671694632540663
      vertex -12.220209929227401 11.259363627072197 -9.2
    endloop
  endfacet
  facet normal 0.2588190451025219 0.965925826289068 0
    outer loop
      vertex -11.927050983124841 11.146830451114539 -6.671694632540663
      vertex -11.623735072453279 11.065557197798583 -6.796844467817132
      vertex -11.927050983124841 11.146830451114539 -9.2
    endloop
  endfacet
  facet normal 0.15643446504022923 0.987688340595138 0
    outer loop
      vertex -11.623735072453279 11.065557197798583 -6.796844467817132
      vertex -11.313585389802961 11.01643431389518 -6.872487075661513
      vertex -11.623735072453279 11.065557197798583 -9.2
    endloop
  endfacet
  facet normal 0.3583679495452991 0.9335804264972021 0
    outer loop
      vertex -11.927050983124841 11.146830451114539 -6.671694632540663
      vertex -11.927050983124841 11.146830451114539 -9.2
      vertex -12.220209929227401 11.259363627072197 -9.2
    endloop
  endfacet
  facet normal 0.2588190451025219 0.965925826289068 0
    outer loop
      vertex -11.623735072453279 11.065557197798583 -6.796844467817132
      vertex -11.623735072453279 11.065557197798583 -9.2
      vertex -11.927050983124841 11.146830451114539 -9.2
    endloop
  endfacet
  facet normal 0.15643446504022926 0.987688340595138 0
    outer loop
      vertex -11.313585389802961 11.01643431389518 -6.872487075661513
      vertex -11.313585389802961 11.01643431389518 -9.2
      vertex -11.623735072453279 11.065557197798583 -9.2
    endloop
  endfacet
  facet normal -0.7771459614569665 -0.6293203910498428 0
    outer loop
      vertex -8.572949016875157 15.76335575687742 -1.2
      vertex -8.770565523567818 16.007391819076574 -5.671585340835573
      vertex -8.572949016875157 15.76335575687742 -6.307321017861528
    endloop
  endfacet
  facet normal -0.8386705679454259 -0.5446390350150241 0
    outer loop
      vertex -8.401923788646684 15.5 -1.2
      vertex -8.572949016875157 15.76335575687742 -6.307321017861528
      vertex -8.401923788646684 15.5 -6.973936608198712
    endloop
  endfacet
  facet normal -0.8910065241883673 -0.4539904997395476 0
    outer loop
      vertex -8.259363627072197 15.220209929227401 -1.2
      vertex -8.401923788646684 15.5 -6.973936608198712
      vertex -8.259363627072197 15.220209929227401 -7.523055540433044
    endloop
  endfacet
  facet normal -0.9335804264972021 -0.35836794954529916 0
    outer loop
      vertex -8.146830451114539 14.927050983124841 -1.2
      vertex -8.259363627072197 15.220209929227401 -7.523055540433044
      vertex -8.146830451114539 14.927050983124841 -8.098412367836746
    endloop
  endfacet
  facet normal -0.9659258262890679 -0.25881904510252185 0
    outer loop
      vertex -8.065557197798583 14.623735072453279 -1.2
      vertex -8.146830451114539 14.927050983124841 -8.098412367836746
      vertex -8.065557197798583 14.623735072453279 -8.651979731860266
    endloop
  endfacet
  facet normal -0.9876883405951379 -0.15643446504022923 0
    outer loop
      vertex -8.01643431389518 14.313585389802961 -1.2
      vertex -8.065557197798583 14.623735072453279 -8.651979731860266
      vertex -8.01643431389518 14.313585389802961 -9.129568361711701
    endloop
  endfacet
  facet normal -0.8386705679454645 -0.5446390350149647 -3.3266949436081e-14
    outer loop
      vertex -8.421583161796665 15.530272779924214 -6.9145229322886035
      vertex -8.401923788646684 15.5 -6.973936608198712
      vertex -8.572949016875157 15.76335575687742 -6.307321017861528
    endloop
  endfacet
  facet normal -0.9659258262890785 -0.25881904510248277 -2.298034744540023e-14
    outer loop
      vertex -8.092002923478955 14.722431864335457 -8.5
      vertex -8.065557197798583 14.623735072453279 -8.651979731860266
      vertex -8.146830451114539 14.927050983124841 -8.098412367836746
    endloop
  endfacet
  facet normal -0.9335804264972017 0.3583679495453004 5.415383775482196e-17
    outer loop
      vertex -8.202169970611754 12.928784639787553 -1.3588700224794952
      vertex -8.146830451114539 13.072949016875159 -9.2
      vertex -8.259363627072197 12.779790070772599 -2.2995847082760243
    endloop
  endfacet
  facet normal -0.891006524188367 0.45399049973954836 0
    outer loop
      vertex -8.259363627072197 12.779790070772599 -2.2995847082760243
      vertex -8.259363627072197 12.779790070772599 -9.2
      vertex -8.291907660161781 12.715918809539474 -2.7028519806308715
    endloop
  endfacet
  facet normal -0.8910065241883675 0.4539904997395474 -1.2035431147620911e-17
    outer loop
      vertex -8.291907660161781 12.715918809539474 -2.7028519806308715
      vertex -8.259363627072197 12.779790070772599 -9.2
      vertex -8.401923788646684 12.5 -3.508671948141973
    endloop
  endfacet
  facet normal -0.8386705679454279 0.5446390350150212 -2.2465828399534945e-16
    outer loop
      vertex -8.490415501468986 12.363734711836996 -4.017220926874316
      vertex -8.401923788646684 12.5 -9.2
      vertex -8.572949016875157 12.23664424312258 -4.3483029171490495
    endloop
  endfacet
  facet normal -0.7771459614569666 0.6293203910498429 0
    outer loop
      vertex -8.572949016875157 12.23664424312258 -4.3483029171490495
      vertex -8.572949016875157 12.23664424312258 -9.2
      vertex -8.770565523567818 11.992608180923426 -4.984038594175003
    endloop
  endfacet
  facet normal -0.8386705679454239 0.5446390350150272 0
    outer loop
      vertex -8.401923788646684 12.5 -3.508671948141973
      vertex -8.401923788646684 12.5 -9.2
      vertex -8.490415501468986 12.363734711836996 -4.017220926874316
    endloop
  endfacet
  facet normal -0.4539904997395476 0.8910065241883675 2.7718300243510293e-18
    outer loop
      vertex -9.779790070772599 11.259363627072197 -6.497971881727358
      vertex -9.5 11.401923788646684 -6.218181810954759
      vertex -9.5 11.401923788646684 -9.2
    endloop
  endfacet
  facet normal -0.35836794954535917 0.9335804264971791 0
    outer loop
      vertex -9.779790070772599 11.259363627072197 -6.497971881727358
      vertex -9.779790070772599 11.259363627072197 -9.2
      vertex -9.782482112173144 11.258330249197702 -6.5
    endloop
  endfacet
  facet normal 0.052335956242944855 0.9986295347545738 0
    outer loop
      vertex -11.313585389802961 11.01643431389518 -6.872487075661513
      vertex -11 11 -6.897793699833032
      vertex -11.313585389802961 11.01643431389518 -9.2
    endloop
  endfacet
  facet normal -0.052335956242944855 0.9986295347545738 2.359385305479657e-19
    outer loop
      vertex -11 11 -6.897793699833032
      vertex -10.686414610197039 11.01643431389518 -6.872487075661512
      vertex -10.686414610197039 11.01643431389518 -9.2
    endloop
  endfacet
  facet normal -0.15643446504022926 0.987688340595138 -2.539169419398613e-19
    outer loop
      vertex -10.686414610197039 11.01643431389518 -6.872487075661512
      vertex -10.376264927546721 11.065557197798583 -6.796844467817131
      vertex -10.376264927546721 11.065557197798583 -9.2
    endloop
  endfacet
  facet normal 0.05233595624294485 0.9986295347545738 0
    outer loop
      vertex -11 11 -6.897793699833032
      vertex -11 11 -9.2
      vertex -11.313585389802961 11.01643431389518 -9.2
    endloop
  endfacet
  facet normal -0.05233595624294485 0.9986295347545738 0
    outer loop
      vertex -11 11 -6.897793699833032
      vertex -10.686414610197039 11.01643431389518 -9.2
      vertex -11 11 -9.2
    endloop
  endfacet
  facet normal -0.15643446504022926 0.987688340595138 0
    outer loop
      vertex -10.686414610197039 11.01643431389518 -6.872487075661512
      vertex -10.376264927546721 11.065557197798583 -9.2
      vertex -10.686414610197039 11.01643431389518 -9.2
    endloop
  endfacet
  facet normal -0.2588190451025219 0.965925826289068 6.158286307646671e-19
    outer loop
      vertex -10.376264927546721 11.065557197798583 -6.796844467817131
      vertex -10.072949016875159 11.146830451114539 -6.671694632540663
      vertex -10.072949016875159 11.146830451114539 -9.2
    endloop
  endfacet
  facet normal -0.3583679495452986 0.9335804264972023 6.924191563561749e-17
    outer loop
      vertex -9.782482112173144 11.258330249197702 -6.5
      vertex -9.779790070772599 11.259363627072197 -9.2
      vertex -10.072949016875159 11.146830451114539 -6.671694632540663
    endloop
  endfacet
  facet normal -0.2588190451025219 0.965925826289068 0
    outer loop
      vertex -10.376264927546721 11.065557197798583 -6.796844467817131
      vertex -10.072949016875159 11.146830451114539 -9.2
      vertex -10.376264927546721 11.065557197798583 -9.2
    endloop
  endfacet
  facet normal -0.3583679495452991 0.9335804264972021 0
    outer loop
      vertex -10.072949016875159 11.146830451114539 -6.671694632540663
      vertex -9.779790070772599 11.259363627072197 -9.2
      vertex -10.072949016875159 11.146830451114539 -9.2
    endloop
  endfacet
  facet normal -0.544639035015024 0.8386705679454259 0
    outer loop
      vertex -9.5 11.401923788646684 -6.218181810954759
      vertex -9.23664424312258 11.572949016875157 -9.2
      vertex -9.5 11.401923788646684 -9.2
    endloop
  endfacet
  facet normal -0.4539904997395476 0.8910065241883675 0
    outer loop
      vertex -9.779790070772599 11.259363627072197 -6.497971881727358
      vertex -9.5 11.401923788646684 -9.2
      vertex -9.779790070772599 11.259363627072197 -9.2
    endloop
  endfacet
  facet normal -0.7071067811865476 0.7071067811865476 0
    outer loop
      vertex -8.770565523567818 11.992608180923426 -4.984038594175003
      vertex -8.770565523567818 11.992608180923426 -9.2
      vertex -8.887082755137433 11.876090949353811 -5.287576359985403
    endloop
  endfacet
  facet normal -0.7071067811865476 0.7071067811865476 1.1356338162636014e-18
    outer loop
      vertex -8.992608180923426 11.770565523567818 -5.4946816692308955
      vertex -8.887082755137433 11.876090949353811 -5.287576359985403
      vertex -8.770565523567818 11.992608180923426 -9.2
    endloop
  endfacet
  facet normal -0.9986295347545737 -0.05233595624294484 0
    outer loop
      vertex -8 14 -1.2
      vertex -8.01643431389518 14.313585389802961 -9.129568361711701
      vertex -8 14 -9.2
    endloop
  endfacet
  facet normal -0.9986295347545737 0.05233595624294484 0
    outer loop
      vertex -8.01643431389518 13.686414610197039 -1.2
      vertex -8 14 -9.2
      vertex -8.01643431389518 13.686414610197039 -9.2
    endloop
  endfacet
  facet normal -0.987688340595138 0.15643446504022926 0
    outer loop
      vertex -8.065557197798583 13.376264927546721 -1.2
      vertex -8.01643431389518 13.686414610197039 -9.2
      vertex -8.065557197798583 13.376264927546721 -9.2
    endloop
  endfacet
  facet normal -0.965925826289068 0.2588190451025219 0
    outer loop
      vertex -8.146830451114539 13.072949016875159 -1.2
      vertex -8.065557197798583 13.376264927546721 -9.2
      vertex -8.146830451114539 13.072949016875159 -9.2
    endloop
  endfacet
  facet normal -0.9335804264972021 0.35836794954529916 0
    outer loop
      vertex -8.259363627072197 12.779790070772599 -2.2995847082760243
      vertex -8.146830451114539 13.072949016875159 -9.2
      vertex -8.259363627072197 12.779790070772599 -9.2
    endloop
  endfacet
  facet normal -0.8910065241883675 0.45399049973954764 0
    outer loop
      vertex -8.401923788646684 12.5 -3.508671948141973
      vertex -8.259363627072197 12.779790070772599 -9.2
      vertex -8.401923788646684 12.5 -9.2
    endloop
  endfacet
  facet normal -0.838670567945426 0.5446390350150241 0
    outer loop
      vertex -8.572949016875157 12.23664424312258 -4.3483029171490495
      vertex -8.401923788646684 12.5 -9.2
      vertex -8.572949016875157 12.23664424312258 -9.2
    endloop
  endfacet
  facet normal -0.7771459614569665 0.6293203910498428 0
    outer loop
      vertex -8.770565523567818 11.992608180923426 -4.984038594175003
      vertex -8.572949016875157 12.23664424312258 -9.2
      vertex -8.770565523567818 11.992608180923426 -9.2
    endloop
  endfacet
  facet normal -0.6293203910498429 0.7771459614569665 0
    outer loop
      vertex -8.992608180923426 11.770565523567818 -5.4946816692308955
      vertex -8.992608180923426 11.770565523567818 -9.2
      vertex -9.23664424312258 11.572949016875157 -5.882525901327142
    endloop
  endfacet
  facet normal -0.5446390350150241 0.8386705679454259 0
    outer loop
      vertex -9.23664424312258 11.572949016875157 -5.882525901327142
      vertex -9.23664424312258 11.572949016875157 -9.2
      vertex -9.5 11.401923788646684 -6.218181810954759
    endloop
  endfacet
  facet normal -0.7071067811865475 0.7071067811865475 0
    outer loop
      vertex -8.992608180923426 11.770565523567818 -5.4946816692308955
      vertex -8.770565523567818 11.992608180923426 -9.2
      vertex -8.992608180923426 11.770565523567818 -9.2
    endloop
  endfacet
  facet normal -0.6293203910498429 0.7771459614569665 0
    outer loop
      vertex -9.23664424312258 11.572949016875157 -5.882525901327142
      vertex -8.992608180923426 11.770565523567818 -9.2
      vertex -9.23664424312258 11.572949016875157 -9.2
    endloop
  endfacet
  facet normal 0.9986295347545737 -0.052335956242947006 9.636128487992051e-15
    outer loop
      vertex -14 14 -9.2
      vertex -13.985962757173189 14.2678465490972 -9.2
      vertex -13.98356568610482 14.313585389802961 -9.129568361711701
    endloop
  endfacet
  facet normal 0 0 1
    outer loop
      vertex -14 14 -9.2
      vertex -13.98356568610482 13.686414610197039 -9.2
      vertex -13.985962757173189 14.2678465490972 -9.2
    endloop
  endfacet
  facet normal 0 0 1
    outer loop
      vertex -13.98356568610482 13.686414610197039 -9.2
      vertex -13.934442802201417 13.376264927546721 -9.2
      vertex -13.985962757173189 14.2678465490972 -9.2
    endloop
  endfacet
  facet normal 0 0 1
    outer loop
      vertex -13.934442802201417 13.376264927546721 -9.2
      vertex -13.853169548885461 13.072949016875159 -9.2
      vertex -13.985962757173189 14.2678465490972 -9.2
    endloop
  endfacet
  facet normal 0 0 1
    outer loop
      vertex -13.853169548885461 13.072949016875159 -9.2
      vertex -13.740636372927803 12.779790070772599 -9.2
      vertex -13.985962757173189 14.2678465490972 -9.2
    endloop
  endfacet
  facet normal 0 0 1
    outer loop
      vertex -13.740636372927803 12.779790070772599 -9.2
      vertex -13.598076211353316 12.5 -9.2
      vertex -13.985962757173189 14.2678465490972 -9.2
    endloop
  endfacet
  facet normal 0 0 1
    outer loop
      vertex -12.690687222126064 14.177698387555012 -9.2
      vertex -13.985962757173189 14.2678465490972 -9.2
      vertex -12.7 14 -9.2
    endloop
  endfacet
  facet normal 0 0 1
    outer loop
      vertex -12.7 14 -9.2
      vertex -13.985962757173189 14.2678465490972 -9.2
      vertex -12.76335575687742 11.572949016875157 -9.2
    endloop
  endfacet
  facet normal 0 0 1
    outer loop
      vertex -13.598076211353316 12.5 -9.2
      vertex -13.427050983124843 12.23664424312258 -9.2
      vertex -13.985962757173189 14.2678465490972 -9.2
    endloop
  endfacet
  facet normal 0 0 1
    outer loop
      vertex -13.427050983124843 12.23664424312258 -9.2
      vertex -13.229434476432182 11.992608180923426 -9.2
      vertex -13.985962757173189 14.2678465490972 -9.2
    endloop
  endfacet
  facet normal 0 0 1
    outer loop
      vertex -13.229434476432182 11.992608180923426 -9.2
      vertex -13.007391819076574 11.770565523567818 -9.2
      vertex -13.985962757173189 14.2678465490972 -9.2
    endloop
  endfacet
  facet normal 0 0 1
    outer loop
      vertex -13.007391819076574 11.770565523567818 -9.2
      vertex -12.76335575687742 11.572949016875157 -9.2
      vertex -13.985962757173189 14.2678465490972 -9.2
    endloop
  endfacet
  facet normal 0 0 1
    outer loop
      vertex -12.690687222126064 14.177698387555012 -9.2
      vertex -12.67640915601392 14.2678465490972 -9.2
      vertex -13.985962757173189 14.2678465490972 -9.2
    endloop
  endfacet
  facet normal 0 0 1
    outer loop
      vertex -12.7 14 -9.2
      vertex -12.76335575687742 11.572949016875157 -9.2
      vertex -12.690687222126064 13.822301612444988 -9.2
    endloop
  endfacet
  facet normal 0 0 1
    outer loop
      vertex -12.690687222126064 13.822301612444988 -9.2
      vertex -12.76335575687742 11.572949016875157 -9.2
      vertex -12.66285092124747 13.646550125609808 -9.2
    endloop
  endfacet
  facet normal 0 0 1
    outer loop
      vertex -12.66285092124747 13.646550125609808 -9.2
      vertex -12.76335575687742 11.572949016875157 -9.2
      vertex -12.61679607770176 13.474671109562589 -9.2
    endloop
  endfacet
  facet normal 0 0 1
    outer loop
      vertex -12.61679607770176 13.474671109562589 -9.2
      vertex -12.76335575687742 11.572949016875157 -9.2
      vertex -12.553027277992422 13.30854770677114 -9.2
    endloop
  endfacet
  facet normal 0 0 1
    outer loop
      vertex -12.553027277992422 13.30854770677114 -9.2
      vertex -12.5 11.401923788646684 -9.2
      vertex -12.472243186433545 13.15 -9.2
    endloop
  endfacet
  facet normal 0 0 1
    outer loop
      vertex -12.472243186433545 13.15 -9.2
      vertex -12.5 11.401923788646684 -9.2
      vertex -12.37532889043741 13.000765071102796 -9.2
    endloop
  endfacet
  facet normal 0 0 1
    outer loop
      vertex -12.553027277992422 13.30854770677114 -9.2
      vertex -12.76335575687742 11.572949016875157 -9.2
      vertex -12.5 11.401923788646684 -9.2
    endloop
  endfacet
  facet normal 0 0 1
    outer loop
      vertex -12.37532889043741 13.000765071102796 -9.2
      vertex -12.5 11.401923788646684 -9.2
      vertex -12.26334620331157 12.862477969189941 -9.2
    endloop
  endfacet
  facet normal 0 0 1
    outer loop
      vertex -12.26334620331157 12.862477969189941 -9.2
      vertex -12.220209929227401 11.259363627072197 -9.2
      vertex -12.137522030810059 12.73665379668843 -9.2
    endloop
  endfacet
  facet normal 0 0 1
    outer loop
      vertex -12.137522030810059 12.73665379668843 -9.2
      vertex -12.220209929227401 11.259363627072197 -9.2
      vertex -11.999234928897204 12.62467110956259 -9.2
    endloop
  endfacet
  facet normal 0 0 1
    outer loop
      vertex -11.999234928897204 12.62467110956259 -9.2
      vertex -11.927050983124841 11.146830451114539 -9.2
      vertex -11.85 12.527756813566455 -9.2
    endloop
  endfacet
  facet normal 0 0 1
    outer loop
      vertex -11.85 12.527756813566455 -9.2
      vertex -11.927050983124841 11.146830451114539 -9.2
      vertex -11.69145229322886 12.446972722007578 -9.2
    endloop
  endfacet
  facet normal 0 0 1
    outer loop
      vertex -11.69145229322886 12.446972722007578 -9.2
      vertex -11.623735072453279 11.065557197798583 -9.2
      vertex -11.525328890437411 12.38320392229824 -9.2
    endloop
  endfacet
  facet normal 0 0 1
    outer loop
      vertex -11.525328890437411 12.38320392229824 -9.2
      vertex -11.623735072453279 11.065557197798583 -9.2
      vertex -11.353449874390192 12.33714907875253 -9.2
    endloop
  endfacet
  facet normal 0 0 1
    outer loop
      vertex -11.353449874390192 12.33714907875253 -9.2
      vertex -11.313585389802961 11.01643431389518 -9.2
      vertex -11.177698387555012 12.309312777873936 -9.2
    endloop
  endfacet
  facet normal 0 0 1
    outer loop
      vertex -12.26334620331157 12.862477969189941 -9.2
      vertex -12.5 11.401923788646684 -9.2
      vertex -12.220209929227401 11.259363627072197 -9.2
    endloop
  endfacet
  facet normal 0 0 1
    outer loop
      vertex -11.999234928897204 12.62467110956259 -9.2
      vertex -12.220209929227401 11.259363627072197 -9.2
      vertex -11.927050983124841 11.146830451114539 -9.2
    endloop
  endfacet
  facet normal 0 0 1
    outer loop
      vertex -11.69145229322886 12.446972722007578 -9.2
      vertex -11.927050983124841 11.146830451114539 -9.2
      vertex -11.623735072453279 11.065557197798583 -9.2
    endloop
  endfacet
  facet normal 0 0 1
    outer loop
      vertex -11.353449874390192 12.33714907875253 -9.2
      vertex -11.623735072453279 11.065557197798583 -9.2
      vertex -11.313585389802961 11.01643431389518 -9.2
    endloop
  endfacet
  facet normal 0 0 1
    outer loop
      vertex -11 12.3 -9.2
      vertex -10.686414610197039 11.01643431389518 -9.2
      vertex -10.822301612444988 12.309312777873936 -9.2
    endloop
  endfacet
  facet normal 0 0 1
    outer loop
      vertex -10.822301612444988 12.309312777873936 -9.2
      vertex -10.686414610197039 11.01643431389518 -9.2
      vertex -10.646550125609808 12.33714907875253 -9.2
    endloop
  endfacet
  facet normal 0 0 1
    outer loop
      vertex -10.646550125609808 12.33714907875253 -9.2
      vertex -10.376264927546721 11.065557197798583 -9.2
      vertex -10.474671109562589 12.38320392229824 -9.2
    endloop
  endfacet
  facet normal 0 0 1
    outer loop
      vertex -10.474671109562589 12.38320392229824 -9.2
      vertex -10.376264927546721 11.065557197798583 -9.2
      vertex -10.30854770677114 12.446972722007578 -9.2
    endloop
  endfacet
  facet normal 0 0 1
    outer loop
      vertex -10.30854770677114 12.446972722007578 -9.2
      vertex -10.072949016875159 11.146830451114539 -9.2
      vertex -10.15 12.527756813566455 -9.2
    endloop
  endfacet
  facet normal 0 0 1
    outer loop
      vertex -10.000765071102796 12.62467110956259 -9.2
      vertex -9.779790070772599 11.259363627072197 -9.2
      vertex -9.862477969189941 12.73665379668843 -9.2
    endloop
  endfacet
  facet normal 0 0 1
    outer loop
      vertex -10.15 12.527756813566455 -9.2
      vertex -10.072949016875159 11.146830451114539 -9.2
      vertex -10.000765071102796 12.62467110956259 -9.2
    endloop
  endfacet
  facet normal 0 0 1
    outer loop
      vertex -9.527756813566455 13.15 -9.2
      vertex -9.62467110956259 13.000765071102796 -9.2
      vertex -9.5 11.401923788646684 -9.2
    endloop
  endfacet
  facet normal 0 0 1
    outer loop
      vertex -9.446972722007578 13.30854770677114 -9.2
      vertex -9.527756813566455 13.15 -9.2
      vertex -9.5 11.401923788646684 -9.2
    endloop
  endfacet
  facet normal 0 0 1
    outer loop
      vertex -9.73665379668843 12.862477969189941 -9.2
      vertex -9.862477969189941 12.73665379668843 -9.2
      vertex -9.779790070772599 11.259363627072197 -9.2
    endloop
  endfacet
  facet normal 0 0 1
    outer loop
      vertex -9.73665379668843 12.862477969189941 -9.2
      vertex -9.5 11.401923788646684 -9.2
      vertex -9.62467110956259 13.000765071102796 -9.2
    endloop
  endfacet
  facet normal 0 0 1
    outer loop
      vertex -9.446972722007578 13.30854770677114 -9.2
      vertex -9.5 11.401923788646684 -9.2
      vertex -9.23664424312258 11.572949016875157 -9.2
    endloop
  endfacet
  facet normal 0 0 1
    outer loop
      vertex -11.177698387555012 12.309312777873936 -9.2
      vertex -11 11 -9.2
      vertex -11 12.3 -9.2
    endloop
  endfacet
  facet normal 0 0 1
    outer loop
      vertex -11.177698387555012 12.309312777873936 -9.2
      vertex -11.313585389802961 11.01643431389518 -9.2
      vertex -11 11 -9.2
    endloop
  endfacet
  facet normal 0 0 1
    outer loop
      vertex -11 12.3 -9.2
      vertex -11 11 -9.2
      vertex -10.686414610197039 11.01643431389518 -9.2
    endloop
  endfacet
  facet normal 0 0 1
    outer loop
      vertex -10.646550125609808 12.33714907875253 -9.2
      vertex -10.686414610197039 11.01643431389518 -9.2
      vertex -10.376264927546721 11.065557197798583 -9.2
    endloop
  endfacet
  facet normal 0 0 1
    outer loop
      vertex -10.30854770677114 12.446972722007578 -9.2
      vertex -10.376264927546721 11.065557197798583 -9.2
      vertex -10.072949016875159 11.146830451114539 -9.2
    endloop
  endfacet
  facet normal 0 0 1
    outer loop
      vertex -10.000765071102796 12.62467110956259 -9.2
      vertex -10.072949016875159 11.146830451114539 -9.2
      vertex -9.779790070772599 11.259363627072197 -9.2
    endloop
  endfacet
  facet normal 0 0 1
    outer loop
      vertex -9.73665379668843 12.862477969189941 -9.2
      vertex -9.779790070772599 11.259363627072197 -9.2
      vertex -9.5 11.401923788646684 -9.2
    endloop
  endfacet
  facet normal 0 0 1
    outer loop
      vertex -9.3 14 -9.2
      vertex -9.309312777873936 13.822301612444988 -9.2
      vertex -9.23664424312258 11.572949016875157 -9.2
    endloop
  endfacet
  facet normal 0 0 1
    outer loop
      vertex -9.309312777873936 14.177698387555012 -9.2
      vertex -8.014037242826811 14.2678465490972 -9.2
      vertex -9.32359084398608 14.2678465490972 -9.2
    endloop
  endfacet
  facet normal 0 0 1
    outer loop
      vertex -9.309312777873936 14.177698387555012 -9.2
      vertex -9.3 14 -9.2
      vertex -8.014037242826811 14.2678465490972 -9.2
    endloop
  endfacet
  facet normal 0 0 1
    outer loop
      vertex -9.3 14 -9.2
      vertex -9.23664424312258 11.572949016875157 -9.2
      vertex -8.014037242826811 14.2678465490972 -9.2
    endloop
  endfacet
  facet normal 0 0 1
    outer loop
      vertex -9.309312777873936 13.822301612444988 -9.2
      vertex -9.33714907875253 13.646550125609808 -9.2
      vertex -9.23664424312258 11.572949016875157 -9.2
    endloop
  endfacet
  facet normal 0 0 1
    outer loop
      vertex -9.33714907875253 13.646550125609808 -9.2
      vertex -9.38320392229824 13.474671109562589 -9.2
      vertex -9.23664424312258 11.572949016875157 -9.2
    endloop
  endfacet
  facet normal 0 0 1
    outer loop
      vertex -9.38320392229824 13.474671109562589 -9.2
      vertex -9.446972722007578 13.30854770677114 -9.2
      vertex -9.23664424312258 11.572949016875157 -9.2
    endloop
  endfacet
  facet normal 0 0 1
    outer loop
      vertex -9.23664424312258 11.572949016875157 -9.2
      vertex -8.992608180923426 11.770565523567818 -9.2
      vertex -8.014037242826811 14.2678465490972 -9.2
    endloop
  endfacet
  facet normal 0 0 1
    outer loop
      vertex -8.572949016875157 12.23664424312258 -9.2
      vertex -8.014037242826811 14.2678465490972 -9.2
      vertex -8.770565523567818 11.992608180923426 -9.2
    endloop
  endfacet
  facet normal 0 0 1
    outer loop
      vertex -8.992608180923426 11.770565523567818 -9.2
      vertex -8.770565523567818 11.992608180923426 -9.2
      vertex -8.014037242826811 14.2678465490972 -9.2
    endloop
  endfacet
  facet normal -0.9986295347545737 -0.052335956242947006 9.64988897148179e-15
    outer loop
      vertex -8 14 -9.2
      vertex -8.01643431389518 14.313585389802961 -9.129568361711701
      vertex -8.014037242826811 14.2678465490972 -9.2
    endloop
  endfacet
  facet normal 0 0 1
    outer loop
      vertex -8 14 -9.2
      vertex -8.014037242826811 14.2678465490972 -9.2
      vertex -8.01643431389518 13.686414610197039 -9.2
    endloop
  endfacet
  facet normal 0 0 1
    outer loop
      vertex -8.01643431389518 13.686414610197039 -9.2
      vertex -8.014037242826811 14.2678465490972 -9.2
      vertex -8.065557197798583 13.376264927546721 -9.2
    endloop
  endfacet
  facet normal 0 0 1
    outer loop
      vertex -8.401923788646684 12.5 -9.2
      vertex -8.259363627072197 12.779790070772599 -9.2
      vertex -8.014037242826811 14.2678465490972 -9.2
    endloop
  endfacet
  facet normal 0 0 1
    outer loop
      vertex -8.259363627072197 12.779790070772599 -9.2
      vertex -8.146830451114539 13.072949016875159 -9.2
      vertex -8.014037242826811 14.2678465490972 -9.2
    endloop
  endfacet
  facet normal 0 0 1
    outer loop
      vertex -8.065557197798583 13.376264927546721 -9.2
      vertex -8.014037242826811 14.2678465490972 -9.2
      vertex -8.146830451114539 13.072949016875159 -9.2
    endloop
  endfacet
  facet normal 0 0 1
    outer loop
      vertex -8.572949016875157 12.23664424312258 -9.2
      vertex -8.401923788646684 12.5 -9.2
      vertex -8.014037242826811 14.2678465490972 -9.2
    endloop
  endfacet
  facet normal 0.7771459614569779 -0.629320391049829 0
    outer loop
      vertex -12.37532889043741 -13.000765071102796 0
      vertex -12.37532889043741 -13.000765071102796 -1.2
      vertex -12.374709348074107 -13 0
    endloop
  endfacet
  facet normal 0.8386705679454263 -0.5446390350150235 0
    outer loop
      vertex -12.37532889043741 -13.000765071102796 0
      vertex -12.472243186433545 -13.15 -1.2
      vertex -12.37532889043741 -13.000765071102796 -1.2
    endloop
  endfacet
  facet normal 0.7771459614569705 -0.6293203910498378 9.587413731419744e-18
    outer loop
      vertex -12.374709348074107 -13 0
      vertex -12.37532889043741 -13.000765071102796 -1.2
      vertex -12.32378256861977 -12.93711066486035 -1.2
    endloop
  endfacet
  facet normal 0.987688340595139 -0.15643446504022357 -1.859359593205559e-18
    outer loop
      vertex -12.66285092124747 -13.646550125609808 0
      vertex -12.690687222126064 -13.822301612444988 0
      vertex -12.690687222126064 -13.822301612444988 -1.2
    endloop
  endfacet
  facet normal 0.9986295347545738 -0.05233595624294446 2.49131008873634e-19
    outer loop
      vertex -12.690687222126064 -13.822301612444988 0
      vertex -12.7 -14 0
      vertex -12.7 -14 -1.2
    endloop
  endfacet
  facet normal 0.9986295347545738 0.05233595624294446 -2.49131008873634e-19
    outer loop
      vertex -12.7 -14 0
      vertex -12.690687222126064 -14.177698387555012 0
      vertex -12.690687222126064 -14.177698387555012 -1.2
    endloop
  endfacet
  facet normal 0.8386705679454263 -0.5446390350150235 -4.425185184052951e-19
    outer loop
      vertex -12.37532889043741 -13.000765071102796 0
      vertex -12.472243186433545 -13.15 0
      vertex -12.472243186433545 -13.15 -1.2
    endloop
  endfacet
  facet normal 0.8910065241883646 -0.45399049973955313 0
    outer loop
      vertex -12.553027277992422 -13.30854770677114 0
      vertex -12.553027277992422 -13.30854770677114 -1.2
      vertex -12.472243186433545 -13.15 0
    endloop
  endfacet
  facet normal 0.9335804264972034 -0.358367949545296 0
    outer loop
      vertex -12.61679607770176 -13.474671109562589 0
      vertex -12.61679607770176 -13.474671109562589 -1.2
      vertex -12.553027277992422 -13.30854770677114 0
    endloop
  endfacet
  facet normal 0.9659258262890666 -0.2588190451025269 -3.057264247781421e-18
    outer loop
      vertex -12.61679607770176 -13.474671109562589 0
      vertex -12.66285092124747 -13.646550125609808 0
      vertex -12.66285092124747 -13.646550125609808 -1.2
    endloop
  endfacet
  facet normal 0.987688340595139 -0.15643446504022357 0
    outer loop
      vertex -12.66285092124747 -13.646550125609808 0
      vertex -12.690687222126064 -13.822301612444988 -1.2
      vertex -12.66285092124747 -13.646550125609808 -1.2
    endloop
  endfacet
  facet normal 0.9986295347545738 -0.05233595624294446 0
    outer loop
      vertex -12.690687222126064 -13.822301612444988 0
      vertex -12.7 -14 -1.2
      vertex -12.690687222126064 -13.822301612444988 -1.2
    endloop
  endfacet
  facet normal 0.9986295347545738 0.05233595624294446 0
    outer loop
      vertex -12.7 -14 0
      vertex -12.690687222126064 -14.177698387555012 -1.2
      vertex -12.7 -14 -1.2
    endloop
  endfacet
  facet normal 0.987688340595139 0.15643446504022357 0
    outer loop
      vertex -12.690687222126064 -14.177698387555012 0
      vertex -12.66285092124747 -14.353449874390192 -1.2
      vertex -12.690687222126064 -14.177698387555012 -1.2
    endloop
  endfacet
  facet normal 0.8910065241883646 -0.45399049973955313 0
    outer loop
      vertex -12.472243186433545 -13.15 0
      vertex -12.553027277992422 -13.30854770677114 -1.2
      vertex -12.472243186433545 -13.15 -1.2
    endloop
  endfacet
  facet normal 0.9335804264972034 -0.358367949545296 0
    outer loop
      vertex -12.553027277992422 -13.30854770677114 0
      vertex -12.61679607770176 -13.474671109562589 -1.2
      vertex -12.553027277992422 -13.30854770677114 -1.2
    endloop
  endfacet
  facet normal 0.9659258262890666 -0.2588190451025269 0
    outer loop
      vertex -12.61679607770176 -13.474671109562589 0
      vertex -12.66285092124747 -13.646550125609808 -1.2
      vertex -12.61679607770176 -13.474671109562589 -1.2
    endloop
  endfacet
  facet normal 0.987688340595139 0.15643446504022357 1.859359593205559e-18
    outer loop
      vertex -12.690687222126064 -14.177698387555012 0
      vertex -12.66285092124747 -14.353449874390192 0
      vertex -12.66285092124747 -14.353449874390192 -1.2
    endloop
  endfacet
  facet normal 0.9659258262890666 0.2588190451025269 3.057264247781421e-18
    outer loop
      vertex -12.66285092124747 -14.353449874390192 0
      vertex -12.61679607770176 -14.525328890437411 0
      vertex -12.61679607770176 -14.525328890437411 -1.2
    endloop
  endfacet
  facet normal 0.9335804264972034 0.358367949545296 -2.3149022037031112e-18
    outer loop
      vertex -12.61679607770176 -14.525328890437411 0
      vertex -12.553027277992422 -14.69145229322886 0
      vertex -12.553027277992422 -14.69145229322886 -1.2
    endloop
  endfacet
  facet normal 0.8910065241883646 0.45399049973955313 1.873228080906661e-18
    outer loop
      vertex -12.553027277992422 -14.69145229322886 0
      vertex -12.472243186433545 -14.85 0
      vertex -12.472243186433545 -14.85 -1.2
    endloop
  endfacet
  facet normal 0.8386705679454263 0.5446390350150235 4.425185184052951e-19
    outer loop
      vertex -12.472243186433545 -14.85 0
      vertex -12.37532889043741 -14.999234928897204 0
      vertex -12.37532889043741 -14.999234928897204 -1.2
    endloop
  endfacet
  facet normal 0.7771459614569729 0.6293203910498348 1.2974328472120694e-18
    outer loop
      vertex -12.37532889043741 -14.999234928897204 0
      vertex -12.26334620331157 -15.137522030810059 0
      vertex -12.26334620331157 -15.137522030810059 -1.2
    endloop
  endfacet
  facet normal 0.9659258262890666 0.2588190451025269 0
    outer loop
      vertex -12.66285092124747 -14.353449874390192 0
      vertex -12.61679607770176 -14.525328890437411 -1.2
      vertex -12.66285092124747 -14.353449874390192 -1.2
    endloop
  endfacet
  facet normal 0.9335804264972034 0.358367949545296 0
    outer loop
      vertex -12.61679607770176 -14.525328890437411 0
      vertex -12.553027277992422 -14.69145229322886 -1.2
      vertex -12.61679607770176 -14.525328890437411 -1.2
    endloop
  endfacet
  facet normal 0.8910065241883646 0.45399049973955313 0
    outer loop
      vertex -12.553027277992422 -14.69145229322886 0
      vertex -12.472243186433545 -14.85 -1.2
      vertex -12.553027277992422 -14.69145229322886 -1.2
    endloop
  endfacet
  facet normal 0.8386705679454263 0.5446390350150235 0
    outer loop
      vertex -12.472243186433545 -14.85 0
      vertex -12.37532889043741 -14.999234928897204 -1.2
      vertex -12.472243186433545 -14.85 -1.2
    endloop
  endfacet
  facet normal 0.7771459614569729 0.6293203910498348 0
    outer loop
      vertex -12.37532889043741 -14.999234928897204 0
      vertex -12.26334620331157 -15.137522030810059 -1.2
      vertex -12.37532889043741 -14.999234928897204 -1.2
    endloop
  endfacet
  facet normal 0.7071067811865476 0.7071067811865476 0
    outer loop
      vertex -12.26334620331157 -15.137522030810059 0
      vertex -12.137522030810059 -15.26334620331157 -1.2
      vertex -12.26334620331157 -15.137522030810059 -1.2
    endloop
  endfacet
  facet normal 0.7071067811865476 0.7071067811865476 -1.126120732727787e-18
    outer loop
      vertex -12.26334620331157 -15.137522030810059 0
      vertex -12.137522030810059 -15.26334620331157 0
      vertex -12.137522030810059 -15.26334620331157 -1.2
    endloop
  endfacet
  facet normal 0.6293203910498348 0.7771459614569729 1.2974328472120694e-18
    outer loop
      vertex -12.137522030810059 -15.26334620331157 0
      vertex -11.999234928897204 -15.37532889043741 0
      vertex -11.999234928897204 -15.37532889043741 -1.2
    endloop
  endfacet
  facet normal 0.6293203910498348 0.7771459614569729 0
    outer loop
      vertex -12.137522030810059 -15.26334620331157 0
      vertex -11.999234928897204 -15.37532889043741 -1.2
      vertex -12.137522030810059 -15.26334620331157 -1.2
    endloop
  endfacet
  facet normal 0.5446390350150235 0.8386705679454263 0
    outer loop
      vertex -11.999234928897204 -15.37532889043741 0
      vertex -11.85 -15.472243186433545 -1.2
      vertex -11.999234928897204 -15.37532889043741 -1.2
    endloop
  endfacet
  facet normal 0.5446390350150235 0.8386705679454263 4.425185184052951e-19
    outer loop
      vertex -11.999234928897204 -15.37532889043741 0
      vertex -11.85 -15.472243186433545 0
      vertex -11.85 -15.472243186433545 -1.2
    endloop
  endfacet
  facet normal 0.45399049973955313 0.8910065241883646 1.873228080906661e-18
    outer loop
      vertex -11.85 -15.472243186433545 0
      vertex -11.69145229322886 -15.553027277992422 0
      vertex -11.69145229322886 -15.553027277992422 -1.2
    endloop
  endfacet
  facet normal 0.358367949545296 0.9335804264972034 -2.3149022037031112e-18
    outer loop
      vertex -11.69145229322886 -15.553027277992422 0
      vertex -11.525328890437411 -15.61679607770176 0
      vertex -11.525328890437411 -15.61679607770176 -1.2
    endloop
  endfacet
  facet normal 0.2588190451025269 0.9659258262890666 3.057264247781421e-18
    outer loop
      vertex -11.525328890437411 -15.61679607770176 0
      vertex -11.353449874390192 -15.66285092124747 0
      vertex -11.353449874390192 -15.66285092124747 -1.2
    endloop
  endfacet
  facet normal 0.45399049973955313 0.8910065241883646 0
    outer loop
      vertex -11.85 -15.472243186433545 0
      vertex -11.69145229322886 -15.553027277992422 -1.2
      vertex -11.85 -15.472243186433545 -1.2
    endloop
  endfacet
  facet normal 0.358367949545296 0.9335804264972034 0
    outer loop
      vertex -11.69145229322886 -15.553027277992422 0
      vertex -11.525328890437411 -15.61679607770176 -1.2
      vertex -11.69145229322886 -15.553027277992422 -1.2
    endloop
  endfacet
  facet normal 0.2588190451025269 0.9659258262890666 0
    outer loop
      vertex -11.525328890437411 -15.61679607770176 0
      vertex -11.353449874390192 -15.66285092124747 -1.2
      vertex -11.525328890437411 -15.61679607770176 -1.2
    endloop
  endfacet
  facet normal 0.15643446504022357 0.987688340595139 0
    outer loop
      vertex -11.353449874390192 -15.66285092124747 0
      vertex -11.177698387555012 -15.690687222126064 -1.2
      vertex -11.353449874390192 -15.66285092124747 -1.2
    endloop
  endfacet
  facet normal -0.7771459614569779 -0.629320391049829 0
    outer loop
      vertex -9.62467110956259 -13.000765071102796 0
      vertex -9.625290651925893 -13 0
      vertex -9.62467110956259 -13.000765071102796 -1.2
    endloop
  endfacet
  facet normal -0.8386705679454263 -0.5446390350150235 0
    outer loop
      vertex -9.62467110956259 -13.000765071102796 0
      vertex -9.62467110956259 -13.000765071102796 -1.2
      vertex -9.527756813566455 -13.15 0
    endloop
  endfacet
  facet normal -0.7771459614569705 -0.629320391049838 9.588137265036431e-18
    outer loop
      vertex -9.625290651925893 -13 0
      vertex -9.67621743138023 -12.93711066486035 -1.2
      vertex -9.62467110956259 -13.000765071102796 -1.2
    endloop
  endfacet
  facet normal -0.8910065241883646 -0.45399049973955313 0
    outer loop
      vertex -9.527756813566455 -13.15 0
      vertex -9.527756813566455 -13.15 -1.2
      vertex -9.446972722007578 -13.30854770677114 0
    endloop
  endfacet
  facet normal -0.9335804264972034 -0.358367949545296 0
    outer loop
      vertex -9.446972722007578 -13.30854770677114 0
      vertex -9.446972722007578 -13.30854770677114 -1.2
      vertex -9.38320392229824 -13.474671109562589 0
    endloop
  endfacet
  facet normal -0.8386705679454263 -0.5446390350150235 0
    outer loop
      vertex -9.527756813566455 -13.15 0
      vertex -9.62467110956259 -13.000765071102796 -1.2
      vertex -9.527756813566455 -13.15 -1.2
    endloop
  endfacet
  facet normal -0.8910065241883646 -0.45399049973955313 0
    outer loop
      vertex -9.446972722007578 -13.30854770677114 0
      vertex -9.527756813566455 -13.15 -1.2
      vertex -9.446972722007578 -13.30854770677114 -1.2
    endloop
  endfacet
  facet normal -0.9335804264972034 -0.358367949545296 0
    outer loop
      vertex -9.38320392229824 -13.474671109562589 0
      vertex -9.446972722007578 -13.30854770677114 -1.2
      vertex -9.38320392229824 -13.474671109562589 -1.2
    endloop
  endfacet
  facet normal -0.9659258262890666 -0.2588190451025269 0
    outer loop
      vertex -9.38320392229824 -13.474671109562589 0
      vertex -9.38320392229824 -13.474671109562589 -1.2
      vertex -9.33714907875253 -13.646550125609808 0
    endloop
  endfacet
  facet normal -0.987688340595139 -0.15643446504022357 0
    outer loop
      vertex -9.33714907875253 -13.646550125609808 0
      vertex -9.33714907875253 -13.646550125609808 -1.2
      vertex -9.309312777873936 -13.822301612444988 0
    endloop
  endfacet
  facet normal -0.9986295347545738 -0.05233595624294446 0
    outer loop
      vertex -9.309312777873936 -13.822301612444988 0
      vertex -9.309312777873936 -13.822301612444988 -1.2
      vertex -9.3 -14 0
    endloop
  endfacet
  facet normal -0.9986295347545738 0.05233595624294446 0
    outer loop
      vertex -9.3 -14 0
      vertex -9.3 -14 -1.2
      vertex -9.309312777873936 -14.177698387555012 0
    endloop
  endfacet
  facet normal -0.987688340595139 0.15643446504022357 0
    outer loop
      vertex -9.309312777873936 -14.177698387555012 0
      vertex -9.309312777873936 -14.177698387555012 -1.2
      vertex -9.33714907875253 -14.353449874390192 0
    endloop
  endfacet
  facet normal -0.9659258262890666 -0.2588190451025269 0
    outer loop
      vertex -9.33714907875253 -13.646550125609808 0
      vertex -9.38320392229824 -13.474671109562589 -1.2
      vertex -9.33714907875253 -13.646550125609808 -1.2
    endloop
  endfacet
  facet normal -0.987688340595139 -0.15643446504022357 0
    outer loop
      vertex -9.309312777873936 -13.822301612444988 0
      vertex -9.33714907875253 -13.646550125609808 -1.2
      vertex -9.309312777873936 -13.822301612444988 -1.2
    endloop
  endfacet
  facet normal -0.9986295347545738 -0.05233595624294446 0
    outer loop
      vertex -9.3 -14 0
      vertex -9.309312777873936 -13.822301612444988 -1.2
      vertex -9.3 -14 -1.2
    endloop
  endfacet
  facet normal -0.9986295347545738 0.05233595624294446 0
    outer loop
      vertex -9.309312777873936 -14.177698387555012 0
      vertex -9.3 -14 -1.2
      vertex -9.309312777873936 -14.177698387555012 -1.2
    endloop
  endfacet
  facet normal 0.15643446504022357 0.987688340595139 1.859359593205559e-18
    outer loop
      vertex -11.353449874390192 -15.66285092124747 0
      vertex -11.177698387555012 -15.690687222126064 0
      vertex -11.177698387555012 -15.690687222126064 -1.2
    endloop
  endfacet
  facet normal 0.05233595624294446 0.9986295347545738 -2.49131008873634e-19
    outer loop
      vertex -11.177698387555012 -15.690687222126064 0
      vertex -11 -15.7 0
      vertex -11 -15.7 -1.2
    endloop
  endfacet
  facet normal -0.05233595624294446 0.9986295347545738 2.49131008873634e-19
    outer loop
      vertex -11 -15.7 0
      vertex -10.822301612444988 -15.690687222126064 0
      vertex -10.822301612444988 -15.690687222126064 -1.2
    endloop
  endfacet
  facet normal -0.15643446504022357 0.987688340595139 -1.859359593205559e-18
    outer loop
      vertex -10.822301612444988 -15.690687222126064 0
      vertex -10.646550125609808 -15.66285092124747 0
      vertex -10.646550125609808 -15.66285092124747 -1.2
    endloop
  endfacet
  facet normal -0.2588190451025269 0.9659258262890666 -3.057264247781421e-18
    outer loop
      vertex -10.646550125609808 -15.66285092124747 0
      vertex -10.474671109562589 -15.61679607770176 0
      vertex -10.474671109562589 -15.61679607770176 -1.2
    endloop
  endfacet
  facet normal -0.358367949545296 0.9335804264972034 2.3149022037031112e-18
    outer loop
      vertex -10.474671109562589 -15.61679607770176 0
      vertex -10.30854770677114 -15.553027277992422 0
      vertex -10.30854770677114 -15.553027277992422 -1.2
    endloop
  endfacet
  facet normal 0.05233595624294446 0.9986295347545738 0
    outer loop
      vertex -11.177698387555012 -15.690687222126064 0
      vertex -11 -15.7 -1.2
      vertex -11.177698387555012 -15.690687222126064 -1.2
    endloop
  endfacet
  facet normal -0.05233595624294446 0.9986295347545738 0
    outer loop
      vertex -11 -15.7 0
      vertex -10.822301612444988 -15.690687222126064 -1.2
      vertex -11 -15.7 -1.2
    endloop
  endfacet
  facet normal -0.15643446504022357 0.987688340595139 0
    outer loop
      vertex -10.822301612444988 -15.690687222126064 0
      vertex -10.646550125609808 -15.66285092124747 -1.2
      vertex -10.822301612444988 -15.690687222126064 -1.2
    endloop
  endfacet
  facet normal -0.2588190451025269 0.9659258262890666 0
    outer loop
      vertex -10.646550125609808 -15.66285092124747 0
      vertex -10.474671109562589 -15.61679607770176 -1.2
      vertex -10.646550125609808 -15.66285092124747 -1.2
    endloop
  endfacet
  facet normal -0.358367949545296 0.9335804264972034 0
    outer loop
      vertex -10.474671109562589 -15.61679607770176 0
      vertex -10.30854770677114 -15.553027277992422 -1.2
      vertex -10.474671109562589 -15.61679607770176 -1.2
    endloop
  endfacet
  facet normal -0.5446390350150235 0.8386705679454263 -4.425185184052951e-19
    outer loop
      vertex -10.15 -15.472243186433545 0
      vertex -10.000765071102796 -15.37532889043741 0
      vertex -10.000765071102796 -15.37532889043741 -1.2
    endloop
  endfacet
  facet normal -0.6293203910498348 0.7771459614569729 -1.2974328472120694e-18
    outer loop
      vertex -10.000765071102796 -15.37532889043741 0
      vertex -9.862477969189941 -15.26334620331157 0
      vertex -9.862477969189941 -15.26334620331157 -1.2
    endloop
  endfacet
  facet normal -0.9335804264972034 0.358367949545296 0
    outer loop
      vertex -9.38320392229824 -14.525328890437411 0
      vertex -9.38320392229824 -14.525328890437411 -1.2
      vertex -9.446972722007578 -14.69145229322886 0
    endloop
  endfacet
  facet normal -0.8910065241883646 0.45399049973955313 0
    outer loop
      vertex -9.446972722007578 -14.69145229322886 0
      vertex -9.446972722007578 -14.69145229322886 -1.2
      vertex -9.527756813566455 -14.85 0
    endloop
  endfacet
  facet normal -0.7771459614569729 0.6293203910498348 -1.2974328472120694e-18
    outer loop
      vertex -9.73665379668843 -15.137522030810059 0
      vertex -9.62467110956259 -14.999234928897204 0
      vertex -9.62467110956259 -14.999234928897204 -1.2
    endloop
  endfacet
  facet normal -0.7071067811865476 0.7071067811865476 0
    outer loop
      vertex -9.73665379668843 -15.137522030810059 0
      vertex -9.73665379668843 -15.137522030810059 -1.2
      vertex -9.862477969189941 -15.26334620331157 0
    endloop
  endfacet
  facet normal -0.8386705679454263 0.5446390350150235 0
    outer loop
      vertex -9.527756813566455 -14.85 0
      vertex -9.527756813566455 -14.85 -1.2
      vertex -9.62467110956259 -14.999234928897204 0
    endloop
  endfacet
  facet normal -0.6293203910498348 0.7771459614569729 0
    outer loop
      vertex -10.000765071102796 -15.37532889043741 0
      vertex -9.862477969189941 -15.26334620331157 -1.2
      vertex -10.000765071102796 -15.37532889043741 -1.2
    endloop
  endfacet
  facet normal -0.8910065241883646 0.45399049973955313 0
    outer loop
      vertex -9.527756813566455 -14.85 0
      vertex -9.446972722007578 -14.69145229322886 -1.2
      vertex -9.527756813566455 -14.85 -1.2
    endloop
  endfacet
  facet normal -0.9335804264972034 0.358367949545296 2.3149022037031112e-18
    outer loop
      vertex -9.38320392229824 -14.525328890437411 -1.2
      vertex -9.446972722007578 -14.69145229322886 -1.2
      vertex -9.446972722007578 -14.69145229322886 0
    endloop
  endfacet
  facet normal -0.7771459614569729 0.6293203910498348 0
    outer loop
      vertex -9.73665379668843 -15.137522030810059 0
      vertex -9.62467110956259 -14.999234928897204 -1.2
      vertex -9.73665379668843 -15.137522030810059 -1.2
    endloop
  endfacet
  facet normal -0.7071067811865476 0.7071067811865476 0
    outer loop
      vertex -9.862477969189941 -15.26334620331157 0
      vertex -9.73665379668843 -15.137522030810059 -1.2
      vertex -9.862477969189941 -15.26334620331157 -1.2
    endloop
  endfacet
  facet normal -0.8386705679454263 0.5446390350150235 0
    outer loop
      vertex -9.62467110956259 -14.999234928897204 0
      vertex -9.527756813566455 -14.85 -1.2
      vertex -9.62467110956259 -14.999234928897204 -1.2
    endloop
  endfacet
  facet normal -0.45399049973955313 0.8910065241883646 -1.873228080906661e-18
    outer loop
      vertex -10.30854770677114 -15.553027277992422 0
      vertex -10.15 -15.472243186433545 0
      vertex -10.15 -15.472243186433545 -1.2
    endloop
  endfacet
  facet normal -0.45399049973955313 0.8910065241883646 0
    outer loop
      vertex -10.30854770677114 -15.553027277992422 0
      vertex -10.15 -15.472243186433545 -1.2
      vertex -10.30854770677114 -15.553027277992422 -1.2
    endloop
  endfacet
  facet normal -0.5446390350150235 0.8386705679454263 0
    outer loop
      vertex -10.15 -15.472243186433545 0
      vertex -10.000765071102796 -15.37532889043741 -1.2
      vertex -10.15 -15.472243186433545 -1.2
    endloop
  endfacet
  facet normal -0.9659258262890666 0.2588190451025269 0
    outer loop
      vertex -9.33714907875253 -14.353449874390192 0
      vertex -9.33714907875253 -14.353449874390192 -1.2
      vertex -9.38320392229824 -14.525328890437411 0
    endloop
  endfacet
  facet normal -0.987688340595139 0.15643446504022357 0
    outer loop
      vertex -9.33714907875253 -14.353449874390192 0
      vertex -9.309312777873936 -14.177698387555012 -1.2
      vertex -9.33714907875253 -14.353449874390192 -1.2
    endloop
  endfacet
  facet normal -0.9659258262890666 0.2588190451025269 0
    outer loop
      vertex -9.38320392229824 -14.525328890437411 0
      vertex -9.33714907875253 -14.353449874390192 -1.2
      vertex -9.38320392229824 -14.525328890437411 -1.2
    endloop
  endfacet
  facet normal 0.8386705679454263 -0.5446390350150235 0
    outer loop
      vertex -12.37532889043741 -13.000765071102796 -9.2
      vertex -12.472243186433545 -13.15 -9.2
      vertex -12.37532889043741 -13.000765071102796 -10
    endloop
  endfacet
  facet normal 0.7771459614569729 -0.629320391049835 -1.9461492708181023e-18
    outer loop
      vertex -12.37532889043741 -13.000765071102796 -9.2
      vertex -12.26334620331157 -12.862477969189941 -10
      vertex -12.26334620331157 -12.862477969189941 -9.2
    endloop
  endfacet
  facet normal 0.9986295347545739 0.05233595624294447 -2.1536222072075566e-18
    outer loop
      vertex -12.7 -14 -9.2
      vertex -12.690687222126064 -14.177698387555012 -9.2
      vertex -12.690687222126064 -14.177698387555012 -9.338815995511114
    endloop
  endfacet
  facet normal 0.9876883405951398 0.15643446504021788 0
    outer loop
      vertex -12.690687222126064 -14.177698387555012 -9.2
      vertex -12.67640915601392 -14.2678465490972 -9.2
      vertex -12.690687222126064 -14.177698387555012 -9.338815995511114
    endloop
  endfacet
  facet normal 0.9986295347545738 -0.05233595624294446 7.248369758377548e-19
    outer loop
      vertex -12.690687222126064 -13.822301612444988 -9.2
      vertex -12.7 -14 -9.2
      vertex -12.7 -14 -9.61244751663342
    endloop
  endfacet
  facet normal 0.9876883405951388 -0.15643446504022357 0
    outer loop
      vertex -12.66285092124747 -13.646550125609808 -9.2
      vertex -12.690687222126064 -13.822301612444988 -9.2
      vertex -12.66285092124747 -13.646550125609808 -10
    endloop
  endfacet
  facet normal 0.9986295347545738 0.05233595624294446 0
    outer loop
      vertex -12.7 -14 -9.2
      vertex -12.690687222126064 -14.177698387555012 -9.338815995511114
      vertex -12.7 -14 -9.61244751663342
    endloop
  endfacet
  facet normal 0.8910065241883647 -0.45399049973955313 -2.8098421213599896e-18
    outer loop
      vertex -12.553027277992422 -13.30854770677114 -9.2
      vertex -12.472243186433545 -13.15 -10
      vertex -12.472243186433545 -13.15 -9.2
    endloop
  endfacet
  facet normal 0.9335804264972032 -0.358367949545296 3.4723533055546636e-18
    outer loop
      vertex -12.61679607770176 -13.474671109562589 -9.2
      vertex -12.553027277992422 -13.30854770677114 -10
      vertex -12.553027277992422 -13.30854770677114 -9.2
    endloop
  endfacet
  facet normal 0.9659258262890666 -0.2588190451025269 0
    outer loop
      vertex -12.61679607770176 -13.474671109562589 -9.2
      vertex -12.66285092124747 -13.646550125609808 -9.2
      vertex -12.61679607770176 -13.474671109562589 -10
    endloop
  endfacet
  facet normal 0.629320391049835 -0.7771459614569729 -1.9461492708181023e-18
    outer loop
      vertex -12.137522030810059 -12.73665379668843 -9.2
      vertex -11.999234928897204 -12.62467110956259 -10
      vertex -11.999234928897204 -12.62467110956259 -9.2
    endloop
  endfacet
  facet normal 0.7071067811865475 -0.7071067811865475 0
    outer loop
      vertex -12.137522030810059 -12.73665379668843 -9.2
      vertex -12.26334620331157 -12.862477969189941 -9.2
      vertex -12.137522030810059 -12.73665379668843 -10
    endloop
  endfacet
  facet normal 0.5446390350150235 -0.8386705679454263 -6.637777776079422e-19
    outer loop
      vertex -11.999234928897204 -12.62467110956259 -9.2
      vertex -11.85 -12.527756813566455 -10
      vertex -11.85 -12.527756813566455 -9.2
    endloop
  endfacet
  facet normal 0.45399049973955313 -0.8910065241883647 0
    outer loop
      vertex -11.69145229322886 -12.446972722007578 -9.2
      vertex -11.85 -12.527756813566455 -9.2
      vertex -11.69145229322886 -12.446972722007578 -10
    endloop
  endfacet
  facet normal 0.358367949545296 -0.9335804264972032 3.4723533055546636e-18
    outer loop
      vertex -11.69145229322886 -12.446972722007578 -9.2
      vertex -11.525328890437411 -12.38320392229824 -10
      vertex -11.525328890437411 -12.38320392229824 -9.2
    endloop
  endfacet
  facet normal 0.2588190451025269 -0.9659258262890666 -4.5858963716721275e-18
    outer loop
      vertex -11.525328890437411 -12.38320392229824 -9.2
      vertex -11.353449874390192 -12.33714907875253 -10
      vertex -11.353449874390192 -12.33714907875253 -9.2
    endloop
  endfacet
  facet normal 0.7771459614569729 -0.629320391049835 0
    outer loop
      vertex -12.37532889043741 -13.000765071102796 -9.2
      vertex -12.37532889043741 -13.000765071102796 -10
      vertex -12.26334620331157 -12.862477969189941 -10
    endloop
  endfacet
  facet normal 0.7071067811865475 -0.7071067811865475 0
    outer loop
      vertex -12.26334620331157 -12.862477969189941 -9.2
      vertex -12.26334620331157 -12.862477969189941 -10
      vertex -12.137522030810059 -12.73665379668843 -10
    endloop
  endfacet
  facet normal 0 0 1
    outer loop
      vertex -12.137522030810059 -12.73665379668843 -10
      vertex -12.678775424278285 -13.747093480741079 -10
      vertex -11.999234928897204 -12.62467110956259 -10
    endloop
  endfacet
  facet normal 0.9986295347545738 -0.052335956242944466 0
    outer loop
      vertex -12.690687222126064 -13.822301612444988 -9.2
      vertex -12.7 -14 -9.61244751663342
      vertex -12.690687222126064 -13.822301612444988 -9.886079037755728
    endloop
  endfacet
  facet normal 0.9876883405951363 -0.1564344650402402 0
    outer loop
      vertex -12.690687222126064 -13.822301612444988 -9.2
      vertex -12.690687222126064 -13.822301612444988 -9.886079037755728
      vertex -12.678775424278285 -13.747093480741079 -10
    endloop
  endfacet
  facet normal 0.9876883405951408 -0.15643446504021116 2.791931243760771e-15
    outer loop
      vertex -12.690687222126064 -13.822301612444988 -9.2
      vertex -12.678775424278285 -13.747093480741079 -10
      vertex -12.66285092124747 -13.646550125609808 -10
    endloop
  endfacet
  facet normal 0.9876883405950814 -0.15643446504058658 -2.344389182817891e-13
    outer loop
      vertex -12.679756682982976 -13.753288904374106 -9.992349288972044
      vertex -12.678775424278285 -13.747093480741079 -10
      vertex -12.690687222126064 -13.822301612444988 -9.886079037755728
    endloop
  endfacet
  facet normal 0.8386705679454263 -0.5446390350150235 0
    outer loop
      vertex -12.472243186433545 -13.15 -9.2
      vertex -12.472243186433545 -13.15 -10
      vertex -12.37532889043741 -13.000765071102796 -10
    endloop
  endfacet
  facet normal 0.8910065241883647 -0.45399049973955313 0
    outer loop
      vertex -12.553027277992422 -13.30854770677114 -9.2
      vertex -12.553027277992422 -13.30854770677114 -10
      vertex -12.472243186433545 -13.15 -10
    endloop
  endfacet
  facet normal 0.9335804264972032 -0.358367949545296 0
    outer loop
      vertex -12.61679607770176 -13.474671109562589 -9.2
      vertex -12.61679607770176 -13.474671109562589 -10
      vertex -12.553027277992422 -13.30854770677114 -10
    endloop
  endfacet
  facet normal 0.9659258262890666 -0.2588190451025269 0
    outer loop
      vertex -12.66285092124747 -13.646550125609808 -9.2
      vertex -12.66285092124747 -13.646550125609808 -10
      vertex -12.61679607770176 -13.474671109562589 -10
    endloop
  endfacet
  facet normal 0 0 1
    outer loop
      vertex -12.37532889043741 -13.000765071102796 -10
      vertex -12.678775424278285 -13.747093480741079 -10
      vertex -12.26334620331157 -12.862477969189941 -10
    endloop
  endfacet
  facet normal 0 0 1
    outer loop
      vertex -12.37532889043741 -13.000765071102796 -10
      vertex -12.472243186433545 -13.15 -10
      vertex -12.678775424278285 -13.747093480741079 -10
    endloop
  endfacet
  facet normal 0 0 1
    outer loop
      vertex -12.553027277992422 -13.30854770677114 -10
      vertex -12.678775424278285 -13.747093480741079 -10
      vertex -12.472243186433545 -13.15 -10
    endloop
  endfacet
  facet normal 0 0 1
    outer loop
      vertex -12.61679607770176 -13.474671109562589 -10
      vertex -12.678775424278285 -13.747093480741079 -10
      vertex -12.553027277992422 -13.30854770677114 -10
    endloop
  endfacet
  facet normal 0 0 1
    outer loop
      vertex -12.61679607770176 -13.474671109562589 -10
      vertex -12.66285092124747 -13.646550125609808 -10
      vertex -12.678775424278285 -13.747093480741079 -10
    endloop
  endfacet
  facet normal 0 0 1
    outer loop
      vertex -12.137522030810059 -12.73665379668843 -10
      vertex -12.26334620331157 -12.862477969189941 -10
      vertex -12.678775424278285 -13.747093480741079 -10
    endloop
  endfacet
  facet normal 0.629320391049835 -0.7771459614569729 0
    outer loop
      vertex -12.137522030810059 -12.73665379668843 -9.2
      vertex -12.137522030810059 -12.73665379668843 -10
      vertex -11.999234928897204 -12.62467110956259 -10
    endloop
  endfacet
  facet normal 0.5446390350150235 -0.8386705679454263 0
    outer loop
      vertex -11.999234928897204 -12.62467110956259 -9.2
      vertex -11.999234928897204 -12.62467110956259 -10
      vertex -11.85 -12.527756813566455 -10
    endloop
  endfacet
  facet normal 0.45399049973955313 -0.8910065241883647 0
    outer loop
      vertex -11.85 -12.527756813566455 -9.2
      vertex -11.85 -12.527756813566455 -10
      vertex -11.69145229322886 -12.446972722007578 -10
    endloop
  endfacet
  facet normal 0 0 1
    outer loop
      vertex -11.69145229322886 -12.446972722007578 -10
      vertex -11.85 -12.527756813566455 -10
      vertex -12.678775424278285 -13.747093480741079 -10
    endloop
  endfacet
  facet normal 0 0 1
    outer loop
      vertex -11.999234928897204 -12.62467110956259 -10
      vertex -12.678775424278285 -13.747093480741079 -10
      vertex -11.85 -12.527756813566455 -10
    endloop
  endfacet
  facet normal 0 0 1
    outer loop
      vertex -11.69145229322886 -12.446972722007578 -10
      vertex -12.678775424278285 -13.747093480741079 -10
      vertex -11.525328890437411 -12.38320392229824 -10
    endloop
  endfacet
  facet normal 0 0 1
    outer loop
      vertex -11.525328890437411 -12.38320392229824 -10
      vertex -12.678775424278285 -13.747093480741079 -10
      vertex -11.353449874390192 -12.33714907875253 -10
    endloop
  endfacet
  facet normal 0 0 1
    outer loop
      vertex -11.353449874390192 -12.33714907875253 -10
      vertex -12.678775424278285 -13.747093480741079 -10
      vertex -11.177698387555012 -12.309312777873936 -10
    endloop
  endfacet
  facet normal 0.358367949545296 -0.9335804264972032 0
    outer loop
      vertex -11.69145229322886 -12.446972722007578 -9.2
      vertex -11.69145229322886 -12.446972722007578 -10
      vertex -11.525328890437411 -12.38320392229824 -10
    endloop
  endfacet
  facet normal 0.2588190451025269 -0.9659258262890666 0
    outer loop
      vertex -11.525328890437411 -12.38320392229824 -9.2
      vertex -11.525328890437411 -12.38320392229824 -10
      vertex -11.353449874390192 -12.33714907875253 -10
    endloop
  endfacet
  facet normal 0.15643446504022357 -0.9876883405951388 0
    outer loop
      vertex -11.353449874390192 -12.33714907875253 -9.2
      vertex -11.353449874390192 -12.33714907875253 -10
      vertex -11.177698387555012 -12.309312777873936 -10
    endloop
  endfacet
  facet normal 0 0 1
    outer loop
      vertex -11.177698387555012 -12.309312777873936 -10
      vertex -12.678775424278285 -13.747093480741079 -10
      vertex -11 -12.3 -10
    endloop
  endfacet
  facet normal 0 0 1
    outer loop
      vertex -11 -12.3 -10
      vertex -12.678775424278285 -13.747093480741079 -10
      vertex -10.822301612444988 -12.309312777873936 -10
    endloop
  endfacet
  facet normal 0 0 1
    outer loop
      vertex -10.822301612444988 -12.309312777873936 -10
      vertex -12.678775424278285 -13.747093480741079 -10
      vertex -10.646550125609808 -12.33714907875253 -10
    endloop
  endfacet
  facet normal 0 0 1
    outer loop
      vertex -10.646550125609808 -12.33714907875253 -10
      vertex -12.678775424278285 -13.747093480741079 -10
      vertex -10.474671109562589 -12.38320392229824 -10
    endloop
  endfacet
  facet normal 0.15643446504022357 -0.9876883405951388 -2.7890393898083357e-18
    outer loop
      vertex -11.353449874390192 -12.33714907875253 -9.2
      vertex -11.177698387555012 -12.309312777873936 -10
      vertex -11.177698387555012 -12.309312777873936 -9.2
    endloop
  endfacet
  facet normal 0.052335956242944466 -0.9986295347545738 3.7369651331045064e-19
    outer loop
      vertex -11.177698387555012 -12.309312777873936 -9.2
      vertex -11 -12.3 -10
      vertex -11 -12.3 -9.2
    endloop
  endfacet
  facet normal -0.052335956242944466 -0.9986295347545738 -3.7369651331045064e-19
    outer loop
      vertex -11 -12.3 -9.2
      vertex -10.822301612444988 -12.309312777873936 -10
      vertex -10.822301612444988 -12.309312777873936 -9.2
    endloop
  endfacet
  facet normal -0.15643446504022357 -0.9876883405951388 2.7890393898083357e-18
    outer loop
      vertex -10.822301612444988 -12.309312777873936 -9.2
      vertex -10.646550125609808 -12.33714907875253 -10
      vertex -10.646550125609808 -12.33714907875253 -9.2
    endloop
  endfacet
  facet normal -0.2588190451025269 -0.9659258262890666 4.5858963716721275e-18
    outer loop
      vertex -10.646550125609808 -12.33714907875253 -9.2
      vertex -10.474671109562589 -12.38320392229824 -10
      vertex -10.474671109562589 -12.38320392229824 -9.2
    endloop
  endfacet
  facet normal -0.358367949545296 -0.9335804264972032 -3.4723533055546636e-18
    outer loop
      vertex -10.474671109562589 -12.38320392229824 -9.2
      vertex -10.30854770677114 -12.446972722007578 -10
      vertex -10.30854770677114 -12.446972722007578 -9.2
    endloop
  endfacet
  facet normal -0.45399049973955313 -0.8910065241883647 2.8098421213599896e-18
    outer loop
      vertex -10.30854770677114 -12.446972722007578 -9.2
      vertex -10.15 -12.527756813566455 -10
      vertex -10.15 -12.527756813566455 -9.2
    endloop
  endfacet
  facet normal -0.5446390350150235 -0.8386705679454263 6.637777776079422e-19
    outer loop
      vertex -10.15 -12.527756813566455 -9.2
      vertex -10.000765071102796 -12.62467110956259 -10
      vertex -10.000765071102796 -12.62467110956259 -9.2
    endloop
  endfacet
  facet normal -0.629320391049835 -0.7771459614569729 1.9461492708181023e-18
    outer loop
      vertex -10.000765071102796 -12.62467110956259 -9.2
      vertex -9.862477969189941 -12.73665379668843 -10
      vertex -9.862477969189941 -12.73665379668843 -9.2
    endloop
  endfacet
  facet normal -0.7071067811865475 -0.7071067811865475 -1.689181099091679e-18
    outer loop
      vertex -9.862477969189941 -12.73665379668843 -9.2
      vertex -9.73665379668843 -12.862477969189941 -10
      vertex -9.73665379668843 -12.862477969189941 -9.2
    endloop
  endfacet
  facet normal -0.7771459614569729 -0.629320391049835 1.9461492708181023e-18
    outer loop
      vertex -9.73665379668843 -12.862477969189941 -9.2
      vertex -9.62467110956259 -13.000765071102796 -10
      vertex -9.62467110956259 -13.000765071102796 -9.2
    endloop
  endfacet
  facet normal -0.8386705679454263 -0.5446390350150235 6.637777776079422e-19
    outer loop
      vertex -9.62467110956259 -13.000765071102796 -9.2
      vertex -9.527756813566455 -13.15 -10
      vertex -9.527756813566455 -13.15 -9.2
    endloop
  endfacet
  facet normal -0.8910065241883647 -0.45399049973955313 2.8098421213599896e-18
    outer loop
      vertex -9.527756813566455 -13.15 -9.2
      vertex -9.446972722007578 -13.30854770677114 -10
      vertex -9.446972722007578 -13.30854770677114 -9.2
    endloop
  endfacet
  facet normal -0.9335804264972032 -0.358367949545296 -3.4723533055546636e-18
    outer loop
      vertex -9.446972722007578 -13.30854770677114 -9.2
      vertex -9.38320392229824 -13.474671109562589 -10
      vertex -9.38320392229824 -13.474671109562589 -9.2
    endloop
  endfacet
  facet normal 0.052335956242944466 -0.9986295347545738 0
    outer loop
      vertex -11.177698387555012 -12.309312777873936 -9.2
      vertex -11.177698387555012 -12.309312777873936 -10
      vertex -11 -12.3 -10
    endloop
  endfacet
  facet normal -0.052335956242944466 -0.9986295347545738 0
    outer loop
      vertex -11 -12.3 -9.2
      vertex -11 -12.3 -10
      vertex -10.822301612444988 -12.309312777873936 -10
    endloop
  endfacet
  facet normal 0 0 1
    outer loop
      vertex -10.474671109562589 -12.38320392229824 -10
      vertex -12.678775424278285 -13.747093480741079 -10
      vertex -10.30854770677114 -12.446972722007578 -10
    endloop
  endfacet
  facet normal 0 0 1
    outer loop
      vertex -10.30854770677114 -12.446972722007578 -10
      vertex -12.678775424278285 -13.747093480741079 -10
      vertex -10.15 -12.527756813566455 -10
    endloop
  endfacet
  facet normal 0 0 1
    outer loop
      vertex -10.15 -12.527756813566455 -10
      vertex -12.678775424278285 -13.747093480741079 -10
      vertex -10.000765071102796 -12.62467110956259 -10
    endloop
  endfacet
  facet normal 0 0 1
    outer loop
      vertex -10.000765071102796 -12.62467110956259 -10
      vertex -12.678775424278285 -13.747093480741079 -10
      vertex -9.862477969189941 -12.73665379668843 -10
    endloop
  endfacet
  facet normal -0.15643446504022357 -0.9876883405951388 0
    outer loop
      vertex -10.822301612444988 -12.309312777873936 -9.2
      vertex -10.822301612444988 -12.309312777873936 -10
      vertex -10.646550125609808 -12.33714907875253 -10
    endloop
  endfacet
  facet normal -0.2588190451025269 -0.9659258262890666 0
    outer loop
      vertex -10.646550125609808 -12.33714907875253 -9.2
      vertex -10.646550125609808 -12.33714907875253 -10
      vertex -10.474671109562589 -12.38320392229824 -10
    endloop
  endfacet
  facet normal -0.358367949545296 -0.9335804264972032 0
    outer loop
      vertex -10.474671109562589 -12.38320392229824 -9.2
      vertex -10.474671109562589 -12.38320392229824 -10
      vertex -10.30854770677114 -12.446972722007578 -10
    endloop
  endfacet
  facet normal 0 0 1
    outer loop
      vertex -9.862477969189941 -12.73665379668843 -10
      vertex -12.678775424278285 -13.747093480741079 -10
      vertex -9.73665379668843 -12.862477969189941 -10
    endloop
  endfacet
  facet normal 0 0 1
    outer loop
      vertex -9.73665379668843 -12.862477969189941 -10
      vertex -12.678775424278285 -13.747093480741079 -10
      vertex -9.62467110956259 -13.000765071102796 -10
    endloop
  endfacet
  facet normal 0 0 1
    outer loop
      vertex -9.62467110956259 -13.000765071102796 -10
      vertex -12.678775424278285 -13.747093480741079 -10
      vertex -9.527756813566455 -13.15 -10
    endloop
  endfacet
  facet normal 0 0 1
    outer loop
      vertex -9.527756813566455 -13.15 -10
      vertex -12.678775424278285 -13.747093480741079 -10
      vertex -9.446972722007578 -13.30854770677114 -10
    endloop
  endfacet
  facet normal 0 0 1
    outer loop
      vertex -9.446972722007578 -13.30854770677114 -10
      vertex -12.678775424278285 -13.747093480741079 -10
      vertex -9.38320392229824 -13.474671109562589 -10
    endloop
  endfacet
  facet normal 0 0 1
    outer loop
      vertex -9.38320392229824 -13.474671109562589 -10
      vertex -12.678775424278285 -13.747093480741079 -10
      vertex -9.33714907875253 -13.646550125609808 -10
    endloop
  endfacet
  facet normal 0 0 1
    outer loop
      vertex -9.33714907875253 -13.646550125609808 -10
      vertex -12.678775424278285 -13.747093480741079 -10
      vertex -9.321224575721715 -13.747093480741079 -10
    endloop
  endfacet
  facet normal -0.45399049973955313 -0.8910065241883647 0
    outer loop
      vertex -10.30854770677114 -12.446972722007578 -9.2
      vertex -10.30854770677114 -12.446972722007578 -10
      vertex -10.15 -12.527756813566455 -10
    endloop
  endfacet
  facet normal -0.5446390350150235 -0.8386705679454263 0
    outer loop
      vertex -10.15 -12.527756813566455 -9.2
      vertex -10.15 -12.527756813566455 -10
      vertex -10.000765071102796 -12.62467110956259 -10
    endloop
  endfacet
  facet normal -0.629320391049835 -0.7771459614569729 0
    outer loop
      vertex -10.000765071102796 -12.62467110956259 -9.2
      vertex -10.000765071102796 -12.62467110956259 -10
      vertex -9.862477969189941 -12.73665379668843 -10
    endloop
  endfacet
  facet normal -0.7071067811865475 -0.7071067811865475 0
    outer loop
      vertex -9.862477969189941 -12.73665379668843 -9.2
      vertex -9.862477969189941 -12.73665379668843 -10
      vertex -9.73665379668843 -12.862477969189941 -10
    endloop
  endfacet
  facet normal -0.7771459614569729 -0.629320391049835 0
    outer loop
      vertex -9.73665379668843 -12.862477969189941 -9.2
      vertex -9.73665379668843 -12.862477969189941 -10
      vertex -9.62467110956259 -13.000765071102796 -10
    endloop
  endfacet
  facet normal -0.8386705679454263 -0.5446390350150235 0
    outer loop
      vertex -9.62467110956259 -13.000765071102796 -9.2
      vertex -9.62467110956259 -13.000765071102796 -10
      vertex -9.527756813566455 -13.15 -10
    endloop
  endfacet
  facet normal -0.8910065241883647 -0.45399049973955313 0
    outer loop
      vertex -9.527756813566455 -13.15 -9.2
      vertex -9.527756813566455 -13.15 -10
      vertex -9.446972722007578 -13.30854770677114 -10
    endloop
  endfacet
  facet normal -0.9335804264972032 -0.358367949545296 0
    outer loop
      vertex -9.446972722007578 -13.30854770677114 -9.2
      vertex -9.446972722007578 -13.30854770677114 -10
      vertex -9.38320392229824 -13.474671109562589 -10
    endloop
  endfacet
  facet normal -0.9659258262890666 -0.2588190451025269 4.5858963716721275e-18
    outer loop
      vertex -9.38320392229824 -13.474671109562589 -9.2
      vertex -9.33714907875253 -13.646550125609808 -10
      vertex -9.33714907875253 -13.646550125609808 -9.2
    endloop
  endfacet
  facet normal -0.9986295347545738 0.05233595624294447 2.153622207207584e-18
    outer loop
      vertex -9.3 -14 -9.2
      vertex -9.309312777873936 -14.177698387555012 -9.338815995511112
      vertex -9.309312777873936 -14.177698387555012 -9.2
    endloop
  endfacet
  facet normal -0.9876883405951398 0.15643446504021785 0
    outer loop
      vertex -9.309312777873936 -14.177698387555012 -9.2
      vertex -9.309312777873936 -14.177698387555012 -9.338815995511112
      vertex -9.32359084398608 -14.2678465490972 -9.2
    endloop
  endfacet
  facet normal -0.9876883405951389 -0.15643446504022357 3.252149372097676e-18
    outer loop
      vertex -9.33714907875253 -13.646550125609808 -9.2
      vertex -9.309312777873936 -13.822301612444988 -9.886079037755728
      vertex -9.309312777873936 -13.822301612444988 -9.2
    endloop
  endfacet
  facet normal -0.9986295347545738 -0.05233595624294446 -7.248369758377548e-19
    outer loop
      vertex -9.309312777873936 -13.822301612444988 -9.2
      vertex -9.3 -14 -9.61244751663342
      vertex -9.3 -14 -9.2
    endloop
  endfacet
  facet normal -0.9986295347545738 0.05233595624294446 0
    outer loop
      vertex -9.3 -14 -9.2
      vertex -9.3 -14 -9.61244751663342
      vertex -9.309312777873936 -14.177698387555012 -9.338815995511112
    endloop
  endfacet
  facet normal -0.9659258262890666 -0.2588190451025269 0
    outer loop
      vertex -9.38320392229824 -13.474671109562589 -9.2
      vertex -9.38320392229824 -13.474671109562589 -10
      vertex -9.33714907875253 -13.646550125609808 -10
    endloop
  endfacet
  facet normal -0.9876883405951377 -0.15643446504023134 2.0384911289263965e-15
    outer loop
      vertex -9.33714907875253 -13.646550125609808 -9.2
      vertex -9.320243317017024 -13.753288904374106 -9.992349288972044
      vertex -9.309312777873936 -13.822301612444988 -9.886079037755728
    endloop
  endfacet
  facet normal -0.9986295347545738 -0.052335956242944466 0
    outer loop
      vertex -9.309312777873936 -13.822301612444988 -9.2
      vertex -9.309312777873936 -13.822301612444988 -9.886079037755728
      vertex -9.3 -14 -9.61244751663342
    endloop
  endfacet
  facet normal -0.9876883405951408 -0.15643446504021116 0
    outer loop
      vertex -9.33714907875253 -13.646550125609808 -9.2
      vertex -9.33714907875253 -13.646550125609808 -10
      vertex -9.321224575721715 -13.747093480741079 -10
    endloop
  endfacet
  facet normal -0.9876883405951282 -0.15643446504029165 1.0373036839934125e-14
    outer loop
      vertex -9.33714907875253 -13.646550125609808 -9.2
      vertex -9.321224575721715 -13.747093480741079 -10
      vertex -9.320243317017024 -13.753288904374106 -9.992349288972044
    endloop
  endfacet
  facet normal 0.9335804264972053 -0.3583679495452914 6.552448526351197e-15
    outer loop
      vertex -13.853169548885461 -13.072949016875159 -1.2
      vertex -13.797830029388246 -12.928784639787553 -1.3588700224794952
      vertex -13.801026090968497 -12.93711066486035 -1.2
    endloop
  endfacet
  facet normal 0 0 -1
    outer loop
      vertex -13.934442802201417 -13.376264927546721 -1.2
      vertex -13.934442802201417 -14.623735072453279 -1.2
      vertex -13.98356568610482 -13.686414610197039 -1.2
    endloop
  endfacet
  facet normal 0 0 -1
    outer loop
      vertex -13.853169548885461 -13.072949016875159 -1.2
      vertex -13.853169548885461 -14.927050983124841 -1.2
      vertex -13.934442802201417 -13.376264927546721 -1.2
    endloop
  endfacet
  facet normal 0 0 -1
    outer loop
      vertex -13.98356568610482 -13.686414610197039 -1.2
      vertex -13.98356568610482 -14.313585389802961 -1.2
      vertex -14 -14 -1.2
    endloop
  endfacet
  facet normal 0 0 -1
    outer loop
      vertex -13.98356568610482 -13.686414610197039 -1.2
      vertex -13.934442802201417 -14.623735072453279 -1.2
      vertex -13.98356568610482 -14.313585389802961 -1.2
    endloop
  endfacet
  facet normal 0 0 -1
    outer loop
      vertex -13.853169548885461 -13.072949016875159 -1.2
      vertex -13.801026090968497 -12.93711066486035 -1.2
      vertex -13.740636372927803 -15.220209929227401 -1.2
    endloop
  endfacet
  facet normal 0 0 -1
    outer loop
      vertex -13.801026090968497 -12.93711066486035 -1.2
      vertex -12.32378256861977 -12.93711066486035 -1.2
      vertex -12.37532889043741 -13.000765071102796 -1.2
    endloop
  endfacet
  facet normal 0 0 -1
    outer loop
      vertex -13.801026090968497 -12.93711066486035 -1.2
      vertex -12.37532889043741 -13.000765071102796 -1.2
      vertex -12.472243186433545 -13.15 -1.2
    endloop
  endfacet
  facet normal 0 0 -1
    outer loop
      vertex -13.801026090968497 -12.93711066486035 -1.2
      vertex -12.61679607770176 -13.474671109562589 -1.2
      vertex -12.66285092124747 -13.646550125609808 -1.2
    endloop
  endfacet
  facet normal 0 0 -1
    outer loop
      vertex -13.801026090968497 -12.93711066486035 -1.2
      vertex -12.472243186433545 -13.15 -1.2
      vertex -12.553027277992422 -13.30854770677114 -1.2
    endloop
  endfacet
  facet normal 0 0 -1
    outer loop
      vertex -13.801026090968497 -12.93711066486035 -1.2
      vertex -12.553027277992422 -13.30854770677114 -1.2
      vertex -12.61679607770176 -13.474671109562589 -1.2
    endloop
  endfacet
  facet normal 0 0 -1
    outer loop
      vertex -13.801026090968497 -12.93711066486035 -1.2
      vertex -12.66285092124747 -13.646550125609808 -1.2
      vertex -12.690687222126064 -13.822301612444988 -1.2
    endloop
  endfacet
  facet normal 0 0 -1
    outer loop
      vertex -13.801026090968497 -12.93711066486035 -1.2
      vertex -12.690687222126064 -13.822301612444988 -1.2
      vertex -12.7 -14 -1.2
    endloop
  endfacet
  facet normal 0.9335804264972027 -0.3583679495452977 0
    outer loop
      vertex -13.853169548885461 -13.072949016875159 -1.2
      vertex -13.853169548885461 -13.072949016875159 -9.2
      vertex -13.797830029388246 -12.928784639787553 -1.3588700224794952
    endloop
  endfacet
  facet normal 0.965925826289068 -0.2588190451025219 1.9462535407468027e-19
    outer loop
      vertex -13.853169548885461 -13.072949016875159 -1.2
      vertex -13.934442802201417 -13.376264927546721 -1.2
      vertex -13.934442802201417 -13.376264927546721 -9.2
    endloop
  endfacet
  facet normal 0.987688340595138 -0.15643446504022926 -7.627523796721676e-20
    outer loop
      vertex -13.934442802201417 -13.376264927546721 -1.2
      vertex -13.98356568610482 -13.686414610197039 -1.2
      vertex -13.98356568610482 -13.686414610197039 -9.2
    endloop
  endfacet
  facet normal 0.9986295347545737 -0.05233595624294484 6.864374739997764e-20
    outer loop
      vertex -13.98356568610482 -13.686414610197039 -1.2
      vertex -14 -14 -1.2
      vertex -14 -14 -9.2
    endloop
  endfacet
  facet normal 0.9986295347545738 0.052335956242944855 -6.925345165714415e-20
    outer loop
      vertex -14 -14 -1.2
      vertex -13.98356568610482 -14.313585389802961 -1.2
      vertex -13.98356568610482 -14.313585389802961 -9.129568361711701
    endloop
  endfacet
  facet normal 0 0 -1
    outer loop
      vertex -13.934442802201417 -13.376264927546721 -1.2
      vertex -13.853169548885461 -14.927050983124841 -1.2
      vertex -13.934442802201417 -14.623735072453279 -1.2
    endloop
  endfacet
  facet normal 0 0 -1
    outer loop
      vertex -13.853169548885461 -13.072949016875159 -1.2
      vertex -13.740636372927803 -15.220209929227401 -1.2
      vertex -13.853169548885461 -14.927050983124841 -1.2
    endloop
  endfacet
  facet normal 0 0 -1
    outer loop
      vertex -13.801026090968497 -12.93711066486035 -1.2
      vertex -13.598076211353316 -15.5 -1.2
      vertex -13.740636372927803 -15.220209929227401 -1.2
    endloop
  endfacet
  facet normal 0 0 -1
    outer loop
      vertex -13.801026090968497 -12.93711066486035 -1.2
      vertex -13.427050983124843 -15.76335575687742 -1.2
      vertex -13.598076211353316 -15.5 -1.2
    endloop
  endfacet
  facet normal 0 0 -1
    outer loop
      vertex -13.801026090968497 -12.93711066486035 -1.2
      vertex -13.229434476432182 -16.007391819076574 -1.2
      vertex -13.427050983124843 -15.76335575687742 -1.2
    endloop
  endfacet
  facet normal 0 0 -1
    outer loop
      vertex -13.801026090968497 -12.93711066486035 -1.2
      vertex -13.007391819076574 -16.229434476432182 -1.2
      vertex -13.229434476432182 -16.007391819076574 -1.2
    endloop
  endfacet
  facet normal 0 0 -1
    outer loop
      vertex -13.801026090968497 -12.93711066486035 -1.2
      vertex -12.76335575687742 -16.427050983124843 -1.2
      vertex -13.007391819076574 -16.229434476432182 -1.2
    endloop
  endfacet
  facet normal 0 0 -1
    outer loop
      vertex -13.801026090968497 -12.93711066486035 -1.2
      vertex -12.7 -14 -1.2
      vertex -12.76335575687742 -16.427050983124843 -1.2
    endloop
  endfacet
  facet normal 0 0 -1
    outer loop
      vertex -12.7 -14 -1.2
      vertex -12.690687222126064 -14.177698387555012 -1.2
      vertex -12.76335575687742 -16.427050983124843 -1.2
    endloop
  endfacet
  facet normal 0 0 -1
    outer loop
      vertex -12.690687222126064 -14.177698387555012 -1.2
      vertex -12.66285092124747 -14.353449874390192 -1.2
      vertex -12.76335575687742 -16.427050983124843 -1.2
    endloop
  endfacet
  facet normal 0 0 -1
    outer loop
      vertex -12.66285092124747 -14.353449874390192 -1.2
      vertex -12.61679607770176 -14.525328890437411 -1.2
      vertex -12.76335575687742 -16.427050983124843 -1.2
    endloop
  endfacet
  facet normal 0 0 -1
    outer loop
      vertex -12.61679607770176 -14.525328890437411 -1.2
      vertex -12.553027277992422 -14.69145229322886 -1.2
      vertex -12.5 -16.598076211353316 -1.2
    endloop
  endfacet
  facet normal 0 0 -1
    outer loop
      vertex -12.553027277992422 -14.69145229322886 -1.2
      vertex -12.472243186433545 -14.85 -1.2
      vertex -12.5 -16.598076211353316 -1.2
    endloop
  endfacet
  facet normal 0 0 -1
    outer loop
      vertex -12.472243186433545 -14.85 -1.2
      vertex -12.37532889043741 -14.999234928897204 -1.2
      vertex -12.5 -16.598076211353316 -1.2
    endloop
  endfacet
  facet normal 0 0 -1
    outer loop
      vertex -12.61679607770176 -14.525328890437411 -1.2
      vertex -12.5 -16.598076211353316 -1.2
      vertex -12.76335575687742 -16.427050983124843 -1.2
    endloop
  endfacet
  facet normal 0 0 -1
    outer loop
      vertex -12.37532889043741 -14.999234928897204 -1.2
      vertex -12.26334620331157 -15.137522030810059 -1.2
      vertex -12.220209929227401 -16.740636372927803 -1.2
    endloop
  endfacet
  facet normal 0 0 -1
    outer loop
      vertex -12.26334620331157 -15.137522030810059 -1.2
      vertex -12.137522030810059 -15.26334620331157 -1.2
      vertex -12.220209929227401 -16.740636372927803 -1.2
    endloop
  endfacet
  facet normal 0 0 -1
    outer loop
      vertex -12.37532889043741 -14.999234928897204 -1.2
      vertex -12.220209929227401 -16.740636372927803 -1.2
      vertex -12.5 -16.598076211353316 -1.2
    endloop
  endfacet
  facet normal 0 0 -1
    outer loop
      vertex -12.137522030810059 -15.26334620331157 -1.2
      vertex -11.999234928897204 -15.37532889043741 -1.2
      vertex -11.927050983124841 -16.85316954888546 -1.2
    endloop
  endfacet
  facet normal 0 0 -1
    outer loop
      vertex -11.999234928897204 -15.37532889043741 -1.2
      vertex -11.85 -15.472243186433545 -1.2
      vertex -11.927050983124841 -16.85316954888546 -1.2
    endloop
  endfacet
  facet normal 0 0 -1
    outer loop
      vertex -11.85 -15.472243186433545 -1.2
      vertex -11.69145229322886 -15.553027277992422 -1.2
      vertex -11.623735072453279 -16.934442802201417 -1.2
    endloop
  endfacet
  facet normal 0 0 -1
    outer loop
      vertex -12.137522030810059 -15.26334620331157 -1.2
      vertex -11.927050983124841 -16.85316954888546 -1.2
      vertex -12.220209929227401 -16.740636372927803 -1.2
    endloop
  endfacet
  facet normal 0 0 -1
    outer loop
      vertex -11.85 -15.472243186433545 -1.2
      vertex -11.623735072453279 -16.934442802201417 -1.2
      vertex -11.927050983124841 -16.85316954888546 -1.2
    endloop
  endfacet
  facet normal 0 0 -1
    outer loop
      vertex -11.69145229322886 -15.553027277992422 -1.2
      vertex -11.525328890437411 -15.61679607770176 -1.2
      vertex -11.623735072453279 -16.934442802201417 -1.2
    endloop
  endfacet
  facet normal 0 0 -1
    outer loop
      vertex -11.525328890437411 -15.61679607770176 -1.2
      vertex -11.313585389802961 -16.983565686104818 -1.2
      vertex -11.623735072453279 -16.934442802201417 -1.2
    endloop
  endfacet
  facet normal 0 0 -1
    outer loop
      vertex -11.525328890437411 -15.61679607770176 -1.2
      vertex -11.353449874390192 -15.66285092124747 -1.2
      vertex -11.313585389802961 -16.983565686104818 -1.2
    endloop
  endfacet
  facet normal 0 0 -1
    outer loop
      vertex -11.353449874390192 -15.66285092124747 -1.2
      vertex -11.177698387555012 -15.690687222126064 -1.2
      vertex -11.313585389802961 -16.983565686104818 -1.2
    endloop
  endfacet
  facet normal 0.8910065241883675 0.45399049973954764 -1.4314485496455878e-18
    outer loop
      vertex -13.740636372927803 -15.220209929227401 -1.2
      vertex -13.598076211353316 -15.5 -1.2
      vertex -13.598076211353316 -15.5 -6.973936608198712
    endloop
  endfacet
  facet normal 0.8386705679454259 0.544639035015024 -1.3818200602896897e-18
    outer loop
      vertex -13.598076211353316 -15.5 -1.2
      vertex -13.427050983124843 -15.76335575687742 -1.2
      vertex -13.427050983124843 -15.76335575687742 -6.307321017861527
    endloop
  endfacet
  facet normal 0.7771459614569665 0.6293203910498428 2.16374096245447e-18
    outer loop
      vertex -13.427050983124843 -15.76335575687742 -1.2
      vertex -13.229434476432182 -16.007391819076574 -1.2
      vertex -13.229434476432182 -16.007391819076574 -5.671585340835575
    endloop
  endfacet
  facet normal 0.987688340595138 0.1564344650402293 8.188453614934981e-20
    outer loop
      vertex -13.98356568610482 -14.313585389802961 -1.2
      vertex -13.934442802201417 -14.623735072453279 -1.2
      vertex -13.934442802201417 -14.623735072453279 -8.651979731860266
    endloop
  endfacet
  facet normal 0.9659258262890681 0.25881904510252196 -2.257045171519223e-19
    outer loop
      vertex -13.934442802201417 -14.623735072453279 -1.2
      vertex -13.853169548885461 -14.927050983124841 -1.2
      vertex -13.853169548885461 -14.927050983124841 -8.098412367836747
    endloop
  endfacet
  facet normal 0.9335804264972022 0.35836794954529916 2.792135094989481e-19
    outer loop
      vertex -13.853169548885461 -14.927050983124841 -1.2
      vertex -13.740636372927803 -15.220209929227401 -1.2
      vertex -13.740636372927803 -15.220209929227401 -7.523055540433044
    endloop
  endfacet
  facet normal 0.7071067811865475 0.7071067811865475 0
    outer loop
      vertex -13.229434476432182 -16.007391819076574 -1.2
      vertex -13.068865518491148 -16.16796077701761 -5.253288904374106
      vertex -13.229434476432182 -16.007391819076574 -5.671585340835575
    endloop
  endfacet
  facet normal 0.6293203910498428 0.7771459614569665 -8.390932965851272e-17
    outer loop
      vertex -13.007391819076574 -16.229434476432182 -1.2
      vertex -12.76335575687742 -16.427050983124843 -1.2
      vertex -12.834049979245572 -16.369803930611976 -4.5
    endloop
  endfacet
  facet normal 0.7071067811865476 0.7071067811865476 -2.0769643901205315e-18
    outer loop
      vertex -13.229434476432182 -16.007391819076574 -1.2
      vertex -13.007391819076574 -16.229434476432182 -1.2
      vertex -13.007391819076574 -16.229434476432182 -5.0238659348297015
    endloop
  endfacet
  facet normal 0.544639035015024 0.8386705679454259 -2.1386056475212775e-18
    outer loop
      vertex -12.76335575687742 -16.427050983124843 -1.2
      vertex -12.5 -16.598076211353316 -1.2
      vertex -12.5 -16.598076211353316 -4.5
    endloop
  endfacet
  facet normal 0.6293203910498405 0.7771459614569683 0
    outer loop
      vertex -12.76335575687742 -16.427050983124843 -1.2
      vertex -12.76335575687742 -16.427050983124843 -4.5
      vertex -12.834049979245572 -16.369803930611976 -4.5
    endloop
  endfacet
  facet normal 0.544639035015024 0.8386705679454259 0
    outer loop
      vertex -12.76335575687742 -16.427050983124843 -1.2
      vertex -12.5 -16.598076211353316 -4.5
      vertex -12.76335575687742 -16.427050983124843 -4.5
    endloop
  endfacet
  facet normal 0.6293203910498439 0.7771459614569657 0
    outer loop
      vertex -13.007391819076574 -16.229434476432182 -1.2
      vertex -12.834049979245572 -16.369803930611976 -4.5
      vertex -13.007391819076574 -16.229434476432182 -5.0238659348297015
    endloop
  endfacet
  facet normal 0.7071067811865476 0.7071067811865475 1.2637566776539052e-18
    outer loop
      vertex -13.229434476432182 -16.007391819076574 -1.2
      vertex -13.007391819076574 -16.229434476432182 -5.0238659348297015
      vertex -13.068865518491148 -16.16796077701761 -5.253288904374106
    endloop
  endfacet
  facet normal 0.4539904997395475 0.8910065241883673 -2.504573691985336e-18
    outer loop
      vertex -12.5 -16.598076211353316 -1.2
      vertex -12.220209929227401 -16.740636372927803 -1.2
      vertex -12.220209929227401 -16.740636372927803 -4.5
    endloop
  endfacet
  facet normal 0.3583679495452991 0.9335804264972021 5.349947055154783e-19
    outer loop
      vertex -12.220209929227401 -16.740636372927803 -1.2
      vertex -11.927050983124841 -16.85316954888546 -1.2
      vertex -11.927050983124841 -16.85316954888546 -4.5
    endloop
  endfacet
  facet normal 0.2588190451025219 0.965925826289068 -4.718190401810431e-19
    outer loop
      vertex -11.927050983124841 -16.85316954888546 -1.2
      vertex -11.623735072453279 -16.934442802201417 -1.2
      vertex -11.623735072453279 -16.934442802201417 -4.5
    endloop
  endfacet
  facet normal 0.15643446504022376 0.9876883405951389 -4.959627378690799e-19
    outer loop
      vertex -11.623735072453279 -16.934442802201417 -1.2
      vertex -11.313585389802961 -16.983565686104818 -1.2
      vertex -11.313585389802961 -16.983565686104818 -4.5
    endloop
  endfacet
  facet normal 0.4539904997395475 0.8910065241883673 0
    outer loop
      vertex -12.5 -16.598076211353316 -1.2
      vertex -12.220209929227401 -16.740636372927803 -4.5
      vertex -12.5 -16.598076211353316 -4.5
    endloop
  endfacet
  facet normal 0.3583679495452991 0.9335804264972021 0
    outer loop
      vertex -12.220209929227401 -16.740636372927803 -1.2
      vertex -11.927050983124841 -16.85316954888546 -4.5
      vertex -12.220209929227401 -16.740636372927803 -4.5
    endloop
  endfacet
  facet normal 0.2588190451025219 0.965925826289068 0
    outer loop
      vertex -11.927050983124841 -16.85316954888546 -1.2
      vertex -11.623735072453279 -16.934442802201417 -4.5
      vertex -11.927050983124841 -16.85316954888546 -4.5
    endloop
  endfacet
  facet normal 0.15643446504022376 0.9876883405951389 0
    outer loop
      vertex -11.623735072453279 -16.934442802201417 -1.2
      vertex -11.313585389802961 -16.983565686104818 -4.5
      vertex -11.623735072453279 -16.934442802201417 -4.5
    endloop
  endfacet
  facet normal 0 0 -1
    outer loop
      vertex -9.67621743138023 -12.93711066486035 -1.2
      vertex -8.198973909031505 -12.93711066486035 -1.2
      vertex -9.62467110956259 -13.000765071102796 -1.2
    endloop
  endfacet
  facet normal 0 0 -1
    outer loop
      vertex -9.62467110956259 -13.000765071102796 -1.2
      vertex -8.198973909031505 -12.93711066486035 -1.2
      vertex -9.527756813566455 -13.15 -1.2
    endloop
  endfacet
  facet normal 0 0 -1
    outer loop
      vertex -9.527756813566455 -13.15 -1.2
      vertex -8.198973909031505 -12.93711066486035 -1.2
      vertex -9.446972722007578 -13.30854770677114 -1.2
    endloop
  endfacet
  facet normal 0 0 -1
    outer loop
      vertex -9.446972722007578 -13.30854770677114 -1.2
      vertex -8.198973909031505 -12.93711066486035 -1.2
      vertex -9.38320392229824 -13.474671109562589 -1.2
    endloop
  endfacet
  facet normal 0 0 -1
    outer loop
      vertex -9.38320392229824 -13.474671109562589 -1.2
      vertex -8.198973909031505 -12.93711066486035 -1.2
      vertex -9.33714907875253 -13.646550125609808 -1.2
    endloop
  endfacet
  facet normal 0 0 -1
    outer loop
      vertex -9.33714907875253 -13.646550125609808 -1.2
      vertex -8.198973909031505 -12.93711066486035 -1.2
      vertex -9.309312777873936 -13.822301612444988 -1.2
    endloop
  endfacet
  facet normal 0 0 -1
    outer loop
      vertex -9.309312777873936 -13.822301612444988 -1.2
      vertex -8.198973909031505 -12.93711066486035 -1.2
      vertex -9.3 -14 -1.2
    endloop
  endfacet
  facet normal -0.9335804264972011 -0.358367949545302 -4.5096604987326436e-15
    outer loop
      vertex -8.198973909031505 -12.93711066486035 -1.2
      vertex -8.202169970611754 -12.928784639787553 -1.3588700224794952
      vertex -8.146830451114539 -13.072949016875159 -1.2
    endloop
  endfacet
  facet normal 0 0 -1
    outer loop
      vertex -8.198973909031505 -12.93711066486035 -1.2
      vertex -8.146830451114539 -13.072949016875159 -1.2
      vertex -8.146830451114539 -14.927050983124841 -1.2
    endloop
  endfacet
  facet normal 0 0 -1
    outer loop
      vertex -8.146830451114539 -13.072949016875159 -1.2
      vertex -8.065557197798583 -13.376264927546721 -1.2
      vertex -8.065557197798583 -14.623735072453279 -1.2
    endloop
  endfacet
  facet normal 0 0 -1
    outer loop
      vertex -8.065557197798583 -13.376264927546721 -1.2
      vertex -8.01643431389518 -13.686414610197039 -1.2
      vertex -8.01643431389518 -14.313585389802961 -1.2
    endloop
  endfacet
  facet normal 0 0 -1
    outer loop
      vertex -8.146830451114539 -13.072949016875159 -1.2
      vertex -8.065557197798583 -14.623735072453279 -1.2
      vertex -8.146830451114539 -14.927050983124841 -1.2
    endloop
  endfacet
  facet normal 0 0 -1
    outer loop
      vertex -8.01643431389518 -13.686414610197039 -1.2
      vertex -8 -14 -1.2
      vertex -8.01643431389518 -14.313585389802961 -1.2
    endloop
  endfacet
  facet normal 0 0 -1
    outer loop
      vertex -8.065557197798583 -13.376264927546721 -1.2
      vertex -8.01643431389518 -14.313585389802961 -1.2
      vertex -8.065557197798583 -14.623735072453279 -1.2
    endloop
  endfacet
  facet normal -0.9335804264972027 -0.3583679495452976 6.538861121105091e-17
    outer loop
      vertex -8.146830451114539 -13.072949016875159 -1.2
      vertex -8.202169970611754 -12.928784639787553 -1.3588700224794952
      vertex -8.259363627072197 -12.779790070772599 -9.2
    endloop
  endfacet
  facet normal -0.965925826289068 -0.2588190451025219 0
    outer loop
      vertex -8.146830451114539 -13.072949016875159 -1.2
      vertex -8.146830451114539 -13.072949016875159 -9.2
      vertex -8.065557197798583 -13.376264927546721 -1.2
    endloop
  endfacet
  facet normal -0.987688340595138 -0.15643446504022926 0
    outer loop
      vertex -8.065557197798583 -13.376264927546721 -1.2
      vertex -8.065557197798583 -13.376264927546721 -9.2
      vertex -8.01643431389518 -13.686414610197039 -1.2
    endloop
  endfacet
  facet normal -0.9986295347545737 -0.05233595624294484 0
    outer loop
      vertex -8.01643431389518 -13.686414610197039 -1.2
      vertex -8.01643431389518 -13.686414610197039 -9.2
      vertex -8 -14 -1.2
    endloop
  endfacet
  facet normal -0.9986295347545737 0.05233595624294484 0
    outer loop
      vertex -8 -14 -1.2
      vertex -8 -14 -9.2
      vertex -8.01643431389518 -14.313585389802961 -1.2
    endloop
  endfacet
  facet normal 0 0 -1
    outer loop
      vertex -11.177698387555012 -15.690687222126064 -1.2
      vertex -11 -15.7 -1.2
      vertex -11 -17 -1.2
    endloop
  endfacet
  facet normal 0 0 -1
    outer loop
      vertex -11.177698387555012 -15.690687222126064 -1.2
      vertex -11 -17 -1.2
      vertex -11.313585389802961 -16.983565686104818 -1.2
    endloop
  endfacet
  facet normal 0 0 -1
    outer loop
      vertex -11 -15.7 -1.2
      vertex -10.822301612444988 -15.690687222126064 -1.2
      vertex -11 -17 -1.2
    endloop
  endfacet
  facet normal 0 0 -1
    outer loop
      vertex -10.822301612444988 -15.690687222126064 -1.2
      vertex -10.686414610197039 -16.983565686104818 -1.2
      vertex -11 -17 -1.2
    endloop
  endfacet
  facet normal 0 0 -1
    outer loop
      vertex -10.822301612444988 -15.690687222126064 -1.2
      vertex -10.646550125609808 -15.66285092124747 -1.2
      vertex -10.376264927546721 -16.934442802201417 -1.2
    endloop
  endfacet
  facet normal 0 0 -1
    outer loop
      vertex -10.822301612444988 -15.690687222126064 -1.2
      vertex -10.376264927546721 -16.934442802201417 -1.2
      vertex -10.686414610197039 -16.983565686104818 -1.2
    endloop
  endfacet
  facet normal 0 0 -1
    outer loop
      vertex -10.646550125609808 -15.66285092124747 -1.2
      vertex -10.474671109562589 -15.61679607770176 -1.2
      vertex -10.376264927546721 -16.934442802201417 -1.2
    endloop
  endfacet
  facet normal 0 0 -1
    outer loop
      vertex -9.446972722007578 -14.69145229322886 -1.2
      vertex -9.23664424312258 -16.427050983124843 -1.2
      vertex -9.527756813566455 -14.85 -1.2
    endloop
  endfacet
  facet normal 0 0 -1
    outer loop
      vertex -10.474671109562589 -15.61679607770176 -1.2
      vertex -10.30854770677114 -15.553027277992422 -1.2
      vertex -10.072949016875159 -16.85316954888546 -1.2
    endloop
  endfacet
  facet normal 0 0 -1
    outer loop
      vertex -10.30854770677114 -15.553027277992422 -1.2
      vertex -10.15 -15.472243186433545 -1.2
      vertex -10.072949016875159 -16.85316954888546 -1.2
    endloop
  endfacet
  facet normal 0 0 -1
    outer loop
      vertex -10.15 -15.472243186433545 -1.2
      vertex -10.000765071102796 -15.37532889043741 -1.2
      vertex -9.779790070772599 -16.740636372927803 -1.2
    endloop
  endfacet
  facet normal 0 0 -1
    outer loop
      vertex -10.000765071102796 -15.37532889043741 -1.2
      vertex -9.862477969189941 -15.26334620331157 -1.2
      vertex -9.779790070772599 -16.740636372927803 -1.2
    endloop
  endfacet
  facet normal 0 0 -1
    outer loop
      vertex -10.474671109562589 -15.61679607770176 -1.2
      vertex -10.072949016875159 -16.85316954888546 -1.2
      vertex -10.376264927546721 -16.934442802201417 -1.2
    endloop
  endfacet
  facet normal 0 0 -1
    outer loop
      vertex -10.15 -15.472243186433545 -1.2
      vertex -9.779790070772599 -16.740636372927803 -1.2
      vertex -10.072949016875159 -16.85316954888546 -1.2
    endloop
  endfacet
  facet normal 0 0 -1
    outer loop
      vertex -9.73665379668843 -15.137522030810059 -1.2
      vertex -9.62467110956259 -14.999234928897204 -1.2
      vertex -9.5 -16.598076211353316 -1.2
    endloop
  endfacet
  facet normal 0 0 -1
    outer loop
      vertex -9.73665379668843 -15.137522030810059 -1.2
      vertex -9.5 -16.598076211353316 -1.2
      vertex -9.862477969189941 -15.26334620331157 -1.2
    endloop
  endfacet
  facet normal 0 0 -1
    outer loop
      vertex -9.527756813566455 -14.85 -1.2
      vertex -9.5 -16.598076211353316 -1.2
      vertex -9.62467110956259 -14.999234928897204 -1.2
    endloop
  endfacet
  facet normal 0 0 -1
    outer loop
      vertex -9.527756813566455 -14.85 -1.2
      vertex -9.23664424312258 -16.427050983124843 -1.2
      vertex -9.5 -16.598076211353316 -1.2
    endloop
  endfacet
  facet normal 0 0 -1
    outer loop
      vertex -9.862477969189941 -15.26334620331157 -1.2
      vertex -9.5 -16.598076211353316 -1.2
      vertex -9.779790070772599 -16.740636372927803 -1.2
    endloop
  endfacet
  facet normal 0 0 -1
    outer loop
      vertex -9.3 -14 -1.2
      vertex -8.198973909031505 -12.93711066486035 -1.2
      vertex -9.23664424312258 -16.427050983124843 -1.2
    endloop
  endfacet
  facet normal 0 0 -1
    outer loop
      vertex -9.3 -14 -1.2
      vertex -9.23664424312258 -16.427050983124843 -1.2
      vertex -9.309312777873936 -14.177698387555012 -1.2
    endloop
  endfacet
  facet normal 0 0 -1
    outer loop
      vertex -9.309312777873936 -14.177698387555012 -1.2
      vertex -9.23664424312258 -16.427050983124843 -1.2
      vertex -9.33714907875253 -14.353449874390192 -1.2
    endloop
  endfacet
  facet normal 0 0 -1
    outer loop
      vertex -9.33714907875253 -14.353449874390192 -1.2
      vertex -9.23664424312258 -16.427050983124843 -1.2
      vertex -9.38320392229824 -14.525328890437411 -1.2
    endloop
  endfacet
  facet normal 0 0 -1
    outer loop
      vertex -9.38320392229824 -14.525328890437411 -1.2
      vertex -9.23664424312258 -16.427050983124843 -1.2
      vertex -9.446972722007578 -14.69145229322886 -1.2
    endloop
  endfacet
  facet normal 0 0 -1
    outer loop
      vertex -8.198973909031505 -12.93711066486035 -1.2
      vertex -8.992608180923426 -16.229434476432182 -1.2
      vertex -9.23664424312258 -16.427050983124843 -1.2
    endloop
  endfacet
  facet normal 0 0 -1
    outer loop
      vertex -8.198973909031505 -12.93711066486035 -1.2
      vertex -8.770565523567818 -16.007391819076574 -1.2
      vertex -8.992608180923426 -16.229434476432182 -1.2
    endloop
  endfacet
  facet normal 0 0 -1
    outer loop
      vertex -8.198973909031505 -12.93711066486035 -1.2
      vertex -8.572949016875157 -15.76335575687742 -1.2
      vertex -8.770565523567818 -16.007391819076574 -1.2
    endloop
  endfacet
  facet normal 0 0 -1
    outer loop
      vertex -8.198973909031505 -12.93711066486035 -1.2
      vertex -8.401923788646684 -15.5 -1.2
      vertex -8.572949016875157 -15.76335575687742 -1.2
    endloop
  endfacet
  facet normal 0 0 -1
    outer loop
      vertex -8.198973909031505 -12.93711066486035 -1.2
      vertex -8.259363627072197 -15.220209929227401 -1.2
      vertex -8.401923788646684 -15.5 -1.2
    endloop
  endfacet
  facet normal 0 0 -1
    outer loop
      vertex -8.198973909031505 -12.93711066486035 -1.2
      vertex -8.146830451114539 -14.927050983124841 -1.2
      vertex -8.259363627072197 -15.220209929227401 -1.2
    endloop
  endfacet
  facet normal -0.544639035015024 0.8386705679454259 0
    outer loop
      vertex -9.5 -16.598076211353316 -1.2
      vertex -9.23664424312258 -16.427050983124843 -4.5
      vertex -9.5 -16.598076211353316 -4.5
    endloop
  endfacet
  facet normal 0.052335956242950496 0.9986295347545735 -3.5296229397390563e-19
    outer loop
      vertex -11.313585389802961 -16.983565686104818 -1.2
      vertex -11 -17 -1.2
      vertex -11 -17 -4.5
    endloop
  endfacet
  facet normal -0.052335956242950496 0.9986295347545735 3.5296229397390563e-19
    outer loop
      vertex -11 -17 -1.2
      vertex -10.686414610197039 -16.983565686104818 -1.2
      vertex -10.686414610197039 -16.983565686104818 -4.5
    endloop
  endfacet
  facet normal -0.15643446504022376 0.9876883405951389 4.959627378690799e-19
    outer loop
      vertex -10.686414610197039 -16.983565686104818 -1.2
      vertex -10.376264927546721 -16.934442802201417 -1.2
      vertex -10.376264927546721 -16.934442802201417 -4.5
    endloop
  endfacet
  facet normal -0.2588190451025219 0.965925826289068 4.718190401810431e-19
    outer loop
      vertex -10.376264927546721 -16.934442802201417 -1.2
      vertex -10.072949016875159 -16.85316954888546 -1.2
      vertex -10.072949016875159 -16.85316954888546 -4.5
    endloop
  endfacet
  facet normal -0.3583679495452991 0.9335804264972021 -5.349947055154783e-19
    outer loop
      vertex -10.072949016875159 -16.85316954888546 -1.2
      vertex -9.779790070772599 -16.740636372927803 -1.2
      vertex -9.779790070772599 -16.740636372927803 -4.5
    endloop
  endfacet
  facet normal -0.4539904997395475 0.8910065241883673 2.504573691985336e-18
    outer loop
      vertex -9.779790070772599 -16.740636372927803 -1.2
      vertex -9.5 -16.598076211353316 -1.2
      vertex -9.5 -16.598076211353316 -4.5
    endloop
  endfacet
  facet normal 0.052335956242950496 0.9986295347545735 0
    outer loop
      vertex -11.313585389802961 -16.983565686104818 -1.2
      vertex -11 -17 -4.5
      vertex -11.313585389802961 -16.983565686104818 -4.5
    endloop
  endfacet
  facet normal -0.052335956242950496 0.9986295347545735 0
    outer loop
      vertex -11 -17 -1.2
      vertex -10.686414610197039 -16.983565686104818 -4.5
      vertex -11 -17 -4.5
    endloop
  endfacet
  facet normal -0.15643446504022376 0.9876883405951389 0
    outer loop
      vertex -10.686414610197039 -16.983565686104818 -1.2
      vertex -10.376264927546721 -16.934442802201417 -4.5
      vertex -10.686414610197039 -16.983565686104818 -4.5
    endloop
  endfacet
  facet normal -0.2588190451025219 0.965925826289068 0
    outer loop
      vertex -10.376264927546721 -16.934442802201417 -1.2
      vertex -10.072949016875159 -16.85316954888546 -4.5
      vertex -10.376264927546721 -16.934442802201417 -4.5
    endloop
  endfacet
  facet normal -0.3583679495452991 0.9335804264972021 0
    outer loop
      vertex -10.072949016875159 -16.85316954888546 -1.2
      vertex -9.779790070772599 -16.740636372927803 -4.5
      vertex -10.072949016875159 -16.85316954888546 -4.5
    endloop
  endfacet
  facet normal -0.4539904997395475 0.8910065241883673 0
    outer loop
      vertex -9.779790070772599 -16.740636372927803 -1.2
      vertex -9.5 -16.598076211353316 -4.5
      vertex -9.779790070772599 -16.740636372927803 -4.5
    endloop
  endfacet
  facet normal -0.544639035015024 0.8386705679454259 0
    outer loop
      vertex -9.23664424312258 -16.427050983124843 -1.2
      vertex -9.23664424312258 -16.427050983124843 -4.5
      vertex -9.5 -16.598076211353316 -1.2
    endloop
  endfacet
  facet normal -0.6293203910498428 0.7771459614569665 -8.51672181999799e-17
    outer loop
      vertex -9.23664424312258 -16.427050983124843 -1.2
      vertex -8.992608180923426 -16.229434476432182 -1.2
      vertex -9.165950020754428 -16.369803930611976 -4.5
    endloop
  endfacet
  facet normal -0.7771459614569665 0.6293203910498428 -1.8944085040356454e-18
    outer loop
      vertex -8.770565523567818 -16.007391819076574 -1.2
      vertex -8.572949016875157 -15.76335575687742 -1.2
      vertex -8.572949016875157 -15.76335575687742 -6.307321017861528
    endloop
  endfacet
  facet normal -0.838670567945426 0.5446390350150241 -9.888260697397218e-17
    outer loop
      vertex -8.572949016875157 -15.76335575687742 -1.2
      vertex -8.401923788646684 -15.5 -1.2
      vertex -8.421583161796665 -15.530272779924214 -6.9145229322886035
    endloop
  endfacet
  facet normal -0.7071067811865476 0.7071067811865476 1.776111328281654e-18
    outer loop
      vertex -8.992608180923426 -16.229434476432182 -1.2
      vertex -8.770565523567818 -16.007391819076574 -1.2
      vertex -8.770565523567818 -16.007391819076574 -5.671585340835575
    endloop
  endfacet
  facet normal -0.6293203910498405 0.7771459614569683 0
    outer loop
      vertex -9.23664424312258 -16.427050983124843 -1.2
      vertex -9.165950020754428 -16.369803930611976 -4.5
      vertex -9.23664424312258 -16.427050983124843 -4.5
    endloop
  endfacet
  facet normal -0.6293203910498439 0.7771459614569657 0
    outer loop
      vertex -8.992608180923426 -16.229434476432182 -1.2
      vertex -8.992608180923426 -16.229434476432182 -5.023865934829699
      vertex -9.165950020754428 -16.369803930611976 -4.5
    endloop
  endfacet
  facet normal -0.7071067811865475 0.7071067811865475 0
    outer loop
      vertex -8.992608180923426 -16.229434476432182 -1.2
      vertex -8.770565523567818 -16.007391819076574 -5.671585340835575
      vertex -8.992608180923426 -16.229434476432182 -5.023865934829699
    endloop
  endfacet
  facet normal -0.9659258262890679 0.25881904510252185 0
    outer loop
      vertex -8.065557197798583 -14.623735072453279 -1.2
      vertex -8.065557197798583 -14.623735072453279 -8.651979731860266
      vertex -8.146830451114539 -14.927050983124841 -1.2
    endloop
  endfacet
  facet normal -0.8910065241883673 0.4539904997395476 0
    outer loop
      vertex -8.259363627072197 -15.220209929227401 -1.2
      vertex -8.259363627072197 -15.220209929227401 -7.5230555404330435
      vertex -8.401923788646684 -15.5 -1.2
    endloop
  endfacet
  facet normal -0.9335804264972022 0.3583679495452991 -2.559259194814865e-19
    outer loop
      vertex -8.259363627072197 -15.220209929227401 -1.2
      vertex -8.146830451114539 -14.927050983124841 -1.2
      vertex -8.146830451114539 -14.927050983124841 -8.09841236783675
    endloop
  endfacet
  facet normal -0.9876883405951379 0.15643446504022923 0
    outer loop
      vertex -8.01643431389518 -14.313585389802961 -1.2
      vertex -8.01643431389518 -14.313585389802961 -9.129568361711701
      vertex -8.065557197798583 -14.623735072453279 -1.2
    endloop
  endfacet
  facet normal 0.9335804264972017 -0.3583679495453003 5.4153837754821987e-17
    outer loop
      vertex -13.797830029388246 -12.928784639787553 -1.3588700224794952
      vertex -13.853169548885461 -13.072949016875159 -9.2
      vertex -13.740636372927803 -12.779790070772599 -2.299584708276019
    endloop
  endfacet
  facet normal 0.891006524188367 -0.4539904997395484 0
    outer loop
      vertex -13.740636372927803 -12.779790070772599 -2.299584708276019
      vertex -13.740636372927803 -12.779790070772599 -9.2
      vertex -13.708092339838219 -12.715918809539474 -2.7028519806308715
    endloop
  endfacet
  facet normal 0.8910065241883676 -0.45399049973954747 -1.2035431147620911e-17
    outer loop
      vertex -13.708092339838219 -12.715918809539474 -2.7028519806308715
      vertex -13.740636372927803 -12.779790070772599 -9.2
      vertex -13.598076211353316 -12.5 -3.508671948141974
    endloop
  endfacet
  facet normal 0.8386705679454239 -0.5446390350150272 0
    outer loop
      vertex -13.598076211353316 -12.5 -3.508671948141974
      vertex -13.598076211353316 -12.5 -9.2
      vertex -13.509584498531014 -12.363734711836996 -4.017220926874316
    endloop
  endfacet
  facet normal 0.8386705679454279 -0.5446390350150212 -2.246582839953494e-16
    outer loop
      vertex -13.509584498531014 -12.363734711836996 -4.017220926874316
      vertex -13.598076211353316 -12.5 -9.2
      vertex -13.427050983124843 -12.23664424312258 -4.34830291714905
    endloop
  endfacet
  facet normal 0.7771459614569665 -0.6293203910498429 0
    outer loop
      vertex -13.427050983124843 -12.23664424312258 -4.34830291714905
      vertex -13.427050983124843 -12.23664424312258 -9.2
      vertex -13.229434476432182 -11.992608180923426 -4.984038594175002
    endloop
  endfacet
  facet normal 0.9335804264972022 -0.35836794954529916 0
    outer loop
      vertex -13.740636372927803 -12.779790070772599 -2.299584708276019
      vertex -13.853169548885461 -13.072949016875159 -9.2
      vertex -13.740636372927803 -12.779790070772599 -9.2
    endloop
  endfacet
  facet normal 0.7071067811865476 -0.7071067811865476 0
    outer loop
      vertex -13.229434476432182 -11.992608180923426 -4.984038594175002
      vertex -13.229434476432182 -11.992608180923426 -9.2
      vertex -13.112917244862567 -11.876090949353811 -5.287576359985403
    endloop
  endfacet
  facet normal 0.8910065241883675 -0.45399049973954764 0
    outer loop
      vertex -13.598076211353316 -12.5 -3.508671948141974
      vertex -13.740636372927803 -12.779790070772599 -9.2
      vertex -13.598076211353316 -12.5 -9.2
    endloop
  endfacet
  facet normal 0.965925826289068 -0.2588190451025219 0
    outer loop
      vertex -13.853169548885461 -13.072949016875159 -1.2
      vertex -13.934442802201417 -13.376264927546721 -9.2
      vertex -13.853169548885461 -13.072949016875159 -9.2
    endloop
  endfacet
  facet normal 0.987688340595138 -0.15643446504022926 0
    outer loop
      vertex -13.934442802201417 -13.376264927546721 -1.2
      vertex -13.98356568610482 -13.686414610197039 -9.2
      vertex -13.934442802201417 -13.376264927546721 -9.2
    endloop
  endfacet
  facet normal 0.9986295347545737 -0.05233595624294484 0
    outer loop
      vertex -13.98356568610482 -13.686414610197039 -1.2
      vertex -14 -14 -9.2
      vertex -13.98356568610482 -13.686414610197039 -9.2
    endloop
  endfacet
  facet normal 0.9986295347545737 0.05233595624294484 0
    outer loop
      vertex -14 -14 -1.2
      vertex -13.98356568610482 -14.313585389802961 -9.129568361711701
      vertex -14 -14 -9.2
    endloop
  endfacet
  facet normal 0.8386705679454259 -0.544639035015024 0
    outer loop
      vertex -13.427050983124843 -12.23664424312258 -4.34830291714905
      vertex -13.598076211353316 -12.5 -9.2
      vertex -13.427050983124843 -12.23664424312258 -9.2
    endloop
  endfacet
  facet normal 0.7771459614569663 -0.6293203910498428 0
    outer loop
      vertex -13.229434476432182 -11.992608180923426 -4.984038594175002
      vertex -13.427050983124843 -12.23664424312258 -9.2
      vertex -13.229434476432182 -11.992608180923426 -9.2
    endloop
  endfacet
  facet normal 0.6293203910498428 -0.7771459614569663 0
    outer loop
      vertex -13.007391819076574 -11.770565523567818 -5.494681669230897
      vertex -13.007391819076574 -11.770565523567818 -9.2
      vertex -12.76335575687742 -11.572949016875157 -5.882525901327143
    endloop
  endfacet
  facet normal 0.5446390350150241 -0.838670567945426 0
    outer loop
      vertex -12.76335575687742 -11.572949016875157 -5.882525901327143
      vertex -12.76335575687742 -11.572949016875157 -9.2
      vertex -12.5 -11.401923788646684 -6.218181810954758
    endloop
  endfacet
  facet normal 0.35836794954535917 -0.9335804264971791 0
    outer loop
      vertex -12.220209929227401 -11.259363627072197 -6.497971881727358
      vertex -12.220209929227401 -11.259363627072197 -9.2
      vertex -12.217517887826856 -11.258330249197702 -6.5
    endloop
  endfacet
  facet normal 0.4539904997395476 -0.8910065241883673 0
    outer loop
      vertex -12.5 -11.401923788646684 -6.218181810954758
      vertex -12.5 -11.401923788646684 -9.2
      vertex -12.220209929227401 -11.259363627072197 -6.497971881727358
    endloop
  endfacet
  facet normal 0.7071067811865476 -0.7071067811865476 0
    outer loop
      vertex -13.007391819076574 -11.770565523567818 -5.494681669230897
      vertex -13.229434476432182 -11.992608180923426 -9.2
      vertex -13.007391819076574 -11.770565523567818 -9.2
    endloop
  endfacet
  facet normal 0.6293203910498428 -0.7771459614569665 0
    outer loop
      vertex -12.76335575687742 -11.572949016875157 -5.882525901327143
      vertex -13.007391819076574 -11.770565523567818 -9.2
      vertex -12.76335575687742 -11.572949016875157 -9.2
    endloop
  endfacet
  facet normal 0.544639035015024 -0.8386705679454259 0
    outer loop
      vertex -12.5 -11.401923788646684 -6.218181810954758
      vertex -12.76335575687742 -11.572949016875157 -9.2
      vertex -12.5 -11.401923788646684 -9.2
    endloop
  endfacet
  facet normal 0.4539904997395476 -0.8910065241883675 0
    outer loop
      vertex -12.220209929227401 -11.259363627072197 -6.497971881727358
      vertex -12.5 -11.401923788646684 -9.2
      vertex -12.220209929227401 -11.259363627072197 -9.2
    endloop
  endfacet
  facet normal 0.3583679495452986 -0.9335804264972023 6.924191563561749e-17
    outer loop
      vertex -12.217517887826856 -11.258330249197702 -6.5
      vertex -12.220209929227401 -11.259363627072197 -9.2
      vertex -11.927050983124841 -11.146830451114539 -6.671694632540662
    endloop
  endfacet
  facet normal 0.2588190451025219 -0.965925826289068 0
    outer loop
      vertex -11.927050983124841 -11.146830451114539 -6.671694632540662
      vertex -11.927050983124841 -11.146830451114539 -9.2
      vertex -11.623735072453279 -11.065557197798583 -6.79684446781713
    endloop
  endfacet
  facet normal 0.15643446504022926 -0.987688340595138 0
    outer loop
      vertex -11.623735072453279 -11.065557197798583 -6.79684446781713
      vertex -11.623735072453279 -11.065557197798583 -9.2
      vertex -11.313585389802961 -11.01643431389518 -6.872487075661511
    endloop
  endfacet
  facet normal 0.35836794954529916 -0.9335804264972022 0
    outer loop
      vertex -11.927050983124841 -11.146830451114539 -6.671694632540662
      vertex -12.220209929227401 -11.259363627072197 -9.2
      vertex -11.927050983124841 -11.146830451114539 -9.2
    endloop
  endfacet
  facet normal 0.2588190451025219 -0.965925826289068 0
    outer loop
      vertex -11.623735072453279 -11.065557197798583 -6.79684446781713
      vertex -11.927050983124841 -11.146830451114539 -9.2
      vertex -11.623735072453279 -11.065557197798583 -9.2
    endloop
  endfacet
  facet normal 0.15643446504022926 -0.987688340595138 0
    outer loop
      vertex -11.313585389802961 -11.01643431389518 -6.872487075661511
      vertex -11.623735072453279 -11.065557197798583 -9.2
      vertex -11.313585389802961 -11.01643431389518 -9.2
    endloop
  endfacet
  facet normal 0.7071067811865476 -0.7071067811865476 5.950772386312694e-19
    outer loop
      vertex -13.112917244862567 -11.876090949353811 -5.287576359985403
      vertex -13.229434476432182 -11.992608180923426 -9.2
      vertex -13.007391819076574 -11.770565523567818 -5.494681669230897
    endloop
  endfacet
  facet normal 0.8910065241883673 0.4539904997395476 0
    outer loop
      vertex -13.740636372927803 -15.220209929227401 -1.2
      vertex -13.598076211353316 -15.5 -6.973936608198712
      vertex -13.740636372927803 -15.220209929227401 -7.523055540433044
    endloop
  endfacet
  facet normal 0.7771459614569665 0.6293203910498428 0
    outer loop
      vertex -13.427050983124843 -15.76335575687742 -1.2
      vertex -13.229434476432182 -16.007391819076574 -5.671585340835575
      vertex -13.427050983124843 -15.76335575687742 -6.307321017861527
    endloop
  endfacet
  facet normal 0.8386705679454249 0.5446390350150255 -1.1158098481175925e-16
    outer loop
      vertex -13.598076211353316 -15.5 -1.2
      vertex -13.427050983124843 -15.76335575687742 -6.307321017861527
      vertex -13.578416838203335 -15.530272779924214 -6.9145229322886035
    endloop
  endfacet
  facet normal 0.8386705679454346 0.5446390350150108 0
    outer loop
      vertex -13.598076211353316 -15.5 -1.2
      vertex -13.578416838203335 -15.530272779924214 -6.9145229322886035
      vertex -13.598076211353316 -15.5 -6.973936608198712
    endloop
  endfacet
  facet normal 0.9335804264972023 0.3583679495452992 0
    outer loop
      vertex -13.853169548885461 -14.927050983124841 -1.2
      vertex -13.740636372927803 -15.220209929227401 -7.523055540433044
      vertex -13.853169548885461 -14.927050983124841 -8.098412367836747
    endloop
  endfacet
  facet normal 0.9659258262890671 0.2588190451025246 -1.277057137951337e-16
    outer loop
      vertex -13.934442802201417 -14.623735072453279 -1.2
      vertex -13.853169548885461 -14.927050983124841 -8.098412367836747
      vertex -13.907997076521045 -14.722431864335457 -8.5
    endloop
  endfacet
  facet normal 0.9876883405951379 0.15643446504022923 0
    outer loop
      vertex -13.98356568610482 -14.313585389802961 -1.2
      vertex -13.934442802201417 -14.623735072453279 -8.651979731860266
      vertex -13.98356568610482 -14.313585389802961 -9.129568361711701
    endloop
  endfacet
  facet normal 0.9659258262890696 0.2588190451025158 0
    outer loop
      vertex -13.934442802201417 -14.623735072453279 -1.2
      vertex -13.907997076521045 -14.722431864335457 -8.5
      vertex -13.934442802201417 -14.623735072453279 -8.651979731860266
    endloop
  endfacet
  facet normal -0.9335804264972016 -0.35836794954530055 1.9178082913594406e-19
    outer loop
      vertex -8.202169970611754 -12.928784639787553 -1.3588700224794952
      vertex -8.259363627072197 -12.779790070772599 -2.29958470827602
      vertex -8.259363627072197 -12.779790070772599 -9.2
    endloop
  endfacet
  facet normal -0.8910065241883669 -0.45399049973954864 -5.4958478555198096e-17
    outer loop
      vertex -8.259363627072197 -12.779790070772599 -2.29958470827602
      vertex -8.291907660161781 -12.715918809539474 -2.7028519806308715
      vertex -8.401923788646684 -12.5 -9.2
    endloop
  endfacet
  facet normal -0.8910065241883676 -0.4539904997395474 3.929689959184206e-19
    outer loop
      vertex -8.291907660161781 -12.715918809539474 -2.7028519806308715
      vertex -8.401923788646684 -12.5 -3.5086719481419704
      vertex -8.401923788646684 -12.5 -9.2
    endloop
  endfacet
  facet normal -0.8386705679454236 -0.5446390350150278 -2.4674126916080544e-16
    outer loop
      vertex -8.401923788646684 -12.5 -3.5086719481419704
      vertex -8.490415501468986 -12.363734711836996 -4.017220926874316
      vertex -8.572949016875157 -12.23664424312258 -9.2
    endloop
  endfacet
  facet normal -0.8386705679454282 -0.5446390350150208 3.570897950233428e-20
    outer loop
      vertex -8.490415501468986 -12.363734711836996 -4.017220926874316
      vertex -8.572949016875157 -12.23664424312258 -4.34830291714905
      vertex -8.572949016875157 -12.23664424312258 -9.2
    endloop
  endfacet
  facet normal -0.7771459614569665 -0.6293203910498428 2.294933809334421e-18
    outer loop
      vertex -8.572949016875157 -12.23664424312258 -4.34830291714905
      vertex -8.770565523567818 -11.992608180923426 -4.984038594175001
      vertex -8.770565523567818 -11.992608180923426 -9.2
    endloop
  endfacet
  facet normal -0.35836794954535917 -0.9335804264971791 0
    outer loop
      vertex -9.779790070772599 -11.259363627072197 -6.497971881727358
      vertex -9.782482112173144 -11.258330249197702 -6.5
      vertex -9.779790070772599 -11.259363627072197 -9.2
    endloop
  endfacet
  facet normal -0.4539904997395476 -0.8910065241883673 -2.771830024351028e-18
    outer loop
      vertex -9.779790070772599 -11.259363627072197 -6.497971881727358
      vertex -9.5 -11.401923788646684 -9.2
      vertex -9.5 -11.401923788646684 -6.218181810954758
    endloop
  endfacet
  facet normal 0.052335956242944855 -0.9986295347545738 0
    outer loop
      vertex -11.313585389802961 -11.01643431389518 -6.872487075661511
      vertex -11.313585389802961 -11.01643431389518 -9.2
      vertex -11 -11 -6.897793699833031
    endloop
  endfacet
  facet normal -0.052335956242944855 -0.9986295347545738 -2.3593853054796555e-19
    outer loop
      vertex -11 -11 -6.897793699833031
      vertex -10.686414610197039 -11.01643431389518 -9.2
      vertex -10.686414610197039 -11.01643431389518 -6.872487075661511
    endloop
  endfacet
  facet normal -0.15643446504022926 -0.987688340595138 2.5391694193986134e-19
    outer loop
      vertex -10.686414610197039 -11.01643431389518 -6.872487075661511
      vertex -10.376264927546721 -11.065557197798583 -9.2
      vertex -10.376264927546721 -11.065557197798583 -6.796844467817131
    endloop
  endfacet
  facet normal 0.05233595624294485 -0.9986295347545738 0
    outer loop
      vertex -11 -11 -6.897793699833031
      vertex -11.313585389802961 -11.01643431389518 -9.2
      vertex -11 -11 -9.2
    endloop
  endfacet
  facet normal -0.05233595624294485 -0.9986295347545738 0
    outer loop
      vertex -11 -11 -6.897793699833031
      vertex -11 -11 -9.2
      vertex -10.686414610197039 -11.01643431389518 -9.2
    endloop
  endfacet
  facet normal -0.15643446504022926 -0.987688340595138 0
    outer loop
      vertex -10.686414610197039 -11.01643431389518 -6.872487075661511
      vertex -10.686414610197039 -11.01643431389518 -9.2
      vertex -10.376264927546721 -11.065557197798583 -9.2
    endloop
  endfacet
  facet normal -0.2588190451025219 -0.965925826289068 -6.15828630764667e-19
    outer loop
      vertex -10.376264927546721 -11.065557197798583 -6.796844467817131
      vertex -10.072949016875159 -11.146830451114539 -9.2
      vertex -10.072949016875159 -11.146830451114539 -6.671694632540662
    endloop
  endfacet
  facet normal -0.3583679495452986 -0.9335804264972023 6.926706410611289e-17
    outer loop
      vertex -9.782482112173144 -11.258330249197702 -6.5
      vertex -10.072949016875159 -11.146830451114539 -6.671694632540662
      vertex -9.779790070772599 -11.259363627072197 -9.2
    endloop
  endfacet
  facet normal -0.2588190451025219 -0.965925826289068 0
    outer loop
      vertex -10.376264927546721 -11.065557197798583 -6.796844467817131
      vertex -10.376264927546721 -11.065557197798583 -9.2
      vertex -10.072949016875159 -11.146830451114539 -9.2
    endloop
  endfacet
  facet normal -0.35836794954529916 -0.9335804264972022 0
    outer loop
      vertex -10.072949016875159 -11.146830451114539 -6.671694632540662
      vertex -10.072949016875159 -11.146830451114539 -9.2
      vertex -9.779790070772599 -11.259363627072197 -9.2
    endloop
  endfacet
  facet normal -0.544639035015024 -0.8386705679454259 0
    outer loop
      vertex -9.5 -11.401923788646684 -6.218181810954758
      vertex -9.5 -11.401923788646684 -9.2
      vertex -9.23664424312258 -11.572949016875157 -9.2
    endloop
  endfacet
  facet normal -0.4539904997395476 -0.8910065241883675 0
    outer loop
      vertex -9.779790070772599 -11.259363627072197 -6.497971881727358
      vertex -9.779790070772599 -11.259363627072197 -9.2
      vertex -9.5 -11.401923788646684 -9.2
    endloop
  endfacet
  facet normal -0.7071067811865476 -0.7071067811865476 0
    outer loop
      vertex -8.992608180923426 -11.770565523567818 -5.494681669230897
      vertex -8.992608180923426 -11.770565523567818 -9.2
      vertex -8.887082755137433 -11.876090949353811 -5.287576359985403
    endloop
  endfacet
  facet normal -0.6293203910498428 -0.7771459614569663 0
    outer loop
      vertex -8.992608180923426 -11.770565523567818 -5.494681669230897
      vertex -9.23664424312258 -11.572949016875157 -5.882525901327143
      vertex -8.992608180923426 -11.770565523567818 -9.2
    endloop
  endfacet
  facet normal -0.5446390350150241 -0.838670567945426 0
    outer loop
      vertex -9.23664424312258 -11.572949016875157 -5.882525901327143
      vertex -9.5 -11.401923788646684 -6.218181810954758
      vertex -9.23664424312258 -11.572949016875157 -9.2
    endloop
  endfacet
  facet normal -0.6293203910498428 -0.7771459614569665 0
    outer loop
      vertex -9.23664424312258 -11.572949016875157 -5.882525901327143
      vertex -9.23664424312258 -11.572949016875157 -9.2
      vertex -8.992608180923426 -11.770565523567818 -9.2
    endloop
  endfacet
  facet normal -0.7071067811865475 -0.7071067811865476 2.7984119011138635e-18
    outer loop
      vertex -8.770565523567818 -11.992608180923426 -4.984038594175001
      vertex -8.887082755137433 -11.876090949353811 -5.287576359985403
      vertex -8.992608180923426 -11.770565523567818 -9.2
    endloop
  endfacet
  facet normal -0.8386705679454259 -0.5446390350150241 0
    outer loop
      vertex -8.401923788646684 -12.5 -3.5086719481419704
      vertex -8.572949016875157 -12.23664424312258 -9.2
      vertex -8.401923788646684 -12.5 -9.2
    endloop
  endfacet
  facet normal -0.9335804264972022 -0.3583679495452992 0
    outer loop
      vertex -8.146830451114539 -13.072949016875159 -1.2
      vertex -8.259363627072197 -12.779790070772599 -9.2
      vertex -8.146830451114539 -13.072949016875159 -9.2
    endloop
  endfacet
  facet normal -0.8910065241883675 -0.4539904997395476 0
    outer loop
      vertex -8.259363627072197 -12.779790070772599 -2.29958470827602
      vertex -8.401923788646684 -12.5 -9.2
      vertex -8.259363627072197 -12.779790070772599 -9.2
    endloop
  endfacet
  facet normal -0.965925826289068 -0.2588190451025219 0
    outer loop
      vertex -8.065557197798583 -13.376264927546721 -1.2
      vertex -8.146830451114539 -13.072949016875159 -9.2
      vertex -8.065557197798583 -13.376264927546721 -9.2
    endloop
  endfacet
  facet normal -0.987688340595138 -0.15643446504022926 0
    outer loop
      vertex -8.01643431389518 -13.686414610197039 -1.2
      vertex -8.065557197798583 -13.376264927546721 -9.2
      vertex -8.01643431389518 -13.686414610197039 -9.2
    endloop
  endfacet
  facet normal -0.9986295347545737 -0.05233595624294484 0
    outer loop
      vertex -8 -14 -1.2
      vertex -8.01643431389518 -13.686414610197039 -9.2
      vertex -8 -14 -9.2
    endloop
  endfacet
  facet normal -0.9986295347545738 0.052335956242944855 0
    outer loop
      vertex -8.01643431389518 -14.313585389802961 -1.2
      vertex -8 -14 -9.2
      vertex -8.01643431389518 -14.313585389802961 -9.129568361711701
    endloop
  endfacet
  facet normal -0.7771459614569665 -0.6293203910498429 0
    outer loop
      vertex -8.572949016875157 -12.23664424312258 -4.34830291714905
      vertex -8.770565523567818 -11.992608180923426 -9.2
      vertex -8.572949016875157 -12.23664424312258 -9.2
    endloop
  endfacet
  facet normal -0.7071067811865475 -0.7071067811865475 0
    outer loop
      vertex -8.770565523567818 -11.992608180923426 -4.984038594175001
      vertex -8.992608180923426 -11.770565523567818 -9.2
      vertex -8.770565523567818 -11.992608180923426 -9.2
    endloop
  endfacet
  facet normal -0.7771459614569665 0.6293203910498428 0
    outer loop
      vertex -8.770565523567818 -16.007391819076574 -1.2
      vertex -8.572949016875157 -15.76335575687742 -6.307321017861528
      vertex -8.770565523567818 -16.007391819076574 -5.671585340835575
    endloop
  endfacet
  facet normal -0.8386705679454248 0.5446390350150258 0
    outer loop
      vertex -8.572949016875157 -15.76335575687742 -1.2
      vertex -8.421583161796665 -15.530272779924214 -6.9145229322886035
      vertex -8.572949016875157 -15.76335575687742 -6.307321017861528
    endloop
  endfacet
  facet normal -0.8910065241883675 0.45399049973954764 0
    outer loop
      vertex -8.401923788646684 -15.5 -1.2
      vertex -8.259363627072197 -15.220209929227401 -7.5230555404330435
      vertex -8.401923788646684 -15.5 -6.973936608198712
    endloop
  endfacet
  facet normal -0.8386705679454346 0.5446390350150108 0
    outer loop
      vertex -8.401923788646684 -15.5 -1.2
      vertex -8.401923788646684 -15.5 -6.973936608198712
      vertex -8.421583161796665 -15.530272779924214 -6.9145229322886035
    endloop
  endfacet
  facet normal -0.7071067811865475 0.7071067811865475 -4.648035073216388e-17
    outer loop
      vertex -8.931134481508852 -16.16796077701761 -5.253288904374106
      vertex -8.992608180923426 -16.229434476432182 -5.023865934829699
      vertex -8.770565523567818 -16.007391819076574 -5.671585340835575
    endloop
  endfacet
  facet normal -0.9335804264972022 0.35836794954529916 0
    outer loop
      vertex -8.259363627072197 -15.220209929227401 -1.2
      vertex -8.146830451114539 -14.927050983124841 -8.09841236783675
      vertex -8.259363627072197 -15.220209929227401 -7.5230555404330435
    endloop
  endfacet
  facet normal -0.987688340595138 0.1564344650402293 0
    outer loop
      vertex -8.065557197798583 -14.623735072453279 -1.2
      vertex -8.01643431389518 -14.313585389802961 -9.129568361711701
      vertex -8.065557197798583 -14.623735072453279 -8.651979731860266
    endloop
  endfacet
  facet normal -0.9659258262890696 0.25881904510251535 -2.833611145219238e-16
    outer loop
      vertex -8.146830451114539 -14.927050983124841 -1.2
      vertex -8.065557197798583 -14.623735072453279 -8.651979731860266
      vertex -8.092002923478955 -14.722431864335457 -8.5
    endloop
  endfacet
  facet normal -0.9659258262890671 0.2588190451025248 0
    outer loop
      vertex -8.146830451114539 -14.927050983124841 -1.2
      vertex -8.092002923478955 -14.722431864335457 -8.5
      vertex -8.146830451114539 -14.927050983124841 -8.09841236783675
    endloop
  endfacet
  facet normal 0 0 1
    outer loop
      vertex -13.598076211353316 -12.5 -9.2
      vertex -13.985962757173189 -14.2678465490972 -9.2
      vertex -13.427050983124843 -12.23664424312258 -9.2
    endloop
  endfacet
  facet normal 0 0 1
    outer loop
      vertex -13.229434476432182 -11.992608180923426 -9.2
      vertex -13.985962757173189 -14.2678465490972 -9.2
      vertex -13.007391819076574 -11.770565523567818 -9.2
    endloop
  endfacet
  facet normal 0 0 1
    outer loop
      vertex -13.229434476432182 -11.992608180923426 -9.2
      vertex -13.427050983124843 -12.23664424312258 -9.2
      vertex -13.985962757173189 -14.2678465490972 -9.2
    endloop
  endfacet
  facet normal 0 0 1
    outer loop
      vertex -12.76335575687742 -11.572949016875157 -9.2
      vertex -13.007391819076574 -11.770565523567818 -9.2
      vertex -13.985962757173189 -14.2678465490972 -9.2
    endloop
  endfacet
  facet normal 0 0 1
    outer loop
      vertex -13.740636372927803 -12.779790070772599 -9.2
      vertex -13.853169548885461 -13.072949016875159 -9.2
      vertex -13.985962757173189 -14.2678465490972 -9.2
    endloop
  endfacet
  facet normal 0 0 1
    outer loop
      vertex -13.853169548885461 -13.072949016875159 -9.2
      vertex -13.934442802201417 -13.376264927546721 -9.2
      vertex -13.985962757173189 -14.2678465490972 -9.2
    endloop
  endfacet
  facet normal 0 0 1
    outer loop
      vertex -13.740636372927803 -12.779790070772599 -9.2
      vertex -13.985962757173189 -14.2678465490972 -9.2
      vertex -13.598076211353316 -12.5 -9.2
    endloop
  endfacet
  facet normal 0 0 1
    outer loop
      vertex -13.934442802201417 -13.376264927546721 -9.2
      vertex -13.98356568610482 -13.686414610197039 -9.2
      vertex -13.985962757173189 -14.2678465490972 -9.2
    endloop
  endfacet
  facet normal 0 0 1
    outer loop
      vertex -13.98356568610482 -13.686414610197039 -9.2
      vertex -14 -14 -9.2
      vertex -13.985962757173189 -14.2678465490972 -9.2
    endloop
  endfacet
  facet normal 0.9986295347545737 0.052335956242947006 9.64988897148179e-15
    outer loop
      vertex -14 -14 -9.2
      vertex -13.98356568610482 -14.313585389802961 -9.129568361711701
      vertex -13.985962757173189 -14.2678465490972 -9.2
    endloop
  endfacet
  facet normal 0 0 1
    outer loop
      vertex -12.76335575687742 -11.572949016875157 -9.2
      vertex -13.985962757173189 -14.2678465490972 -9.2
      vertex -12.7 -14 -9.2
    endloop
  endfacet
  facet normal 0 0 1
    outer loop
      vertex -12.7 -14 -9.2
      vertex -13.985962757173189 -14.2678465490972 -9.2
      vertex -12.690687222126064 -14.177698387555012 -9.2
    endloop
  endfacet
  facet normal 0 0 1
    outer loop
      vertex -12.220209929227401 -11.259363627072197 -9.2
      vertex -12.137522030810059 -12.73665379668843 -9.2
      vertex -11.927050983124841 -11.146830451114539 -9.2
    endloop
  endfacet
  facet normal 0 0 1
    outer loop
      vertex -11.927050983124841 -11.146830451114539 -9.2
      vertex -11.85 -12.527756813566455 -9.2
      vertex -11.623735072453279 -11.065557197798583 -9.2
    endloop
  endfacet
  facet normal 0 0 1
    outer loop
      vertex -11.623735072453279 -11.065557197798583 -9.2
      vertex -11.525328890437411 -12.38320392229824 -9.2
      vertex -11.313585389802961 -11.01643431389518 -9.2
    endloop
  endfacet
  facet normal 0 0 1
    outer loop
      vertex -12.76335575687742 -11.572949016875157 -9.2
      vertex -12.66285092124747 -13.646550125609808 -9.2
      vertex -12.61679607770176 -13.474671109562589 -9.2
    endloop
  endfacet
  facet normal 0 0 1
    outer loop
      vertex -12.76335575687742 -11.572949016875157 -9.2
      vertex -12.690687222126064 -13.822301612444988 -9.2
      vertex -12.66285092124747 -13.646550125609808 -9.2
    endloop
  endfacet
  facet normal 0 0 1
    outer loop
      vertex -12.76335575687742 -11.572949016875157 -9.2
      vertex -12.61679607770176 -13.474671109562589 -9.2
      vertex -12.5 -11.401923788646684 -9.2
    endloop
  endfacet
  facet normal 0 0 1
    outer loop
      vertex -12.5 -11.401923788646684 -9.2
      vertex -12.37532889043741 -13.000765071102796 -9.2
      vertex -12.220209929227401 -11.259363627072197 -9.2
    endloop
  endfacet
  facet normal 0 0 1
    outer loop
      vertex -12.220209929227401 -11.259363627072197 -9.2
      vertex -12.26334620331157 -12.862477969189941 -9.2
      vertex -12.137522030810059 -12.73665379668843 -9.2
    endloop
  endfacet
  facet normal 0 0 1
    outer loop
      vertex -12.220209929227401 -11.259363627072197 -9.2
      vertex -12.37532889043741 -13.000765071102796 -9.2
      vertex -12.26334620331157 -12.862477969189941 -9.2
    endloop
  endfacet
  facet normal 0 0 1
    outer loop
      vertex -12.5 -11.401923788646684 -9.2
      vertex -12.61679607770176 -13.474671109562589 -9.2
      vertex -12.553027277992422 -13.30854770677114 -9.2
    endloop
  endfacet
  facet normal 0 0 1
    outer loop
      vertex -12.5 -11.401923788646684 -9.2
      vertex -12.472243186433545 -13.15 -9.2
      vertex -12.37532889043741 -13.000765071102796 -9.2
    endloop
  endfacet
  facet normal 0 0 1
    outer loop
      vertex -12.5 -11.401923788646684 -9.2
      vertex -12.553027277992422 -13.30854770677114 -9.2
      vertex -12.472243186433545 -13.15 -9.2
    endloop
  endfacet
  facet normal 0 0 1
    outer loop
      vertex -12.76335575687742 -11.572949016875157 -9.2
      vertex -12.7 -14 -9.2
      vertex -12.690687222126064 -13.822301612444988 -9.2
    endloop
  endfacet
  facet normal 0 0 1
    outer loop
      vertex -12.690687222126064 -14.177698387555012 -9.2
      vertex -13.985962757173189 -14.2678465490972 -9.2
      vertex -12.67640915601392 -14.2678465490972 -9.2
    endloop
  endfacet
  facet normal 0 0 1
    outer loop
      vertex -11.927050983124841 -11.146830451114539 -9.2
      vertex -12.137522030810059 -12.73665379668843 -9.2
      vertex -11.999234928897204 -12.62467110956259 -9.2
    endloop
  endfacet
  facet normal 0 0 1
    outer loop
      vertex -11.927050983124841 -11.146830451114539 -9.2
      vertex -11.999234928897204 -12.62467110956259 -9.2
      vertex -11.85 -12.527756813566455 -9.2
    endloop
  endfacet
  facet normal 0 0 1
    outer loop
      vertex -11.69145229322886 -12.446972722007578 -9.2
      vertex -11.623735072453279 -11.065557197798583 -9.2
      vertex -11.85 -12.527756813566455 -9.2
    endloop
  endfacet
  facet normal 0 0 1
    outer loop
      vertex -11.69145229322886 -12.446972722007578 -9.2
      vertex -11.525328890437411 -12.38320392229824 -9.2
      vertex -11.623735072453279 -11.065557197798583 -9.2
    endloop
  endfacet
  facet normal 0 0 1
    outer loop
      vertex -11.313585389802961 -11.01643431389518 -9.2
      vertex -11.525328890437411 -12.38320392229824 -9.2
      vertex -11.353449874390192 -12.33714907875253 -9.2
    endloop
  endfacet
  facet normal 0 0 1
    outer loop
      vertex -11.313585389802961 -11.01643431389518 -9.2
      vertex -11.353449874390192 -12.33714907875253 -9.2
      vertex -11.177698387555012 -12.309312777873936 -9.2
    endloop
  endfacet
  facet normal 0 0 1
    outer loop
      vertex -11.313585389802961 -11.01643431389518 -9.2
      vertex -11.177698387555012 -12.309312777873936 -9.2
      vertex -11 -11 -9.2
    endloop
  endfacet
  facet normal 0 0 1
    outer loop
      vertex -11 -11 -9.2
      vertex -11.177698387555012 -12.309312777873936 -9.2
      vertex -11 -12.3 -9.2
    endloop
  endfacet
  facet normal 0 0 1
    outer loop
      vertex -11 -11 -9.2
      vertex -10.822301612444988 -12.309312777873936 -9.2
      vertex -10.686414610197039 -11.01643431389518 -9.2
    endloop
  endfacet
  facet normal 0 0 1
    outer loop
      vertex -11 -11 -9.2
      vertex -11 -12.3 -9.2
      vertex -10.822301612444988 -12.309312777873936 -9.2
    endloop
  endfacet
  facet normal 0 0 1
    outer loop
      vertex -10.686414610197039 -11.01643431389518 -9.2
      vertex -10.822301612444988 -12.309312777873936 -9.2
      vertex -10.376264927546721 -11.065557197798583 -9.2
    endloop
  endfacet
  facet normal 0 0 1
    outer loop
      vertex -10.376264927546721 -11.065557197798583 -9.2
      vertex -10.474671109562589 -12.38320392229824 -9.2
      vertex -10.072949016875159 -11.146830451114539 -9.2
    endloop
  endfacet
  facet normal 0 0 1
    outer loop
      vertex -10.072949016875159 -11.146830451114539 -9.2
      vertex -10.15 -12.527756813566455 -9.2
      vertex -9.779790070772599 -11.259363627072197 -9.2
    endloop
  endfacet
  facet normal 0 0 1
    outer loop
      vertex -9.779790070772599 -11.259363627072197 -9.2
      vertex -9.862477969189941 -12.73665379668843 -9.2
      vertex -9.5 -11.401923788646684 -9.2
    endloop
  endfacet
  facet normal 0 0 1
    outer loop
      vertex -10.376264927546721 -11.065557197798583 -9.2
      vertex -10.822301612444988 -12.309312777873936 -9.2
      vertex -10.646550125609808 -12.33714907875253 -9.2
    endloop
  endfacet
  facet normal 0 0 1
    outer loop
      vertex -10.376264927546721 -11.065557197798583 -9.2
      vertex -10.646550125609808 -12.33714907875253 -9.2
      vertex -10.474671109562589 -12.38320392229824 -9.2
    endloop
  endfacet
  facet normal 0 0 1
    outer loop
      vertex -10.072949016875159 -11.146830451114539 -9.2
      vertex -10.474671109562589 -12.38320392229824 -9.2
      vertex -10.30854770677114 -12.446972722007578 -9.2
    endloop
  endfacet
  facet normal 0 0 1
    outer loop
      vertex -10.072949016875159 -11.146830451114539 -9.2
      vertex -10.30854770677114 -12.446972722007578 -9.2
      vertex -10.15 -12.527756813566455 -9.2
    endloop
  endfacet
  facet normal 0 0 1
    outer loop
      vertex -9.779790070772599 -11.259363627072197 -9.2
      vertex -10.15 -12.527756813566455 -9.2
      vertex -10.000765071102796 -12.62467110956259 -9.2
    endloop
  endfacet
  facet normal 0 0 1
    outer loop
      vertex -9.779790070772599 -11.259363627072197 -9.2
      vertex -10.000765071102796 -12.62467110956259 -9.2
      vertex -9.862477969189941 -12.73665379668843 -9.2
    endloop
  endfacet
  facet normal 0 0 1
    outer loop
      vertex -9.862477969189941 -12.73665379668843 -9.2
      vertex -9.73665379668843 -12.862477969189941 -9.2
      vertex -9.5 -11.401923788646684 -9.2
    endloop
  endfacet
  facet normal 0 0 1
    outer loop
      vertex -9.73665379668843 -12.862477969189941 -9.2
      vertex -9.62467110956259 -13.000765071102796 -9.2
      vertex -9.5 -11.401923788646684 -9.2
    endloop
  endfacet
  facet normal 0 0 1
    outer loop
      vertex -9.5 -11.401923788646684 -9.2
      vertex -9.527756813566455 -13.15 -9.2
      vertex -9.23664424312258 -11.572949016875157 -9.2
    endloop
  endfacet
  facet normal 0 0 1
    outer loop
      vertex -9.5 -11.401923788646684 -9.2
      vertex -9.62467110956259 -13.000765071102796 -9.2
      vertex -9.527756813566455 -13.15 -9.2
    endloop
  endfacet
  facet normal 0 0 1
    outer loop
      vertex -9.23664424312258 -11.572949016875157 -9.2
      vertex -9.527756813566455 -13.15 -9.2
      vertex -9.446972722007578 -13.30854770677114 -9.2
    endloop
  endfacet
  facet normal 0 0 1
    outer loop
      vertex -9.23664424312258 -11.572949016875157 -9.2
      vertex -9.446972722007578 -13.30854770677114 -9.2
      vertex -9.38320392229824 -13.474671109562589 -9.2
    endloop
  endfacet
  facet normal 0 0 1
    outer loop
      vertex -9.23664424312258 -11.572949016875157 -9.2
      vertex -9.38320392229824 -13.474671109562589 -9.2
      vertex -9.33714907875253 -13.646550125609808 -9.2
    endloop
  endfacet
  facet normal 0 0 1
    outer loop
      vertex -9.23664424312258 -11.572949016875157 -9.2
      vertex -9.33714907875253 -13.646550125609808 -9.2
      vertex -9.309312777873936 -13.822301612444988 -9.2
    endloop
  endfacet
  facet normal 0 0 1
    outer loop
      vertex -9.23664424312258 -11.572949016875157 -9.2
      vertex -8.014037242826811 -14.2678465490972 -9.2
      vertex -8.992608180923426 -11.770565523567818 -9.2
    endloop
  endfacet
  facet normal 0 0 1
    outer loop
      vertex -8.992608180923426 -11.770565523567818 -9.2
      vertex -8.014037242826811 -14.2678465490972 -9.2
      vertex -8.770565523567818 -11.992608180923426 -9.2
    endloop
  endfacet
  facet normal 0 0 1
    outer loop
      vertex -8.770565523567818 -11.992608180923426 -9.2
      vertex -8.014037242826811 -14.2678465490972 -9.2
      vertex -8.572949016875157 -12.23664424312258 -9.2
    endloop
  endfacet
  facet normal 0 0 1
    outer loop
      vertex -9.23664424312258 -11.572949016875157 -9.2
      vertex -9.309312777873936 -13.822301612444988 -9.2
      vertex -9.3 -14 -9.2
    endloop
  endfacet
  facet normal 0 0 1
    outer loop
      vertex -9.23664424312258 -11.572949016875157 -9.2
      vertex -9.3 -14 -9.2
      vertex -8.014037242826811 -14.2678465490972 -9.2
    endloop
  endfacet
  facet normal 0 0 1
    outer loop
      vertex -9.3 -14 -9.2
      vertex -9.309312777873936 -14.177698387555012 -9.2
      vertex -8.014037242826811 -14.2678465490972 -9.2
    endloop
  endfacet
  facet normal 0 0 1
    outer loop
      vertex -9.309312777873936 -14.177698387555012 -9.2
      vertex -9.32359084398608 -14.2678465490972 -9.2
      vertex -8.014037242826811 -14.2678465490972 -9.2
    endloop
  endfacet
  facet normal 0 0 1
    outer loop
      vertex -8.572949016875157 -12.23664424312258 -9.2
      vertex -8.014037242826811 -14.2678465490972 -9.2
      vertex -8.401923788646684 -12.5 -9.2
    endloop
  endfacet
  facet normal 0 0 1
    outer loop
      vertex -8.401923788646684 -12.5 -9.2
      vertex -8.014037242826811 -14.2678465490972 -9.2
      vertex -8.259363627072197 -12.779790070772599 -9.2
    endloop
  endfacet
  facet normal 0 0 1
    outer loop
      vertex -8.259363627072197 -12.779790070772599 -9.2
      vertex -8.014037242826811 -14.2678465490972 -9.2
      vertex -8.146830451114539 -13.072949016875159 -9.2
    endloop
  endfacet
  facet normal 0 0 1
    outer loop
      vertex -8.146830451114539 -13.072949016875159 -9.2
      vertex -8.014037242826811 -14.2678465490972 -9.2
      vertex -8.065557197798583 -13.376264927546721 -9.2
    endloop
  endfacet
  facet normal 0 0 1
    outer loop
      vertex -8.065557197798583 -13.376264927546721 -9.2
      vertex -8.014037242826811 -14.2678465490972 -9.2
      vertex -8.01643431389518 -13.686414610197039 -9.2
    endloop
  endfacet
  facet normal 0 0 1
    outer loop
      vertex -8.01643431389518 -13.686414610197039 -9.2
      vertex -8.014037242826811 -14.2678465490972 -9.2
      vertex -8 -14 -9.2
    endloop
  endfacet
  facet normal -0.9986295347545737 0.052335956242947006 9.636128487992051e-15
    outer loop
      vertex -8 -14 -9.2
      vertex -8.014037242826811 -14.2678465490972 -9.2
      vertex -8.01643431389518 -14.313585389802961 -9.129568361711701
    endloop
  endfacet
  facet normal 0.9659258262890666 -0.2588190451025269 -3.057264247781421e-18
    outer loop
      vertex 9.38320392229824 14.525328890437411 0
      vertex 9.33714907875253 14.353449874390192 0
      vertex 9.33714907875253 14.353449874390192 -1.2
    endloop
  endfacet
  facet normal 0.9659258262890666 -0.2588190451025269 0
    outer loop
      vertex 9.38320392229824 14.525328890437411 0
      vertex 9.33714907875253 14.353449874390192 -1.2
      vertex 9.38320392229824 14.525328890437411 -1.2
    endloop
  endfacet
  facet normal 0.987688340595139 -0.15643446504022357 0
    outer loop
      vertex 9.33714907875253 14.353449874390192 0
      vertex 9.309312777873936 14.177698387555012 -1.2
      vertex 9.33714907875253 14.353449874390192 -1.2
    endloop
  endfacet
  facet normal 0.45399049973955313 -0.8910065241883646 0
    outer loop
      vertex 10.15 15.472243186433545 0
      vertex 10.15 15.472243186433545 -1.2
      vertex 10.30854770677114 15.553027277992422 0
    endloop
  endfacet
  facet normal 0.5446390350150235 -0.8386705679454263 0
    outer loop
      vertex 10.15 15.472243186433545 0
      vertex 10.000765071102796 15.37532889043741 -1.2
      vertex 10.15 15.472243186433545 -1.2
    endloop
  endfacet
  facet normal 0.45399049973955313 -0.8910065241883646 0
    outer loop
      vertex 10.30854770677114 15.553027277992422 0
      vertex 10.15 15.472243186433545 -1.2
      vertex 10.30854770677114 15.553027277992422 -1.2
    endloop
  endfacet
  facet normal 0.8386705679454263 -0.5446390350150235 -4.425185184052951e-19
    outer loop
      vertex 9.62467110956259 14.999234928897204 0
      vertex 9.527756813566455 14.85 0
      vertex 9.527756813566455 14.85 -1.2
    endloop
  endfacet
  facet normal 0.7071067811865476 -0.7071067811865476 1.126120732727787e-18
    outer loop
      vertex 9.862477969189941 15.26334620331157 0
      vertex 9.73665379668843 15.137522030810059 0
      vertex 9.73665379668843 15.137522030810059 -1.2
    endloop
  endfacet
  facet normal 0.7771459614569729 -0.6293203910498348 0
    outer loop
      vertex 9.62467110956259 14.999234928897204 0
      vertex 9.62467110956259 14.999234928897204 -1.2
      vertex 9.73665379668843 15.137522030810059 0
    endloop
  endfacet
  facet normal 0.8910065241883646 -0.45399049973955313 -1.873228080906661e-18
    outer loop
      vertex 9.527756813566455 14.85 0
      vertex 9.446972722007578 14.69145229322886 0
      vertex 9.446972722007578 14.69145229322886 -1.2
    endloop
  endfacet
  facet normal 0.9335804264972034 -0.358367949545296 2.3149022037031112e-18
    outer loop
      vertex 9.446972722007578 14.69145229322886 0
      vertex 9.38320392229824 14.525328890437411 0
      vertex 9.38320392229824 14.525328890437411 -1.2
    endloop
  endfacet
  facet normal 0.6293203910498348 -0.7771459614569729 0
    outer loop
      vertex 9.862477969189941 15.26334620331157 0
      vertex 9.862477969189941 15.26334620331157 -1.2
      vertex 10.000765071102796 15.37532889043741 0
    endloop
  endfacet
  facet normal 0.5446390350150235 -0.8386705679454263 0
    outer loop
      vertex 10.000765071102796 15.37532889043741 0
      vertex 10.000765071102796 15.37532889043741 -1.2
      vertex 10.15 15.472243186433545 0
    endloop
  endfacet
  facet normal 0.8386705679454263 -0.5446390350150235 0
    outer loop
      vertex 9.62467110956259 14.999234928897204 0
      vertex 9.527756813566455 14.85 -1.2
      vertex 9.62467110956259 14.999234928897204 -1.2
    endloop
  endfacet
  facet normal 0.7071067811865476 -0.7071067811865476 0
    outer loop
      vertex 9.862477969189941 15.26334620331157 0
      vertex 9.73665379668843 15.137522030810059 -1.2
      vertex 9.862477969189941 15.26334620331157 -1.2
    endloop
  endfacet
  facet normal 0.7771459614569729 -0.6293203910498348 -1.2974328472120694e-18
    outer loop
      vertex 9.62467110956259 14.999234928897204 -1.2
      vertex 9.73665379668843 15.137522030810059 -1.2
      vertex 9.73665379668843 15.137522030810059 0
    endloop
  endfacet
  facet normal 0.9335804264972034 -0.358367949545296 0
    outer loop
      vertex 9.446972722007578 14.69145229322886 0
      vertex 9.38320392229824 14.525328890437411 -1.2
      vertex 9.446972722007578 14.69145229322886 -1.2
    endloop
  endfacet
  facet normal 0.8910065241883646 -0.45399049973955313 0
    outer loop
      vertex 9.527756813566455 14.85 0
      vertex 9.446972722007578 14.69145229322886 -1.2
      vertex 9.527756813566455 14.85 -1.2
    endloop
  endfacet
  facet normal 0.6293203910498348 -0.7771459614569729 0
    outer loop
      vertex 10.000765071102796 15.37532889043741 0
      vertex 9.862477969189941 15.26334620331157 -1.2
      vertex 10.000765071102796 15.37532889043741 -1.2
    endloop
  endfacet
  facet normal 0.358367949545296 -0.9335804264972034 0
    outer loop
      vertex 10.30854770677114 15.553027277992422 0
      vertex 10.30854770677114 15.553027277992422 -1.2
      vertex 10.474671109562589 15.61679607770176 0
    endloop
  endfacet
  facet normal 0.2588190451025269 -0.9659258262890666 0
    outer loop
      vertex 10.474671109562589 15.61679607770176 0
      vertex 10.474671109562589 15.61679607770176 -1.2
      vertex 10.646550125609808 15.66285092124747 0
    endloop
  endfacet
  facet normal 0.15643446504022357 -0.987688340595139 0
    outer loop
      vertex 10.646550125609808 15.66285092124747 0
      vertex 10.646550125609808 15.66285092124747 -1.2
      vertex 10.822301612444988 15.690687222126064 0
    endloop
  endfacet
  facet normal 0.05233595624294446 -0.9986295347545738 0
    outer loop
      vertex 10.822301612444988 15.690687222126064 0
      vertex 10.822301612444988 15.690687222126064 -1.2
      vertex 11 15.7 0
    endloop
  endfacet
  facet normal -0.05233595624294446 -0.9986295347545738 0
    outer loop
      vertex 11 15.7 0
      vertex 11 15.7 -1.2
      vertex 11.177698387555012 15.690687222126064 0
    endloop
  endfacet
  facet normal -0.15643446504022357 -0.987688340595139 0
    outer loop
      vertex 11.177698387555012 15.690687222126064 0
      vertex 11.177698387555012 15.690687222126064 -1.2
      vertex 11.353449874390192 15.66285092124747 0
    endloop
  endfacet
  facet normal 0.358367949545296 -0.9335804264972034 0
    outer loop
      vertex 10.474671109562589 15.61679607770176 0
      vertex 10.30854770677114 15.553027277992422 -1.2
      vertex 10.474671109562589 15.61679607770176 -1.2
    endloop
  endfacet
  facet normal 0.2588190451025269 -0.9659258262890666 0
    outer loop
      vertex 10.646550125609808 15.66285092124747 0
      vertex 10.474671109562589 15.61679607770176 -1.2
      vertex 10.646550125609808 15.66285092124747 -1.2
    endloop
  endfacet
  facet normal 0.15643446504022357 -0.987688340595139 0
    outer loop
      vertex 10.822301612444988 15.690687222126064 0
      vertex 10.646550125609808 15.66285092124747 -1.2
      vertex 10.822301612444988 15.690687222126064 -1.2
    endloop
  endfacet
  facet normal 0.05233595624294446 -0.9986295347545738 0
    outer loop
      vertex 11 15.7 0
      vertex 10.822301612444988 15.690687222126064 -1.2
      vertex 11 15.7 -1.2
    endloop
  endfacet
  facet normal -0.05233595624294446 -0.9986295347545738 0
    outer loop
      vertex 11.177698387555012 15.690687222126064 0
      vertex 11 15.7 -1.2
      vertex 11.177698387555012 15.690687222126064 -1.2
    endloop
  endfacet
  facet normal 0.987688340595139 -0.15643446504022357 -1.859359593205559e-18
    outer loop
      vertex 9.33714907875253 14.353449874390192 0
      vertex 9.309312777873936 14.177698387555012 0
      vertex 9.309312777873936 14.177698387555012 -1.2
    endloop
  endfacet
  facet normal 0.9986295347545738 -0.05233595624294446 2.49131008873634e-19
    outer loop
      vertex 9.309312777873936 14.177698387555012 0
      vertex 9.3 14 0
      vertex 9.3 14 -1.2
    endloop
  endfacet
  facet normal 0.9986295347545738 0.05233595624294446 -2.49131008873634e-19
    outer loop
      vertex 9.3 14 0
      vertex 9.309312777873936 13.822301612444988 0
      vertex 9.309312777873936 13.822301612444988 -1.2
    endloop
  endfacet
  facet normal 0.987688340595139 0.15643446504022357 1.859359593205559e-18
    outer loop
      vertex 9.309312777873936 13.822301612444988 0
      vertex 9.33714907875253 13.646550125609808 0
      vertex 9.33714907875253 13.646550125609808 -1.2
    endloop
  endfacet
  facet normal 0.9659258262890666 0.2588190451025269 3.057264247781421e-18
    outer loop
      vertex 9.33714907875253 13.646550125609808 0
      vertex 9.38320392229824 13.474671109562589 0
      vertex 9.38320392229824 13.474671109562589 -1.2
    endloop
  endfacet
  facet normal 0.9986295347545738 -0.05233595624294446 0
    outer loop
      vertex 9.309312777873936 14.177698387555012 0
      vertex 9.3 14 -1.2
      vertex 9.309312777873936 14.177698387555012 -1.2
    endloop
  endfacet
  facet normal 0.9986295347545738 0.05233595624294446 0
    outer loop
      vertex 9.3 14 0
      vertex 9.309312777873936 13.822301612444988 -1.2
      vertex 9.3 14 -1.2
    endloop
  endfacet
  facet normal 0.987688340595139 0.15643446504022357 0
    outer loop
      vertex 9.309312777873936 13.822301612444988 0
      vertex 9.33714907875253 13.646550125609808 -1.2
      vertex 9.309312777873936 13.822301612444988 -1.2
    endloop
  endfacet
  facet normal 0.9659258262890666 0.2588190451025269 0
    outer loop
      vertex 9.33714907875253 13.646550125609808 0
      vertex 9.38320392229824 13.474671109562589 -1.2
      vertex 9.33714907875253 13.646550125609808 -1.2
    endloop
  endfacet
  facet normal 0.9335804264972034 0.358367949545296 -2.3149022037031112e-18
    outer loop
      vertex 9.38320392229824 13.474671109562589 0
      vertex 9.446972722007578 13.30854770677114 0
      vertex 9.446972722007578 13.30854770677114 -1.2
    endloop
  endfacet
  facet normal 0.8910065241883646 0.45399049973955313 1.873228080906661e-18
    outer loop
      vertex 9.446972722007578 13.30854770677114 0
      vertex 9.527756813566455 13.15 0
      vertex 9.527756813566455 13.15 -1.2
    endloop
  endfacet
  facet normal 0.9335804264972034 0.358367949545296 0
    outer loop
      vertex 9.38320392229824 13.474671109562589 0
      vertex 9.446972722007578 13.30854770677114 -1.2
      vertex 9.38320392229824 13.474671109562589 -1.2
    endloop
  endfacet
  facet normal 0.8910065241883646 0.45399049973955313 0
    outer loop
      vertex 9.446972722007578 13.30854770677114 0
      vertex 9.527756813566455 13.15 -1.2
      vertex 9.446972722007578 13.30854770677114 -1.2
    endloop
  endfacet
  facet normal 0.8386705679454263 0.5446390350150235 0
    outer loop
      vertex 9.527756813566455 13.15 0
      vertex 9.62467110956259 13.000765071102796 -1.2
      vertex 9.527756813566455 13.15 -1.2
    endloop
  endfacet
  facet normal 0.8386705679454263 0.5446390350150235 4.425185184052951e-19
    outer loop
      vertex 9.527756813566455 13.15 0
      vertex 9.62467110956259 13.000765071102796 0
      vertex 9.62467110956259 13.000765071102796 -1.2
    endloop
  endfacet
  facet normal 0.7771459614569779 0.629320391049829 0
    outer loop
      vertex 9.62467110956259 13.000765071102796 0
      vertex 9.625290651925893 13 0
      vertex 9.62467110956259 13.000765071102796 -1.2
    endloop
  endfacet
  facet normal 0.7771459614569705 0.629320391049838 9.588137265036431e-18
    outer loop
      vertex 9.625290651925893 13 0
      vertex 9.67621743138023 12.93711066486035 -1.2
      vertex 9.62467110956259 13.000765071102796 -1.2
    endloop
  endfacet
  facet normal -0.2588190451025269 -0.9659258262890666 0
    outer loop
      vertex 11.353449874390192 15.66285092124747 0
      vertex 11.353449874390192 15.66285092124747 -1.2
      vertex 11.525328890437411 15.61679607770176 0
    endloop
  endfacet
  facet normal -0.358367949545296 -0.9335804264972034 0
    outer loop
      vertex 11.525328890437411 15.61679607770176 0
      vertex 11.525328890437411 15.61679607770176 -1.2
      vertex 11.69145229322886 15.553027277992422 0
    endloop
  endfacet
  facet normal -0.45399049973955313 -0.8910065241883646 0
    outer loop
      vertex 11.69145229322886 15.553027277992422 0
      vertex 11.69145229322886 15.553027277992422 -1.2
      vertex 11.85 15.472243186433545 0
    endloop
  endfacet
  facet normal -0.5446390350150235 -0.8386705679454263 0
    outer loop
      vertex 11.85 15.472243186433545 0
      vertex 11.85 15.472243186433545 -1.2
      vertex 11.999234928897204 15.37532889043741 0
    endloop
  endfacet
  facet normal -0.15643446504022357 -0.987688340595139 0
    outer loop
      vertex 11.353449874390192 15.66285092124747 0
      vertex 11.177698387555012 15.690687222126064 -1.2
      vertex 11.353449874390192 15.66285092124747 -1.2
    endloop
  endfacet
  facet normal -0.2588190451025269 -0.9659258262890666 0
    outer loop
      vertex 11.525328890437411 15.61679607770176 0
      vertex 11.353449874390192 15.66285092124747 -1.2
      vertex 11.525328890437411 15.61679607770176 -1.2
    endloop
  endfacet
  facet normal -0.358367949545296 -0.9335804264972034 -2.3149022037031112e-18
    outer loop
      vertex 11.525328890437411 15.61679607770176 -1.2
      vertex 11.69145229322886 15.553027277992422 -1.2
      vertex 11.69145229322886 15.553027277992422 0
    endloop
  endfacet
  facet normal -0.45399049973955313 -0.8910065241883646 0
    outer loop
      vertex 11.85 15.472243186433545 0
      vertex 11.69145229322886 15.553027277992422 -1.2
      vertex 11.85 15.472243186433545 -1.2
    endloop
  endfacet
  facet normal -0.6293203910498348 -0.7771459614569729 0
    outer loop
      vertex 11.999234928897204 15.37532889043741 0
      vertex 11.999234928897204 15.37532889043741 -1.2
      vertex 12.137522030810059 15.26334620331157 0
    endloop
  endfacet
  facet normal -0.7071067811865476 -0.7071067811865476 0
    outer loop
      vertex 12.137522030810059 15.26334620331157 0
      vertex 12.137522030810059 15.26334620331157 -1.2
      vertex 12.26334620331157 15.137522030810059 0
    endloop
  endfacet
  facet normal -0.5446390350150235 -0.8386705679454263 0
    outer loop
      vertex 11.999234928897204 15.37532889043741 0
      vertex 11.85 15.472243186433545 -1.2
      vertex 11.999234928897204 15.37532889043741 -1.2
    endloop
  endfacet
  facet normal -0.6293203910498348 -0.7771459614569729 0
    outer loop
      vertex 12.137522030810059 15.26334620331157 0
      vertex 11.999234928897204 15.37532889043741 -1.2
      vertex 12.137522030810059 15.26334620331157 -1.2
    endloop
  endfacet
  facet normal -0.7771459614569729 -0.6293203910498348 0
    outer loop
      vertex 12.26334620331157 15.137522030810059 0
      vertex 12.26334620331157 15.137522030810059 -1.2
      vertex 12.37532889043741 14.999234928897204 0
    endloop
  endfacet
  facet normal -0.8386705679454263 -0.5446390350150235 0
    outer loop
      vertex 12.37532889043741 14.999234928897204 0
      vertex 12.37532889043741 14.999234928897204 -1.2
      vertex 12.472243186433545 14.85 0
    endloop
  endfacet
  facet normal -0.8910065241883646 -0.45399049973955313 0
    outer loop
      vertex 12.472243186433545 14.85 0
      vertex 12.472243186433545 14.85 -1.2
      vertex 12.553027277992422 14.69145229322886 0
    endloop
  endfacet
  facet normal -0.9335804264972034 -0.358367949545296 0
    outer loop
      vertex 12.553027277992422 14.69145229322886 0
      vertex 12.553027277992422 14.69145229322886 -1.2
      vertex 12.61679607770176 14.525328890437411 0
    endloop
  endfacet
  facet normal -0.9659258262890666 -0.2588190451025269 0
    outer loop
      vertex 12.61679607770176 14.525328890437411 0
      vertex 12.61679607770176 14.525328890437411 -1.2
      vertex 12.66285092124747 14.353449874390192 0
    endloop
  endfacet
  facet normal -0.987688340595139 -0.15643446504022357 0
    outer loop
      vertex 12.66285092124747 14.353449874390192 0
      vertex 12.66285092124747 14.353449874390192 -1.2
      vertex 12.690687222126064 14.177698387555012 0
    endloop
  endfacet
  facet normal -0.7071067811865476 -0.7071067811865476 0
    outer loop
      vertex 12.26334620331157 15.137522030810059 0
      vertex 12.137522030810059 15.26334620331157 -1.2
      vertex 12.26334620331157 15.137522030810059 -1.2
    endloop
  endfacet
  facet normal -0.7771459614569729 -0.6293203910498348 0
    outer loop
      vertex 12.37532889043741 14.999234928897204 0
      vertex 12.26334620331157 15.137522030810059 -1.2
      vertex 12.37532889043741 14.999234928897204 -1.2
    endloop
  endfacet
  facet normal -0.8386705679454263 -0.5446390350150235 0
    outer loop
      vertex 12.472243186433545 14.85 0
      vertex 12.37532889043741 14.999234928897204 -1.2
      vertex 12.472243186433545 14.85 -1.2
    endloop
  endfacet
  facet normal -0.8910065241883646 -0.45399049973955313 0
    outer loop
      vertex 12.553027277992422 14.69145229322886 0
      vertex 12.472243186433545 14.85 -1.2
      vertex 12.553027277992422 14.69145229322886 -1.2
    endloop
  endfacet
  facet normal -0.9335804264972034 -0.358367949545296 -2.3149022037031112e-18
    outer loop
      vertex 12.553027277992422 14.69145229322886 -1.2
      vertex 12.61679607770176 14.525328890437411 -1.2
      vertex 12.61679607770176 14.525328890437411 0
    endloop
  endfacet
  facet normal -0.9659258262890666 -0.2588190451025269 0
    outer loop
      vertex 12.66285092124747 14.353449874390192 0
      vertex 12.61679607770176 14.525328890437411 -1.2
      vertex 12.66285092124747 14.353449874390192 -1.2
    endloop
  endfacet
  facet normal -0.9659258262890666 0.2588190451025269 0
    outer loop
      vertex 12.66285092124747 13.646550125609808 0
      vertex 12.66285092124747 13.646550125609808 -1.2
      vertex 12.61679607770176 13.474671109562589 0
    endloop
  endfacet
  facet normal -0.9335804264972034 0.358367949545296 2.3149022037031112e-18
    outer loop
      vertex 12.553027277992422 13.30854770677114 0
      vertex 12.61679607770176 13.474671109562589 0
      vertex 12.61679607770176 13.474671109562589 -1.2
    endloop
  endfacet
  facet normal -0.8910065241883646 0.45399049973955313 -1.873228080906661e-18
    outer loop
      vertex 12.472243186433545 13.15 0
      vertex 12.553027277992422 13.30854770677114 0
      vertex 12.553027277992422 13.30854770677114 -1.2
    endloop
  endfacet
  facet normal -0.8386705679454263 0.5446390350150235 0
    outer loop
      vertex 12.472243186433545 13.15 0
      vertex 12.472243186433545 13.15 -1.2
      vertex 12.37532889043741 13.000765071102796 0
    endloop
  endfacet
  facet normal -0.9986295347545738 -0.05233595624294446 0
    outer loop
      vertex 12.690687222126064 14.177698387555012 0
      vertex 12.690687222126064 14.177698387555012 -1.2
      vertex 12.7 14 0
    endloop
  endfacet
  facet normal -0.9986295347545738 0.05233595624294446 0
    outer loop
      vertex 12.7 14 0
      vertex 12.7 14 -1.2
      vertex 12.690687222126064 13.822301612444988 0
    endloop
  endfacet
  facet normal -0.987688340595139 0.15643446504022357 0
    outer loop
      vertex 12.690687222126064 13.822301612444988 0
      vertex 12.690687222126064 13.822301612444988 -1.2
      vertex 12.66285092124747 13.646550125609808 0
    endloop
  endfacet
  facet normal -0.9659258262890666 0.2588190451025269 0
    outer loop
      vertex 12.61679607770176 13.474671109562589 0
      vertex 12.66285092124747 13.646550125609808 -1.2
      vertex 12.61679607770176 13.474671109562589 -1.2
    endloop
  endfacet
  facet normal -0.9335804264972034 0.358367949545296 0
    outer loop
      vertex 12.553027277992422 13.30854770677114 0
      vertex 12.61679607770176 13.474671109562589 -1.2
      vertex 12.553027277992422 13.30854770677114 -1.2
    endloop
  endfacet
  facet normal -0.8910065241883646 0.45399049973955313 0
    outer loop
      vertex 12.472243186433545 13.15 0
      vertex 12.553027277992422 13.30854770677114 -1.2
      vertex 12.472243186433545 13.15 -1.2
    endloop
  endfacet
  facet normal -0.987688340595139 -0.15643446504022357 0
    outer loop
      vertex 12.690687222126064 14.177698387555012 0
      vertex 12.66285092124747 14.353449874390192 -1.2
      vertex 12.690687222126064 14.177698387555012 -1.2
    endloop
  endfacet
  facet normal -0.9986295347545738 -0.05233595624294446 0
    outer loop
      vertex 12.7 14 0
      vertex 12.690687222126064 14.177698387555012 -1.2
      vertex 12.7 14 -1.2
    endloop
  endfacet
  facet normal -0.9986295347545738 0.05233595624294446 0
    outer loop
      vertex 12.690687222126064 13.822301612444988 0
      vertex 12.7 14 -1.2
      vertex 12.690687222126064 13.822301612444988 -1.2
    endloop
  endfacet
  facet normal -0.987688340595139 0.15643446504022357 0
    outer loop
      vertex 12.66285092124747 13.646550125609808 0
      vertex 12.690687222126064 13.822301612444988 -1.2
      vertex 12.66285092124747 13.646550125609808 -1.2
    endloop
  endfacet
  facet normal -0.7771459614569779 0.629320391049829 0
    outer loop
      vertex 12.37532889043741 13.000765071102796 0
      vertex 12.37532889043741 13.000765071102796 -1.2
      vertex 12.374709348074107 13 0
    endloop
  endfacet
  facet normal -0.7771459614569705 0.6293203910498378 9.587413731419744e-18
    outer loop
      vertex 12.374709348074107 13 0
      vertex 12.37532889043741 13.000765071102796 -1.2
      vertex 12.32378256861977 12.93711066486035 -1.2
    endloop
  endfacet
  facet normal -0.8386705679454263 0.5446390350150235 0
    outer loop
      vertex 12.37532889043741 13.000765071102796 0
      vertex 12.472243186433545 13.15 -1.2
      vertex 12.37532889043741 13.000765071102796 -1.2
    endloop
  endfacet
  facet normal 0.9876883405951398 -0.15643446504021785 0
    outer loop
      vertex 9.309312777873936 14.177698387555012 -9.2
      vertex 9.309312777873936 14.177698387555012 -9.338815995511112
      vertex 9.32359084398608 14.2678465490972 -9.2
    endloop
  endfacet
  facet normal 0.9986295347545738 -0.05233595624294447 0
    outer loop
      vertex 9.309312777873936 14.177698387555012 -9.2
      vertex 9.3 14 -9.61244751663342
      vertex 9.309312777873936 14.177698387555012 -9.338815995511112
    endloop
  endfacet
  facet normal 0.9986295347545738 -0.05233595624294446 7.248369758377548e-19
    outer loop
      vertex 9.309312777873936 14.177698387555012 -9.2
      vertex 9.3 14 -9.2
      vertex 9.3 14 -9.61244751663342
    endloop
  endfacet
  facet normal 0.9986295347545738 0.052335956242944466 -4.357474783463672e-19
    outer loop
      vertex 9.3 14 -9.2
      vertex 9.309312777873936 13.822301612444988 -9.2
      vertex 9.309312777873936 13.822301612444988 -9.886079037755728
    endloop
  endfacet
  facet normal 0.9876883405951388 0.15643446504022357 2.7890393898083357e-18
    outer loop
      vertex 9.309312777873936 13.822301612444988 -9.2
      vertex 9.33714907875253 13.646550125609808 -9.2
      vertex 9.33714907875253 13.646550125609808 -10
    endloop
  endfacet
  facet normal 0.9659258262890666 0.2588190451025269 4.5858963716721275e-18
    outer loop
      vertex 9.33714907875253 13.646550125609808 -9.2
      vertex 9.38320392229824 13.474671109562589 -9.2
      vertex 9.38320392229824 13.474671109562589 -10
    endloop
  endfacet
  facet normal 0.9986295347545738 0.05233595624294446 0
    outer loop
      vertex 9.3 14 -9.2
      vertex 9.309312777873936 13.822301612444988 -9.886079037755728
      vertex 9.3 14 -9.61244751663342
    endloop
  endfacet
  facet normal 0.9876883405951363 0.1564344650402402 0
    outer loop
      vertex 9.309312777873936 13.822301612444988 -9.2
      vertex 9.321224575721715 13.747093480741079 -10
      vertex 9.309312777873936 13.822301612444988 -9.886079037755728
    endloop
  endfacet
  facet normal 0.9876883405951409 0.1564344650402112 2.7914381202674856e-15
    outer loop
      vertex 9.309312777873936 13.822301612444988 -9.2
      vertex 9.33714907875253 13.646550125609808 -10
      vertex 9.321224575721715 13.747093480741079 -10
    endloop
  endfacet
  facet normal 0.9876883405950814 0.1564344650405866 -2.3448331986289323e-13
    outer loop
      vertex 9.320243317017024 13.753288904374106 -9.992349288972044
      vertex 9.309312777873936 13.822301612444988 -9.886079037755728
      vertex 9.321224575721715 13.747093480741079 -10
    endloop
  endfacet
  facet normal 0.9659258262890666 0.2588190451025269 0
    outer loop
      vertex 9.33714907875253 13.646550125609808 -9.2
      vertex 9.38320392229824 13.474671109562589 -10
      vertex 9.33714907875253 13.646550125609808 -10
    endloop
  endfacet
  facet normal 0.9335804264972032 0.358367949545296 -3.4723533055546636e-18
    outer loop
      vertex 9.38320392229824 13.474671109562589 -9.2
      vertex 9.446972722007578 13.30854770677114 -9.2
      vertex 9.446972722007578 13.30854770677114 -10
    endloop
  endfacet
  facet normal 0.8910065241883647 0.45399049973955313 2.8098421213599896e-18
    outer loop
      vertex 9.446972722007578 13.30854770677114 -9.2
      vertex 9.527756813566455 13.15 -9.2
      vertex 9.527756813566455 13.15 -10
    endloop
  endfacet
  facet normal 0.8386705679454263 0.5446390350150235 6.637777776079422e-19
    outer loop
      vertex 9.527756813566455 13.15 -9.2
      vertex 9.62467110956259 13.000765071102796 -9.2
      vertex 9.62467110956259 13.000765071102796 -10
    endloop
  endfacet
  facet normal 0.7771459614569729 0.629320391049835 1.9461492708181023e-18
    outer loop
      vertex 9.62467110956259 13.000765071102796 -9.2
      vertex 9.73665379668843 12.862477969189941 -9.2
      vertex 9.73665379668843 12.862477969189941 -10
    endloop
  endfacet
  facet normal 0.7071067811865475 0.7071067811865475 -1.689181099091679e-18
    outer loop
      vertex 9.73665379668843 12.862477969189941 -9.2
      vertex 9.862477969189941 12.73665379668843 -9.2
      vertex 9.862477969189941 12.73665379668843 -10
    endloop
  endfacet
  facet normal 0.629320391049835 0.7771459614569729 1.9461492708181023e-18
    outer loop
      vertex 9.862477969189941 12.73665379668843 -9.2
      vertex 10.000765071102796 12.62467110956259 -9.2
      vertex 10.000765071102796 12.62467110956259 -10
    endloop
  endfacet
  facet normal 0.5446390350150235 0.8386705679454263 6.637777776079422e-19
    outer loop
      vertex 10.000765071102796 12.62467110956259 -9.2
      vertex 10.15 12.527756813566455 -9.2
      vertex 10.15 12.527756813566455 -10
    endloop
  endfacet
  facet normal 0.45399049973955313 0.8910065241883647 2.8098421213599896e-18
    outer loop
      vertex 10.15 12.527756813566455 -9.2
      vertex 10.30854770677114 12.446972722007578 -9.2
      vertex 10.30854770677114 12.446972722007578 -10
    endloop
  endfacet
  facet normal 0.358367949545296 0.9335804264972032 -3.4723533055546636e-18
    outer loop
      vertex 10.30854770677114 12.446972722007578 -9.2
      vertex 10.474671109562589 12.38320392229824 -9.2
      vertex 10.474671109562589 12.38320392229824 -10
    endloop
  endfacet
  facet normal 0.2588190451025269 0.9659258262890666 4.5858963716721275e-18
    outer loop
      vertex 10.474671109562589 12.38320392229824 -9.2
      vertex 10.646550125609808 12.33714907875253 -9.2
      vertex 10.646550125609808 12.33714907875253 -10
    endloop
  endfacet
  facet normal 0.15643446504022357 0.9876883405951388 2.7890393898083357e-18
    outer loop
      vertex 10.646550125609808 12.33714907875253 -9.2
      vertex 10.822301612444988 12.309312777873936 -9.2
      vertex 10.822301612444988 12.309312777873936 -10
    endloop
  endfacet
  facet normal 0.052335956242944466 0.9986295347545738 -3.7369651331045064e-19
    outer loop
      vertex 10.822301612444988 12.309312777873936 -9.2
      vertex 11 12.3 -9.2
      vertex 11 12.3 -10
    endloop
  endfacet
  facet normal -0.052335956242944466 0.9986295347545738 3.7369651331045064e-19
    outer loop
      vertex 11 12.3 -9.2
      vertex 11.177698387555012 12.309312777873936 -9.2
      vertex 11.177698387555012 12.309312777873936 -10
    endloop
  endfacet
  facet normal 0.9335804264972032 0.358367949545296 0
    outer loop
      vertex 9.38320392229824 13.474671109562589 -9.2
      vertex 9.446972722007578 13.30854770677114 -10
      vertex 9.38320392229824 13.474671109562589 -10
    endloop
  endfacet
  facet normal 0.8910065241883647 0.45399049973955313 0
    outer loop
      vertex 9.446972722007578 13.30854770677114 -9.2
      vertex 9.527756813566455 13.15 -10
      vertex 9.446972722007578 13.30854770677114 -10
    endloop
  endfacet
  facet normal 0.8386705679454263 0.5446390350150235 0
    outer loop
      vertex 9.527756813566455 13.15 -9.2
      vertex 9.62467110956259 13.000765071102796 -10
      vertex 9.527756813566455 13.15 -10
    endloop
  endfacet
  facet normal 0.7771459614569729 0.629320391049835 0
    outer loop
      vertex 9.62467110956259 13.000765071102796 -9.2
      vertex 9.73665379668843 12.862477969189941 -10
      vertex 9.62467110956259 13.000765071102796 -10
    endloop
  endfacet
  facet normal 0.7071067811865475 0.7071067811865475 0
    outer loop
      vertex 9.73665379668843 12.862477969189941 -9.2
      vertex 9.862477969189941 12.73665379668843 -10
      vertex 9.73665379668843 12.862477969189941 -10
    endloop
  endfacet
  facet normal 0.629320391049835 0.7771459614569729 0
    outer loop
      vertex 9.862477969189941 12.73665379668843 -9.2
      vertex 10.000765071102796 12.62467110956259 -10
      vertex 9.862477969189941 12.73665379668843 -10
    endloop
  endfacet
  facet normal 0.5446390350150235 0.8386705679454263 0
    outer loop
      vertex 10.000765071102796 12.62467110956259 -9.2
      vertex 10.15 12.527756813566455 -10
      vertex 10.000765071102796 12.62467110956259 -10
    endloop
  endfacet
  facet normal 0.45399049973955313 0.8910065241883647 0
    outer loop
      vertex 10.15 12.527756813566455 -9.2
      vertex 10.30854770677114 12.446972722007578 -10
      vertex 10.15 12.527756813566455 -10
    endloop
  endfacet
  facet normal 0 0 1
    outer loop
      vertex 9.33714907875253 13.646550125609808 -10
      vertex 12.678775424278285 13.747093480741079 -10
      vertex 9.321224575721715 13.747093480741079 -10
    endloop
  endfacet
  facet normal 0 0 1
    outer loop
      vertex 9.33714907875253 13.646550125609808 -10
      vertex 9.38320392229824 13.474671109562589 -10
      vertex 12.678775424278285 13.747093480741079 -10
    endloop
  endfacet
  facet normal 0 0 1
    outer loop
      vertex 9.38320392229824 13.474671109562589 -10
      vertex 9.446972722007578 13.30854770677114 -10
      vertex 12.678775424278285 13.747093480741079 -10
    endloop
  endfacet
  facet normal 0 0 1
    outer loop
      vertex 9.446972722007578 13.30854770677114 -10
      vertex 9.527756813566455 13.15 -10
      vertex 12.678775424278285 13.747093480741079 -10
    endloop
  endfacet
  facet normal 0 0 1
    outer loop
      vertex 9.527756813566455 13.15 -10
      vertex 9.62467110956259 13.000765071102796 -10
      vertex 12.678775424278285 13.747093480741079 -10
    endloop
  endfacet
  facet normal 0 0 1
    outer loop
      vertex 9.62467110956259 13.000765071102796 -10
      vertex 9.73665379668843 12.862477969189941 -10
      vertex 12.678775424278285 13.747093480741079 -10
    endloop
  endfacet
  facet normal 0 0 1
    outer loop
      vertex 9.73665379668843 12.862477969189941 -10
      vertex 9.862477969189941 12.73665379668843 -10
      vertex 12.678775424278285 13.747093480741079 -10
    endloop
  endfacet
  facet normal 0.358367949545296 0.9335804264972032 0
    outer loop
      vertex 10.30854770677114 12.446972722007578 -9.2
      vertex 10.474671109562589 12.38320392229824 -10
      vertex 10.30854770677114 12.446972722007578 -10
    endloop
  endfacet
  facet normal 0.2588190451025269 0.9659258262890666 0
    outer loop
      vertex 10.474671109562589 12.38320392229824 -9.2
      vertex 10.646550125609808 12.33714907875253 -10
      vertex 10.474671109562589 12.38320392229824 -10
    endloop
  endfacet
  facet normal 0.15643446504022357 0.9876883405951388 0
    outer loop
      vertex 10.646550125609808 12.33714907875253 -9.2
      vertex 10.822301612444988 12.309312777873936 -10
      vertex 10.646550125609808 12.33714907875253 -10
    endloop
  endfacet
  facet normal 0 0 1
    outer loop
      vertex 9.862477969189941 12.73665379668843 -10
      vertex 10.000765071102796 12.62467110956259 -10
      vertex 12.678775424278285 13.747093480741079 -10
    endloop
  endfacet
  facet normal 0 0 1
    outer loop
      vertex 10.000765071102796 12.62467110956259 -10
      vertex 10.15 12.527756813566455 -10
      vertex 12.678775424278285 13.747093480741079 -10
    endloop
  endfacet
  facet normal 0 0 1
    outer loop
      vertex 10.15 12.527756813566455 -10
      vertex 10.30854770677114 12.446972722007578 -10
      vertex 12.678775424278285 13.747093480741079 -10
    endloop
  endfacet
  facet normal 0 0 1
    outer loop
      vertex 10.30854770677114 12.446972722007578 -10
      vertex 10.474671109562589 12.38320392229824 -10
      vertex 12.678775424278285 13.747093480741079 -10
    endloop
  endfacet
  facet normal 0.052335956242944466 0.9986295347545738 0
    outer loop
      vertex 10.822301612444988 12.309312777873936 -9.2
      vertex 11 12.3 -10
      vertex 10.822301612444988 12.309312777873936 -10
    endloop
  endfacet
  facet normal -0.052335956242944466 0.9986295347545738 0
    outer loop
      vertex 11 12.3 -9.2
      vertex 11.177698387555012 12.309312777873936 -10
      vertex 11 12.3 -10
    endloop
  endfacet
  facet normal -0.15643446504022357 0.9876883405951388 0
    outer loop
      vertex 11.177698387555012 12.309312777873936 -9.2
      vertex 11.353449874390192 12.33714907875253 -10
      vertex 11.177698387555012 12.309312777873936 -10
    endloop
  endfacet
  facet normal -0.15643446504022357 0.9876883405951388 -2.7890393898083357e-18
    outer loop
      vertex 11.177698387555012 12.309312777873936 -9.2
      vertex 11.353449874390192 12.33714907875253 -9.2
      vertex 11.353449874390192 12.33714907875253 -10
    endloop
  endfacet
  facet normal -0.2588190451025269 0.9659258262890666 -4.5858963716721275e-18
    outer loop
      vertex 11.353449874390192 12.33714907875253 -9.2
      vertex 11.525328890437411 12.38320392229824 -9.2
      vertex 11.525328890437411 12.38320392229824 -10
    endloop
  endfacet
  facet normal -0.358367949545296 0.9335804264972032 3.4723533055546636e-18
    outer loop
      vertex 11.525328890437411 12.38320392229824 -9.2
      vertex 11.69145229322886 12.446972722007578 -9.2
      vertex 11.69145229322886 12.446972722007578 -10
    endloop
  endfacet
  facet normal -0.45399049973955313 0.8910065241883647 0
    outer loop
      vertex 11.85 12.527756813566455 -9.2
      vertex 11.85 12.527756813566455 -10
      vertex 11.69145229322886 12.446972722007578 -9.2
    endloop
  endfacet
  facet normal -0.5446390350150235 0.8386705679454263 -6.637777776079422e-19
    outer loop
      vertex 11.85 12.527756813566455 -9.2
      vertex 11.999234928897204 12.62467110956259 -9.2
      vertex 11.999234928897204 12.62467110956259 -10
    endloop
  endfacet
  facet normal -0.629320391049835 0.7771459614569729 -1.9461492708181023e-18
    outer loop
      vertex 11.999234928897204 12.62467110956259 -9.2
      vertex 12.137522030810059 12.73665379668843 -9.2
      vertex 12.137522030810059 12.73665379668843 -10
    endloop
  endfacet
  facet normal -0.9659258262890666 0.2588190451025269 0
    outer loop
      vertex 12.66285092124747 13.646550125609808 -9.2
      vertex 12.66285092124747 13.646550125609808 -10
      vertex 12.61679607770176 13.474671109562589 -9.2
    endloop
  endfacet
  facet normal -0.9335804264972032 0.358367949545296 3.4723533055546636e-18
    outer loop
      vertex 12.553027277992422 13.30854770677114 -9.2
      vertex 12.61679607770176 13.474671109562589 -9.2
      vertex 12.61679607770176 13.474671109562589 -10
    endloop
  endfacet
  facet normal -0.8910065241883647 0.45399049973955313 -2.8098421213599896e-18
    outer loop
      vertex 12.472243186433545 13.15 -9.2
      vertex 12.553027277992422 13.30854770677114 -9.2
      vertex 12.553027277992422 13.30854770677114 -10
    endloop
  endfacet
  facet normal -0.8386705679454263 0.5446390350150235 0
    outer loop
      vertex 12.472243186433545 13.15 -9.2
      vertex 12.472243186433545 13.15 -10
      vertex 12.37532889043741 13.000765071102796 -9.2
    endloop
  endfacet
  facet normal -0.9876883405951398 -0.15643446504021788 0
    outer loop
      vertex 12.690687222126064 14.177698387555012 -9.2
      vertex 12.67640915601392 14.2678465490972 -9.2
      vertex 12.690687222126064 14.177698387555012 -9.338815995511114
    endloop
  endfacet
  facet normal -0.9986295347545739 -0.05233595624294447 0
    outer loop
      vertex 12.690687222126064 14.177698387555012 -9.2
      vertex 12.690687222126064 14.177698387555012 -9.338815995511114
      vertex 12.7 14 -9.2
    endloop
  endfacet
  facet normal -0.9986295347545738 -0.05233595624294446 0
    outer loop
      vertex 12.7 14 -9.2
      vertex 12.690687222126064 14.177698387555012 -9.338815995511114
      vertex 12.7 14 -9.61244751663342
    endloop
  endfacet
  facet normal -0.9986295347545738 0.05233595624294446 0
    outer loop
      vertex 12.7 14 -9.2
      vertex 12.7 14 -9.61244751663342
      vertex 12.690687222126064 13.822301612444988 -9.2
    endloop
  endfacet
  facet normal -0.9876883405951389 0.15643446504022357 0
    outer loop
      vertex 12.690687222126064 13.822301612444988 -9.2
      vertex 12.690687222126064 13.822301612444988 -9.886079037755728
      vertex 12.66285092124747 13.646550125609808 -9.2
    endloop
  endfacet
  facet normal -0.7071067811865475 0.7071067811865475 0
    outer loop
      vertex 12.26334620331157 12.862477969189941 -9.2
      vertex 12.26334620331157 12.862477969189941 -10
      vertex 12.137522030810059 12.73665379668843 -9.2
    endloop
  endfacet
  facet normal -0.7771459614569729 0.629320391049835 -1.9461492708181023e-18
    outer loop
      vertex 12.26334620331157 12.862477969189941 -9.2
      vertex 12.37532889043741 13.000765071102796 -9.2
      vertex 12.37532889043741 13.000765071102796 -10
    endloop
  endfacet
  facet normal 0 0 1
    outer loop
      vertex 10.474671109562589 12.38320392229824 -10
      vertex 10.646550125609808 12.33714907875253 -10
      vertex 12.678775424278285 13.747093480741079 -10
    endloop
  endfacet
  facet normal 0 0 1
    outer loop
      vertex 10.646550125609808 12.33714907875253 -10
      vertex 10.822301612444988 12.309312777873936 -10
      vertex 12.678775424278285 13.747093480741079 -10
    endloop
  endfacet
  facet normal 0 0 1
    outer loop
      vertex 10.822301612444988 12.309312777873936 -10
      vertex 11 12.3 -10
      vertex 12.678775424278285 13.747093480741079 -10
    endloop
  endfacet
  facet normal 0 0 1
    outer loop
      vertex 11 12.3 -10
      vertex 11.177698387555012 12.309312777873936 -10
      vertex 12.678775424278285 13.747093480741079 -10
    endloop
  endfacet
  facet normal -0.2588190451025269 0.9659258262890666 0
    outer loop
      vertex 11.353449874390192 12.33714907875253 -9.2
      vertex 11.525328890437411 12.38320392229824 -10
      vertex 11.353449874390192 12.33714907875253 -10
    endloop
  endfacet
  facet normal -0.358367949545296 0.9335804264972032 0
    outer loop
      vertex 11.525328890437411 12.38320392229824 -9.2
      vertex 11.69145229322886 12.446972722007578 -10
      vertex 11.525328890437411 12.38320392229824 -10
    endloop
  endfacet
  facet normal -0.45399049973955313 0.8910065241883647 0
    outer loop
      vertex 11.69145229322886 12.446972722007578 -9.2
      vertex 11.85 12.527756813566455 -10
      vertex 11.69145229322886 12.446972722007578 -10
    endloop
  endfacet
  facet normal -0.5446390350150235 0.8386705679454263 0
    outer loop
      vertex 11.85 12.527756813566455 -9.2
      vertex 11.999234928897204 12.62467110956259 -10
      vertex 11.85 12.527756813566455 -10
    endloop
  endfacet
  facet normal -0.7071067811865475 0.7071067811865475 0
    outer loop
      vertex 12.137522030810059 12.73665379668843 -9.2
      vertex 12.26334620331157 12.862477969189941 -10
      vertex 12.137522030810059 12.73665379668843 -10
    endloop
  endfacet
  facet normal -0.629320391049835 0.7771459614569729 0
    outer loop
      vertex 11.999234928897204 12.62467110956259 -9.2
      vertex 12.137522030810059 12.73665379668843 -10
      vertex 11.999234928897204 12.62467110956259 -10
    endloop
  endfacet
  facet normal 0 0 1
    outer loop
      vertex 11.177698387555012 12.309312777873936 -10
      vertex 11.353449874390192 12.33714907875253 -10
      vertex 12.678775424278285 13.747093480741079 -10
    endloop
  endfacet
  facet normal 0 0 1
    outer loop
      vertex 11.353449874390192 12.33714907875253 -10
      vertex 11.525328890437411 12.38320392229824 -10
      vertex 12.678775424278285 13.747093480741079 -10
    endloop
  endfacet
  facet normal 0 0 1
    outer loop
      vertex 11.525328890437411 12.38320392229824 -10
      vertex 11.69145229322886 12.446972722007578 -10
      vertex 12.678775424278285 13.747093480741079 -10
    endloop
  endfacet
  facet normal 0 0 1
    outer loop
      vertex 11.85 12.527756813566455 -10
      vertex 11.999234928897204 12.62467110956259 -10
      vertex 12.678775424278285 13.747093480741079 -10
    endloop
  endfacet
  facet normal 0 0 1
    outer loop
      vertex 11.85 12.527756813566455 -10
      vertex 12.678775424278285 13.747093480741079 -10
      vertex 11.69145229322886 12.446972722007578 -10
    endloop
  endfacet
  facet normal -0.9659258262890666 0.2588190451025269 0
    outer loop
      vertex 12.61679607770176 13.474671109562589 -9.2
      vertex 12.66285092124747 13.646550125609808 -10
      vertex 12.61679607770176 13.474671109562589 -10
    endloop
  endfacet
  facet normal -0.9335804264972032 0.358367949545296 0
    outer loop
      vertex 12.553027277992422 13.30854770677114 -9.2
      vertex 12.61679607770176 13.474671109562589 -10
      vertex 12.553027277992422 13.30854770677114 -10
    endloop
  endfacet
  facet normal -0.8910065241883647 0.45399049973955313 0
    outer loop
      vertex 12.472243186433545 13.15 -9.2
      vertex 12.553027277992422 13.30854770677114 -10
      vertex 12.472243186433545 13.15 -10
    endloop
  endfacet
  facet normal 0 0 1
    outer loop
      vertex 12.26334620331157 12.862477969189941 -10
      vertex 12.678775424278285 13.747093480741079 -10
      vertex 12.137522030810059 12.73665379668843 -10
    endloop
  endfacet
  facet normal 0 0 1
    outer loop
      vertex 12.66285092124747 13.646550125609808 -10
      vertex 12.678775424278285 13.747093480741079 -10
      vertex 12.61679607770176 13.474671109562589 -10
    endloop
  endfacet
  facet normal 0 0 1
    outer loop
      vertex 12.553027277992422 13.30854770677114 -10
      vertex 12.61679607770176 13.474671109562589 -10
      vertex 12.678775424278285 13.747093480741079 -10
    endloop
  endfacet
  facet normal 0 0 1
    outer loop
      vertex 12.472243186433545 13.15 -10
      vertex 12.553027277992422 13.30854770677114 -10
      vertex 12.678775424278285 13.747093480741079 -10
    endloop
  endfacet
  facet normal 0 0 1
    outer loop
      vertex 12.472243186433545 13.15 -10
      vertex 12.678775424278285 13.747093480741079 -10
      vertex 12.37532889043741 13.000765071102796 -10
    endloop
  endfacet
  facet normal 0 0 1
    outer loop
      vertex 12.26334620331157 12.862477969189941 -10
      vertex 12.37532889043741 13.000765071102796 -10
      vertex 12.678775424278285 13.747093480741079 -10
    endloop
  endfacet
  facet normal -0.9986295347545738 0.052335956242944466 0
    outer loop
      vertex 12.690687222126064 13.822301612444988 -9.2
      vertex 12.7 14 -9.61244751663342
      vertex 12.690687222126064 13.822301612444988 -9.886079037755728
    endloop
  endfacet
  facet normal -0.9876883405951377 0.15643446504023134 2.038704248336963e-15
    outer loop
      vertex 12.66285092124747 13.646550125609808 -9.2
      vertex 12.690687222126064 13.822301612444988 -9.886079037755728
      vertex 12.679756682982976 13.753288904374106 -9.992349288972044
    endloop
  endfacet
  facet normal -0.9876883405951282 0.1564344650402916 1.0358656656769534e-14
    outer loop
      vertex 12.66285092124747 13.646550125609808 -9.2
      vertex 12.679756682982976 13.753288904374106 -9.992349288972044
      vertex 12.678775424278285 13.747093480741079 -10
    endloop
  endfacet
  facet normal -0.9876883405951408 0.15643446504021116 0
    outer loop
      vertex 12.66285092124747 13.646550125609808 -9.2
      vertex 12.678775424278285 13.747093480741079 -10
      vertex 12.66285092124747 13.646550125609808 -10
    endloop
  endfacet
  facet normal -0.7771459614569729 0.629320391049835 0
    outer loop
      vertex 12.26334620331157 12.862477969189941 -9.2
      vertex 12.37532889043741 13.000765071102796 -10
      vertex 12.26334620331157 12.862477969189941 -10
    endloop
  endfacet
  facet normal -0.8386705679454263 0.5446390350150235 0
    outer loop
      vertex 12.37532889043741 13.000765071102796 -9.2
      vertex 12.472243186433545 13.15 -10
      vertex 12.37532889043741 13.000765071102796 -10
    endloop
  endfacet
  facet normal 0 0 1
    outer loop
      vertex 11.999234928897204 12.62467110956259 -10
      vertex 12.137522030810059 12.73665379668843 -10
      vertex 12.678775424278285 13.747093480741079 -10
    endloop
  endfacet
  facet normal 0 0 -1
    outer loop
      vertex 8.146830451114539 14.927050983124841 -1.2
      vertex 8.259363627072197 15.220209929227401 -1.2
      vertex 8.198973909031505 12.93711066486035 -1.2
    endloop
  endfacet
  facet normal 0 0 -1
    outer loop
      vertex 8.401923788646684 15.5 -1.2
      vertex 8.198973909031505 12.93711066486035 -1.2
      vertex 8.259363627072197 15.220209929227401 -1.2
    endloop
  endfacet
  facet normal 0 0 -1
    outer loop
      vertex 8.401923788646684 15.5 -1.2
      vertex 8.572949016875157 15.76335575687742 -1.2
      vertex 8.198973909031505 12.93711066486035 -1.2
    endloop
  endfacet
  facet normal 0 0 -1
    outer loop
      vertex 8.572949016875157 15.76335575687742 -1.2
      vertex 8.770565523567818 16.007391819076574 -1.2
      vertex 8.198973909031505 12.93711066486035 -1.2
    endloop
  endfacet
  facet normal 0 0 -1
    outer loop
      vertex 8.770565523567818 16.007391819076574 -1.2
      vertex 8.992608180923426 16.229434476432182 -1.2
      vertex 8.198973909031505 12.93711066486035 -1.2
    endloop
  endfacet
  facet normal 0 0 -1
    outer loop
      vertex 8.992608180923426 16.229434476432182 -1.2
      vertex 9.23664424312258 16.427050983124843 -1.2
      vertex 8.198973909031505 12.93711066486035 -1.2
    endloop
  endfacet
  facet normal 0 0 -1
    outer loop
      vertex 9.23664424312258 16.427050983124843 -1.2
      vertex 9.446972722007578 14.69145229322886 -1.2
      vertex 9.38320392229824 14.525328890437411 -1.2
    endloop
  endfacet
  facet normal 0 0 -1
    outer loop
      vertex 9.23664424312258 16.427050983124843 -1.2
      vertex 9.38320392229824 14.525328890437411 -1.2
      vertex 9.33714907875253 14.353449874390192 -1.2
    endloop
  endfacet
  facet normal 0 0 -1
    outer loop
      vertex 9.23664424312258 16.427050983124843 -1.2
      vertex 9.33714907875253 14.353449874390192 -1.2
      vertex 9.309312777873936 14.177698387555012 -1.2
    endloop
  endfacet
  facet normal 0 0 -1
    outer loop
      vertex 9.23664424312258 16.427050983124843 -1.2
      vertex 9.309312777873936 14.177698387555012 -1.2
      vertex 9.3 14 -1.2
    endloop
  endfacet
  facet normal 0 0 -1
    outer loop
      vertex 9.23664424312258 16.427050983124843 -1.2
      vertex 9.3 14 -1.2
      vertex 8.198973909031505 12.93711066486035 -1.2
    endloop
  endfacet
  facet normal 0 0 -1
    outer loop
      vertex 9.5 16.598076211353316 -1.2
      vertex 9.779790070772599 16.740636372927803 -1.2
      vertex 9.73665379668843 15.137522030810059 -1.2
    endloop
  endfacet
  facet normal 0 0 -1
    outer loop
      vertex 9.5 16.598076211353316 -1.2
      vertex 9.446972722007578 14.69145229322886 -1.2
      vertex 9.23664424312258 16.427050983124843 -1.2
    endloop
  endfacet
  facet normal 0 0 -1
    outer loop
      vertex 9.5 16.598076211353316 -1.2
      vertex 9.62467110956259 14.999234928897204 -1.2
      vertex 9.527756813566455 14.85 -1.2
    endloop
  endfacet
  facet normal 0 0 -1
    outer loop
      vertex 9.5 16.598076211353316 -1.2
      vertex 9.73665379668843 15.137522030810059 -1.2
      vertex 9.62467110956259 14.999234928897204 -1.2
    endloop
  endfacet
  facet normal 0 0 -1
    outer loop
      vertex 9.779790070772599 16.740636372927803 -1.2
      vertex 9.862477969189941 15.26334620331157 -1.2
      vertex 9.73665379668843 15.137522030810059 -1.2
    endloop
  endfacet
  facet normal 0 0 -1
    outer loop
      vertex 9.779790070772599 16.740636372927803 -1.2
      vertex 10.072949016875159 16.85316954888546 -1.2
      vertex 10.000765071102796 15.37532889043741 -1.2
    endloop
  endfacet
  facet normal 0 0 -1
    outer loop
      vertex 10.072949016875159 16.85316954888546 -1.2
      vertex 10.376264927546721 16.934442802201417 -1.2
      vertex 10.30854770677114 15.553027277992422 -1.2
    endloop
  endfacet
  facet normal 0 0 -1
    outer loop
      vertex 9.779790070772599 16.740636372927803 -1.2
      vertex 10.000765071102796 15.37532889043741 -1.2
      vertex 9.862477969189941 15.26334620331157 -1.2
    endloop
  endfacet
  facet normal 0 0 -1
    outer loop
      vertex 10.072949016875159 16.85316954888546 -1.2
      vertex 10.15 15.472243186433545 -1.2
      vertex 10.000765071102796 15.37532889043741 -1.2
    endloop
  endfacet
  facet normal 0 0 -1
    outer loop
      vertex 10.072949016875159 16.85316954888546 -1.2
      vertex 10.30854770677114 15.553027277992422 -1.2
      vertex 10.15 15.472243186433545 -1.2
    endloop
  endfacet
  facet normal 0 0 -1
    outer loop
      vertex 9.5 16.598076211353316 -1.2
      vertex 9.527756813566455 14.85 -1.2
      vertex 9.446972722007578 14.69145229322886 -1.2
    endloop
  endfacet
  facet normal 0 0 -1
    outer loop
      vertex 10.376264927546721 16.934442802201417 -1.2
      vertex 10.474671109562589 15.61679607770176 -1.2
      vertex 10.30854770677114 15.553027277992422 -1.2
    endloop
  endfacet
  facet normal 0 0 -1
    outer loop
      vertex 10.376264927546721 16.934442802201417 -1.2
      vertex 10.646550125609808 15.66285092124747 -1.2
      vertex 10.474671109562589 15.61679607770176 -1.2
    endloop
  endfacet
  facet normal 0 0 -1
    outer loop
      vertex 10.376264927546721 16.934442802201417 -1.2
      vertex 10.686414610197039 16.983565686104818 -1.2
      vertex 10.646550125609808 15.66285092124747 -1.2
    endloop
  endfacet
  facet normal 0 0 -1
    outer loop
      vertex 10.646550125609808 15.66285092124747 -1.2
      vertex 10.686414610197039 16.983565686104818 -1.2
      vertex 10.822301612444988 15.690687222126064 -1.2
    endloop
  endfacet
  facet normal 0 0 -1
    outer loop
      vertex 10.686414610197039 16.983565686104818 -1.2
      vertex 11 17 -1.2
      vertex 10.822301612444988 15.690687222126064 -1.2
    endloop
  endfacet
  facet normal 0 0 -1
    outer loop
      vertex 11 17 -1.2
      vertex 11 15.7 -1.2
      vertex 10.822301612444988 15.690687222126064 -1.2
    endloop
  endfacet
  facet normal 0 0 -1
    outer loop
      vertex 11 17 -1.2
      vertex 11.313585389802961 16.983565686104818 -1.2
      vertex 11 15.7 -1.2
    endloop
  endfacet
  facet normal 0 0 -1
    outer loop
      vertex 11.313585389802961 16.983565686104818 -1.2
      vertex 11.177698387555012 15.690687222126064 -1.2
      vertex 11 15.7 -1.2
    endloop
  endfacet
  facet normal 0.6293203910498428 -0.7771459614569665 -8.848362531527111e-17
    outer loop
      vertex 8.992608180923426 16.229434476432182 -1.2
      vertex 9.165950020754428 16.369803930611976 -4.5
      vertex 9.23664424312258 16.427050983124843 -1.2
    endloop
  endfacet
  facet normal 0.544639035015024 -0.8386705679454259 2.1386056475212775e-18
    outer loop
      vertex 9.5 16.598076211353316 -1.2
      vertex 9.23664424312258 16.427050983124843 -1.2
      vertex 9.23664424312258 16.427050983124843 -4.5
    endloop
  endfacet
  facet normal 0.7071067811865476 -0.7071067811865476 0
    outer loop
      vertex 8.770565523567818 16.007391819076574 -1.2
      vertex 8.770565523567818 16.007391819076574 -5.671585340835575
      vertex 8.992608180923426 16.229434476432182 -1.2
    endloop
  endfacet
  facet normal 0.7771459614569665 -0.6293203910498428 0
    outer loop
      vertex 8.572949016875157 15.76335575687742 -1.2
      vertex 8.572949016875157 15.76335575687742 -6.307321017861528
      vertex 8.770565523567818 16.007391819076574 -1.2
    endloop
  endfacet
  facet normal 0.838670567945426 -0.5446390350150241 -1.0018030126183336e-16
    outer loop
      vertex 8.401923788646684 15.5 -1.2
      vertex 8.421583161796665 15.530272779924214 -6.9145229322886035
      vertex 8.572949016875157 15.76335575687742 -1.2
    endloop
  endfacet
  facet normal 0.8910065241883673 -0.4539904997395476 1.3071359456990573e-18
    outer loop
      vertex 8.401923788646684 15.5 -1.2
      vertex 8.259363627072197 15.220209929227401 -1.2
      vertex 8.259363627072197 15.220209929227401 -7.5230555404330435
    endloop
  endfacet
  facet normal 0.9335804264972022 -0.3583679495452991 0
    outer loop
      vertex 8.146830451114539 14.927050983124841 -1.2
      vertex 8.146830451114539 14.927050983124841 -8.09841236783675
      vertex 8.259363627072197 15.220209929227401 -1.2
    endloop
  endfacet
  facet normal 0.9659258262890679 -0.25881904510252185 2.0893814645531265e-19
    outer loop
      vertex 8.146830451114539 14.927050983124841 -1.2
      vertex 8.065557197798583 14.623735072453279 -1.2
      vertex 8.065557197798583 14.623735072453279 -8.651979731860266
    endloop
  endfacet
  facet normal 0.9876883405951379 -0.15643446504022923 -7.695272629013741e-20
    outer loop
      vertex 8.065557197798583 14.623735072453279 -1.2
      vertex 8.01643431389518 14.313585389802961 -1.2
      vertex 8.01643431389518 14.313585389802961 -9.129568361711701
    endloop
  endfacet
  facet normal 0.6293203910498405 -0.7771459614569683 0
    outer loop
      vertex 9.23664424312258 16.427050983124843 -1.2
      vertex 9.165950020754428 16.369803930611976 -4.5
      vertex 9.23664424312258 16.427050983124843 -4.5
    endloop
  endfacet
  facet normal 0.6293203910498439 -0.7771459614569657 0
    outer loop
      vertex 8.992608180923426 16.229434476432182 -1.2
      vertex 8.992608180923426 16.229434476432182 -5.023865934829699
      vertex 9.165950020754428 16.369803930611976 -4.5
    endloop
  endfacet
  facet normal 0.7071067811865475 -0.7071067811865475 0
    outer loop
      vertex 8.992608180923426 16.229434476432182 -1.2
      vertex 8.770565523567818 16.007391819076574 -5.671585340835575
      vertex 8.992608180923426 16.229434476432182 -5.023865934829699
    endloop
  endfacet
  facet normal 0.4539904997395475 -0.8910065241883673 0
    outer loop
      vertex 9.5 16.598076211353316 -1.2
      vertex 9.5 16.598076211353316 -4.5
      vertex 9.779790070772599 16.740636372927803 -1.2
    endloop
  endfacet
  facet normal 0.3583679495452991 -0.9335804264972021 0
    outer loop
      vertex 9.779790070772599 16.740636372927803 -1.2
      vertex 9.779790070772599 16.740636372927803 -4.5
      vertex 10.072949016875159 16.85316954888546 -1.2
    endloop
  endfacet
  facet normal 0.2588190451025219 -0.965925826289068 0
    outer loop
      vertex 10.072949016875159 16.85316954888546 -1.2
      vertex 10.072949016875159 16.85316954888546 -4.5
      vertex 10.376264927546721 16.934442802201417 -1.2
    endloop
  endfacet
  facet normal 0.15643446504022376 -0.9876883405951389 0
    outer loop
      vertex 10.376264927546721 16.934442802201417 -1.2
      vertex 10.376264927546721 16.934442802201417 -4.5
      vertex 10.686414610197039 16.983565686104818 -1.2
    endloop
  endfacet
  facet normal 0.052335956242950496 -0.9986295347545735 0
    outer loop
      vertex 10.686414610197039 16.983565686104818 -1.2
      vertex 10.686414610197039 16.983565686104818 -4.5
      vertex 11 17 -1.2
    endloop
  endfacet
  facet normal -0.052335956242950496 -0.9986295347545735 0
    outer loop
      vertex 11 17 -1.2
      vertex 11 17 -4.5
      vertex 11.313585389802961 16.983565686104818 -1.2
    endloop
  endfacet
  facet normal 0.4539904997395475 -0.8910065241883673 0
    outer loop
      vertex 9.779790070772599 16.740636372927803 -1.2
      vertex 9.5 16.598076211353316 -4.5
      vertex 9.779790070772599 16.740636372927803 -4.5
    endloop
  endfacet
  facet normal 0.3583679495452991 -0.9335804264972021 0
    outer loop
      vertex 10.072949016875159 16.85316954888546 -1.2
      vertex 9.779790070772599 16.740636372927803 -4.5
      vertex 10.072949016875159 16.85316954888546 -4.5
    endloop
  endfacet
  facet normal 0.2588190451025219 -0.965925826289068 0
    outer loop
      vertex 10.376264927546721 16.934442802201417 -1.2
      vertex 10.072949016875159 16.85316954888546 -4.5
      vertex 10.376264927546721 16.934442802201417 -4.5
    endloop
  endfacet
  facet normal 0.15643446504022376 -0.9876883405951389 0
    outer loop
      vertex 10.686414610197039 16.983565686104818 -1.2
      vertex 10.376264927546721 16.934442802201417 -4.5
      vertex 10.686414610197039 16.983565686104818 -4.5
    endloop
  endfacet
  facet normal 0.052335956242950496 -0.9986295347545735 0
    outer loop
      vertex 11 17 -1.2
      vertex 10.686414610197039 16.983565686104818 -4.5
      vertex 11 17 -4.5
    endloop
  endfacet
  facet normal -0.052335956242950496 -0.9986295347545735 0
    outer loop
      vertex 11.313585389802961 16.983565686104818 -1.2
      vertex 11 17 -4.5
      vertex 11.313585389802961 16.983565686104818 -4.5
    endloop
  endfacet
  facet normal 0.544639035015024 -0.8386705679454259 0
    outer loop
      vertex 9.5 16.598076211353316 -1.2
      vertex 9.23664424312258 16.427050983124843 -4.5
      vertex 9.5 16.598076211353316 -4.5
    endloop
  endfacet
  facet normal 0 0 -1
    outer loop
      vertex 8.065557197798583 14.623735072453279 -1.2
      vertex 8.065557197798583 13.376264927546721 -1.2
      vertex 8.01643431389518 14.313585389802961 -1.2
    endloop
  endfacet
  facet normal 0 0 -1
    outer loop
      vertex 8.01643431389518 14.313585389802961 -1.2
      vertex 8.01643431389518 13.686414610197039 -1.2
      vertex 8 14 -1.2
    endloop
  endfacet
  facet normal 0 0 -1
    outer loop
      vertex 8.146830451114539 14.927050983124841 -1.2
      vertex 8.146830451114539 13.072949016875159 -1.2
      vertex 8.065557197798583 14.623735072453279 -1.2
    endloop
  endfacet
  facet normal 0 0 -1
    outer loop
      vertex 8.01643431389518 14.313585389802961 -1.2
      vertex 8.065557197798583 13.376264927546721 -1.2
      vertex 8.01643431389518 13.686414610197039 -1.2
    endloop
  endfacet
  facet normal 0 0 -1
    outer loop
      vertex 8.065557197798583 14.623735072453279 -1.2
      vertex 8.146830451114539 13.072949016875159 -1.2
      vertex 8.065557197798583 13.376264927546721 -1.2
    endloop
  endfacet
  facet normal 0 0 -1
    outer loop
      vertex 8.146830451114539 14.927050983124841 -1.2
      vertex 8.198973909031505 12.93711066486035 -1.2
      vertex 8.146830451114539 13.072949016875159 -1.2
    endloop
  endfacet
  facet normal 0.9335804264972011 0.358367949545302 -4.496070008569419e-15
    outer loop
      vertex 8.146830451114539 13.072949016875159 -1.2
      vertex 8.198973909031505 12.93711066486035 -1.2
      vertex 8.202169970611754 12.928784639787553 -1.3588700224794952
    endloop
  endfacet
  facet normal 0 0 -1
    outer loop
      vertex 8.198973909031505 12.93711066486035 -1.2
      vertex 9.3 14 -1.2
      vertex 9.309312777873936 13.822301612444988 -1.2
    endloop
  endfacet
  facet normal 0 0 -1
    outer loop
      vertex 8.198973909031505 12.93711066486035 -1.2
      vertex 9.309312777873936 13.822301612444988 -1.2
      vertex 9.33714907875253 13.646550125609808 -1.2
    endloop
  endfacet
  facet normal 0 0 -1
    outer loop
      vertex 8.198973909031505 12.93711066486035 -1.2
      vertex 9.33714907875253 13.646550125609808 -1.2
      vertex 9.38320392229824 13.474671109562589 -1.2
    endloop
  endfacet
  facet normal 0 0 -1
    outer loop
      vertex 8.198973909031505 12.93711066486035 -1.2
      vertex 9.38320392229824 13.474671109562589 -1.2
      vertex 9.446972722007578 13.30854770677114 -1.2
    endloop
  endfacet
  facet normal 0 0 -1
    outer loop
      vertex 8.198973909031505 12.93711066486035 -1.2
      vertex 9.446972722007578 13.30854770677114 -1.2
      vertex 9.527756813566455 13.15 -1.2
    endloop
  endfacet
  facet normal 0 0 -1
    outer loop
      vertex 8.198973909031505 12.93711066486035 -1.2
      vertex 9.527756813566455 13.15 -1.2
      vertex 9.62467110956259 13.000765071102796 -1.2
    endloop
  endfacet
  facet normal 0 0 -1
    outer loop
      vertex 8.198973909031505 12.93711066486035 -1.2
      vertex 9.62467110956259 13.000765071102796 -1.2
      vertex 9.67621743138023 12.93711066486035 -1.2
    endloop
  endfacet
  facet normal 0.9986295347545737 -0.05233595624294484 6.864374739997764e-20
    outer loop
      vertex 8.01643431389518 14.313585389802961 -1.2
      vertex 8 14 -1.2
      vertex 8 14 -9.2
    endloop
  endfacet
  facet normal 0.9986295347545737 0.05233595624294484 -6.864374739997764e-20
    outer loop
      vertex 8 14 -1.2
      vertex 8.01643431389518 13.686414610197039 -1.2
      vertex 8.01643431389518 13.686414610197039 -9.2
    endloop
  endfacet
  facet normal 0.987688340595138 0.15643446504022926 7.627523796721676e-20
    outer loop
      vertex 8.01643431389518 13.686414610197039 -1.2
      vertex 8.065557197798583 13.376264927546721 -1.2
      vertex 8.065557197798583 13.376264927546721 -9.2
    endloop
  endfacet
  facet normal 0.965925826289068 0.2588190451025219 -1.9462535407468027e-19
    outer loop
      vertex 8.065557197798583 13.376264927546721 -1.2
      vertex 8.146830451114539 13.072949016875159 -1.2
      vertex 8.146830451114539 13.072949016875159 -9.2
    endloop
  endfacet
  facet normal 0.9335804264972027 0.3583679495452976 6.538861121105091e-17
    outer loop
      vertex 8.146830451114539 13.072949016875159 -1.2
      vertex 8.202169970611754 12.928784639787553 -1.3588700224794952
      vertex 8.259363627072197 12.779790070772599 -9.2
    endloop
  endfacet
  facet normal 0 0 -1
    outer loop
      vertex 11.313585389802961 16.983565686104818 -1.2
      vertex 11.623735072453279 16.934442802201417 -1.2
      vertex 11.353449874390192 15.66285092124747 -1.2
    endloop
  endfacet
  facet normal 0 0 -1
    outer loop
      vertex 11.313585389802961 16.983565686104818 -1.2
      vertex 11.353449874390192 15.66285092124747 -1.2
      vertex 11.177698387555012 15.690687222126064 -1.2
    endloop
  endfacet
  facet normal 0 0 -1
    outer loop
      vertex 11.623735072453279 16.934442802201417 -1.2
      vertex 11.525328890437411 15.61679607770176 -1.2
      vertex 11.353449874390192 15.66285092124747 -1.2
    endloop
  endfacet
  facet normal 0 0 -1
    outer loop
      vertex 11.623735072453279 16.934442802201417 -1.2
      vertex 11.69145229322886 15.553027277992422 -1.2
      vertex 11.525328890437411 15.61679607770176 -1.2
    endloop
  endfacet
  facet normal 0 0 -1
    outer loop
      vertex 11.623735072453279 16.934442802201417 -1.2
      vertex 11.927050983124841 16.85316954888546 -1.2
      vertex 11.69145229322886 15.553027277992422 -1.2
    endloop
  endfacet
  facet normal 0 0 -1
    outer loop
      vertex 11.927050983124841 16.85316954888546 -1.2
      vertex 12.220209929227401 16.740636372927803 -1.2
      vertex 11.999234928897204 15.37532889043741 -1.2
    endloop
  endfacet
  facet normal 0 0 -1
    outer loop
      vertex 11.927050983124841 16.85316954888546 -1.2
      vertex 11.85 15.472243186433545 -1.2
      vertex 11.69145229322886 15.553027277992422 -1.2
    endloop
  endfacet
  facet normal 0 0 -1
    outer loop
      vertex 11.927050983124841 16.85316954888546 -1.2
      vertex 11.999234928897204 15.37532889043741 -1.2
      vertex 11.85 15.472243186433545 -1.2
    endloop
  endfacet
  facet normal 0 0 -1
    outer loop
      vertex 12.220209929227401 16.740636372927803 -1.2
      vertex 12.137522030810059 15.26334620331157 -1.2
      vertex 11.999234928897204 15.37532889043741 -1.2
    endloop
  endfacet
  facet normal 0 0 -1
    outer loop
      vertex 12.220209929227401 16.740636372927803 -1.2
      vertex 12.5 16.598076211353316 -1.2
      vertex 12.26334620331157 15.137522030810059 -1.2
    endloop
  endfacet
  facet normal 0 0 -1
    outer loop
      vertex 12.220209929227401 16.740636372927803 -1.2
      vertex 12.26334620331157 15.137522030810059 -1.2
      vertex 12.137522030810059 15.26334620331157 -1.2
    endloop
  endfacet
  facet normal 0 0 -1
    outer loop
      vertex 12.5 16.598076211353316 -1.2
      vertex 12.37532889043741 14.999234928897204 -1.2
      vertex 12.26334620331157 15.137522030810059 -1.2
    endloop
  endfacet
  facet normal 0 0 -1
    outer loop
      vertex 12.5 16.598076211353316 -1.2
      vertex 12.76335575687742 16.427050983124843 -1.2
      vertex 12.553027277992422 14.69145229322886 -1.2
    endloop
  endfacet
  facet normal 0 0 -1
    outer loop
      vertex 12.5 16.598076211353316 -1.2
      vertex 12.472243186433545 14.85 -1.2
      vertex 12.37532889043741 14.999234928897204 -1.2
    endloop
  endfacet
  facet normal 0 0 -1
    outer loop
      vertex 12.5 16.598076211353316 -1.2
      vertex 12.553027277992422 14.69145229322886 -1.2
      vertex 12.472243186433545 14.85 -1.2
    endloop
  endfacet
  facet normal 0 0 -1
    outer loop
      vertex 12.553027277992422 14.69145229322886 -1.2
      vertex 12.76335575687742 16.427050983124843 -1.2
      vertex 12.61679607770176 14.525328890437411 -1.2
    endloop
  endfacet
  facet normal 0 0 -1
    outer loop
      vertex 12.76335575687742 16.427050983124843 -1.2
      vertex 12.66285092124747 14.353449874390192 -1.2
      vertex 12.61679607770176 14.525328890437411 -1.2
    endloop
  endfacet
  facet normal 0 0 -1
    outer loop
      vertex 12.76335575687742 16.427050983124843 -1.2
      vertex 12.690687222126064 14.177698387555012 -1.2
      vertex 12.66285092124747 14.353449874390192 -1.2
    endloop
  endfacet
  facet normal 0 0 -1
    outer loop
      vertex 12.76335575687742 16.427050983124843 -1.2
      vertex 12.7 14 -1.2
      vertex 12.690687222126064 14.177698387555012 -1.2
    endloop
  endfacet
  facet normal 0 0 -1
    outer loop
      vertex 12.76335575687742 16.427050983124843 -1.2
      vertex 13.801026090968497 12.93711066486035 -1.2
      vertex 12.7 14 -1.2
    endloop
  endfacet
  facet normal 0 0 -1
    outer loop
      vertex 12.76335575687742 16.427050983124843 -1.2
      vertex 13.007391819076574 16.229434476432182 -1.2
      vertex 13.801026090968497 12.93711066486035 -1.2
    endloop
  endfacet
  facet normal 0 0 -1
    outer loop
      vertex 13.007391819076574 16.229434476432182 -1.2
      vertex 13.229434476432182 16.007391819076574 -1.2
      vertex 13.801026090968497 12.93711066486035 -1.2
    endloop
  endfacet
  facet normal 0 0 -1
    outer loop
      vertex 13.229434476432182 16.007391819076574 -1.2
      vertex 13.427050983124843 15.76335575687742 -1.2
      vertex 13.801026090968497 12.93711066486035 -1.2
    endloop
  endfacet
  facet normal 0 0 -1
    outer loop
      vertex 13.427050983124843 15.76335575687742 -1.2
      vertex 13.598076211353316 15.5 -1.2
      vertex 13.801026090968497 12.93711066486035 -1.2
    endloop
  endfacet
  facet normal 0 0 -1
    outer loop
      vertex 13.598076211353316 15.5 -1.2
      vertex 13.740636372927803 15.220209929227401 -1.2
      vertex 13.801026090968497 12.93711066486035 -1.2
    endloop
  endfacet
  facet normal 0 0 -1
    outer loop
      vertex 13.740636372927803 15.220209929227401 -1.2
      vertex 13.853169548885461 14.927050983124841 -1.2
      vertex 13.853169548885461 13.072949016875159 -1.2
    endloop
  endfacet
  facet normal 0 0 -1
    outer loop
      vertex 13.853169548885461 14.927050983124841 -1.2
      vertex 13.934442802201417 14.623735072453279 -1.2
      vertex 13.934442802201417 13.376264927546721 -1.2
    endloop
  endfacet
  facet normal -0.15643446504022376 -0.9876883405951389 0
    outer loop
      vertex 11.313585389802961 16.983565686104818 -1.2
      vertex 11.313585389802961 16.983565686104818 -4.5
      vertex 11.623735072453279 16.934442802201417 -1.2
    endloop
  endfacet
  facet normal -0.2588190451025219 -0.965925826289068 0
    outer loop
      vertex 11.623735072453279 16.934442802201417 -1.2
      vertex 11.623735072453279 16.934442802201417 -4.5
      vertex 11.927050983124841 16.85316954888546 -1.2
    endloop
  endfacet
  facet normal -0.3583679495452991 -0.9335804264972021 0
    outer loop
      vertex 11.927050983124841 16.85316954888546 -1.2
      vertex 11.927050983124841 16.85316954888546 -4.5
      vertex 12.220209929227401 16.740636372927803 -1.2
    endloop
  endfacet
  facet normal -0.4539904997395475 -0.8910065241883673 0
    outer loop
      vertex 12.220209929227401 16.740636372927803 -1.2
      vertex 12.220209929227401 16.740636372927803 -4.5
      vertex 12.5 16.598076211353316 -1.2
    endloop
  endfacet
  facet normal -0.15643446504022376 -0.9876883405951389 0
    outer loop
      vertex 11.623735072453279 16.934442802201417 -1.2
      vertex 11.313585389802961 16.983565686104818 -4.5
      vertex 11.623735072453279 16.934442802201417 -4.5
    endloop
  endfacet
  facet normal -0.2588190451025219 -0.965925826289068 0
    outer loop
      vertex 11.927050983124841 16.85316954888546 -1.2
      vertex 11.623735072453279 16.934442802201417 -4.5
      vertex 11.927050983124841 16.85316954888546 -4.5
    endloop
  endfacet
  facet normal -0.3583679495452991 -0.9335804264972021 0
    outer loop
      vertex 12.220209929227401 16.740636372927803 -1.2
      vertex 11.927050983124841 16.85316954888546 -4.5
      vertex 12.220209929227401 16.740636372927803 -4.5
    endloop
  endfacet
  facet normal -0.4539904997395475 -0.8910065241883673 0
    outer loop
      vertex 12.5 16.598076211353316 -1.2
      vertex 12.220209929227401 16.740636372927803 -4.5
      vertex 12.5 16.598076211353316 -4.5
    endloop
  endfacet
  facet normal -0.544639035015024 -0.8386705679454259 0
    outer loop
      vertex 12.5 16.598076211353316 -1.2
      vertex 12.5 16.598076211353316 -4.5
      vertex 12.76335575687742 16.427050983124843 -1.2
    endloop
  endfacet
  facet normal -0.6293203910498428 -0.7771459614569665 -8.555170035494478e-17
    outer loop
      vertex 12.76335575687742 16.427050983124843 -1.2
      vertex 12.834049979245572 16.369803930611976 -4.5
      vertex 13.007391819076574 16.229434476432182 -1.2
    endloop
  endfacet
  facet normal -0.7071067811865476 -0.7071067811865476 0
    outer loop
      vertex 13.007391819076574 16.229434476432182 -1.2
      vertex 13.007391819076574 16.229434476432182 -5.0238659348297015
      vertex 13.229434476432182 16.007391819076574 -1.2
    endloop
  endfacet
  facet normal -0.544639035015024 -0.8386705679454259 0
    outer loop
      vertex 12.76335575687742 16.427050983124843 -1.2
      vertex 12.5 16.598076211353316 -4.5
      vertex 12.76335575687742 16.427050983124843 -4.5
    endloop
  endfacet
  facet normal -0.6293203910498405 -0.7771459614569683 0
    outer loop
      vertex 12.76335575687742 16.427050983124843 -1.2
      vertex 12.76335575687742 16.427050983124843 -4.5
      vertex 12.834049979245572 16.369803930611976 -4.5
    endloop
  endfacet
  facet normal -0.6293203910498439 -0.7771459614569657 0
    outer loop
      vertex 13.007391819076574 16.229434476432182 -1.2
      vertex 12.834049979245572 16.369803930611976 -4.5
      vertex 13.007391819076574 16.229434476432182 -5.0238659348297015
    endloop
  endfacet
  facet normal -0.7071067811865476 -0.7071067811865475 1.2637566776539052e-18
    outer loop
      vertex 13.229434476432182 16.007391819076574 -1.2
      vertex 13.007391819076574 16.229434476432182 -5.0238659348297015
      vertex 13.068865518491148 16.16796077701761 -5.253288904374106
    endloop
  endfacet
  facet normal -0.7771459614569665 -0.6293203910498428 0
    outer loop
      vertex 13.229434476432182 16.007391819076574 -1.2
      vertex 13.229434476432182 16.007391819076574 -5.671585340835575
      vertex 13.427050983124843 15.76335575687742 -1.2
    endloop
  endfacet
  facet normal -0.8386705679454259 -0.544639035015024 0
    outer loop
      vertex 13.427050983124843 15.76335575687742 -1.2
      vertex 13.427050983124843 15.76335575687742 -6.307321017861527
      vertex 13.598076211353316 15.5 -1.2
    endloop
  endfacet
  facet normal -0.8910065241883675 -0.45399049973954764 0
    outer loop
      vertex 13.598076211353316 15.5 -1.2
      vertex 13.598076211353316 15.5 -6.973936608198712
      vertex 13.740636372927803 15.220209929227401 -1.2
    endloop
  endfacet
  facet normal -0.7071067811865475 -0.7071067811865475 0
    outer loop
      vertex 13.229434476432182 16.007391819076574 -1.2
      vertex 13.068865518491148 16.16796077701761 -5.253288904374106
      vertex 13.229434476432182 16.007391819076574 -5.671585340835575
    endloop
  endfacet
  facet normal -0.9335804264972022 -0.35836794954529916 0
    outer loop
      vertex 13.740636372927803 15.220209929227401 -1.2
      vertex 13.740636372927803 15.220209929227401 -7.523055540433044
      vertex 13.853169548885461 14.927050983124841 -1.2
    endloop
  endfacet
  facet normal -0.9659258262890681 -0.25881904510252196 0
    outer loop
      vertex 13.853169548885461 14.927050983124841 -1.2
      vertex 13.853169548885461 14.927050983124841 -8.098412367836747
      vertex 13.934442802201417 14.623735072453279 -1.2
    endloop
  endfacet
  facet normal -0.987688340595138 -0.1564344650402293 0
    outer loop
      vertex 13.934442802201417 14.623735072453279 -1.2
      vertex 13.934442802201417 14.623735072453279 -8.651979731860266
      vertex 13.98356568610482 14.313585389802961 -1.2
    endloop
  endfacet
  facet normal 0 0 -1
    outer loop
      vertex 12.7 14 -1.2
      vertex 13.801026090968497 12.93711066486035 -1.2
      vertex 12.690687222126064 13.822301612444988 -1.2
    endloop
  endfacet
  facet normal 0 0 -1
    outer loop
      vertex 12.690687222126064 13.822301612444988 -1.2
      vertex 13.801026090968497 12.93711066486035 -1.2
      vertex 12.66285092124747 13.646550125609808 -1.2
    endloop
  endfacet
  facet normal 0 0 -1
    outer loop
      vertex 12.553027277992422 13.30854770677114 -1.2
      vertex 12.61679607770176 13.474671109562589 -1.2
      vertex 13.801026090968497 12.93711066486035 -1.2
    endloop
  endfacet
  facet normal 0 0 -1
    outer loop
      vertex 12.472243186433545 13.15 -1.2
      vertex 12.553027277992422 13.30854770677114 -1.2
      vertex 13.801026090968497 12.93711066486035 -1.2
    endloop
  endfacet
  facet normal 0 0 -1
    outer loop
      vertex 12.66285092124747 13.646550125609808 -1.2
      vertex 13.801026090968497 12.93711066486035 -1.2
      vertex 12.61679607770176 13.474671109562589 -1.2
    endloop
  endfacet
  facet normal 0 0 -1
    outer loop
      vertex 12.472243186433545 13.15 -1.2
      vertex 13.801026090968497 12.93711066486035 -1.2
      vertex 12.37532889043741 13.000765071102796 -1.2
    endloop
  endfacet
  facet normal 0 0 -1
    outer loop
      vertex 12.32378256861977 12.93711066486035 -1.2
      vertex 12.37532889043741 13.000765071102796 -1.2
      vertex 13.801026090968497 12.93711066486035 -1.2
    endloop
  endfacet
  facet normal 0 0 -1
    outer loop
      vertex 13.740636372927803 15.220209929227401 -1.2
      vertex 13.853169548885461 13.072949016875159 -1.2
      vertex 13.801026090968497 12.93711066486035 -1.2
    endloop
  endfacet
  facet normal 0 0 -1
    outer loop
      vertex 13.934442802201417 14.623735072453279 -1.2
      vertex 13.98356568610482 14.313585389802961 -1.2
      vertex 13.98356568610482 13.686414610197039 -1.2
    endloop
  endfacet
  facet normal 0 0 -1
    outer loop
      vertex 13.98356568610482 14.313585389802961 -1.2
      vertex 14 14 -1.2
      vertex 13.98356568610482 13.686414610197039 -1.2
    endloop
  endfacet
  facet normal 0 0 -1
    outer loop
      vertex 13.853169548885461 14.927050983124841 -1.2
      vertex 13.934442802201417 13.376264927546721 -1.2
      vertex 13.853169548885461 13.072949016875159 -1.2
    endloop
  endfacet
  facet normal 0 0 -1
    outer loop
      vertex 13.934442802201417 14.623735072453279 -1.2
      vertex 13.98356568610482 13.686414610197039 -1.2
      vertex 13.934442802201417 13.376264927546721 -1.2
    endloop
  endfacet
  facet normal -0.9335804264972053 0.3583679495452914 6.5679788868951895e-15
    outer loop
      vertex 13.801026090968497 12.93711066486035 -1.2
      vertex 13.853169548885461 13.072949016875159 -1.2
      vertex 13.797830029388246 12.928784639787553 -1.3588700224794952
    endloop
  endfacet
  facet normal -0.9986295347545738 -0.052335956242944855 0
    outer loop
      vertex 13.98356568610482 14.313585389802961 -1.2
      vertex 13.98356568610482 14.313585389802961 -9.129568361711701
      vertex 14 14 -1.2
    endloop
  endfacet
  facet normal -0.9986295347545737 0.05233595624294484 0
    outer loop
      vertex 14 14 -1.2
      vertex 14 14 -9.2
      vertex 13.98356568610482 13.686414610197039 -1.2
    endloop
  endfacet
  facet normal -0.987688340595138 0.15643446504022926 0
    outer loop
      vertex 13.98356568610482 13.686414610197039 -1.2
      vertex 13.98356568610482 13.686414610197039 -9.2
      vertex 13.934442802201417 13.376264927546721 -1.2
    endloop
  endfacet
  facet normal -0.965925826289068 0.2588190451025219 0
    outer loop
      vertex 13.934442802201417 13.376264927546721 -1.2
      vertex 13.934442802201417 13.376264927546721 -9.2
      vertex 13.853169548885461 13.072949016875159 -1.2
    endloop
  endfacet
  facet normal -0.9335804264972027 0.3583679495452977 0
    outer loop
      vertex 13.853169548885461 13.072949016875159 -1.2
      vertex 13.853169548885461 13.072949016875159 -9.2
      vertex 13.797830029388246 12.928784639787553 -1.3588700224794952
    endloop
  endfacet
  facet normal 0.8386705679454346 -0.5446390350150108 0
    outer loop
      vertex 8.401923788646684 15.5 -1.2
      vertex 8.401923788646684 15.5 -6.973936608198712
      vertex 8.421583161796665 15.530272779924214 -6.9145229322886035
    endloop
  endfacet
  facet normal 0.8910065241883675 -0.45399049973954764 0
    outer loop
      vertex 8.401923788646684 15.5 -1.2
      vertex 8.259363627072197 15.220209929227401 -7.5230555404330435
      vertex 8.401923788646684 15.5 -6.973936608198712
    endloop
  endfacet
  facet normal 0.7771459614569665 -0.6293203910498428 0
    outer loop
      vertex 8.770565523567818 16.007391819076574 -1.2
      vertex 8.572949016875157 15.76335575687742 -6.307321017861528
      vertex 8.770565523567818 16.007391819076574 -5.671585340835575
    endloop
  endfacet
  facet normal 0.8386705679454248 -0.5446390350150258 0
    outer loop
      vertex 8.572949016875157 15.76335575687742 -1.2
      vertex 8.421583161796665 15.530272779924214 -6.9145229322886035
      vertex 8.572949016875157 15.76335575687742 -6.307321017861528
    endloop
  endfacet
  facet normal 0.9335804264972022 -0.35836794954529916 0
    outer loop
      vertex 8.259363627072197 15.220209929227401 -1.2
      vertex 8.146830451114539 14.927050983124841 -8.09841236783675
      vertex 8.259363627072197 15.220209929227401 -7.5230555404330435
    endloop
  endfacet
  facet normal 0.9659258262890671 -0.2588190451025248 0
    outer loop
      vertex 8.146830451114539 14.927050983124841 -1.2
      vertex 8.092002923478955 14.722431864335457 -8.5
      vertex 8.146830451114539 14.927050983124841 -8.09841236783675
    endloop
  endfacet
  facet normal 0.9659258262890696 -0.25881904510251535 -2.833611145219238e-16
    outer loop
      vertex 8.146830451114539 14.927050983124841 -1.2
      vertex 8.065557197798583 14.623735072453279 -8.651979731860266
      vertex 8.092002923478955 14.722431864335457 -8.5
    endloop
  endfacet
  facet normal 0.987688340595138 -0.1564344650402293 0
    outer loop
      vertex 8.065557197798583 14.623735072453279 -1.2
      vertex 8.01643431389518 14.313585389802961 -9.129568361711701
      vertex 8.065557197798583 14.623735072453279 -8.651979731860266
    endloop
  endfacet
  facet normal 0.7071067811865475 -0.7071067811865475 -4.648035073216388e-17
    outer loop
      vertex 8.931134481508852 16.16796077701761 -5.253288904374106
      vertex 8.992608180923426 16.229434476432182 -5.023865934829699
      vertex 8.770565523567818 16.007391819076574 -5.671585340835575
    endloop
  endfacet
  facet normal 0.9335804264972016 0.35836794954530055 1.9178082913594406e-19
    outer loop
      vertex 8.202169970611754 12.928784639787553 -1.3588700224794952
      vertex 8.259363627072197 12.779790070772599 -2.29958470827602
      vertex 8.259363627072197 12.779790070772599 -9.2
    endloop
  endfacet
  facet normal 0.8910065241883669 0.45399049973954864 -5.4958478555198096e-17
    outer loop
      vertex 8.259363627072197 12.779790070772599 -2.29958470827602
      vertex 8.291907660161781 12.715918809539474 -2.7028519806308715
      vertex 8.401923788646684 12.5 -9.2
    endloop
  endfacet
  facet normal 0.8910065241883676 0.4539904997395474 3.929689959184206e-19
    outer loop
      vertex 8.291907660161781 12.715918809539474 -2.7028519806308715
      vertex 8.401923788646684 12.5 -3.5086719481419704
      vertex 8.401923788646684 12.5 -9.2
    endloop
  endfacet
  facet normal 0.8386705679454236 0.5446390350150278 -2.4674126916080544e-16
    outer loop
      vertex 8.401923788646684 12.5 -3.5086719481419704
      vertex 8.490415501468986 12.363734711836996 -4.017220926874316
      vertex 8.572949016875157 12.23664424312258 -9.2
    endloop
  endfacet
  facet normal 0.8386705679454282 0.5446390350150208 3.570897950233428e-20
    outer loop
      vertex 8.490415501468986 12.363734711836996 -4.017220926874316
      vertex 8.572949016875157 12.23664424312258 -4.34830291714905
      vertex 8.572949016875157 12.23664424312258 -9.2
    endloop
  endfacet
  facet normal 0.7771459614569665 0.6293203910498428 2.294933809334421e-18
    outer loop
      vertex 8.572949016875157 12.23664424312258 -4.34830291714905
      vertex 8.770565523567818 11.992608180923426 -4.984038594175001
      vertex 8.770565523567818 11.992608180923426 -9.2
    endloop
  endfacet
  facet normal 0.9986295347545738 -0.052335956242944855 0
    outer loop
      vertex 8.01643431389518 14.313585389802961 -1.2
      vertex 8 14 -9.2
      vertex 8.01643431389518 14.313585389802961 -9.129568361711701
    endloop
  endfacet
  facet normal 0.9986295347545737 0.05233595624294484 0
    outer loop
      vertex 8 14 -1.2
      vertex 8.01643431389518 13.686414610197039 -9.2
      vertex 8 14 -9.2
    endloop
  endfacet
  facet normal 0.987688340595138 0.15643446504022926 0
    outer loop
      vertex 8.01643431389518 13.686414610197039 -1.2
      vertex 8.065557197798583 13.376264927546721 -9.2
      vertex 8.01643431389518 13.686414610197039 -9.2
    endloop
  endfacet
  facet normal 0.965925826289068 0.2588190451025219 0
    outer loop
      vertex 8.065557197798583 13.376264927546721 -1.2
      vertex 8.146830451114539 13.072949016875159 -9.2
      vertex 8.065557197798583 13.376264927546721 -9.2
    endloop
  endfacet
  facet normal 0.9335804264972022 0.3583679495452992 0
    outer loop
      vertex 8.146830451114539 13.072949016875159 -1.2
      vertex 8.259363627072197 12.779790070772599 -9.2
      vertex 8.146830451114539 13.072949016875159 -9.2
    endloop
  endfacet
  facet normal 0.8910065241883675 0.4539904997395476 0
    outer loop
      vertex 8.259363627072197 12.779790070772599 -2.29958470827602
      vertex 8.401923788646684 12.5 -9.2
      vertex 8.259363627072197 12.779790070772599 -9.2
    endloop
  endfacet
  facet normal 0.7071067811865475 0.7071067811865476 2.7984119011138635e-18
    outer loop
      vertex 8.770565523567818 11.992608180923426 -4.984038594175001
      vertex 8.887082755137433 11.876090949353811 -5.287576359985403
      vertex 8.992608180923426 11.770565523567818 -9.2
    endloop
  endfacet
  facet normal 0.8386705679454259 0.5446390350150241 0
    outer loop
      vertex 8.401923788646684 12.5 -3.5086719481419704
      vertex 8.572949016875157 12.23664424312258 -9.2
      vertex 8.401923788646684 12.5 -9.2
    endloop
  endfacet
  facet normal 0.7771459614569665 0.6293203910498429 0
    outer loop
      vertex 8.572949016875157 12.23664424312258 -4.34830291714905
      vertex 8.770565523567818 11.992608180923426 -9.2
      vertex 8.572949016875157 12.23664424312258 -9.2
    endloop
  endfacet
  facet normal 0.7071067811865475 0.7071067811865475 0
    outer loop
      vertex 8.770565523567818 11.992608180923426 -4.984038594175001
      vertex 8.992608180923426 11.770565523567818 -9.2
      vertex 8.770565523567818 11.992608180923426 -9.2
    endloop
  endfacet
  facet normal 0.7071067811865476 0.7071067811865476 1.2028704127068543e-18
    outer loop
      vertex 8.887082755137433 11.876090949353811 -5.287576359985403
      vertex 8.992608180923426 11.770565523567818 -5.494681669230897
      vertex 8.992608180923426 11.770565523567818 -9.2
    endloop
  endfacet
  facet normal 0.6293203910498428 0.7771459614569663 0
    outer loop
      vertex 8.992608180923426 11.770565523567818 -5.494681669230897
      vertex 9.23664424312258 11.572949016875157 -5.882525901327143
      vertex 8.992608180923426 11.770565523567818 -9.2
    endloop
  endfacet
  facet normal 0.5446390350150241 0.838670567945426 0
    outer loop
      vertex 9.23664424312258 11.572949016875157 -5.882525901327143
      vertex 9.5 11.401923788646684 -6.218181810954758
      vertex 9.23664424312258 11.572949016875157 -9.2
    endloop
  endfacet
  facet normal 0.6293203910498428 0.7771459614569665 0
    outer loop
      vertex 9.23664424312258 11.572949016875157 -5.882525901327143
      vertex 9.23664424312258 11.572949016875157 -9.2
      vertex 8.992608180923426 11.770565523567818 -9.2
    endloop
  endfacet
  facet normal 0.4539904997395476 0.8910065241883673 0
    outer loop
      vertex 9.5 11.401923788646684 -6.218181810954758
      vertex 9.779790070772599 11.259363627072197 -6.497971881727358
      vertex 9.5 11.401923788646684 -9.2
    endloop
  endfacet
  facet normal 0.35836794954535917 0.9335804264971791 0
    outer loop
      vertex 9.779790070772599 11.259363627072197 -6.497971881727358
      vertex 9.782482112173144 11.258330249197702 -6.5
      vertex 9.779790070772599 11.259363627072197 -9.2
    endloop
  endfacet
  facet normal 0.3583679495452986 0.9335804264972023 6.926706410611289e-17
    outer loop
      vertex 9.782482112173144 11.258330249197702 -6.5
      vertex 10.072949016875159 11.146830451114539 -6.671694632540662
      vertex 9.779790070772599 11.259363627072197 -9.2
    endloop
  endfacet
  facet normal 0.2588190451025219 0.965925826289068 0
    outer loop
      vertex 10.072949016875159 11.146830451114539 -6.671694632540662
      vertex 10.376264927546721 11.065557197798583 -6.796844467817131
      vertex 10.072949016875159 11.146830451114539 -9.2
    endloop
  endfacet
  facet normal 0.544639035015024 0.8386705679454259 0
    outer loop
      vertex 9.5 11.401923788646684 -6.218181810954758
      vertex 9.5 11.401923788646684 -9.2
      vertex 9.23664424312258 11.572949016875157 -9.2
    endloop
  endfacet
  facet normal 0.4539904997395476 0.8910065241883675 0
    outer loop
      vertex 9.779790070772599 11.259363627072197 -6.497971881727358
      vertex 9.779790070772599 11.259363627072197 -9.2
      vertex 9.5 11.401923788646684 -9.2
    endloop
  endfacet
  facet normal 0.35836794954529916 0.9335804264972022 0
    outer loop
      vertex 10.072949016875159 11.146830451114539 -6.671694632540662
      vertex 10.072949016875159 11.146830451114539 -9.2
      vertex 9.779790070772599 11.259363627072197 -9.2
    endloop
  endfacet
  facet normal 0.2588190451025219 0.965925826289068 0
    outer loop
      vertex 10.376264927546721 11.065557197798583 -6.796844467817131
      vertex 10.376264927546721 11.065557197798583 -9.2
      vertex 10.072949016875159 11.146830451114539 -9.2
    endloop
  endfacet
  facet normal 0.15643446504022926 0.987688340595138 0
    outer loop
      vertex 10.376264927546721 11.065557197798583 -6.796844467817131
      vertex 10.686414610197039 11.01643431389518 -6.872487075661511
      vertex 10.376264927546721 11.065557197798583 -9.2
    endloop
  endfacet
  facet normal 0.052335956242944855 0.9986295347545738 0
    outer loop
      vertex 10.686414610197039 11.01643431389518 -6.872487075661511
      vertex 11 11 -6.897793699833031
      vertex 10.686414610197039 11.01643431389518 -9.2
    endloop
  endfacet
  facet normal -0.052335956242944855 0.9986295347545738 2.3593853054796555e-19
    outer loop
      vertex 11 11 -6.897793699833031
      vertex 11.313585389802961 11.01643431389518 -6.872487075661511
      vertex 11.313585389802961 11.01643431389518 -9.2
    endloop
  endfacet
  facet normal 0.15643446504022926 0.987688340595138 0
    outer loop
      vertex 10.686414610197039 11.01643431389518 -6.872487075661511
      vertex 10.686414610197039 11.01643431389518 -9.2
      vertex 10.376264927546721 11.065557197798583 -9.2
    endloop
  endfacet
  facet normal 0.05233595624294485 0.9986295347545738 0
    outer loop
      vertex 11 11 -6.897793699833031
      vertex 11 11 -9.2
      vertex 10.686414610197039 11.01643431389518 -9.2
    endloop
  endfacet
  facet normal -0.05233595624294485 0.9986295347545738 0
    outer loop
      vertex 11 11 -6.897793699833031
      vertex 11.313585389802961 11.01643431389518 -9.2
      vertex 11 11 -9.2
    endloop
  endfacet
  facet normal -0.7771459614569665 -0.6293203910498428 0
    outer loop
      vertex 13.427050983124843 15.76335575687742 -1.2
      vertex 13.229434476432182 16.007391819076574 -5.671585340835575
      vertex 13.427050983124843 15.76335575687742 -6.307321017861527
    endloop
  endfacet
  facet normal -0.8386705679454249 -0.5446390350150255 -1.1158098481175925e-16
    outer loop
      vertex 13.598076211353316 15.5 -1.2
      vertex 13.427050983124843 15.76335575687742 -6.307321017861527
      vertex 13.578416838203335 15.530272779924214 -6.9145229322886035
    endloop
  endfacet
  facet normal -0.8386705679454346 -0.5446390350150108 0
    outer loop
      vertex 13.598076211353316 15.5 -1.2
      vertex 13.578416838203335 15.530272779924214 -6.9145229322886035
      vertex 13.598076211353316 15.5 -6.973936608198712
    endloop
  endfacet
  facet normal -0.8910065241883673 -0.4539904997395476 0
    outer loop
      vertex 13.740636372927803 15.220209929227401 -1.2
      vertex 13.598076211353316 15.5 -6.973936608198712
      vertex 13.740636372927803 15.220209929227401 -7.523055540433044
    endloop
  endfacet
  facet normal -0.9335804264972023 -0.3583679495452992 0
    outer loop
      vertex 13.853169548885461 14.927050983124841 -1.2
      vertex 13.740636372927803 15.220209929227401 -7.523055540433044
      vertex 13.853169548885461 14.927050983124841 -8.098412367836747
    endloop
  endfacet
  facet normal -0.9659258262890671 -0.2588190451025246 -1.277057137951337e-16
    outer loop
      vertex 13.934442802201417 14.623735072453279 -1.2
      vertex 13.853169548885461 14.927050983124841 -8.098412367836747
      vertex 13.907997076521045 14.722431864335457 -8.5
    endloop
  endfacet
  facet normal -0.9659258262890696 -0.2588190451025158 0
    outer loop
      vertex 13.934442802201417 14.623735072453279 -1.2
      vertex 13.907997076521045 14.722431864335457 -8.5
      vertex 13.934442802201417 14.623735072453279 -8.651979731860266
    endloop
  endfacet
  facet normal -0.9876883405951379 -0.15643446504022923 0
    outer loop
      vertex 13.98356568610482 14.313585389802961 -1.2
      vertex 13.934442802201417 14.623735072453279 -8.651979731860266
      vertex 13.98356568610482 14.313585389802961 -9.129568361711701
    endloop
  endfacet
  facet normal -0.9335804264972017 0.3583679495453003 5.4153837754821987e-17
    outer loop
      vertex 13.797830029388246 12.928784639787553 -1.3588700224794952
      vertex 13.853169548885461 13.072949016875159 -9.2
      vertex 13.740636372927803 12.779790070772599 -2.299584708276019
    endloop
  endfacet
  facet normal -0.891006524188367 0.4539904997395484 0
    outer loop
      vertex 13.740636372927803 12.779790070772599 -2.299584708276019
      vertex 13.740636372927803 12.779790070772599 -9.2
      vertex 13.708092339838219 12.715918809539474 -2.7028519806308715
    endloop
  endfacet
  facet normal -0.8910065241883676 0.45399049973954747 -1.2035431147620911e-17
    outer loop
      vertex 13.708092339838219 12.715918809539474 -2.7028519806308715
      vertex 13.740636372927803 12.779790070772599 -9.2
      vertex 13.598076211353316 12.5 -3.508671948141974
    endloop
  endfacet
  facet normal -0.838670567945424 0.5446390350150271 2.523448407360221e-19
    outer loop
      vertex 13.509584498531014 12.363734711836996 -4.017220926874316
      vertex 13.598076211353316 12.5 -3.508671948141974
      vertex 13.598076211353316 12.5 -9.2
    endloop
  endfacet
  facet normal -0.8386705679454279 0.5446390350150212 -2.246582839953494e-16
    outer loop
      vertex 13.509584498531014 12.363734711836996 -4.017220926874316
      vertex 13.598076211353316 12.5 -9.2
      vertex 13.427050983124843 12.23664424312258 -4.34830291714905
    endloop
  endfacet
  facet normal -0.7771459614569665 0.6293203910498429 0
    outer loop
      vertex 13.427050983124843 12.23664424312258 -4.34830291714905
      vertex 13.427050983124843 12.23664424312258 -9.2
      vertex 13.229434476432182 11.992608180923426 -4.984038594175002
    endloop
  endfacet
  facet normal -0.7071067811865476 0.7071067811865476 1.1356338162636008e-18
    outer loop
      vertex 13.007391819076574 11.770565523567818 -5.494681669230897
      vertex 13.112917244862567 11.876090949353811 -5.287576359985403
      vertex 13.229434476432182 11.992608180923426 -9.2
    endloop
  endfacet
  facet normal -0.6293203910498428 0.7771459614569663 0
    outer loop
      vertex 13.007391819076574 11.770565523567818 -5.494681669230897
      vertex 13.007391819076574 11.770565523567818 -9.2
      vertex 12.76335575687742 11.572949016875157 -5.882525901327143
    endloop
  endfacet
  facet normal -0.4539904997395476 0.8910065241883673 0
    outer loop
      vertex 12.5 11.401923788646684 -6.218181810954758
      vertex 12.5 11.401923788646684 -9.2
      vertex 12.220209929227401 11.259363627072197 -6.497971881727358
    endloop
  endfacet
  facet normal -0.35836794954535917 0.9335804264971791 0
    outer loop
      vertex 12.220209929227401 11.259363627072197 -6.497971881727358
      vertex 12.220209929227401 11.259363627072197 -9.2
      vertex 12.217517887826856 11.258330249197702 -6.5
    endloop
  endfacet
  facet normal -0.544639035015024 0.8386705679454259 2.127340991039991e-18
    outer loop
      vertex 12.5 11.401923788646684 -6.218181810954758
      vertex 12.76335575687742 11.572949016875157 -5.882525901327143
      vertex 12.76335575687742 11.572949016875157 -9.2
    endloop
  endfacet
  facet normal -0.15643446504022926 0.987688340595138 -2.5391694193986124e-19
    outer loop
      vertex 11.313585389802961 11.01643431389518 -6.872487075661511
      vertex 11.623735072453279 11.065557197798583 -6.79684446781713
      vertex 11.623735072453279 11.065557197798583 -9.2
    endloop
  endfacet
  facet normal -0.2588190451025219 0.965925826289068 6.15828630764667e-19
    outer loop
      vertex 11.623735072453279 11.065557197798583 -6.79684446781713
      vertex 11.927050983124841 11.146830451114539 -6.671694632540662
      vertex 11.927050983124841 11.146830451114539 -9.2
    endloop
  endfacet
  facet normal -0.3583679495452987 0.9335804264972024 6.652491236017414e-17
    outer loop
      vertex 11.927050983124841 11.146830451114539 -6.671694632540662
      vertex 12.217517887826856 11.258330249197702 -6.5
      vertex 12.220209929227401 11.259363627072197 -9.2
    endloop
  endfacet
  facet normal -0.15643446504022926 0.987688340595138 0
    outer loop
      vertex 11.313585389802961 11.01643431389518 -6.872487075661511
      vertex 11.623735072453279 11.065557197798583 -9.2
      vertex 11.313585389802961 11.01643431389518 -9.2
    endloop
  endfacet
  facet normal -0.2588190451025219 0.965925826289068 0
    outer loop
      vertex 11.623735072453279 11.065557197798583 -6.79684446781713
      vertex 11.927050983124841 11.146830451114539 -9.2
      vertex 11.623735072453279 11.065557197798583 -9.2
    endloop
  endfacet
  facet normal -0.35836794954529916 0.9335804264972022 0
    outer loop
      vertex 11.927050983124841 11.146830451114539 -6.671694632540662
      vertex 12.220209929227401 11.259363627072197 -9.2
      vertex 11.927050983124841 11.146830451114539 -9.2
    endloop
  endfacet
  facet normal -0.7071067811865476 0.7071067811865476 0
    outer loop
      vertex 13.007391819076574 11.770565523567818 -5.494681669230897
      vertex 13.229434476432182 11.992608180923426 -9.2
      vertex 13.007391819076574 11.770565523567818 -9.2
    endloop
  endfacet
  facet normal -0.544639035015024 0.8386705679454259 0
    outer loop
      vertex 12.5 11.401923788646684 -6.218181810954758
      vertex 12.76335575687742 11.572949016875157 -9.2
      vertex 12.5 11.401923788646684 -9.2
    endloop
  endfacet
  facet normal -0.4539904997395476 0.8910065241883675 0
    outer loop
      vertex 12.220209929227401 11.259363627072197 -6.497971881727358
      vertex 12.5 11.401923788646684 -9.2
      vertex 12.220209929227401 11.259363627072197 -9.2
    endloop
  endfacet
  facet normal -0.6293203910498428 0.7771459614569665 0
    outer loop
      vertex 12.76335575687742 11.572949016875157 -5.882525901327143
      vertex 13.007391819076574 11.770565523567818 -9.2
      vertex 12.76335575687742 11.572949016875157 -9.2
    endloop
  endfacet
  facet normal -0.9986295347545737 -0.05233595624294484 0
    outer loop
      vertex 14 14 -1.2
      vertex 13.98356568610482 14.313585389802961 -9.129568361711701
      vertex 14 14 -9.2
    endloop
  endfacet
  facet normal -0.9986295347545737 0.05233595624294484 0
    outer loop
      vertex 13.98356568610482 13.686414610197039 -1.2
      vertex 14 14 -9.2
      vertex 13.98356568610482 13.686414610197039 -9.2
    endloop
  endfacet
  facet normal -0.987688340595138 0.15643446504022926 0
    outer loop
      vertex 13.934442802201417 13.376264927546721 -1.2
      vertex 13.98356568610482 13.686414610197039 -9.2
      vertex 13.934442802201417 13.376264927546721 -9.2
    endloop
  endfacet
  facet normal -0.965925826289068 0.2588190451025219 0
    outer loop
      vertex 13.853169548885461 13.072949016875159 -1.2
      vertex 13.934442802201417 13.376264927546721 -9.2
      vertex 13.853169548885461 13.072949016875159 -9.2
    endloop
  endfacet
  facet normal -0.7071067811865476 0.7071067811865476 0
    outer loop
      vertex 13.229434476432182 11.992608180923426 -4.984038594175002
      vertex 13.229434476432182 11.992608180923426 -9.2
      vertex 13.112917244862567 11.876090949353811 -5.287576359985403
    endloop
  endfacet
  facet normal -0.9335804264972022 0.35836794954529916 0
    outer loop
      vertex 13.740636372927803 12.779790070772599 -2.299584708276019
      vertex 13.853169548885461 13.072949016875159 -9.2
      vertex 13.740636372927803 12.779790070772599 -9.2
    endloop
  endfacet
  facet normal -0.8910065241883675 0.45399049973954764 0
    outer loop
      vertex 13.598076211353316 12.5 -3.508671948141974
      vertex 13.740636372927803 12.779790070772599 -9.2
      vertex 13.598076211353316 12.5 -9.2
    endloop
  endfacet
  facet normal -0.8386705679454259 0.544639035015024 0
    outer loop
      vertex 13.427050983124843 12.23664424312258 -4.34830291714905
      vertex 13.598076211353316 12.5 -9.2
      vertex 13.427050983124843 12.23664424312258 -9.2
    endloop
  endfacet
  facet normal -0.7771459614569663 0.6293203910498428 0
    outer loop
      vertex 13.229434476432182 11.992608180923426 -4.984038594175002
      vertex 13.427050983124843 12.23664424312258 -9.2
      vertex 13.229434476432182 11.992608180923426 -9.2
    endloop
  endfacet
  facet normal 0.9986295347545737 -0.052335956242947006 9.636128487992051e-15
    outer loop
      vertex 8 14 -9.2
      vertex 8.014037242826811 14.2678465490972 -9.2
      vertex 8.01643431389518 14.313585389802961 -9.129568361711701
    endloop
  endfacet
  facet normal 0 0 1
    outer loop
      vertex 8 14 -9.2
      vertex 8.01643431389518 13.686414610197039 -9.2
      vertex 8.014037242826811 14.2678465490972 -9.2
    endloop
  endfacet
  facet normal 0 0 1
    outer loop
      vertex 8.01643431389518 13.686414610197039 -9.2
      vertex 8.065557197798583 13.376264927546721 -9.2
      vertex 8.014037242826811 14.2678465490972 -9.2
    endloop
  endfacet
  facet normal 0 0 1
    outer loop
      vertex 8.065557197798583 13.376264927546721 -9.2
      vertex 8.146830451114539 13.072949016875159 -9.2
      vertex 8.014037242826811 14.2678465490972 -9.2
    endloop
  endfacet
  facet normal 0 0 1
    outer loop
      vertex 8.146830451114539 13.072949016875159 -9.2
      vertex 8.259363627072197 12.779790070772599 -9.2
      vertex 8.014037242826811 14.2678465490972 -9.2
    endloop
  endfacet
  facet normal 0 0 1
    outer loop
      vertex 8.259363627072197 12.779790070772599 -9.2
      vertex 8.401923788646684 12.5 -9.2
      vertex 8.014037242826811 14.2678465490972 -9.2
    endloop
  endfacet
  facet normal 0 0 1
    outer loop
      vertex 8.401923788646684 12.5 -9.2
      vertex 8.572949016875157 12.23664424312258 -9.2
      vertex 8.014037242826811 14.2678465490972 -9.2
    endloop
  endfacet
  facet normal 0 0 1
    outer loop
      vertex 9.309312777873936 14.177698387555012 -9.2
      vertex 9.32359084398608 14.2678465490972 -9.2
      vertex 8.014037242826811 14.2678465490972 -9.2
    endloop
  endfacet
  facet normal 0 0 1
    outer loop
      vertex 9.309312777873936 14.177698387555012 -9.2
      vertex 8.014037242826811 14.2678465490972 -9.2
      vertex 9.3 14 -9.2
    endloop
  endfacet
  facet normal 0 0 1
    outer loop
      vertex 9.3 14 -9.2
      vertex 8.014037242826811 14.2678465490972 -9.2
      vertex 9.23664424312258 11.572949016875157 -9.2
    endloop
  endfacet
  facet normal 0 0 1
    outer loop
      vertex 9.3 14 -9.2
      vertex 9.23664424312258 11.572949016875157 -9.2
      vertex 9.309312777873936 13.822301612444988 -9.2
    endloop
  endfacet
  facet normal 0 0 1
    outer loop
      vertex 8.572949016875157 12.23664424312258 -9.2
      vertex 8.770565523567818 11.992608180923426 -9.2
      vertex 8.014037242826811 14.2678465490972 -9.2
    endloop
  endfacet
  facet normal 0 0 1
    outer loop
      vertex 8.770565523567818 11.992608180923426 -9.2
      vertex 8.992608180923426 11.770565523567818 -9.2
      vertex 8.014037242826811 14.2678465490972 -9.2
    endloop
  endfacet
  facet normal 0 0 1
    outer loop
      vertex 8.992608180923426 11.770565523567818 -9.2
      vertex 9.23664424312258 11.572949016875157 -9.2
      vertex 8.014037242826811 14.2678465490972 -9.2
    endloop
  endfacet
  facet normal 0 0 1
    outer loop
      vertex 9.309312777873936 13.822301612444988 -9.2
      vertex 9.23664424312258 11.572949016875157 -9.2
      vertex 9.33714907875253 13.646550125609808 -9.2
    endloop
  endfacet
  facet normal 0 0 1
    outer loop
      vertex 9.33714907875253 13.646550125609808 -9.2
      vertex 9.23664424312258 11.572949016875157 -9.2
      vertex 9.38320392229824 13.474671109562589 -9.2
    endloop
  endfacet
  facet normal 0 0 1
    outer loop
      vertex 9.38320392229824 13.474671109562589 -9.2
      vertex 9.23664424312258 11.572949016875157 -9.2
      vertex 9.446972722007578 13.30854770677114 -9.2
    endloop
  endfacet
  facet normal 0 0 1
    outer loop
      vertex 9.446972722007578 13.30854770677114 -9.2
      vertex 9.5 11.401923788646684 -9.2
      vertex 9.527756813566455 13.15 -9.2
    endloop
  endfacet
  facet normal 0 0 1
    outer loop
      vertex 9.527756813566455 13.15 -9.2
      vertex 9.5 11.401923788646684 -9.2
      vertex 9.62467110956259 13.000765071102796 -9.2
    endloop
  endfacet
  facet normal 0 0 1
    outer loop
      vertex 9.446972722007578 13.30854770677114 -9.2
      vertex 9.23664424312258 11.572949016875157 -9.2
      vertex 9.5 11.401923788646684 -9.2
    endloop
  endfacet
  facet normal 0 0 1
    outer loop
      vertex 9.62467110956259 13.000765071102796 -9.2
      vertex 9.5 11.401923788646684 -9.2
      vertex 9.73665379668843 12.862477969189941 -9.2
    endloop
  endfacet
  facet normal 0 0 1
    outer loop
      vertex 9.73665379668843 12.862477969189941 -9.2
      vertex 9.779790070772599 11.259363627072197 -9.2
      vertex 9.862477969189941 12.73665379668843 -9.2
    endloop
  endfacet
  facet normal 0 0 1
    outer loop
      vertex 9.862477969189941 12.73665379668843 -9.2
      vertex 9.779790070772599 11.259363627072197 -9.2
      vertex 10.000765071102796 12.62467110956259 -9.2
    endloop
  endfacet
  facet normal 0 0 1
    outer loop
      vertex 10.000765071102796 12.62467110956259 -9.2
      vertex 10.072949016875159 11.146830451114539 -9.2
      vertex 10.15 12.527756813566455 -9.2
    endloop
  endfacet
  facet normal 0 0 1
    outer loop
      vertex 10.15 12.527756813566455 -9.2
      vertex 10.072949016875159 11.146830451114539 -9.2
      vertex 10.30854770677114 12.446972722007578 -9.2
    endloop
  endfacet
  facet normal 0 0 1
    outer loop
      vertex 10.30854770677114 12.446972722007578 -9.2
      vertex 10.376264927546721 11.065557197798583 -9.2
      vertex 10.474671109562589 12.38320392229824 -9.2
    endloop
  endfacet
  facet normal 0 0 1
    outer loop
      vertex 10.474671109562589 12.38320392229824 -9.2
      vertex 10.376264927546721 11.065557197798583 -9.2
      vertex 10.646550125609808 12.33714907875253 -9.2
    endloop
  endfacet
  facet normal 0 0 1
    outer loop
      vertex 10.646550125609808 12.33714907875253 -9.2
      vertex 10.686414610197039 11.01643431389518 -9.2
      vertex 10.822301612444988 12.309312777873936 -9.2
    endloop
  endfacet
  facet normal 0 0 1
    outer loop
      vertex 11 12.3 -9.2
      vertex 11.313585389802961 11.01643431389518 -9.2
      vertex 11.177698387555012 12.309312777873936 -9.2
    endloop
  endfacet
  facet normal 0 0 1
    outer loop
      vertex 9.5 11.401923788646684 -9.2
      vertex 9.779790070772599 11.259363627072197 -9.2
      vertex 9.73665379668843 12.862477969189941 -9.2
    endloop
  endfacet
  facet normal 0 0 1
    outer loop
      vertex 10.000765071102796 12.62467110956259 -9.2
      vertex 9.779790070772599 11.259363627072197 -9.2
      vertex 10.072949016875159 11.146830451114539 -9.2
    endloop
  endfacet
  facet normal 0 0 1
    outer loop
      vertex 10.30854770677114 12.446972722007578 -9.2
      vertex 10.072949016875159 11.146830451114539 -9.2
      vertex 10.376264927546721 11.065557197798583 -9.2
    endloop
  endfacet
  facet normal 0 0 1
    outer loop
      vertex 10.646550125609808 12.33714907875253 -9.2
      vertex 10.376264927546721 11.065557197798583 -9.2
      vertex 10.686414610197039 11.01643431389518 -9.2
    endloop
  endfacet
  facet normal 0 0 1
    outer loop
      vertex 10.822301612444988 12.309312777873936 -9.2
      vertex 11 11 -9.2
      vertex 11 12.3 -9.2
    endloop
  endfacet
  facet normal 0 0 1
    outer loop
      vertex 10.822301612444988 12.309312777873936 -9.2
      vertex 10.686414610197039 11.01643431389518 -9.2
      vertex 11 11 -9.2
    endloop
  endfacet
  facet normal 0 0 1
    outer loop
      vertex 11 12.3 -9.2
      vertex 11 11 -9.2
      vertex 11.313585389802961 11.01643431389518 -9.2
    endloop
  endfacet
  facet normal 0 0 1
    outer loop
      vertex 11.177698387555012 12.309312777873936 -9.2
      vertex 11.313585389802961 11.01643431389518 -9.2
      vertex 11.353449874390192 12.33714907875253 -9.2
    endloop
  endfacet
  facet normal 0 0 1
    outer loop
      vertex 11.353449874390192 12.33714907875253 -9.2
      vertex 11.623735072453279 11.065557197798583 -9.2
      vertex 11.525328890437411 12.38320392229824 -9.2
    endloop
  endfacet
  facet normal 0 0 1
    outer loop
      vertex 11.525328890437411 12.38320392229824 -9.2
      vertex 11.623735072453279 11.065557197798583 -9.2
      vertex 11.69145229322886 12.446972722007578 -9.2
    endloop
  endfacet
  facet normal 0 0 1
    outer loop
      vertex 11.85 12.527756813566455 -9.2
      vertex 11.69145229322886 12.446972722007578 -9.2
      vertex 11.927050983124841 11.146830451114539 -9.2
    endloop
  endfacet
  facet normal 0 0 1
    outer loop
      vertex 11.85 12.527756813566455 -9.2
      vertex 11.927050983124841 11.146830451114539 -9.2
      vertex 11.999234928897204 12.62467110956259 -9.2
    endloop
  endfacet
  facet normal 0 0 1
    outer loop
      vertex 11.999234928897204 12.62467110956259 -9.2
      vertex 12.220209929227401 11.259363627072197 -9.2
      vertex 12.137522030810059 12.73665379668843 -9.2
    endloop
  endfacet
  facet normal 0 0 1
    outer loop
      vertex 12.690687222126064 14.177698387555012 -9.2
      vertex 13.985962757173189 14.2678465490972 -9.2
      vertex 12.67640915601392 14.2678465490972 -9.2
    endloop
  endfacet
  facet normal 0 0 1
    outer loop
      vertex 12.7 14 -9.2
      vertex 12.690687222126064 13.822301612444988 -9.2
      vertex 12.76335575687742 11.572949016875157 -9.2
    endloop
  endfacet
  facet normal 0 0 1
    outer loop
      vertex 12.553027277992422 13.30854770677114 -9.2
      vertex 12.76335575687742 11.572949016875157 -9.2
      vertex 12.61679607770176 13.474671109562589 -9.2
    endloop
  endfacet
  facet normal 0 0 1
    outer loop
      vertex 12.472243186433545 13.15 -9.2
      vertex 12.5 11.401923788646684 -9.2
      vertex 12.553027277992422 13.30854770677114 -9.2
    endloop
  endfacet
  facet normal 0 0 1
    outer loop
      vertex 12.472243186433545 13.15 -9.2
      vertex 12.37532889043741 13.000765071102796 -9.2
      vertex 12.5 11.401923788646684 -9.2
    endloop
  endfacet
  facet normal 0 0 1
    outer loop
      vertex 12.26334620331157 12.862477969189941 -9.2
      vertex 12.137522030810059 12.73665379668843 -9.2
      vertex 12.220209929227401 11.259363627072197 -9.2
    endloop
  endfacet
  facet normal 0 0 1
    outer loop
      vertex 12.26334620331157 12.862477969189941 -9.2
      vertex 12.5 11.401923788646684 -9.2
      vertex 12.37532889043741 13.000765071102796 -9.2
    endloop
  endfacet
  facet normal 0 0 1
    outer loop
      vertex 12.553027277992422 13.30854770677114 -9.2
      vertex 12.5 11.401923788646684 -9.2
      vertex 12.76335575687742 11.572949016875157 -9.2
    endloop
  endfacet
  facet normal 0 0 1
    outer loop
      vertex 12.690687222126064 13.822301612444988 -9.2
      vertex 12.66285092124747 13.646550125609808 -9.2
      vertex 12.76335575687742 11.572949016875157 -9.2
    endloop
  endfacet
  facet normal 0 0 1
    outer loop
      vertex 12.66285092124747 13.646550125609808 -9.2
      vertex 12.61679607770176 13.474671109562589 -9.2
      vertex 12.76335575687742 11.572949016875157 -9.2
    endloop
  endfacet
  facet normal 0 0 1
    outer loop
      vertex 11.353449874390192 12.33714907875253 -9.2
      vertex 11.313585389802961 11.01643431389518 -9.2
      vertex 11.623735072453279 11.065557197798583 -9.2
    endloop
  endfacet
  facet normal 0 0 1
    outer loop
      vertex 11.623735072453279 11.065557197798583 -9.2
      vertex 11.927050983124841 11.146830451114539 -9.2
      vertex 11.69145229322886 12.446972722007578 -9.2
    endloop
  endfacet
  facet normal 0 0 1
    outer loop
      vertex 11.999234928897204 12.62467110956259 -9.2
      vertex 11.927050983124841 11.146830451114539 -9.2
      vertex 12.220209929227401 11.259363627072197 -9.2
    endloop
  endfacet
  facet normal 0 0 1
    outer loop
      vertex 12.26334620331157 12.862477969189941 -9.2
      vertex 12.220209929227401 11.259363627072197 -9.2
      vertex 12.5 11.401923788646684 -9.2
    endloop
  endfacet
  facet normal 0 0 1
    outer loop
      vertex 12.690687222126064 14.177698387555012 -9.2
      vertex 12.7 14 -9.2
      vertex 13.985962757173189 14.2678465490972 -9.2
    endloop
  endfacet
  facet normal 0 0 1
    outer loop
      vertex 12.7 14 -9.2
      vertex 12.76335575687742 11.572949016875157 -9.2
      vertex 13.985962757173189 14.2678465490972 -9.2
    endloop
  endfacet
  facet normal -0.9986295347545737 -0.052335956242947006 9.64988897148179e-15
    outer loop
      vertex 14 14 -9.2
      vertex 13.98356568610482 14.313585389802961 -9.129568361711701
      vertex 13.985962757173189 14.2678465490972 -9.2
    endloop
  endfacet
  facet normal 0 0 1
    outer loop
      vertex 14 14 -9.2
      vertex 13.985962757173189 14.2678465490972 -9.2
      vertex 13.98356568610482 13.686414610197039 -9.2
    endloop
  endfacet
  facet normal 0 0 1
    outer loop
      vertex 13.98356568610482 13.686414610197039 -9.2
      vertex 13.985962757173189 14.2678465490972 -9.2
      vertex 13.934442802201417 13.376264927546721 -9.2
    endloop
  endfacet
  facet normal 0 0 1
    outer loop
      vertex 13.598076211353316 12.5 -9.2
      vertex 13.740636372927803 12.779790070772599 -9.2
      vertex 13.985962757173189 14.2678465490972 -9.2
    endloop
  endfacet
  facet normal 0 0 1
    outer loop
      vertex 13.934442802201417 13.376264927546721 -9.2
      vertex 13.985962757173189 14.2678465490972 -9.2
      vertex 13.853169548885461 13.072949016875159 -9.2
    endloop
  endfacet
  facet normal 0 0 1
    outer loop
      vertex 13.853169548885461 13.072949016875159 -9.2
      vertex 13.985962757173189 14.2678465490972 -9.2
      vertex 13.740636372927803 12.779790070772599 -9.2
    endloop
  endfacet
  facet normal 0 0 1
    outer loop
      vertex 13.007391819076574 11.770565523567818 -9.2
      vertex 13.985962757173189 14.2678465490972 -9.2
      vertex 12.76335575687742 11.572949016875157 -9.2
    endloop
  endfacet
  facet normal 0 0 1
    outer loop
      vertex 13.427050983124843 12.23664424312258 -9.2
      vertex 13.985962757173189 14.2678465490972 -9.2
      vertex 13.229434476432182 11.992608180923426 -9.2
    endloop
  endfacet
  facet normal 0 0 1
    outer loop
      vertex 13.007391819076574 11.770565523567818 -9.2
      vertex 13.229434476432182 11.992608180923426 -9.2
      vertex 13.985962757173189 14.2678465490972 -9.2
    endloop
  endfacet
  facet normal 0 0 1
    outer loop
      vertex 13.427050983124843 12.23664424312258 -9.2
      vertex 13.598076211353316 12.5 -9.2
      vertex 13.985962757173189 14.2678465490972 -9.2
    endloop
  endfacet
  facet normal 0.9659258262890666 -0.2588190451025269 -3.057264247781421e-18
    outer loop
      vertex 9.38320392229824 -13.474671109562589 0
      vertex 9.33714907875253 -13.646550125609808 0
      vertex 9.33714907875253 -13.646550125609808 -1.2
    endloop
  endfacet
  facet normal 0.987688340595139 -0.15643446504022357 -1.859359593205559e-18
    outer loop
      vertex 9.33714907875253 -13.646550125609808 0
      vertex 9.309312777873936 -13.822301612444988 0
      vertex 9.309312777873936 -13.822301612444988 -1.2
    endloop
  endfacet
  facet normal 0.9986295347545738 -0.05233595624294446 2.49131008873634e-19
    outer loop
      vertex 9.309312777873936 -13.822301612444988 0
      vertex 9.3 -14 0
      vertex 9.3 -14 -1.2
    endloop
  endfacet
  facet normal 0.9986295347545738 0.05233595624294446 -2.49131008873634e-19
    outer loop
      vertex 9.3 -14 0
      vertex 9.309312777873936 -14.177698387555012 0
      vertex 9.309312777873936 -14.177698387555012 -1.2
    endloop
  endfacet
  facet normal 0.9659258262890666 -0.2588190451025269 0
    outer loop
      vertex 9.38320392229824 -13.474671109562589 0
      vertex 9.33714907875253 -13.646550125609808 -1.2
      vertex 9.38320392229824 -13.474671109562589 -1.2
    endloop
  endfacet
  facet normal 0.987688340595139 -0.15643446504022357 0
    outer loop
      vertex 9.33714907875253 -13.646550125609808 0
      vertex 9.309312777873936 -13.822301612444988 -1.2
      vertex 9.33714907875253 -13.646550125609808 -1.2
    endloop
  endfacet
  facet normal 0.9986295347545738 -0.05233595624294446 0
    outer loop
      vertex 9.309312777873936 -13.822301612444988 0
      vertex 9.3 -14 -1.2
      vertex 9.309312777873936 -13.822301612444988 -1.2
    endloop
  endfacet
  facet normal 0.9986295347545738 0.05233595624294446 0
    outer loop
      vertex 9.3 -14 0
      vertex 9.309312777873936 -14.177698387555012 -1.2
      vertex 9.3 -14 -1.2
    endloop
  endfacet
  facet normal 0.987688340595139 0.15643446504022357 0
    outer loop
      vertex 9.309312777873936 -14.177698387555012 0
      vertex 9.33714907875253 -14.353449874390192 -1.2
      vertex 9.309312777873936 -14.177698387555012 -1.2
    endloop
  endfacet
  facet normal 0.7771459614569779 -0.629320391049829 0
    outer loop
      vertex 9.62467110956259 -13.000765071102796 0
      vertex 9.62467110956259 -13.000765071102796 -1.2
      vertex 9.625290651925893 -13 0
    endloop
  endfacet
  facet normal 0.8386705679454263 -0.5446390350150235 0
    outer loop
      vertex 9.62467110956259 -13.000765071102796 0
      vertex 9.527756813566455 -13.15 -1.2
      vertex 9.62467110956259 -13.000765071102796 -1.2
    endloop
  endfacet
  facet normal 0.7771459614569705 -0.6293203910498378 9.587413731419744e-18
    outer loop
      vertex 9.625290651925893 -13 0
      vertex 9.62467110956259 -13.000765071102796 -1.2
      vertex 9.67621743138023 -12.93711066486035 -1.2
    endloop
  endfacet
  facet normal 0.8910065241883646 -0.45399049973955313 -1.873228080906661e-18
    outer loop
      vertex 9.527756813566455 -13.15 0
      vertex 9.446972722007578 -13.30854770677114 0
      vertex 9.446972722007578 -13.30854770677114 -1.2
    endloop
  endfacet
  facet normal 0.8386705679454263 -0.5446390350150235 -4.425185184052951e-19
    outer loop
      vertex 9.62467110956259 -13.000765071102796 0
      vertex 9.527756813566455 -13.15 0
      vertex 9.527756813566455 -13.15 -1.2
    endloop
  endfacet
  facet normal 0.9335804264972034 -0.358367949545296 2.3149022037031112e-18
    outer loop
      vertex 9.446972722007578 -13.30854770677114 0
      vertex 9.38320392229824 -13.474671109562589 0
      vertex 9.38320392229824 -13.474671109562589 -1.2
    endloop
  endfacet
  facet normal 0.8910065241883646 -0.45399049973955313 0
    outer loop
      vertex 9.527756813566455 -13.15 0
      vertex 9.446972722007578 -13.30854770677114 -1.2
      vertex 9.527756813566455 -13.15 -1.2
    endloop
  endfacet
  facet normal 0.9335804264972034 -0.358367949545296 0
    outer loop
      vertex 9.446972722007578 -13.30854770677114 0
      vertex 9.38320392229824 -13.474671109562589 -1.2
      vertex 9.446972722007578 -13.30854770677114 -1.2
    endloop
  endfacet
  facet normal 0.987688340595139 0.15643446504022357 1.859359593205559e-18
    outer loop
      vertex 9.309312777873936 -14.177698387555012 0
      vertex 9.33714907875253 -14.353449874390192 0
      vertex 9.33714907875253 -14.353449874390192 -1.2
    endloop
  endfacet
  facet normal 0.9659258262890666 0.2588190451025269 3.057264247781421e-18
    outer loop
      vertex 9.33714907875253 -14.353449874390192 0
      vertex 9.38320392229824 -14.525328890437411 0
      vertex 9.38320392229824 -14.525328890437411 -1.2
    endloop
  endfacet
  facet normal 0.9659258262890666 0.2588190451025269 0
    outer loop
      vertex 9.33714907875253 -14.353449874390192 0
      vertex 9.38320392229824 -14.525328890437411 -1.2
      vertex 9.33714907875253 -14.353449874390192 -1.2
    endloop
  endfacet
  facet normal 0.9335804264972034 0.358367949545296 -2.3149022037031112e-18
    outer loop
      vertex 9.38320392229824 -14.525328890437411 0
      vertex 9.446972722007578 -14.69145229322886 0
      vertex 9.446972722007578 -14.69145229322886 -1.2
    endloop
  endfacet
  facet normal 0.8910065241883646 0.45399049973955313 1.873228080906661e-18
    outer loop
      vertex 9.446972722007578 -14.69145229322886 0
      vertex 9.527756813566455 -14.85 0
      vertex 9.527756813566455 -14.85 -1.2
    endloop
  endfacet
  facet normal 0.8386705679454263 0.5446390350150235 4.425185184052951e-19
    outer loop
      vertex 9.527756813566455 -14.85 0
      vertex 9.62467110956259 -14.999234928897204 0
      vertex 9.62467110956259 -14.999234928897204 -1.2
    endloop
  endfacet
  facet normal 0.7771459614569729 0.6293203910498348 1.2974328472120694e-18
    outer loop
      vertex 9.62467110956259 -14.999234928897204 0
      vertex 9.73665379668843 -15.137522030810059 0
      vertex 9.73665379668843 -15.137522030810059 -1.2
    endloop
  endfacet
  facet normal 0.7071067811865476 0.7071067811865476 -1.126120732727787e-18
    outer loop
      vertex 9.73665379668843 -15.137522030810059 0
      vertex 9.862477969189941 -15.26334620331157 0
      vertex 9.862477969189941 -15.26334620331157 -1.2
    endloop
  endfacet
  facet normal 0.6293203910498348 0.7771459614569729 1.2974328472120694e-18
    outer loop
      vertex 9.862477969189941 -15.26334620331157 0
      vertex 10.000765071102796 -15.37532889043741 0
      vertex 10.000765071102796 -15.37532889043741 -1.2
    endloop
  endfacet
  facet normal 0.9335804264972034 0.358367949545296 0
    outer loop
      vertex 9.38320392229824 -14.525328890437411 0
      vertex 9.446972722007578 -14.69145229322886 -1.2
      vertex 9.38320392229824 -14.525328890437411 -1.2
    endloop
  endfacet
  facet normal 0.8910065241883646 0.45399049973955313 0
    outer loop
      vertex 9.446972722007578 -14.69145229322886 0
      vertex 9.527756813566455 -14.85 -1.2
      vertex 9.446972722007578 -14.69145229322886 -1.2
    endloop
  endfacet
  facet normal 0.8386705679454263 0.5446390350150235 0
    outer loop
      vertex 9.527756813566455 -14.85 0
      vertex 9.62467110956259 -14.999234928897204 -1.2
      vertex 9.527756813566455 -14.85 -1.2
    endloop
  endfacet
  facet normal 0.7771459614569729 0.6293203910498348 0
    outer loop
      vertex 9.62467110956259 -14.999234928897204 0
      vertex 9.73665379668843 -15.137522030810059 -1.2
      vertex 9.62467110956259 -14.999234928897204 -1.2
    endloop
  endfacet
  facet normal 0.7071067811865476 0.7071067811865476 0
    outer loop
      vertex 9.73665379668843 -15.137522030810059 0
      vertex 9.862477969189941 -15.26334620331157 -1.2
      vertex 9.73665379668843 -15.137522030810059 -1.2
    endloop
  endfacet
  facet normal 0.6293203910498348 0.7771459614569729 0
    outer loop
      vertex 9.862477969189941 -15.26334620331157 0
      vertex 10.000765071102796 -15.37532889043741 -1.2
      vertex 9.862477969189941 -15.26334620331157 -1.2
    endloop
  endfacet
  facet normal 0.5446390350150235 0.8386705679454263 0
    outer loop
      vertex 10.000765071102796 -15.37532889043741 0
      vertex 10.15 -15.472243186433545 -1.2
      vertex 10.000765071102796 -15.37532889043741 -1.2
    endloop
  endfacet
  facet normal 0.5446390350150235 0.8386705679454263 4.425185184052951e-19
    outer loop
      vertex 10.000765071102796 -15.37532889043741 0
      vertex 10.15 -15.472243186433545 0
      vertex 10.15 -15.472243186433545 -1.2
    endloop
  endfacet
  facet normal 0.45399049973955313 0.8910065241883646 1.873228080906661e-18
    outer loop
      vertex 10.15 -15.472243186433545 0
      vertex 10.30854770677114 -15.553027277992422 0
      vertex 10.30854770677114 -15.553027277992422 -1.2
    endloop
  endfacet
  facet normal 0.45399049973955313 0.8910065241883646 0
    outer loop
      vertex 10.15 -15.472243186433545 0
      vertex 10.30854770677114 -15.553027277992422 -1.2
      vertex 10.15 -15.472243186433545 -1.2
    endloop
  endfacet
  facet normal 0.358367949545296 0.9335804264972034 -2.3149022037031112e-18
    outer loop
      vertex 10.30854770677114 -15.553027277992422 0
      vertex 10.474671109562589 -15.61679607770176 0
      vertex 10.474671109562589 -15.61679607770176 -1.2
    endloop
  endfacet
  facet normal 0.2588190451025269 0.9659258262890666 3.057264247781421e-18
    outer loop
      vertex 10.474671109562589 -15.61679607770176 0
      vertex 10.646550125609808 -15.66285092124747 0
      vertex 10.646550125609808 -15.66285092124747 -1.2
    endloop
  endfacet
  facet normal 0.15643446504022357 0.987688340595139 1.859359593205559e-18
    outer loop
      vertex 10.646550125609808 -15.66285092124747 0
      vertex 10.822301612444988 -15.690687222126064 0
      vertex 10.822301612444988 -15.690687222126064 -1.2
    endloop
  endfacet
  facet normal 0.05233595624294446 0.9986295347545738 -2.49131008873634e-19
    outer loop
      vertex 10.822301612444988 -15.690687222126064 0
      vertex 11 -15.7 0
      vertex 11 -15.7 -1.2
    endloop
  endfacet
  facet normal -0.05233595624294446 0.9986295347545738 2.49131008873634e-19
    outer loop
      vertex 11 -15.7 0
      vertex 11.177698387555012 -15.690687222126064 0
      vertex 11.177698387555012 -15.690687222126064 -1.2
    endloop
  endfacet
  facet normal 0.358367949545296 0.9335804264972034 0
    outer loop
      vertex 10.30854770677114 -15.553027277992422 0
      vertex 10.474671109562589 -15.61679607770176 -1.2
      vertex 10.30854770677114 -15.553027277992422 -1.2
    endloop
  endfacet
  facet normal 0.2588190451025269 0.9659258262890666 0
    outer loop
      vertex 10.474671109562589 -15.61679607770176 0
      vertex 10.646550125609808 -15.66285092124747 -1.2
      vertex 10.474671109562589 -15.61679607770176 -1.2
    endloop
  endfacet
  facet normal 0.15643446504022357 0.987688340595139 0
    outer loop
      vertex 10.646550125609808 -15.66285092124747 0
      vertex 10.822301612444988 -15.690687222126064 -1.2
      vertex 10.646550125609808 -15.66285092124747 -1.2
    endloop
  endfacet
  facet normal 0.05233595624294446 0.9986295347545738 0
    outer loop
      vertex 10.822301612444988 -15.690687222126064 0
      vertex 11 -15.7 -1.2
      vertex 10.822301612444988 -15.690687222126064 -1.2
    endloop
  endfacet
  facet normal -0.05233595624294446 0.9986295347545738 0
    outer loop
      vertex 11 -15.7 0
      vertex 11.177698387555012 -15.690687222126064 -1.2
      vertex 11 -15.7 -1.2
    endloop
  endfacet
  facet normal -0.15643446504022357 0.987688340595139 0
    outer loop
      vertex 11.177698387555012 -15.690687222126064 0
      vertex 11.353449874390192 -15.66285092124747 -1.2
      vertex 11.177698387555012 -15.690687222126064 -1.2
    endloop
  endfacet
  facet normal -0.7771459614569779 -0.629320391049829 0
    outer loop
      vertex 12.37532889043741 -13.000765071102796 0
      vertex 12.374709348074107 -13 0
      vertex 12.37532889043741 -13.000765071102796 -1.2
    endloop
  endfacet
  facet normal -0.8386705679454263 -0.5446390350150235 0
    outer loop
      vertex 12.37532889043741 -13.000765071102796 0
      vertex 12.37532889043741 -13.000765071102796 -1.2
      vertex 12.472243186433545 -13.15 0
    endloop
  endfacet
  facet normal -0.7771459614569705 -0.629320391049838 9.588137265036431e-18
    outer loop
      vertex 12.374709348074107 -13 0
      vertex 12.32378256861977 -12.93711066486035 -1.2
      vertex 12.37532889043741 -13.000765071102796 -1.2
    endloop
  endfacet
  facet normal -0.8910065241883646 -0.45399049973955313 0
    outer loop
      vertex 12.472243186433545 -13.15 0
      vertex 12.472243186433545 -13.15 -1.2
      vertex 12.553027277992422 -13.30854770677114 0
    endloop
  endfacet
  facet normal -0.9335804264972034 -0.358367949545296 0
    outer loop
      vertex 12.553027277992422 -13.30854770677114 0
      vertex 12.553027277992422 -13.30854770677114 -1.2
      vertex 12.61679607770176 -13.474671109562589 0
    endloop
  endfacet
  facet normal -0.9659258262890666 -0.2588190451025269 0
    outer loop
      vertex 12.61679607770176 -13.474671109562589 0
      vertex 12.61679607770176 -13.474671109562589 -1.2
      vertex 12.66285092124747 -13.646550125609808 0
    endloop
  endfacet
  facet normal -0.987688340595139 -0.15643446504022357 0
    outer loop
      vertex 12.66285092124747 -13.646550125609808 0
      vertex 12.66285092124747 -13.646550125609808 -1.2
      vertex 12.690687222126064 -13.822301612444988 0
    endloop
  endfacet
  facet normal -0.9986295347545738 -0.05233595624294446 0
    outer loop
      vertex 12.690687222126064 -13.822301612444988 0
      vertex 12.690687222126064 -13.822301612444988 -1.2
      vertex 12.7 -14 0
    endloop
  endfacet
  facet normal -0.9986295347545738 0.05233595624294446 0
    outer loop
      vertex 12.7 -14 0
      vertex 12.7 -14 -1.2
      vertex 12.690687222126064 -14.177698387555012 0
    endloop
  endfacet
  facet normal -0.987688340595139 0.15643446504022357 0
    outer loop
      vertex 12.690687222126064 -14.177698387555012 0
      vertex 12.690687222126064 -14.177698387555012 -1.2
      vertex 12.66285092124747 -14.353449874390192 0
    endloop
  endfacet
  facet normal -0.8386705679454263 -0.5446390350150235 0
    outer loop
      vertex 12.472243186433545 -13.15 0
      vertex 12.37532889043741 -13.000765071102796 -1.2
      vertex 12.472243186433545 -13.15 -1.2
    endloop
  endfacet
  facet normal -0.8910065241883646 -0.45399049973955313 0
    outer loop
      vertex 12.553027277992422 -13.30854770677114 0
      vertex 12.472243186433545 -13.15 -1.2
      vertex 12.553027277992422 -13.30854770677114 -1.2
    endloop
  endfacet
  facet normal -0.9335804264972034 -0.358367949545296 0
    outer loop
      vertex 12.61679607770176 -13.474671109562589 0
      vertex 12.553027277992422 -13.30854770677114 -1.2
      vertex 12.61679607770176 -13.474671109562589 -1.2
    endloop
  endfacet
  facet normal -0.9659258262890666 -0.2588190451025269 0
    outer loop
      vertex 12.66285092124747 -13.646550125609808 0
      vertex 12.61679607770176 -13.474671109562589 -1.2
      vertex 12.66285092124747 -13.646550125609808 -1.2
    endloop
  endfacet
  facet normal -0.987688340595139 -0.15643446504022357 0
    outer loop
      vertex 12.690687222126064 -13.822301612444988 0
      vertex 12.66285092124747 -13.646550125609808 -1.2
      vertex 12.690687222126064 -13.822301612444988 -1.2
    endloop
  endfacet
  facet normal -0.9986295347545738 -0.05233595624294446 0
    outer loop
      vertex 12.7 -14 0
      vertex 12.690687222126064 -13.822301612444988 -1.2
      vertex 12.7 -14 -1.2
    endloop
  endfacet
  facet normal -0.9986295347545738 0.05233595624294446 0
    outer loop
      vertex 12.690687222126064 -14.177698387555012 0
      vertex 12.7 -14 -1.2
      vertex 12.690687222126064 -14.177698387555012 -1.2
    endloop
  endfacet
  facet normal -0.5446390350150235 0.8386705679454263 -4.425185184052951e-19
    outer loop
      vertex 11.85 -15.472243186433545 0
      vertex 11.999234928897204 -15.37532889043741 0
      vertex 11.999234928897204 -15.37532889043741 -1.2
    endloop
  endfacet
  facet normal -0.6293203910498348 0.7771459614569729 -1.2974328472120694e-18
    outer loop
      vertex 11.999234928897204 -15.37532889043741 0
      vertex 12.137522030810059 -15.26334620331157 0
      vertex 12.137522030810059 -15.26334620331157 -1.2
    endloop
  endfacet
  facet normal -0.6293203910498348 0.7771459614569729 0
    outer loop
      vertex 11.999234928897204 -15.37532889043741 0
      vertex 12.137522030810059 -15.26334620331157 -1.2
      vertex 11.999234928897204 -15.37532889043741 -1.2
    endloop
  endfacet
  facet normal -0.7071067811865476 0.7071067811865476 0
    outer loop
      vertex 12.137522030810059 -15.26334620331157 0
      vertex 12.26334620331157 -15.137522030810059 -1.2
      vertex 12.137522030810059 -15.26334620331157 -1.2
    endloop
  endfacet
  facet normal -0.15643446504022357 0.987688340595139 -1.859359593205559e-18
    outer loop
      vertex 11.177698387555012 -15.690687222126064 0
      vertex 11.353449874390192 -15.66285092124747 0
      vertex 11.353449874390192 -15.66285092124747 -1.2
    endloop
  endfacet
  facet normal -0.2588190451025269 0.9659258262890666 -3.057264247781421e-18
    outer loop
      vertex 11.353449874390192 -15.66285092124747 0
      vertex 11.525328890437411 -15.61679607770176 0
      vertex 11.525328890437411 -15.61679607770176 -1.2
    endloop
  endfacet
  facet normal -0.358367949545296 0.9335804264972034 2.3149022037031112e-18
    outer loop
      vertex 11.525328890437411 -15.61679607770176 0
      vertex 11.69145229322886 -15.553027277992422 0
      vertex 11.69145229322886 -15.553027277992422 -1.2
    endloop
  endfacet
  facet normal -0.45399049973955313 0.8910065241883646 0
    outer loop
      vertex 11.85 -15.472243186433545 0
      vertex 11.85 -15.472243186433545 -1.2
      vertex 11.69145229322886 -15.553027277992422 0
    endloop
  endfacet
  facet normal -0.2588190451025269 0.9659258262890666 0
    outer loop
      vertex 11.353449874390192 -15.66285092124747 0
      vertex 11.525328890437411 -15.61679607770176 -1.2
      vertex 11.353449874390192 -15.66285092124747 -1.2
    endloop
  endfacet
  facet normal -0.358367949545296 0.9335804264972034 0
    outer loop
      vertex 11.525328890437411 -15.61679607770176 0
      vertex 11.69145229322886 -15.553027277992422 -1.2
      vertex 11.525328890437411 -15.61679607770176 -1.2
    endloop
  endfacet
  facet normal -0.45399049973955313 0.8910065241883646 0
    outer loop
      vertex 11.69145229322886 -15.553027277992422 0
      vertex 11.85 -15.472243186433545 -1.2
      vertex 11.69145229322886 -15.553027277992422 -1.2
    endloop
  endfacet
  facet normal -0.5446390350150235 0.8386705679454263 0
    outer loop
      vertex 11.85 -15.472243186433545 0
      vertex 11.999234928897204 -15.37532889043741 -1.2
      vertex 11.85 -15.472243186433545 -1.2
    endloop
  endfacet
  facet normal -0.9659258262890666 0.2588190451025269 0
    outer loop
      vertex 12.66285092124747 -14.353449874390192 0
      vertex 12.66285092124747 -14.353449874390192 -1.2
      vertex 12.61679607770176 -14.525328890437411 0
    endloop
  endfacet
  facet normal -0.8910065241883646 0.45399049973955313 -1.873228080906661e-18
    outer loop
      vertex 12.472243186433545 -14.85 0
      vertex 12.553027277992422 -14.69145229322886 0
      vertex 12.553027277992422 -14.69145229322886 -1.2
    endloop
  endfacet
  facet normal -0.9335804264972034 0.358367949545296 0
    outer loop
      vertex 12.61679607770176 -14.525328890437411 0
      vertex 12.61679607770176 -14.525328890437411 -1.2
      vertex 12.553027277992422 -14.69145229322886 0
    endloop
  endfacet
  facet normal -0.7771459614569729 0.6293203910498348 -1.2974328472120694e-18
    outer loop
      vertex 12.26334620331157 -15.137522030810059 0
      vertex 12.37532889043741 -14.999234928897204 0
      vertex 12.37532889043741 -14.999234928897204 -1.2
    endloop
  endfacet
  facet normal -0.7071067811865476 0.7071067811865476 0
    outer loop
      vertex 12.26334620331157 -15.137522030810059 0
      vertex 12.26334620331157 -15.137522030810059 -1.2
      vertex 12.137522030810059 -15.26334620331157 0
    endloop
  endfacet
  facet normal -0.8386705679454263 0.5446390350150235 0
    outer loop
      vertex 12.472243186433545 -14.85 0
      vertex 12.472243186433545 -14.85 -1.2
      vertex 12.37532889043741 -14.999234928897204 0
    endloop
  endfacet
  facet normal -0.9659258262890666 0.2588190451025269 0
    outer loop
      vertex 12.61679607770176 -14.525328890437411 0
      vertex 12.66285092124747 -14.353449874390192 -1.2
      vertex 12.61679607770176 -14.525328890437411 -1.2
    endloop
  endfacet
  facet normal -0.8910065241883646 0.45399049973955313 0
    outer loop
      vertex 12.472243186433545 -14.85 0
      vertex 12.553027277992422 -14.69145229322886 -1.2
      vertex 12.472243186433545 -14.85 -1.2
    endloop
  endfacet
  facet normal -0.9335804264972034 0.358367949545296 2.3149022037031112e-18
    outer loop
      vertex 12.61679607770176 -14.525328890437411 -1.2
      vertex 12.553027277992422 -14.69145229322886 -1.2
      vertex 12.553027277992422 -14.69145229322886 0
    endloop
  endfacet
  facet normal -0.7771459614569729 0.6293203910498348 0
    outer loop
      vertex 12.26334620331157 -15.137522030810059 0
      vertex 12.37532889043741 -14.999234928897204 -1.2
      vertex 12.26334620331157 -15.137522030810059 -1.2
    endloop
  endfacet
  facet normal -0.8386705679454263 0.5446390350150235 0
    outer loop
      vertex 12.37532889043741 -14.999234928897204 0
      vertex 12.472243186433545 -14.85 -1.2
      vertex 12.37532889043741 -14.999234928897204 -1.2
    endloop
  endfacet
  facet normal -0.987688340595139 0.15643446504022357 0
    outer loop
      vertex 12.66285092124747 -14.353449874390192 0
      vertex 12.690687222126064 -14.177698387555012 -1.2
      vertex 12.66285092124747 -14.353449874390192 -1.2
    endloop
  endfacet
  facet normal 0.9659258262890666 -0.2588190451025269 0
    outer loop
      vertex 9.38320392229824 -13.474671109562589 -9.2
      vertex 9.33714907875253 -13.646550125609808 -9.2
      vertex 9.38320392229824 -13.474671109562589 -10
    endloop
  endfacet
  facet normal 0.9986295347545738 0.05233595624294447 -2.153622207207584e-18
    outer loop
      vertex 9.3 -14 -9.2
      vertex 9.309312777873936 -14.177698387555012 -9.2
      vertex 9.309312777873936 -14.177698387555012 -9.338815995511112
    endloop
  endfacet
  facet normal 0.9876883405951398 0.15643446504021785 0
    outer loop
      vertex 9.309312777873936 -14.177698387555012 -9.2
      vertex 9.32359084398608 -14.2678465490972 -9.2
      vertex 9.309312777873936 -14.177698387555012 -9.338815995511112
    endloop
  endfacet
  facet normal 0.9986295347545738 -0.05233595624294446 7.248369758377548e-19
    outer loop
      vertex 9.309312777873936 -13.822301612444988 -9.2
      vertex 9.3 -14 -9.2
      vertex 9.3 -14 -9.61244751663342
    endloop
  endfacet
  facet normal 0.9876883405951388 -0.15643446504022357 0
    outer loop
      vertex 9.33714907875253 -13.646550125609808 -9.2
      vertex 9.309312777873936 -13.822301612444988 -9.2
      vertex 9.33714907875253 -13.646550125609808 -10
    endloop
  endfacet
  facet normal 0.9986295347545738 0.05233595624294446 0
    outer loop
      vertex 9.3 -14 -9.2
      vertex 9.309312777873936 -14.177698387555012 -9.338815995511112
      vertex 9.3 -14 -9.61244751663342
    endloop
  endfacet
  facet normal 0.9659258262890666 -0.2588190451025269 0
    outer loop
      vertex 9.33714907875253 -13.646550125609808 -9.2
      vertex 9.33714907875253 -13.646550125609808 -10
      vertex 9.38320392229824 -13.474671109562589 -10
    endloop
  endfacet
  facet normal 0 0 1
    outer loop
      vertex 9.38320392229824 -13.474671109562589 -10
      vertex 9.33714907875253 -13.646550125609808 -10
      vertex 9.321224575721715 -13.747093480741079 -10
    endloop
  endfacet
  facet normal 0.9986295347545738 -0.052335956242944466 0
    outer loop
      vertex 9.309312777873936 -13.822301612444988 -9.2
      vertex 9.3 -14 -9.61244751663342
      vertex 9.309312777873936 -13.822301612444988 -9.886079037755728
    endloop
  endfacet
  facet normal 0.9876883405951363 -0.1564344650402402 0
    outer loop
      vertex 9.309312777873936 -13.822301612444988 -9.2
      vertex 9.309312777873936 -13.822301612444988 -9.886079037755728
      vertex 9.321224575721715 -13.747093480741079 -10
    endloop
  endfacet
  facet normal 0.9876883405951408 -0.15643446504021116 2.791931243760771e-15
    outer loop
      vertex 9.309312777873936 -13.822301612444988 -9.2
      vertex 9.321224575721715 -13.747093480741079 -10
      vertex 9.33714907875253 -13.646550125609808 -10
    endloop
  endfacet
  facet normal 0.9876883405950814 -0.15643446504058658 -2.344389182817891e-13
    outer loop
      vertex 9.320243317017024 -13.753288904374106 -9.992349288972044
      vertex 9.321224575721715 -13.747093480741079 -10
      vertex 9.309312777873936 -13.822301612444988 -9.886079037755728
    endloop
  endfacet
  facet normal 0.8386705679454263 -0.5446390350150235 0
    outer loop
      vertex 9.62467110956259 -13.000765071102796 -9.2
      vertex 9.527756813566455 -13.15 -9.2
      vertex 9.62467110956259 -13.000765071102796 -10
    endloop
  endfacet
  facet normal 0.7771459614569729 -0.629320391049835 -1.9461492708181023e-18
    outer loop
      vertex 9.62467110956259 -13.000765071102796 -9.2
      vertex 9.73665379668843 -12.862477969189941 -10
      vertex 9.73665379668843 -12.862477969189941 -9.2
    endloop
  endfacet
  facet normal 0.7071067811865475 -0.7071067811865475 0
    outer loop
      vertex 9.862477969189941 -12.73665379668843 -9.2
      vertex 9.73665379668843 -12.862477969189941 -9.2
      vertex 9.862477969189941 -12.73665379668843 -10
    endloop
  endfacet
  facet normal 0.629320391049835 -0.7771459614569729 -1.9461492708181023e-18
    outer loop
      vertex 9.862477969189941 -12.73665379668843 -9.2
      vertex 10.000765071102796 -12.62467110956259 -10
      vertex 10.000765071102796 -12.62467110956259 -9.2
    endloop
  endfacet
  facet normal 0.5446390350150235 -0.8386705679454263 -6.637777776079422e-19
    outer loop
      vertex 10.000765071102796 -12.62467110956259 -9.2
      vertex 10.15 -12.527756813566455 -10
      vertex 10.15 -12.527756813566455 -9.2
    endloop
  endfacet
  facet normal 0.45399049973955313 -0.8910065241883647 -2.8098421213599896e-18
    outer loop
      vertex 10.15 -12.527756813566455 -9.2
      vertex 10.30854770677114 -12.446972722007578 -10
      vertex 10.30854770677114 -12.446972722007578 -9.2
    endloop
  endfacet
  facet normal 0.8910065241883647 -0.45399049973955313 0
    outer loop
      vertex 9.527756813566455 -13.15 -9.2
      vertex 9.446972722007578 -13.30854770677114 -9.2
      vertex 9.527756813566455 -13.15 -10
    endloop
  endfacet
  facet normal 0.9335804264972032 -0.358367949545296 0
    outer loop
      vertex 9.446972722007578 -13.30854770677114 -9.2
      vertex 9.38320392229824 -13.474671109562589 -9.2
      vertex 9.446972722007578 -13.30854770677114 -10
    endloop
  endfacet
  facet normal 0.358367949545296 -0.9335804264972032 3.4723533055546636e-18
    outer loop
      vertex 10.30854770677114 -12.446972722007578 -9.2
      vertex 10.474671109562589 -12.38320392229824 -10
      vertex 10.474671109562589 -12.38320392229824 -9.2
    endloop
  endfacet
  facet normal 0.2588190451025269 -0.9659258262890666 -4.5858963716721275e-18
    outer loop
      vertex 10.474671109562589 -12.38320392229824 -9.2
      vertex 10.646550125609808 -12.33714907875253 -10
      vertex 10.646550125609808 -12.33714907875253 -9.2
    endloop
  endfacet
  facet normal 0.15643446504022357 -0.9876883405951388 -2.7890393898083357e-18
    outer loop
      vertex 10.646550125609808 -12.33714907875253 -9.2
      vertex 10.822301612444988 -12.309312777873936 -10
      vertex 10.822301612444988 -12.309312777873936 -9.2
    endloop
  endfacet
  facet normal 0.052335956242944466 -0.9986295347545738 3.7369651331045064e-19
    outer loop
      vertex 10.822301612444988 -12.309312777873936 -9.2
      vertex 11 -12.3 -10
      vertex 11 -12.3 -9.2
    endloop
  endfacet
  facet normal -0.052335956242944466 -0.9986295347545738 -3.7369651331045064e-19
    outer loop
      vertex 11 -12.3 -9.2
      vertex 11.177698387555012 -12.309312777873936 -10
      vertex 11.177698387555012 -12.309312777873936 -9.2
    endloop
  endfacet
  facet normal 0.7771459614569729 -0.629320391049835 0
    outer loop
      vertex 9.62467110956259 -13.000765071102796 -9.2
      vertex 9.62467110956259 -13.000765071102796 -10
      vertex 9.73665379668843 -12.862477969189941 -10
    endloop
  endfacet
  facet normal 0.7071067811865475 -0.7071067811865475 0
    outer loop
      vertex 9.73665379668843 -12.862477969189941 -9.2
      vertex 9.73665379668843 -12.862477969189941 -10
      vertex 9.862477969189941 -12.73665379668843 -10
    endloop
  endfacet
  facet normal 0 0 1
    outer loop
      vertex 9.862477969189941 -12.73665379668843 -10
      vertex 9.321224575721715 -13.747093480741079 -10
      vertex 10.000765071102796 -12.62467110956259 -10
    endloop
  endfacet
  facet normal 0 0 1
    outer loop
      vertex 10.000765071102796 -12.62467110956259 -10
      vertex 9.321224575721715 -13.747093480741079 -10
      vertex 10.15 -12.527756813566455 -10
    endloop
  endfacet
  facet normal 0.629320391049835 -0.7771459614569729 0
    outer loop
      vertex 9.862477969189941 -12.73665379668843 -9.2
      vertex 9.862477969189941 -12.73665379668843 -10
      vertex 10.000765071102796 -12.62467110956259 -10
    endloop
  endfacet
  facet normal 0.5446390350150235 -0.8386705679454263 0
    outer loop
      vertex 10.000765071102796 -12.62467110956259 -9.2
      vertex 10.000765071102796 -12.62467110956259 -10
      vertex 10.15 -12.527756813566455 -10
    endloop
  endfacet
  facet normal 0.45399049973955313 -0.8910065241883647 0
    outer loop
      vertex 10.15 -12.527756813566455 -9.2
      vertex 10.15 -12.527756813566455 -10
      vertex 10.30854770677114 -12.446972722007578 -10
    endloop
  endfacet
  facet normal 0 0 1
    outer loop
      vertex 10.15 -12.527756813566455 -10
      vertex 9.321224575721715 -13.747093480741079 -10
      vertex 10.30854770677114 -12.446972722007578 -10
    endloop
  endfacet
  facet normal 0 0 1
    outer loop
      vertex 10.30854770677114 -12.446972722007578 -10
      vertex 9.321224575721715 -13.747093480741079 -10
      vertex 10.474671109562589 -12.38320392229824 -10
    endloop
  endfacet
  facet normal 0 0 1
    outer loop
      vertex 10.474671109562589 -12.38320392229824 -10
      vertex 9.321224575721715 -13.747093480741079 -10
      vertex 10.646550125609808 -12.33714907875253 -10
    endloop
  endfacet
  facet normal 0 0 1
    outer loop
      vertex 10.646550125609808 -12.33714907875253 -10
      vertex 9.321224575721715 -13.747093480741079 -10
      vertex 10.822301612444988 -12.309312777873936 -10
    endloop
  endfacet
  facet normal 0.8910065241883647 -0.45399049973955313 0
    outer loop
      vertex 9.446972722007578 -13.30854770677114 -9.2
      vertex 9.446972722007578 -13.30854770677114 -10
      vertex 9.527756813566455 -13.15 -10
    endloop
  endfacet
  facet normal 0.8386705679454263 -0.5446390350150235 0
    outer loop
      vertex 9.527756813566455 -13.15 -9.2
      vertex 9.527756813566455 -13.15 -10
      vertex 9.62467110956259 -13.000765071102796 -10
    endloop
  endfacet
  facet normal 0.9335804264972032 -0.358367949545296 3.4723533055546636e-18
    outer loop
      vertex 9.446972722007578 -13.30854770677114 -10
      vertex 9.38320392229824 -13.474671109562589 -9.2
      vertex 9.38320392229824 -13.474671109562589 -10
    endloop
  endfacet
  facet normal 0 0 1
    outer loop
      vertex 9.62467110956259 -13.000765071102796 -10
      vertex 9.527756813566455 -13.15 -10
      vertex 9.321224575721715 -13.747093480741079 -10
    endloop
  endfacet
  facet normal 0 0 1
    outer loop
      vertex 9.62467110956259 -13.000765071102796 -10
      vertex 9.321224575721715 -13.747093480741079 -10
      vertex 9.73665379668843 -12.862477969189941 -10
    endloop
  endfacet
  facet normal 0 0 1
    outer loop
      vertex 9.527756813566455 -13.15 -10
      vertex 9.446972722007578 -13.30854770677114 -10
      vertex 9.321224575721715 -13.747093480741079 -10
    endloop
  endfacet
  facet normal 0 0 1
    outer loop
      vertex 9.446972722007578 -13.30854770677114 -10
      vertex 9.38320392229824 -13.474671109562589 -10
      vertex 9.321224575721715 -13.747093480741079 -10
    endloop
  endfacet
  facet normal 0 0 1
    outer loop
      vertex 9.862477969189941 -12.73665379668843 -10
      vertex 9.73665379668843 -12.862477969189941 -10
      vertex 9.321224575721715 -13.747093480741079 -10
    endloop
  endfacet
  facet normal 0.358367949545296 -0.9335804264972032 0
    outer loop
      vertex 10.30854770677114 -12.446972722007578 -9.2
      vertex 10.30854770677114 -12.446972722007578 -10
      vertex 10.474671109562589 -12.38320392229824 -10
    endloop
  endfacet
  facet normal 0.2588190451025269 -0.9659258262890666 0
    outer loop
      vertex 10.474671109562589 -12.38320392229824 -9.2
      vertex 10.474671109562589 -12.38320392229824 -10
      vertex 10.646550125609808 -12.33714907875253 -10
    endloop
  endfacet
  facet normal 0.15643446504022357 -0.9876883405951388 0
    outer loop
      vertex 10.646550125609808 -12.33714907875253 -9.2
      vertex 10.646550125609808 -12.33714907875253 -10
      vertex 10.822301612444988 -12.309312777873936 -10
    endloop
  endfacet
  facet normal 0 0 1
    outer loop
      vertex 10.822301612444988 -12.309312777873936 -10
      vertex 9.321224575721715 -13.747093480741079 -10
      vertex 11 -12.3 -10
    endloop
  endfacet
  facet normal 0 0 1
    outer loop
      vertex 11 -12.3 -10
      vertex 9.321224575721715 -13.747093480741079 -10
      vertex 11.177698387555012 -12.309312777873936 -10
    endloop
  endfacet
  facet normal 0 0 1
    outer loop
      vertex 11.177698387555012 -12.309312777873936 -10
      vertex 9.321224575721715 -13.747093480741079 -10
      vertex 11.353449874390192 -12.33714907875253 -10
    endloop
  endfacet
  facet normal 0 0 1
    outer loop
      vertex 11.353449874390192 -12.33714907875253 -10
      vertex 9.321224575721715 -13.747093480741079 -10
      vertex 11.525328890437411 -12.38320392229824 -10
    endloop
  endfacet
  facet normal 0.052335956242944466 -0.9986295347545738 0
    outer loop
      vertex 10.822301612444988 -12.309312777873936 -9.2
      vertex 10.822301612444988 -12.309312777873936 -10
      vertex 11 -12.3 -10
    endloop
  endfacet
  facet normal -0.052335956242944466 -0.9986295347545738 0
    outer loop
      vertex 11 -12.3 -9.2
      vertex 11 -12.3 -10
      vertex 11.177698387555012 -12.309312777873936 -10
    endloop
  endfacet
  facet normal -0.15643446504022357 -0.9876883405951388 0
    outer loop
      vertex 11.177698387555012 -12.309312777873936 -9.2
      vertex 11.177698387555012 -12.309312777873936 -10
      vertex 11.353449874390192 -12.33714907875253 -10
    endloop
  endfacet
  facet normal 0 0 1
    outer loop
      vertex 11.525328890437411 -12.38320392229824 -10
      vertex 9.321224575721715 -13.747093480741079 -10
      vertex 11.69145229322886 -12.446972722007578 -10
    endloop
  endfacet
  facet normal 0 0 1
    outer loop
      vertex 11.69145229322886 -12.446972722007578 -10
      vertex 9.321224575721715 -13.747093480741079 -10
      vertex 11.85 -12.527756813566455 -10
    endloop
  endfacet
  facet normal 0 0 1
    outer loop
      vertex 11.85 -12.527756813566455 -10
      vertex 9.321224575721715 -13.747093480741079 -10
      vertex 11.999234928897204 -12.62467110956259 -10
    endloop
  endfacet
  facet normal 0 0 1
    outer loop
      vertex 11.999234928897204 -12.62467110956259 -10
      vertex 9.321224575721715 -13.747093480741079 -10
      vertex 12.137522030810059 -12.73665379668843 -10
    endloop
  endfacet
  facet normal 0 0 1
    outer loop
      vertex 12.137522030810059 -12.73665379668843 -10
      vertex 9.321224575721715 -13.747093480741079 -10
      vertex 12.26334620331157 -12.862477969189941 -10
    endloop
  endfacet
  facet normal -0.15643446504022357 -0.9876883405951388 2.7890393898083357e-18
    outer loop
      vertex 11.177698387555012 -12.309312777873936 -9.2
      vertex 11.353449874390192 -12.33714907875253 -10
      vertex 11.353449874390192 -12.33714907875253 -9.2
    endloop
  endfacet
  facet normal -0.2588190451025269 -0.9659258262890666 4.5858963716721275e-18
    outer loop
      vertex 11.353449874390192 -12.33714907875253 -9.2
      vertex 11.525328890437411 -12.38320392229824 -10
      vertex 11.525328890437411 -12.38320392229824 -9.2
    endloop
  endfacet
  facet normal -0.358367949545296 -0.9335804264972032 -3.4723533055546636e-18
    outer loop
      vertex 11.525328890437411 -12.38320392229824 -9.2
      vertex 11.69145229322886 -12.446972722007578 -10
      vertex 11.69145229322886 -12.446972722007578 -9.2
    endloop
  endfacet
  facet normal -0.45399049973955313 -0.8910065241883647 2.8098421213599896e-18
    outer loop
      vertex 11.69145229322886 -12.446972722007578 -9.2
      vertex 11.85 -12.527756813566455 -10
      vertex 11.85 -12.527756813566455 -9.2
    endloop
  endfacet
  facet normal -0.5446390350150235 -0.8386705679454263 6.637777776079422e-19
    outer loop
      vertex 11.85 -12.527756813566455 -9.2
      vertex 11.999234928897204 -12.62467110956259 -10
      vertex 11.999234928897204 -12.62467110956259 -9.2
    endloop
  endfacet
  facet normal -0.629320391049835 -0.7771459614569729 1.9461492708181023e-18
    outer loop
      vertex 11.999234928897204 -12.62467110956259 -9.2
      vertex 12.137522030810059 -12.73665379668843 -10
      vertex 12.137522030810059 -12.73665379668843 -9.2
    endloop
  endfacet
  facet normal -0.7071067811865475 -0.7071067811865475 -1.689181099091679e-18
    outer loop
      vertex 12.137522030810059 -12.73665379668843 -9.2
      vertex 12.26334620331157 -12.862477969189941 -10
      vertex 12.26334620331157 -12.862477969189941 -9.2
    endloop
  endfacet
  facet normal -0.7771459614569729 -0.629320391049835 1.9461492708181023e-18
    outer loop
      vertex 12.26334620331157 -12.862477969189941 -9.2
      vertex 12.37532889043741 -13.000765071102796 -10
      vertex 12.37532889043741 -13.000765071102796 -9.2
    endloop
  endfacet
  facet normal -0.8386705679454263 -0.5446390350150235 6.637777776079422e-19
    outer loop
      vertex 12.37532889043741 -13.000765071102796 -9.2
      vertex 12.472243186433545 -13.15 -10
      vertex 12.472243186433545 -13.15 -9.2
    endloop
  endfacet
  facet normal -0.8910065241883647 -0.45399049973955313 2.8098421213599896e-18
    outer loop
      vertex 12.472243186433545 -13.15 -9.2
      vertex 12.553027277992422 -13.30854770677114 -10
      vertex 12.553027277992422 -13.30854770677114 -9.2
    endloop
  endfacet
  facet normal -0.9335804264972032 -0.358367949545296 -3.4723533055546636e-18
    outer loop
      vertex 12.553027277992422 -13.30854770677114 -9.2
      vertex 12.61679607770176 -13.474671109562589 -10
      vertex 12.61679607770176 -13.474671109562589 -9.2
    endloop
  endfacet
  facet normal -0.9659258262890666 -0.2588190451025269 4.5858963716721275e-18
    outer loop
      vertex 12.61679607770176 -13.474671109562589 -9.2
      vertex 12.66285092124747 -13.646550125609808 -10
      vertex 12.66285092124747 -13.646550125609808 -9.2
    endloop
  endfacet
  facet normal -0.9986295347545738 0.05233595624294447 2.153622207207584e-18
    outer loop
      vertex 12.7 -14 -9.2
      vertex 12.690687222126064 -14.177698387555012 -9.338815995511112
      vertex 12.690687222126064 -14.177698387555012 -9.2
    endloop
  endfacet
  facet normal -0.9876883405951398 0.15643446504021785 0
    outer loop
      vertex 12.690687222126064 -14.177698387555012 -9.2
      vertex 12.690687222126064 -14.177698387555012 -9.338815995511112
      vertex 12.67640915601392 -14.2678465490972 -9.2
    endloop
  endfacet
  facet normal -0.9876883405951389 -0.15643446504022357 3.252149372097676e-18
    outer loop
      vertex 12.66285092124747 -13.646550125609808 -9.2
      vertex 12.690687222126064 -13.822301612444988 -9.886079037755728
      vertex 12.690687222126064 -13.822301612444988 -9.2
    endloop
  endfacet
  facet normal -0.9986295347545738 -0.05233595624294446 -7.248369758377548e-19
    outer loop
      vertex 12.690687222126064 -13.822301612444988 -9.2
      vertex 12.7 -14 -9.61244751663342
      vertex 12.7 -14 -9.2
    endloop
  endfacet
  facet normal -0.9986295347545738 0.05233595624294446 0
    outer loop
      vertex 12.7 -14 -9.2
      vertex 12.7 -14 -9.61244751663342
      vertex 12.690687222126064 -14.177698387555012 -9.338815995511112
    endloop
  endfacet
  facet normal -0.2588190451025269 -0.9659258262890666 0
    outer loop
      vertex 11.353449874390192 -12.33714907875253 -9.2
      vertex 11.353449874390192 -12.33714907875253 -10
      vertex 11.525328890437411 -12.38320392229824 -10
    endloop
  endfacet
  facet normal -0.358367949545296 -0.9335804264972032 0
    outer loop
      vertex 11.525328890437411 -12.38320392229824 -9.2
      vertex 11.525328890437411 -12.38320392229824 -10
      vertex 11.69145229322886 -12.446972722007578 -10
    endloop
  endfacet
  facet normal -0.45399049973955313 -0.8910065241883647 0
    outer loop
      vertex 11.69145229322886 -12.446972722007578 -9.2
      vertex 11.69145229322886 -12.446972722007578 -10
      vertex 11.85 -12.527756813566455 -10
    endloop
  endfacet
  facet normal -0.5446390350150235 -0.8386705679454263 0
    outer loop
      vertex 11.85 -12.527756813566455 -9.2
      vertex 11.85 -12.527756813566455 -10
      vertex 11.999234928897204 -12.62467110956259 -10
    endloop
  endfacet
  facet normal -0.629320391049835 -0.7771459614569729 0
    outer loop
      vertex 11.999234928897204 -12.62467110956259 -9.2
      vertex 11.999234928897204 -12.62467110956259 -10
      vertex 12.137522030810059 -12.73665379668843 -10
    endloop
  endfacet
  facet normal -0.7071067811865475 -0.7071067811865475 0
    outer loop
      vertex 12.137522030810059 -12.73665379668843 -9.2
      vertex 12.137522030810059 -12.73665379668843 -10
      vertex 12.26334620331157 -12.862477969189941 -10
    endloop
  endfacet
  facet normal 0 0 1
    outer loop
      vertex 12.26334620331157 -12.862477969189941 -10
      vertex 9.321224575721715 -13.747093480741079 -10
      vertex 12.37532889043741 -13.000765071102796 -10
    endloop
  endfacet
  facet normal 0 0 1
    outer loop
      vertex 12.37532889043741 -13.000765071102796 -10
      vertex 9.321224575721715 -13.747093480741079 -10
      vertex 12.472243186433545 -13.15 -10
    endloop
  endfacet
  facet normal 0 0 1
    outer loop
      vertex 12.472243186433545 -13.15 -10
      vertex 9.321224575721715 -13.747093480741079 -10
      vertex 12.553027277992422 -13.30854770677114 -10
    endloop
  endfacet
  facet normal 0 0 1
    outer loop
      vertex 12.553027277992422 -13.30854770677114 -10
      vertex 9.321224575721715 -13.747093480741079 -10
      vertex 12.61679607770176 -13.474671109562589 -10
    endloop
  endfacet
  facet normal 0 0 1
    outer loop
      vertex 12.61679607770176 -13.474671109562589 -10
      vertex 9.321224575721715 -13.747093480741079 -10
      vertex 12.66285092124747 -13.646550125609808 -10
    endloop
  endfacet
  facet normal 0 0 1
    outer loop
      vertex 12.66285092124747 -13.646550125609808 -10
      vertex 9.321224575721715 -13.747093480741079 -10
      vertex 12.678775424278285 -13.747093480741077 -10
    endloop
  endfacet
  facet normal -0.7771459614569729 -0.629320391049835 0
    outer loop
      vertex 12.26334620331157 -12.862477969189941 -9.2
      vertex 12.26334620331157 -12.862477969189941 -10
      vertex 12.37532889043741 -13.000765071102796 -10
    endloop
  endfacet
  facet normal -0.8386705679454263 -0.5446390350150235 0
    outer loop
      vertex 12.37532889043741 -13.000765071102796 -9.2
      vertex 12.37532889043741 -13.000765071102796 -10
      vertex 12.472243186433545 -13.15 -10
    endloop
  endfacet
  facet normal -0.8910065241883647 -0.45399049973955313 0
    outer loop
      vertex 12.472243186433545 -13.15 -9.2
      vertex 12.472243186433545 -13.15 -10
      vertex 12.553027277992422 -13.30854770677114 -10
    endloop
  endfacet
  facet normal -0.9335804264972032 -0.358367949545296 0
    outer loop
      vertex 12.553027277992422 -13.30854770677114 -9.2
      vertex 12.553027277992422 -13.30854770677114 -10
      vertex 12.61679607770176 -13.474671109562589 -10
    endloop
  endfacet
  facet normal -0.9659258262890666 -0.2588190451025269 0
    outer loop
      vertex 12.61679607770176 -13.474671109562589 -9.2
      vertex 12.61679607770176 -13.474671109562589 -10
      vertex 12.66285092124747 -13.646550125609808 -10
    endloop
  endfacet
  facet normal -0.9876883405951377 -0.15643446504023134 2.0384911289263965e-15
    outer loop
      vertex 12.66285092124747 -13.646550125609808 -9.2
      vertex 12.679756682982976 -13.753288904374106 -9.992349288972044
      vertex 12.690687222126064 -13.822301612444988 -9.886079037755728
    endloop
  endfacet
  facet normal -0.9986295347545738 -0.052335956242944466 0
    outer loop
      vertex 12.690687222126064 -13.822301612444988 -9.2
      vertex 12.690687222126064 -13.822301612444988 -9.886079037755728
      vertex 12.7 -14 -9.61244751663342
    endloop
  endfacet
  facet normal -0.9876883405951404 -0.15643446504021388 0
    outer loop
      vertex 12.66285092124747 -13.646550125609808 -9.2
      vertex 12.66285092124747 -13.646550125609808 -10
      vertex 12.678775424278285 -13.747093480741077 -10
    endloop
  endfacet
  facet normal -0.9876883405951341 -0.15643446504025413 5.17359780512292e-15
    outer loop
      vertex 12.66285092124747 -13.646550125609808 -9.2
      vertex 12.678775424278285 -13.747093480741077 -10
      vertex 12.679756682982976 -13.753288904374106 -9.992349288972044
    endloop
  endfacet
  facet normal 0.9335804264972011 -0.358367949545302 -4.510028634456879e-15
    outer loop
      vertex 8.198973909031505 -12.93711066486035 -1.2
      vertex 8.146830451114539 -13.072949016875159 -1.2
      vertex 8.202169970611754 -12.928784639787553 -1.3588700224794952
    endloop
  endfacet
  facet normal 0 0 -1
    outer loop
      vertex 8.065557197798583 -13.376264927546721 -1.2
      vertex 8.065557197798583 -14.623735072453279 -1.2
      vertex 8.01643431389518 -13.686414610197039 -1.2
    endloop
  endfacet
  facet normal 0 0 -1
    outer loop
      vertex 8.146830451114539 -13.072949016875159 -1.2
      vertex 8.146830451114539 -14.927050983124841 -1.2
      vertex 8.065557197798583 -13.376264927546721 -1.2
    endloop
  endfacet
  facet normal 0 0 -1
    outer loop
      vertex 8.198973909031505 -12.93711066486035 -1.2
      vertex 8.259363627072197 -15.220209929227401 -1.2
      vertex 8.146830451114539 -13.072949016875159 -1.2
    endloop
  endfacet
  facet normal 0 0 -1
    outer loop
      vertex 8.01643431389518 -13.686414610197039 -1.2
      vertex 8.01643431389518 -14.313585389802961 -1.2
      vertex 8 -14 -1.2
    endloop
  endfacet
  facet normal 0 0 -1
    outer loop
      vertex 8.01643431389518 -13.686414610197039 -1.2
      vertex 8.065557197798583 -14.623735072453279 -1.2
      vertex 8.01643431389518 -14.313585389802961 -1.2
    endloop
  endfacet
  facet normal 0 0 -1
    outer loop
      vertex 8.198973909031505 -12.93711066486035 -1.2
      vertex 9.62467110956259 -13.000765071102796 -1.2
      vertex 9.527756813566455 -13.15 -1.2
    endloop
  endfacet
  facet normal 0 0 -1
    outer loop
      vertex 8.198973909031505 -12.93711066486035 -1.2
      vertex 9.67621743138023 -12.93711066486035 -1.2
      vertex 9.62467110956259 -13.000765071102796 -1.2
    endloop
  endfacet
  facet normal 0 0 -1
    outer loop
      vertex 8.198973909031505 -12.93711066486035 -1.2
      vertex 9.446972722007578 -13.30854770677114 -1.2
      vertex 9.38320392229824 -13.474671109562589 -1.2
    endloop
  endfacet
  facet normal 0 0 -1
    outer loop
      vertex 8.198973909031505 -12.93711066486035 -1.2
      vertex 9.38320392229824 -13.474671109562589 -1.2
      vertex 9.33714907875253 -13.646550125609808 -1.2
    endloop
  endfacet
  facet normal 0 0 -1
    outer loop
      vertex 8.198973909031505 -12.93711066486035 -1.2
      vertex 9.527756813566455 -13.15 -1.2
      vertex 9.446972722007578 -13.30854770677114 -1.2
    endloop
  endfacet
  facet normal 0 0 -1
    outer loop
      vertex 8.198973909031505 -12.93711066486035 -1.2
      vertex 9.33714907875253 -13.646550125609808 -1.2
      vertex 9.309312777873936 -13.822301612444988 -1.2
    endloop
  endfacet
  facet normal 0 0 -1
    outer loop
      vertex 8.198973909031505 -12.93711066486035 -1.2
      vertex 9.309312777873936 -13.822301612444988 -1.2
      vertex 9.3 -14 -1.2
    endloop
  endfacet
  facet normal 0.9335804264972027 -0.3583679495452977 0
    outer loop
      vertex 8.146830451114539 -13.072949016875159 -1.2
      vertex 8.146830451114539 -13.072949016875159 -9.2
      vertex 8.202169970611754 -12.928784639787553 -1.3588700224794952
    endloop
  endfacet
  facet normal 0.965925826289068 -0.2588190451025219 1.9462535407468027e-19
    outer loop
      vertex 8.146830451114539 -13.072949016875159 -1.2
      vertex 8.065557197798583 -13.376264927546721 -1.2
      vertex 8.065557197798583 -13.376264927546721 -9.2
    endloop
  endfacet
  facet normal 0.987688340595138 -0.15643446504022926 -7.627523796721676e-20
    outer loop
      vertex 8.065557197798583 -13.376264927546721 -1.2
      vertex 8.01643431389518 -13.686414610197039 -1.2
      vertex 8.01643431389518 -13.686414610197039 -9.2
    endloop
  endfacet
  facet normal 0.9986295347545737 -0.05233595624294484 6.864374739997764e-20
    outer loop
      vertex 8.01643431389518 -13.686414610197039 -1.2
      vertex 8 -14 -1.2
      vertex 8 -14 -9.2
    endloop
  endfacet
  facet normal 0.9986295347545738 0.052335956242944855 -6.925345165714415e-20
    outer loop
      vertex 8 -14 -1.2
      vertex 8.01643431389518 -14.313585389802961 -1.2
      vertex 8.01643431389518 -14.313585389802961 -9.129568361711701
    endloop
  endfacet
  facet normal 0 0 -1
    outer loop
      vertex 8.065557197798583 -13.376264927546721 -1.2
      vertex 8.146830451114539 -14.927050983124841 -1.2
      vertex 8.065557197798583 -14.623735072453279 -1.2
    endloop
  endfacet
  facet normal 0 0 -1
    outer loop
      vertex 8.146830451114539 -13.072949016875159 -1.2
      vertex 8.259363627072197 -15.220209929227401 -1.2
      vertex 8.146830451114539 -14.927050983124841 -1.2
    endloop
  endfacet
  facet normal 0 0 -1
    outer loop
      vertex 8.198973909031505 -12.93711066486035 -1.2
      vertex 8.401923788646684 -15.5 -1.2
      vertex 8.259363627072197 -15.220209929227401 -1.2
    endloop
  endfacet
  facet normal 0 0 -1
    outer loop
      vertex 8.198973909031505 -12.93711066486035 -1.2
      vertex 8.572949016875157 -15.76335575687742 -1.2
      vertex 8.401923788646684 -15.5 -1.2
    endloop
  endfacet
  facet normal 0 0 -1
    outer loop
      vertex 8.198973909031505 -12.93711066486035 -1.2
      vertex 8.770565523567818 -16.007391819076574 -1.2
      vertex 8.572949016875157 -15.76335575687742 -1.2
    endloop
  endfacet
  facet normal 0 0 -1
    outer loop
      vertex 8.198973909031505 -12.93711066486035 -1.2
      vertex 8.992608180923426 -16.229434476432182 -1.2
      vertex 8.770565523567818 -16.007391819076574 -1.2
    endloop
  endfacet
  facet normal 0 0 -1
    outer loop
      vertex 8.198973909031505 -12.93711066486035 -1.2
      vertex 9.23664424312258 -16.427050983124843 -1.2
      vertex 8.992608180923426 -16.229434476432182 -1.2
    endloop
  endfacet
  facet normal 0 0 -1
    outer loop
      vertex 8.198973909031505 -12.93711066486035 -1.2
      vertex 9.3 -14 -1.2
      vertex 9.23664424312258 -16.427050983124843 -1.2
    endloop
  endfacet
  facet normal 0 0 -1
    outer loop
      vertex 9.3 -14 -1.2
      vertex 9.309312777873936 -14.177698387555012 -1.2
      vertex 9.23664424312258 -16.427050983124843 -1.2
    endloop
  endfacet
  facet normal 0 0 -1
    outer loop
      vertex 9.309312777873936 -14.177698387555012 -1.2
      vertex 9.33714907875253 -14.353449874390192 -1.2
      vertex 9.23664424312258 -16.427050983124843 -1.2
    endloop
  endfacet
  facet normal 0 0 -1
    outer loop
      vertex 9.33714907875253 -14.353449874390192 -1.2
      vertex 9.38320392229824 -14.525328890437411 -1.2
      vertex 9.23664424312258 -16.427050983124843 -1.2
    endloop
  endfacet
  facet normal 0 0 -1
    outer loop
      vertex 9.38320392229824 -14.525328890437411 -1.2
      vertex 9.5 -16.598076211353316 -1.2
      vertex 9.23664424312258 -16.427050983124843 -1.2
    endloop
  endfacet
  facet normal 0 0 -1
    outer loop
      vertex 9.38320392229824 -14.525328890437411 -1.2
      vertex 9.446972722007578 -14.69145229322886 -1.2
      vertex 9.5 -16.598076211353316 -1.2
    endloop
  endfacet
  facet normal 0 0 -1
    outer loop
      vertex 9.446972722007578 -14.69145229322886 -1.2
      vertex 9.527756813566455 -14.85 -1.2
      vertex 9.5 -16.598076211353316 -1.2
    endloop
  endfacet
  facet normal 0 0 -1
    outer loop
      vertex 9.527756813566455 -14.85 -1.2
      vertex 9.62467110956259 -14.999234928897204 -1.2
      vertex 9.5 -16.598076211353316 -1.2
    endloop
  endfacet
  facet normal 0 0 -1
    outer loop
      vertex 9.62467110956259 -14.999234928897204 -1.2
      vertex 9.73665379668843 -15.137522030810059 -1.2
      vertex 9.779790070772599 -16.740636372927803 -1.2
    endloop
  endfacet
  facet normal 0 0 -1
    outer loop
      vertex 9.73665379668843 -15.137522030810059 -1.2
      vertex 9.862477969189941 -15.26334620331157 -1.2
      vertex 9.779790070772599 -16.740636372927803 -1.2
    endloop
  endfacet
  facet normal 0 0 -1
    outer loop
      vertex 9.62467110956259 -14.999234928897204 -1.2
      vertex 9.779790070772599 -16.740636372927803 -1.2
      vertex 9.5 -16.598076211353316 -1.2
    endloop
  endfacet
  facet normal 0 0 -1
    outer loop
      vertex 9.862477969189941 -15.26334620331157 -1.2
      vertex 10.000765071102796 -15.37532889043741 -1.2
      vertex 10.072949016875159 -16.85316954888546 -1.2
    endloop
  endfacet
  facet normal 0 0 -1
    outer loop
      vertex 10.000765071102796 -15.37532889043741 -1.2
      vertex 10.15 -15.472243186433545 -1.2
      vertex 10.072949016875159 -16.85316954888546 -1.2
    endloop
  endfacet
  facet normal 0 0 -1
    outer loop
      vertex 10.15 -15.472243186433545 -1.2
      vertex 10.30854770677114 -15.553027277992422 -1.2
      vertex 10.376264927546721 -16.934442802201417 -1.2
    endloop
  endfacet
  facet normal 0 0 -1
    outer loop
      vertex 9.862477969189941 -15.26334620331157 -1.2
      vertex 10.072949016875159 -16.85316954888546 -1.2
      vertex 9.779790070772599 -16.740636372927803 -1.2
    endloop
  endfacet
  facet normal 0 0 -1
    outer loop
      vertex 10.15 -15.472243186433545 -1.2
      vertex 10.376264927546721 -16.934442802201417 -1.2
      vertex 10.072949016875159 -16.85316954888546 -1.2
    endloop
  endfacet
  facet normal 0 0 -1
    outer loop
      vertex 10.30854770677114 -15.553027277992422 -1.2
      vertex 10.474671109562589 -15.61679607770176 -1.2
      vertex 10.376264927546721 -16.934442802201417 -1.2
    endloop
  endfacet
  facet normal 0 0 -1
    outer loop
      vertex 10.474671109562589 -15.61679607770176 -1.2
      vertex 10.686414610197039 -16.983565686104818 -1.2
      vertex 10.376264927546721 -16.934442802201417 -1.2
    endloop
  endfacet
  facet normal 0 0 -1
    outer loop
      vertex 10.474671109562589 -15.61679607770176 -1.2
      vertex 10.646550125609808 -15.66285092124747 -1.2
      vertex 10.686414610197039 -16.983565686104818 -1.2
    endloop
  endfacet
  facet normal 0 0 -1
    outer loop
      vertex 10.646550125609808 -15.66285092124747 -1.2
      vertex 10.822301612444988 -15.690687222126064 -1.2
      vertex 10.686414610197039 -16.983565686104818 -1.2
    endloop
  endfacet
  facet normal 0 0 -1
    outer loop
      vertex 10.822301612444988 -15.690687222126064 -1.2
      vertex 11 -15.7 -1.2
      vertex 11 -17 -1.2
    endloop
  endfacet
  facet normal 0 0 -1
    outer loop
      vertex 10.822301612444988 -15.690687222126064 -1.2
      vertex 11 -17 -1.2
      vertex 10.686414610197039 -16.983565686104818 -1.2
    endloop
  endfacet
  facet normal 0 0 -1
    outer loop
      vertex 11 -15.7 -1.2
      vertex 11.177698387555012 -15.690687222126064 -1.2
      vertex 11 -17 -1.2
    endloop
  endfacet
  facet normal 0 0 -1
    outer loop
      vertex 11.177698387555012 -15.690687222126064 -1.2
      vertex 11.313585389802961 -16.983565686104818 -1.2
      vertex 11 -17 -1.2
    endloop
  endfacet
  facet normal 0.8910065241883675 0.45399049973954764 -1.4314485496455878e-18
    outer loop
      vertex 8.259363627072197 -15.220209929227401 -1.2
      vertex 8.401923788646684 -15.5 -1.2
      vertex 8.401923788646684 -15.5 -6.973936608198712
    endloop
  endfacet
  facet normal 0.6293203910498428 0.7771459614569665 -8.390932965851272e-17
    outer loop
      vertex 8.992608180923426 -16.229434476432182 -1.2
      vertex 9.23664424312258 -16.427050983124843 -1.2
      vertex 9.165950020754428 -16.369803930611976 -4.5
    endloop
  endfacet
  facet normal 0.7071067811865475 0.7071067811865475 -2.07696439012053e-18
    outer loop
      vertex 8.770565523567818 -16.007391819076574 -1.2
      vertex 8.992608180923426 -16.229434476432182 -1.2
      vertex 8.992608180923426 -16.229434476432182 -5.023865934829704
    endloop
  endfacet
  facet normal 0.8386705679454259 0.544639035015024 -1.3818200602896895e-18
    outer loop
      vertex 8.401923788646684 -15.5 -1.2
      vertex 8.572949016875157 -15.76335575687742 -1.2
      vertex 8.572949016875157 -15.76335575687742 -6.307321017861528
    endloop
  endfacet
  facet normal 0.7771459614569665 0.6293203910498428 2.1637409624544706e-18
    outer loop
      vertex 8.572949016875157 -15.76335575687742 -1.2
      vertex 8.770565523567818 -16.007391819076574 -1.2
      vertex 8.770565523567818 -16.007391819076574 -5.671585340835573
    endloop
  endfacet
  facet normal 0.987688340595138 0.1564344650402293 8.188453614934981e-20
    outer loop
      vertex 8.01643431389518 -14.313585389802961 -1.2
      vertex 8.065557197798583 -14.623735072453279 -1.2
      vertex 8.065557197798583 -14.623735072453279 -8.651979731860266
    endloop
  endfacet
  facet normal 0.9659258262890681 0.25881904510252196 -2.2570451715192234e-19
    outer loop
      vertex 8.065557197798583 -14.623735072453279 -1.2
      vertex 8.146830451114539 -14.927050983124841 -1.2
      vertex 8.146830451114539 -14.927050983124841 -8.098412367836746
    endloop
  endfacet
  facet normal 0.9335804264972022 0.35836794954529916 2.792135094989481e-19
    outer loop
      vertex 8.146830451114539 -14.927050983124841 -1.2
      vertex 8.259363627072197 -15.220209929227401 -1.2
      vertex 8.259363627072197 -15.220209929227401 -7.523055540433044
    endloop
  endfacet
  facet normal 0.6293203910498405 0.7771459614569683 0
    outer loop
      vertex 9.23664424312258 -16.427050983124843 -1.2
      vertex 9.23664424312258 -16.427050983124843 -4.5
      vertex 9.165950020754428 -16.369803930611976 -4.5
    endloop
  endfacet
  facet normal 0.544639035015024 0.8386705679454259 0
    outer loop
      vertex 9.23664424312258 -16.427050983124843 -1.2
      vertex 9.5 -16.598076211353316 -4.5
      vertex 9.23664424312258 -16.427050983124843 -4.5
    endloop
  endfacet
  facet normal 0.6293203910498439 0.7771459614569657 0
    outer loop
      vertex 8.992608180923426 -16.229434476432182 -1.2
      vertex 9.165950020754428 -16.369803930611976 -4.5
      vertex 8.992608180923426 -16.229434476432182 -5.023865934829704
    endloop
  endfacet
  facet normal 0.7071067811865476 0.7071067811865475 1.2637566776539072e-18
    outer loop
      vertex 8.770565523567818 -16.007391819076574 -1.2
      vertex 8.992608180923426 -16.229434476432182 -5.023865934829704
      vertex 8.931134481508852 -16.16796077701761 -5.253288904374106
    endloop
  endfacet
  facet normal 0.7071067811865476 0.7071067811865476 0
    outer loop
      vertex 8.770565523567818 -16.007391819076574 -1.2
      vertex 8.931134481508852 -16.16796077701761 -5.253288904374106
      vertex 8.770565523567818 -16.007391819076574 -5.671585340835573
    endloop
  endfacet
  facet normal 0.544639035015024 0.8386705679454259 -2.1386056475212775e-18
    outer loop
      vertex 9.23664424312258 -16.427050983124843 -1.2
      vertex 9.5 -16.598076211353316 -1.2
      vertex 9.5 -16.598076211353316 -4.5
    endloop
  endfacet
  facet normal 0.4539904997395475 0.8910065241883673 -2.504573691985336e-18
    outer loop
      vertex 9.5 -16.598076211353316 -1.2
      vertex 9.779790070772599 -16.740636372927803 -1.2
      vertex 9.779790070772599 -16.740636372927803 -4.5
    endloop
  endfacet
  facet normal 0.3583679495452991 0.9335804264972021 5.349947055154783e-19
    outer loop
      vertex 9.779790070772599 -16.740636372927803 -1.2
      vertex 10.072949016875159 -16.85316954888546 -1.2
      vertex 10.072949016875159 -16.85316954888546 -4.5
    endloop
  endfacet
  facet normal 0.2588190451025219 0.965925826289068 -4.718190401810431e-19
    outer loop
      vertex 10.072949016875159 -16.85316954888546 -1.2
      vertex 10.376264927546721 -16.934442802201417 -1.2
      vertex 10.376264927546721 -16.934442802201417 -4.5
    endloop
  endfacet
  facet normal 0.15643446504022376 0.9876883405951389 -4.959627378690799e-19
    outer loop
      vertex 10.376264927546721 -16.934442802201417 -1.2
      vertex 10.686414610197039 -16.983565686104818 -1.2
      vertex 10.686414610197039 -16.983565686104818 -4.5
    endloop
  endfacet
  facet normal 0.052335956242950496 0.9986295347545735 -3.5296229397390563e-19
    outer loop
      vertex 10.686414610197039 -16.983565686104818 -1.2
      vertex 11 -17 -1.2
      vertex 11 -17 -4.5
    endloop
  endfacet
  facet normal -0.052335956242950496 0.9986295347545735 3.5296229397390563e-19
    outer loop
      vertex 11 -17 -1.2
      vertex 11.313585389802961 -16.983565686104818 -1.2
      vertex 11.313585389802961 -16.983565686104818 -4.5
    endloop
  endfacet
  facet normal 0.4539904997395475 0.8910065241883673 0
    outer loop
      vertex 9.5 -16.598076211353316 -1.2
      vertex 9.779790070772599 -16.740636372927803 -4.5
      vertex 9.5 -16.598076211353316 -4.5
    endloop
  endfacet
  facet normal 0.3583679495452991 0.9335804264972021 0
    outer loop
      vertex 9.779790070772599 -16.740636372927803 -1.2
      vertex 10.072949016875159 -16.85316954888546 -4.5
      vertex 9.779790070772599 -16.740636372927803 -4.5
    endloop
  endfacet
  facet normal 0.2588190451025219 0.965925826289068 0
    outer loop
      vertex 10.072949016875159 -16.85316954888546 -1.2
      vertex 10.376264927546721 -16.934442802201417 -4.5
      vertex 10.072949016875159 -16.85316954888546 -4.5
    endloop
  endfacet
  facet normal 0.15643446504022376 0.9876883405951389 0
    outer loop
      vertex 10.376264927546721 -16.934442802201417 -1.2
      vertex 10.686414610197039 -16.983565686104818 -4.5
      vertex 10.376264927546721 -16.934442802201417 -4.5
    endloop
  endfacet
  facet normal 0.052335956242950496 0.9986295347545735 0
    outer loop
      vertex 10.686414610197039 -16.983565686104818 -1.2
      vertex 11 -17 -4.5
      vertex 10.686414610197039 -16.983565686104818 -4.5
    endloop
  endfacet
  facet normal -0.052335956242950496 0.9986295347545735 0
    outer loop
      vertex 11 -17 -1.2
      vertex 11.313585389802961 -16.983565686104818 -4.5
      vertex 11 -17 -4.5
    endloop
  endfacet
  facet normal 0 0 -1
    outer loop
      vertex 12.32378256861977 -12.93711066486035 -1.2
      vertex 13.801026090968495 -12.93711066486035 -1.2
      vertex 12.37532889043741 -13.000765071102796 -1.2
    endloop
  endfacet
  facet normal 0 0 -1
    outer loop
      vertex 12.37532889043741 -13.000765071102796 -1.2
      vertex 13.801026090968495 -12.93711066486035 -1.2
      vertex 12.472243186433545 -13.15 -1.2
    endloop
  endfacet
  facet normal 0 0 -1
    outer loop
      vertex 12.472243186433545 -13.15 -1.2
      vertex 13.801026090968495 -12.93711066486035 -1.2
      vertex 12.553027277992422 -13.30854770677114 -1.2
    endloop
  endfacet
  facet normal 0 0 -1
    outer loop
      vertex 12.553027277992422 -13.30854770677114 -1.2
      vertex 13.801026090968495 -12.93711066486035 -1.2
      vertex 12.61679607770176 -13.474671109562589 -1.2
    endloop
  endfacet
  facet normal 0 0 -1
    outer loop
      vertex 12.61679607770176 -13.474671109562589 -1.2
      vertex 13.801026090968495 -12.93711066486035 -1.2
      vertex 12.66285092124747 -13.646550125609808 -1.2
    endloop
  endfacet
  facet normal 0 0 -1
    outer loop
      vertex 12.66285092124747 -13.646550125609808 -1.2
      vertex 13.801026090968495 -12.93711066486035 -1.2
      vertex 12.690687222126064 -13.822301612444988 -1.2
    endloop
  endfacet
  facet normal 0 0 -1
    outer loop
      vertex 12.690687222126064 -13.822301612444988 -1.2
      vertex 13.801026090968495 -12.93711066486035 -1.2
      vertex 12.7 -14 -1.2
    endloop
  endfacet
  facet normal -0.9335804264972011 -0.358367949545302 -4.5096604987326436e-15
    outer loop
      vertex 13.801026090968495 -12.93711066486035 -1.2
      vertex 13.797830029388246 -12.928784639787553 -1.3588700224794952
      vertex 13.853169548885461 -13.072949016875159 -1.2
    endloop
  endfacet
  facet normal 0 0 -1
    outer loop
      vertex 13.801026090968495 -12.93711066486035 -1.2
      vertex 13.853169548885461 -13.072949016875159 -1.2
      vertex 13.853169548885461 -14.927050983124841 -1.2
    endloop
  endfacet
  facet normal 0 0 -1
    outer loop
      vertex 13.853169548885461 -13.072949016875159 -1.2
      vertex 13.934442802201417 -13.376264927546721 -1.2
      vertex 13.934442802201417 -14.623735072453279 -1.2
    endloop
  endfacet
  facet normal 0 0 -1
    outer loop
      vertex 13.934442802201417 -13.376264927546721 -1.2
      vertex 13.98356568610482 -13.686414610197039 -1.2
      vertex 13.98356568610482 -14.313585389802961 -1.2
    endloop
  endfacet
  facet normal 0 0 -1
    outer loop
      vertex 13.853169548885461 -13.072949016875159 -1.2
      vertex 13.934442802201417 -14.623735072453279 -1.2
      vertex 13.853169548885461 -14.927050983124841 -1.2
    endloop
  endfacet
  facet normal 0 0 -1
    outer loop
      vertex 13.98356568610482 -13.686414610197039 -1.2
      vertex 14 -14 -1.2
      vertex 13.98356568610482 -14.313585389802961 -1.2
    endloop
  endfacet
  facet normal 0 0 -1
    outer loop
      vertex 13.934442802201417 -13.376264927546721 -1.2
      vertex 13.98356568610482 -14.313585389802961 -1.2
      vertex 13.934442802201417 -14.623735072453279 -1.2
    endloop
  endfacet
  facet normal -0.9335804264972027 -0.3583679495452976 6.538861121105091e-17
    outer loop
      vertex 13.853169548885461 -13.072949016875159 -1.2
      vertex 13.797830029388246 -12.928784639787553 -1.3588700224794952
      vertex 13.740636372927803 -12.779790070772599 -9.2
    endloop
  endfacet
  facet normal -0.965925826289068 -0.2588190451025219 0
    outer loop
      vertex 13.853169548885461 -13.072949016875159 -1.2
      vertex 13.853169548885461 -13.072949016875159 -9.2
      vertex 13.934442802201417 -13.376264927546721 -1.2
    endloop
  endfacet
  facet normal -0.987688340595138 -0.15643446504022926 0
    outer loop
      vertex 13.934442802201417 -13.376264927546721 -1.2
      vertex 13.934442802201417 -13.376264927546721 -9.2
      vertex 13.98356568610482 -13.686414610197039 -1.2
    endloop
  endfacet
  facet normal -0.9986295347545737 -0.05233595624294484 0
    outer loop
      vertex 13.98356568610482 -13.686414610197039 -1.2
      vertex 13.98356568610482 -13.686414610197039 -9.2
      vertex 14 -14 -1.2
    endloop
  endfacet
  facet normal -0.9986295347545737 0.05233595624294484 0
    outer loop
      vertex 14 -14 -1.2
      vertex 14 -14 -9.2
      vertex 13.98356568610482 -14.313585389802961 -1.2
    endloop
  endfacet
  facet normal 0 0 -1
    outer loop
      vertex 11.525328890437411 -15.61679607770176 -1.2
      vertex 11.69145229322886 -15.553027277992422 -1.2
      vertex 11.927050983124841 -16.85316954888546 -1.2
    endloop
  endfacet
  facet normal 0 0 -1
    outer loop
      vertex 11.177698387555012 -15.690687222126064 -1.2
      vertex 11.353449874390192 -15.66285092124747 -1.2
      vertex 11.623735072453279 -16.934442802201417 -1.2
    endloop
  endfacet
  facet normal 0 0 -1
    outer loop
      vertex 11.177698387555012 -15.690687222126064 -1.2
      vertex 11.623735072453279 -16.934442802201417 -1.2
      vertex 11.313585389802961 -16.983565686104818 -1.2
    endloop
  endfacet
  facet normal 0 0 -1
    outer loop
      vertex 11.353449874390192 -15.66285092124747 -1.2
      vertex 11.525328890437411 -15.61679607770176 -1.2
      vertex 11.623735072453279 -16.934442802201417 -1.2
    endloop
  endfacet
  facet normal 0 0 -1
    outer loop
      vertex 11.525328890437411 -15.61679607770176 -1.2
      vertex 11.927050983124841 -16.85316954888546 -1.2
      vertex 11.623735072453279 -16.934442802201417 -1.2
    endloop
  endfacet
  facet normal 0 0 -1
    outer loop
      vertex 11.85 -15.472243186433545 -1.2
      vertex 11.927050983124841 -16.85316954888546 -1.2
      vertex 11.69145229322886 -15.553027277992422 -1.2
    endloop
  endfacet
  facet normal 0 0 -1
    outer loop
      vertex 11.85 -15.472243186433545 -1.2
      vertex 11.999234928897204 -15.37532889043741 -1.2
      vertex 12.220209929227401 -16.740636372927803 -1.2
    endloop
  endfacet
  facet normal 0 0 -1
    outer loop
      vertex 11.999234928897204 -15.37532889043741 -1.2
      vertex 12.137522030810059 -15.26334620331157 -1.2
      vertex 12.220209929227401 -16.740636372927803 -1.2
    endloop
  endfacet
  facet normal 0 0 -1
    outer loop
      vertex 11.85 -15.472243186433545 -1.2
      vertex 12.220209929227401 -16.740636372927803 -1.2
      vertex 11.927050983124841 -16.85316954888546 -1.2
    endloop
  endfacet
  facet normal 0 0 -1
    outer loop
      vertex 12.61679607770176 -14.525328890437411 -1.2
      vertex 12.76335575687742 -16.427050983124843 -1.2
      vertex 12.553027277992422 -14.69145229322886 -1.2
    endloop
  endfacet
  facet normal 0 0 -1
    outer loop
      vertex 12.472243186433545 -14.85 -1.2
      vertex 12.553027277992422 -14.69145229322886 -1.2
      vertex 12.76335575687742 -16.427050983124843 -1.2
    endloop
  endfacet
  facet normal 0 0 -1
    outer loop
      vertex 12.7 -14 -1.2
      vertex 13.801026090968495 -12.93711066486035 -1.2
      vertex 12.76335575687742 -16.427050983124843 -1.2
    endloop
  endfacet
  facet normal 0 0 -1
    outer loop
      vertex 12.690687222126064 -14.177698387555012 -1.2
      vertex 12.76335575687742 -16.427050983124843 -1.2
      vertex 12.66285092124747 -14.353449874390192 -1.2
    endloop
  endfacet
  facet normal 0 0 -1
    outer loop
      vertex 12.7 -14 -1.2
      vertex 12.76335575687742 -16.427050983124843 -1.2
      vertex 12.690687222126064 -14.177698387555012 -1.2
    endloop
  endfacet
  facet normal 0 0 -1
    outer loop
      vertex 12.66285092124747 -14.353449874390192 -1.2
      vertex 12.76335575687742 -16.427050983124843 -1.2
      vertex 12.61679607770176 -14.525328890437411 -1.2
    endloop
  endfacet
  facet normal 0 0 -1
    outer loop
      vertex 12.26334620331157 -15.137522030810059 -1.2
      vertex 12.5 -16.598076211353316 -1.2
      vertex 12.137522030810059 -15.26334620331157 -1.2
    endloop
  endfacet
  facet normal 0 0 -1
    outer loop
      vertex 12.26334620331157 -15.137522030810059 -1.2
      vertex 12.37532889043741 -14.999234928897204 -1.2
      vertex 12.5 -16.598076211353316 -1.2
    endloop
  endfacet
  facet normal 0 0 -1
    outer loop
      vertex 12.472243186433545 -14.85 -1.2
      vertex 12.5 -16.598076211353316 -1.2
      vertex 12.37532889043741 -14.999234928897204 -1.2
    endloop
  endfacet
  facet normal 0 0 -1
    outer loop
      vertex 12.472243186433545 -14.85 -1.2
      vertex 12.76335575687742 -16.427050983124843 -1.2
      vertex 12.5 -16.598076211353316 -1.2
    endloop
  endfacet
  facet normal 0 0 -1
    outer loop
      vertex 12.137522030810059 -15.26334620331157 -1.2
      vertex 12.5 -16.598076211353316 -1.2
      vertex 12.220209929227401 -16.740636372927803 -1.2
    endloop
  endfacet
  facet normal 0 0 -1
    outer loop
      vertex 13.801026090968495 -12.93711066486035 -1.2
      vertex 13.229434476432182 -16.007391819076574 -1.2
      vertex 13.007391819076574 -16.229434476432182 -1.2
    endloop
  endfacet
  facet normal 0 0 -1
    outer loop
      vertex 13.801026090968495 -12.93711066486035 -1.2
      vertex 13.007391819076574 -16.229434476432182 -1.2
      vertex 12.76335575687742 -16.427050983124843 -1.2
    endloop
  endfacet
  facet normal 0 0 -1
    outer loop
      vertex 13.801026090968495 -12.93711066486035 -1.2
      vertex 13.427050983124843 -15.76335575687742 -1.2
      vertex 13.229434476432182 -16.007391819076574 -1.2
    endloop
  endfacet
  facet normal 0 0 -1
    outer loop
      vertex 13.801026090968495 -12.93711066486035 -1.2
      vertex 13.853169548885461 -14.927050983124841 -1.2
      vertex 13.740636372927803 -15.220209929227401 -1.2
    endloop
  endfacet
  facet normal 0 0 -1
    outer loop
      vertex 13.801026090968495 -12.93711066486035 -1.2
      vertex 13.598076211353316 -15.5 -1.2
      vertex 13.427050983124843 -15.76335575687742 -1.2
    endloop
  endfacet
  facet normal 0 0 -1
    outer loop
      vertex 13.801026090968495 -12.93711066486035 -1.2
      vertex 13.740636372927803 -15.220209929227401 -1.2
      vertex 13.598076211353316 -15.5 -1.2
    endloop
  endfacet
  facet normal -0.544639035015024 0.8386705679454259 2.1386056475212775e-18
    outer loop
      vertex 12.5 -16.598076211353316 -1.2
      vertex 12.76335575687742 -16.427050983124843 -1.2
      vertex 12.76335575687742 -16.427050983124843 -4.5
    endloop
  endfacet
  facet normal -0.6293203910498428 0.7771459614569665 -8.51672181999799e-17
    outer loop
      vertex 12.76335575687742 -16.427050983124843 -1.2
      vertex 13.007391819076574 -16.229434476432182 -1.2
      vertex 12.834049979245572 -16.369803930611976 -4.5
    endloop
  endfacet
  facet normal -0.544639035015024 0.8386705679454259 0
    outer loop
      vertex 12.5 -16.598076211353316 -1.2
      vertex 12.76335575687742 -16.427050983124843 -4.5
      vertex 12.5 -16.598076211353316 -4.5
    endloop
  endfacet
  facet normal -0.6293203910498405 0.7771459614569683 0
    outer loop
      vertex 12.76335575687742 -16.427050983124843 -1.2
      vertex 12.834049979245572 -16.369803930611976 -4.5
      vertex 12.76335575687742 -16.427050983124843 -4.5
    endloop
  endfacet
  facet normal -0.6293203910498438 0.7771459614569657 0
    outer loop
      vertex 13.007391819076574 -16.229434476432182 -1.2
      vertex 13.007391819076574 -16.229434476432182 -5.023865934829698
      vertex 12.834049979245572 -16.369803930611976 -4.5
    endloop
  endfacet
  facet normal -0.7071067811865475 0.7071067811865475 0
    outer loop
      vertex 13.007391819076574 -16.229434476432182 -1.2
      vertex 13.068865518491148 -16.16796077701761 -5.253288904374106
      vertex 13.007391819076574 -16.229434476432182 -5.023865934829698
    endloop
  endfacet
  facet normal -0.7071067811865475 0.7071067811865475 -5.252665466364821e-19
    outer loop
      vertex 13.007391819076574 -16.229434476432182 -1.2
      vertex 13.229434476432182 -16.007391819076574 -5.671585340835577
      vertex 13.068865518491148 -16.16796077701761 -5.253288904374106
    endloop
  endfacet
  facet normal -0.15643446504022376 0.9876883405951389 4.959627378690799e-19
    outer loop
      vertex 11.313585389802961 -16.983565686104818 -1.2
      vertex 11.623735072453279 -16.934442802201417 -1.2
      vertex 11.623735072453279 -16.934442802201417 -4.5
    endloop
  endfacet
  facet normal -0.2588190451025219 0.965925826289068 4.718190401810431e-19
    outer loop
      vertex 11.623735072453279 -16.934442802201417 -1.2
      vertex 11.927050983124841 -16.85316954888546 -1.2
      vertex 11.927050983124841 -16.85316954888546 -4.5
    endloop
  endfacet
  facet normal -0.3583679495452991 0.9335804264972021 -5.349947055154783e-19
    outer loop
      vertex 11.927050983124841 -16.85316954888546 -1.2
      vertex 12.220209929227401 -16.740636372927803 -1.2
      vertex 12.220209929227401 -16.740636372927803 -4.5
    endloop
  endfacet
  facet normal -0.4539904997395475 0.8910065241883673 2.504573691985336e-18
    outer loop
      vertex 12.220209929227401 -16.740636372927803 -1.2
      vertex 12.5 -16.598076211353316 -1.2
      vertex 12.5 -16.598076211353316 -4.5
    endloop
  endfacet
  facet normal -0.15643446504022376 0.9876883405951389 0
    outer loop
      vertex 11.313585389802961 -16.983565686104818 -1.2
      vertex 11.623735072453279 -16.934442802201417 -4.5
      vertex 11.313585389802961 -16.983565686104818 -4.5
    endloop
  endfacet
  facet normal -0.2588190451025219 0.965925826289068 0
    outer loop
      vertex 11.623735072453279 -16.934442802201417 -1.2
      vertex 11.927050983124841 -16.85316954888546 -4.5
      vertex 11.623735072453279 -16.934442802201417 -4.5
    endloop
  endfacet
  facet normal -0.3583679495452991 0.9335804264972021 0
    outer loop
      vertex 11.927050983124841 -16.85316954888546 -1.2
      vertex 12.220209929227401 -16.740636372927803 -4.5
      vertex 11.927050983124841 -16.85316954888546 -4.5
    endloop
  endfacet
  facet normal -0.4539904997395475 0.8910065241883673 0
    outer loop
      vertex 12.220209929227401 -16.740636372927803 -1.2
      vertex 12.5 -16.598076211353316 -4.5
      vertex 12.220209929227401 -16.740636372927803 -4.5
    endloop
  endfacet
  facet normal -0.7771459614569665 0.6293203910498429 0
    outer loop
      vertex 13.427050983124843 -15.76335575687742 -1.2
      vertex 13.427050983124843 -15.76335575687742 -6.307321017861529
      vertex 13.229434476432182 -16.007391819076574 -1.2
    endloop
  endfacet
  facet normal -0.838670567945426 0.5446390350150241 -9.888260697397218e-17
    outer loop
      vertex 13.427050983124843 -15.76335575687742 -1.2
      vertex 13.598076211353316 -15.5 -1.2
      vertex 13.578416838203335 -15.530272779924214 -6.9145229322886035
    endloop
  endfacet
  facet normal -0.7071067811865476 0.7071067811865476 1.7761113282816536e-18
    outer loop
      vertex 13.007391819076574 -16.229434476432182 -1.2
      vertex 13.229434476432182 -16.007391819076574 -1.2
      vertex 13.229434476432182 -16.007391819076574 -5.671585340835577
    endloop
  endfacet
  facet normal -0.9659258262890679 0.25881904510252185 0
    outer loop
      vertex 13.934442802201417 -14.623735072453279 -1.2
      vertex 13.934442802201417 -14.623735072453279 -8.651979731860266
      vertex 13.853169548885461 -14.927050983124841 -1.2
    endloop
  endfacet
  facet normal -0.8910065241883673 0.4539904997395476 0
    outer loop
      vertex 13.740636372927803 -15.220209929227401 -1.2
      vertex 13.740636372927803 -15.220209929227401 -7.5230555404330435
      vertex 13.598076211353316 -15.5 -1.2
    endloop
  endfacet
  facet normal -0.9335804264972023 0.3583679495452992 -2.5592591948148663e-19
    outer loop
      vertex 13.740636372927803 -15.220209929227401 -1.2
      vertex 13.853169548885461 -14.927050983124841 -1.2
      vertex 13.853169548885461 -14.927050983124841 -8.098412367836747
    endloop
  endfacet
  facet normal -0.9876883405951379 0.15643446504022923 0
    outer loop
      vertex 13.98356568610482 -14.313585389802961 -1.2
      vertex 13.98356568610482 -14.313585389802961 -9.129568361711701
      vertex 13.934442802201417 -14.623735072453279 -1.2
    endloop
  endfacet
  facet normal 0.9335804264972017 -0.3583679495453004 5.415383775482196e-17
    outer loop
      vertex 8.202169970611754 -12.928784639787553 -1.3588700224794952
      vertex 8.146830451114539 -13.072949016875159 -9.2
      vertex 8.259363627072197 -12.779790070772599 -2.2995847082760243
    endloop
  endfacet
  facet normal 0.891006524188367 -0.45399049973954836 0
    outer loop
      vertex 8.259363627072197 -12.779790070772599 -2.2995847082760243
      vertex 8.259363627072197 -12.779790070772599 -9.2
      vertex 8.291907660161781 -12.715918809539474 -2.7028519806308715
    endloop
  endfacet
  facet normal 0.8910065241883675 -0.4539904997395474 -1.2035431147620911e-17
    outer loop
      vertex 8.291907660161781 -12.715918809539474 -2.7028519806308715
      vertex 8.259363627072197 -12.779790070772599 -9.2
      vertex 8.401923788646684 -12.5 -3.508671948141973
    endloop
  endfacet
  facet normal 0.8386705679454239 -0.5446390350150272 0
    outer loop
      vertex 8.401923788646684 -12.5 -3.508671948141973
      vertex 8.401923788646684 -12.5 -9.2
      vertex 8.490415501468986 -12.363734711836996 -4.017220926874316
    endloop
  endfacet
  facet normal 0.8386705679454279 -0.5446390350150212 -2.2465828399534945e-16
    outer loop
      vertex 8.490415501468986 -12.363734711836996 -4.017220926874316
      vertex 8.401923788646684 -12.5 -9.2
      vertex 8.572949016875157 -12.23664424312258 -4.3483029171490495
    endloop
  endfacet
  facet normal 0.7771459614569666 -0.6293203910498429 0
    outer loop
      vertex 8.572949016875157 -12.23664424312258 -4.3483029171490495
      vertex 8.572949016875157 -12.23664424312258 -9.2
      vertex 8.770565523567818 -11.992608180923426 -4.984038594175003
    endloop
  endfacet
  facet normal 0.6293203910498429 -0.7771459614569665 0
    outer loop
      vertex 8.992608180923426 -11.770565523567818 -5.4946816692308955
      vertex 8.992608180923426 -11.770565523567818 -9.2
      vertex 9.23664424312258 -11.572949016875157 -5.882525901327142
    endloop
  endfacet
  facet normal 0.5446390350150241 -0.8386705679454259 0
    outer loop
      vertex 9.23664424312258 -11.572949016875157 -5.882525901327142
      vertex 9.23664424312258 -11.572949016875157 -9.2
      vertex 9.5 -11.401923788646684 -6.218181810954759
    endloop
  endfacet
  facet normal 0.7071067811865475 -0.7071067811865475 0
    outer loop
      vertex 8.992608180923426 -11.770565523567818 -5.4946816692308955
      vertex 8.770565523567818 -11.992608180923426 -9.2
      vertex 8.992608180923426 -11.770565523567818 -9.2
    endloop
  endfacet
  facet normal 0.6293203910498429 -0.7771459614569665 0
    outer loop
      vertex 9.23664424312258 -11.572949016875157 -5.882525901327142
      vertex 8.992608180923426 -11.770565523567818 -9.2
      vertex 9.23664424312258 -11.572949016875157 -9.2
    endloop
  endfacet
  facet normal 0.9335804264972021 -0.35836794954529916 0
    outer loop
      vertex 8.259363627072197 -12.779790070772599 -2.2995847082760243
      vertex 8.146830451114539 -13.072949016875159 -9.2
      vertex 8.259363627072197 -12.779790070772599 -9.2
    endloop
  endfacet
  facet normal 0.8910065241883675 -0.45399049973954764 0
    outer loop
      vertex 8.401923788646684 -12.5 -3.508671948141973
      vertex 8.259363627072197 -12.779790070772599 -9.2
      vertex 8.401923788646684 -12.5 -9.2
    endloop
  endfacet
  facet normal 0.965925826289068 -0.2588190451025219 0
    outer loop
      vertex 8.146830451114539 -13.072949016875159 -1.2
      vertex 8.065557197798583 -13.376264927546721 -9.2
      vertex 8.146830451114539 -13.072949016875159 -9.2
    endloop
  endfacet
  facet normal 0.987688340595138 -0.15643446504022926 0
    outer loop
      vertex 8.065557197798583 -13.376264927546721 -1.2
      vertex 8.01643431389518 -13.686414610197039 -9.2
      vertex 8.065557197798583 -13.376264927546721 -9.2
    endloop
  endfacet
  facet normal 0.9986295347545737 -0.05233595624294484 0
    outer loop
      vertex 8.01643431389518 -13.686414610197039 -1.2
      vertex 8 -14 -9.2
      vertex 8.01643431389518 -13.686414610197039 -9.2
    endloop
  endfacet
  facet normal 0.9986295347545737 0.05233595624294484 0
    outer loop
      vertex 8 -14 -1.2
      vertex 8.01643431389518 -14.313585389802961 -9.129568361711701
      vertex 8 -14 -9.2
    endloop
  endfacet
  facet normal 0.7071067811865476 -0.7071067811865476 0
    outer loop
      vertex 8.770565523567818 -11.992608180923426 -4.984038594175003
      vertex 8.770565523567818 -11.992608180923426 -9.2
      vertex 8.887082755137433 -11.876090949353811 -5.287576359985403
    endloop
  endfacet
  facet normal 0.7071067811865476 -0.7071067811865476 5.950772386312697e-19
    outer loop
      vertex 8.887082755137433 -11.876090949353811 -5.287576359985403
      vertex 8.770565523567818 -11.992608180923426 -9.2
      vertex 8.992608180923426 -11.770565523567818 -5.4946816692308955
    endloop
  endfacet
  facet normal 0.838670567945426 -0.5446390350150241 0
    outer loop
      vertex 8.572949016875157 -12.23664424312258 -4.3483029171490495
      vertex 8.401923788646684 -12.5 -9.2
      vertex 8.572949016875157 -12.23664424312258 -9.2
    endloop
  endfacet
  facet normal 0.7771459614569665 -0.6293203910498428 0
    outer loop
      vertex 8.770565523567818 -11.992608180923426 -4.984038594175003
      vertex 8.572949016875157 -12.23664424312258 -9.2
      vertex 8.770565523567818 -11.992608180923426 -9.2
    endloop
  endfacet
  facet normal 0.35836794954535917 -0.9335804264971791 0
    outer loop
      vertex 9.779790070772599 -11.259363627072197 -6.497971881727358
      vertex 9.779790070772599 -11.259363627072197 -9.2
      vertex 9.782482112173144 -11.258330249197702 -6.5
    endloop
  endfacet
  facet normal 0.4539904997395476 -0.8910065241883675 0
    outer loop
      vertex 9.5 -11.401923788646684 -6.218181810954759
      vertex 9.5 -11.401923788646684 -9.2
      vertex 9.779790070772599 -11.259363627072197 -6.497971881727358
    endloop
  endfacet
  facet normal 0.3583679495452986 -0.9335804264972023 6.924191563561749e-17
    outer loop
      vertex 9.782482112173144 -11.258330249197702 -6.5
      vertex 9.779790070772599 -11.259363627072197 -9.2
      vertex 10.072949016875159 -11.146830451114539 -6.671694632540663
    endloop
  endfacet
  facet normal 0.2588190451025219 -0.965925826289068 0
    outer loop
      vertex 10.072949016875159 -11.146830451114539 -6.671694632540663
      vertex 10.072949016875159 -11.146830451114539 -9.2
      vertex 10.376264927546721 -11.065557197798583 -6.796844467817131
    endloop
  endfacet
  facet normal 0.544639035015024 -0.8386705679454259 0
    outer loop
      vertex 9.5 -11.401923788646684 -6.218181810954759
      vertex 9.23664424312258 -11.572949016875157 -9.2
      vertex 9.5 -11.401923788646684 -9.2
    endloop
  endfacet
  facet normal 0.4539904997395476 -0.8910065241883675 0
    outer loop
      vertex 9.779790070772599 -11.259363627072197 -6.497971881727358
      vertex 9.5 -11.401923788646684 -9.2
      vertex 9.779790070772599 -11.259363627072197 -9.2
    endloop
  endfacet
  facet normal 0.3583679495452991 -0.9335804264972021 0
    outer loop
      vertex 10.072949016875159 -11.146830451114539 -6.671694632540663
      vertex 9.779790070772599 -11.259363627072197 -9.2
      vertex 10.072949016875159 -11.146830451114539 -9.2
    endloop
  endfacet
  facet normal 0.2588190451025219 -0.965925826289068 0
    outer loop
      vertex 10.376264927546721 -11.065557197798583 -6.796844467817131
      vertex 10.072949016875159 -11.146830451114539 -9.2
      vertex 10.376264927546721 -11.065557197798583 -9.2
    endloop
  endfacet
  facet normal 0.15643446504022926 -0.987688340595138 0
    outer loop
      vertex 10.376264927546721 -11.065557197798583 -6.796844467817131
      vertex 10.376264927546721 -11.065557197798583 -9.2
      vertex 10.686414610197039 -11.01643431389518 -6.872487075661512
    endloop
  endfacet
  facet normal 0.05233595624294485 -0.9986295347545738 0
    outer loop
      vertex 10.686414610197039 -11.01643431389518 -6.872487075661512
      vertex 10.686414610197039 -11.01643431389518 -9.2
      vertex 11 -11 -6.897793699833032
    endloop
  endfacet
  facet normal -0.052335956242944855 -0.9986295347545738 -2.3593853054796574e-19
    outer loop
      vertex 11 -11 -6.897793699833032
      vertex 11.313585389802961 -11.01643431389518 -9.2
      vertex 11.313585389802961 -11.01643431389518 -6.872487075661513
    endloop
  endfacet
  facet normal 0.15643446504022926 -0.987688340595138 0
    outer loop
      vertex 10.686414610197039 -11.01643431389518 -6.872487075661512
      vertex 10.376264927546721 -11.065557197798583 -9.2
      vertex 10.686414610197039 -11.01643431389518 -9.2
    endloop
  endfacet
  facet normal 0.05233595624294485 -0.9986295347545738 0
    outer loop
      vertex 11 -11 -6.897793699833032
      vertex 10.686414610197039 -11.01643431389518 -9.2
      vertex 11 -11 -9.2
    endloop
  endfacet
  facet normal -0.05233595624294485 -0.9986295347545738 0
    outer loop
      vertex 11 -11 -6.897793699833032
      vertex 11 -11 -9.2
      vertex 11.313585389802961 -11.01643431389518 -9.2
    endloop
  endfacet
  facet normal 0.8910065241883673 0.4539904997395476 0
    outer loop
      vertex 8.259363627072197 -15.220209929227401 -1.2
      vertex 8.401923788646684 -15.5 -6.973936608198712
      vertex 8.259363627072197 -15.220209929227401 -7.523055540433044
    endloop
  endfacet
  facet normal 0.7771459614569665 0.6293203910498428 0
    outer loop
      vertex 8.572949016875157 -15.76335575687742 -1.2
      vertex 8.770565523567818 -16.007391819076574 -5.671585340835573
      vertex 8.572949016875157 -15.76335575687742 -6.307321017861528
    endloop
  endfacet
  facet normal 0.8386705679454259 0.5446390350150241 0
    outer loop
      vertex 8.401923788646684 -15.5 -1.2
      vertex 8.572949016875157 -15.76335575687742 -6.307321017861528
      vertex 8.401923788646684 -15.5 -6.973936608198712
    endloop
  endfacet
  facet normal 0.9335804264972021 0.35836794954529916 0
    outer loop
      vertex 8.146830451114539 -14.927050983124841 -1.2
      vertex 8.259363627072197 -15.220209929227401 -7.523055540433044
      vertex 8.146830451114539 -14.927050983124841 -8.098412367836746
    endloop
  endfacet
  facet normal 0.9659258262890679 0.25881904510252185 0
    outer loop
      vertex 8.065557197798583 -14.623735072453279 -1.2
      vertex 8.146830451114539 -14.927050983124841 -8.098412367836746
      vertex 8.065557197798583 -14.623735072453279 -8.651979731860266
    endloop
  endfacet
  facet normal 0.9876883405951379 0.15643446504022923 0
    outer loop
      vertex 8.01643431389518 -14.313585389802961 -1.2
      vertex 8.065557197798583 -14.623735072453279 -8.651979731860266
      vertex 8.01643431389518 -14.313585389802961 -9.129568361711701
    endloop
  endfacet
  facet normal 0.8386705679454645 0.5446390350149647 -3.3266949436081e-14
    outer loop
      vertex 8.421583161796665 -15.530272779924214 -6.9145229322886035
      vertex 8.401923788646684 -15.5 -6.973936608198712
      vertex 8.572949016875157 -15.76335575687742 -6.307321017861528
    endloop
  endfacet
  facet normal 0.9659258262890785 0.25881904510248277 -2.298034744540023e-14
    outer loop
      vertex 8.092002923478955 -14.722431864335457 -8.5
      vertex 8.065557197798583 -14.623735072453279 -8.651979731860266
      vertex 8.146830451114539 -14.927050983124841 -8.098412367836746
    endloop
  endfacet
  facet normal -0.9335804264972016 -0.3583679495453006 1.917808291359442e-19
    outer loop
      vertex 13.797830029388246 -12.928784639787553 -1.3588700224794952
      vertex 13.740636372927803 -12.779790070772599 -2.299584708276025
      vertex 13.740636372927803 -12.779790070772599 -9.2
    endloop
  endfacet
  facet normal -0.8910065241883669 -0.45399049973954864 -5.495847855519791e-17
    outer loop
      vertex 13.740636372927803 -12.779790070772599 -2.299584708276025
      vertex 13.708092339838219 -12.715918809539474 -2.7028519806308715
      vertex 13.598076211353316 -12.5 -9.2
    endloop
  endfacet
  facet normal -0.8910065241883676 -0.45399049973954736 3.929689959184206e-19
    outer loop
      vertex 13.708092339838219 -12.715918809539474 -2.7028519806308715
      vertex 13.598076211353316 -12.5 -3.508671948141971
      vertex 13.598076211353316 -12.5 -9.2
    endloop
  endfacet
  facet normal -0.8386705679454235 -0.5446390350150278 -2.4607767410834364e-16
    outer loop
      vertex 13.509584498531014 -12.363734711836996 -4.017220926874316
      vertex 13.427050983124843 -12.23664424312258 -9.2
      vertex 13.598076211353316 -12.5 -3.508671948141971
    endloop
  endfacet
  facet normal -0.8386705679454282 -0.5446390350150208 3.570897950233428e-20
    outer loop
      vertex 13.509584498531014 -12.363734711836996 -4.017220926874316
      vertex 13.427050983124843 -12.23664424312258 -4.34830291714905
      vertex 13.427050983124843 -12.23664424312258 -9.2
    endloop
  endfacet
  facet normal -0.7771459614569665 -0.6293203910498428 2.2949338093344227e-18
    outer loop
      vertex 13.427050983124843 -12.23664424312258 -4.34830291714905
      vertex 13.229434476432182 -11.992608180923426 -4.984038594175003
      vertex 13.229434476432182 -11.992608180923426 -9.2
    endloop
  endfacet
  facet normal -0.7071067811865475 -0.7071067811865475 0
    outer loop
      vertex 13.007391819076574 -11.770565523567818 -5.494681669230898
      vertex 13.007391819076574 -11.770565523567818 -9.2
      vertex 13.112917244862567 -11.876090949353811 -5.287576359985403
    endloop
  endfacet
  facet normal -0.6293203910498429 -0.7771459614569665 0
    outer loop
      vertex 13.007391819076574 -11.770565523567818 -5.494681669230898
      vertex 12.76335575687742 -11.572949016875157 -5.882525901327142
      vertex 13.007391819076574 -11.770565523567818 -9.2
    endloop
  endfacet
  facet normal -0.35836794954535917 -0.9335804264971791 0
    outer loop
      vertex 12.220209929227401 -11.259363627072197 -6.497971881727358
      vertex 12.217517887826856 -11.258330249197702 -6.5
      vertex 12.220209929227401 -11.259363627072197 -9.2
    endloop
  endfacet
  facet normal -0.45399049973954764 -0.8910065241883675 0
    outer loop
      vertex 12.5 -11.401923788646684 -6.21818181095476
      vertex 12.220209929227401 -11.259363627072197 -6.497971881727358
      vertex 12.5 -11.401923788646684 -9.2
    endloop
  endfacet
  facet normal -0.5446390350150241 -0.8386705679454259 -2.1273409910399906e-18
    outer loop
      vertex 12.5 -11.401923788646684 -6.21818181095476
      vertex 12.76335575687742 -11.572949016875157 -9.2
      vertex 12.76335575687742 -11.572949016875157 -5.882525901327142
    endloop
  endfacet
  facet normal -0.15643446504022923 -0.987688340595138 2.539169419398614e-19
    outer loop
      vertex 11.313585389802961 -11.01643431389518 -6.872487075661513
      vertex 11.623735072453279 -11.065557197798583 -9.2
      vertex 11.623735072453279 -11.065557197798583 -6.796844467817132
    endloop
  endfacet
  facet normal -0.2588190451025219 -0.965925826289068 -6.158286307646671e-19
    outer loop
      vertex 11.623735072453279 -11.065557197798583 -6.796844467817132
      vertex 11.927050983124841 -11.146830451114539 -9.2
      vertex 11.927050983124841 -11.146830451114539 -6.671694632540663
    endloop
  endfacet
  facet normal -0.3583679495452986 -0.9335804264972023 6.875939409615636e-17
    outer loop
      vertex 11.927050983124841 -11.146830451114539 -6.671694632540663
      vertex 12.220209929227401 -11.259363627072197 -9.2
      vertex 12.217517887826856 -11.258330249197702 -6.5
    endloop
  endfacet
  facet normal -0.15643446504022926 -0.987688340595138 0
    outer loop
      vertex 11.313585389802961 -11.01643431389518 -6.872487075661513
      vertex 11.313585389802961 -11.01643431389518 -9.2
      vertex 11.623735072453279 -11.065557197798583 -9.2
    endloop
  endfacet
  facet normal -0.2588190451025219 -0.965925826289068 0
    outer loop
      vertex 11.623735072453279 -11.065557197798583 -6.796844467817132
      vertex 11.623735072453279 -11.065557197798583 -9.2
      vertex 11.927050983124841 -11.146830451114539 -9.2
    endloop
  endfacet
  facet normal -0.3583679495452991 -0.9335804264972021 0
    outer loop
      vertex 11.927050983124841 -11.146830451114539 -6.671694632540663
      vertex 11.927050983124841 -11.146830451114539 -9.2
      vertex 12.220209929227401 -11.259363627072197 -9.2
    endloop
  endfacet
  facet normal -0.5446390350150241 -0.8386705679454259 0
    outer loop
      vertex 12.5 -11.401923788646684 -6.21818181095476
      vertex 12.5 -11.401923788646684 -9.2
      vertex 12.76335575687742 -11.572949016875157 -9.2
    endloop
  endfacet
  facet normal -0.4539904997395476 -0.8910065241883675 0
    outer loop
      vertex 12.220209929227401 -11.259363627072197 -6.497971881727358
      vertex 12.220209929227401 -11.259363627072197 -9.2
      vertex 12.5 -11.401923788646684 -9.2
    endloop
  endfacet
  facet normal -0.6293203910498429 -0.7771459614569665 0
    outer loop
      vertex 12.76335575687742 -11.572949016875157 -5.882525901327142
      vertex 12.76335575687742 -11.572949016875157 -9.2
      vertex 13.007391819076574 -11.770565523567818 -9.2
    endloop
  endfacet
  facet normal -0.7071067811865476 -0.7071067811865476 2.798411901113862e-18
    outer loop
      vertex 13.229434476432182 -11.992608180923426 -4.984038594175003
      vertex 13.112917244862567 -11.876090949353811 -5.287576359985403
      vertex 13.007391819076574 -11.770565523567818 -9.2
    endloop
  endfacet
  facet normal -0.9335804264972022 -0.3583679495452992 0
    outer loop
      vertex 13.853169548885461 -13.072949016875159 -1.2
      vertex 13.740636372927803 -12.779790070772599 -9.2
      vertex 13.853169548885461 -13.072949016875159 -9.2
    endloop
  endfacet
  facet normal -0.8910065241883675 -0.45399049973954764 0
    outer loop
      vertex 13.740636372927803 -12.779790070772599 -2.299584708276025
      vertex 13.598076211353316 -12.5 -9.2
      vertex 13.740636372927803 -12.779790070772599 -9.2
    endloop
  endfacet
  facet normal -0.8386705679454259 -0.5446390350150241 0
    outer loop
      vertex 13.598076211353316 -12.5 -3.508671948141971
      vertex 13.427050983124843 -12.23664424312258 -9.2
      vertex 13.598076211353316 -12.5 -9.2
    endloop
  endfacet
  facet normal -0.965925826289068 -0.2588190451025219 0
    outer loop
      vertex 13.934442802201417 -13.376264927546721 -1.2
      vertex 13.853169548885461 -13.072949016875159 -9.2
      vertex 13.934442802201417 -13.376264927546721 -9.2
    endloop
  endfacet
  facet normal -0.987688340595138 -0.15643446504022926 0
    outer loop
      vertex 13.98356568610482 -13.686414610197039 -1.2
      vertex 13.934442802201417 -13.376264927546721 -9.2
      vertex 13.98356568610482 -13.686414610197039 -9.2
    endloop
  endfacet
  facet normal -0.9986295347545737 -0.05233595624294484 0
    outer loop
      vertex 14 -14 -1.2
      vertex 13.98356568610482 -13.686414610197039 -9.2
      vertex 14 -14 -9.2
    endloop
  endfacet
  facet normal -0.9986295347545738 0.052335956242944855 0
    outer loop
      vertex 13.98356568610482 -14.313585389802961 -1.2
      vertex 14 -14 -9.2
      vertex 13.98356568610482 -14.313585389802961 -9.129568361711701
    endloop
  endfacet
  facet normal -0.7771459614569665 -0.6293203910498429 0
    outer loop
      vertex 13.427050983124843 -12.23664424312258 -4.34830291714905
      vertex 13.229434476432182 -11.992608180923426 -9.2
      vertex 13.427050983124843 -12.23664424312258 -9.2
    endloop
  endfacet
  facet normal -0.7071067811865476 -0.7071067811865476 0
    outer loop
      vertex 13.229434476432182 -11.992608180923426 -4.984038594175003
      vertex 13.007391819076574 -11.770565523567818 -9.2
      vertex 13.229434476432182 -11.992608180923426 -9.2
    endloop
  endfacet
  facet normal -0.8910065241883675 0.45399049973954764 0
    outer loop
      vertex 13.598076211353316 -15.5 -1.2
      vertex 13.740636372927803 -15.220209929227401 -7.5230555404330435
      vertex 13.598076211353316 -15.5 -6.973936608198712
    endloop
  endfacet
  facet normal -0.7771459614569666 0.629320391049843 0
    outer loop
      vertex 13.229434476432182 -16.007391819076574 -1.2
      vertex 13.427050983124843 -15.76335575687742 -6.307321017861529
      vertex 13.229434476432182 -16.007391819076574 -5.671585340835577
    endloop
  endfacet
  facet normal -0.8386705679454249 0.5446390350150258 0
    outer loop
      vertex 13.427050983124843 -15.76335575687742 -1.2
      vertex 13.578416838203335 -15.530272779924214 -6.9145229322886035
      vertex 13.427050983124843 -15.76335575687742 -6.307321017861529
    endloop
  endfacet
  facet normal -0.8386705679454346 0.5446390350150108 0
    outer loop
      vertex 13.598076211353316 -15.5 -1.2
      vertex 13.598076211353316 -15.5 -6.973936608198712
      vertex 13.578416838203335 -15.530272779924214 -6.9145229322886035
    endloop
  endfacet
  facet normal -0.9335804264972022 0.35836794954529916 0
    outer loop
      vertex 13.740636372927803 -15.220209929227401 -1.2
      vertex 13.853169548885461 -14.927050983124841 -8.098412367836747
      vertex 13.740636372927803 -15.220209929227401 -7.5230555404330435
    endloop
  endfacet
  facet normal -0.987688340595138 0.1564344650402293 0
    outer loop
      vertex 13.934442802201417 -14.623735072453279 -1.2
      vertex 13.98356568610482 -14.313585389802961 -9.129568361711701
      vertex 13.934442802201417 -14.623735072453279 -8.651979731860266
    endloop
  endfacet
  facet normal -0.9659258262890696 0.25881904510251535 -2.833611145219238e-16
    outer loop
      vertex 13.853169548885461 -14.927050983124841 -1.2
      vertex 13.934442802201417 -14.623735072453279 -8.651979731860266
      vertex 13.907997076521045 -14.722431864335457 -8.5
    endloop
  endfacet
  facet normal -0.9659258262890672 0.25881904510252485 0
    outer loop
      vertex 13.853169548885461 -14.927050983124841 -1.2
      vertex 13.907997076521045 -14.722431864335457 -8.5
      vertex 13.853169548885461 -14.927050983124841 -8.098412367836747
    endloop
  endfacet
  facet normal 0 0 1
    outer loop
      vertex 8.401923788646684 -12.5 -9.2
      vertex 8.014037242826811 -14.2678465490972 -9.2
      vertex 8.572949016875157 -12.23664424312258 -9.2
    endloop
  endfacet
  facet normal 0 0 1
    outer loop
      vertex 8.146830451114539 -13.072949016875159 -9.2
      vertex 8.065557197798583 -13.376264927546721 -9.2
      vertex 8.014037242826811 -14.2678465490972 -9.2
    endloop
  endfacet
  facet normal 0 0 1
    outer loop
      vertex 8.146830451114539 -13.072949016875159 -9.2
      vertex 8.014037242826811 -14.2678465490972 -9.2
      vertex 8.259363627072197 -12.779790070772599 -9.2
    endloop
  endfacet
  facet normal 0 0 1
    outer loop
      vertex 8.259363627072197 -12.779790070772599 -9.2
      vertex 8.014037242826811 -14.2678465490972 -9.2
      vertex 8.401923788646684 -12.5 -9.2
    endloop
  endfacet
  facet normal 0 0 1
    outer loop
      vertex 8.065557197798583 -13.376264927546721 -9.2
      vertex 8.01643431389518 -13.686414610197039 -9.2
      vertex 8.014037242826811 -14.2678465490972 -9.2
    endloop
  endfacet
  facet normal 0 0 1
    outer loop
      vertex 8.01643431389518 -13.686414610197039 -9.2
      vertex 8 -14 -9.2
      vertex 8.014037242826811 -14.2678465490972 -9.2
    endloop
  endfacet
  facet normal 0.9986295347545737 0.052335956242947006 9.64988897148179e-15
    outer loop
      vertex 8 -14 -9.2
      vertex 8.01643431389518 -14.313585389802961 -9.129568361711701
      vertex 8.014037242826811 -14.2678465490972 -9.2
    endloop
  endfacet
  facet normal 0 0 1
    outer loop
      vertex 8.770565523567818 -11.992608180923426 -9.2
      vertex 8.014037242826811 -14.2678465490972 -9.2
      vertex 8.992608180923426 -11.770565523567818 -9.2
    endloop
  endfacet
  facet normal 0 0 1
    outer loop
      vertex 8.770565523567818 -11.992608180923426 -9.2
      vertex 8.572949016875157 -12.23664424312258 -9.2
      vertex 8.014037242826811 -14.2678465490972 -9.2
    endloop
  endfacet
  facet normal 0 0 1
    outer loop
      vertex 8.992608180923426 -11.770565523567818 -9.2
      vertex 8.014037242826811 -14.2678465490972 -9.2
      vertex 9.23664424312258 -11.572949016875157 -9.2
    endloop
  endfacet
  facet normal 0 0 1
    outer loop
      vertex 9.23664424312258 -11.572949016875157 -9.2
      vertex 9.38320392229824 -13.474671109562589 -9.2
      vertex 9.5 -11.401923788646684 -9.2
    endloop
  endfacet
  facet normal 0 0 1
    outer loop
      vertex 9.23664424312258 -11.572949016875157 -9.2
      vertex 9.33714907875253 -13.646550125609808 -9.2
      vertex 9.38320392229824 -13.474671109562589 -9.2
    endloop
  endfacet
  facet normal 0 0 1
    outer loop
      vertex 9.23664424312258 -11.572949016875157 -9.2
      vertex 9.309312777873936 -13.822301612444988 -9.2
      vertex 9.33714907875253 -13.646550125609808 -9.2
    endloop
  endfacet
  facet normal 0 0 1
    outer loop
      vertex 9.23664424312258 -11.572949016875157 -9.2
      vertex 8.014037242826811 -14.2678465490972 -9.2
      vertex 9.3 -14 -9.2
    endloop
  endfacet
  facet normal 0 0 1
    outer loop
      vertex 9.3 -14 -9.2
      vertex 8.014037242826811 -14.2678465490972 -9.2
      vertex 9.309312777873936 -14.177698387555012 -9.2
    endloop
  endfacet
  facet normal 0 0 1
    outer loop
      vertex 9.309312777873936 -14.177698387555012 -9.2
      vertex 8.014037242826811 -14.2678465490972 -9.2
      vertex 9.32359084398608 -14.2678465490972 -9.2
    endloop
  endfacet
  facet normal 0 0 1
    outer loop
      vertex 9.23664424312258 -11.572949016875157 -9.2
      vertex 9.3 -14 -9.2
      vertex 9.309312777873936 -13.822301612444988 -9.2
    endloop
  endfacet
  facet normal 0 0 1
    outer loop
      vertex 9.779790070772599 -11.259363627072197 -9.2
      vertex 9.862477969189941 -12.73665379668843 -9.2
      vertex 10.072949016875159 -11.146830451114539 -9.2
    endloop
  endfacet
  facet normal 0 0 1
    outer loop
      vertex 10.072949016875159 -11.146830451114539 -9.2
      vertex 10.15 -12.527756813566455 -9.2
      vertex 10.376264927546721 -11.065557197798583 -9.2
    endloop
  endfacet
  facet normal 0 0 1
    outer loop
      vertex 10.376264927546721 -11.065557197798583 -9.2
      vertex 10.474671109562589 -12.38320392229824 -9.2
      vertex 10.686414610197039 -11.01643431389518 -9.2
    endloop
  endfacet
  facet normal 0 0 1
    outer loop
      vertex 10.686414610197039 -11.01643431389518 -9.2
      vertex 10.822301612444988 -12.309312777873936 -9.2
      vertex 11 -11 -9.2
    endloop
  endfacet
  facet normal 0 0 1
    outer loop
      vertex 11 -11 -9.2
      vertex 10.822301612444988 -12.309312777873936 -9.2
      vertex 11 -12.3 -9.2
    endloop
  endfacet
  facet normal 0 0 1
    outer loop
      vertex 11 -11 -9.2
      vertex 11.177698387555012 -12.309312777873936 -9.2
      vertex 11.313585389802961 -11.01643431389518 -9.2
    endloop
  endfacet
  facet normal 0 0 1
    outer loop
      vertex 11 -11 -9.2
      vertex 11 -12.3 -9.2
      vertex 11.177698387555012 -12.309312777873936 -9.2
    endloop
  endfacet
  facet normal 0 0 1
    outer loop
      vertex 9.5 -11.401923788646684 -9.2
      vertex 9.62467110956259 -13.000765071102796 -9.2
      vertex 9.779790070772599 -11.259363627072197 -9.2
    endloop
  endfacet
  facet normal 0 0 1
    outer loop
      vertex 9.62467110956259 -13.000765071102796 -9.2
      vertex 9.73665379668843 -12.862477969189941 -9.2
      vertex 9.779790070772599 -11.259363627072197 -9.2
    endloop
  endfacet
  facet normal 0 0 1
    outer loop
      vertex 9.779790070772599 -11.259363627072197 -9.2
      vertex 9.73665379668843 -12.862477969189941 -9.2
      vertex 9.862477969189941 -12.73665379668843 -9.2
    endloop
  endfacet
  facet normal 0 0 1
    outer loop
      vertex 9.5 -11.401923788646684 -9.2
      vertex 9.446972722007578 -13.30854770677114 -9.2
      vertex 9.527756813566455 -13.15 -9.2
    endloop
  endfacet
  facet normal 0 0 1
    outer loop
      vertex 9.5 -11.401923788646684 -9.2
      vertex 9.38320392229824 -13.474671109562589 -9.2
      vertex 9.446972722007578 -13.30854770677114 -9.2
    endloop
  endfacet
  facet normal 0 0 1
    outer loop
      vertex 9.5 -11.401923788646684 -9.2
      vertex 9.527756813566455 -13.15 -9.2
      vertex 9.62467110956259 -13.000765071102796 -9.2
    endloop
  endfacet
  facet normal 0 0 1
    outer loop
      vertex 10.072949016875159 -11.146830451114539 -9.2
      vertex 9.862477969189941 -12.73665379668843 -9.2
      vertex 10.000765071102796 -12.62467110956259 -9.2
    endloop
  endfacet
  facet normal 0 0 1
    outer loop
      vertex 10.072949016875159 -11.146830451114539 -9.2
      vertex 10.000765071102796 -12.62467110956259 -9.2
      vertex 10.15 -12.527756813566455 -9.2
    endloop
  endfacet
  facet normal 0 0 1
    outer loop
      vertex 10.376264927546721 -11.065557197798583 -9.2
      vertex 10.15 -12.527756813566455 -9.2
      vertex 10.30854770677114 -12.446972722007578 -9.2
    endloop
  endfacet
  facet normal 0 0 1
    outer loop
      vertex 10.376264927546721 -11.065557197798583 -9.2
      vertex 10.30854770677114 -12.446972722007578 -9.2
      vertex 10.474671109562589 -12.38320392229824 -9.2
    endloop
  endfacet
  facet normal 0 0 1
    outer loop
      vertex 10.686414610197039 -11.01643431389518 -9.2
      vertex 10.474671109562589 -12.38320392229824 -9.2
      vertex 10.646550125609808 -12.33714907875253 -9.2
    endloop
  endfacet
  facet normal 0 0 1
    outer loop
      vertex 10.686414610197039 -11.01643431389518 -9.2
      vertex 10.646550125609808 -12.33714907875253 -9.2
      vertex 10.822301612444988 -12.309312777873936 -9.2
    endloop
  endfacet
  facet normal 0 0 1
    outer loop
      vertex 11.313585389802961 -11.01643431389518 -9.2
      vertex 11.177698387555012 -12.309312777873936 -9.2
      vertex 11.623735072453279 -11.065557197798583 -9.2
    endloop
  endfacet
  facet normal 0 0 1
    outer loop
      vertex 11.623735072453279 -11.065557197798583 -9.2
      vertex 11.525328890437411 -12.38320392229824 -9.2
      vertex 11.927050983124841 -11.146830451114539 -9.2
    endloop
  endfacet
  facet normal 0 0 1
    outer loop
      vertex 11.927050983124841 -11.146830451114539 -9.2
      vertex 11.85 -12.527756813566455 -9.2
      vertex 12.220209929227401 -11.259363627072197 -9.2
    endloop
  endfacet
  facet normal 0 0 1
    outer loop
      vertex 12.220209929227401 -11.259363627072197 -9.2
      vertex 12.137522030810059 -12.73665379668843 -9.2
      vertex 12.5 -11.401923788646684 -9.2
    endloop
  endfacet
  facet normal 0 0 1
    outer loop
      vertex 11.623735072453279 -11.065557197798583 -9.2
      vertex 11.177698387555012 -12.309312777873936 -9.2
      vertex 11.353449874390192 -12.33714907875253 -9.2
    endloop
  endfacet
  facet normal 0 0 1
    outer loop
      vertex 11.623735072453279 -11.065557197798583 -9.2
      vertex 11.353449874390192 -12.33714907875253 -9.2
      vertex 11.525328890437411 -12.38320392229824 -9.2
    endloop
  endfacet
  facet normal 0 0 1
    outer loop
      vertex 11.525328890437411 -12.38320392229824 -9.2
      vertex 11.69145229322886 -12.446972722007578 -9.2
      vertex 11.927050983124841 -11.146830451114539 -9.2
    endloop
  endfacet
  facet normal 0 0 1
    outer loop
      vertex 11.927050983124841 -11.146830451114539 -9.2
      vertex 11.69145229322886 -12.446972722007578 -9.2
      vertex 11.85 -12.527756813566455 -9.2
    endloop
  endfacet
  facet normal 0 0 1
    outer loop
      vertex 12.220209929227401 -11.259363627072197 -9.2
      vertex 11.85 -12.527756813566455 -9.2
      vertex 11.999234928897204 -12.62467110956259 -9.2
    endloop
  endfacet
  facet normal 0 0 1
    outer loop
      vertex 12.220209929227401 -11.259363627072197 -9.2
      vertex 11.999234928897204 -12.62467110956259 -9.2
      vertex 12.137522030810059 -12.73665379668843 -9.2
    endloop
  endfacet
  facet normal 0 0 1
    outer loop
      vertex 12.5 -11.401923788646684 -9.2
      vertex 12.137522030810059 -12.73665379668843 -9.2
      vertex 12.26334620331157 -12.862477969189941 -9.2
    endloop
  endfacet
  facet normal 0 0 1
    outer loop
      vertex 12.5 -11.401923788646684 -9.2
      vertex 12.26334620331157 -12.862477969189941 -9.2
      vertex 12.37532889043741 -13.000765071102796 -9.2
    endloop
  endfacet
  facet normal 0 0 1
    outer loop
      vertex 12.5 -11.401923788646684 -9.2
      vertex 12.472243186433545 -13.15 -9.2
      vertex 12.76335575687742 -11.572949016875157 -9.2
    endloop
  endfacet
  facet normal 0 0 1
    outer loop
      vertex 12.5 -11.401923788646684 -9.2
      vertex 12.37532889043741 -13.000765071102796 -9.2
      vertex 12.472243186433545 -13.15 -9.2
    endloop
  endfacet
  facet normal 0 0 1
    outer loop
      vertex 12.76335575687742 -11.572949016875157 -9.2
      vertex 12.472243186433545 -13.15 -9.2
      vertex 12.553027277992422 -13.30854770677114 -9.2
    endloop
  endfacet
  facet normal 0 0 1
    outer loop
      vertex 12.76335575687742 -11.572949016875157 -9.2
      vertex 12.553027277992422 -13.30854770677114 -9.2
      vertex 12.61679607770176 -13.474671109562589 -9.2
    endloop
  endfacet
  facet normal 0 0 1
    outer loop
      vertex 12.76335575687742 -11.572949016875157 -9.2
      vertex 12.61679607770176 -13.474671109562589 -9.2
      vertex 12.66285092124747 -13.646550125609808 -9.2
    endloop
  endfacet
  facet normal 0 0 1
    outer loop
      vertex 12.76335575687742 -11.572949016875157 -9.2
      vertex 12.66285092124747 -13.646550125609808 -9.2
      vertex 12.690687222126064 -13.822301612444988 -9.2
    endloop
  endfacet
  facet normal 0 0 1
    outer loop
      vertex 12.76335575687742 -11.572949016875157 -9.2
      vertex 12.690687222126064 -13.822301612444988 -9.2
      vertex 12.7 -14 -9.2
    endloop
  endfacet
  facet normal 0 0 1
    outer loop
      vertex 12.690687222126064 -14.177698387555012 -9.2
      vertex 12.67640915601392 -14.2678465490972 -9.2
      vertex 13.985962757173189 -14.2678465490972 -9.2
    endloop
  endfacet
  facet normal 0 0 1
    outer loop
      vertex 12.76335575687742 -11.572949016875157 -9.2
      vertex 13.985962757173189 -14.2678465490972 -9.2
      vertex 13.007391819076574 -11.770565523567818 -9.2
    endloop
  endfacet
  facet normal 0 0 1
    outer loop
      vertex 13.007391819076574 -11.770565523567818 -9.2
      vertex 13.985962757173189 -14.2678465490972 -9.2
      vertex 13.229434476432182 -11.992608180923426 -9.2
    endloop
  endfacet
  facet normal 0 0 1
    outer loop
      vertex 13.229434476432182 -11.992608180923426 -9.2
      vertex 13.985962757173189 -14.2678465490972 -9.2
      vertex 13.427050983124843 -12.23664424312258 -9.2
    endloop
  endfacet
  facet normal 0 0 1
    outer loop
      vertex 13.427050983124843 -12.23664424312258 -9.2
      vertex 13.985962757173189 -14.2678465490972 -9.2
      vertex 13.598076211353316 -12.5 -9.2
    endloop
  endfacet
  facet normal 0 0 1
    outer loop
      vertex 12.76335575687742 -11.572949016875157 -9.2
      vertex 12.7 -14 -9.2
      vertex 13.985962757173189 -14.2678465490972 -9.2
    endloop
  endfacet
  facet normal 0 0 1
    outer loop
      vertex 12.7 -14 -9.2
      vertex 12.690687222126064 -14.177698387555012 -9.2
      vertex 13.985962757173189 -14.2678465490972 -9.2
    endloop
  endfacet
  facet normal 0 0 1
    outer loop
      vertex 13.598076211353316 -12.5 -9.2
      vertex 13.985962757173189 -14.2678465490972 -9.2
      vertex 13.740636372927803 -12.779790070772599 -9.2
    endloop
  endfacet
  facet normal 0 0 1
    outer loop
      vertex 13.740636372927803 -12.779790070772599 -9.2
      vertex 13.985962757173189 -14.2678465490972 -9.2
      vertex 13.853169548885461 -13.072949016875159 -9.2
    endloop
  endfacet
  facet normal 0 0 1
    outer loop
      vertex 13.853169548885461 -13.072949016875159 -9.2
      vertex 13.985962757173189 -14.2678465490972 -9.2
      vertex 13.934442802201417 -13.376264927546721 -9.2
    endloop
  endfacet
  facet normal 0 0 1
    outer loop
      vertex 13.934442802201417 -13.376264927546721 -9.2
      vertex 13.985962757173189 -14.2678465490972 -9.2
      vertex 13.98356568610482 -13.686414610197039 -9.2
    endloop
  endfacet
  facet normal 0 0 1
    outer loop
      vertex 13.98356568610482 -13.686414610197039 -9.2
      vertex 13.985962757173189 -14.2678465490972 -9.2
      vertex 14 -14 -9.2
    endloop
  endfacet
  facet normal -0.9986295347545737 0.052335956242947006 9.636128487992051e-15
    outer loop
      vertex 14 -14 -9.2
      vertex 13.985962757173189 -14.2678465490972 -9.2
      vertex 13.98356568610482 -14.313585389802961 -9.129568361711701
    endloop
  endfacet
  facet normal 0 -0.9986295347545738 0.05233595624294412
    outer loop
      vertex -13.797830029388246 12.928784639787553 -1.3588700224794952
      vertex -15 13 0
      vertex -15 12.928784639787553 -1.3588700224794952
    endloop
  endfacet
  facet normal 1.6333089539141364e-15 -0.9986295347545738 0.05233595624294555
    outer loop
      vertex -13.801026090968495 12.93711066486035 -1.2
      vertex -15 13 0
      vertex -13.797830029388246 12.928784639787553 -1.3588700224794952
    endloop
  endfacet
  facet normal -1.765129563485958e-18 -0.9986295347545739 0.052335956242943925
    outer loop
      vertex -13.801026090968495 12.93711066486035 -1.2
      vertex -12.374709348074107 13 0
      vertex -15 13 0
    endloop
  endfacet
  facet normal 0 -0.987688340595138 0.15643446504022987
    outer loop
      vertex -13.797830029388246 12.928784639787553 -1.3588700224794952
      vertex -15 12.928784639787553 -1.3588700224794952
      vertex -13.740636372927803 12.779790070772599 -2.299584708276025
    endloop
  endfacet
  facet normal 7.58929812714495e-16 -0.9876883405951378 0.1564344650402308
    outer loop
      vertex -13.740636372927803 12.779790070772599 -2.299584708276025
      vertex -15 12.928784639787553 -1.3588700224794952
      vertex -13.708092339838219 12.715918809539474 -2.7028519806308715
    endloop
  endfacet
  facet normal 0 -0.9986295347545739 0.05233595624294393
    outer loop
      vertex -13.801026090968495 12.93711066486035 -1.2
      vertex -12.32378256861977 12.93711066486035 -1.2
      vertex -12.374709348074107 13 0
    endloop
  endfacet
  facet normal 0 -0.9876883405951379 0.15643446504023012
    outer loop
      vertex -13.708092339838219 12.715918809539474 -2.7028519806308715
      vertex -15 12.928784639787553 -1.3588700224794952
      vertex -15 12.715918809539474 -2.7028519806308715
    endloop
  endfacet
  facet normal 0 -0.9659258262890679 0.25881904510252224
    outer loop
      vertex -13.708092339838219 12.715918809539474 -2.7028519806308715
      vertex -15 12.715918809539474 -2.7028519806308715
      vertex -13.598076211353316 12.5 -3.508671948141971
    endloop
  endfacet
  facet normal -2.1926316184132748e-16 -0.965925826289068 0.2588190451025219
    outer loop
      vertex -13.598076211353316 12.5 -3.508671948141971
      vertex -15 12.715918809539474 -2.7028519806308715
      vertex -15 12.363734711836996 -4.017220926874316
    endloop
  endfacet
  facet normal 4.677281060838287e-18 -0.9659258262890681 0.25881904510252135
    outer loop
      vertex -13.598076211353316 12.5 -3.508671948141971
      vertex -15 12.363734711836996 -4.017220926874316
      vertex -13.509584498531014 12.363734711836996 -4.017220926874316
    endloop
  endfacet
  facet normal 0 -0.933580426497202 0.3583679495452999
    outer loop
      vertex -13.509584498531014 12.363734711836996 -4.017220926874316
      vertex -15 12.363734711836996 -4.017220926874316
      vertex -13.427050983124843 12.23664424312258 -4.34830291714905
    endloop
  endfacet
  facet normal 7.977622014134189e-17 -0.933580426497202 0.3583679495452998
    outer loop
      vertex -13.229434476432182 11.992608180923426 -4.984038594175003
      vertex -15 12.363734711836996 -4.017220926874316
      vertex -15 11.876090949353811 -5.287576359985403
    endloop
  endfacet
  facet normal -3.372238335506985e-17 -0.9335804264972021 0.35836794954529966
    outer loop
      vertex -13.427050983124843 12.23664424312258 -4.34830291714905
      vertex -15 12.363734711836996 -4.017220926874316
      vertex -13.229434476432182 11.992608180923426 -4.984038594175003
    endloop
  endfacet
  facet normal -2.262485011857145e-18 -0.9335804264972019 0.3583679495453003
    outer loop
      vertex -13.229434476432182 11.992608180923426 -4.984038594175003
      vertex -15 11.876090949353811 -5.287576359985403
      vertex -13.112917244862567 11.876090949353811 -5.287576359985403
    endloop
  endfacet
  facet normal 5.750507995288618e-17 -0.8910065241883678 0.4539904997395471
    outer loop
      vertex -12.220209929227401 11.259363627072197 -6.497971881727358
      vertex -15 11.876090949353811 -5.287576359985403
      vertex -15 11.258330249197702 -6.5
    endloop
  endfacet
  facet normal 0 -0.8910065241883687 0.4539904997395452
    outer loop
      vertex -13.112917244862567 11.876090949353811 -5.287576359985403
      vertex -15 11.876090949353811 -5.287576359985403
      vertex -13.007391819076574 11.770565523567818 -5.494681669230898
    endloop
  endfacet
  facet normal 4.603870436281588e-16 -0.8910065241883669 0.4539904997395488
    outer loop
      vertex -13.007391819076574 11.770565523567818 -5.494681669230898
      vertex -15 11.876090949353811 -5.287576359985403
      vertex -12.76335575687742 11.572949016875157 -5.882525901327142
    endloop
  endfacet
  facet normal -7.137310984075615e-16 -0.8910065241883687 0.45399049973954525
    outer loop
      vertex -12.76335575687742 11.572949016875157 -5.882525901327142
      vertex -15 11.876090949353811 -5.287576359985403
      vertex -12.5 11.401923788646684 -6.21818181095476
    endloop
  endfacet
  facet normal 6.189861341120167e-16 -0.8910065241883671 0.4539904997395481
    outer loop
      vertex -12.5 11.401923788646684 -6.21818181095476
      vertex -15 11.876090949353811 -5.287576359985403
      vertex -12.220209929227401 11.259363627072197 -6.497971881727358
    endloop
  endfacet
  facet normal 3.618560349346693e-21 -0.8910065241883358 0.45399049973960964
    outer loop
      vertex -12.220209929227401 11.259363627072197 -6.497971881727358
      vertex -15 11.258330249197702 -6.5
      vertex -12.217517887826856 11.258330249197702 -6.5
    endloop
  endfacet
  facet normal 1.9381157939619467e-16 -0.8386705679454243 0.5446390350150269
    outer loop
      vertex -11.313585389802961 11.01643431389518 -6.872487075661513
      vertex -15 11.258330249197702 -6.5
      vertex -15 10.517220926874316 -7.641208279802151
    endloop
  endfacet
  facet normal 0 -0.8386705679454252 0.5446390350150255
    outer loop
      vertex -12.217517887826856 11.258330249197702 -6.5
      vertex -15 11.258330249197702 -6.5
      vertex -11.927050983124841 11.146830451114539 -6.671694632540663
    endloop
  endfacet
  facet normal -2.4152683439663346e-17 -0.8386705679454253 0.5446390350150252
    outer loop
      vertex -11.927050983124841 11.146830451114539 -6.671694632540663
      vertex -15 11.258330249197702 -6.5
      vertex -11.623735072453279 11.065557197798583 -6.796844467817132
    endloop
  endfacet
  facet normal 4.8350652097501286e-17 -0.8386705679454248 0.5446390350150259
    outer loop
      vertex -11.623735072453279 11.065557197798583 -6.796844467817132
      vertex -15 11.258330249197702 -6.5
      vertex -11.313585389802961 11.01643431389518 -6.872487075661513
    endloop
  endfacet
  facet normal -1.0573385373325592e-15 -0.8386705679454215 0.5446390350150311
    outer loop
      vertex -11.313585389802961 11.01643431389518 -6.872487075661513
      vertex -15 10.517220926874316 -7.641208279802151
      vertex -11 11 -6.897793699833032
    endloop
  endfacet
  facet normal -5.1996836335801255e-17 -0.8386705679454239 0.5446390350150273
    outer loop
      vertex -11 11 -6.897793699833032
      vertex -15 10.517220926874316 -7.641208279802151
      vertex -10.686414610197039 11.01643431389518 -6.872487075661512
    endloop
  endfacet
  facet normal 0 -0.9986295347545737 0.05233595624294392
    outer loop
      vertex -9.625290651925893 13 0
      vertex -9.67621743138023 12.93711066486035 -1.2
      vertex 9.625290651925893 13 0
    endloop
  endfacet
  facet normal 0 -0.9986295347545739 0.05233595624294393
    outer loop
      vertex -9.67621743138023 12.93711066486035 -1.2
      vertex -8.198973909031505 12.93711066486035 -1.2
      vertex 9.625290651925893 13 0
    endloop
  endfacet
  facet normal 0 -0.9986295347545738 0.05233595624294553
    outer loop
      vertex -8.198973909031505 12.93711066486035 -1.2
      vertex -8.202169970611754 12.928784639787553 -1.3588700224794952
      vertex 8.198973909031505 12.93711066486035 -1.2
    endloop
  endfacet
  facet normal 0 -0.9876883405951379 0.1564344650402299
    outer loop
      vertex -8.202169970611754 12.928784639787553 -1.3588700224794952
      vertex -8.259363627072197 12.779790070772599 -2.2995847082760243
      vertex 8.202169970611754 12.928784639787553 -1.3588700224794952
    endloop
  endfacet
  facet normal -4.2055817560401724e-17 -0.9876883405951377 0.15643446504023056
    outer loop
      vertex -8.259363627072197 12.779790070772599 -2.2995847082760243
      vertex -8.291907660161781 12.715918809539474 -2.7028519806308715
      vertex 8.259363627072197 12.779790070772599 -2.29958470827602
    endloop
  endfacet
  facet normal 0 -0.9659258262890681 0.2588190451025216
    outer loop
      vertex -8.291907660161781 12.715918809539474 -2.7028519806308715
      vertex -8.401923788646684 12.5 -3.508671948141973
      vertex 8.291907660161781 12.715918809539474 -2.7028519806308715
    endloop
  endfacet
  facet normal 0 -0.9335804264972015 0.3583679495453006
    outer loop
      vertex -8.490415501468986 12.363734711836996 -4.017220926874316
      vertex -8.572949016875157 12.23664424312258 -4.3483029171490495
      vertex 8.490415501468986 12.363734711836996 -4.017220926874316
    endloop
  endfacet
  facet normal 7.171876874054618e-19 -0.9659258262890678 0.2588190451025224
    outer loop
      vertex -8.401923788646684 12.5 -3.508671948141973
      vertex -8.490415501468986 12.363734711836996 -4.017220926874316
      vertex 8.490415501468986 12.363734711836996 -4.017220926874316
    endloop
  endfacet
  facet normal 5.235615400667784e-19 -0.7771459614569716 0.6293203910498365
    outer loop
      vertex -15 10.517220926874316 -7.641208279802151
      vertex -15 9.660882731206126 -8.698697882665158
      vertex 15 9.660882731206126 -8.698697882665158
    endloop
  endfacet
  facet normal -5.4185724567301e-17 -0.9335804264972022 0.35836794954529927
    outer loop
      vertex -8.572949016875157 12.23664424312258 -4.3483029171490495
      vertex -8.770565523567818 11.992608180923426 -4.984038594175003
      vertex 8.770565523567818 11.992608180923426 -4.984038594175001
    endloop
  endfacet
  facet normal -2.4020798316322776e-19 -0.9335804264972017 0.3583679495453003
    outer loop
      vertex -8.770565523567818 11.992608180923426 -4.984038594175003
      vertex -8.887082755137433 11.876090949353811 -5.287576359985403
      vertex 8.887082755137433 11.876090949353811 -5.287576359985403
    endloop
  endfacet
  facet normal 4.4839556723146086e-17 -0.8910065241883663 0.45399049973954986
    outer loop
      vertex -8.992608180923426 11.770565523567818 -5.4946816692308955
      vertex 8.992608180923426 11.770565523567818 -5.494681669230897
      vertex -8.887082755137433 11.876090949353811 -5.287576359985403
    endloop
  endfacet
  facet normal 4.4839556723145704e-17 -0.8910065241883682 0.45399049973954597
    outer loop
      vertex -8.992608180923426 11.770565523567818 -5.4946816692308955
      vertex -9.23664424312258 11.572949016875157 -5.882525901327142
      vertex 8.992608180923426 11.770565523567818 -5.494681669230897
    endloop
  endfacet
  facet normal -5.513438908124989e-18 -0.8910065241883679 0.45399049973954664
    outer loop
      vertex -9.23664424312258 11.572949016875157 -5.882525901327142
      vertex -9.5 11.401923788646684 -6.218181810954759
      vertex 9.782482112173144 11.258330249197702 -6.5
    endloop
  endfacet
  facet normal -8.250415391412581e-18 -0.891006524188368 0.4539904997395464
    outer loop
      vertex -9.779790070772599 11.259363627072197 -6.497971881727358
      vertex 9.782482112173144 11.258330249197702 -6.5
      vertex -9.5 11.401923788646684 -6.218181810954759
    endloop
  endfacet
  facet normal 5.146229417249339e-22 -0.8910065241883359 0.4539904997396096
    outer loop
      vertex -9.779790070772599 11.259363627072197 -6.497971881727358
      vertex -9.782482112173144 11.258330249197702 -6.5
      vertex 9.782482112173144 11.258330249197702 -6.5
    endloop
  endfacet
  facet normal 8.282719243299111e-19 -0.838670567945424 0.5446390350150271
    outer loop
      vertex -10.686414610197039 11.01643431389518 -6.872487075661512
      vertex -15 10.517220926874316 -7.641208279802151
      vertex 15 10.517220926874316 -7.641208279802151
    endloop
  endfacet
  facet normal -5.384160383633764e-17 -0.8386705679454249 0.5446390350150258
    outer loop
      vertex -10.686414610197039 11.01643431389518 -6.872487075661512
      vertex 15 10.517220926874316 -7.641208279802151
      vertex -10.376264927546721 11.065557197798583 -6.796844467817131
    endloop
  endfacet
  facet normal 4.797519048291766e-17 -0.8386705679454235 0.5446390350150279
    outer loop
      vertex -10.376264927546721 11.065557197798583 -6.796844467817131
      vertex 15 10.517220926874316 -7.641208279802151
      vertex -10.072949016875159 11.146830451114539 -6.671694632540663
    endloop
  endfacet
  facet normal -8.105389364526087e-17 -0.838670567945425 0.5446390350150256
    outer loop
      vertex -9.782482112173144 11.258330249197702 -6.5
      vertex -10.072949016875159 11.146830451114539 -6.671694632540663
      vertex 15 10.517220926874316 -7.641208279802151
    endloop
  endfacet
  facet normal 5.83761344209844e-19 -0.7071067811865476 0.7071067811865476
    outer loop
      vertex -15 9.660882731206126 -8.698697882665158
      vertex -15 8.698697882665158 -9.660882731206126
      vertex 15 8.698697882665158 -9.660882731206126
    endloop
  endfacet
  facet normal 0 -0.6293203910498365 0.7771459614569716
    outer loop
      vertex -15 7.641208279802151 -10.517220926874316
      vertex 15 7.641208279802151 -10.517220926874316
      vertex -15 8.698697882665158 -9.660882731206126
    endloop
  endfacet
  facet normal 0 -0.5446390350150268 0.8386705679454243
    outer loop
      vertex -15 6.5 -11.258330249197702
      vertex 15 6.5 -11.258330249197702
      vertex -15 7.641208279802151 -10.517220926874316
    endloop
  endfacet
  facet normal 0 -0.45399049973954714 0.8910065241883677
    outer loop
      vertex -15 5.287576359985403 -11.876090949353811
      vertex 15 5.287576359985403 -11.876090949353811
      vertex -15 6.5 -11.258330249197702
    endloop
  endfacet
  facet normal 0 -0.3583679495452998 0.933580426497202
    outer loop
      vertex -15 4.017220926874316 -12.363734711836996
      vertex 15 4.017220926874316 -12.363734711836996
      vertex -15 5.287576359985403 -11.876090949353811
    endloop
  endfacet
  facet normal 0 -0.25881904510252196 0.9659258262890681
    outer loop
      vertex -15 2.7028519806308715 -12.715918809539474
      vertex 15 2.7028519806308715 -12.715918809539474
      vertex -15 4.017220926874316 -12.363734711836996
    endloop
  endfacet
  facet normal 0 -0.15643446504023012 0.987688340595138
    outer loop
      vertex -15 1.3588700224794952 -12.928784639787553
      vertex 15 1.3588700224794952 -12.928784639787553
      vertex -15 2.7028519806308715 -12.715918809539474
    endloop
  endfacet
  facet normal 0 -0.05233595624294411 0.9986295347545739
    outer loop
      vertex -15 0 -13
      vertex 15 0 -13
      vertex -15 1.3588700224794952 -12.928784639787553
    endloop
  endfacet
  facet normal 1.866977176152693e-16 0.9986295347545738 0.05233595624294412
    outer loop
      vertex -13.801026090968497 -12.93711066486035 -1.2
      vertex -15 -12.928784639787553 -1.3588700224794952
      vertex -15 -13 0
    endloop
  endfacet
  facet normal 1.765129563485958e-18 0.9986295347545739 0.05233595624294394
    outer loop
      vertex -13.801026090968497 -12.93711066486035 -1.2
      vertex -15 -13 0
      vertex -12.374709348074107 -13 0
    endloop
  endfacet
  facet normal 2.302499458190395e-19 0.9986295347545737 0.05233595624294553
    outer loop
      vertex -13.801026090968497 -12.93711066486035 -1.2
      vertex -13.797830029388246 -12.928784639787553 -1.3588700224794952
      vertex -15 -12.928784639787553 -1.3588700224794952
    endloop
  endfacet
  facet normal 0 0.9876883405951379 0.15643446504023012
    outer loop
      vertex -13.797830029388246 -12.928784639787553 -1.3588700224794952
      vertex -15 -12.715918809539474 -2.7028519806308715
      vertex -15 -12.928784639787553 -1.3588700224794952
    endloop
  endfacet
  facet normal -6.934450068963898e-16 0.9876883405951378 0.15643446504023073
    outer loop
      vertex -13.797830029388246 -12.928784639787553 -1.3588700224794952
      vertex -13.740636372927803 -12.779790070772599 -2.299584708276019
      vertex -15 -12.715918809539474 -2.7028519806308715
    endloop
  endfacet
  facet normal 0 0.9986295347545739 0.05233595624294394
    outer loop
      vertex -13.801026090968497 -12.93711066486035 -1.2
      vertex -12.374709348074107 -13 0
      vertex -12.32378256861977 -12.93711066486035 -1.2
    endloop
  endfacet
  facet normal -9.92284677943222e-20 0.9876883405951381 0.1564344650402286
    outer loop
      vertex -13.740636372927803 -12.779790070772599 -2.299584708276019
      vertex -13.708092339838219 -12.715918809539474 -2.7028519806308715
      vertex -15 -12.715918809539474 -2.7028519806308715
    endloop
  endfacet
  facet normal 0 0.965925826289068 0.25881904510252196
    outer loop
      vertex -13.708092339838219 -12.715918809539474 -2.7028519806308715
      vertex -15 -12.363734711836996 -4.017220926874316
      vertex -15 -12.715918809539474 -2.7028519806308715
    endloop
  endfacet
  facet normal 5.560486288829604e-16 0.9659258262890681 0.2588190451025214
    outer loop
      vertex -13.708092339838219 -12.715918809539474 -2.7028519806308715
      vertex -13.598076211353316 -12.5 -3.508671948141974
      vertex -15 -12.363734711836996 -4.017220926874316
    endloop
  endfacet
  facet normal 4.579883042764085e-18 0.9659258262890678 0.25881904510252285
    outer loop
      vertex -13.598076211353316 -12.5 -3.508671948141974
      vertex -13.509584498531014 -12.363734711836996 -4.017220926874316
      vertex -15 -12.363734711836996 -4.017220926874316
    endloop
  endfacet
  facet normal 3.1369087576637188e-18 0.9986295347545739 0.05233595624294393
    outer loop
      vertex -9.625290651925893 -13 0
      vertex -8.198973909031505 -12.93711066486035 -1.2
      vertex -9.67621743138023 -12.93711066486035 -1.2
    endloop
  endfacet
  facet normal 0 0.8910065241883677 0.4539904997395471
    outer loop
      vertex -13.112917244862567 -11.876090949353811 -5.287576359985403
      vertex -15 -11.258330249197702 -6.5
      vertex -15 -11.876090949353811 -5.287576359985403
    endloop
  endfacet
  facet normal 1.5640490121623628e-16 0.8910065241883679 0.45399049973954675
    outer loop
      vertex -13.112917244862567 -11.876090949353811 -5.287576359985403
      vertex -13.007391819076574 -11.770565523567818 -5.494681669230897
      vertex -15 -11.258330249197702 -6.5
    endloop
  endfacet
  facet normal 1.1143331040125485e-16 0.8910065241883679 0.4539904997395469
    outer loop
      vertex -13.007391819076574 -11.770565523567818 -5.494681669230897
      vertex -12.76335575687742 -11.572949016875157 -5.882525901327143
      vertex -15 -11.258330249197702 -6.5
    endloop
  endfacet
  facet normal -3.67363812342102e-16 0.8910065241883671 0.45399049973954836
    outer loop
      vertex -12.76335575687742 -11.572949016875157 -5.882525901327143
      vertex -12.5 -11.401923788646684 -6.218181810954758
      vertex -15 -11.258330249197702 -6.5
    endloop
  endfacet
  facet normal 0 0.9335804264972019 0.3583679495452998
    outer loop
      vertex -13.509584498531014 -12.363734711836996 -4.017220926874316
      vertex -15 -11.876090949353811 -5.287576359985403
      vertex -15 -12.363734711836996 -4.017220926874316
    endloop
  endfacet
  facet normal 4.5244266094091816e-17 0.933580426497202 0.3583679495452999
    outer loop
      vertex -13.509584498531014 -12.363734711836996 -4.017220926874316
      vertex -13.427050983124843 -12.23664424312258 -4.34830291714905
      vertex -15 -11.876090949353811 -5.287576359985403
    endloop
  endfacet
  facet normal -3.8724044576908335e-16 0.9335804264972016 0.3583679495453005
    outer loop
      vertex -13.427050983124843 -12.23664424312258 -4.34830291714905
      vertex -13.229434476432182 -11.992608180923426 -4.984038594175002
      vertex -15 -11.876090949353811 -5.287576359985403
    endloop
  endfacet
  facet normal 4.20304483534572e-18 0.9335804264972025 0.3583679495452985
    outer loop
      vertex -13.229434476432182 -11.992608180923426 -4.984038594175002
      vertex -13.112917244862567 -11.876090949353811 -5.287576359985403
      vertex -15 -11.876090949353811 -5.287576359985403
    endloop
  endfacet
  facet normal 0 0.8386705679454243 0.5446390350150268
    outer loop
      vertex -12.217517887826856 -11.258330249197702 -6.5
      vertex -15 -10.517220926874316 -7.641208279802151
      vertex -15 -11.258330249197702 -6.5
    endloop
  endfacet
  facet normal -3.618560349346693e-21 0.8910065241883358 0.45399049973960964
    outer loop
      vertex -12.220209929227401 -11.259363627072197 -6.497971881727358
      vertex -12.217517887826856 -11.258330249197702 -6.5
      vertex -15 -11.258330249197702 -6.5
    endloop
  endfacet
  facet normal 6.00040039909972e-17 0.8910065241883686 0.4539904997395453
    outer loop
      vertex -12.5 -11.401923788646684 -6.218181810954758
      vertex -12.220209929227401 -11.259363627072197 -6.497971881727358
      vertex -15 -11.258330249197702 -6.5
    endloop
  endfacet
  facet normal -2.3097901232373543e-16 0.838670567945424 0.5446390350150272
    outer loop
      vertex -12.217517887826856 -11.258330249197702 -6.5
      vertex -11.927050983124841 -11.146830451114539 -6.671694632540662
      vertex -15 -10.517220926874316 -7.641208279802151
    endloop
  endfacet
  facet normal -3.297950687009143e-16 0.8386705679454238 0.5446390350150274
    outer loop
      vertex -11.927050983124841 -11.146830451114539 -6.671694632540662
      vertex -11.623735072453279 -11.065557197798583 -6.79684446781713
      vertex -15 -10.517220926874316 -7.641208279802151
    endloop
  endfacet
  facet normal 1.483921003428646e-16 0.8386705679454247 0.544639035015026
    outer loop
      vertex -11.623735072453279 -11.065557197798583 -6.79684446781713
      vertex -11.313585389802961 -11.01643431389518 -6.872487075661511
      vertex -15 -10.517220926874316 -7.641208279802151
    endloop
  endfacet
  facet normal -1.6514814193743182e-17 0.8386705679454243 0.5446390350150266
    outer loop
      vertex -11.313585389802961 -11.01643431389518 -6.872487075661511
      vertex -11 -11 -6.897793699833031
      vertex -15 -10.517220926874316 -7.641208279802151
    endloop
  endfacet
  facet normal 2.8259500480622344e-19 0.9986295347545738 0.052335956242943925
    outer loop
      vertex -9.625290651925893 -13 0
      vertex 8.198973909031505 -12.93711066486035 -1.2
      vertex -8.198973909031505 -12.93711066486035 -1.2
    endloop
  endfacet
  facet normal 1.6873557338509276e-20 0.9986295347545738 0.05233595624294552
    outer loop
      vertex -8.198973909031505 -12.93711066486035 -1.2
      vertex 8.202169970611754 -12.928784639787553 -1.3588700224794952
      vertex -8.202169970611754 -12.928784639787553 -1.3588700224794952
    endloop
  endfacet
  facet normal 4.1386885581134883e-17 0.9876883405951378 0.15643446504023062
    outer loop
      vertex -8.202169970611754 -12.928784639787553 -1.3588700224794952
      vertex 8.259363627072197 -12.779790070772599 -2.2995847082760243
      vertex -8.259363627072197 -12.779790070772599 -2.29958470827602
    endloop
  endfacet
  facet normal 1.7214166211936045e-19 0.987688340595138 0.1564344650402289
    outer loop
      vertex -8.259363627072197 -12.779790070772599 -2.29958470827602
      vertex 8.291907660161781 -12.715918809539474 -2.7028519806308715
      vertex -8.291907660161781 -12.715918809539474 -2.7028519806308715
    endloop
  endfacet
  facet normal 4.104015275253042e-17 0.9659258262890682 0.25881904510252113
    outer loop
      vertex -8.401923788646684 -12.5 -3.5086719481419704
      vertex 8.401923788646684 -12.5 -3.508671948141973
      vertex -8.490415501468986 -12.363734711836996 -4.017220926874316
    endloop
  endfacet
  facet normal -1.863749340039819e-17 0.933580426497202 0.3583679495452998
    outer loop
      vertex -8.490415501468986 -12.363734711836996 -4.017220926874316
      vertex 8.572949016875157 -12.23664424312258 -4.3483029171490495
      vertex -8.572949016875157 -12.23664424312258 -4.34830291714905
    endloop
  endfacet
  facet normal 4.081717283813536e-17 0.965925826289068 0.25881904510252246
    outer loop
      vertex -8.291907660161781 -12.715918809539474 -2.7028519806308715
      vertex 8.401923788646684 -12.5 -3.508671948141973
      vertex -8.401923788646684 -12.5 -3.5086719481419704
    endloop
  endfacet
  facet normal 1.9848810388371622e-17 0.8386705679454246 0.5446390350150265
    outer loop
      vertex -11 -11 -6.897793699833031
      vertex 9.782482112173144 -11.258330249197702 -6.5
      vertex -15 -10.517220926874316 -7.641208279802151
    endloop
  endfacet
  facet normal 1.5737126422316342e-17 0.8386705679454243 0.5446390350150268
    outer loop
      vertex -11 -11 -6.897793699833031
      vertex -10.686414610197039 -11.01643431389518 -6.872487075661511
      vertex 9.782482112173144 -11.258330249197702 -6.5
    endloop
  endfacet
  facet normal -8.002126635386626e-17 0.8386705679454219 0.5446390350150304
    outer loop
      vertex -10.686414610197039 -11.01643431389518 -6.872487075661511
      vertex -10.376264927546721 -11.065557197798583 -6.796844467817131
      vertex 9.782482112173144 -11.258330249197702 -6.5
    endloop
  endfacet
  facet normal -5.235615400667784e-19 0.7771459614569716 0.6293203910498365
    outer loop
      vertex -15 -9.660882731206126 -8.698697882665158
      vertex -15 -10.517220926874316 -7.641208279802151
      vertex 15 -10.517220926874316 -7.641208279802151
    endloop
  endfacet
  facet normal -1.4386208757475358e-19 0.8910065241883678 0.45399049973954675
    outer loop
      vertex -8.992608180923426 -11.770565523567818 -5.494681669230897
      vertex -8.887082755137433 -11.876090949353811 -5.287576359985403
      vertex 8.887082755137433 -11.876090949353811 -5.287576359985403
    endloop
  endfacet
  facet normal -2.1671678987534403e-17 0.8910065241883678 0.4539904997395469
    outer loop
      vertex -8.992608180923426 -11.770565523567818 -5.494681669230897
      vertex 9.23664424312258 -11.572949016875157 -5.882525901327142
      vertex -9.23664424312258 -11.572949016875157 -5.882525901327143
    endloop
  endfacet
  facet normal 5.28241115259691e-17 0.8910065241883687 0.45399049973954525
    outer loop
      vertex -9.779790070772599 -11.259363627072197 -6.497971881727358
      vertex -9.5 -11.401923788646684 -6.218181810954758
      vertex 9.23664424312258 -11.572949016875157 -5.882525901327142
    endloop
  endfacet
  facet normal -2.686384112074101e-15 0.8910065241883345 0.45399049973961253
    outer loop
      vertex -9.779790070772599 -11.259363627072197 -6.497971881727358
      vertex 9.23664424312258 -11.572949016875157 -5.882525901327142
      vertex -9.782482112173144 -11.258330249197702 -6.5
    endloop
  endfacet
  facet normal -2.1827438299238128e-17 0.891006524188367 0.4539904997395486
    outer loop
      vertex -9.23664424312258 -11.572949016875157 -5.882525901327143
      vertex 9.23664424312258 -11.572949016875157 -5.882525901327142
      vertex -9.5 -11.401923788646684 -6.218181810954758
    endloop
  endfacet
  facet normal -1.856389665165291e-17 0.9335804264972015 0.358367949545301
    outer loop
      vertex -8.572949016875157 -12.23664424312258 -4.34830291714905
      vertex 8.572949016875157 -12.23664424312258 -4.3483029171490495
      vertex -8.770565523567818 -11.992608180923426 -4.984038594175001
    endloop
  endfacet
  facet normal 5.443685670718918e-17 0.9335804264972029 0.35836794954529755
    outer loop
      vertex -8.770565523567818 -11.992608180923426 -4.984038594175001
      vertex 8.770565523567818 -11.992608180923426 -4.984038594175003
      vertex -8.887082755137433 -11.876090949353811 -5.287576359985403
    endloop
  endfacet
  facet normal 0 0.8386705679454237 0.5446390350150274
    outer loop
      vertex -9.782482112173144 -11.258330249197702 -6.5
      vertex 9.782482112173144 -11.258330249197702 -6.5
      vertex -10.072949016875159 -11.146830451114539 -6.671694632540662
    endloop
  endfacet
  facet normal 2.7719788482296115e-17 0.8386705679454253 0.5446390350150252
    outer loop
      vertex -10.376264927546721 -11.065557197798583 -6.796844467817131
      vertex -10.072949016875159 -11.146830451114539 -6.671694632540662
      vertex 9.782482112173144 -11.258330249197702 -6.5
    endloop
  endfacet
  facet normal 0 0.25881904510252196 0.9659258262890681
    outer loop
      vertex -15 -4.017220926874316 -12.363734711836996
      vertex 15 -4.017220926874316 -12.363734711836996
      vertex -15 -2.7028519806308715 -12.715918809539474
    endloop
  endfacet
  facet normal -5.83761344209844e-19 0.7071067811865476 0.7071067811865476
    outer loop
      vertex -15 -8.698697882665158 -9.660882731206126
      vertex -15 -9.660882731206126 -8.698697882665158
      vertex 15 -9.660882731206126 -8.698697882665158
    endloop
  endfacet
  facet normal -5.235615400667784e-19 0.6293203910498365 0.7771459614569716
    outer loop
      vertex -15 -7.641208279802151 -10.517220926874316
      vertex -15 -8.698697882665158 -9.660882731206126
      vertex 15 -8.698697882665158 -9.660882731206126
    endloop
  endfacet
  facet normal 0 0.45399049973954714 0.8910065241883677
    outer loop
      vertex -15 -6.5 -11.258330249197702
      vertex 15 -6.5 -11.258330249197702
      vertex -15 -5.287576359985403 -11.876090949353811
    endloop
  endfacet
  facet normal 1.0741252319060886e-18 0.3583679495452998 0.933580426497202
    outer loop
      vertex -15 -4.017220926874316 -12.363734711836996
      vertex -15 -5.287576359985403 -11.876090949353811
      vertex 15 -5.287576359985403 -11.876090949353811
    endloop
  endfacet
  facet normal 0 0.5446390350150268 0.8386705679454243
    outer loop
      vertex -15 -7.641208279802151 -10.517220926874316
      vertex 15 -7.641208279802151 -10.517220926874316
      vertex -15 -6.5 -11.258330249197702
    endloop
  endfacet
  facet normal 0 0.05233595624294411 0.9986295347545739
    outer loop
      vertex -15 -1.3588700224794952 -12.928784639787553
      vertex 15 -1.3588700224794952 -12.928784639787553
      vertex -15 0 -13
    endloop
  endfacet
  facet normal 0 0.15643446504023012 0.987688340595138
    outer loop
      vertex -15 -2.7028519806308715 -12.715918809539474
      vertex 15 -2.7028519806308715 -12.715918809539474
      vertex -15 -1.3588700224794952 -12.928784639787553
    endloop
  endfacet
  facet normal 0 -0.9986295347545738 0.05233595624294394
    outer loop
      vertex -8.198973909031505 12.93711066486035 -1.2
      vertex 8.198973909031505 12.93711066486035 -1.2
      vertex 9.625290651925893 13 0
    endloop
  endfacet
  facet normal 0 -0.9986295347545738 0.05233595624294553
    outer loop
      vertex -8.202169970611754 12.928784639787553 -1.3588700224794952
      vertex 8.202169970611754 12.928784639787553 -1.3588700224794952
      vertex 8.198973909031505 12.93711066486035 -1.2
    endloop
  endfacet
  facet normal -4.2055817560401737e-17 -0.9876883405951378 0.1564344650402306
    outer loop
      vertex -8.259363627072197 12.779790070772599 -2.2995847082760243
      vertex 8.259363627072197 12.779790070772599 -2.29958470827602
      vertex 8.202169970611754 12.928784639787553 -1.3588700224794952
    endloop
  endfacet
  facet normal 0 -0.9876883405951381 0.1564344650402289
    outer loop
      vertex -8.291907660161781 12.715918809539474 -2.7028519806308715
      vertex 8.291907660161781 12.715918809539474 -2.7028519806308715
      vertex 8.259363627072197 12.779790070772599 -2.29958470827602
    endloop
  endfacet
  facet normal -4.104015275253062e-17 -0.965925826289068 0.25881904510252246
    outer loop
      vertex -8.401923788646684 12.5 -3.508671948141973
      vertex 8.401923788646684 12.5 -3.5086719481419704
      vertex 8.291907660161781 12.715918809539474 -2.7028519806308715
    endloop
  endfacet
  facet normal -4.104015275253042e-17 -0.9659258262890682 0.25881904510252113
    outer loop
      vertex -8.401923788646684 12.5 -3.508671948141973
      vertex 8.490415501468986 12.363734711836996 -4.017220926874316
      vertex 8.401923788646684 12.5 -3.5086719481419704
    endloop
  endfacet
  facet normal 1.8563896651652848e-17 -0.9335804264972019 0.35836794954529977
    outer loop
      vertex -8.572949016875157 12.23664424312258 -4.3483029171490495
      vertex 8.572949016875157 12.23664424312258 -4.34830291714905
      vertex 8.490415501468986 12.363734711836996 -4.017220926874316
    endloop
  endfacet
  facet normal 1.856389665165291e-17 -0.9335804264972015 0.358367949545301
    outer loop
      vertex -8.572949016875157 12.23664424312258 -4.3483029171490495
      vertex 8.770565523567818 11.992608180923426 -4.984038594175001
      vertex 8.572949016875157 12.23664424312258 -4.34830291714905
    endloop
  endfacet
  facet normal -5.443685670718916e-17 -0.9335804264972027 0.35836794954529744
    outer loop
      vertex -8.770565523567818 11.992608180923426 -4.984038594175003
      vertex 8.887082755137433 11.876090949353811 -5.287576359985403
      vertex 8.770565523567818 11.992608180923426 -4.984038594175001
    endloop
  endfacet
  facet normal 0 -0.8910065241883679 0.4539904997395468
    outer loop
      vertex -8.887082755137433 11.876090949353811 -5.287576359985403
      vertex 8.992608180923426 11.770565523567818 -5.494681669230897
      vertex 8.887082755137433 11.876090949353811 -5.287576359985403
    endloop
  endfacet
  facet normal 2.1827438299238048e-17 -0.8910065241883678 0.4539904997395469
    outer loop
      vertex -9.23664424312258 11.572949016875157 -5.882525901327142
      vertex 9.23664424312258 11.572949016875157 -5.882525901327143
      vertex 8.992608180923426 11.770565523567818 -5.494681669230897
    endloop
  endfacet
  facet normal 2.1827438299238128e-17 -0.891006524188367 0.4539904997395486
    outer loop
      vertex -9.23664424312258 11.572949016875157 -5.882525901327142
      vertex 9.5 11.401923788646684 -6.218181810954758
      vertex 9.23664424312258 11.572949016875157 -5.882525901327143
    endloop
  endfacet
  facet normal -5.174120725193482e-17 -0.8910065241883686 0.45399049973954525
    outer loop
      vertex -9.23664424312258 11.572949016875157 -5.882525901327142
      vertex 9.779790070772599 11.259363627072197 -6.497971881727358
      vertex 9.5 11.401923788646684 -6.218181810954758
    endloop
  endfacet
  facet normal 2.4781989747398823e-15 -0.8910065241883289 0.4539904997396233
    outer loop
      vertex -9.23664424312258 11.572949016875157 -5.882525901327142
      vertex 9.782482112173144 11.258330249197702 -6.5
      vertex 9.779790070772599 11.259363627072197 -6.497971881727358
    endloop
  endfacet
  facet normal 0 -0.8386705679454237 0.5446390350150274
    outer loop
      vertex -9.782482112173144 11.258330249197702 -6.5
      vertex 10.072949016875159 11.146830451114539 -6.671694632540662
      vertex 9.782482112173144 11.258330249197702 -6.5
    endloop
  endfacet
  facet normal -2.8237179375985355e-17 -0.8386705679454253 0.5446390350150253
    outer loop
      vertex -9.782482112173144 11.258330249197702 -6.5
      vertex 10.376264927546721 11.065557197798583 -6.796844467817131
      vertex 10.072949016875159 11.146830451114539 -6.671694632540662
    endloop
  endfacet
  facet normal 8.044658496083813e-17 -0.8386705679454219 0.5446390350150302
    outer loop
      vertex -9.782482112173144 11.258330249197702 -6.5
      vertex 10.686414610197039 11.01643431389518 -6.872487075661511
      vertex 10.376264927546721 11.065557197798583 -6.796844467817131
    endloop
  endfacet
  facet normal -2.902923894048437e-17 -0.8386705679454244 0.5446390350150265
    outer loop
      vertex -9.782482112173144 11.258330249197702 -6.5
      vertex 11 11 -6.897793699833031
      vertex 10.686414610197039 11.01643431389518 -6.872487075661511
    endloop
  endfacet
  facet normal -2.0448332516812533e-17 -0.8386705679454244 0.5446390350150265
    outer loop
      vertex -9.782482112173144 11.258330249197702 -6.5
      vertex 15 10.517220926874316 -7.641208279802151
      vertex 11 11 -6.897793699833031
    endloop
  endfacet
  facet normal 5.235615400667784e-19 -0.7771459614569716 0.6293203910498365
    outer loop
      vertex 15 9.660882731206126 -8.698697882665158
      vertex 15 10.517220926874316 -7.641208279802151
      vertex -15 10.517220926874316 -7.641208279802151
    endloop
  endfacet
  facet normal -3.1369087576637188e-18 -0.9986295347545739 0.05233595624294393
    outer loop
      vertex 9.625290651925893 13 0
      vertex 8.198973909031505 12.93711066486035 -1.2
      vertex 9.67621743138023 12.93711066486035 -1.2
    endloop
  endfacet
  facet normal -3.1369087576637153e-18 -0.9986295347545739 0.05233595624294394
    outer loop
      vertex 12.374709348074107 13 0
      vertex 12.32378256861977 12.93711066486035 -1.2
      vertex 13.801026090968497 12.93711066486035 -1.2
    endloop
  endfacet
  facet normal 0 -0.9986295347545738 0.052335956242943925
    outer loop
      vertex 12.374709348074107 13 0
      vertex 13.801026090968497 12.93711066486035 -1.2
      vertex 15 13 0
    endloop
  endfacet
  facet normal -1.866977176152693e-16 -0.9986295347545738 0.05233595624294412
    outer loop
      vertex 13.801026090968497 12.93711066486035 -1.2
      vertex 15 12.928784639787553 -1.3588700224794952
      vertex 15 13 0
    endloop
  endfacet
  facet normal -2.302499458190395e-19 -0.9986295347545737 0.05233595624294553
    outer loop
      vertex 13.801026090968497 12.93711066486035 -1.2
      vertex 13.797830029388246 12.928784639787553 -1.3588700224794952
      vertex 15 12.928784639787553 -1.3588700224794952
    endloop
  endfacet
  facet normal 6.934450068963898e-16 -0.9876883405951378 0.15643446504023073
    outer loop
      vertex 13.797830029388246 12.928784639787553 -1.3588700224794952
      vertex 13.740636372927803 12.779790070772599 -2.299584708276019
      vertex 15 12.715918809539474 -2.7028519806308715
    endloop
  endfacet
  facet normal 0 -0.9876883405951379 0.15643446504023012
    outer loop
      vertex 13.797830029388246 12.928784639787553 -1.3588700224794952
      vertex 15 12.715918809539474 -2.7028519806308715
      vertex 15 12.928784639787553 -1.3588700224794952
    endloop
  endfacet
  facet normal 9.92284677943222e-20 -0.9876883405951381 0.1564344650402286
    outer loop
      vertex 13.740636372927803 12.779790070772599 -2.299584708276019
      vertex 13.708092339838219 12.715918809539474 -2.7028519806308715
      vertex 15 12.715918809539474 -2.7028519806308715
    endloop
  endfacet
  facet normal 0 -0.965925826289068 0.25881904510252196
    outer loop
      vertex 13.708092339838219 12.715918809539474 -2.7028519806308715
      vertex 15 12.363734711836996 -4.017220926874316
      vertex 15 12.715918809539474 -2.7028519806308715
    endloop
  endfacet
  facet normal 0 -0.9659258262890678 0.25881904510252285
    outer loop
      vertex 13.509584498531014 12.363734711836996 -4.017220926874316
      vertex 15 12.363734711836996 -4.017220926874316
      vertex 13.598076211353316 12.5 -3.508671948141974
    endloop
  endfacet
  facet normal -5.560486288829604e-16 -0.9659258262890681 0.2588190451025214
    outer loop
      vertex 13.708092339838219 12.715918809539474 -2.7028519806308715
      vertex 13.598076211353316 12.5 -3.508671948141974
      vertex 15 12.363734711836996 -4.017220926874316
    endloop
  endfacet
  facet normal -4.5244266094091816e-17 -0.933580426497202 0.3583679495452999
    outer loop
      vertex 13.509584498531014 12.363734711836996 -4.017220926874316
      vertex 13.427050983124843 12.23664424312258 -4.34830291714905
      vertex 15 11.876090949353811 -5.287576359985403
    endloop
  endfacet
  facet normal 3.8724044576908335e-16 -0.9335804264972016 0.3583679495453005
    outer loop
      vertex 13.427050983124843 12.23664424312258 -4.34830291714905
      vertex 13.229434476432182 11.992608180923426 -4.984038594175002
      vertex 15 11.876090949353811 -5.287576359985403
    endloop
  endfacet
  facet normal -4.20304483534572e-18 -0.9335804264972025 0.3583679495452985
    outer loop
      vertex 13.229434476432182 11.992608180923426 -4.984038594175002
      vertex 13.112917244862567 11.876090949353811 -5.287576359985403
      vertex 15 11.876090949353811 -5.287576359985403
    endloop
  endfacet
  facet normal 0 -0.9335804264972019 0.3583679495452998
    outer loop
      vertex 13.509584498531014 12.363734711836996 -4.017220926874316
      vertex 15 11.876090949353811 -5.287576359985403
      vertex 15 12.363734711836996 -4.017220926874316
    endloop
  endfacet
  facet normal -1.834770009677835e-16 -0.8910065241883679 0.45399049973954675
    outer loop
      vertex 13.007391819076574 11.770565523567818 -5.494681669230897
      vertex 15 11.258330249197702 -6.5
      vertex 13.112917244862567 11.876090949353811 -5.287576359985403
    endloop
  endfacet
  facet normal -1.1143331040125485e-16 -0.8910065241883679 0.4539904997395469
    outer loop
      vertex 13.007391819076574 11.770565523567818 -5.494681669230897
      vertex 12.76335575687742 11.572949016875157 -5.882525901327143
      vertex 15 11.258330249197702 -6.5
    endloop
  endfacet
  facet normal 3.6011014577427277e-16 -0.8910065241883671 0.4539904997395483
    outer loop
      vertex 12.5 11.401923788646684 -6.218181810954758
      vertex 15 11.258330249197702 -6.5
      vertex 12.76335575687742 11.572949016875157 -5.882525901327143
    endloop
  endfacet
  facet normal 0 -0.8910065241883677 0.4539904997395471
    outer loop
      vertex 13.112917244862567 11.876090949353811 -5.287576359985403
      vertex 15 11.258330249197702 -6.5
      vertex 15 11.876090949353811 -5.287576359985403
    endloop
  endfacet
  facet normal 1.864960377495616e-17 -0.8386705679454243 0.5446390350150266
    outer loop
      vertex 11 11 -6.897793699833031
      vertex 15 10.517220926874316 -7.641208279802151
      vertex 11.313585389802961 11.01643431389518 -6.872487075661511
    endloop
  endfacet
  facet normal -1.483064477709287e-16 -0.8386705679454246 0.5446390350150261
    outer loop
      vertex 11.313585389802961 11.01643431389518 -6.872487075661511
      vertex 15 10.517220926874316 -7.641208279802151
      vertex 11.623735072453279 11.065557197798583 -6.79684446781713
    endloop
  endfacet
  facet normal 3.2836264487942093e-16 -0.8386705679454238 0.5446390350150274
    outer loop
      vertex 11.623735072453279 11.065557197798583 -6.79684446781713
      vertex 15 10.517220926874316 -7.641208279802151
      vertex 11.927050983124841 11.146830451114539 -6.671694632540662
    endloop
  endfacet
  facet normal 2.379153021061003e-16 -0.8386705679454239 0.5446390350150272
    outer loop
      vertex 11.927050983124841 11.146830451114539 -6.671694632540662
      vertex 15 10.517220926874316 -7.641208279802151
      vertex 12.217517887826856 11.258330249197702 -6.5
    endloop
  endfacet
  facet normal -6.00040039909972e-17 -0.8910065241883686 0.4539904997395453
    outer loop
      vertex 12.5 11.401923788646684 -6.218181810954758
      vertex 12.220209929227401 11.259363627072197 -6.497971881727358
      vertex 15 11.258330249197702 -6.5
    endloop
  endfacet
  facet normal 3.618560349346693e-21 -0.8910065241883358 0.45399049973960964
    outer loop
      vertex 12.220209929227401 11.259363627072197 -6.497971881727358
      vertex 12.217517887826856 11.258330249197702 -6.5
      vertex 15 11.258330249197702 -6.5
    endloop
  endfacet
  facet normal 0 -0.8386705679454243 0.5446390350150268
    outer loop
      vertex 12.217517887826856 11.258330249197702 -6.5
      vertex 15 10.517220926874316 -7.641208279802151
      vertex 15 11.258330249197702 -6.5
    endloop
  endfacet
  facet normal 0 -0.7071067811865476 0.7071067811865476
    outer loop
      vertex -15 9.660882731206126 -8.698697882665158
      vertex 15 8.698697882665158 -9.660882731206126
      vertex 15 9.660882731206126 -8.698697882665158
    endloop
  endfacet
  facet normal 0 -0.6293203910498365 0.7771459614569716
    outer loop
      vertex -15 8.698697882665158 -9.660882731206126
      vertex 15 7.641208279802151 -10.517220926874316
      vertex 15 8.698697882665158 -9.660882731206126
    endloop
  endfacet
  facet normal 0 -0.5446390350150268 0.8386705679454243
    outer loop
      vertex -15 7.641208279802151 -10.517220926874316
      vertex 15 6.5 -11.258330249197702
      vertex 15 7.641208279802151 -10.517220926874316
    endloop
  endfacet
  facet normal 0 -0.45399049973954714 0.8910065241883677
    outer loop
      vertex -15 6.5 -11.258330249197702
      vertex 15 5.287576359985403 -11.876090949353811
      vertex 15 6.5 -11.258330249197702
    endloop
  endfacet
  facet normal -1.0741252319060886e-18 -0.3583679495452998 0.933580426497202
    outer loop
      vertex 15 4.017220926874316 -12.363734711836996
      vertex 15 5.287576359985403 -11.876090949353811
      vertex -15 5.287576359985403 -11.876090949353811
    endloop
  endfacet
  facet normal 0 -0.25881904510252196 0.9659258262890681
    outer loop
      vertex -15 4.017220926874316 -12.363734711836996
      vertex 15 2.7028519806308715 -12.715918809539474
      vertex 15 4.017220926874316 -12.363734711836996
    endloop
  endfacet
  facet normal 0 -0.15643446504023012 0.987688340595138
    outer loop
      vertex -15 2.7028519806308715 -12.715918809539474
      vertex 15 1.3588700224794952 -12.928784639787553
      vertex 15 2.7028519806308715 -12.715918809539474
    endloop
  endfacet
  facet normal 0 -0.05233595624294411 0.9986295347545739
    outer loop
      vertex -15 1.3588700224794952 -12.928784639787553
      vertex 15 0 -13
      vertex 15 1.3588700224794952 -12.928784639787553
    endloop
  endfacet
  facet normal 3.1369087576637096e-18 0.9986295347545739 0.05233595624294385
    outer loop
      vertex -9.625290651925893 -13 0
      vertex 9.67621743138023 -12.93711066486035 -1.2
      vertex 8.198973909031505 -12.93711066486035 -1.2
    endloop
  endfacet
  facet normal 0 0.9986295347545737 0.05233595624294392
    outer loop
      vertex -9.625290651925893 -13 0
      vertex 9.625290651925893 -13 0
      vertex 9.67621743138023 -12.93711066486035 -1.2
    endloop
  endfacet
  facet normal 0 0.9986295347545738 0.05233595624294553
    outer loop
      vertex -8.198973909031505 -12.93711066486035 -1.2
      vertex 8.198973909031505 -12.93711066486035 -1.2
      vertex 8.202169970611754 -12.928784639787553 -1.3588700224794952
    endloop
  endfacet
  facet normal 0 0.9876883405951379 0.1564344650402299
    outer loop
      vertex -8.202169970611754 -12.928784639787553 -1.3588700224794952
      vertex 8.202169970611754 -12.928784639787553 -1.3588700224794952
      vertex 8.259363627072197 -12.779790070772599 -2.2995847082760243
    endloop
  endfacet
  facet normal 4.2055817560401724e-17 0.9876883405951377 0.15643446504023056
    outer loop
      vertex -8.259363627072197 -12.779790070772599 -2.29958470827602
      vertex 8.259363627072197 -12.779790070772599 -2.2995847082760243
      vertex 8.291907660161781 -12.715918809539474 -2.7028519806308715
    endloop
  endfacet
  facet normal 0 0.9659258262890681 0.2588190451025216
    outer loop
      vertex -8.291907660161781 -12.715918809539474 -2.7028519806308715
      vertex 8.291907660161781 -12.715918809539474 -2.7028519806308715
      vertex 8.401923788646684 -12.5 -3.508671948141973
    endloop
  endfacet
  facet normal 0 0.9659258262890678 0.2588190451025224
    outer loop
      vertex -8.490415501468986 -12.363734711836996 -4.017220926874316
      vertex 8.401923788646684 -12.5 -3.508671948141973
      vertex 8.490415501468986 -12.363734711836996 -4.017220926874316
    endloop
  endfacet
  facet normal 0 0.9335804264972015 0.3583679495453006
    outer loop
      vertex -8.490415501468986 -12.363734711836996 -4.017220926874316
      vertex 8.490415501468986 -12.363734711836996 -4.017220926874316
      vertex 8.572949016875157 -12.23664424312258 -4.3483029171490495
    endloop
  endfacet
  facet normal -4.4839556723146086e-17 0.8910065241883663 0.45399049973954986
    outer loop
      vertex -8.992608180923426 -11.770565523567818 -5.494681669230897
      vertex 8.887082755137433 -11.876090949353811 -5.287576359985403
      vertex 8.992608180923426 -11.770565523567818 -5.4946816692308955
    endloop
  endfacet
  facet normal -4.483955672314571e-17 0.8910065241883682 0.453990499739546
    outer loop
      vertex -8.992608180923426 -11.770565523567818 -5.494681669230897
      vertex 8.992608180923426 -11.770565523567818 -5.4946816692308955
      vertex 9.23664424312258 -11.572949016875157 -5.882525901327142
    endloop
  endfacet
  facet normal 4.76508677730063e-18 0.8910065241883679 0.4539904997395466
    outer loop
      vertex -9.782482112173144 -11.258330249197702 -6.5
      vertex 9.23664424312258 -11.572949016875157 -5.882525901327142
      vertex 9.5 -11.401923788646684 -6.218181810954759
    endloop
  endfacet
  facet normal 5.443685670718943e-17 0.9335804264972022 0.35836794954529927
    outer loop
      vertex -8.770565523567818 -11.992608180923426 -4.984038594175001
      vertex 8.572949016875157 -12.23664424312258 -4.3483029171490495
      vertex 8.770565523567818 -11.992608180923426 -4.984038594175003
    endloop
  endfacet
  facet normal 0 0.9335804264972017 0.3583679495453002
    outer loop
      vertex -8.887082755137433 -11.876090949353811 -5.287576359985403
      vertex 8.770565523567818 -11.992608180923426 -4.984038594175003
      vertex 8.887082755137433 -11.876090949353811 -5.287576359985403
    endloop
  endfacet
  facet normal 8.105389364526087e-17 0.838670567945425 0.5446390350150256
    outer loop
      vertex 9.782482112173144 -11.258330249197702 -6.5
      vertex 10.072949016875159 -11.146830451114539 -6.671694632540663
      vertex -15 -10.517220926874316 -7.641208279802151
    endloop
  endfacet
  facet normal -4.7575129203896085e-17 0.8386705679454235 0.5446390350150278
    outer loop
      vertex 10.072949016875159 -11.146830451114539 -6.671694632540663
      vertex 10.376264927546721 -11.065557197798583 -6.796844467817131
      vertex -15 -10.517220926874316 -7.641208279802151
    endloop
  endfacet
  facet normal 5.1961753667576925e-17 0.8386705679454249 0.5446390350150258
    outer loop
      vertex 10.376264927546721 -11.065557197798583 -6.796844467817131
      vertex 10.686414610197039 -11.01643431389518 -6.872487075661512
      vertex -15 -10.517220926874316 -7.641208279802151
    endloop
  endfacet
  facet normal -8.282719243299111e-19 0.838670567945424 0.5446390350150271
    outer loop
      vertex 10.686414610197039 -11.01643431389518 -6.872487075661512
      vertex 15 -10.517220926874316 -7.641208279802151
      vertex -15 -10.517220926874316 -7.641208279802151
    endloop
  endfacet
  facet normal 0 0.8910065241883359 0.4539904997396097
    outer loop
      vertex -9.782482112173144 -11.258330249197702 -6.5
      vertex 9.779790070772599 -11.259363627072197 -6.497971881727358
      vertex 9.782482112173144 -11.258330249197702 -6.5
    endloop
  endfacet
  facet normal 8.253629568259542e-18 0.891006524188368 0.45399049973954647
    outer loop
      vertex -9.782482112173144 -11.258330249197702 -6.5
      vertex 9.5 -11.401923788646684 -6.218181810954759
      vertex 9.779790070772599 -11.259363627072197 -6.497971881727358
    endloop
  endfacet
  facet normal -5.235615400667784e-19 0.7771459614569716 0.6293203910498365
    outer loop
      vertex 15 -10.517220926874316 -7.641208279802151
      vertex 15 -9.660882731206126 -8.698697882665158
      vertex -15 -9.660882731206126 -8.698697882665158
    endloop
  endfacet
  facet normal 3.1369087576637188e-18 0.9986295347545739 0.05233595624294393
    outer loop
      vertex 12.374709348074107 -13 0
      vertex 13.801026090968495 -12.93711066486035 -1.2
      vertex 12.32378256861977 -12.93711066486035 -1.2
    endloop
  endfacet
  facet normal 0 0.9986295347545738 0.052335956242943925
    outer loop
      vertex 12.374709348074107 -13 0
      vertex 15 -13 0
      vertex 13.801026090968495 -12.93711066486035 -1.2
    endloop
  endfacet
  facet normal -1.6333089539141364e-15 0.9986295347545738 0.05233595624294555
    outer loop
      vertex 13.801026090968495 -12.93711066486035 -1.2
      vertex 15 -13 0
      vertex 13.797830029388246 -12.928784639787553 -1.3588700224794952
    endloop
  endfacet
  facet normal 0 0.9986295347545738 0.05233595624294412
    outer loop
      vertex 13.797830029388246 -12.928784639787553 -1.3588700224794952
      vertex 15 -13 0
      vertex 15 -12.928784639787553 -1.3588700224794952
    endloop
  endfacet
  facet normal 0 0.987688340595138 0.15643446504022987
    outer loop
      vertex 13.797830029388246 -12.928784639787553 -1.3588700224794952
      vertex 15 -12.928784639787553 -1.3588700224794952
      vertex 13.740636372927803 -12.779790070772599 -2.299584708276025
    endloop
  endfacet
  facet normal -7.58929812714495e-16 0.9876883405951378 0.1564344650402308
    outer loop
      vertex 13.740636372927803 -12.779790070772599 -2.299584708276025
      vertex 15 -12.928784639787553 -1.3588700224794952
      vertex 13.708092339838219 -12.715918809539474 -2.7028519806308715
    endloop
  endfacet
  facet normal 0 0.9876883405951379 0.15643446504023012
    outer loop
      vertex 13.708092339838219 -12.715918809539474 -2.7028519806308715
      vertex 15 -12.928784639787553 -1.3588700224794952
      vertex 15 -12.715918809539474 -2.7028519806308715
    endloop
  endfacet
  facet normal 0 0.9659258262890679 0.25881904510252224
    outer loop
      vertex 13.708092339838219 -12.715918809539474 -2.7028519806308715
      vertex 15 -12.715918809539474 -2.7028519806308715
      vertex 13.598076211353316 -12.5 -3.508671948141971
    endloop
  endfacet
  facet normal 0 0.9659258262890681 0.25881904510252135
    outer loop
      vertex 13.509584498531014 -12.363734711836996 -4.017220926874316
      vertex 13.598076211353316 -12.5 -3.508671948141971
      vertex 15 -12.363734711836996 -4.017220926874316
    endloop
  endfacet
  facet normal 0 0.933580426497202 0.3583679495452999
    outer loop
      vertex 13.509584498531014 -12.363734711836996 -4.017220926874316
      vertex 15 -12.363734711836996 -4.017220926874316
      vertex 13.427050983124843 -12.23664424312258 -4.34830291714905
    endloop
  endfacet
  facet normal 2.1926316184132748e-16 0.965925826289068 0.2588190451025219
    outer loop
      vertex 13.598076211353316 -12.5 -3.508671948141971
      vertex 15 -12.715918809539474 -2.7028519806308715
      vertex 15 -12.363734711836996 -4.017220926874316
    endloop
  endfacet
  facet normal -4.603870436281588e-16 0.8910065241883669 0.4539904997395488
    outer loop
      vertex 13.007391819076574 -11.770565523567818 -5.494681669230898
      vertex 15 -11.876090949353811 -5.287576359985403
      vertex 12.76335575687742 -11.572949016875157 -5.882525901327142
    endloop
  endfacet
  facet normal 6.994528966463784e-16 0.8910065241883687 0.45399049973954525
    outer loop
      vertex 12.5 -11.401923788646684 -6.21818181095476
      vertex 12.76335575687742 -11.572949016875157 -5.882525901327142
      vertex 15 -11.876090949353811 -5.287576359985403
    endloop
  endfacet
  facet normal -1.4697782193309545e-18 0.8910065241883687 0.4539904997395452
    outer loop
      vertex 13.007391819076574 -11.770565523567818 -5.494681669230898
      vertex 13.112917244862567 -11.876090949353811 -5.287576359985403
      vertex 15 -11.876090949353811 -5.287576359985403
    endloop
  endfacet
  facet normal -6.189861341120167e-16 0.8910065241883671 0.4539904997395481
    outer loop
      vertex 12.5 -11.401923788646684 -6.21818181095476
      vertex 15 -11.876090949353811 -5.287576359985403
      vertex 12.220209929227401 -11.259363627072197 -6.497971881727358
    endloop
  endfacet
  facet normal -5.750507995288618e-17 0.8910065241883678 0.4539904997395471
    outer loop
      vertex 12.220209929227401 -11.259363627072197 -6.497971881727358
      vertex 15 -11.876090949353811 -5.287576359985403
      vertex 15 -11.258330249197702 -6.5
    endloop
  endfacet
  facet normal 3.372238335506985e-17 0.9335804264972021 0.35836794954529966
    outer loop
      vertex 13.427050983124843 -12.23664424312258 -4.34830291714905
      vertex 15 -12.363734711836996 -4.017220926874316
      vertex 13.229434476432182 -11.992608180923426 -4.984038594175003
    endloop
  endfacet
  facet normal 2.262485011857145e-18 0.9335804264972019 0.3583679495453003
    outer loop
      vertex 13.229434476432182 -11.992608180923426 -4.984038594175003
      vertex 15 -11.876090949353811 -5.287576359985403
      vertex 13.112917244862567 -11.876090949353811 -5.287576359985403
    endloop
  endfacet
  facet normal -7.977622014134189e-17 0.933580426497202 0.3583679495452998
    outer loop
      vertex 13.229434476432182 -11.992608180923426 -4.984038594175003
      vertex 15 -12.363734711836996 -4.017220926874316
      vertex 15 -11.876090949353811 -5.287576359985403
    endloop
  endfacet
  facet normal -4.5513180848714684e-17 0.8386705679454248 0.5446390350150259
    outer loop
      vertex 11.313585389802961 -11.01643431389518 -6.872487075661513
      vertex 11.623735072453279 -11.065557197798583 -6.796844467817132
      vertex 15 -11.258330249197702 -6.5
    endloop
  endfacet
  facet normal 1.626970435505074e-18 0.8386705679454252 0.5446390350150255
    outer loop
      vertex 11.927050983124841 -11.146830451114539 -6.671694632540663
      vertex 12.217517887826856 -11.258330249197702 -6.5
      vertex 15 -11.258330249197702 -6.5
    endloop
  endfacet
  facet normal 2.074538280641811e-17 0.8386705679454253 0.5446390350150252
    outer loop
      vertex 11.623735072453279 -11.065557197798583 -6.796844467817132
      vertex 11.927050983124841 -11.146830451114539 -6.671694632540663
      vertex 15 -11.258330249197702 -6.5
    endloop
  endfacet
  facet normal 5.094871472420746e-17 0.8386705679454239 0.5446390350150273
    outer loop
      vertex 10.686414610197039 -11.01643431389518 -6.872487075661512
      vertex 11 -11 -6.897793699833032
      vertex 15 -10.517220926874316 -7.641208279802151
    endloop
  endfacet
  facet normal 1.0551531730772594e-15 0.8386705679454215 0.5446390350150311
    outer loop
      vertex 11 -11 -6.897793699833032
      vertex 11.313585389802961 -11.01643431389518 -6.872487075661513
      vertex 15 -10.517220926874316 -7.641208279802151
    endloop
  endfacet
  facet normal -3.618560349346693e-21 0.8910065241883358 0.45399049973960964
    outer loop
      vertex 12.220209929227401 -11.259363627072197 -6.497971881727358
      vertex 15 -11.258330249197702 -6.5
      vertex 12.217517887826856 -11.258330249197702 -6.5
    endloop
  endfacet
  facet normal -1.9381157939619467e-16 0.8386705679454243 0.5446390350150269
    outer loop
      vertex 11.313585389802961 -11.01643431389518 -6.872487075661513
      vertex 15 -11.258330249197702 -6.5
      vertex 15 -10.517220926874316 -7.641208279802151
    endloop
  endfacet
  facet normal 0 0.25881904510252196 0.9659258262890681
    outer loop
      vertex -15 -2.7028519806308715 -12.715918809539474
      vertex 15 -4.017220926874316 -12.363734711836996
      vertex 15 -2.7028519806308715 -12.715918809539474
    endloop
  endfacet
  facet normal 0 0.3583679495452998 0.933580426497202
    outer loop
      vertex -15 -4.017220926874316 -12.363734711836996
      vertex 15 -5.287576359985403 -11.876090949353811
      vertex 15 -4.017220926874316 -12.363734711836996
    endloop
  endfacet
  facet normal -5.83761344209844e-19 0.7071067811865476 0.7071067811865476
    outer loop
      vertex 15 -9.660882731206126 -8.698697882665158
      vertex 15 -8.698697882665158 -9.660882731206126
      vertex -15 -8.698697882665158 -9.660882731206126
    endloop
  endfacet
  facet normal 0 0.6293203910498365 0.7771459614569716
    outer loop
      vertex -15 -7.641208279802151 -10.517220926874316
      vertex 15 -8.698697882665158 -9.660882731206126
      vertex 15 -7.641208279802151 -10.517220926874316
    endloop
  endfacet
  facet normal 0 0.45399049973954714 0.8910065241883677
    outer loop
      vertex -15 -5.287576359985403 -11.876090949353811
      vertex 15 -6.5 -11.258330249197702
      vertex 15 -5.287576359985403 -11.876090949353811
    endloop
  endfacet
  facet normal 0 0.5446390350150268 0.8386705679454243
    outer loop
      vertex -15 -6.5 -11.258330249197702
      vertex 15 -7.641208279802151 -10.517220926874316
      vertex 15 -6.5 -11.258330249197702
    endloop
  endfacet
  facet normal 0 0.05233595624294411 0.9986295347545739
    outer loop
      vertex -15 0 -13
      vertex 15 -1.3588700224794952 -12.928784639787553
      vertex 15 0 -13
    endloop
  endfacet
  facet normal 0 0.15643446504023012 0.987688340595138
    outer loop
      vertex -15 -1.3588700224794952 -12.928784639787553
      vertex 15 -2.7028519806308715 -12.715918809539474
      vertex 15 -1.3588700224794952 -12.928784639787553
    endloop
  endfacet
  facet normal 0 0 1
    outer loop
      vertex -12.553027277992422 14.69145229322886 0
      vertex -15 19 0
      vertex -15 17 0
    endloop
  endfacet
  facet normal 0 0 1
    outer loop
      vertex -11.999234928897204 15.37532889043741 0
      vertex -13.189973185050189 19 0
      vertex -15 19 0
    endloop
  endfacet
  facet normal 0 0 1
    outer loop
      vertex -12.37532889043741 13.000765071102796 0
      vertex -15 17 0
      vertex -15 13 0
    endloop
  endfacet
  facet normal 0 0 1
    outer loop
      vertex -12.37532889043741 14.999234928897204 0
      vertex -12.26334620331157 15.137522030810059 0
      vertex -15 19 0
    endloop
  endfacet
  facet normal 0 0 1
    outer loop
      vertex -12.137522030810059 15.26334620331157 0
      vertex -15 19 0
      vertex -12.26334620331157 15.137522030810059 0
    endloop
  endfacet
  facet normal 0 0 1
    outer loop
      vertex -12.553027277992422 14.69145229322886 0
      vertex -12.472243186433545 14.85 0
      vertex -15 19 0
    endloop
  endfacet
  facet normal 0 0 1
    outer loop
      vertex -12.37532889043741 14.999234928897204 0
      vertex -15 19 0
      vertex -12.472243186433545 14.85 0
    endloop
  endfacet
  facet normal 0 0 1
    outer loop
      vertex -12.61679607770176 14.525328890437411 0
      vertex -15 17 0
      vertex -12.66285092124747 14.353449874390192 0
    endloop
  endfacet
  facet normal 0 0 1
    outer loop
      vertex -12.553027277992422 14.69145229322886 0
      vertex -15 17 0
      vertex -12.61679607770176 14.525328890437411 0
    endloop
  endfacet
  facet normal 0 0 1
    outer loop
      vertex -12.66285092124747 14.353449874390192 0
      vertex -15 17 0
      vertex -12.690687222126064 14.177698387555012 0
    endloop
  endfacet
  facet normal 0 0 1
    outer loop
      vertex -12.690687222126064 14.177698387555012 0
      vertex -15 17 0
      vertex -12.7 14 0
    endloop
  endfacet
  facet normal 0 0 1
    outer loop
      vertex -12.7 14 0
      vertex -15 17 0
      vertex -12.690687222126064 13.822301612444988 0
    endloop
  endfacet
  facet normal 0 0 1
    outer loop
      vertex -12.690687222126064 13.822301612444988 0
      vertex -15 17 0
      vertex -12.66285092124747 13.646550125609808 0
    endloop
  endfacet
  facet normal 0 0 1
    outer loop
      vertex -12.66285092124747 13.646550125609808 0
      vertex -15 17 0
      vertex -12.61679607770176 13.474671109562589 0
    endloop
  endfacet
  facet normal 0 0 1
    outer loop
      vertex -12.61679607770176 13.474671109562589 0
      vertex -15 17 0
      vertex -12.553027277992422 13.30854770677114 0
    endloop
  endfacet
  facet normal 0 0 1
    outer loop
      vertex -12.553027277992422 13.30854770677114 0
      vertex -15 17 0
      vertex -12.472243186433545 13.15 0
    endloop
  endfacet
  facet normal 0 0 1
    outer loop
      vertex -12.472243186433545 13.15 0
      vertex -15 17 0
      vertex -12.37532889043741 13.000765071102796 0
    endloop
  endfacet
  facet normal 0 0 1
    outer loop
      vertex -11.69145229322886 15.553027277992422 0
      vertex -13.189973185050189 19 0
      vertex -11.85 15.472243186433545 0
    endloop
  endfacet
  facet normal 0 0 1
    outer loop
      vertex -11.69145229322886 15.553027277992422 0
      vertex -11.525328890437411 15.61679607770176 0
      vertex -13.189973185050189 19 0
    endloop
  endfacet
  facet normal 0 0 1
    outer loop
      vertex -11.525328890437411 15.61679607770176 0
      vertex -11.353449874390192 15.66285092124747 0
      vertex -13.189973185050189 19 0
    endloop
  endfacet
  facet normal 0 0 1
    outer loop
      vertex -11.353449874390192 15.66285092124747 0
      vertex -11.177698387555012 15.690687222126064 0
      vertex -13.189973185050189 19 0
    endloop
  endfacet
  facet normal 0 0 1
    outer loop
      vertex -11.177698387555012 15.690687222126064 0
      vertex -11 15.7 0
      vertex -13.189973185050189 19 0
    endloop
  endfacet
  facet normal 0 0 1
    outer loop
      vertex -11 15.7 0
      vertex -10.822301612444988 15.690687222126064 0
      vertex -13.189973185050189 19 0
    endloop
  endfacet
  facet normal 0 0 1
    outer loop
      vertex -10.822301612444988 15.690687222126064 0
      vertex -10.646550125609808 15.66285092124747 0
      vertex -13.189973185050189 19 0
    endloop
  endfacet
  facet normal 0 0 1
    outer loop
      vertex -10.646550125609808 15.66285092124747 0
      vertex -10.474671109562589 15.61679607770176 0
      vertex -13.189973185050189 19 0
    endloop
  endfacet
  facet normal 0 0 1
    outer loop
      vertex -10.474671109562589 15.61679607770176 0
      vertex -10.30854770677114 15.553027277992422 0
      vertex -13.189973185050189 19 0
    endloop
  endfacet
  facet normal 0 0 1
    outer loop
      vertex -12.137522030810059 15.26334620331157 0
      vertex -11.999234928897204 15.37532889043741 0
      vertex -15 19 0
    endloop
  endfacet
  facet normal 0 0 1
    outer loop
      vertex -11.999234928897204 15.37532889043741 0
      vertex -11.85 15.472243186433545 0
      vertex -13.189973185050189 19 0
    endloop
  endfacet
  facet normal 0 0 1
    outer loop
      vertex -12.37532889043741 13.000765071102796 0
      vertex -15 13 0
      vertex -12.374709348074107 13 0
    endloop
  endfacet
  facet normal 0 0 1
    outer loop
      vertex -10.30854770677114 15.553027277992422 0
      vertex -10.15 15.472243186433545 0
      vertex -13.189973185050189 19 0
    endloop
  endfacet
  facet normal 0 0 1
    outer loop
      vertex -10.15 15.472243186433545 0
      vertex -10.000765071102796 15.37532889043741 0
      vertex -13.189973185050189 19 0
    endloop
  endfacet
  facet normal 0 0 1
    outer loop
      vertex -10.000765071102796 15.37532889043741 0
      vertex -9.862477969189941 15.26334620331157 0
      vertex -13.189973185050189 19 0
    endloop
  endfacet
  facet normal 0 0 1
    outer loop
      vertex -9.862477969189941 15.26334620331157 0
      vertex 9.862477969189941 15.26334620331157 0
      vertex -13.189973185050189 19 0
    endloop
  endfacet
  facet normal 0 0 1
    outer loop
      vertex -9.862477969189941 15.26334620331157 0
      vertex -9.73665379668843 15.137522030810059 0
      vertex 9.862477969189941 15.26334620331157 0
    endloop
  endfacet
  facet normal 0 0 1
    outer loop
      vertex -9.73665379668843 15.137522030810059 0
      vertex -9.62467110956259 14.999234928897204 0
      vertex 9.73665379668843 15.137522030810059 0
    endloop
  endfacet
  facet normal 0 0 1
    outer loop
      vertex -9.62467110956259 14.999234928897204 0
      vertex -9.527756813566455 14.85 0
      vertex 9.62467110956259 14.999234928897204 0
    endloop
  endfacet
  facet normal 0 0 1
    outer loop
      vertex -9.527756813566455 14.85 0
      vertex -9.446972722007578 14.69145229322886 0
      vertex 9.527756813566455 14.85 0
    endloop
  endfacet
  facet normal 0 0 1
    outer loop
      vertex -9.446972722007578 14.69145229322886 0
      vertex -9.38320392229824 14.525328890437411 0
      vertex 9.446972722007578 14.69145229322886 0
    endloop
  endfacet
  facet normal 0 0 1
    outer loop
      vertex -9.38320392229824 14.525328890437411 0
      vertex -9.33714907875253 14.353449874390192 0
      vertex 9.38320392229824 14.525328890437411 0
    endloop
  endfacet
  facet normal 0 0 1
    outer loop
      vertex -9.33714907875253 14.353449874390192 0
      vertex -9.309312777873936 14.177698387555012 0
      vertex 9.33714907875253 14.353449874390192 0
    endloop
  endfacet
  facet normal 0 0 1
    outer loop
      vertex -9.309312777873936 14.177698387555012 0
      vertex -9.3 14 0
      vertex 9.309312777873936 14.177698387555012 0
    endloop
  endfacet
  facet normal 0 0 1
    outer loop
      vertex -9.3 14 0
      vertex -9.309312777873936 13.822301612444988 0
      vertex 9.3 14 0
    endloop
  endfacet
  facet normal 0 0 1
    outer loop
      vertex -9.309312777873936 13.822301612444988 0
      vertex -9.33714907875253 13.646550125609808 0
      vertex 9.309312777873936 13.822301612444988 0
    endloop
  endfacet
  facet normal 0 0 1
    outer loop
      vertex -9.33714907875253 13.646550125609808 0
      vertex -9.38320392229824 13.474671109562589 0
      vertex 9.33714907875253 13.646550125609808 0
    endloop
  endfacet
  facet normal 0 0 1
    outer loop
      vertex -9.38320392229824 13.474671109562589 0
      vertex -9.446972722007578 13.30854770677114 0
      vertex 9.38320392229824 13.474671109562589 0
    endloop
  endfacet
  facet normal 0 0 1
    outer loop
      vertex -9.446972722007578 13.30854770677114 0
      vertex -9.527756813566455 13.15 0
      vertex 9.446972722007578 13.30854770677114 0
    endloop
  endfacet
  facet normal 0 0 1
    outer loop
      vertex -9.527756813566455 13.15 0
      vertex -9.62467110956259 13.000765071102796 0
      vertex 9.527756813566455 13.15 0
    endloop
  endfacet
  facet normal 0 0 1
    outer loop
      vertex -9.62467110956259 13.000765071102796 0
      vertex -9.625290651925893 13 0
      vertex 9.62467110956259 13.000765071102796 0
    endloop
  endfacet
  facet normal 0 0 1
    outer loop
      vertex -12.37532889043741 -13.000765071102796 0
      vertex -15 -13 0
      vertex -12.472243186433545 -13.15 0
    endloop
  endfacet
  facet normal 0 0 1
    outer loop
      vertex -12.37532889043741 -13.000765071102796 0
      vertex -12.374709348074107 -13 0
      vertex -15 -13 0
    endloop
  endfacet
  facet normal 0 0 1
    outer loop
      vertex -12.61679607770176 -13.474671109562589 0
      vertex -12.553027277992422 -13.30854770677114 0
      vertex -15 -13 0
    endloop
  endfacet
  facet normal 0 0 1
    outer loop
      vertex -12.61679607770176 -13.474671109562589 0
      vertex -15 -13 0
      vertex -12.66285092124747 -13.646550125609808 0
    endloop
  endfacet
  facet normal 0 0 1
    outer loop
      vertex -12.66285092124747 -13.646550125609808 0
      vertex -15 -13 0
      vertex -12.690687222126064 -13.822301612444988 0
    endloop
  endfacet
  facet normal 0 0 1
    outer loop
      vertex -12.690687222126064 -13.822301612444988 0
      vertex -15 -13 0
      vertex -12.7 -14 0
    endloop
  endfacet
  facet normal 0 0 1
    outer loop
      vertex -12.553027277992422 -13.30854770677114 0
      vertex -12.472243186433545 -13.15 0
      vertex -15 -13 0
    endloop
  endfacet
  facet normal 0 0 1
    outer loop
      vertex -12.7 -14 0
      vertex -15 -13 0
      vertex -12.690687222126064 -14.177698387555012 0
    endloop
  endfacet
  facet normal 0 0 1
    outer loop
      vertex -12.690687222126064 -14.177698387555012 0
      vertex -15 -13 0
      vertex -12.66285092124747 -14.353449874390192 0
    endloop
  endfacet
  facet normal 0 0 1
    outer loop
      vertex -12.66285092124747 -14.353449874390192 0
      vertex -15 -13 0
      vertex -12.61679607770176 -14.525328890437411 0
    endloop
  endfacet
  facet normal 0 0 1
    outer loop
      vertex -12.61679607770176 -14.525328890437411 0
      vertex -15 -13 0
      vertex -15 -17 0
    endloop
  endfacet
  facet normal 0 0 1
    outer loop
      vertex -12.61679607770176 -14.525328890437411 0
      vertex -15 -17 0
      vertex -12.553027277992422 -14.69145229322886 0
    endloop
  endfacet
  facet normal 0 0 1
    outer loop
      vertex -12.553027277992422 -14.69145229322886 0
      vertex -15 -17 0
      vertex -12.472243186433545 -14.85 0
    endloop
  endfacet
  facet normal 0 0 1
    outer loop
      vertex -12.472243186433545 -14.85 0
      vertex -15 -17 0
      vertex -12.37532889043741 -14.999234928897204 0
    endloop
  endfacet
  facet normal 0 0 1
    outer loop
      vertex -12.37532889043741 -14.999234928897204 0
      vertex -15 -17 0
      vertex -12.26334620331157 -15.137522030810059 0
    endloop
  endfacet
  facet normal 0 0 1
    outer loop
      vertex -12.26334620331157 -15.137522030810059 0
      vertex -15 -17 0
      vertex -12.137522030810059 -15.26334620331157 0
    endloop
  endfacet
  facet normal 0 0 1
    outer loop
      vertex -11.999234928897204 -15.37532889043741 0
      vertex -15 -17 0
      vertex -15 -19 0
    endloop
  endfacet
  facet normal 0 0 1
    outer loop
      vertex -12.137522030810059 -15.26334620331157 0
      vertex -15 -17 0
      vertex -11.999234928897204 -15.37532889043741 0
    endloop
  endfacet
  facet normal 0 0 1
    outer loop
      vertex -11.999234928897204 -15.37532889043741 0
      vertex -15 -19 0
      vertex -11.85 -15.472243186433545 0
    endloop
  endfacet
  facet normal 0 0 1
    outer loop
      vertex -11.85 -15.472243186433545 0
      vertex -15 -19 0
      vertex -11.69145229322886 -15.553027277992422 0
    endloop
  endfacet
  facet normal 0 0 1
    outer loop
      vertex -11.69145229322886 -15.553027277992422 0
      vertex -15 -19 0
      vertex -11.525328890437411 -15.61679607770176 0
    endloop
  endfacet
  facet normal 0 0 1
    outer loop
      vertex -11.525328890437411 -15.61679607770176 0
      vertex -15 -19 0
      vertex -11.353449874390192 -15.66285092124747 0
    endloop
  endfacet
  facet normal 0 0 1
    outer loop
      vertex -11.353449874390192 -15.66285092124747 0
      vertex -15 -19 0
      vertex -11.177698387555012 -15.690687222126064 0
    endloop
  endfacet
  facet normal 0 0 1
    outer loop
      vertex -11.177698387555012 -15.690687222126064 0
      vertex -15 -19 0
      vertex -11 -15.7 0
    endloop
  endfacet
  facet normal 0 0 1
    outer loop
      vertex -11 -15.7 0
      vertex -15 -19 0
      vertex -10.822301612444988 -15.690687222126064 0
    endloop
  endfacet
  facet normal 0 0 1
    outer loop
      vertex -10.822301612444988 -15.690687222126064 0
      vertex -15 -19 0
      vertex -10.646550125609808 -15.66285092124747 0
    endloop
  endfacet
  facet normal 0 0 1
    outer loop
      vertex -10.646550125609808 -15.66285092124747 0
      vertex -15 -19 0
      vertex 13.189973185050189 -19 0
    endloop
  endfacet
  facet normal 0 0 1
    outer loop
      vertex -9.62467110956259 -13.000765071102796 0
      vertex 9.625290651925893 -13 0
      vertex -9.625290651925893 -13 0
    endloop
  endfacet
  facet normal 0 0 1
    outer loop
      vertex -9.62467110956259 -13.000765071102796 0
      vertex -9.527756813566455 -13.15 0
      vertex 9.62467110956259 -13.000765071102796 0
    endloop
  endfacet
  facet normal 0 0 1
    outer loop
      vertex -9.527756813566455 -13.15 0
      vertex -9.446972722007578 -13.30854770677114 0
      vertex 9.527756813566455 -13.15 0
    endloop
  endfacet
  facet normal 0 0 1
    outer loop
      vertex -9.446972722007578 -13.30854770677114 0
      vertex -9.38320392229824 -13.474671109562589 0
      vertex 9.446972722007578 -13.30854770677114 0
    endloop
  endfacet
  facet normal 0 0 1
    outer loop
      vertex -9.38320392229824 -13.474671109562589 0
      vertex -9.33714907875253 -13.646550125609808 0
      vertex 9.38320392229824 -13.474671109562589 0
    endloop
  endfacet
  facet normal 0 0 1
    outer loop
      vertex -9.33714907875253 -13.646550125609808 0
      vertex -9.309312777873936 -13.822301612444988 0
      vertex 9.33714907875253 -13.646550125609808 0
    endloop
  endfacet
  facet normal 0 0 1
    outer loop
      vertex -9.309312777873936 -13.822301612444988 0
      vertex -9.3 -14 0
      vertex 9.309312777873936 -13.822301612444988 0
    endloop
  endfacet
  facet normal 0 0 1
    outer loop
      vertex -9.3 -14 0
      vertex -9.309312777873936 -14.177698387555012 0
      vertex 9.3 -14 0
    endloop
  endfacet
  facet normal 0 0 1
    outer loop
      vertex -9.309312777873936 -14.177698387555012 0
      vertex -9.33714907875253 -14.353449874390192 0
      vertex 9.309312777873936 -14.177698387555012 0
    endloop
  endfacet
  facet normal 0 0 1
    outer loop
      vertex -9.73665379668843 -15.137522030810059 0
      vertex -9.862477969189941 -15.26334620331157 0
      vertex 9.73665379668843 -15.137522030810059 0
    endloop
  endfacet
  facet normal 0 0 1
    outer loop
      vertex -9.33714907875253 -14.353449874390192 0
      vertex -9.38320392229824 -14.525328890437411 0
      vertex 9.33714907875253 -14.353449874390192 0
    endloop
  endfacet
  facet normal 0 0 1
    outer loop
      vertex -9.446972722007578 -14.69145229322886 0
      vertex -9.527756813566455 -14.85 0
      vertex 9.446972722007578 -14.69145229322886 0
    endloop
  endfacet
  facet normal 0 0 1
    outer loop
      vertex -9.38320392229824 -14.525328890437411 0
      vertex -9.446972722007578 -14.69145229322886 0
      vertex 9.38320392229824 -14.525328890437411 0
    endloop
  endfacet
  facet normal 0 0 1
    outer loop
      vertex -9.527756813566455 -14.85 0
      vertex -9.62467110956259 -14.999234928897204 0
      vertex 9.527756813566455 -14.85 0
    endloop
  endfacet
  facet normal 0 0 1
    outer loop
      vertex -9.73665379668843 -15.137522030810059 0
      vertex 9.62467110956259 -14.999234928897204 0
      vertex -9.62467110956259 -14.999234928897204 0
    endloop
  endfacet
  facet normal 0 0 1
    outer loop
      vertex -10.15 -15.472243186433545 0
      vertex 13.189973185050189 -19 0
      vertex -10.000765071102796 -15.37532889043741 0
    endloop
  endfacet
  facet normal 0 0 1
    outer loop
      vertex -10.000765071102796 -15.37532889043741 0
      vertex 13.189973185050189 -19 0
      vertex -9.862477969189941 -15.26334620331157 0
    endloop
  endfacet
  facet normal 0 0 1
    outer loop
      vertex -10.646550125609808 -15.66285092124747 0
      vertex 13.189973185050189 -19 0
      vertex -10.474671109562589 -15.61679607770176 0
    endloop
  endfacet
  facet normal 0 0 1
    outer loop
      vertex -10.474671109562589 -15.61679607770176 0
      vertex 13.189973185050189 -19 0
      vertex -10.30854770677114 -15.553027277992422 0
    endloop
  endfacet
  facet normal 0 0 1
    outer loop
      vertex -10.30854770677114 -15.553027277992422 0
      vertex 13.189973185050189 -19 0
      vertex -10.15 -15.472243186433545 0
    endloop
  endfacet
  facet normal 0 0 1
    outer loop
      vertex 10.15 15.472243186433545 0
      vertex 10.30854770677114 15.553027277992422 0
      vertex -13.189973185050189 19 0
    endloop
  endfacet
  facet normal 0 0 1
    outer loop
      vertex 10.30854770677114 15.553027277992422 0
      vertex 10.474671109562589 15.61679607770176 0
      vertex -13.189973185050189 19 0
    endloop
  endfacet
  facet normal 0 0 1
    outer loop
      vertex 10.474671109562589 15.61679607770176 0
      vertex 10.646550125609808 15.66285092124747 0
      vertex -13.189973185050189 19 0
    endloop
  endfacet
  facet normal 0 0 1
    outer loop
      vertex 9.862477969189941 15.26334620331157 0
      vertex 10.000765071102796 15.37532889043741 0
      vertex -13.189973185050189 19 0
    endloop
  endfacet
  facet normal 0 0 1
    outer loop
      vertex 10.000765071102796 15.37532889043741 0
      vertex 10.15 15.472243186433545 0
      vertex -13.189973185050189 19 0
    endloop
  endfacet
  facet normal 0 0 1
    outer loop
      vertex -9.62467110956259 14.999234928897204 0
      vertex 9.62467110956259 14.999234928897204 0
      vertex 9.73665379668843 15.137522030810059 0
    endloop
  endfacet
  facet normal 0 0 1
    outer loop
      vertex -9.527756813566455 14.85 0
      vertex 9.527756813566455 14.85 0
      vertex 9.62467110956259 14.999234928897204 0
    endloop
  endfacet
  facet normal 0 0 1
    outer loop
      vertex -9.38320392229824 14.525328890437411 0
      vertex 9.38320392229824 14.525328890437411 0
      vertex 9.446972722007578 14.69145229322886 0
    endloop
  endfacet
  facet normal 0 0 1
    outer loop
      vertex -9.446972722007578 14.69145229322886 0
      vertex 9.446972722007578 14.69145229322886 0
      vertex 9.527756813566455 14.85 0
    endloop
  endfacet
  facet normal 0 0 1
    outer loop
      vertex -9.33714907875253 14.353449874390192 0
      vertex 9.33714907875253 14.353449874390192 0
      vertex 9.38320392229824 14.525328890437411 0
    endloop
  endfacet
  facet normal 0 0 1
    outer loop
      vertex -9.73665379668843 15.137522030810059 0
      vertex 9.73665379668843 15.137522030810059 0
      vertex 9.862477969189941 15.26334620331157 0
    endloop
  endfacet
  facet normal 0 0 1
    outer loop
      vertex -9.309312777873936 14.177698387555012 0
      vertex 9.309312777873936 14.177698387555012 0
      vertex 9.33714907875253 14.353449874390192 0
    endloop
  endfacet
  facet normal 0 0 1
    outer loop
      vertex -9.3 14 0
      vertex 9.3 14 0
      vertex 9.309312777873936 14.177698387555012 0
    endloop
  endfacet
  facet normal 0 0 1
    outer loop
      vertex -9.309312777873936 13.822301612444988 0
      vertex 9.309312777873936 13.822301612444988 0
      vertex 9.3 14 0
    endloop
  endfacet
  facet normal 0 0 1
    outer loop
      vertex -9.33714907875253 13.646550125609808 0
      vertex 9.33714907875253 13.646550125609808 0
      vertex 9.309312777873936 13.822301612444988 0
    endloop
  endfacet
  facet normal 0 0 1
    outer loop
      vertex -9.38320392229824 13.474671109562589 0
      vertex 9.38320392229824 13.474671109562589 0
      vertex 9.33714907875253 13.646550125609808 0
    endloop
  endfacet
  facet normal 0 0 1
    outer loop
      vertex -9.446972722007578 13.30854770677114 0
      vertex 9.446972722007578 13.30854770677114 0
      vertex 9.38320392229824 13.474671109562589 0
    endloop
  endfacet
  facet normal 0 0 1
    outer loop
      vertex -9.527756813566455 13.15 0
      vertex 9.527756813566455 13.15 0
      vertex 9.446972722007578 13.30854770677114 0
    endloop
  endfacet
  facet normal 0 0 1
    outer loop
      vertex -9.62467110956259 13.000765071102796 0
      vertex 9.62467110956259 13.000765071102796 0
      vertex 9.527756813566455 13.15 0
    endloop
  endfacet
  facet normal 0 0 1
    outer loop
      vertex -9.625290651925893 13 0
      vertex 9.625290651925893 13 0
      vertex 9.62467110956259 13.000765071102796 0
    endloop
  endfacet
  facet normal 0 0 1
    outer loop
      vertex 10.646550125609808 15.66285092124747 0
      vertex 15 19 0
      vertex -13.189973185050189 19 0
    endloop
  endfacet
  facet normal 0 0 1
    outer loop
      vertex 10.646550125609808 15.66285092124747 0
      vertex 10.822301612444988 15.690687222126064 0
      vertex 15 19 0
    endloop
  endfacet
  facet normal 0 0 1
    outer loop
      vertex 10.822301612444988 15.690687222126064 0
      vertex 11 15.7 0
      vertex 15 19 0
    endloop
  endfacet
  facet normal 0 0 1
    outer loop
      vertex 11 15.7 0
      vertex 11.177698387555012 15.690687222126064 0
      vertex 15 19 0
    endloop
  endfacet
  facet normal 0 0 1
    outer loop
      vertex 11.177698387555012 15.690687222126064 0
      vertex 11.353449874390192 15.66285092124747 0
      vertex 15 19 0
    endloop
  endfacet
  facet normal 0 0 1
    outer loop
      vertex 11.353449874390192 15.66285092124747 0
      vertex 11.525328890437411 15.61679607770176 0
      vertex 15 19 0
    endloop
  endfacet
  facet normal 0 0 1
    outer loop
      vertex 11.525328890437411 15.61679607770176 0
      vertex 11.69145229322886 15.553027277992422 0
      vertex 15 19 0
    endloop
  endfacet
  facet normal 0 0 1
    outer loop
      vertex 11.69145229322886 15.553027277992422 0
      vertex 11.85 15.472243186433545 0
      vertex 15 19 0
    endloop
  endfacet
  facet normal 0 0 1
    outer loop
      vertex 11.85 15.472243186433545 0
      vertex 11.999234928897204 15.37532889043741 0
      vertex 15 19 0
    endloop
  endfacet
  facet normal 0 0 1
    outer loop
      vertex 11.999234928897204 15.37532889043741 0
      vertex 12.137522030810059 15.26334620331157 0
      vertex 15 17 0
    endloop
  endfacet
  facet normal 0 0 1
    outer loop
      vertex 11.999234928897204 15.37532889043741 0
      vertex 15 17 0
      vertex 15 19 0
    endloop
  endfacet
  facet normal 0 0 1
    outer loop
      vertex 12.137522030810059 15.26334620331157 0
      vertex 12.26334620331157 15.137522030810059 0
      vertex 15 17 0
    endloop
  endfacet
  facet normal 0 0 1
    outer loop
      vertex 12.26334620331157 15.137522030810059 0
      vertex 12.37532889043741 14.999234928897204 0
      vertex 15 17 0
    endloop
  endfacet
  facet normal 0 0 1
    outer loop
      vertex 12.37532889043741 14.999234928897204 0
      vertex 12.472243186433545 14.85 0
      vertex 15 17 0
    endloop
  endfacet
  facet normal 0 0 1
    outer loop
      vertex 12.472243186433545 14.85 0
      vertex 12.553027277992422 14.69145229322886 0
      vertex 15 17 0
    endloop
  endfacet
  facet normal 0 0 1
    outer loop
      vertex 12.553027277992422 14.69145229322886 0
      vertex 12.61679607770176 14.525328890437411 0
      vertex 15 17 0
    endloop
  endfacet
  facet normal 0 0 1
    outer loop
      vertex 12.61679607770176 14.525328890437411 0
      vertex 12.66285092124747 14.353449874390192 0
      vertex 15 17 0
    endloop
  endfacet
  facet normal 0 0 1
    outer loop
      vertex 12.66285092124747 14.353449874390192 0
      vertex 15 13 0
      vertex 15 17 0
    endloop
  endfacet
  facet normal 0 0 1
    outer loop
      vertex 12.66285092124747 14.353449874390192 0
      vertex 12.690687222126064 14.177698387555012 0
      vertex 15 13 0
    endloop
  endfacet
  facet normal 0 0 1
    outer loop
      vertex 12.690687222126064 14.177698387555012 0
      vertex 12.7 14 0
      vertex 15 13 0
    endloop
  endfacet
  facet normal 0 0 1
    outer loop
      vertex 12.472243186433545 13.15 0
      vertex 15 13 0
      vertex 12.553027277992422 13.30854770677114 0
    endloop
  endfacet
  facet normal 0 0 1
    outer loop
      vertex 12.7 14 0
      vertex 12.690687222126064 13.822301612444988 0
      vertex 15 13 0
    endloop
  endfacet
  facet normal 0 0 1
    outer loop
      vertex 12.690687222126064 13.822301612444988 0
      vertex 12.66285092124747 13.646550125609808 0
      vertex 15 13 0
    endloop
  endfacet
  facet normal 0 0 1
    outer loop
      vertex 12.66285092124747 13.646550125609808 0
      vertex 12.61679607770176 13.474671109562589 0
      vertex 15 13 0
    endloop
  endfacet
  facet normal 0 0 1
    outer loop
      vertex 12.553027277992422 13.30854770677114 0
      vertex 15 13 0
      vertex 12.61679607770176 13.474671109562589 0
    endloop
  endfacet
  facet normal 0 0 1
    outer loop
      vertex 12.37532889043741 13.000765071102796 0
      vertex 12.374709348074107 13 0
      vertex 15 13 0
    endloop
  endfacet
  facet normal 0 0 1
    outer loop
      vertex 12.472243186433545 13.15 0
      vertex 12.37532889043741 13.000765071102796 0
      vertex 15 13 0
    endloop
  endfacet
  facet normal 0 0 1
    outer loop
      vertex -9.62467110956259 -13.000765071102796 0
      vertex 9.62467110956259 -13.000765071102796 0
      vertex 9.625290651925893 -13 0
    endloop
  endfacet
  facet normal 0 0 1
    outer loop
      vertex -9.527756813566455 -13.15 0
      vertex 9.527756813566455 -13.15 0
      vertex 9.62467110956259 -13.000765071102796 0
    endloop
  endfacet
  facet normal 0 0 1
    outer loop
      vertex -9.446972722007578 -13.30854770677114 0
      vertex 9.446972722007578 -13.30854770677114 0
      vertex 9.527756813566455 -13.15 0
    endloop
  endfacet
  facet normal 0 0 1
    outer loop
      vertex -9.38320392229824 -13.474671109562589 0
      vertex 9.38320392229824 -13.474671109562589 0
      vertex 9.446972722007578 -13.30854770677114 0
    endloop
  endfacet
  facet normal 0 0 1
    outer loop
      vertex -9.33714907875253 -13.646550125609808 0
      vertex 9.33714907875253 -13.646550125609808 0
      vertex 9.38320392229824 -13.474671109562589 0
    endloop
  endfacet
  facet normal 0 0 1
    outer loop
      vertex -9.309312777873936 -13.822301612444988 0
      vertex 9.309312777873936 -13.822301612444988 0
      vertex 9.33714907875253 -13.646550125609808 0
    endloop
  endfacet
  facet normal 0 0 1
    outer loop
      vertex -9.3 -14 0
      vertex 9.3 -14 0
      vertex 9.309312777873936 -13.822301612444988 0
    endloop
  endfacet
  facet normal 0 0 1
    outer loop
      vertex -9.309312777873936 -14.177698387555012 0
      vertex 9.309312777873936 -14.177698387555012 0
      vertex 9.3 -14 0
    endloop
  endfacet
  facet normal 0 0 1
    outer loop
      vertex -9.33714907875253 -14.353449874390192 0
      vertex 9.33714907875253 -14.353449874390192 0
      vertex 9.309312777873936 -14.177698387555012 0
    endloop
  endfacet
  facet normal 0 0 1
    outer loop
      vertex -9.38320392229824 -14.525328890437411 0
      vertex 9.38320392229824 -14.525328890437411 0
      vertex 9.33714907875253 -14.353449874390192 0
    endloop
  endfacet
  facet normal 0 0 1
    outer loop
      vertex -9.446972722007578 -14.69145229322886 0
      vertex 9.446972722007578 -14.69145229322886 0
      vertex 9.38320392229824 -14.525328890437411 0
    endloop
  endfacet
  facet normal 0 0 1
    outer loop
      vertex -9.527756813566455 -14.85 0
      vertex 9.527756813566455 -14.85 0
      vertex 9.446972722007578 -14.69145229322886 0
    endloop
  endfacet
  facet normal 0 0 1
    outer loop
      vertex -9.62467110956259 -14.999234928897204 0
      vertex 9.62467110956259 -14.999234928897204 0
      vertex 9.527756813566455 -14.85 0
    endloop
  endfacet
  facet normal 0 0 1
    outer loop
      vertex -9.73665379668843 -15.137522030810059 0
      vertex 9.73665379668843 -15.137522030810059 0
      vertex 9.62467110956259 -14.999234928897204 0
    endloop
  endfacet
  facet normal 0 0 1
    outer loop
      vertex -9.862477969189941 -15.26334620331157 0
      vertex 9.862477969189941 -15.26334620331157 0
      vertex 9.73665379668843 -15.137522030810059 0
    endloop
  endfacet
  facet normal 0 0 1
    outer loop
      vertex -9.862477969189941 -15.26334620331157 0
      vertex 13.189973185050189 -19 0
      vertex 9.862477969189941 -15.26334620331157 0
    endloop
  endfacet
  facet normal 0 0 1
    outer loop
      vertex 9.862477969189941 -15.26334620331157 0
      vertex 13.189973185050189 -19 0
      vertex 10.000765071102796 -15.37532889043741 0
    endloop
  endfacet
  facet normal 0 0 1
    outer loop
      vertex 10.000765071102796 -15.37532889043741 0
      vertex 13.189973185050189 -19 0
      vertex 10.15 -15.472243186433545 0
    endloop
  endfacet
  facet normal 0 0 1
    outer loop
      vertex 10.15 -15.472243186433545 0
      vertex 13.189973185050189 -19 0
      vertex 10.30854770677114 -15.553027277992422 0
    endloop
  endfacet
  facet normal 0 0 1
    outer loop
      vertex 12.37532889043741 -13.000765071102796 0
      vertex 15 -13 0
      vertex 12.374709348074107 -13 0
    endloop
  endfacet
  facet normal 0 0 1
    outer loop
      vertex 11.85 -15.472243186433545 0
      vertex 13.189973185050189 -19 0
      vertex 11.999234928897204 -15.37532889043741 0
    endloop
  endfacet
  facet normal 0 0 1
    outer loop
      vertex 11.999234928897204 -15.37532889043741 0
      vertex 15 -19 0
      vertex 12.137522030810059 -15.26334620331157 0
    endloop
  endfacet
  facet normal 0 0 1
    outer loop
      vertex 10.30854770677114 -15.553027277992422 0
      vertex 13.189973185050189 -19 0
      vertex 10.474671109562589 -15.61679607770176 0
    endloop
  endfacet
  facet normal 0 0 1
    outer loop
      vertex 10.474671109562589 -15.61679607770176 0
      vertex 13.189973185050189 -19 0
      vertex 10.646550125609808 -15.66285092124747 0
    endloop
  endfacet
  facet normal 0 0 1
    outer loop
      vertex 10.646550125609808 -15.66285092124747 0
      vertex 13.189973185050189 -19 0
      vertex 10.822301612444988 -15.690687222126064 0
    endloop
  endfacet
  facet normal 0 0 1
    outer loop
      vertex 10.822301612444988 -15.690687222126064 0
      vertex 13.189973185050189 -19 0
      vertex 11 -15.7 0
    endloop
  endfacet
  facet normal 0 0 1
    outer loop
      vertex 11 -15.7 0
      vertex 13.189973185050189 -19 0
      vertex 11.177698387555012 -15.690687222126064 0
    endloop
  endfacet
  facet normal 0 0 1
    outer loop
      vertex 11.177698387555012 -15.690687222126064 0
      vertex 13.189973185050189 -19 0
      vertex 11.353449874390192 -15.66285092124747 0
    endloop
  endfacet
  facet normal 0 0 1
    outer loop
      vertex 11.353449874390192 -15.66285092124747 0
      vertex 13.189973185050189 -19 0
      vertex 11.525328890437411 -15.61679607770176 0
    endloop
  endfacet
  facet normal 0 0 1
    outer loop
      vertex 11.525328890437411 -15.61679607770176 0
      vertex 13.189973185050189 -19 0
      vertex 11.69145229322886 -15.553027277992422 0
    endloop
  endfacet
  facet normal 0 0 1
    outer loop
      vertex 11.85 -15.472243186433545 0
      vertex 11.69145229322886 -15.553027277992422 0
      vertex 13.189973185050189 -19 0
    endloop
  endfacet
  facet normal 0 0 1
    outer loop
      vertex 12.37532889043741 -13.000765071102796 0
      vertex 12.472243186433545 -13.15 0
      vertex 15 -17 0
    endloop
  endfacet
  facet normal 0 0 1
    outer loop
      vertex 12.472243186433545 -13.15 0
      vertex 12.553027277992422 -13.30854770677114 0
      vertex 15 -17 0
    endloop
  endfacet
  facet normal 0 0 1
    outer loop
      vertex 12.553027277992422 -13.30854770677114 0
      vertex 12.61679607770176 -13.474671109562589 0
      vertex 15 -17 0
    endloop
  endfacet
  facet normal 0 0 1
    outer loop
      vertex 12.61679607770176 -13.474671109562589 0
      vertex 12.66285092124747 -13.646550125609808 0
      vertex 15 -17 0
    endloop
  endfacet
  facet normal 0 0 1
    outer loop
      vertex 12.66285092124747 -13.646550125609808 0
      vertex 12.690687222126064 -13.822301612444988 0
      vertex 15 -17 0
    endloop
  endfacet
  facet normal 0 0 1
    outer loop
      vertex 12.690687222126064 -13.822301612444988 0
      vertex 12.7 -14 0
      vertex 15 -17 0
    endloop
  endfacet
  facet normal 0 0 1
    outer loop
      vertex 12.7 -14 0
      vertex 12.690687222126064 -14.177698387555012 0
      vertex 15 -17 0
    endloop
  endfacet
  facet normal 0 0 1
    outer loop
      vertex 12.690687222126064 -14.177698387555012 0
      vertex 12.66285092124747 -14.353449874390192 0
      vertex 15 -17 0
    endloop
  endfacet
  facet normal 0 0 1
    outer loop
      vertex 12.61679607770176 -14.525328890437411 0
      vertex 12.553027277992422 -14.69145229322886 0
      vertex 15 -17 0
    endloop
  endfacet
  facet normal 0 0 1
    outer loop
      vertex 12.66285092124747 -14.353449874390192 0
      vertex 12.61679607770176 -14.525328890437411 0
      vertex 15 -17 0
    endloop
  endfacet
  facet normal 0 0 1
    outer loop
      vertex 12.472243186433545 -14.85 0
      vertex 12.37532889043741 -14.999234928897204 0
      vertex 15 -19 0
    endloop
  endfacet
  facet normal 0 0 1
    outer loop
      vertex 12.472243186433545 -14.85 0
      vertex 15 -19 0
      vertex 12.553027277992422 -14.69145229322886 0
    endloop
  endfacet
  facet normal 0 0 1
    outer loop
      vertex 12.26334620331157 -15.137522030810059 0
      vertex 12.137522030810059 -15.26334620331157 0
      vertex 15 -19 0
    endloop
  endfacet
  facet normal 0 0 1
    outer loop
      vertex 12.26334620331157 -15.137522030810059 0
      vertex 15 -19 0
      vertex 12.37532889043741 -14.999234928897204 0
    endloop
  endfacet
  facet normal 0 0 1
    outer loop
      vertex 12.37532889043741 -13.000765071102796 0
      vertex 15 -17 0
      vertex 15 -13 0
    endloop
  endfacet
  facet normal 0 0 1
    outer loop
      vertex 11.999234928897204 -15.37532889043741 0
      vertex 13.189973185050189 -19 0
      vertex 15 -19 0
    endloop
  endfacet
  facet normal 0 0 1
    outer loop
      vertex 12.553027277992422 -14.69145229322886 0
      vertex 15 -19 0
      vertex 15 -17 0
    endloop
  endfacet
endsolid OpenSCAD_Model
