ISO-10303-21;
HEADER;
FILE_DESCRIPTION(('KiCad electronic assembly'),'2;1');
FILE_NAME('openmotorbridge_pod_cartridge_board.step',
  '2026-08-24T10:01:34',('Pcbnew'),('Kicad'),
  'Open CASCADE STEP processor 7.9','KiCad to STEP converter','Unknown'
  );
FILE_SCHEMA(('AUTOMOTIVE_DESIGN { 1 0 10303 214 1 1 1 1 }'));
ENDSEC;
DATA;
#1 = APPLICATION_PROTOCOL_DEFINITION('international standard',
  'automotive_design',2000,#2);
#2 = APPLICATION_CONTEXT(
  'core data for automotive mechanical design processes');
#3 = SHAPE_DEFINITION_REPRESENTATION(#4,#10);
#4 = PRODUCT_DEFINITION_SHAPE('','',#5);
#5 = PRODUCT_DEFINITION('design','',#6,#9);
#6 = PRODUCT_DEFINITION_FORMATION('','',#7);
#7 = PRODUCT('openmotorbridge_pod_cartridge_board 1',
  'openmotorbridge_pod_cartridge_board 1','',(#8));
#8 = PRODUCT_CONTEXT('',#2,'mechanical');
#9 = PRODUCT_DEFINITION_CONTEXT('part definition',#2,'design');
#10 = SHAPE_REPRESENTATION('',(#11,#15,#19,#23,#27,#31,#35),#39);
#11 = AXIS2_PLACEMENT_3D('',#12,#13,#14);
#12 = CARTESIAN_POINT('',(0.,0.,0.));
#13 = DIRECTION('',(0.,0.,1.));
#14 = DIRECTION('',(1.,0.,-0.));
#15 = AXIS2_PLACEMENT_3D('',#16,#17,#18);
#16 = CARTESIAN_POINT('',(117.575,-89.075,1.195));
#17 = DIRECTION('',(0.,0.,1.));
#18 = DIRECTION('',(1.,0.,0.));
#19 = AXIS2_PLACEMENT_3D('',#20,#21,#22);
#20 = CARTESIAN_POINT('',(117.575,-77.075,1.195));
#21 = DIRECTION('',(0.,0.,1.));
#22 = DIRECTION('',(1.,0.,0.));
#23 = AXIS2_PLACEMENT_3D('',#24,#25,#26);
#24 = CARTESIAN_POINT('',(0.,0.,0.));
#25 = DIRECTION('',(0.,0.,1.));
#26 = DIRECTION('',(1.,0.,-0.));
#27 = AXIS2_PLACEMENT_3D('',#28,#29,#30);
#28 = CARTESIAN_POINT('',(0.,0.,0.));
#29 = DIRECTION('',(0.,0.,1.));
#30 = DIRECTION('',(1.,0.,-0.));
#31 = AXIS2_PLACEMENT_3D('',#32,#33,#34);
#32 = CARTESIAN_POINT('',(0.,0.,0.));
#33 = DIRECTION('',(0.,0.,1.));
#34 = DIRECTION('',(1.,0.,-0.));
#35 = AXIS2_PLACEMENT_3D('',#36,#37,#38);
#36 = CARTESIAN_POINT('',(0.,0.,0.));
#37 = DIRECTION('',(0.,0.,1.));
#38 = DIRECTION('',(1.,0.,-0.));
#39 = ( GEOMETRIC_REPRESENTATION_CONTEXT(3) 
GLOBAL_UNCERTAINTY_ASSIGNED_CONTEXT((#43)) GLOBAL_UNIT_ASSIGNED_CONTEXT(
(#40,#41,#42)) REPRESENTATION_CONTEXT('Context #1',
  '3D Context with UNIT and UNCERTAINTY') );
#40 = ( LENGTH_UNIT() NAMED_UNIT(*) SI_UNIT(.MILLI.,.METRE.) );
#41 = ( NAMED_UNIT(*) PLANE_ANGLE_UNIT() SI_UNIT($,.RADIAN.) );
#42 = ( NAMED_UNIT(*) SI_UNIT($,.STERADIAN.) SOLID_ANGLE_UNIT() );
#43 = UNCERTAINTY_MEASURE_WITH_UNIT(LENGTH_MEASURE(1.E-07),#40,
  'distance_accuracy_value','confusion accuracy');
#44 = PRODUCT_RELATED_PRODUCT_CATEGORY('part',$,(#7));
#45 = SHAPE_DEFINITION_REPRESENTATION(#46,#52);
#46 = PRODUCT_DEFINITION_SHAPE('','',#47);
#47 = PRODUCT_DEFINITION('design','',#48,#51);
#48 = PRODUCT_DEFINITION_FORMATION('','',#49);
#49 = PRODUCT('PinHeader_1x06_P2.54mm_Vertical',
  'PinHeader_1x06_P2.54mm_Vertical','',(#50));
#50 = PRODUCT_CONTEXT('',#2,'mechanical');
#51 = PRODUCT_DEFINITION_CONTEXT('part definition',#2,'design');
#52 = SHAPE_REPRESENTATION('',(#11,#53),#57);
#53 = AXIS2_PLACEMENT_3D('',#54,#55,#56);
#54 = CARTESIAN_POINT('',(0.,0.,0.));
#55 = DIRECTION('',(0.,0.,1.));
#56 = DIRECTION('',(1.,0.,-0.));
#57 = ( GEOMETRIC_REPRESENTATION_CONTEXT(3) 
GLOBAL_UNCERTAINTY_ASSIGNED_CONTEXT((#61)) GLOBAL_UNIT_ASSIGNED_CONTEXT(
(#58,#59,#60)) REPRESENTATION_CONTEXT('Context #1',
  '3D Context with UNIT and UNCERTAINTY') );
#58 = ( LENGTH_UNIT() NAMED_UNIT(*) SI_UNIT(.MILLI.,.METRE.) );
#59 = ( NAMED_UNIT(*) PLANE_ANGLE_UNIT() SI_UNIT($,.RADIAN.) );
#60 = ( NAMED_UNIT(*) SI_UNIT($,.STERADIAN.) SOLID_ANGLE_UNIT() );
#61 = UNCERTAINTY_MEASURE_WITH_UNIT(LENGTH_MEASURE(1.E-07),#58,
  'distance_accuracy_value','confusion accuracy');
#62 = CONTEXT_DEPENDENT_SHAPE_REPRESENTATION(#63,#65);
#63 = ( REPRESENTATION_RELATIONSHIP('','',#52,#10) 
REPRESENTATION_RELATIONSHIP_WITH_TRANSFORMATION(#64) 
SHAPE_REPRESENTATION_RELATIONSHIP() );
#64 = ITEM_DEFINED_TRANSFORMATION('','',#11,#15);
#65 = PRODUCT_DEFINITION_SHAPE('Placement','Placement of an item',#66);
#66 = NEXT_ASSEMBLY_USAGE_OCCURRENCE('2','J1','',#5,#47,$);
#67 = PRODUCT_RELATED_PRODUCT_CATEGORY('part',$,(#49));
#68 = SHAPE_DEFINITION_REPRESENTATION(#69,#75);
#69 = PRODUCT_DEFINITION_SHAPE('','',#70);
#70 = PRODUCT_DEFINITION('design','',#71,#74);
#71 = PRODUCT_DEFINITION_FORMATION('','',#72);
#72 = PRODUCT('PinHeader_1x06_P254mm_Vertical',
  'PinHeader_1x06_P254mm_Vertical','',(#73));
#73 = PRODUCT_CONTEXT('',#2,'mechanical');
#74 = PRODUCT_DEFINITION_CONTEXT('part definition',#2,'design');
#75 = ADVANCED_BREP_SHAPE_REPRESENTATION('',(#11,#76),#4204);
#76 = MANIFOLD_SOLID_BREP('',#77);
#77 = CLOSED_SHELL('',(#78,#118,#149,#180,#673,#1166,#1183,#1200,#1217,
    #1234,#1251,#1268,#1285,#1302,#1319,#1336,#1353,#1370,#1387,#1404,
    #1421,#1438,#1455,#1472,#1489,#1506,#1523,#1540,#1557,#1574,#1591,
    #1608,#1625,#1642,#1659,#1676,#1693,#1710,#1727,#1744,#1756,#1787,
    #1811,#1835,#1852,#1883,#1907,#1931,#1948,#1979,#2003,#2027,#2044,
    #2075,#2099,#2123,#2140,#2171,#2195,#2219,#2236,#2267,#2291,#2315,
    #2332,#2363,#2387,#2411,#2428,#2459,#2483,#2507,#2524,#2555,#2579,
    #2603,#2620,#2651,#2675,#2699,#2716,#2747,#2771,#2795,#2812,#2843,
    #2867,#2891,#2908,#2939,#2963,#2987,#3004,#3035,#3059,#3083,#3100,
    #3131,#3155,#3179,#3196,#3227,#3251,#3275,#3292,#3323,#3347,#3371,
    #3388,#3419,#3443,#3467,#3484,#3515,#3539,#3563,#3580,#3611,#3635,
    #3659,#3676,#3707,#3731,#3755,#3772,#3803,#3827,#3851,#3868,#3899,
    #3923,#3947,#3964,#3995,#4019,#4043,#4060,#4072,#4084,#4096,#4108,
    #4120,#4132,#4144,#4156,#4168,#4180,#4192));
#78 = ADVANCED_FACE('',(#79),#113,.F.);
#79 = FACE_BOUND('',#80,.F.);
#80 = EDGE_LOOP('',(#81,#91,#99,#107));
#81 = ORIENTED_EDGE('',*,*,#82,.T.);
#82 = EDGE_CURVE('',#83,#85,#87,.T.);
#83 = VERTEX_POINT('',#84);
#84 = CARTESIAN_POINT('',(-1.016,1.27,0.));
#85 = VERTEX_POINT('',#86);
#86 = CARTESIAN_POINT('',(-1.016,1.27,2.54));
#87 = LINE('',#88,#89);
#88 = CARTESIAN_POINT('',(-1.016,1.27,0.));
#89 = VECTOR('',#90,1.);
#90 = DIRECTION('',(0.,0.,1.));
#91 = ORIENTED_EDGE('',*,*,#92,.T.);
#92 = EDGE_CURVE('',#85,#93,#95,.T.);
#93 = VERTEX_POINT('',#94);
#94 = CARTESIAN_POINT('',(-1.27,1.016,2.54));
#95 = LINE('',#96,#97);
#96 = CARTESIAN_POINT('',(-1.016,1.27,2.54));
#97 = VECTOR('',#98,1.);
#98 = DIRECTION('',(-0.707106781187,-0.707106781187,0.));
#99 = ORIENTED_EDGE('',*,*,#100,.F.);
#100 = EDGE_CURVE('',#101,#93,#103,.T.);
#101 = VERTEX_POINT('',#102);
#102 = CARTESIAN_POINT('',(-1.27,1.016,0.));
#103 = LINE('',#104,#105);
#104 = CARTESIAN_POINT('',(-1.27,1.016,0.));
#105 = VECTOR('',#106,1.);
#106 = DIRECTION('',(0.,0.,1.));
#107 = ORIENTED_EDGE('',*,*,#108,.F.);
#108 = EDGE_CURVE('',#83,#101,#109,.T.);
#109 = LINE('',#110,#111);
#110 = CARTESIAN_POINT('',(-1.016,1.27,0.));
#111 = VECTOR('',#112,1.);
#112 = DIRECTION('',(-0.707106781187,-0.707106781187,0.));
#113 = PLANE('',#114);
#114 = AXIS2_PLACEMENT_3D('',#115,#116,#117);
#115 = CARTESIAN_POINT('',(-1.016,1.27,0.));
#116 = DIRECTION('',(0.707106781187,-0.707106781187,0.));
#117 = DIRECTION('',(-0.707106781187,-0.707106781187,0.));
#118 = ADVANCED_FACE('',(#119),#144,.F.);
#119 = FACE_BOUND('',#120,.F.);
#120 = EDGE_LOOP('',(#121,#131,#137,#138));
#121 = ORIENTED_EDGE('',*,*,#122,.T.);
#122 = EDGE_CURVE('',#123,#125,#127,.T.);
#123 = VERTEX_POINT('',#124);
#124 = CARTESIAN_POINT('',(1.016,1.27,0.));
#125 = VERTEX_POINT('',#126);
#126 = CARTESIAN_POINT('',(1.016,1.27,2.54));
#127 = LINE('',#128,#129);
#128 = CARTESIAN_POINT('',(1.016,1.27,0.));
#129 = VECTOR('',#130,1.);
#130 = DIRECTION('',(0.,0.,1.));
#131 = ORIENTED_EDGE('',*,*,#132,.T.);
#132 = EDGE_CURVE('',#125,#85,#133,.T.);
#133 = LINE('',#134,#135);
#134 = CARTESIAN_POINT('',(1.016,1.27,2.54));
#135 = VECTOR('',#136,1.);
#136 = DIRECTION('',(-1.,0.,0.));
#137 = ORIENTED_EDGE('',*,*,#82,.F.);
#138 = ORIENTED_EDGE('',*,*,#139,.F.);
#139 = EDGE_CURVE('',#123,#83,#140,.T.);
#140 = LINE('',#141,#142);
#141 = CARTESIAN_POINT('',(1.016,1.27,0.));
#142 = VECTOR('',#143,1.);
#143 = DIRECTION('',(-1.,0.,0.));
#144 = PLANE('',#145);
#145 = AXIS2_PLACEMENT_3D('',#146,#147,#148);
#146 = CARTESIAN_POINT('',(1.016,1.27,0.));
#147 = DIRECTION('',(0.,-1.,0.));
#148 = DIRECTION('',(-1.,0.,0.));
#149 = ADVANCED_FACE('',(#150),#175,.F.);
#150 = FACE_BOUND('',#151,.F.);
#151 = EDGE_LOOP('',(#152,#153,#161,#169));
#152 = ORIENTED_EDGE('',*,*,#100,.T.);
#153 = ORIENTED_EDGE('',*,*,#154,.T.);
#154 = EDGE_CURVE('',#93,#155,#157,.T.);
#155 = VERTEX_POINT('',#156);
#156 = CARTESIAN_POINT('',(-1.27,-1.016,2.54));
#157 = LINE('',#158,#159);
#158 = CARTESIAN_POINT('',(-1.27,1.016,2.54));
#159 = VECTOR('',#160,1.);
#160 = DIRECTION('',(0.,-1.,0.));
#161 = ORIENTED_EDGE('',*,*,#162,.F.);
#162 = EDGE_CURVE('',#163,#155,#165,.T.);
#163 = VERTEX_POINT('',#164);
#164 = CARTESIAN_POINT('',(-1.27,-1.016,0.));
#165 = LINE('',#166,#167);
#166 = CARTESIAN_POINT('',(-1.27,-1.016,0.));
#167 = VECTOR('',#168,1.);
#168 = DIRECTION('',(0.,0.,1.));
#169 = ORIENTED_EDGE('',*,*,#170,.F.);
#170 = EDGE_CURVE('',#101,#163,#171,.T.);
#171 = LINE('',#172,#173);
#172 = CARTESIAN_POINT('',(-1.27,1.016,0.));
#173 = VECTOR('',#174,1.);
#174 = DIRECTION('',(0.,-1.,0.));
#175 = PLANE('',#176);
#176 = AXIS2_PLACEMENT_3D('',#177,#178,#179);
#177 = CARTESIAN_POINT('',(-1.27,1.016,0.));
#178 = DIRECTION('',(1.,0.,0.));
#179 = DIRECTION('',(0.,-1.,0.));
#180 = ADVANCED_FACE('',(#181,#464,#498,#532,#566,#600,#634),#668,.F.);
#181 = FACE_BOUND('',#182,.F.);
#182 = EDGE_LOOP('',(#183,#184,#185,#193,#201,#209,#217,#225,#233,#241,
    #249,#257,#265,#273,#281,#289,#297,#305,#313,#321,#329,#337,#345,
    #353,#361,#369,#377,#385,#393,#401,#409,#417,#425,#433,#441,#449,
    #457,#463));
#183 = ORIENTED_EDGE('',*,*,#108,.T.);
#184 = ORIENTED_EDGE('',*,*,#170,.T.);
#185 = ORIENTED_EDGE('',*,*,#186,.T.);
#186 = EDGE_CURVE('',#163,#187,#189,.T.);
#187 = VERTEX_POINT('',#188);
#188 = CARTESIAN_POINT('',(-1.016,-1.27,0.));
#189 = LINE('',#190,#191);
#190 = CARTESIAN_POINT('',(-1.27,-1.016,0.));
#191 = VECTOR('',#192,1.);
#192 = DIRECTION('',(0.707106781187,-0.707106781187,0.));
#193 = ORIENTED_EDGE('',*,*,#194,.T.);
#194 = EDGE_CURVE('',#187,#195,#197,.T.);
#195 = VERTEX_POINT('',#196);
#196 = CARTESIAN_POINT('',(-1.27,-1.524,0.));
#197 = LINE('',#198,#199);
#198 = CARTESIAN_POINT('',(-1.016,-1.27,0.));
#199 = VECTOR('',#200,1.);
#200 = DIRECTION('',(-0.707106781187,-0.707106781187,0.));
#201 = ORIENTED_EDGE('',*,*,#202,.T.);
#202 = EDGE_CURVE('',#195,#203,#205,.T.);
#203 = VERTEX_POINT('',#204);
#204 = CARTESIAN_POINT('',(-1.27,-3.556,0.));
#205 = LINE('',#206,#207);
#206 = CARTESIAN_POINT('',(-1.27,-1.524,0.));
#207 = VECTOR('',#208,1.);
#208 = DIRECTION('',(0.,-1.,0.));
#209 = ORIENTED_EDGE('',*,*,#210,.T.);
#210 = EDGE_CURVE('',#203,#211,#213,.T.);
#211 = VERTEX_POINT('',#212);
#212 = CARTESIAN_POINT('',(-1.016,-3.81,0.));
#213 = LINE('',#214,#215);
#214 = CARTESIAN_POINT('',(-1.27,-3.556,0.));
#215 = VECTOR('',#216,1.);
#216 = DIRECTION('',(0.707106781187,-0.707106781187,0.));
#217 = ORIENTED_EDGE('',*,*,#218,.T.);
#218 = EDGE_CURVE('',#211,#219,#221,.T.);
#219 = VERTEX_POINT('',#220);
#220 = CARTESIAN_POINT('',(-1.27,-4.064,0.));
#221 = LINE('',#222,#223);
#222 = CARTESIAN_POINT('',(-1.016,-3.81,0.));
#223 = VECTOR('',#224,1.);
#224 = DIRECTION('',(-0.707106781187,-0.707106781187,0.));
#225 = ORIENTED_EDGE('',*,*,#226,.T.);
#226 = EDGE_CURVE('',#219,#227,#229,.T.);
#227 = VERTEX_POINT('',#228);
#228 = CARTESIAN_POINT('',(-1.27,-6.096,0.));
#229 = LINE('',#230,#231);
#230 = CARTESIAN_POINT('',(-1.27,-4.064,0.));
#231 = VECTOR('',#232,1.);
#232 = DIRECTION('',(0.,-1.,0.));
#233 = ORIENTED_EDGE('',*,*,#234,.T.);
#234 = EDGE_CURVE('',#227,#235,#237,.T.);
#235 = VERTEX_POINT('',#236);
#236 = CARTESIAN_POINT('',(-1.016,-6.35,0.));
#237 = LINE('',#238,#239);
#238 = CARTESIAN_POINT('',(-1.27,-6.096,0.));
#239 = VECTOR('',#240,1.);
#240 = DIRECTION('',(0.707106781187,-0.707106781187,0.));
#241 = ORIENTED_EDGE('',*,*,#242,.T.);
#242 = EDGE_CURVE('',#235,#243,#245,.T.);
#243 = VERTEX_POINT('',#244);
#244 = CARTESIAN_POINT('',(-1.27,-6.604,0.));
#245 = LINE('',#246,#247);
#246 = CARTESIAN_POINT('',(-1.016,-6.35,0.));
#247 = VECTOR('',#248,1.);
#248 = DIRECTION('',(-0.707106781187,-0.707106781187,0.));
#249 = ORIENTED_EDGE('',*,*,#250,.T.);
#250 = EDGE_CURVE('',#243,#251,#253,.T.);
#251 = VERTEX_POINT('',#252);
#252 = CARTESIAN_POINT('',(-1.27,-8.636,0.));
#253 = LINE('',#254,#255);
#254 = CARTESIAN_POINT('',(-1.27,-6.604,0.));
#255 = VECTOR('',#256,1.);
#256 = DIRECTION('',(0.,-1.,0.));
#257 = ORIENTED_EDGE('',*,*,#258,.T.);
#258 = EDGE_CURVE('',#251,#259,#261,.T.);
#259 = VERTEX_POINT('',#260);
#260 = CARTESIAN_POINT('',(-1.016,-8.89,0.));
#261 = LINE('',#262,#263);
#262 = CARTESIAN_POINT('',(-1.27,-8.636,0.));
#263 = VECTOR('',#264,1.);
#264 = DIRECTION('',(0.707106781187,-0.707106781187,0.));
#265 = ORIENTED_EDGE('',*,*,#266,.T.);
#266 = EDGE_CURVE('',#259,#267,#269,.T.);
#267 = VERTEX_POINT('',#268);
#268 = CARTESIAN_POINT('',(-1.27,-9.144,0.));
#269 = LINE('',#270,#271);
#270 = CARTESIAN_POINT('',(-1.016,-8.89,0.));
#271 = VECTOR('',#272,1.);
#272 = DIRECTION('',(-0.707106781187,-0.707106781187,0.));
#273 = ORIENTED_EDGE('',*,*,#274,.T.);
#274 = EDGE_CURVE('',#267,#275,#277,.T.);
#275 = VERTEX_POINT('',#276);
#276 = CARTESIAN_POINT('',(-1.27,-11.176,0.));
#277 = LINE('',#278,#279);
#278 = CARTESIAN_POINT('',(-1.27,-9.144,0.));
#279 = VECTOR('',#280,1.);
#280 = DIRECTION('',(0.,-1.,0.));
#281 = ORIENTED_EDGE('',*,*,#282,.T.);
#282 = EDGE_CURVE('',#275,#283,#285,.T.);
#283 = VERTEX_POINT('',#284);
#284 = CARTESIAN_POINT('',(-1.016,-11.43,0.));
#285 = LINE('',#286,#287);
#286 = CARTESIAN_POINT('',(-1.27,-11.176,0.));
#287 = VECTOR('',#288,1.);
#288 = DIRECTION('',(0.707106781187,-0.707106781187,0.));
#289 = ORIENTED_EDGE('',*,*,#290,.T.);
#290 = EDGE_CURVE('',#283,#291,#293,.T.);
#291 = VERTEX_POINT('',#292);
#292 = CARTESIAN_POINT('',(-1.27,-11.684,0.));
#293 = LINE('',#294,#295);
#294 = CARTESIAN_POINT('',(-1.016,-11.43,0.));
#295 = VECTOR('',#296,1.);
#296 = DIRECTION('',(-0.707106781187,-0.707106781187,0.));
#297 = ORIENTED_EDGE('',*,*,#298,.T.);
#298 = EDGE_CURVE('',#291,#299,#301,.T.);
#299 = VERTEX_POINT('',#300);
#300 = CARTESIAN_POINT('',(-1.27,-13.716,0.));
#301 = LINE('',#302,#303);
#302 = CARTESIAN_POINT('',(-1.27,-11.684,0.));
#303 = VECTOR('',#304,1.);
#304 = DIRECTION('',(0.,-1.,0.));
#305 = ORIENTED_EDGE('',*,*,#306,.T.);
#306 = EDGE_CURVE('',#299,#307,#309,.T.);
#307 = VERTEX_POINT('',#308);
#308 = CARTESIAN_POINT('',(-1.016,-13.97,0.));
#309 = LINE('',#310,#311);
#310 = CARTESIAN_POINT('',(-1.27,-13.716,0.));
#311 = VECTOR('',#312,1.);
#312 = DIRECTION('',(0.707106781187,-0.707106781187,0.));
#313 = ORIENTED_EDGE('',*,*,#314,.T.);
#314 = EDGE_CURVE('',#307,#315,#317,.T.);
#315 = VERTEX_POINT('',#316);
#316 = CARTESIAN_POINT('',(1.016,-13.97,0.));
#317 = LINE('',#318,#319);
#318 = CARTESIAN_POINT('',(-1.016,-13.97,0.));
#319 = VECTOR('',#320,1.);
#320 = DIRECTION('',(1.,0.,0.));
#321 = ORIENTED_EDGE('',*,*,#322,.T.);
#322 = EDGE_CURVE('',#315,#323,#325,.T.);
#323 = VERTEX_POINT('',#324);
#324 = CARTESIAN_POINT('',(1.27,-13.716,0.));
#325 = LINE('',#326,#327);
#326 = CARTESIAN_POINT('',(1.016,-13.97,0.));
#327 = VECTOR('',#328,1.);
#328 = DIRECTION('',(0.707106781187,0.707106781187,0.));
#329 = ORIENTED_EDGE('',*,*,#330,.T.);
#330 = EDGE_CURVE('',#323,#331,#333,.T.);
#331 = VERTEX_POINT('',#332);
#332 = CARTESIAN_POINT('',(1.27,-11.684,0.));
#333 = LINE('',#334,#335);
#334 = CARTESIAN_POINT('',(1.27,-13.716,0.));
#335 = VECTOR('',#336,1.);
#336 = DIRECTION('',(0.,1.,0.));
#337 = ORIENTED_EDGE('',*,*,#338,.T.);
#338 = EDGE_CURVE('',#331,#339,#341,.T.);
#339 = VERTEX_POINT('',#340);
#340 = CARTESIAN_POINT('',(1.016,-11.43,0.));
#341 = LINE('',#342,#343);
#342 = CARTESIAN_POINT('',(1.27,-11.684,0.));
#343 = VECTOR('',#344,1.);
#344 = DIRECTION('',(-0.707106781187,0.707106781187,0.));
#345 = ORIENTED_EDGE('',*,*,#346,.T.);
#346 = EDGE_CURVE('',#339,#347,#349,.T.);
#347 = VERTEX_POINT('',#348);
#348 = CARTESIAN_POINT('',(1.27,-11.176,0.));
#349 = LINE('',#350,#351);
#350 = CARTESIAN_POINT('',(1.016,-11.43,0.));
#351 = VECTOR('',#352,1.);
#352 = DIRECTION('',(0.707106781187,0.707106781187,0.));
#353 = ORIENTED_EDGE('',*,*,#354,.T.);
#354 = EDGE_CURVE('',#347,#355,#357,.T.);
#355 = VERTEX_POINT('',#356);
#356 = CARTESIAN_POINT('',(1.27,-9.144,0.));
#357 = LINE('',#358,#359);
#358 = CARTESIAN_POINT('',(1.27,-11.176,0.));
#359 = VECTOR('',#360,1.);
#360 = DIRECTION('',(0.,1.,0.));
#361 = ORIENTED_EDGE('',*,*,#362,.T.);
#362 = EDGE_CURVE('',#355,#363,#365,.T.);
#363 = VERTEX_POINT('',#364);
#364 = CARTESIAN_POINT('',(1.016,-8.89,0.));
#365 = LINE('',#366,#367);
#366 = CARTESIAN_POINT('',(1.27,-9.144,0.));
#367 = VECTOR('',#368,1.);
#368 = DIRECTION('',(-0.707106781187,0.707106781187,0.));
#369 = ORIENTED_EDGE('',*,*,#370,.T.);
#370 = EDGE_CURVE('',#363,#371,#373,.T.);
#371 = VERTEX_POINT('',#372);
#372 = CARTESIAN_POINT('',(1.27,-8.636,0.));
#373 = LINE('',#374,#375);
#374 = CARTESIAN_POINT('',(1.016,-8.89,0.));
#375 = VECTOR('',#376,1.);
#376 = DIRECTION('',(0.707106781187,0.707106781187,0.));
#377 = ORIENTED_EDGE('',*,*,#378,.T.);
#378 = EDGE_CURVE('',#371,#379,#381,.T.);
#379 = VERTEX_POINT('',#380);
#380 = CARTESIAN_POINT('',(1.27,-6.604,0.));
#381 = LINE('',#382,#383);
#382 = CARTESIAN_POINT('',(1.27,-8.636,0.));
#383 = VECTOR('',#384,1.);
#384 = DIRECTION('',(0.,1.,0.));
#385 = ORIENTED_EDGE('',*,*,#386,.T.);
#386 = EDGE_CURVE('',#379,#387,#389,.T.);
#387 = VERTEX_POINT('',#388);
#388 = CARTESIAN_POINT('',(1.016,-6.35,0.));
#389 = LINE('',#390,#391);
#390 = CARTESIAN_POINT('',(1.27,-6.604,0.));
#391 = VECTOR('',#392,1.);
#392 = DIRECTION('',(-0.707106781187,0.707106781187,0.));
#393 = ORIENTED_EDGE('',*,*,#394,.T.);
#394 = EDGE_CURVE('',#387,#395,#397,.T.);
#395 = VERTEX_POINT('',#396);
#396 = CARTESIAN_POINT('',(1.27,-6.096,0.));
#397 = LINE('',#398,#399);
#398 = CARTESIAN_POINT('',(1.016,-6.35,0.));
#399 = VECTOR('',#400,1.);
#400 = DIRECTION('',(0.707106781187,0.707106781187,0.));
#401 = ORIENTED_EDGE('',*,*,#402,.T.);
#402 = EDGE_CURVE('',#395,#403,#405,.T.);
#403 = VERTEX_POINT('',#404);
#404 = CARTESIAN_POINT('',(1.27,-4.064,0.));
#405 = LINE('',#406,#407);
#406 = CARTESIAN_POINT('',(1.27,-6.096,0.));
#407 = VECTOR('',#408,1.);
#408 = DIRECTION('',(0.,1.,0.));
#409 = ORIENTED_EDGE('',*,*,#410,.T.);
#410 = EDGE_CURVE('',#403,#411,#413,.T.);
#411 = VERTEX_POINT('',#412);
#412 = CARTESIAN_POINT('',(1.016,-3.81,0.));
#413 = LINE('',#414,#415);
#414 = CARTESIAN_POINT('',(1.27,-4.064,0.));
#415 = VECTOR('',#416,1.);
#416 = DIRECTION('',(-0.707106781187,0.707106781187,0.));
#417 = ORIENTED_EDGE('',*,*,#418,.T.);
#418 = EDGE_CURVE('',#411,#419,#421,.T.);
#419 = VERTEX_POINT('',#420);
#420 = CARTESIAN_POINT('',(1.27,-3.556,0.));
#421 = LINE('',#422,#423);
#422 = CARTESIAN_POINT('',(1.016,-3.81,0.));
#423 = VECTOR('',#424,1.);
#424 = DIRECTION('',(0.707106781187,0.707106781187,0.));
#425 = ORIENTED_EDGE('',*,*,#426,.T.);
#426 = EDGE_CURVE('',#419,#427,#429,.T.);
#427 = VERTEX_POINT('',#428);
#428 = CARTESIAN_POINT('',(1.27,-1.524,0.));
#429 = LINE('',#430,#431);
#430 = CARTESIAN_POINT('',(1.27,-3.556,0.));
#431 = VECTOR('',#432,1.);
#432 = DIRECTION('',(0.,1.,0.));
#433 = ORIENTED_EDGE('',*,*,#434,.T.);
#434 = EDGE_CURVE('',#427,#435,#437,.T.);
#435 = VERTEX_POINT('',#436);
#436 = CARTESIAN_POINT('',(1.016,-1.27,0.));
#437 = LINE('',#438,#439);
#438 = CARTESIAN_POINT('',(1.27,-1.524,0.));
#439 = VECTOR('',#440,1.);
#440 = DIRECTION('',(-0.707106781187,0.707106781187,0.));
#441 = ORIENTED_EDGE('',*,*,#442,.T.);
#442 = EDGE_CURVE('',#435,#443,#445,.T.);
#443 = VERTEX_POINT('',#444);
#444 = CARTESIAN_POINT('',(1.27,-1.016,0.));
#445 = LINE('',#446,#447);
#446 = CARTESIAN_POINT('',(1.016,-1.27,0.));
#447 = VECTOR('',#448,1.);
#448 = DIRECTION('',(0.707106781187,0.707106781187,0.));
#449 = ORIENTED_EDGE('',*,*,#450,.T.);
#450 = EDGE_CURVE('',#443,#451,#453,.T.);
#451 = VERTEX_POINT('',#452);
#452 = CARTESIAN_POINT('',(1.27,1.016,0.));
#453 = LINE('',#454,#455);
#454 = CARTESIAN_POINT('',(1.27,-1.016,0.));
#455 = VECTOR('',#456,1.);
#456 = DIRECTION('',(0.,1.,0.));
#457 = ORIENTED_EDGE('',*,*,#458,.T.);
#458 = EDGE_CURVE('',#451,#123,#459,.T.);
#459 = LINE('',#460,#461);
#460 = CARTESIAN_POINT('',(1.27,1.016,0.));
#461 = VECTOR('',#462,1.);
#462 = DIRECTION('',(-0.707106781187,0.707106781187,0.));
#463 = ORIENTED_EDGE('',*,*,#139,.T.);
#464 = FACE_BOUND('',#465,.F.);
#465 = EDGE_LOOP('',(#466,#476,#484,#492));
#466 = ORIENTED_EDGE('',*,*,#467,.F.);
#467 = EDGE_CURVE('',#468,#470,#472,.T.);
#468 = VERTEX_POINT('',#469);
#469 = CARTESIAN_POINT('',(0.32,-0.32,0.));
#470 = VERTEX_POINT('',#471);
#471 = CARTESIAN_POINT('',(0.32,0.32,0.));
#472 = LINE('',#473,#474);
#473 = CARTESIAN_POINT('',(0.32,-3.335,0.));
#474 = VECTOR('',#475,1.);
#475 = DIRECTION('',(0.,1.,0.));
#476 = ORIENTED_EDGE('',*,*,#477,.T.);
#477 = EDGE_CURVE('',#468,#478,#480,.T.);
#478 = VERTEX_POINT('',#479);
#479 = CARTESIAN_POINT('',(-0.32,-0.32,0.));
#480 = LINE('',#481,#482);
#481 = CARTESIAN_POINT('',(-0.16,-0.32,0.));
#482 = VECTOR('',#483,1.);
#483 = DIRECTION('',(-1.,0.,0.));
#484 = ORIENTED_EDGE('',*,*,#485,.T.);
#485 = EDGE_CURVE('',#478,#486,#488,.T.);
#486 = VERTEX_POINT('',#487);
#487 = CARTESIAN_POINT('',(-0.32,0.32,0.));
#488 = LINE('',#489,#490);
#489 = CARTESIAN_POINT('',(-0.32,-3.335,0.));
#490 = VECTOR('',#491,1.);
#491 = DIRECTION('',(0.,1.,0.));
#492 = ORIENTED_EDGE('',*,*,#493,.F.);
#493 = EDGE_CURVE('',#470,#486,#494,.T.);
#494 = LINE('',#495,#496);
#495 = CARTESIAN_POINT('',(-0.16,0.32,0.));
#496 = VECTOR('',#497,1.);
#497 = DIRECTION('',(-1.,0.,0.));
#498 = FACE_BOUND('',#499,.F.);
#499 = EDGE_LOOP('',(#500,#510,#518,#526));
#500 = ORIENTED_EDGE('',*,*,#501,.F.);
#501 = EDGE_CURVE('',#502,#504,#506,.T.);
#502 = VERTEX_POINT('',#503);
#503 = CARTESIAN_POINT('',(0.32,-5.4,0.));
#504 = VERTEX_POINT('',#505);
#505 = CARTESIAN_POINT('',(0.32,-4.76,0.));
#506 = LINE('',#507,#508);
#507 = CARTESIAN_POINT('',(0.32,-5.875,0.));
#508 = VECTOR('',#509,1.);
#509 = DIRECTION('',(0.,1.,0.));
#510 = ORIENTED_EDGE('',*,*,#511,.T.);
#511 = EDGE_CURVE('',#502,#512,#514,.T.);
#512 = VERTEX_POINT('',#513);
#513 = CARTESIAN_POINT('',(-0.32,-5.4,0.));
#514 = LINE('',#515,#516);
#515 = CARTESIAN_POINT('',(-0.16,-5.4,0.));
#516 = VECTOR('',#517,1.);
#517 = DIRECTION('',(-1.,0.,0.));
#518 = ORIENTED_EDGE('',*,*,#519,.T.);
#519 = EDGE_CURVE('',#512,#520,#522,.T.);
#520 = VERTEX_POINT('',#521);
#521 = CARTESIAN_POINT('',(-0.32,-4.76,0.));
#522 = LINE('',#523,#524);
#523 = CARTESIAN_POINT('',(-0.32,-5.875,0.));
#524 = VECTOR('',#525,1.);
#525 = DIRECTION('',(0.,1.,0.));
#526 = ORIENTED_EDGE('',*,*,#527,.F.);
#527 = EDGE_CURVE('',#504,#520,#528,.T.);
#528 = LINE('',#529,#530);
#529 = CARTESIAN_POINT('',(-0.16,-4.76,0.));
#530 = VECTOR('',#531,1.);
#531 = DIRECTION('',(-1.,0.,0.));
#532 = FACE_BOUND('',#533,.F.);
#533 = EDGE_LOOP('',(#534,#544,#552,#560));
#534 = ORIENTED_EDGE('',*,*,#535,.F.);
#535 = EDGE_CURVE('',#536,#538,#540,.T.);
#536 = VERTEX_POINT('',#537);
#537 = CARTESIAN_POINT('',(0.32,-2.86,0.));
#538 = VERTEX_POINT('',#539);
#539 = CARTESIAN_POINT('',(0.32,-2.22,0.));
#540 = LINE('',#541,#542);
#541 = CARTESIAN_POINT('',(0.32,-4.605,0.));
#542 = VECTOR('',#543,1.);
#543 = DIRECTION('',(0.,1.,0.));
#544 = ORIENTED_EDGE('',*,*,#545,.T.);
#545 = EDGE_CURVE('',#536,#546,#548,.T.);
#546 = VERTEX_POINT('',#547);
#547 = CARTESIAN_POINT('',(-0.32,-2.86,0.));
#548 = LINE('',#549,#550);
#549 = CARTESIAN_POINT('',(-0.16,-2.86,0.));
#550 = VECTOR('',#551,1.);
#551 = DIRECTION('',(-1.,0.,0.));
#552 = ORIENTED_EDGE('',*,*,#553,.T.);
#553 = EDGE_CURVE('',#546,#554,#556,.T.);
#554 = VERTEX_POINT('',#555);
#555 = CARTESIAN_POINT('',(-0.32,-2.22,0.));
#556 = LINE('',#557,#558);
#557 = CARTESIAN_POINT('',(-0.32,-4.605,0.));
#558 = VECTOR('',#559,1.);
#559 = DIRECTION('',(0.,1.,0.));
#560 = ORIENTED_EDGE('',*,*,#561,.F.);
#561 = EDGE_CURVE('',#538,#554,#562,.T.);
#562 = LINE('',#563,#564);
#563 = CARTESIAN_POINT('',(-0.16,-2.22,0.));
#564 = VECTOR('',#565,1.);
#565 = DIRECTION('',(-1.,0.,0.));
#566 = FACE_BOUND('',#567,.F.);
#567 = EDGE_LOOP('',(#568,#578,#586,#594));
#568 = ORIENTED_EDGE('',*,*,#569,.T.);
#569 = EDGE_CURVE('',#570,#572,#574,.T.);
#570 = VERTEX_POINT('',#571);
#571 = CARTESIAN_POINT('',(0.32,-13.02,0.));
#572 = VERTEX_POINT('',#573);
#573 = CARTESIAN_POINT('',(-0.32,-13.02,0.));
#574 = LINE('',#575,#576);
#575 = CARTESIAN_POINT('',(-0.16,-13.02,0.));
#576 = VECTOR('',#577,1.);
#577 = DIRECTION('',(-1.,0.,0.));
#578 = ORIENTED_EDGE('',*,*,#579,.T.);
#579 = EDGE_CURVE('',#572,#580,#582,.T.);
#580 = VERTEX_POINT('',#581);
#581 = CARTESIAN_POINT('',(-0.32,-12.38,0.));
#582 = LINE('',#583,#584);
#583 = CARTESIAN_POINT('',(-0.32,-9.685,0.));
#584 = VECTOR('',#585,1.);
#585 = DIRECTION('',(0.,1.,0.));
#586 = ORIENTED_EDGE('',*,*,#587,.F.);
#587 = EDGE_CURVE('',#588,#580,#590,.T.);
#588 = VERTEX_POINT('',#589);
#589 = CARTESIAN_POINT('',(0.32,-12.38,0.));
#590 = LINE('',#591,#592);
#591 = CARTESIAN_POINT('',(-0.16,-12.38,0.));
#592 = VECTOR('',#593,1.);
#593 = DIRECTION('',(-1.,0.,0.));
#594 = ORIENTED_EDGE('',*,*,#595,.F.);
#595 = EDGE_CURVE('',#570,#588,#596,.T.);
#596 = LINE('',#597,#598);
#597 = CARTESIAN_POINT('',(0.32,-9.685,0.));
#598 = VECTOR('',#599,1.);
#599 = DIRECTION('',(0.,1.,0.));
#600 = FACE_BOUND('',#601,.F.);
#601 = EDGE_LOOP('',(#602,#612,#620,#628));
#602 = ORIENTED_EDGE('',*,*,#603,.F.);
#603 = EDGE_CURVE('',#604,#606,#608,.T.);
#604 = VERTEX_POINT('',#605);
#605 = CARTESIAN_POINT('',(0.32,-9.84,0.));
#606 = VERTEX_POINT('',#607);
#607 = CARTESIAN_POINT('',(-0.32,-9.84,0.));
#608 = LINE('',#609,#610);
#609 = CARTESIAN_POINT('',(-0.16,-9.84,0.));
#610 = VECTOR('',#611,1.);
#611 = DIRECTION('',(-1.,0.,0.));
#612 = ORIENTED_EDGE('',*,*,#613,.F.);
#613 = EDGE_CURVE('',#614,#604,#616,.T.);
#614 = VERTEX_POINT('',#615);
#615 = CARTESIAN_POINT('',(0.32,-10.48,0.));
#616 = LINE('',#617,#618);
#617 = CARTESIAN_POINT('',(0.32,-8.415,0.));
#618 = VECTOR('',#619,1.);
#619 = DIRECTION('',(0.,1.,0.));
#620 = ORIENTED_EDGE('',*,*,#621,.T.);
#621 = EDGE_CURVE('',#614,#622,#624,.T.);
#622 = VERTEX_POINT('',#623);
#623 = CARTESIAN_POINT('',(-0.32,-10.48,0.));
#624 = LINE('',#625,#626);
#625 = CARTESIAN_POINT('',(-0.16,-10.48,0.));
#626 = VECTOR('',#627,1.);
#627 = DIRECTION('',(-1.,0.,0.));
#628 = ORIENTED_EDGE('',*,*,#629,.T.);
#629 = EDGE_CURVE('',#622,#606,#630,.T.);
#630 = LINE('',#631,#632);
#631 = CARTESIAN_POINT('',(-0.32,-8.415,0.));
#632 = VECTOR('',#633,1.);
#633 = DIRECTION('',(0.,1.,0.));
#634 = FACE_BOUND('',#635,.F.);
#635 = EDGE_LOOP('',(#636,#646,#654,#662));
#636 = ORIENTED_EDGE('',*,*,#637,.T.);
#637 = EDGE_CURVE('',#638,#640,#642,.T.);
#638 = VERTEX_POINT('',#639);
#639 = CARTESIAN_POINT('',(0.32,-7.94,0.));
#640 = VERTEX_POINT('',#641);
#641 = CARTESIAN_POINT('',(-0.32,-7.94,0.));
#642 = LINE('',#643,#644);
#643 = CARTESIAN_POINT('',(-0.16,-7.94,0.));
#644 = VECTOR('',#645,1.);
#645 = DIRECTION('',(-1.,0.,0.));
#646 = ORIENTED_EDGE('',*,*,#647,.T.);
#647 = EDGE_CURVE('',#640,#648,#650,.T.);
#648 = VERTEX_POINT('',#649);
#649 = CARTESIAN_POINT('',(-0.32,-7.3,0.));
#650 = LINE('',#651,#652);
#651 = CARTESIAN_POINT('',(-0.32,-7.145,0.));
#652 = VECTOR('',#653,1.);
#653 = DIRECTION('',(0.,1.,0.));
#654 = ORIENTED_EDGE('',*,*,#655,.F.);
#655 = EDGE_CURVE('',#656,#648,#658,.T.);
#656 = VERTEX_POINT('',#657);
#657 = CARTESIAN_POINT('',(0.32,-7.3,0.));
#658 = LINE('',#659,#660);
#659 = CARTESIAN_POINT('',(-0.16,-7.3,0.));
#660 = VECTOR('',#661,1.);
#661 = DIRECTION('',(-1.,0.,0.));
#662 = ORIENTED_EDGE('',*,*,#663,.F.);
#663 = EDGE_CURVE('',#638,#656,#664,.T.);
#664 = LINE('',#665,#666);
#665 = CARTESIAN_POINT('',(0.32,-7.145,0.));
#666 = VECTOR('',#667,1.);
#667 = DIRECTION('',(0.,1.,0.));
#668 = PLANE('',#669);
#669 = AXIS2_PLACEMENT_3D('',#670,#671,#672);
#670 = CARTESIAN_POINT('',(-1.797008255889E-17,-6.35,0.));
#671 = DIRECTION('',(0.,0.,1.));
#672 = DIRECTION('',(1.,0.,-0.));
#673 = ADVANCED_FACE('',(#674,#957,#991,#1025,#1059,#1093,#1127),#1161,
  .T.);
#674 = FACE_BOUND('',#675,.T.);
#675 = EDGE_LOOP('',(#676,#677,#678,#686,#694,#702,#710,#718,#726,#734,
    #742,#750,#758,#766,#774,#782,#790,#798,#806,#814,#822,#830,#838,
    #846,#854,#862,#870,#878,#886,#894,#902,#910,#918,#926,#934,#942,
    #950,#956));
#676 = ORIENTED_EDGE('',*,*,#92,.T.);
#677 = ORIENTED_EDGE('',*,*,#154,.T.);
#678 = ORIENTED_EDGE('',*,*,#679,.T.);
#679 = EDGE_CURVE('',#155,#680,#682,.T.);
#680 = VERTEX_POINT('',#681);
#681 = CARTESIAN_POINT('',(-1.016,-1.27,2.54));
#682 = LINE('',#683,#684);
#683 = CARTESIAN_POINT('',(-1.27,-1.016,2.54));
#684 = VECTOR('',#685,1.);
#685 = DIRECTION('',(0.707106781187,-0.707106781187,0.));
#686 = ORIENTED_EDGE('',*,*,#687,.T.);
#687 = EDGE_CURVE('',#680,#688,#690,.T.);
#688 = VERTEX_POINT('',#689);
#689 = CARTESIAN_POINT('',(-1.27,-1.524,2.54));
#690 = LINE('',#691,#692);
#691 = CARTESIAN_POINT('',(-1.016,-1.27,2.54));
#692 = VECTOR('',#693,1.);
#693 = DIRECTION('',(-0.707106781187,-0.707106781187,0.));
#694 = ORIENTED_EDGE('',*,*,#695,.T.);
#695 = EDGE_CURVE('',#688,#696,#698,.T.);
#696 = VERTEX_POINT('',#697);
#697 = CARTESIAN_POINT('',(-1.27,-3.556,2.54));
#698 = LINE('',#699,#700);
#699 = CARTESIAN_POINT('',(-1.27,-1.524,2.54));
#700 = VECTOR('',#701,1.);
#701 = DIRECTION('',(0.,-1.,0.));
#702 = ORIENTED_EDGE('',*,*,#703,.T.);
#703 = EDGE_CURVE('',#696,#704,#706,.T.);
#704 = VERTEX_POINT('',#705);
#705 = CARTESIAN_POINT('',(-1.016,-3.81,2.54));
#706 = LINE('',#707,#708);
#707 = CARTESIAN_POINT('',(-1.27,-3.556,2.54));
#708 = VECTOR('',#709,1.);
#709 = DIRECTION('',(0.707106781187,-0.707106781187,0.));
#710 = ORIENTED_EDGE('',*,*,#711,.T.);
#711 = EDGE_CURVE('',#704,#712,#714,.T.);
#712 = VERTEX_POINT('',#713);
#713 = CARTESIAN_POINT('',(-1.27,-4.064,2.54));
#714 = LINE('',#715,#716);
#715 = CARTESIAN_POINT('',(-1.016,-3.81,2.54));
#716 = VECTOR('',#717,1.);
#717 = DIRECTION('',(-0.707106781187,-0.707106781187,0.));
#718 = ORIENTED_EDGE('',*,*,#719,.T.);
#719 = EDGE_CURVE('',#712,#720,#722,.T.);
#720 = VERTEX_POINT('',#721);
#721 = CARTESIAN_POINT('',(-1.27,-6.096,2.54));
#722 = LINE('',#723,#724);
#723 = CARTESIAN_POINT('',(-1.27,-4.064,2.54));
#724 = VECTOR('',#725,1.);
#725 = DIRECTION('',(0.,-1.,0.));
#726 = ORIENTED_EDGE('',*,*,#727,.T.);
#727 = EDGE_CURVE('',#720,#728,#730,.T.);
#728 = VERTEX_POINT('',#729);
#729 = CARTESIAN_POINT('',(-1.016,-6.35,2.54));
#730 = LINE('',#731,#732);
#731 = CARTESIAN_POINT('',(-1.27,-6.096,2.54));
#732 = VECTOR('',#733,1.);
#733 = DIRECTION('',(0.707106781187,-0.707106781187,0.));
#734 = ORIENTED_EDGE('',*,*,#735,.T.);
#735 = EDGE_CURVE('',#728,#736,#738,.T.);
#736 = VERTEX_POINT('',#737);
#737 = CARTESIAN_POINT('',(-1.27,-6.604,2.54));
#738 = LINE('',#739,#740);
#739 = CARTESIAN_POINT('',(-1.016,-6.35,2.54));
#740 = VECTOR('',#741,1.);
#741 = DIRECTION('',(-0.707106781187,-0.707106781187,0.));
#742 = ORIENTED_EDGE('',*,*,#743,.T.);
#743 = EDGE_CURVE('',#736,#744,#746,.T.);
#744 = VERTEX_POINT('',#745);
#745 = CARTESIAN_POINT('',(-1.27,-8.636,2.54));
#746 = LINE('',#747,#748);
#747 = CARTESIAN_POINT('',(-1.27,-6.604,2.54));
#748 = VECTOR('',#749,1.);
#749 = DIRECTION('',(0.,-1.,0.));
#750 = ORIENTED_EDGE('',*,*,#751,.T.);
#751 = EDGE_CURVE('',#744,#752,#754,.T.);
#752 = VERTEX_POINT('',#753);
#753 = CARTESIAN_POINT('',(-1.016,-8.89,2.54));
#754 = LINE('',#755,#756);
#755 = CARTESIAN_POINT('',(-1.27,-8.636,2.54));
#756 = VECTOR('',#757,1.);
#757 = DIRECTION('',(0.707106781187,-0.707106781187,0.));
#758 = ORIENTED_EDGE('',*,*,#759,.T.);
#759 = EDGE_CURVE('',#752,#760,#762,.T.);
#760 = VERTEX_POINT('',#761);
#761 = CARTESIAN_POINT('',(-1.27,-9.144,2.54));
#762 = LINE('',#763,#764);
#763 = CARTESIAN_POINT('',(-1.016,-8.89,2.54));
#764 = VECTOR('',#765,1.);
#765 = DIRECTION('',(-0.707106781187,-0.707106781187,0.));
#766 = ORIENTED_EDGE('',*,*,#767,.T.);
#767 = EDGE_CURVE('',#760,#768,#770,.T.);
#768 = VERTEX_POINT('',#769);
#769 = CARTESIAN_POINT('',(-1.27,-11.176,2.54));
#770 = LINE('',#771,#772);
#771 = CARTESIAN_POINT('',(-1.27,-9.144,2.54));
#772 = VECTOR('',#773,1.);
#773 = DIRECTION('',(0.,-1.,0.));
#774 = ORIENTED_EDGE('',*,*,#775,.T.);
#775 = EDGE_CURVE('',#768,#776,#778,.T.);
#776 = VERTEX_POINT('',#777);
#777 = CARTESIAN_POINT('',(-1.016,-11.43,2.54));
#778 = LINE('',#779,#780);
#779 = CARTESIAN_POINT('',(-1.27,-11.176,2.54));
#780 = VECTOR('',#781,1.);
#781 = DIRECTION('',(0.707106781187,-0.707106781187,0.));
#782 = ORIENTED_EDGE('',*,*,#783,.T.);
#783 = EDGE_CURVE('',#776,#784,#786,.T.);
#784 = VERTEX_POINT('',#785);
#785 = CARTESIAN_POINT('',(-1.27,-11.684,2.54));
#786 = LINE('',#787,#788);
#787 = CARTESIAN_POINT('',(-1.016,-11.43,2.54));
#788 = VECTOR('',#789,1.);
#789 = DIRECTION('',(-0.707106781187,-0.707106781187,0.));
#790 = ORIENTED_EDGE('',*,*,#791,.T.);
#791 = EDGE_CURVE('',#784,#792,#794,.T.);
#792 = VERTEX_POINT('',#793);
#793 = CARTESIAN_POINT('',(-1.27,-13.716,2.54));
#794 = LINE('',#795,#796);
#795 = CARTESIAN_POINT('',(-1.27,-11.684,2.54));
#796 = VECTOR('',#797,1.);
#797 = DIRECTION('',(0.,-1.,0.));
#798 = ORIENTED_EDGE('',*,*,#799,.T.);
#799 = EDGE_CURVE('',#792,#800,#802,.T.);
#800 = VERTEX_POINT('',#801);
#801 = CARTESIAN_POINT('',(-1.016,-13.97,2.54));
#802 = LINE('',#803,#804);
#803 = CARTESIAN_POINT('',(-1.27,-13.716,2.54));
#804 = VECTOR('',#805,1.);
#805 = DIRECTION('',(0.707106781187,-0.707106781187,0.));
#806 = ORIENTED_EDGE('',*,*,#807,.T.);
#807 = EDGE_CURVE('',#800,#808,#810,.T.);
#808 = VERTEX_POINT('',#809);
#809 = CARTESIAN_POINT('',(1.016,-13.97,2.54));
#810 = LINE('',#811,#812);
#811 = CARTESIAN_POINT('',(-1.016,-13.97,2.54));
#812 = VECTOR('',#813,1.);
#813 = DIRECTION('',(1.,0.,0.));
#814 = ORIENTED_EDGE('',*,*,#815,.T.);
#815 = EDGE_CURVE('',#808,#816,#818,.T.);
#816 = VERTEX_POINT('',#817);
#817 = CARTESIAN_POINT('',(1.27,-13.716,2.54));
#818 = LINE('',#819,#820);
#819 = CARTESIAN_POINT('',(1.016,-13.97,2.54));
#820 = VECTOR('',#821,1.);
#821 = DIRECTION('',(0.707106781187,0.707106781187,0.));
#822 = ORIENTED_EDGE('',*,*,#823,.T.);
#823 = EDGE_CURVE('',#816,#824,#826,.T.);
#824 = VERTEX_POINT('',#825);
#825 = CARTESIAN_POINT('',(1.27,-11.684,2.54));
#826 = LINE('',#827,#828);
#827 = CARTESIAN_POINT('',(1.27,-13.716,2.54));
#828 = VECTOR('',#829,1.);
#829 = DIRECTION('',(0.,1.,0.));
#830 = ORIENTED_EDGE('',*,*,#831,.T.);
#831 = EDGE_CURVE('',#824,#832,#834,.T.);
#832 = VERTEX_POINT('',#833);
#833 = CARTESIAN_POINT('',(1.016,-11.43,2.54));
#834 = LINE('',#835,#836);
#835 = CARTESIAN_POINT('',(1.27,-11.684,2.54));
#836 = VECTOR('',#837,1.);
#837 = DIRECTION('',(-0.707106781187,0.707106781187,0.));
#838 = ORIENTED_EDGE('',*,*,#839,.T.);
#839 = EDGE_CURVE('',#832,#840,#842,.T.);
#840 = VERTEX_POINT('',#841);
#841 = CARTESIAN_POINT('',(1.27,-11.176,2.54));
#842 = LINE('',#843,#844);
#843 = CARTESIAN_POINT('',(1.016,-11.43,2.54));
#844 = VECTOR('',#845,1.);
#845 = DIRECTION('',(0.707106781187,0.707106781187,0.));
#846 = ORIENTED_EDGE('',*,*,#847,.T.);
#847 = EDGE_CURVE('',#840,#848,#850,.T.);
#848 = VERTEX_POINT('',#849);
#849 = CARTESIAN_POINT('',(1.27,-9.144,2.54));
#850 = LINE('',#851,#852);
#851 = CARTESIAN_POINT('',(1.27,-11.176,2.54));
#852 = VECTOR('',#853,1.);
#853 = DIRECTION('',(0.,1.,0.));
#854 = ORIENTED_EDGE('',*,*,#855,.T.);
#855 = EDGE_CURVE('',#848,#856,#858,.T.);
#856 = VERTEX_POINT('',#857);
#857 = CARTESIAN_POINT('',(1.016,-8.89,2.54));
#858 = LINE('',#859,#860);
#859 = CARTESIAN_POINT('',(1.27,-9.144,2.54));
#860 = VECTOR('',#861,1.);
#861 = DIRECTION('',(-0.707106781187,0.707106781187,0.));
#862 = ORIENTED_EDGE('',*,*,#863,.T.);
#863 = EDGE_CURVE('',#856,#864,#866,.T.);
#864 = VERTEX_POINT('',#865);
#865 = CARTESIAN_POINT('',(1.27,-8.636,2.54));
#866 = LINE('',#867,#868);
#867 = CARTESIAN_POINT('',(1.016,-8.89,2.54));
#868 = VECTOR('',#869,1.);
#869 = DIRECTION('',(0.707106781187,0.707106781187,0.));
#870 = ORIENTED_EDGE('',*,*,#871,.T.);
#871 = EDGE_CURVE('',#864,#872,#874,.T.);
#872 = VERTEX_POINT('',#873);
#873 = CARTESIAN_POINT('',(1.27,-6.604,2.54));
#874 = LINE('',#875,#876);
#875 = CARTESIAN_POINT('',(1.27,-8.636,2.54));
#876 = VECTOR('',#877,1.);
#877 = DIRECTION('',(0.,1.,0.));
#878 = ORIENTED_EDGE('',*,*,#879,.T.);
#879 = EDGE_CURVE('',#872,#880,#882,.T.);
#880 = VERTEX_POINT('',#881);
#881 = CARTESIAN_POINT('',(1.016,-6.35,2.54));
#882 = LINE('',#883,#884);
#883 = CARTESIAN_POINT('',(1.27,-6.604,2.54));
#884 = VECTOR('',#885,1.);
#885 = DIRECTION('',(-0.707106781187,0.707106781187,0.));
#886 = ORIENTED_EDGE('',*,*,#887,.T.);
#887 = EDGE_CURVE('',#880,#888,#890,.T.);
#888 = VERTEX_POINT('',#889);
#889 = CARTESIAN_POINT('',(1.27,-6.096,2.54));
#890 = LINE('',#891,#892);
#891 = CARTESIAN_POINT('',(1.016,-6.35,2.54));
#892 = VECTOR('',#893,1.);
#893 = DIRECTION('',(0.707106781187,0.707106781187,0.));
#894 = ORIENTED_EDGE('',*,*,#895,.T.);
#895 = EDGE_CURVE('',#888,#896,#898,.T.);
#896 = VERTEX_POINT('',#897);
#897 = CARTESIAN_POINT('',(1.27,-4.064,2.54));
#898 = LINE('',#899,#900);
#899 = CARTESIAN_POINT('',(1.27,-6.096,2.54));
#900 = VECTOR('',#901,1.);
#901 = DIRECTION('',(0.,1.,0.));
#902 = ORIENTED_EDGE('',*,*,#903,.T.);
#903 = EDGE_CURVE('',#896,#904,#906,.T.);
#904 = VERTEX_POINT('',#905);
#905 = CARTESIAN_POINT('',(1.016,-3.81,2.54));
#906 = LINE('',#907,#908);
#907 = CARTESIAN_POINT('',(1.27,-4.064,2.54));
#908 = VECTOR('',#909,1.);
#909 = DIRECTION('',(-0.707106781187,0.707106781187,0.));
#910 = ORIENTED_EDGE('',*,*,#911,.T.);
#911 = EDGE_CURVE('',#904,#912,#914,.T.);
#912 = VERTEX_POINT('',#913);
#913 = CARTESIAN_POINT('',(1.27,-3.556,2.54));
#914 = LINE('',#915,#916);
#915 = CARTESIAN_POINT('',(1.016,-3.81,2.54));
#916 = VECTOR('',#917,1.);
#917 = DIRECTION('',(0.707106781187,0.707106781187,0.));
#918 = ORIENTED_EDGE('',*,*,#919,.T.);
#919 = EDGE_CURVE('',#912,#920,#922,.T.);
#920 = VERTEX_POINT('',#921);
#921 = CARTESIAN_POINT('',(1.27,-1.524,2.54));
#922 = LINE('',#923,#924);
#923 = CARTESIAN_POINT('',(1.27,-3.556,2.54));
#924 = VECTOR('',#925,1.);
#925 = DIRECTION('',(0.,1.,0.));
#926 = ORIENTED_EDGE('',*,*,#927,.T.);
#927 = EDGE_CURVE('',#920,#928,#930,.T.);
#928 = VERTEX_POINT('',#929);
#929 = CARTESIAN_POINT('',(1.016,-1.27,2.54));
#930 = LINE('',#931,#932);
#931 = CARTESIAN_POINT('',(1.27,-1.524,2.54));
#932 = VECTOR('',#933,1.);
#933 = DIRECTION('',(-0.707106781187,0.707106781187,0.));
#934 = ORIENTED_EDGE('',*,*,#935,.T.);
#935 = EDGE_CURVE('',#928,#936,#938,.T.);
#936 = VERTEX_POINT('',#937);
#937 = CARTESIAN_POINT('',(1.27,-1.016,2.54));
#938 = LINE('',#939,#940);
#939 = CARTESIAN_POINT('',(1.016,-1.27,2.54));
#940 = VECTOR('',#941,1.);
#941 = DIRECTION('',(0.707106781187,0.707106781187,0.));
#942 = ORIENTED_EDGE('',*,*,#943,.T.);
#943 = EDGE_CURVE('',#936,#944,#946,.T.);
#944 = VERTEX_POINT('',#945);
#945 = CARTESIAN_POINT('',(1.27,1.016,2.54));
#946 = LINE('',#947,#948);
#947 = CARTESIAN_POINT('',(1.27,-1.016,2.54));
#948 = VECTOR('',#949,1.);
#949 = DIRECTION('',(0.,1.,0.));
#950 = ORIENTED_EDGE('',*,*,#951,.T.);
#951 = EDGE_CURVE('',#944,#125,#952,.T.);
#952 = LINE('',#953,#954);
#953 = CARTESIAN_POINT('',(1.27,1.016,2.54));
#954 = VECTOR('',#955,1.);
#955 = DIRECTION('',(-0.707106781187,0.707106781187,0.));
#956 = ORIENTED_EDGE('',*,*,#132,.T.);
#957 = FACE_BOUND('',#958,.T.);
#958 = EDGE_LOOP('',(#959,#969,#977,#985));
#959 = ORIENTED_EDGE('',*,*,#960,.F.);
#960 = EDGE_CURVE('',#961,#963,#965,.T.);
#961 = VERTEX_POINT('',#962);
#962 = CARTESIAN_POINT('',(0.32,-0.32,2.54));
#963 = VERTEX_POINT('',#964);
#964 = CARTESIAN_POINT('',(0.32,0.32,2.54));
#965 = LINE('',#966,#967);
#966 = CARTESIAN_POINT('',(0.32,-3.335,2.54));
#967 = VECTOR('',#968,1.);
#968 = DIRECTION('',(0.,1.,0.));
#969 = ORIENTED_EDGE('',*,*,#970,.T.);
#970 = EDGE_CURVE('',#961,#971,#973,.T.);
#971 = VERTEX_POINT('',#972);
#972 = CARTESIAN_POINT('',(-0.32,-0.32,2.54));
#973 = LINE('',#974,#975);
#974 = CARTESIAN_POINT('',(-0.16,-0.32,2.54));
#975 = VECTOR('',#976,1.);
#976 = DIRECTION('',(-1.,0.,0.));
#977 = ORIENTED_EDGE('',*,*,#978,.T.);
#978 = EDGE_CURVE('',#971,#979,#981,.T.);
#979 = VERTEX_POINT('',#980);
#980 = CARTESIAN_POINT('',(-0.32,0.32,2.54));
#981 = LINE('',#982,#983);
#982 = CARTESIAN_POINT('',(-0.32,-3.335,2.54));
#983 = VECTOR('',#984,1.);
#984 = DIRECTION('',(0.,1.,0.));
#985 = ORIENTED_EDGE('',*,*,#986,.F.);
#986 = EDGE_CURVE('',#963,#979,#987,.T.);
#987 = LINE('',#988,#989);
#988 = CARTESIAN_POINT('',(-0.16,0.32,2.54));
#989 = VECTOR('',#990,1.);
#990 = DIRECTION('',(-1.,0.,0.));
#991 = FACE_BOUND('',#992,.T.);
#992 = EDGE_LOOP('',(#993,#1003,#1011,#1019));
#993 = ORIENTED_EDGE('',*,*,#994,.F.);
#994 = EDGE_CURVE('',#995,#997,#999,.T.);
#995 = VERTEX_POINT('',#996);
#996 = CARTESIAN_POINT('',(0.32,-5.4,2.54));
#997 = VERTEX_POINT('',#998);
#998 = CARTESIAN_POINT('',(0.32,-4.76,2.54));
#999 = LINE('',#1000,#1001);
#1000 = CARTESIAN_POINT('',(0.32,-5.875,2.54));
#1001 = VECTOR('',#1002,1.);
#1002 = DIRECTION('',(0.,1.,0.));
#1003 = ORIENTED_EDGE('',*,*,#1004,.T.);
#1004 = EDGE_CURVE('',#995,#1005,#1007,.T.);
#1005 = VERTEX_POINT('',#1006);
#1006 = CARTESIAN_POINT('',(-0.32,-5.4,2.54));
#1007 = LINE('',#1008,#1009);
#1008 = CARTESIAN_POINT('',(-0.16,-5.4,2.54));
#1009 = VECTOR('',#1010,1.);
#1010 = DIRECTION('',(-1.,0.,0.));
#1011 = ORIENTED_EDGE('',*,*,#1012,.T.);
#1012 = EDGE_CURVE('',#1005,#1013,#1015,.T.);
#1013 = VERTEX_POINT('',#1014);
#1014 = CARTESIAN_POINT('',(-0.32,-4.76,2.54));
#1015 = LINE('',#1016,#1017);
#1016 = CARTESIAN_POINT('',(-0.32,-5.875,2.54));
#1017 = VECTOR('',#1018,1.);
#1018 = DIRECTION('',(0.,1.,0.));
#1019 = ORIENTED_EDGE('',*,*,#1020,.F.);
#1020 = EDGE_CURVE('',#997,#1013,#1021,.T.);
#1021 = LINE('',#1022,#1023);
#1022 = CARTESIAN_POINT('',(-0.16,-4.76,2.54));
#1023 = VECTOR('',#1024,1.);
#1024 = DIRECTION('',(-1.,0.,0.));
#1025 = FACE_BOUND('',#1026,.T.);
#1026 = EDGE_LOOP('',(#1027,#1037,#1045,#1053));
#1027 = ORIENTED_EDGE('',*,*,#1028,.F.);
#1028 = EDGE_CURVE('',#1029,#1031,#1033,.T.);
#1029 = VERTEX_POINT('',#1030);
#1030 = CARTESIAN_POINT('',(0.32,-2.86,2.54));
#1031 = VERTEX_POINT('',#1032);
#1032 = CARTESIAN_POINT('',(0.32,-2.22,2.54));
#1033 = LINE('',#1034,#1035);
#1034 = CARTESIAN_POINT('',(0.32,-4.605,2.54));
#1035 = VECTOR('',#1036,1.);
#1036 = DIRECTION('',(0.,1.,0.));
#1037 = ORIENTED_EDGE('',*,*,#1038,.T.);
#1038 = EDGE_CURVE('',#1029,#1039,#1041,.T.);
#1039 = VERTEX_POINT('',#1040);
#1040 = CARTESIAN_POINT('',(-0.32,-2.86,2.54));
#1041 = LINE('',#1042,#1043);
#1042 = CARTESIAN_POINT('',(-0.16,-2.86,2.54));
#1043 = VECTOR('',#1044,1.);
#1044 = DIRECTION('',(-1.,0.,0.));
#1045 = ORIENTED_EDGE('',*,*,#1046,.T.);
#1046 = EDGE_CURVE('',#1039,#1047,#1049,.T.);
#1047 = VERTEX_POINT('',#1048);
#1048 = CARTESIAN_POINT('',(-0.32,-2.22,2.54));
#1049 = LINE('',#1050,#1051);
#1050 = CARTESIAN_POINT('',(-0.32,-4.605,2.54));
#1051 = VECTOR('',#1052,1.);
#1052 = DIRECTION('',(0.,1.,0.));
#1053 = ORIENTED_EDGE('',*,*,#1054,.F.);
#1054 = EDGE_CURVE('',#1031,#1047,#1055,.T.);
#1055 = LINE('',#1056,#1057);
#1056 = CARTESIAN_POINT('',(-0.16,-2.22,2.54));
#1057 = VECTOR('',#1058,1.);
#1058 = DIRECTION('',(-1.,0.,0.));
#1059 = FACE_BOUND('',#1060,.T.);
#1060 = EDGE_LOOP('',(#1061,#1071,#1079,#1087));
#1061 = ORIENTED_EDGE('',*,*,#1062,.T.);
#1062 = EDGE_CURVE('',#1063,#1065,#1067,.T.);
#1063 = VERTEX_POINT('',#1064);
#1064 = CARTESIAN_POINT('',(0.32,-13.02,2.54));
#1065 = VERTEX_POINT('',#1066);
#1066 = CARTESIAN_POINT('',(-0.32,-13.02,2.54));
#1067 = LINE('',#1068,#1069);
#1068 = CARTESIAN_POINT('',(-0.16,-13.02,2.54));
#1069 = VECTOR('',#1070,1.);
#1070 = DIRECTION('',(-1.,0.,0.));
#1071 = ORIENTED_EDGE('',*,*,#1072,.T.);
#1072 = EDGE_CURVE('',#1065,#1073,#1075,.T.);
#1073 = VERTEX_POINT('',#1074);
#1074 = CARTESIAN_POINT('',(-0.32,-12.38,2.54));
#1075 = LINE('',#1076,#1077);
#1076 = CARTESIAN_POINT('',(-0.32,-9.685,2.54));
#1077 = VECTOR('',#1078,1.);
#1078 = DIRECTION('',(0.,1.,0.));
#1079 = ORIENTED_EDGE('',*,*,#1080,.F.);
#1080 = EDGE_CURVE('',#1081,#1073,#1083,.T.);
#1081 = VERTEX_POINT('',#1082);
#1082 = CARTESIAN_POINT('',(0.32,-12.38,2.54));
#1083 = LINE('',#1084,#1085);
#1084 = CARTESIAN_POINT('',(-0.16,-12.38,2.54));
#1085 = VECTOR('',#1086,1.);
#1086 = DIRECTION('',(-1.,0.,0.));
#1087 = ORIENTED_EDGE('',*,*,#1088,.F.);
#1088 = EDGE_CURVE('',#1063,#1081,#1089,.T.);
#1089 = LINE('',#1090,#1091);
#1090 = CARTESIAN_POINT('',(0.32,-9.685,2.54));
#1091 = VECTOR('',#1092,1.);
#1092 = DIRECTION('',(0.,1.,0.));
#1093 = FACE_BOUND('',#1094,.T.);
#1094 = EDGE_LOOP('',(#1095,#1105,#1113,#1121));
#1095 = ORIENTED_EDGE('',*,*,#1096,.F.);
#1096 = EDGE_CURVE('',#1097,#1099,#1101,.T.);
#1097 = VERTEX_POINT('',#1098);
#1098 = CARTESIAN_POINT('',(0.32,-9.84,2.54));
#1099 = VERTEX_POINT('',#1100);
#1100 = CARTESIAN_POINT('',(-0.32,-9.84,2.54));
#1101 = LINE('',#1102,#1103);
#1102 = CARTESIAN_POINT('',(-0.16,-9.84,2.54));
#1103 = VECTOR('',#1104,1.);
#1104 = DIRECTION('',(-1.,0.,0.));
#1105 = ORIENTED_EDGE('',*,*,#1106,.F.);
#1106 = EDGE_CURVE('',#1107,#1097,#1109,.T.);
#1107 = VERTEX_POINT('',#1108);
#1108 = CARTESIAN_POINT('',(0.32,-10.48,2.54));
#1109 = LINE('',#1110,#1111);
#1110 = CARTESIAN_POINT('',(0.32,-8.415,2.54));
#1111 = VECTOR('',#1112,1.);
#1112 = DIRECTION('',(0.,1.,0.));
#1113 = ORIENTED_EDGE('',*,*,#1114,.T.);
#1114 = EDGE_CURVE('',#1107,#1115,#1117,.T.);
#1115 = VERTEX_POINT('',#1116);
#1116 = CARTESIAN_POINT('',(-0.32,-10.48,2.54));
#1117 = LINE('',#1118,#1119);
#1118 = CARTESIAN_POINT('',(-0.16,-10.48,2.54));
#1119 = VECTOR('',#1120,1.);
#1120 = DIRECTION('',(-1.,0.,0.));
#1121 = ORIENTED_EDGE('',*,*,#1122,.T.);
#1122 = EDGE_CURVE('',#1115,#1099,#1123,.T.);
#1123 = LINE('',#1124,#1125);
#1124 = CARTESIAN_POINT('',(-0.32,-8.415,2.54));
#1125 = VECTOR('',#1126,1.);
#1126 = DIRECTION('',(0.,1.,0.));
#1127 = FACE_BOUND('',#1128,.T.);
#1128 = EDGE_LOOP('',(#1129,#1139,#1147,#1155));
#1129 = ORIENTED_EDGE('',*,*,#1130,.T.);
#1130 = EDGE_CURVE('',#1131,#1133,#1135,.T.);
#1131 = VERTEX_POINT('',#1132);
#1132 = CARTESIAN_POINT('',(0.32,-7.94,2.54));
#1133 = VERTEX_POINT('',#1134);
#1134 = CARTESIAN_POINT('',(-0.32,-7.94,2.54));
#1135 = LINE('',#1136,#1137);
#1136 = CARTESIAN_POINT('',(-0.16,-7.94,2.54));
#1137 = VECTOR('',#1138,1.);
#1138 = DIRECTION('',(-1.,0.,0.));
#1139 = ORIENTED_EDGE('',*,*,#1140,.T.);
#1140 = EDGE_CURVE('',#1133,#1141,#1143,.T.);
#1141 = VERTEX_POINT('',#1142);
#1142 = CARTESIAN_POINT('',(-0.32,-7.3,2.54));
#1143 = LINE('',#1144,#1145);
#1144 = CARTESIAN_POINT('',(-0.32,-7.145,2.54));
#1145 = VECTOR('',#1146,1.);
#1146 = DIRECTION('',(0.,1.,0.));
#1147 = ORIENTED_EDGE('',*,*,#1148,.F.);
#1148 = EDGE_CURVE('',#1149,#1141,#1151,.T.);
#1149 = VERTEX_POINT('',#1150);
#1150 = CARTESIAN_POINT('',(0.32,-7.3,2.54));
#1151 = LINE('',#1152,#1153);
#1152 = CARTESIAN_POINT('',(-0.16,-7.3,2.54));
#1153 = VECTOR('',#1154,1.);
#1154 = DIRECTION('',(-1.,0.,0.));
#1155 = ORIENTED_EDGE('',*,*,#1156,.F.);
#1156 = EDGE_CURVE('',#1131,#1149,#1157,.T.);
#1157 = LINE('',#1158,#1159);
#1158 = CARTESIAN_POINT('',(0.32,-7.145,2.54));
#1159 = VECTOR('',#1160,1.);
#1160 = DIRECTION('',(0.,1.,0.));
#1161 = PLANE('',#1162);
#1162 = AXIS2_PLACEMENT_3D('',#1163,#1164,#1165);
#1163 = CARTESIAN_POINT('',(-1.797008255889E-17,-6.35,2.54));
#1164 = DIRECTION('',(0.,0.,1.));
#1165 = DIRECTION('',(1.,0.,-0.));
#1166 = ADVANCED_FACE('',(#1167),#1178,.F.);
#1167 = FACE_BOUND('',#1168,.F.);
#1168 = EDGE_LOOP('',(#1169,#1175,#1176,#1177));
#1169 = ORIENTED_EDGE('',*,*,#1170,.T.);
#1170 = EDGE_CURVE('',#451,#944,#1171,.T.);
#1171 = LINE('',#1172,#1173);
#1172 = CARTESIAN_POINT('',(1.27,1.016,0.));
#1173 = VECTOR('',#1174,1.);
#1174 = DIRECTION('',(0.,0.,1.));
#1175 = ORIENTED_EDGE('',*,*,#951,.T.);
#1176 = ORIENTED_EDGE('',*,*,#122,.F.);
#1177 = ORIENTED_EDGE('',*,*,#458,.F.);
#1178 = PLANE('',#1179);
#1179 = AXIS2_PLACEMENT_3D('',#1180,#1181,#1182);
#1180 = CARTESIAN_POINT('',(1.27,1.016,0.));
#1181 = DIRECTION('',(-0.707106781187,-0.707106781187,0.));
#1182 = DIRECTION('',(-0.707106781187,0.707106781187,0.));
#1183 = ADVANCED_FACE('',(#1184),#1195,.F.);
#1184 = FACE_BOUND('',#1185,.F.);
#1185 = EDGE_LOOP('',(#1186,#1187,#1188,#1194));
#1186 = ORIENTED_EDGE('',*,*,#162,.T.);
#1187 = ORIENTED_EDGE('',*,*,#679,.T.);
#1188 = ORIENTED_EDGE('',*,*,#1189,.F.);
#1189 = EDGE_CURVE('',#187,#680,#1190,.T.);
#1190 = LINE('',#1191,#1192);
#1191 = CARTESIAN_POINT('',(-1.016,-1.27,0.));
#1192 = VECTOR('',#1193,1.);
#1193 = DIRECTION('',(0.,0.,1.));
#1194 = ORIENTED_EDGE('',*,*,#186,.F.);
#1195 = PLANE('',#1196);
#1196 = AXIS2_PLACEMENT_3D('',#1197,#1198,#1199);
#1197 = CARTESIAN_POINT('',(-1.27,-1.016,0.));
#1198 = DIRECTION('',(0.707106781187,0.707106781187,0.));
#1199 = DIRECTION('',(0.707106781187,-0.707106781187,0.));
#1200 = ADVANCED_FACE('',(#1201),#1212,.F.);
#1201 = FACE_BOUND('',#1202,.F.);
#1202 = EDGE_LOOP('',(#1203,#1209,#1210,#1211));
#1203 = ORIENTED_EDGE('',*,*,#1204,.T.);
#1204 = EDGE_CURVE('',#443,#936,#1205,.T.);
#1205 = LINE('',#1206,#1207);
#1206 = CARTESIAN_POINT('',(1.27,-1.016,0.));
#1207 = VECTOR('',#1208,1.);
#1208 = DIRECTION('',(0.,0.,1.));
#1209 = ORIENTED_EDGE('',*,*,#943,.T.);
#1210 = ORIENTED_EDGE('',*,*,#1170,.F.);
#1211 = ORIENTED_EDGE('',*,*,#450,.F.);
#1212 = PLANE('',#1213);
#1213 = AXIS2_PLACEMENT_3D('',#1214,#1215,#1216);
#1214 = CARTESIAN_POINT('',(1.27,-1.016,0.));
#1215 = DIRECTION('',(-1.,0.,0.));
#1216 = DIRECTION('',(0.,1.,0.));
#1217 = ADVANCED_FACE('',(#1218),#1229,.F.);
#1218 = FACE_BOUND('',#1219,.F.);
#1219 = EDGE_LOOP('',(#1220,#1221,#1222,#1228));
#1220 = ORIENTED_EDGE('',*,*,#1189,.T.);
#1221 = ORIENTED_EDGE('',*,*,#687,.T.);
#1222 = ORIENTED_EDGE('',*,*,#1223,.F.);
#1223 = EDGE_CURVE('',#195,#688,#1224,.T.);
#1224 = LINE('',#1225,#1226);
#1225 = CARTESIAN_POINT('',(-1.27,-1.524,0.));
#1226 = VECTOR('',#1227,1.);
#1227 = DIRECTION('',(0.,0.,1.));
#1228 = ORIENTED_EDGE('',*,*,#194,.F.);
#1229 = PLANE('',#1230);
#1230 = AXIS2_PLACEMENT_3D('',#1231,#1232,#1233);
#1231 = CARTESIAN_POINT('',(-1.016,-1.27,0.));
#1232 = DIRECTION('',(0.707106781187,-0.707106781187,0.));
#1233 = DIRECTION('',(-0.707106781187,-0.707106781187,0.));
#1234 = ADVANCED_FACE('',(#1235),#1246,.F.);
#1235 = FACE_BOUND('',#1236,.F.);
#1236 = EDGE_LOOP('',(#1237,#1243,#1244,#1245));
#1237 = ORIENTED_EDGE('',*,*,#1238,.T.);
#1238 = EDGE_CURVE('',#435,#928,#1239,.T.);
#1239 = LINE('',#1240,#1241);
#1240 = CARTESIAN_POINT('',(1.016,-1.27,0.));
#1241 = VECTOR('',#1242,1.);
#1242 = DIRECTION('',(0.,0.,1.));
#1243 = ORIENTED_EDGE('',*,*,#935,.T.);
#1244 = ORIENTED_EDGE('',*,*,#1204,.F.);
#1245 = ORIENTED_EDGE('',*,*,#442,.F.);
#1246 = PLANE('',#1247);
#1247 = AXIS2_PLACEMENT_3D('',#1248,#1249,#1250);
#1248 = CARTESIAN_POINT('',(1.016,-1.27,0.));
#1249 = DIRECTION('',(-0.707106781187,0.707106781187,0.));
#1250 = DIRECTION('',(0.707106781187,0.707106781187,0.));
#1251 = ADVANCED_FACE('',(#1252),#1263,.F.);
#1252 = FACE_BOUND('',#1253,.F.);
#1253 = EDGE_LOOP('',(#1254,#1255,#1256,#1262));
#1254 = ORIENTED_EDGE('',*,*,#1223,.T.);
#1255 = ORIENTED_EDGE('',*,*,#695,.T.);
#1256 = ORIENTED_EDGE('',*,*,#1257,.F.);
#1257 = EDGE_CURVE('',#203,#696,#1258,.T.);
#1258 = LINE('',#1259,#1260);
#1259 = CARTESIAN_POINT('',(-1.27,-3.556,0.));
#1260 = VECTOR('',#1261,1.);
#1261 = DIRECTION('',(0.,0.,1.));
#1262 = ORIENTED_EDGE('',*,*,#202,.F.);
#1263 = PLANE('',#1264);
#1264 = AXIS2_PLACEMENT_3D('',#1265,#1266,#1267);
#1265 = CARTESIAN_POINT('',(-1.27,-1.524,0.));
#1266 = DIRECTION('',(1.,0.,0.));
#1267 = DIRECTION('',(0.,-1.,0.));
#1268 = ADVANCED_FACE('',(#1269),#1280,.F.);
#1269 = FACE_BOUND('',#1270,.F.);
#1270 = EDGE_LOOP('',(#1271,#1277,#1278,#1279));
#1271 = ORIENTED_EDGE('',*,*,#1272,.T.);
#1272 = EDGE_CURVE('',#427,#920,#1273,.T.);
#1273 = LINE('',#1274,#1275);
#1274 = CARTESIAN_POINT('',(1.27,-1.524,0.));
#1275 = VECTOR('',#1276,1.);
#1276 = DIRECTION('',(0.,0.,1.));
#1277 = ORIENTED_EDGE('',*,*,#927,.T.);
#1278 = ORIENTED_EDGE('',*,*,#1238,.F.);
#1279 = ORIENTED_EDGE('',*,*,#434,.F.);
#1280 = PLANE('',#1281);
#1281 = AXIS2_PLACEMENT_3D('',#1282,#1283,#1284);
#1282 = CARTESIAN_POINT('',(1.27,-1.524,0.));
#1283 = DIRECTION('',(-0.707106781187,-0.707106781187,0.));
#1284 = DIRECTION('',(-0.707106781187,0.707106781187,0.));
#1285 = ADVANCED_FACE('',(#1286),#1297,.F.);
#1286 = FACE_BOUND('',#1287,.F.);
#1287 = EDGE_LOOP('',(#1288,#1289,#1290,#1296));
#1288 = ORIENTED_EDGE('',*,*,#1257,.T.);
#1289 = ORIENTED_EDGE('',*,*,#703,.T.);
#1290 = ORIENTED_EDGE('',*,*,#1291,.F.);
#1291 = EDGE_CURVE('',#211,#704,#1292,.T.);
#1292 = LINE('',#1293,#1294);
#1293 = CARTESIAN_POINT('',(-1.016,-3.81,0.));
#1294 = VECTOR('',#1295,1.);
#1295 = DIRECTION('',(0.,0.,1.));
#1296 = ORIENTED_EDGE('',*,*,#210,.F.);
#1297 = PLANE('',#1298);
#1298 = AXIS2_PLACEMENT_3D('',#1299,#1300,#1301);
#1299 = CARTESIAN_POINT('',(-1.27,-3.556,0.));
#1300 = DIRECTION('',(0.707106781187,0.707106781187,0.));
#1301 = DIRECTION('',(0.707106781187,-0.707106781187,0.));
#1302 = ADVANCED_FACE('',(#1303),#1314,.F.);
#1303 = FACE_BOUND('',#1304,.F.);
#1304 = EDGE_LOOP('',(#1305,#1311,#1312,#1313));
#1305 = ORIENTED_EDGE('',*,*,#1306,.T.);
#1306 = EDGE_CURVE('',#419,#912,#1307,.T.);
#1307 = LINE('',#1308,#1309);
#1308 = CARTESIAN_POINT('',(1.27,-3.556,0.));
#1309 = VECTOR('',#1310,1.);
#1310 = DIRECTION('',(0.,0.,1.));
#1311 = ORIENTED_EDGE('',*,*,#919,.T.);
#1312 = ORIENTED_EDGE('',*,*,#1272,.F.);
#1313 = ORIENTED_EDGE('',*,*,#426,.F.);
#1314 = PLANE('',#1315);
#1315 = AXIS2_PLACEMENT_3D('',#1316,#1317,#1318);
#1316 = CARTESIAN_POINT('',(1.27,-3.556,0.));
#1317 = DIRECTION('',(-1.,0.,0.));
#1318 = DIRECTION('',(0.,1.,0.));
#1319 = ADVANCED_FACE('',(#1320),#1331,.F.);
#1320 = FACE_BOUND('',#1321,.F.);
#1321 = EDGE_LOOP('',(#1322,#1323,#1324,#1330));
#1322 = ORIENTED_EDGE('',*,*,#1291,.T.);
#1323 = ORIENTED_EDGE('',*,*,#711,.T.);
#1324 = ORIENTED_EDGE('',*,*,#1325,.F.);
#1325 = EDGE_CURVE('',#219,#712,#1326,.T.);
#1326 = LINE('',#1327,#1328);
#1327 = CARTESIAN_POINT('',(-1.27,-4.064,0.));
#1328 = VECTOR('',#1329,1.);
#1329 = DIRECTION('',(0.,0.,1.));
#1330 = ORIENTED_EDGE('',*,*,#218,.F.);
#1331 = PLANE('',#1332);
#1332 = AXIS2_PLACEMENT_3D('',#1333,#1334,#1335);
#1333 = CARTESIAN_POINT('',(-1.016,-3.81,0.));
#1334 = DIRECTION('',(0.707106781187,-0.707106781187,0.));
#1335 = DIRECTION('',(-0.707106781187,-0.707106781187,0.));
#1336 = ADVANCED_FACE('',(#1337),#1348,.F.);
#1337 = FACE_BOUND('',#1338,.F.);
#1338 = EDGE_LOOP('',(#1339,#1345,#1346,#1347));
#1339 = ORIENTED_EDGE('',*,*,#1340,.T.);
#1340 = EDGE_CURVE('',#411,#904,#1341,.T.);
#1341 = LINE('',#1342,#1343);
#1342 = CARTESIAN_POINT('',(1.016,-3.81,0.));
#1343 = VECTOR('',#1344,1.);
#1344 = DIRECTION('',(0.,0.,1.));
#1345 = ORIENTED_EDGE('',*,*,#911,.T.);
#1346 = ORIENTED_EDGE('',*,*,#1306,.F.);
#1347 = ORIENTED_EDGE('',*,*,#418,.F.);
#1348 = PLANE('',#1349);
#1349 = AXIS2_PLACEMENT_3D('',#1350,#1351,#1352);
#1350 = CARTESIAN_POINT('',(1.016,-3.81,0.));
#1351 = DIRECTION('',(-0.707106781187,0.707106781187,0.));
#1352 = DIRECTION('',(0.707106781187,0.707106781187,0.));
#1353 = ADVANCED_FACE('',(#1354),#1365,.F.);
#1354 = FACE_BOUND('',#1355,.F.);
#1355 = EDGE_LOOP('',(#1356,#1357,#1358,#1364));
#1356 = ORIENTED_EDGE('',*,*,#1325,.T.);
#1357 = ORIENTED_EDGE('',*,*,#719,.T.);
#1358 = ORIENTED_EDGE('',*,*,#1359,.F.);
#1359 = EDGE_CURVE('',#227,#720,#1360,.T.);
#1360 = LINE('',#1361,#1362);
#1361 = CARTESIAN_POINT('',(-1.27,-6.096,0.));
#1362 = VECTOR('',#1363,1.);
#1363 = DIRECTION('',(0.,0.,1.));
#1364 = ORIENTED_EDGE('',*,*,#226,.F.);
#1365 = PLANE('',#1366);
#1366 = AXIS2_PLACEMENT_3D('',#1367,#1368,#1369);
#1367 = CARTESIAN_POINT('',(-1.27,-4.064,0.));
#1368 = DIRECTION('',(1.,0.,0.));
#1369 = DIRECTION('',(0.,-1.,0.));
#1370 = ADVANCED_FACE('',(#1371),#1382,.F.);
#1371 = FACE_BOUND('',#1372,.F.);
#1372 = EDGE_LOOP('',(#1373,#1379,#1380,#1381));
#1373 = ORIENTED_EDGE('',*,*,#1374,.T.);
#1374 = EDGE_CURVE('',#403,#896,#1375,.T.);
#1375 = LINE('',#1376,#1377);
#1376 = CARTESIAN_POINT('',(1.27,-4.064,0.));
#1377 = VECTOR('',#1378,1.);
#1378 = DIRECTION('',(0.,0.,1.));
#1379 = ORIENTED_EDGE('',*,*,#903,.T.);
#1380 = ORIENTED_EDGE('',*,*,#1340,.F.);
#1381 = ORIENTED_EDGE('',*,*,#410,.F.);
#1382 = PLANE('',#1383);
#1383 = AXIS2_PLACEMENT_3D('',#1384,#1385,#1386);
#1384 = CARTESIAN_POINT('',(1.27,-4.064,0.));
#1385 = DIRECTION('',(-0.707106781187,-0.707106781187,0.));
#1386 = DIRECTION('',(-0.707106781187,0.707106781187,0.));
#1387 = ADVANCED_FACE('',(#1388),#1399,.F.);
#1388 = FACE_BOUND('',#1389,.F.);
#1389 = EDGE_LOOP('',(#1390,#1391,#1392,#1398));
#1390 = ORIENTED_EDGE('',*,*,#1359,.T.);
#1391 = ORIENTED_EDGE('',*,*,#727,.T.);
#1392 = ORIENTED_EDGE('',*,*,#1393,.F.);
#1393 = EDGE_CURVE('',#235,#728,#1394,.T.);
#1394 = LINE('',#1395,#1396);
#1395 = CARTESIAN_POINT('',(-1.016,-6.35,0.));
#1396 = VECTOR('',#1397,1.);
#1397 = DIRECTION('',(0.,0.,1.));
#1398 = ORIENTED_EDGE('',*,*,#234,.F.);
#1399 = PLANE('',#1400);
#1400 = AXIS2_PLACEMENT_3D('',#1401,#1402,#1403);
#1401 = CARTESIAN_POINT('',(-1.27,-6.096,0.));
#1402 = DIRECTION('',(0.707106781187,0.707106781187,0.));
#1403 = DIRECTION('',(0.707106781187,-0.707106781187,0.));
#1404 = ADVANCED_FACE('',(#1405),#1416,.F.);
#1405 = FACE_BOUND('',#1406,.F.);
#1406 = EDGE_LOOP('',(#1407,#1413,#1414,#1415));
#1407 = ORIENTED_EDGE('',*,*,#1408,.T.);
#1408 = EDGE_CURVE('',#395,#888,#1409,.T.);
#1409 = LINE('',#1410,#1411);
#1410 = CARTESIAN_POINT('',(1.27,-6.096,0.));
#1411 = VECTOR('',#1412,1.);
#1412 = DIRECTION('',(0.,0.,1.));
#1413 = ORIENTED_EDGE('',*,*,#895,.T.);
#1414 = ORIENTED_EDGE('',*,*,#1374,.F.);
#1415 = ORIENTED_EDGE('',*,*,#402,.F.);
#1416 = PLANE('',#1417);
#1417 = AXIS2_PLACEMENT_3D('',#1418,#1419,#1420);
#1418 = CARTESIAN_POINT('',(1.27,-6.096,0.));
#1419 = DIRECTION('',(-1.,0.,0.));
#1420 = DIRECTION('',(0.,1.,0.));
#1421 = ADVANCED_FACE('',(#1422),#1433,.F.);
#1422 = FACE_BOUND('',#1423,.F.);
#1423 = EDGE_LOOP('',(#1424,#1425,#1426,#1432));
#1424 = ORIENTED_EDGE('',*,*,#1393,.T.);
#1425 = ORIENTED_EDGE('',*,*,#735,.T.);
#1426 = ORIENTED_EDGE('',*,*,#1427,.F.);
#1427 = EDGE_CURVE('',#243,#736,#1428,.T.);
#1428 = LINE('',#1429,#1430);
#1429 = CARTESIAN_POINT('',(-1.27,-6.604,0.));
#1430 = VECTOR('',#1431,1.);
#1431 = DIRECTION('',(0.,0.,1.));
#1432 = ORIENTED_EDGE('',*,*,#242,.F.);
#1433 = PLANE('',#1434);
#1434 = AXIS2_PLACEMENT_3D('',#1435,#1436,#1437);
#1435 = CARTESIAN_POINT('',(-1.016,-6.35,0.));
#1436 = DIRECTION('',(0.707106781187,-0.707106781187,0.));
#1437 = DIRECTION('',(-0.707106781187,-0.707106781187,0.));
#1438 = ADVANCED_FACE('',(#1439),#1450,.F.);
#1439 = FACE_BOUND('',#1440,.F.);
#1440 = EDGE_LOOP('',(#1441,#1447,#1448,#1449));
#1441 = ORIENTED_EDGE('',*,*,#1442,.T.);
#1442 = EDGE_CURVE('',#387,#880,#1443,.T.);
#1443 = LINE('',#1444,#1445);
#1444 = CARTESIAN_POINT('',(1.016,-6.35,0.));
#1445 = VECTOR('',#1446,1.);
#1446 = DIRECTION('',(0.,0.,1.));
#1447 = ORIENTED_EDGE('',*,*,#887,.T.);
#1448 = ORIENTED_EDGE('',*,*,#1408,.F.);
#1449 = ORIENTED_EDGE('',*,*,#394,.F.);
#1450 = PLANE('',#1451);
#1451 = AXIS2_PLACEMENT_3D('',#1452,#1453,#1454);
#1452 = CARTESIAN_POINT('',(1.016,-6.35,0.));
#1453 = DIRECTION('',(-0.707106781187,0.707106781187,0.));
#1454 = DIRECTION('',(0.707106781187,0.707106781187,0.));
#1455 = ADVANCED_FACE('',(#1456),#1467,.F.);
#1456 = FACE_BOUND('',#1457,.F.);
#1457 = EDGE_LOOP('',(#1458,#1459,#1460,#1466));
#1458 = ORIENTED_EDGE('',*,*,#1427,.T.);
#1459 = ORIENTED_EDGE('',*,*,#743,.T.);
#1460 = ORIENTED_EDGE('',*,*,#1461,.F.);
#1461 = EDGE_CURVE('',#251,#744,#1462,.T.);
#1462 = LINE('',#1463,#1464);
#1463 = CARTESIAN_POINT('',(-1.27,-8.636,0.));
#1464 = VECTOR('',#1465,1.);
#1465 = DIRECTION('',(0.,0.,1.));
#1466 = ORIENTED_EDGE('',*,*,#250,.F.);
#1467 = PLANE('',#1468);
#1468 = AXIS2_PLACEMENT_3D('',#1469,#1470,#1471);
#1469 = CARTESIAN_POINT('',(-1.27,-6.604,0.));
#1470 = DIRECTION('',(1.,0.,0.));
#1471 = DIRECTION('',(0.,-1.,0.));
#1472 = ADVANCED_FACE('',(#1473),#1484,.F.);
#1473 = FACE_BOUND('',#1474,.F.);
#1474 = EDGE_LOOP('',(#1475,#1481,#1482,#1483));
#1475 = ORIENTED_EDGE('',*,*,#1476,.T.);
#1476 = EDGE_CURVE('',#379,#872,#1477,.T.);
#1477 = LINE('',#1478,#1479);
#1478 = CARTESIAN_POINT('',(1.27,-6.604,0.));
#1479 = VECTOR('',#1480,1.);
#1480 = DIRECTION('',(0.,0.,1.));
#1481 = ORIENTED_EDGE('',*,*,#879,.T.);
#1482 = ORIENTED_EDGE('',*,*,#1442,.F.);
#1483 = ORIENTED_EDGE('',*,*,#386,.F.);
#1484 = PLANE('',#1485);
#1485 = AXIS2_PLACEMENT_3D('',#1486,#1487,#1488);
#1486 = CARTESIAN_POINT('',(1.27,-6.604,0.));
#1487 = DIRECTION('',(-0.707106781187,-0.707106781187,0.));
#1488 = DIRECTION('',(-0.707106781187,0.707106781187,0.));
#1489 = ADVANCED_FACE('',(#1490),#1501,.F.);
#1490 = FACE_BOUND('',#1491,.F.);
#1491 = EDGE_LOOP('',(#1492,#1493,#1494,#1500));
#1492 = ORIENTED_EDGE('',*,*,#1461,.T.);
#1493 = ORIENTED_EDGE('',*,*,#751,.T.);
#1494 = ORIENTED_EDGE('',*,*,#1495,.F.);
#1495 = EDGE_CURVE('',#259,#752,#1496,.T.);
#1496 = LINE('',#1497,#1498);
#1497 = CARTESIAN_POINT('',(-1.016,-8.89,0.));
#1498 = VECTOR('',#1499,1.);
#1499 = DIRECTION('',(0.,0.,1.));
#1500 = ORIENTED_EDGE('',*,*,#258,.F.);
#1501 = PLANE('',#1502);
#1502 = AXIS2_PLACEMENT_3D('',#1503,#1504,#1505);
#1503 = CARTESIAN_POINT('',(-1.27,-8.636,0.));
#1504 = DIRECTION('',(0.707106781187,0.707106781187,0.));
#1505 = DIRECTION('',(0.707106781187,-0.707106781187,0.));
#1506 = ADVANCED_FACE('',(#1507),#1518,.F.);
#1507 = FACE_BOUND('',#1508,.F.);
#1508 = EDGE_LOOP('',(#1509,#1515,#1516,#1517));
#1509 = ORIENTED_EDGE('',*,*,#1510,.T.);
#1510 = EDGE_CURVE('',#371,#864,#1511,.T.);
#1511 = LINE('',#1512,#1513);
#1512 = CARTESIAN_POINT('',(1.27,-8.636,0.));
#1513 = VECTOR('',#1514,1.);
#1514 = DIRECTION('',(0.,0.,1.));
#1515 = ORIENTED_EDGE('',*,*,#871,.T.);
#1516 = ORIENTED_EDGE('',*,*,#1476,.F.);
#1517 = ORIENTED_EDGE('',*,*,#378,.F.);
#1518 = PLANE('',#1519);
#1519 = AXIS2_PLACEMENT_3D('',#1520,#1521,#1522);
#1520 = CARTESIAN_POINT('',(1.27,-8.636,0.));
#1521 = DIRECTION('',(-1.,0.,0.));
#1522 = DIRECTION('',(0.,1.,0.));
#1523 = ADVANCED_FACE('',(#1524),#1535,.F.);
#1524 = FACE_BOUND('',#1525,.F.);
#1525 = EDGE_LOOP('',(#1526,#1527,#1528,#1534));
#1526 = ORIENTED_EDGE('',*,*,#1495,.T.);
#1527 = ORIENTED_EDGE('',*,*,#759,.T.);
#1528 = ORIENTED_EDGE('',*,*,#1529,.F.);
#1529 = EDGE_CURVE('',#267,#760,#1530,.T.);
#1530 = LINE('',#1531,#1532);
#1531 = CARTESIAN_POINT('',(-1.27,-9.144,0.));
#1532 = VECTOR('',#1533,1.);
#1533 = DIRECTION('',(0.,0.,1.));
#1534 = ORIENTED_EDGE('',*,*,#266,.F.);
#1535 = PLANE('',#1536);
#1536 = AXIS2_PLACEMENT_3D('',#1537,#1538,#1539);
#1537 = CARTESIAN_POINT('',(-1.016,-8.89,0.));
#1538 = DIRECTION('',(0.707106781187,-0.707106781187,0.));
#1539 = DIRECTION('',(-0.707106781187,-0.707106781187,0.));
#1540 = ADVANCED_FACE('',(#1541),#1552,.F.);
#1541 = FACE_BOUND('',#1542,.F.);
#1542 = EDGE_LOOP('',(#1543,#1549,#1550,#1551));
#1543 = ORIENTED_EDGE('',*,*,#1544,.T.);
#1544 = EDGE_CURVE('',#363,#856,#1545,.T.);
#1545 = LINE('',#1546,#1547);
#1546 = CARTESIAN_POINT('',(1.016,-8.89,0.));
#1547 = VECTOR('',#1548,1.);
#1548 = DIRECTION('',(0.,0.,1.));
#1549 = ORIENTED_EDGE('',*,*,#863,.T.);
#1550 = ORIENTED_EDGE('',*,*,#1510,.F.);
#1551 = ORIENTED_EDGE('',*,*,#370,.F.);
#1552 = PLANE('',#1553);
#1553 = AXIS2_PLACEMENT_3D('',#1554,#1555,#1556);
#1554 = CARTESIAN_POINT('',(1.016,-8.89,0.));
#1555 = DIRECTION('',(-0.707106781187,0.707106781187,0.));
#1556 = DIRECTION('',(0.707106781187,0.707106781187,0.));
#1557 = ADVANCED_FACE('',(#1558),#1569,.F.);
#1558 = FACE_BOUND('',#1559,.F.);
#1559 = EDGE_LOOP('',(#1560,#1561,#1562,#1568));
#1560 = ORIENTED_EDGE('',*,*,#1529,.T.);
#1561 = ORIENTED_EDGE('',*,*,#767,.T.);
#1562 = ORIENTED_EDGE('',*,*,#1563,.F.);
#1563 = EDGE_CURVE('',#275,#768,#1564,.T.);
#1564 = LINE('',#1565,#1566);
#1565 = CARTESIAN_POINT('',(-1.27,-11.176,0.));
#1566 = VECTOR('',#1567,1.);
#1567 = DIRECTION('',(0.,0.,1.));
#1568 = ORIENTED_EDGE('',*,*,#274,.F.);
#1569 = PLANE('',#1570);
#1570 = AXIS2_PLACEMENT_3D('',#1571,#1572,#1573);
#1571 = CARTESIAN_POINT('',(-1.27,-9.144,0.));
#1572 = DIRECTION('',(1.,0.,0.));
#1573 = DIRECTION('',(0.,-1.,0.));
#1574 = ADVANCED_FACE('',(#1575),#1586,.F.);
#1575 = FACE_BOUND('',#1576,.F.);
#1576 = EDGE_LOOP('',(#1577,#1583,#1584,#1585));
#1577 = ORIENTED_EDGE('',*,*,#1578,.T.);
#1578 = EDGE_CURVE('',#355,#848,#1579,.T.);
#1579 = LINE('',#1580,#1581);
#1580 = CARTESIAN_POINT('',(1.27,-9.144,0.));
#1581 = VECTOR('',#1582,1.);
#1582 = DIRECTION('',(0.,0.,1.));
#1583 = ORIENTED_EDGE('',*,*,#855,.T.);
#1584 = ORIENTED_EDGE('',*,*,#1544,.F.);
#1585 = ORIENTED_EDGE('',*,*,#362,.F.);
#1586 = PLANE('',#1587);
#1587 = AXIS2_PLACEMENT_3D('',#1588,#1589,#1590);
#1588 = CARTESIAN_POINT('',(1.27,-9.144,0.));
#1589 = DIRECTION('',(-0.707106781187,-0.707106781187,0.));
#1590 = DIRECTION('',(-0.707106781187,0.707106781187,0.));
#1591 = ADVANCED_FACE('',(#1592),#1603,.F.);
#1592 = FACE_BOUND('',#1593,.F.);
#1593 = EDGE_LOOP('',(#1594,#1595,#1596,#1602));
#1594 = ORIENTED_EDGE('',*,*,#1563,.T.);
#1595 = ORIENTED_EDGE('',*,*,#775,.T.);
#1596 = ORIENTED_EDGE('',*,*,#1597,.F.);
#1597 = EDGE_CURVE('',#283,#776,#1598,.T.);
#1598 = LINE('',#1599,#1600);
#1599 = CARTESIAN_POINT('',(-1.016,-11.43,0.));
#1600 = VECTOR('',#1601,1.);
#1601 = DIRECTION('',(0.,0.,1.));
#1602 = ORIENTED_EDGE('',*,*,#282,.F.);
#1603 = PLANE('',#1604);
#1604 = AXIS2_PLACEMENT_3D('',#1605,#1606,#1607);
#1605 = CARTESIAN_POINT('',(-1.27,-11.176,0.));
#1606 = DIRECTION('',(0.707106781187,0.707106781187,0.));
#1607 = DIRECTION('',(0.707106781187,-0.707106781187,0.));
#1608 = ADVANCED_FACE('',(#1609),#1620,.F.);
#1609 = FACE_BOUND('',#1610,.F.);
#1610 = EDGE_LOOP('',(#1611,#1617,#1618,#1619));
#1611 = ORIENTED_EDGE('',*,*,#1612,.T.);
#1612 = EDGE_CURVE('',#347,#840,#1613,.T.);
#1613 = LINE('',#1614,#1615);
#1614 = CARTESIAN_POINT('',(1.27,-11.176,0.));
#1615 = VECTOR('',#1616,1.);
#1616 = DIRECTION('',(0.,0.,1.));
#1617 = ORIENTED_EDGE('',*,*,#847,.T.);
#1618 = ORIENTED_EDGE('',*,*,#1578,.F.);
#1619 = ORIENTED_EDGE('',*,*,#354,.F.);
#1620 = PLANE('',#1621);
#1621 = AXIS2_PLACEMENT_3D('',#1622,#1623,#1624);
#1622 = CARTESIAN_POINT('',(1.27,-11.176,0.));
#1623 = DIRECTION('',(-1.,0.,0.));
#1624 = DIRECTION('',(0.,1.,0.));
#1625 = ADVANCED_FACE('',(#1626),#1637,.F.);
#1626 = FACE_BOUND('',#1627,.F.);
#1627 = EDGE_LOOP('',(#1628,#1629,#1630,#1636));
#1628 = ORIENTED_EDGE('',*,*,#1597,.T.);
#1629 = ORIENTED_EDGE('',*,*,#783,.T.);
#1630 = ORIENTED_EDGE('',*,*,#1631,.F.);
#1631 = EDGE_CURVE('',#291,#784,#1632,.T.);
#1632 = LINE('',#1633,#1634);
#1633 = CARTESIAN_POINT('',(-1.27,-11.684,0.));
#1634 = VECTOR('',#1635,1.);
#1635 = DIRECTION('',(0.,0.,1.));
#1636 = ORIENTED_EDGE('',*,*,#290,.F.);
#1637 = PLANE('',#1638);
#1638 = AXIS2_PLACEMENT_3D('',#1639,#1640,#1641);
#1639 = CARTESIAN_POINT('',(-1.016,-11.43,0.));
#1640 = DIRECTION('',(0.707106781187,-0.707106781187,0.));
#1641 = DIRECTION('',(-0.707106781187,-0.707106781187,0.));
#1642 = ADVANCED_FACE('',(#1643),#1654,.F.);
#1643 = FACE_BOUND('',#1644,.F.);
#1644 = EDGE_LOOP('',(#1645,#1651,#1652,#1653));
#1645 = ORIENTED_EDGE('',*,*,#1646,.T.);
#1646 = EDGE_CURVE('',#339,#832,#1647,.T.);
#1647 = LINE('',#1648,#1649);
#1648 = CARTESIAN_POINT('',(1.016,-11.43,0.));
#1649 = VECTOR('',#1650,1.);
#1650 = DIRECTION('',(0.,0.,1.));
#1651 = ORIENTED_EDGE('',*,*,#839,.T.);
#1652 = ORIENTED_EDGE('',*,*,#1612,.F.);
#1653 = ORIENTED_EDGE('',*,*,#346,.F.);
#1654 = PLANE('',#1655);
#1655 = AXIS2_PLACEMENT_3D('',#1656,#1657,#1658);
#1656 = CARTESIAN_POINT('',(1.016,-11.43,0.));
#1657 = DIRECTION('',(-0.707106781187,0.707106781187,0.));
#1658 = DIRECTION('',(0.707106781187,0.707106781187,0.));
#1659 = ADVANCED_FACE('',(#1660),#1671,.F.);
#1660 = FACE_BOUND('',#1661,.F.);
#1661 = EDGE_LOOP('',(#1662,#1663,#1664,#1670));
#1662 = ORIENTED_EDGE('',*,*,#1631,.T.);
#1663 = ORIENTED_EDGE('',*,*,#791,.T.);
#1664 = ORIENTED_EDGE('',*,*,#1665,.F.);
#1665 = EDGE_CURVE('',#299,#792,#1666,.T.);
#1666 = LINE('',#1667,#1668);
#1667 = CARTESIAN_POINT('',(-1.27,-13.716,0.));
#1668 = VECTOR('',#1669,1.);
#1669 = DIRECTION('',(0.,0.,1.));
#1670 = ORIENTED_EDGE('',*,*,#298,.F.);
#1671 = PLANE('',#1672);
#1672 = AXIS2_PLACEMENT_3D('',#1673,#1674,#1675);
#1673 = CARTESIAN_POINT('',(-1.27,-11.684,0.));
#1674 = DIRECTION('',(1.,0.,0.));
#1675 = DIRECTION('',(0.,-1.,0.));
#1676 = ADVANCED_FACE('',(#1677),#1688,.F.);
#1677 = FACE_BOUND('',#1678,.F.);
#1678 = EDGE_LOOP('',(#1679,#1685,#1686,#1687));
#1679 = ORIENTED_EDGE('',*,*,#1680,.T.);
#1680 = EDGE_CURVE('',#331,#824,#1681,.T.);
#1681 = LINE('',#1682,#1683);
#1682 = CARTESIAN_POINT('',(1.27,-11.684,0.));
#1683 = VECTOR('',#1684,1.);
#1684 = DIRECTION('',(0.,0.,1.));
#1685 = ORIENTED_EDGE('',*,*,#831,.T.);
#1686 = ORIENTED_EDGE('',*,*,#1646,.F.);
#1687 = ORIENTED_EDGE('',*,*,#338,.F.);
#1688 = PLANE('',#1689);
#1689 = AXIS2_PLACEMENT_3D('',#1690,#1691,#1692);
#1690 = CARTESIAN_POINT('',(1.27,-11.684,0.));
#1691 = DIRECTION('',(-0.707106781187,-0.707106781187,0.));
#1692 = DIRECTION('',(-0.707106781187,0.707106781187,0.));
#1693 = ADVANCED_FACE('',(#1694),#1705,.F.);
#1694 = FACE_BOUND('',#1695,.F.);
#1695 = EDGE_LOOP('',(#1696,#1697,#1698,#1704));
#1696 = ORIENTED_EDGE('',*,*,#1665,.T.);
#1697 = ORIENTED_EDGE('',*,*,#799,.T.);
#1698 = ORIENTED_EDGE('',*,*,#1699,.F.);
#1699 = EDGE_CURVE('',#307,#800,#1700,.T.);
#1700 = LINE('',#1701,#1702);
#1701 = CARTESIAN_POINT('',(-1.016,-13.97,0.));
#1702 = VECTOR('',#1703,1.);
#1703 = DIRECTION('',(0.,0.,1.));
#1704 = ORIENTED_EDGE('',*,*,#306,.F.);
#1705 = PLANE('',#1706);
#1706 = AXIS2_PLACEMENT_3D('',#1707,#1708,#1709);
#1707 = CARTESIAN_POINT('',(-1.27,-13.716,0.));
#1708 = DIRECTION('',(0.707106781187,0.707106781187,0.));
#1709 = DIRECTION('',(0.707106781187,-0.707106781187,0.));
#1710 = ADVANCED_FACE('',(#1711),#1722,.F.);
#1711 = FACE_BOUND('',#1712,.F.);
#1712 = EDGE_LOOP('',(#1713,#1719,#1720,#1721));
#1713 = ORIENTED_EDGE('',*,*,#1714,.T.);
#1714 = EDGE_CURVE('',#323,#816,#1715,.T.);
#1715 = LINE('',#1716,#1717);
#1716 = CARTESIAN_POINT('',(1.27,-13.716,0.));
#1717 = VECTOR('',#1718,1.);
#1718 = DIRECTION('',(0.,0.,1.));
#1719 = ORIENTED_EDGE('',*,*,#823,.T.);
#1720 = ORIENTED_EDGE('',*,*,#1680,.F.);
#1721 = ORIENTED_EDGE('',*,*,#330,.F.);
#1722 = PLANE('',#1723);
#1723 = AXIS2_PLACEMENT_3D('',#1724,#1725,#1726);
#1724 = CARTESIAN_POINT('',(1.27,-13.716,0.));
#1725 = DIRECTION('',(-1.,0.,0.));
#1726 = DIRECTION('',(0.,1.,0.));
#1727 = ADVANCED_FACE('',(#1728),#1739,.F.);
#1728 = FACE_BOUND('',#1729,.F.);
#1729 = EDGE_LOOP('',(#1730,#1731,#1732,#1738));
#1730 = ORIENTED_EDGE('',*,*,#1699,.T.);
#1731 = ORIENTED_EDGE('',*,*,#807,.T.);
#1732 = ORIENTED_EDGE('',*,*,#1733,.F.);
#1733 = EDGE_CURVE('',#315,#808,#1734,.T.);
#1734 = LINE('',#1735,#1736);
#1735 = CARTESIAN_POINT('',(1.016,-13.97,0.));
#1736 = VECTOR('',#1737,1.);
#1737 = DIRECTION('',(0.,0.,1.));
#1738 = ORIENTED_EDGE('',*,*,#314,.F.);
#1739 = PLANE('',#1740);
#1740 = AXIS2_PLACEMENT_3D('',#1741,#1742,#1743);
#1741 = CARTESIAN_POINT('',(-1.016,-13.97,0.));
#1742 = DIRECTION('',(0.,1.,0.));
#1743 = DIRECTION('',(1.,0.,0.));
#1744 = ADVANCED_FACE('',(#1745),#1751,.F.);
#1745 = FACE_BOUND('',#1746,.F.);
#1746 = EDGE_LOOP('',(#1747,#1748,#1749,#1750));
#1747 = ORIENTED_EDGE('',*,*,#1733,.T.);
#1748 = ORIENTED_EDGE('',*,*,#815,.T.);
#1749 = ORIENTED_EDGE('',*,*,#1714,.F.);
#1750 = ORIENTED_EDGE('',*,*,#322,.F.);
#1751 = PLANE('',#1752);
#1752 = AXIS2_PLACEMENT_3D('',#1753,#1754,#1755);
#1753 = CARTESIAN_POINT('',(1.016,-13.97,0.));
#1754 = DIRECTION('',(-0.707106781187,0.707106781187,0.));
#1755 = DIRECTION('',(0.707106781187,0.707106781187,0.));
#1756 = ADVANCED_FACE('',(#1757),#1782,.T.);
#1757 = FACE_BOUND('',#1758,.T.);
#1758 = EDGE_LOOP('',(#1759,#1767,#1775,#1781));
#1759 = ORIENTED_EDGE('',*,*,#1760,.F.);
#1760 = EDGE_CURVE('',#1761,#468,#1763,.T.);
#1761 = VERTEX_POINT('',#1762);
#1762 = CARTESIAN_POINT('',(0.32,-0.32,-2.84));
#1763 = LINE('',#1764,#1765);
#1764 = CARTESIAN_POINT('',(0.32,-0.32,-3.));
#1765 = VECTOR('',#1766,1.);
#1766 = DIRECTION('',(0.,0.,1.));
#1767 = ORIENTED_EDGE('',*,*,#1768,.T.);
#1768 = EDGE_CURVE('',#1761,#1769,#1771,.T.);
#1769 = VERTEX_POINT('',#1770);
#1770 = CARTESIAN_POINT('',(0.32,0.32,-2.84));
#1771 = LINE('',#1772,#1773);
#1772 = CARTESIAN_POINT('',(0.32,-0.32,-2.84));
#1773 = VECTOR('',#1774,1.);
#1774 = DIRECTION('',(0.,1.,0.));
#1775 = ORIENTED_EDGE('',*,*,#1776,.T.);
#1776 = EDGE_CURVE('',#1769,#470,#1777,.T.);
#1777 = LINE('',#1778,#1779);
#1778 = CARTESIAN_POINT('',(0.32,0.32,-3.));
#1779 = VECTOR('',#1780,1.);
#1780 = DIRECTION('',(0.,0.,1.));
#1781 = ORIENTED_EDGE('',*,*,#467,.F.);
#1782 = PLANE('',#1783);
#1783 = AXIS2_PLACEMENT_3D('',#1784,#1785,#1786);
#1784 = CARTESIAN_POINT('',(0.32,-0.32,-3.));
#1785 = DIRECTION('',(1.,0.,0.));
#1786 = DIRECTION('',(0.,0.,1.));
#1787 = ADVANCED_FACE('',(#1788),#1806,.T.);
#1788 = FACE_BOUND('',#1789,.T.);
#1789 = EDGE_LOOP('',(#1790,#1791,#1799,#1805));
#1790 = ORIENTED_EDGE('',*,*,#1776,.F.);
#1791 = ORIENTED_EDGE('',*,*,#1792,.F.);
#1792 = EDGE_CURVE('',#1793,#1769,#1795,.T.);
#1793 = VERTEX_POINT('',#1794);
#1794 = CARTESIAN_POINT('',(-0.32,0.32,-2.84));
#1795 = LINE('',#1796,#1797);
#1796 = CARTESIAN_POINT('',(-0.32,0.32,-2.84));
#1797 = VECTOR('',#1798,1.);
#1798 = DIRECTION('',(1.,0.,0.));
#1799 = ORIENTED_EDGE('',*,*,#1800,.T.);
#1800 = EDGE_CURVE('',#1793,#486,#1801,.T.);
#1801 = LINE('',#1802,#1803);
#1802 = CARTESIAN_POINT('',(-0.32,0.32,-3.));
#1803 = VECTOR('',#1804,1.);
#1804 = DIRECTION('',(0.,0.,1.));
#1805 = ORIENTED_EDGE('',*,*,#493,.F.);
#1806 = PLANE('',#1807);
#1807 = AXIS2_PLACEMENT_3D('',#1808,#1809,#1810);
#1808 = CARTESIAN_POINT('',(-0.32,0.32,-3.));
#1809 = DIRECTION('',(0.,1.,0.));
#1810 = DIRECTION('',(0.,-0.,1.));
#1811 = ADVANCED_FACE('',(#1812),#1830,.F.);
#1812 = FACE_BOUND('',#1813,.F.);
#1813 = EDGE_LOOP('',(#1814,#1822,#1828,#1829));
#1814 = ORIENTED_EDGE('',*,*,#1815,.F.);
#1815 = EDGE_CURVE('',#1816,#478,#1818,.T.);
#1816 = VERTEX_POINT('',#1817);
#1817 = CARTESIAN_POINT('',(-0.32,-0.32,-2.84));
#1818 = LINE('',#1819,#1820);
#1819 = CARTESIAN_POINT('',(-0.32,-0.32,-3.));
#1820 = VECTOR('',#1821,1.);
#1821 = DIRECTION('',(0.,0.,1.));
#1822 = ORIENTED_EDGE('',*,*,#1823,.T.);
#1823 = EDGE_CURVE('',#1816,#1793,#1824,.T.);
#1824 = LINE('',#1825,#1826);
#1825 = CARTESIAN_POINT('',(-0.32,-0.32,-2.84));
#1826 = VECTOR('',#1827,1.);
#1827 = DIRECTION('',(0.,1.,0.));
#1828 = ORIENTED_EDGE('',*,*,#1800,.T.);
#1829 = ORIENTED_EDGE('',*,*,#485,.F.);
#1830 = PLANE('',#1831);
#1831 = AXIS2_PLACEMENT_3D('',#1832,#1833,#1834);
#1832 = CARTESIAN_POINT('',(-0.32,-0.32,-3.));
#1833 = DIRECTION('',(1.,0.,0.));
#1834 = DIRECTION('',(0.,0.,1.));
#1835 = ADVANCED_FACE('',(#1836),#1847,.F.);
#1836 = FACE_BOUND('',#1837,.F.);
#1837 = EDGE_LOOP('',(#1838,#1839,#1845,#1846));
#1838 = ORIENTED_EDGE('',*,*,#1760,.F.);
#1839 = ORIENTED_EDGE('',*,*,#1840,.F.);
#1840 = EDGE_CURVE('',#1816,#1761,#1841,.T.);
#1841 = LINE('',#1842,#1843);
#1842 = CARTESIAN_POINT('',(-0.32,-0.32,-2.84));
#1843 = VECTOR('',#1844,1.);
#1844 = DIRECTION('',(1.,0.,0.));
#1845 = ORIENTED_EDGE('',*,*,#1815,.T.);
#1846 = ORIENTED_EDGE('',*,*,#477,.F.);
#1847 = PLANE('',#1848);
#1848 = AXIS2_PLACEMENT_3D('',#1849,#1850,#1851);
#1849 = CARTESIAN_POINT('',(-0.32,-0.32,-3.));
#1850 = DIRECTION('',(0.,1.,0.));
#1851 = DIRECTION('',(0.,-0.,1.));
#1852 = ADVANCED_FACE('',(#1853),#1878,.T.);
#1853 = FACE_BOUND('',#1854,.T.);
#1854 = EDGE_LOOP('',(#1855,#1863,#1871,#1877));
#1855 = ORIENTED_EDGE('',*,*,#1856,.F.);
#1856 = EDGE_CURVE('',#1857,#502,#1859,.T.);
#1857 = VERTEX_POINT('',#1858);
#1858 = CARTESIAN_POINT('',(0.32,-5.4,-2.84));
#1859 = LINE('',#1860,#1861);
#1860 = CARTESIAN_POINT('',(0.32,-5.4,-3.));
#1861 = VECTOR('',#1862,1.);
#1862 = DIRECTION('',(0.,0.,1.));
#1863 = ORIENTED_EDGE('',*,*,#1864,.T.);
#1864 = EDGE_CURVE('',#1857,#1865,#1867,.T.);
#1865 = VERTEX_POINT('',#1866);
#1866 = CARTESIAN_POINT('',(0.32,-4.76,-2.84));
#1867 = LINE('',#1868,#1869);
#1868 = CARTESIAN_POINT('',(0.32,-5.4,-2.84));
#1869 = VECTOR('',#1870,1.);
#1870 = DIRECTION('',(0.,1.,0.));
#1871 = ORIENTED_EDGE('',*,*,#1872,.T.);
#1872 = EDGE_CURVE('',#1865,#504,#1873,.T.);
#1873 = LINE('',#1874,#1875);
#1874 = CARTESIAN_POINT('',(0.32,-4.76,-3.));
#1875 = VECTOR('',#1876,1.);
#1876 = DIRECTION('',(0.,0.,1.));
#1877 = ORIENTED_EDGE('',*,*,#501,.F.);
#1878 = PLANE('',#1879);
#1879 = AXIS2_PLACEMENT_3D('',#1880,#1881,#1882);
#1880 = CARTESIAN_POINT('',(0.32,-5.4,-3.));
#1881 = DIRECTION('',(1.,0.,0.));
#1882 = DIRECTION('',(0.,0.,1.));
#1883 = ADVANCED_FACE('',(#1884),#1902,.T.);
#1884 = FACE_BOUND('',#1885,.T.);
#1885 = EDGE_LOOP('',(#1886,#1887,#1895,#1901));
#1886 = ORIENTED_EDGE('',*,*,#1872,.F.);
#1887 = ORIENTED_EDGE('',*,*,#1888,.F.);
#1888 = EDGE_CURVE('',#1889,#1865,#1891,.T.);
#1889 = VERTEX_POINT('',#1890);
#1890 = CARTESIAN_POINT('',(-0.32,-4.76,-2.84));
#1891 = LINE('',#1892,#1893);
#1892 = CARTESIAN_POINT('',(-0.32,-4.76,-2.84));
#1893 = VECTOR('',#1894,1.);
#1894 = DIRECTION('',(1.,0.,0.));
#1895 = ORIENTED_EDGE('',*,*,#1896,.T.);
#1896 = EDGE_CURVE('',#1889,#520,#1897,.T.);
#1897 = LINE('',#1898,#1899);
#1898 = CARTESIAN_POINT('',(-0.32,-4.76,-3.));
#1899 = VECTOR('',#1900,1.);
#1900 = DIRECTION('',(0.,0.,1.));
#1901 = ORIENTED_EDGE('',*,*,#527,.F.);
#1902 = PLANE('',#1903);
#1903 = AXIS2_PLACEMENT_3D('',#1904,#1905,#1906);
#1904 = CARTESIAN_POINT('',(-0.32,-4.76,-3.));
#1905 = DIRECTION('',(0.,1.,0.));
#1906 = DIRECTION('',(0.,-0.,1.));
#1907 = ADVANCED_FACE('',(#1908),#1926,.F.);
#1908 = FACE_BOUND('',#1909,.F.);
#1909 = EDGE_LOOP('',(#1910,#1918,#1924,#1925));
#1910 = ORIENTED_EDGE('',*,*,#1911,.F.);
#1911 = EDGE_CURVE('',#1912,#512,#1914,.T.);
#1912 = VERTEX_POINT('',#1913);
#1913 = CARTESIAN_POINT('',(-0.32,-5.4,-2.84));
#1914 = LINE('',#1915,#1916);
#1915 = CARTESIAN_POINT('',(-0.32,-5.4,-3.));
#1916 = VECTOR('',#1917,1.);
#1917 = DIRECTION('',(0.,0.,1.));
#1918 = ORIENTED_EDGE('',*,*,#1919,.T.);
#1919 = EDGE_CURVE('',#1912,#1889,#1920,.T.);
#1920 = LINE('',#1921,#1922);
#1921 = CARTESIAN_POINT('',(-0.32,-5.4,-2.84));
#1922 = VECTOR('',#1923,1.);
#1923 = DIRECTION('',(0.,1.,0.));
#1924 = ORIENTED_EDGE('',*,*,#1896,.T.);
#1925 = ORIENTED_EDGE('',*,*,#519,.F.);
#1926 = PLANE('',#1927);
#1927 = AXIS2_PLACEMENT_3D('',#1928,#1929,#1930);
#1928 = CARTESIAN_POINT('',(-0.32,-5.4,-3.));
#1929 = DIRECTION('',(1.,0.,0.));
#1930 = DIRECTION('',(0.,0.,1.));
#1931 = ADVANCED_FACE('',(#1932),#1943,.F.);
#1932 = FACE_BOUND('',#1933,.F.);
#1933 = EDGE_LOOP('',(#1934,#1935,#1941,#1942));
#1934 = ORIENTED_EDGE('',*,*,#1856,.F.);
#1935 = ORIENTED_EDGE('',*,*,#1936,.F.);
#1936 = EDGE_CURVE('',#1912,#1857,#1937,.T.);
#1937 = LINE('',#1938,#1939);
#1938 = CARTESIAN_POINT('',(-0.32,-5.4,-2.84));
#1939 = VECTOR('',#1940,1.);
#1940 = DIRECTION('',(1.,0.,0.));
#1941 = ORIENTED_EDGE('',*,*,#1911,.T.);
#1942 = ORIENTED_EDGE('',*,*,#511,.F.);
#1943 = PLANE('',#1944);
#1944 = AXIS2_PLACEMENT_3D('',#1945,#1946,#1947);
#1945 = CARTESIAN_POINT('',(-0.32,-5.4,-3.));
#1946 = DIRECTION('',(0.,1.,0.));
#1947 = DIRECTION('',(0.,-0.,1.));
#1948 = ADVANCED_FACE('',(#1949),#1974,.T.);
#1949 = FACE_BOUND('',#1950,.T.);
#1950 = EDGE_LOOP('',(#1951,#1959,#1967,#1973));
#1951 = ORIENTED_EDGE('',*,*,#1952,.F.);
#1952 = EDGE_CURVE('',#1953,#536,#1955,.T.);
#1953 = VERTEX_POINT('',#1954);
#1954 = CARTESIAN_POINT('',(0.32,-2.86,-2.84));
#1955 = LINE('',#1956,#1957);
#1956 = CARTESIAN_POINT('',(0.32,-2.86,-3.));
#1957 = VECTOR('',#1958,1.);
#1958 = DIRECTION('',(0.,0.,1.));
#1959 = ORIENTED_EDGE('',*,*,#1960,.T.);
#1960 = EDGE_CURVE('',#1953,#1961,#1963,.T.);
#1961 = VERTEX_POINT('',#1962);
#1962 = CARTESIAN_POINT('',(0.32,-2.22,-2.84));
#1963 = LINE('',#1964,#1965);
#1964 = CARTESIAN_POINT('',(0.32,-2.86,-2.84));
#1965 = VECTOR('',#1966,1.);
#1966 = DIRECTION('',(0.,1.,0.));
#1967 = ORIENTED_EDGE('',*,*,#1968,.T.);
#1968 = EDGE_CURVE('',#1961,#538,#1969,.T.);
#1969 = LINE('',#1970,#1971);
#1970 = CARTESIAN_POINT('',(0.32,-2.22,-3.));
#1971 = VECTOR('',#1972,1.);
#1972 = DIRECTION('',(0.,0.,1.));
#1973 = ORIENTED_EDGE('',*,*,#535,.F.);
#1974 = PLANE('',#1975);
#1975 = AXIS2_PLACEMENT_3D('',#1976,#1977,#1978);
#1976 = CARTESIAN_POINT('',(0.32,-2.86,-3.));
#1977 = DIRECTION('',(1.,0.,0.));
#1978 = DIRECTION('',(0.,0.,1.));
#1979 = ADVANCED_FACE('',(#1980),#1998,.T.);
#1980 = FACE_BOUND('',#1981,.T.);
#1981 = EDGE_LOOP('',(#1982,#1983,#1991,#1997));
#1982 = ORIENTED_EDGE('',*,*,#1968,.F.);
#1983 = ORIENTED_EDGE('',*,*,#1984,.F.);
#1984 = EDGE_CURVE('',#1985,#1961,#1987,.T.);
#1985 = VERTEX_POINT('',#1986);
#1986 = CARTESIAN_POINT('',(-0.32,-2.22,-2.84));
#1987 = LINE('',#1988,#1989);
#1988 = CARTESIAN_POINT('',(-0.32,-2.22,-2.84));
#1989 = VECTOR('',#1990,1.);
#1990 = DIRECTION('',(1.,0.,0.));
#1991 = ORIENTED_EDGE('',*,*,#1992,.T.);
#1992 = EDGE_CURVE('',#1985,#554,#1993,.T.);
#1993 = LINE('',#1994,#1995);
#1994 = CARTESIAN_POINT('',(-0.32,-2.22,-3.));
#1995 = VECTOR('',#1996,1.);
#1996 = DIRECTION('',(0.,0.,1.));
#1997 = ORIENTED_EDGE('',*,*,#561,.F.);
#1998 = PLANE('',#1999);
#1999 = AXIS2_PLACEMENT_3D('',#2000,#2001,#2002);
#2000 = CARTESIAN_POINT('',(-0.32,-2.22,-3.));
#2001 = DIRECTION('',(0.,1.,0.));
#2002 = DIRECTION('',(0.,-0.,1.));
#2003 = ADVANCED_FACE('',(#2004),#2022,.F.);
#2004 = FACE_BOUND('',#2005,.F.);
#2005 = EDGE_LOOP('',(#2006,#2014,#2020,#2021));
#2006 = ORIENTED_EDGE('',*,*,#2007,.F.);
#2007 = EDGE_CURVE('',#2008,#546,#2010,.T.);
#2008 = VERTEX_POINT('',#2009);
#2009 = CARTESIAN_POINT('',(-0.32,-2.86,-2.84));
#2010 = LINE('',#2011,#2012);
#2011 = CARTESIAN_POINT('',(-0.32,-2.86,-3.));
#2012 = VECTOR('',#2013,1.);
#2013 = DIRECTION('',(0.,0.,1.));
#2014 = ORIENTED_EDGE('',*,*,#2015,.T.);
#2015 = EDGE_CURVE('',#2008,#1985,#2016,.T.);
#2016 = LINE('',#2017,#2018);
#2017 = CARTESIAN_POINT('',(-0.32,-2.86,-2.84));
#2018 = VECTOR('',#2019,1.);
#2019 = DIRECTION('',(0.,1.,0.));
#2020 = ORIENTED_EDGE('',*,*,#1992,.T.);
#2021 = ORIENTED_EDGE('',*,*,#553,.F.);
#2022 = PLANE('',#2023);
#2023 = AXIS2_PLACEMENT_3D('',#2024,#2025,#2026);
#2024 = CARTESIAN_POINT('',(-0.32,-2.86,-3.));
#2025 = DIRECTION('',(1.,0.,0.));
#2026 = DIRECTION('',(0.,0.,1.));
#2027 = ADVANCED_FACE('',(#2028),#2039,.F.);
#2028 = FACE_BOUND('',#2029,.F.);
#2029 = EDGE_LOOP('',(#2030,#2031,#2037,#2038));
#2030 = ORIENTED_EDGE('',*,*,#1952,.F.);
#2031 = ORIENTED_EDGE('',*,*,#2032,.F.);
#2032 = EDGE_CURVE('',#2008,#1953,#2033,.T.);
#2033 = LINE('',#2034,#2035);
#2034 = CARTESIAN_POINT('',(-0.32,-2.86,-2.84));
#2035 = VECTOR('',#2036,1.);
#2036 = DIRECTION('',(1.,0.,0.));
#2037 = ORIENTED_EDGE('',*,*,#2007,.T.);
#2038 = ORIENTED_EDGE('',*,*,#545,.F.);
#2039 = PLANE('',#2040);
#2040 = AXIS2_PLACEMENT_3D('',#2041,#2042,#2043);
#2041 = CARTESIAN_POINT('',(-0.32,-2.86,-3.));
#2042 = DIRECTION('',(0.,1.,0.));
#2043 = DIRECTION('',(0.,-0.,1.));
#2044 = ADVANCED_FACE('',(#2045),#2070,.F.);
#2045 = FACE_BOUND('',#2046,.F.);
#2046 = EDGE_LOOP('',(#2047,#2055,#2063,#2069));
#2047 = ORIENTED_EDGE('',*,*,#2048,.F.);
#2048 = EDGE_CURVE('',#2049,#570,#2051,.T.);
#2049 = VERTEX_POINT('',#2050);
#2050 = CARTESIAN_POINT('',(0.32,-13.02,-2.84));
#2051 = LINE('',#2052,#2053);
#2052 = CARTESIAN_POINT('',(0.32,-13.02,-3.));
#2053 = VECTOR('',#2054,1.);
#2054 = DIRECTION('',(0.,0.,1.));
#2055 = ORIENTED_EDGE('',*,*,#2056,.F.);
#2056 = EDGE_CURVE('',#2057,#2049,#2059,.T.);
#2057 = VERTEX_POINT('',#2058);
#2058 = CARTESIAN_POINT('',(-0.32,-13.02,-2.84));
#2059 = LINE('',#2060,#2061);
#2060 = CARTESIAN_POINT('',(-0.32,-13.02,-2.84));
#2061 = VECTOR('',#2062,1.);
#2062 = DIRECTION('',(1.,0.,0.));
#2063 = ORIENTED_EDGE('',*,*,#2064,.T.);
#2064 = EDGE_CURVE('',#2057,#572,#2065,.T.);
#2065 = LINE('',#2066,#2067);
#2066 = CARTESIAN_POINT('',(-0.32,-13.02,-3.));
#2067 = VECTOR('',#2068,1.);
#2068 = DIRECTION('',(0.,0.,1.));
#2069 = ORIENTED_EDGE('',*,*,#569,.F.);
#2070 = PLANE('',#2071);
#2071 = AXIS2_PLACEMENT_3D('',#2072,#2073,#2074);
#2072 = CARTESIAN_POINT('',(-0.32,-13.02,-3.));
#2073 = DIRECTION('',(0.,1.,0.));
#2074 = DIRECTION('',(0.,-0.,1.));
#2075 = ADVANCED_FACE('',(#2076),#2094,.T.);
#2076 = FACE_BOUND('',#2077,.T.);
#2077 = EDGE_LOOP('',(#2078,#2079,#2087,#2093));
#2078 = ORIENTED_EDGE('',*,*,#2048,.F.);
#2079 = ORIENTED_EDGE('',*,*,#2080,.T.);
#2080 = EDGE_CURVE('',#2049,#2081,#2083,.T.);
#2081 = VERTEX_POINT('',#2082);
#2082 = CARTESIAN_POINT('',(0.32,-12.38,-2.84));
#2083 = LINE('',#2084,#2085);
#2084 = CARTESIAN_POINT('',(0.32,-13.02,-2.84));
#2085 = VECTOR('',#2086,1.);
#2086 = DIRECTION('',(0.,1.,0.));
#2087 = ORIENTED_EDGE('',*,*,#2088,.T.);
#2088 = EDGE_CURVE('',#2081,#588,#2089,.T.);
#2089 = LINE('',#2090,#2091);
#2090 = CARTESIAN_POINT('',(0.32,-12.38,-3.));
#2091 = VECTOR('',#2092,1.);
#2092 = DIRECTION('',(0.,0.,1.));
#2093 = ORIENTED_EDGE('',*,*,#595,.F.);
#2094 = PLANE('',#2095);
#2095 = AXIS2_PLACEMENT_3D('',#2096,#2097,#2098);
#2096 = CARTESIAN_POINT('',(0.32,-13.02,-3.));
#2097 = DIRECTION('',(1.,0.,0.));
#2098 = DIRECTION('',(0.,0.,1.));
#2099 = ADVANCED_FACE('',(#2100),#2118,.T.);
#2100 = FACE_BOUND('',#2101,.T.);
#2101 = EDGE_LOOP('',(#2102,#2103,#2111,#2117));
#2102 = ORIENTED_EDGE('',*,*,#2088,.F.);
#2103 = ORIENTED_EDGE('',*,*,#2104,.F.);
#2104 = EDGE_CURVE('',#2105,#2081,#2107,.T.);
#2105 = VERTEX_POINT('',#2106);
#2106 = CARTESIAN_POINT('',(-0.32,-12.38,-2.84));
#2107 = LINE('',#2108,#2109);
#2108 = CARTESIAN_POINT('',(-0.32,-12.38,-2.84));
#2109 = VECTOR('',#2110,1.);
#2110 = DIRECTION('',(1.,0.,0.));
#2111 = ORIENTED_EDGE('',*,*,#2112,.T.);
#2112 = EDGE_CURVE('',#2105,#580,#2113,.T.);
#2113 = LINE('',#2114,#2115);
#2114 = CARTESIAN_POINT('',(-0.32,-12.38,-3.));
#2115 = VECTOR('',#2116,1.);
#2116 = DIRECTION('',(0.,0.,1.));
#2117 = ORIENTED_EDGE('',*,*,#587,.F.);
#2118 = PLANE('',#2119);
#2119 = AXIS2_PLACEMENT_3D('',#2120,#2121,#2122);
#2120 = CARTESIAN_POINT('',(-0.32,-12.38,-3.));
#2121 = DIRECTION('',(0.,1.,0.));
#2122 = DIRECTION('',(0.,-0.,1.));
#2123 = ADVANCED_FACE('',(#2124),#2135,.F.);
#2124 = FACE_BOUND('',#2125,.F.);
#2125 = EDGE_LOOP('',(#2126,#2127,#2133,#2134));
#2126 = ORIENTED_EDGE('',*,*,#2064,.F.);
#2127 = ORIENTED_EDGE('',*,*,#2128,.T.);
#2128 = EDGE_CURVE('',#2057,#2105,#2129,.T.);
#2129 = LINE('',#2130,#2131);
#2130 = CARTESIAN_POINT('',(-0.32,-13.02,-2.84));
#2131 = VECTOR('',#2132,1.);
#2132 = DIRECTION('',(0.,1.,0.));
#2133 = ORIENTED_EDGE('',*,*,#2112,.T.);
#2134 = ORIENTED_EDGE('',*,*,#579,.F.);
#2135 = PLANE('',#2136);
#2136 = AXIS2_PLACEMENT_3D('',#2137,#2138,#2139);
#2137 = CARTESIAN_POINT('',(-0.32,-13.02,-3.));
#2138 = DIRECTION('',(1.,0.,0.));
#2139 = DIRECTION('',(0.,0.,1.));
#2140 = ADVANCED_FACE('',(#2141),#2166,.T.);
#2141 = FACE_BOUND('',#2142,.T.);
#2142 = EDGE_LOOP('',(#2143,#2151,#2159,#2165));
#2143 = ORIENTED_EDGE('',*,*,#2144,.F.);
#2144 = EDGE_CURVE('',#2145,#604,#2147,.T.);
#2145 = VERTEX_POINT('',#2146);
#2146 = CARTESIAN_POINT('',(0.32,-9.84,-2.84));
#2147 = LINE('',#2148,#2149);
#2148 = CARTESIAN_POINT('',(0.32,-9.84,-3.));
#2149 = VECTOR('',#2150,1.);
#2150 = DIRECTION('',(0.,0.,1.));
#2151 = ORIENTED_EDGE('',*,*,#2152,.F.);
#2152 = EDGE_CURVE('',#2153,#2145,#2155,.T.);
#2153 = VERTEX_POINT('',#2154);
#2154 = CARTESIAN_POINT('',(-0.32,-9.84,-2.84));
#2155 = LINE('',#2156,#2157);
#2156 = CARTESIAN_POINT('',(-0.32,-9.84,-2.84));
#2157 = VECTOR('',#2158,1.);
#2158 = DIRECTION('',(1.,0.,0.));
#2159 = ORIENTED_EDGE('',*,*,#2160,.T.);
#2160 = EDGE_CURVE('',#2153,#606,#2161,.T.);
#2161 = LINE('',#2162,#2163);
#2162 = CARTESIAN_POINT('',(-0.32,-9.84,-3.));
#2163 = VECTOR('',#2164,1.);
#2164 = DIRECTION('',(0.,0.,1.));
#2165 = ORIENTED_EDGE('',*,*,#603,.F.);
#2166 = PLANE('',#2167);
#2167 = AXIS2_PLACEMENT_3D('',#2168,#2169,#2170);
#2168 = CARTESIAN_POINT('',(-0.32,-9.84,-3.));
#2169 = DIRECTION('',(0.,1.,0.));
#2170 = DIRECTION('',(0.,-0.,1.));
#2171 = ADVANCED_FACE('',(#2172),#2190,.F.);
#2172 = FACE_BOUND('',#2173,.F.);
#2173 = EDGE_LOOP('',(#2174,#2182,#2188,#2189));
#2174 = ORIENTED_EDGE('',*,*,#2175,.F.);
#2175 = EDGE_CURVE('',#2176,#622,#2178,.T.);
#2176 = VERTEX_POINT('',#2177);
#2177 = CARTESIAN_POINT('',(-0.32,-10.48,-2.84));
#2178 = LINE('',#2179,#2180);
#2179 = CARTESIAN_POINT('',(-0.32,-10.48,-3.));
#2180 = VECTOR('',#2181,1.);
#2181 = DIRECTION('',(0.,0.,1.));
#2182 = ORIENTED_EDGE('',*,*,#2183,.T.);
#2183 = EDGE_CURVE('',#2176,#2153,#2184,.T.);
#2184 = LINE('',#2185,#2186);
#2185 = CARTESIAN_POINT('',(-0.32,-10.48,-2.84));
#2186 = VECTOR('',#2187,1.);
#2187 = DIRECTION('',(0.,1.,0.));
#2188 = ORIENTED_EDGE('',*,*,#2160,.T.);
#2189 = ORIENTED_EDGE('',*,*,#629,.F.);
#2190 = PLANE('',#2191);
#2191 = AXIS2_PLACEMENT_3D('',#2192,#2193,#2194);
#2192 = CARTESIAN_POINT('',(-0.32,-10.48,-3.));
#2193 = DIRECTION('',(1.,0.,0.));
#2194 = DIRECTION('',(0.,0.,1.));
#2195 = ADVANCED_FACE('',(#2196),#2214,.F.);
#2196 = FACE_BOUND('',#2197,.F.);
#2197 = EDGE_LOOP('',(#2198,#2206,#2212,#2213));
#2198 = ORIENTED_EDGE('',*,*,#2199,.F.);
#2199 = EDGE_CURVE('',#2200,#614,#2202,.T.);
#2200 = VERTEX_POINT('',#2201);
#2201 = CARTESIAN_POINT('',(0.32,-10.48,-2.84));
#2202 = LINE('',#2203,#2204);
#2203 = CARTESIAN_POINT('',(0.32,-10.48,-3.));
#2204 = VECTOR('',#2205,1.);
#2205 = DIRECTION('',(0.,0.,1.));
#2206 = ORIENTED_EDGE('',*,*,#2207,.F.);
#2207 = EDGE_CURVE('',#2176,#2200,#2208,.T.);
#2208 = LINE('',#2209,#2210);
#2209 = CARTESIAN_POINT('',(-0.32,-10.48,-2.84));
#2210 = VECTOR('',#2211,1.);
#2211 = DIRECTION('',(1.,0.,0.));
#2212 = ORIENTED_EDGE('',*,*,#2175,.T.);
#2213 = ORIENTED_EDGE('',*,*,#621,.F.);
#2214 = PLANE('',#2215);
#2215 = AXIS2_PLACEMENT_3D('',#2216,#2217,#2218);
#2216 = CARTESIAN_POINT('',(-0.32,-10.48,-3.));
#2217 = DIRECTION('',(0.,1.,0.));
#2218 = DIRECTION('',(0.,-0.,1.));
#2219 = ADVANCED_FACE('',(#2220),#2231,.T.);
#2220 = FACE_BOUND('',#2221,.T.);
#2221 = EDGE_LOOP('',(#2222,#2223,#2229,#2230));
#2222 = ORIENTED_EDGE('',*,*,#2199,.F.);
#2223 = ORIENTED_EDGE('',*,*,#2224,.T.);
#2224 = EDGE_CURVE('',#2200,#2145,#2225,.T.);
#2225 = LINE('',#2226,#2227);
#2226 = CARTESIAN_POINT('',(0.32,-10.48,-2.84));
#2227 = VECTOR('',#2228,1.);
#2228 = DIRECTION('',(0.,1.,0.));
#2229 = ORIENTED_EDGE('',*,*,#2144,.T.);
#2230 = ORIENTED_EDGE('',*,*,#613,.F.);
#2231 = PLANE('',#2232);
#2232 = AXIS2_PLACEMENT_3D('',#2233,#2234,#2235);
#2233 = CARTESIAN_POINT('',(0.32,-10.48,-3.));
#2234 = DIRECTION('',(1.,0.,0.));
#2235 = DIRECTION('',(0.,0.,1.));
#2236 = ADVANCED_FACE('',(#2237),#2262,.F.);
#2237 = FACE_BOUND('',#2238,.F.);
#2238 = EDGE_LOOP('',(#2239,#2247,#2255,#2261));
#2239 = ORIENTED_EDGE('',*,*,#2240,.F.);
#2240 = EDGE_CURVE('',#2241,#638,#2243,.T.);
#2241 = VERTEX_POINT('',#2242);
#2242 = CARTESIAN_POINT('',(0.32,-7.94,-2.84));
#2243 = LINE('',#2244,#2245);
#2244 = CARTESIAN_POINT('',(0.32,-7.94,-3.));
#2245 = VECTOR('',#2246,1.);
#2246 = DIRECTION('',(0.,0.,1.));
#2247 = ORIENTED_EDGE('',*,*,#2248,.F.);
#2248 = EDGE_CURVE('',#2249,#2241,#2251,.T.);
#2249 = VERTEX_POINT('',#2250);
#2250 = CARTESIAN_POINT('',(-0.32,-7.94,-2.84));
#2251 = LINE('',#2252,#2253);
#2252 = CARTESIAN_POINT('',(-0.32,-7.94,-2.84));
#2253 = VECTOR('',#2254,1.);
#2254 = DIRECTION('',(1.,0.,0.));
#2255 = ORIENTED_EDGE('',*,*,#2256,.T.);
#2256 = EDGE_CURVE('',#2249,#640,#2257,.T.);
#2257 = LINE('',#2258,#2259);
#2258 = CARTESIAN_POINT('',(-0.32,-7.94,-3.));
#2259 = VECTOR('',#2260,1.);
#2260 = DIRECTION('',(0.,0.,1.));
#2261 = ORIENTED_EDGE('',*,*,#637,.F.);
#2262 = PLANE('',#2263);
#2263 = AXIS2_PLACEMENT_3D('',#2264,#2265,#2266);
#2264 = CARTESIAN_POINT('',(-0.32,-7.94,-3.));
#2265 = DIRECTION('',(0.,1.,0.));
#2266 = DIRECTION('',(0.,-0.,1.));
#2267 = ADVANCED_FACE('',(#2268),#2286,.T.);
#2268 = FACE_BOUND('',#2269,.T.);
#2269 = EDGE_LOOP('',(#2270,#2271,#2279,#2285));
#2270 = ORIENTED_EDGE('',*,*,#2240,.F.);
#2271 = ORIENTED_EDGE('',*,*,#2272,.T.);
#2272 = EDGE_CURVE('',#2241,#2273,#2275,.T.);
#2273 = VERTEX_POINT('',#2274);
#2274 = CARTESIAN_POINT('',(0.32,-7.3,-2.84));
#2275 = LINE('',#2276,#2277);
#2276 = CARTESIAN_POINT('',(0.32,-7.94,-2.84));
#2277 = VECTOR('',#2278,1.);
#2278 = DIRECTION('',(0.,1.,0.));
#2279 = ORIENTED_EDGE('',*,*,#2280,.T.);
#2280 = EDGE_CURVE('',#2273,#656,#2281,.T.);
#2281 = LINE('',#2282,#2283);
#2282 = CARTESIAN_POINT('',(0.32,-7.3,-3.));
#2283 = VECTOR('',#2284,1.);
#2284 = DIRECTION('',(0.,0.,1.));
#2285 = ORIENTED_EDGE('',*,*,#663,.F.);
#2286 = PLANE('',#2287);
#2287 = AXIS2_PLACEMENT_3D('',#2288,#2289,#2290);
#2288 = CARTESIAN_POINT('',(0.32,-7.94,-3.));
#2289 = DIRECTION('',(1.,0.,0.));
#2290 = DIRECTION('',(0.,0.,1.));
#2291 = ADVANCED_FACE('',(#2292),#2310,.T.);
#2292 = FACE_BOUND('',#2293,.T.);
#2293 = EDGE_LOOP('',(#2294,#2295,#2303,#2309));
#2294 = ORIENTED_EDGE('',*,*,#2280,.F.);
#2295 = ORIENTED_EDGE('',*,*,#2296,.F.);
#2296 = EDGE_CURVE('',#2297,#2273,#2299,.T.);
#2297 = VERTEX_POINT('',#2298);
#2298 = CARTESIAN_POINT('',(-0.32,-7.3,-2.84));
#2299 = LINE('',#2300,#2301);
#2300 = CARTESIAN_POINT('',(-0.32,-7.3,-2.84));
#2301 = VECTOR('',#2302,1.);
#2302 = DIRECTION('',(1.,0.,0.));
#2303 = ORIENTED_EDGE('',*,*,#2304,.T.);
#2304 = EDGE_CURVE('',#2297,#648,#2305,.T.);
#2305 = LINE('',#2306,#2307);
#2306 = CARTESIAN_POINT('',(-0.32,-7.3,-3.));
#2307 = VECTOR('',#2308,1.);
#2308 = DIRECTION('',(0.,0.,1.));
#2309 = ORIENTED_EDGE('',*,*,#655,.F.);
#2310 = PLANE('',#2311);
#2311 = AXIS2_PLACEMENT_3D('',#2312,#2313,#2314);
#2312 = CARTESIAN_POINT('',(-0.32,-7.3,-3.));
#2313 = DIRECTION('',(0.,1.,0.));
#2314 = DIRECTION('',(0.,-0.,1.));
#2315 = ADVANCED_FACE('',(#2316),#2327,.F.);
#2316 = FACE_BOUND('',#2317,.F.);
#2317 = EDGE_LOOP('',(#2318,#2319,#2325,#2326));
#2318 = ORIENTED_EDGE('',*,*,#2256,.F.);
#2319 = ORIENTED_EDGE('',*,*,#2320,.T.);
#2320 = EDGE_CURVE('',#2249,#2297,#2321,.T.);
#2321 = LINE('',#2322,#2323);
#2322 = CARTESIAN_POINT('',(-0.32,-7.94,-2.84));
#2323 = VECTOR('',#2324,1.);
#2324 = DIRECTION('',(0.,1.,0.));
#2325 = ORIENTED_EDGE('',*,*,#2304,.T.);
#2326 = ORIENTED_EDGE('',*,*,#647,.F.);
#2327 = PLANE('',#2328);
#2328 = AXIS2_PLACEMENT_3D('',#2329,#2330,#2331);
#2329 = CARTESIAN_POINT('',(-0.32,-7.94,-3.));
#2330 = DIRECTION('',(1.,0.,0.));
#2331 = DIRECTION('',(0.,0.,1.));
#2332 = ADVANCED_FACE('',(#2333),#2358,.T.);
#2333 = FACE_BOUND('',#2334,.T.);
#2334 = EDGE_LOOP('',(#2335,#2343,#2344,#2352));
#2335 = ORIENTED_EDGE('',*,*,#2336,.F.);
#2336 = EDGE_CURVE('',#961,#2337,#2339,.T.);
#2337 = VERTEX_POINT('',#2338);
#2338 = CARTESIAN_POINT('',(0.32,-0.32,8.38));
#2339 = LINE('',#2340,#2341);
#2340 = CARTESIAN_POINT('',(0.32,-0.32,-3.));
#2341 = VECTOR('',#2342,1.);
#2342 = DIRECTION('',(0.,0.,1.));
#2343 = ORIENTED_EDGE('',*,*,#960,.T.);
#2344 = ORIENTED_EDGE('',*,*,#2345,.T.);
#2345 = EDGE_CURVE('',#963,#2346,#2348,.T.);
#2346 = VERTEX_POINT('',#2347);
#2347 = CARTESIAN_POINT('',(0.32,0.32,8.38));
#2348 = LINE('',#2349,#2350);
#2349 = CARTESIAN_POINT('',(0.32,0.32,-3.));
#2350 = VECTOR('',#2351,1.);
#2351 = DIRECTION('',(0.,0.,1.));
#2352 = ORIENTED_EDGE('',*,*,#2353,.F.);
#2353 = EDGE_CURVE('',#2337,#2346,#2354,.T.);
#2354 = LINE('',#2355,#2356);
#2355 = CARTESIAN_POINT('',(0.32,-0.32,8.38));
#2356 = VECTOR('',#2357,1.);
#2357 = DIRECTION('',(0.,1.,0.));
#2358 = PLANE('',#2359);
#2359 = AXIS2_PLACEMENT_3D('',#2360,#2361,#2362);
#2360 = CARTESIAN_POINT('',(0.32,-0.32,-3.));
#2361 = DIRECTION('',(1.,0.,0.));
#2362 = DIRECTION('',(0.,0.,1.));
#2363 = ADVANCED_FACE('',(#2364),#2382,.T.);
#2364 = FACE_BOUND('',#2365,.T.);
#2365 = EDGE_LOOP('',(#2366,#2367,#2368,#2376));
#2366 = ORIENTED_EDGE('',*,*,#2345,.F.);
#2367 = ORIENTED_EDGE('',*,*,#986,.T.);
#2368 = ORIENTED_EDGE('',*,*,#2369,.T.);
#2369 = EDGE_CURVE('',#979,#2370,#2372,.T.);
#2370 = VERTEX_POINT('',#2371);
#2371 = CARTESIAN_POINT('',(-0.32,0.32,8.38));
#2372 = LINE('',#2373,#2374);
#2373 = CARTESIAN_POINT('',(-0.32,0.32,-3.));
#2374 = VECTOR('',#2375,1.);
#2375 = DIRECTION('',(0.,0.,1.));
#2376 = ORIENTED_EDGE('',*,*,#2377,.T.);
#2377 = EDGE_CURVE('',#2370,#2346,#2378,.T.);
#2378 = LINE('',#2379,#2380);
#2379 = CARTESIAN_POINT('',(-0.32,0.32,8.38));
#2380 = VECTOR('',#2381,1.);
#2381 = DIRECTION('',(1.,0.,0.));
#2382 = PLANE('',#2383);
#2383 = AXIS2_PLACEMENT_3D('',#2384,#2385,#2386);
#2384 = CARTESIAN_POINT('',(-0.32,0.32,-3.));
#2385 = DIRECTION('',(0.,1.,0.));
#2386 = DIRECTION('',(0.,-0.,1.));
#2387 = ADVANCED_FACE('',(#2388),#2406,.F.);
#2388 = FACE_BOUND('',#2389,.F.);
#2389 = EDGE_LOOP('',(#2390,#2398,#2399,#2400));
#2390 = ORIENTED_EDGE('',*,*,#2391,.F.);
#2391 = EDGE_CURVE('',#971,#2392,#2394,.T.);
#2392 = VERTEX_POINT('',#2393);
#2393 = CARTESIAN_POINT('',(-0.32,-0.32,8.38));
#2394 = LINE('',#2395,#2396);
#2395 = CARTESIAN_POINT('',(-0.32,-0.32,-3.));
#2396 = VECTOR('',#2397,1.);
#2397 = DIRECTION('',(0.,0.,1.));
#2398 = ORIENTED_EDGE('',*,*,#978,.T.);
#2399 = ORIENTED_EDGE('',*,*,#2369,.T.);
#2400 = ORIENTED_EDGE('',*,*,#2401,.F.);
#2401 = EDGE_CURVE('',#2392,#2370,#2402,.T.);
#2402 = LINE('',#2403,#2404);
#2403 = CARTESIAN_POINT('',(-0.32,-0.32,8.38));
#2404 = VECTOR('',#2405,1.);
#2405 = DIRECTION('',(0.,1.,0.));
#2406 = PLANE('',#2407);
#2407 = AXIS2_PLACEMENT_3D('',#2408,#2409,#2410);
#2408 = CARTESIAN_POINT('',(-0.32,-0.32,-3.));
#2409 = DIRECTION('',(1.,0.,0.));
#2410 = DIRECTION('',(0.,0.,1.));
#2411 = ADVANCED_FACE('',(#2412),#2423,.F.);
#2412 = FACE_BOUND('',#2413,.F.);
#2413 = EDGE_LOOP('',(#2414,#2415,#2416,#2417));
#2414 = ORIENTED_EDGE('',*,*,#2336,.F.);
#2415 = ORIENTED_EDGE('',*,*,#970,.T.);
#2416 = ORIENTED_EDGE('',*,*,#2391,.T.);
#2417 = ORIENTED_EDGE('',*,*,#2418,.T.);
#2418 = EDGE_CURVE('',#2392,#2337,#2419,.T.);
#2419 = LINE('',#2420,#2421);
#2420 = CARTESIAN_POINT('',(-0.32,-0.32,8.38));
#2421 = VECTOR('',#2422,1.);
#2422 = DIRECTION('',(1.,0.,0.));
#2423 = PLANE('',#2424);
#2424 = AXIS2_PLACEMENT_3D('',#2425,#2426,#2427);
#2425 = CARTESIAN_POINT('',(-0.32,-0.32,-3.));
#2426 = DIRECTION('',(0.,1.,0.));
#2427 = DIRECTION('',(0.,-0.,1.));
#2428 = ADVANCED_FACE('',(#2429),#2454,.T.);
#2429 = FACE_BOUND('',#2430,.T.);
#2430 = EDGE_LOOP('',(#2431,#2439,#2440,#2448));
#2431 = ORIENTED_EDGE('',*,*,#2432,.F.);
#2432 = EDGE_CURVE('',#995,#2433,#2435,.T.);
#2433 = VERTEX_POINT('',#2434);
#2434 = CARTESIAN_POINT('',(0.32,-5.4,8.38));
#2435 = LINE('',#2436,#2437);
#2436 = CARTESIAN_POINT('',(0.32,-5.4,-3.));
#2437 = VECTOR('',#2438,1.);
#2438 = DIRECTION('',(0.,0.,1.));
#2439 = ORIENTED_EDGE('',*,*,#994,.T.);
#2440 = ORIENTED_EDGE('',*,*,#2441,.T.);
#2441 = EDGE_CURVE('',#997,#2442,#2444,.T.);
#2442 = VERTEX_POINT('',#2443);
#2443 = CARTESIAN_POINT('',(0.32,-4.76,8.38));
#2444 = LINE('',#2445,#2446);
#2445 = CARTESIAN_POINT('',(0.32,-4.76,-3.));
#2446 = VECTOR('',#2447,1.);
#2447 = DIRECTION('',(0.,0.,1.));
#2448 = ORIENTED_EDGE('',*,*,#2449,.F.);
#2449 = EDGE_CURVE('',#2433,#2442,#2450,.T.);
#2450 = LINE('',#2451,#2452);
#2451 = CARTESIAN_POINT('',(0.32,-5.4,8.38));
#2452 = VECTOR('',#2453,1.);
#2453 = DIRECTION('',(0.,1.,0.));
#2454 = PLANE('',#2455);
#2455 = AXIS2_PLACEMENT_3D('',#2456,#2457,#2458);
#2456 = CARTESIAN_POINT('',(0.32,-5.4,-3.));
#2457 = DIRECTION('',(1.,0.,0.));
#2458 = DIRECTION('',(0.,0.,1.));
#2459 = ADVANCED_FACE('',(#2460),#2478,.T.);
#2460 = FACE_BOUND('',#2461,.T.);
#2461 = EDGE_LOOP('',(#2462,#2463,#2464,#2472));
#2462 = ORIENTED_EDGE('',*,*,#2441,.F.);
#2463 = ORIENTED_EDGE('',*,*,#1020,.T.);
#2464 = ORIENTED_EDGE('',*,*,#2465,.T.);
#2465 = EDGE_CURVE('',#1013,#2466,#2468,.T.);
#2466 = VERTEX_POINT('',#2467);
#2467 = CARTESIAN_POINT('',(-0.32,-4.76,8.38));
#2468 = LINE('',#2469,#2470);
#2469 = CARTESIAN_POINT('',(-0.32,-4.76,-3.));
#2470 = VECTOR('',#2471,1.);
#2471 = DIRECTION('',(0.,0.,1.));
#2472 = ORIENTED_EDGE('',*,*,#2473,.T.);
#2473 = EDGE_CURVE('',#2466,#2442,#2474,.T.);
#2474 = LINE('',#2475,#2476);
#2475 = CARTESIAN_POINT('',(-0.32,-4.76,8.38));
#2476 = VECTOR('',#2477,1.);
#2477 = DIRECTION('',(1.,0.,0.));
#2478 = PLANE('',#2479);
#2479 = AXIS2_PLACEMENT_3D('',#2480,#2481,#2482);
#2480 = CARTESIAN_POINT('',(-0.32,-4.76,-3.));
#2481 = DIRECTION('',(0.,1.,0.));
#2482 = DIRECTION('',(0.,-0.,1.));
#2483 = ADVANCED_FACE('',(#2484),#2502,.F.);
#2484 = FACE_BOUND('',#2485,.F.);
#2485 = EDGE_LOOP('',(#2486,#2494,#2495,#2496));
#2486 = ORIENTED_EDGE('',*,*,#2487,.F.);
#2487 = EDGE_CURVE('',#1005,#2488,#2490,.T.);
#2488 = VERTEX_POINT('',#2489);
#2489 = CARTESIAN_POINT('',(-0.32,-5.4,8.38));
#2490 = LINE('',#2491,#2492);
#2491 = CARTESIAN_POINT('',(-0.32,-5.4,-3.));
#2492 = VECTOR('',#2493,1.);
#2493 = DIRECTION('',(0.,0.,1.));
#2494 = ORIENTED_EDGE('',*,*,#1012,.T.);
#2495 = ORIENTED_EDGE('',*,*,#2465,.T.);
#2496 = ORIENTED_EDGE('',*,*,#2497,.F.);
#2497 = EDGE_CURVE('',#2488,#2466,#2498,.T.);
#2498 = LINE('',#2499,#2500);
#2499 = CARTESIAN_POINT('',(-0.32,-5.4,8.38));
#2500 = VECTOR('',#2501,1.);
#2501 = DIRECTION('',(0.,1.,0.));
#2502 = PLANE('',#2503);
#2503 = AXIS2_PLACEMENT_3D('',#2504,#2505,#2506);
#2504 = CARTESIAN_POINT('',(-0.32,-5.4,-3.));
#2505 = DIRECTION('',(1.,0.,0.));
#2506 = DIRECTION('',(0.,0.,1.));
#2507 = ADVANCED_FACE('',(#2508),#2519,.F.);
#2508 = FACE_BOUND('',#2509,.F.);
#2509 = EDGE_LOOP('',(#2510,#2511,#2512,#2513));
#2510 = ORIENTED_EDGE('',*,*,#2432,.F.);
#2511 = ORIENTED_EDGE('',*,*,#1004,.T.);
#2512 = ORIENTED_EDGE('',*,*,#2487,.T.);
#2513 = ORIENTED_EDGE('',*,*,#2514,.T.);
#2514 = EDGE_CURVE('',#2488,#2433,#2515,.T.);
#2515 = LINE('',#2516,#2517);
#2516 = CARTESIAN_POINT('',(-0.32,-5.4,8.38));
#2517 = VECTOR('',#2518,1.);
#2518 = DIRECTION('',(1.,0.,0.));
#2519 = PLANE('',#2520);
#2520 = AXIS2_PLACEMENT_3D('',#2521,#2522,#2523);
#2521 = CARTESIAN_POINT('',(-0.32,-5.4,-3.));
#2522 = DIRECTION('',(0.,1.,0.));
#2523 = DIRECTION('',(0.,-0.,1.));
#2524 = ADVANCED_FACE('',(#2525),#2550,.T.);
#2525 = FACE_BOUND('',#2526,.T.);
#2526 = EDGE_LOOP('',(#2527,#2535,#2536,#2544));
#2527 = ORIENTED_EDGE('',*,*,#2528,.F.);
#2528 = EDGE_CURVE('',#1029,#2529,#2531,.T.);
#2529 = VERTEX_POINT('',#2530);
#2530 = CARTESIAN_POINT('',(0.32,-2.86,8.38));
#2531 = LINE('',#2532,#2533);
#2532 = CARTESIAN_POINT('',(0.32,-2.86,-3.));
#2533 = VECTOR('',#2534,1.);
#2534 = DIRECTION('',(0.,0.,1.));
#2535 = ORIENTED_EDGE('',*,*,#1028,.T.);
#2536 = ORIENTED_EDGE('',*,*,#2537,.T.);
#2537 = EDGE_CURVE('',#1031,#2538,#2540,.T.);
#2538 = VERTEX_POINT('',#2539);
#2539 = CARTESIAN_POINT('',(0.32,-2.22,8.38));
#2540 = LINE('',#2541,#2542);
#2541 = CARTESIAN_POINT('',(0.32,-2.22,-3.));
#2542 = VECTOR('',#2543,1.);
#2543 = DIRECTION('',(0.,0.,1.));
#2544 = ORIENTED_EDGE('',*,*,#2545,.F.);
#2545 = EDGE_CURVE('',#2529,#2538,#2546,.T.);
#2546 = LINE('',#2547,#2548);
#2547 = CARTESIAN_POINT('',(0.32,-2.86,8.38));
#2548 = VECTOR('',#2549,1.);
#2549 = DIRECTION('',(0.,1.,0.));
#2550 = PLANE('',#2551);
#2551 = AXIS2_PLACEMENT_3D('',#2552,#2553,#2554);
#2552 = CARTESIAN_POINT('',(0.32,-2.86,-3.));
#2553 = DIRECTION('',(1.,0.,0.));
#2554 = DIRECTION('',(0.,0.,1.));
#2555 = ADVANCED_FACE('',(#2556),#2574,.T.);
#2556 = FACE_BOUND('',#2557,.T.);
#2557 = EDGE_LOOP('',(#2558,#2559,#2560,#2568));
#2558 = ORIENTED_EDGE('',*,*,#2537,.F.);
#2559 = ORIENTED_EDGE('',*,*,#1054,.T.);
#2560 = ORIENTED_EDGE('',*,*,#2561,.T.);
#2561 = EDGE_CURVE('',#1047,#2562,#2564,.T.);
#2562 = VERTEX_POINT('',#2563);
#2563 = CARTESIAN_POINT('',(-0.32,-2.22,8.38));
#2564 = LINE('',#2565,#2566);
#2565 = CARTESIAN_POINT('',(-0.32,-2.22,-3.));
#2566 = VECTOR('',#2567,1.);
#2567 = DIRECTION('',(0.,0.,1.));
#2568 = ORIENTED_EDGE('',*,*,#2569,.T.);
#2569 = EDGE_CURVE('',#2562,#2538,#2570,.T.);
#2570 = LINE('',#2571,#2572);
#2571 = CARTESIAN_POINT('',(-0.32,-2.22,8.38));
#2572 = VECTOR('',#2573,1.);
#2573 = DIRECTION('',(1.,0.,0.));
#2574 = PLANE('',#2575);
#2575 = AXIS2_PLACEMENT_3D('',#2576,#2577,#2578);
#2576 = CARTESIAN_POINT('',(-0.32,-2.22,-3.));
#2577 = DIRECTION('',(0.,1.,0.));
#2578 = DIRECTION('',(0.,-0.,1.));
#2579 = ADVANCED_FACE('',(#2580),#2598,.F.);
#2580 = FACE_BOUND('',#2581,.F.);
#2581 = EDGE_LOOP('',(#2582,#2590,#2591,#2592));
#2582 = ORIENTED_EDGE('',*,*,#2583,.F.);
#2583 = EDGE_CURVE('',#1039,#2584,#2586,.T.);
#2584 = VERTEX_POINT('',#2585);
#2585 = CARTESIAN_POINT('',(-0.32,-2.86,8.38));
#2586 = LINE('',#2587,#2588);
#2587 = CARTESIAN_POINT('',(-0.32,-2.86,-3.));
#2588 = VECTOR('',#2589,1.);
#2589 = DIRECTION('',(0.,0.,1.));
#2590 = ORIENTED_EDGE('',*,*,#1046,.T.);
#2591 = ORIENTED_EDGE('',*,*,#2561,.T.);
#2592 = ORIENTED_EDGE('',*,*,#2593,.F.);
#2593 = EDGE_CURVE('',#2584,#2562,#2594,.T.);
#2594 = LINE('',#2595,#2596);
#2595 = CARTESIAN_POINT('',(-0.32,-2.86,8.38));
#2596 = VECTOR('',#2597,1.);
#2597 = DIRECTION('',(0.,1.,0.));
#2598 = PLANE('',#2599);
#2599 = AXIS2_PLACEMENT_3D('',#2600,#2601,#2602);
#2600 = CARTESIAN_POINT('',(-0.32,-2.86,-3.));
#2601 = DIRECTION('',(1.,0.,0.));
#2602 = DIRECTION('',(0.,0.,1.));
#2603 = ADVANCED_FACE('',(#2604),#2615,.F.);
#2604 = FACE_BOUND('',#2605,.F.);
#2605 = EDGE_LOOP('',(#2606,#2607,#2608,#2609));
#2606 = ORIENTED_EDGE('',*,*,#2528,.F.);
#2607 = ORIENTED_EDGE('',*,*,#1038,.T.);
#2608 = ORIENTED_EDGE('',*,*,#2583,.T.);
#2609 = ORIENTED_EDGE('',*,*,#2610,.T.);
#2610 = EDGE_CURVE('',#2584,#2529,#2611,.T.);
#2611 = LINE('',#2612,#2613);
#2612 = CARTESIAN_POINT('',(-0.32,-2.86,8.38));
#2613 = VECTOR('',#2614,1.);
#2614 = DIRECTION('',(1.,0.,0.));
#2615 = PLANE('',#2616);
#2616 = AXIS2_PLACEMENT_3D('',#2617,#2618,#2619);
#2617 = CARTESIAN_POINT('',(-0.32,-2.86,-3.));
#2618 = DIRECTION('',(0.,1.,0.));
#2619 = DIRECTION('',(0.,-0.,1.));
#2620 = ADVANCED_FACE('',(#2621),#2646,.F.);
#2621 = FACE_BOUND('',#2622,.F.);
#2622 = EDGE_LOOP('',(#2623,#2631,#2632,#2640));
#2623 = ORIENTED_EDGE('',*,*,#2624,.F.);
#2624 = EDGE_CURVE('',#1063,#2625,#2627,.T.);
#2625 = VERTEX_POINT('',#2626);
#2626 = CARTESIAN_POINT('',(0.32,-13.02,8.38));
#2627 = LINE('',#2628,#2629);
#2628 = CARTESIAN_POINT('',(0.32,-13.02,-3.));
#2629 = VECTOR('',#2630,1.);
#2630 = DIRECTION('',(0.,0.,1.));
#2631 = ORIENTED_EDGE('',*,*,#1062,.T.);
#2632 = ORIENTED_EDGE('',*,*,#2633,.T.);
#2633 = EDGE_CURVE('',#1065,#2634,#2636,.T.);
#2634 = VERTEX_POINT('',#2635);
#2635 = CARTESIAN_POINT('',(-0.32,-13.02,8.38));
#2636 = LINE('',#2637,#2638);
#2637 = CARTESIAN_POINT('',(-0.32,-13.02,-3.));
#2638 = VECTOR('',#2639,1.);
#2639 = DIRECTION('',(0.,0.,1.));
#2640 = ORIENTED_EDGE('',*,*,#2641,.T.);
#2641 = EDGE_CURVE('',#2634,#2625,#2642,.T.);
#2642 = LINE('',#2643,#2644);
#2643 = CARTESIAN_POINT('',(-0.32,-13.02,8.38));
#2644 = VECTOR('',#2645,1.);
#2645 = DIRECTION('',(1.,0.,0.));
#2646 = PLANE('',#2647);
#2647 = AXIS2_PLACEMENT_3D('',#2648,#2649,#2650);
#2648 = CARTESIAN_POINT('',(-0.32,-13.02,-3.));
#2649 = DIRECTION('',(0.,1.,0.));
#2650 = DIRECTION('',(0.,-0.,1.));
#2651 = ADVANCED_FACE('',(#2652),#2670,.T.);
#2652 = FACE_BOUND('',#2653,.T.);
#2653 = EDGE_LOOP('',(#2654,#2655,#2656,#2664));
#2654 = ORIENTED_EDGE('',*,*,#2624,.F.);
#2655 = ORIENTED_EDGE('',*,*,#1088,.T.);
#2656 = ORIENTED_EDGE('',*,*,#2657,.T.);
#2657 = EDGE_CURVE('',#1081,#2658,#2660,.T.);
#2658 = VERTEX_POINT('',#2659);
#2659 = CARTESIAN_POINT('',(0.32,-12.38,8.38));
#2660 = LINE('',#2661,#2662);
#2661 = CARTESIAN_POINT('',(0.32,-12.38,-3.));
#2662 = VECTOR('',#2663,1.);
#2663 = DIRECTION('',(0.,0.,1.));
#2664 = ORIENTED_EDGE('',*,*,#2665,.F.);
#2665 = EDGE_CURVE('',#2625,#2658,#2666,.T.);
#2666 = LINE('',#2667,#2668);
#2667 = CARTESIAN_POINT('',(0.32,-13.02,8.38));
#2668 = VECTOR('',#2669,1.);
#2669 = DIRECTION('',(0.,1.,0.));
#2670 = PLANE('',#2671);
#2671 = AXIS2_PLACEMENT_3D('',#2672,#2673,#2674);
#2672 = CARTESIAN_POINT('',(0.32,-13.02,-3.));
#2673 = DIRECTION('',(1.,0.,0.));
#2674 = DIRECTION('',(0.,0.,1.));
#2675 = ADVANCED_FACE('',(#2676),#2694,.T.);
#2676 = FACE_BOUND('',#2677,.T.);
#2677 = EDGE_LOOP('',(#2678,#2679,#2680,#2688));
#2678 = ORIENTED_EDGE('',*,*,#2657,.F.);
#2679 = ORIENTED_EDGE('',*,*,#1080,.T.);
#2680 = ORIENTED_EDGE('',*,*,#2681,.T.);
#2681 = EDGE_CURVE('',#1073,#2682,#2684,.T.);
#2682 = VERTEX_POINT('',#2683);
#2683 = CARTESIAN_POINT('',(-0.32,-12.38,8.38));
#2684 = LINE('',#2685,#2686);
#2685 = CARTESIAN_POINT('',(-0.32,-12.38,-3.));
#2686 = VECTOR('',#2687,1.);
#2687 = DIRECTION('',(0.,0.,1.));
#2688 = ORIENTED_EDGE('',*,*,#2689,.T.);
#2689 = EDGE_CURVE('',#2682,#2658,#2690,.T.);
#2690 = LINE('',#2691,#2692);
#2691 = CARTESIAN_POINT('',(-0.32,-12.38,8.38));
#2692 = VECTOR('',#2693,1.);
#2693 = DIRECTION('',(1.,0.,0.));
#2694 = PLANE('',#2695);
#2695 = AXIS2_PLACEMENT_3D('',#2696,#2697,#2698);
#2696 = CARTESIAN_POINT('',(-0.32,-12.38,-3.));
#2697 = DIRECTION('',(0.,1.,0.));
#2698 = DIRECTION('',(0.,-0.,1.));
#2699 = ADVANCED_FACE('',(#2700),#2711,.F.);
#2700 = FACE_BOUND('',#2701,.F.);
#2701 = EDGE_LOOP('',(#2702,#2703,#2704,#2705));
#2702 = ORIENTED_EDGE('',*,*,#2633,.F.);
#2703 = ORIENTED_EDGE('',*,*,#1072,.T.);
#2704 = ORIENTED_EDGE('',*,*,#2681,.T.);
#2705 = ORIENTED_EDGE('',*,*,#2706,.F.);
#2706 = EDGE_CURVE('',#2634,#2682,#2707,.T.);
#2707 = LINE('',#2708,#2709);
#2708 = CARTESIAN_POINT('',(-0.32,-13.02,8.38));
#2709 = VECTOR('',#2710,1.);
#2710 = DIRECTION('',(0.,1.,0.));
#2711 = PLANE('',#2712);
#2712 = AXIS2_PLACEMENT_3D('',#2713,#2714,#2715);
#2713 = CARTESIAN_POINT('',(-0.32,-13.02,-3.));
#2714 = DIRECTION('',(1.,0.,0.));
#2715 = DIRECTION('',(0.,0.,1.));
#2716 = ADVANCED_FACE('',(#2717),#2742,.T.);
#2717 = FACE_BOUND('',#2718,.T.);
#2718 = EDGE_LOOP('',(#2719,#2727,#2728,#2736));
#2719 = ORIENTED_EDGE('',*,*,#2720,.F.);
#2720 = EDGE_CURVE('',#1097,#2721,#2723,.T.);
#2721 = VERTEX_POINT('',#2722);
#2722 = CARTESIAN_POINT('',(0.32,-9.84,8.38));
#2723 = LINE('',#2724,#2725);
#2724 = CARTESIAN_POINT('',(0.32,-9.84,-3.));
#2725 = VECTOR('',#2726,1.);
#2726 = DIRECTION('',(0.,0.,1.));
#2727 = ORIENTED_EDGE('',*,*,#1096,.T.);
#2728 = ORIENTED_EDGE('',*,*,#2729,.T.);
#2729 = EDGE_CURVE('',#1099,#2730,#2732,.T.);
#2730 = VERTEX_POINT('',#2731);
#2731 = CARTESIAN_POINT('',(-0.32,-9.84,8.38));
#2732 = LINE('',#2733,#2734);
#2733 = CARTESIAN_POINT('',(-0.32,-9.84,-3.));
#2734 = VECTOR('',#2735,1.);
#2735 = DIRECTION('',(0.,0.,1.));
#2736 = ORIENTED_EDGE('',*,*,#2737,.T.);
#2737 = EDGE_CURVE('',#2730,#2721,#2738,.T.);
#2738 = LINE('',#2739,#2740);
#2739 = CARTESIAN_POINT('',(-0.32,-9.84,8.38));
#2740 = VECTOR('',#2741,1.);
#2741 = DIRECTION('',(1.,0.,0.));
#2742 = PLANE('',#2743);
#2743 = AXIS2_PLACEMENT_3D('',#2744,#2745,#2746);
#2744 = CARTESIAN_POINT('',(-0.32,-9.84,-3.));
#2745 = DIRECTION('',(0.,1.,0.));
#2746 = DIRECTION('',(0.,-0.,1.));
#2747 = ADVANCED_FACE('',(#2748),#2766,.F.);
#2748 = FACE_BOUND('',#2749,.F.);
#2749 = EDGE_LOOP('',(#2750,#2758,#2759,#2760));
#2750 = ORIENTED_EDGE('',*,*,#2751,.F.);
#2751 = EDGE_CURVE('',#1115,#2752,#2754,.T.);
#2752 = VERTEX_POINT('',#2753);
#2753 = CARTESIAN_POINT('',(-0.32,-10.48,8.38));
#2754 = LINE('',#2755,#2756);
#2755 = CARTESIAN_POINT('',(-0.32,-10.48,-3.));
#2756 = VECTOR('',#2757,1.);
#2757 = DIRECTION('',(0.,0.,1.));
#2758 = ORIENTED_EDGE('',*,*,#1122,.T.);
#2759 = ORIENTED_EDGE('',*,*,#2729,.T.);
#2760 = ORIENTED_EDGE('',*,*,#2761,.F.);
#2761 = EDGE_CURVE('',#2752,#2730,#2762,.T.);
#2762 = LINE('',#2763,#2764);
#2763 = CARTESIAN_POINT('',(-0.32,-10.48,8.38));
#2764 = VECTOR('',#2765,1.);
#2765 = DIRECTION('',(0.,1.,0.));
#2766 = PLANE('',#2767);
#2767 = AXIS2_PLACEMENT_3D('',#2768,#2769,#2770);
#2768 = CARTESIAN_POINT('',(-0.32,-10.48,-3.));
#2769 = DIRECTION('',(1.,0.,0.));
#2770 = DIRECTION('',(0.,0.,1.));
#2771 = ADVANCED_FACE('',(#2772),#2790,.F.);
#2772 = FACE_BOUND('',#2773,.F.);
#2773 = EDGE_LOOP('',(#2774,#2782,#2783,#2784));
#2774 = ORIENTED_EDGE('',*,*,#2775,.F.);
#2775 = EDGE_CURVE('',#1107,#2776,#2778,.T.);
#2776 = VERTEX_POINT('',#2777);
#2777 = CARTESIAN_POINT('',(0.32,-10.48,8.38));
#2778 = LINE('',#2779,#2780);
#2779 = CARTESIAN_POINT('',(0.32,-10.48,-3.));
#2780 = VECTOR('',#2781,1.);
#2781 = DIRECTION('',(0.,0.,1.));
#2782 = ORIENTED_EDGE('',*,*,#1114,.T.);
#2783 = ORIENTED_EDGE('',*,*,#2751,.T.);
#2784 = ORIENTED_EDGE('',*,*,#2785,.T.);
#2785 = EDGE_CURVE('',#2752,#2776,#2786,.T.);
#2786 = LINE('',#2787,#2788);
#2787 = CARTESIAN_POINT('',(-0.32,-10.48,8.38));
#2788 = VECTOR('',#2789,1.);
#2789 = DIRECTION('',(1.,0.,0.));
#2790 = PLANE('',#2791);
#2791 = AXIS2_PLACEMENT_3D('',#2792,#2793,#2794);
#2792 = CARTESIAN_POINT('',(-0.32,-10.48,-3.));
#2793 = DIRECTION('',(0.,1.,0.));
#2794 = DIRECTION('',(0.,-0.,1.));
#2795 = ADVANCED_FACE('',(#2796),#2807,.T.);
#2796 = FACE_BOUND('',#2797,.T.);
#2797 = EDGE_LOOP('',(#2798,#2799,#2800,#2801));
#2798 = ORIENTED_EDGE('',*,*,#2775,.F.);
#2799 = ORIENTED_EDGE('',*,*,#1106,.T.);
#2800 = ORIENTED_EDGE('',*,*,#2720,.T.);
#2801 = ORIENTED_EDGE('',*,*,#2802,.F.);
#2802 = EDGE_CURVE('',#2776,#2721,#2803,.T.);
#2803 = LINE('',#2804,#2805);
#2804 = CARTESIAN_POINT('',(0.32,-10.48,8.38));
#2805 = VECTOR('',#2806,1.);
#2806 = DIRECTION('',(0.,1.,0.));
#2807 = PLANE('',#2808);
#2808 = AXIS2_PLACEMENT_3D('',#2809,#2810,#2811);
#2809 = CARTESIAN_POINT('',(0.32,-10.48,-3.));
#2810 = DIRECTION('',(1.,0.,0.));
#2811 = DIRECTION('',(0.,0.,1.));
#2812 = ADVANCED_FACE('',(#2813),#2838,.F.);
#2813 = FACE_BOUND('',#2814,.F.);
#2814 = EDGE_LOOP('',(#2815,#2823,#2824,#2832));
#2815 = ORIENTED_EDGE('',*,*,#2816,.F.);
#2816 = EDGE_CURVE('',#1131,#2817,#2819,.T.);
#2817 = VERTEX_POINT('',#2818);
#2818 = CARTESIAN_POINT('',(0.32,-7.94,8.38));
#2819 = LINE('',#2820,#2821);
#2820 = CARTESIAN_POINT('',(0.32,-7.94,-3.));
#2821 = VECTOR('',#2822,1.);
#2822 = DIRECTION('',(0.,0.,1.));
#2823 = ORIENTED_EDGE('',*,*,#1130,.T.);
#2824 = ORIENTED_EDGE('',*,*,#2825,.T.);
#2825 = EDGE_CURVE('',#1133,#2826,#2828,.T.);
#2826 = VERTEX_POINT('',#2827);
#2827 = CARTESIAN_POINT('',(-0.32,-7.94,8.38));
#2828 = LINE('',#2829,#2830);
#2829 = CARTESIAN_POINT('',(-0.32,-7.94,-3.));
#2830 = VECTOR('',#2831,1.);
#2831 = DIRECTION('',(0.,0.,1.));
#2832 = ORIENTED_EDGE('',*,*,#2833,.T.);
#2833 = EDGE_CURVE('',#2826,#2817,#2834,.T.);
#2834 = LINE('',#2835,#2836);
#2835 = CARTESIAN_POINT('',(-0.32,-7.94,8.38));
#2836 = VECTOR('',#2837,1.);
#2837 = DIRECTION('',(1.,0.,0.));
#2838 = PLANE('',#2839);
#2839 = AXIS2_PLACEMENT_3D('',#2840,#2841,#2842);
#2840 = CARTESIAN_POINT('',(-0.32,-7.94,-3.));
#2841 = DIRECTION('',(0.,1.,0.));
#2842 = DIRECTION('',(0.,-0.,1.));
#2843 = ADVANCED_FACE('',(#2844),#2862,.T.);
#2844 = FACE_BOUND('',#2845,.T.);
#2845 = EDGE_LOOP('',(#2846,#2847,#2848,#2856));
#2846 = ORIENTED_EDGE('',*,*,#2816,.F.);
#2847 = ORIENTED_EDGE('',*,*,#1156,.T.);
#2848 = ORIENTED_EDGE('',*,*,#2849,.T.);
#2849 = EDGE_CURVE('',#1149,#2850,#2852,.T.);
#2850 = VERTEX_POINT('',#2851);
#2851 = CARTESIAN_POINT('',(0.32,-7.3,8.38));
#2852 = LINE('',#2853,#2854);
#2853 = CARTESIAN_POINT('',(0.32,-7.3,-3.));
#2854 = VECTOR('',#2855,1.);
#2855 = DIRECTION('',(0.,0.,1.));
#2856 = ORIENTED_EDGE('',*,*,#2857,.F.);
#2857 = EDGE_CURVE('',#2817,#2850,#2858,.T.);
#2858 = LINE('',#2859,#2860);
#2859 = CARTESIAN_POINT('',(0.32,-7.94,8.38));
#2860 = VECTOR('',#2861,1.);
#2861 = DIRECTION('',(0.,1.,0.));
#2862 = PLANE('',#2863);
#2863 = AXIS2_PLACEMENT_3D('',#2864,#2865,#2866);
#2864 = CARTESIAN_POINT('',(0.32,-7.94,-3.));
#2865 = DIRECTION('',(1.,0.,0.));
#2866 = DIRECTION('',(0.,0.,1.));
#2867 = ADVANCED_FACE('',(#2868),#2886,.T.);
#2868 = FACE_BOUND('',#2869,.T.);
#2869 = EDGE_LOOP('',(#2870,#2871,#2872,#2880));
#2870 = ORIENTED_EDGE('',*,*,#2849,.F.);
#2871 = ORIENTED_EDGE('',*,*,#1148,.T.);
#2872 = ORIENTED_EDGE('',*,*,#2873,.T.);
#2873 = EDGE_CURVE('',#1141,#2874,#2876,.T.);
#2874 = VERTEX_POINT('',#2875);
#2875 = CARTESIAN_POINT('',(-0.32,-7.3,8.38));
#2876 = LINE('',#2877,#2878);
#2877 = CARTESIAN_POINT('',(-0.32,-7.3,-3.));
#2878 = VECTOR('',#2879,1.);
#2879 = DIRECTION('',(0.,0.,1.));
#2880 = ORIENTED_EDGE('',*,*,#2881,.T.);
#2881 = EDGE_CURVE('',#2874,#2850,#2882,.T.);
#2882 = LINE('',#2883,#2884);
#2883 = CARTESIAN_POINT('',(-0.32,-7.3,8.38));
#2884 = VECTOR('',#2885,1.);
#2885 = DIRECTION('',(1.,0.,0.));
#2886 = PLANE('',#2887);
#2887 = AXIS2_PLACEMENT_3D('',#2888,#2889,#2890);
#2888 = CARTESIAN_POINT('',(-0.32,-7.3,-3.));
#2889 = DIRECTION('',(0.,1.,0.));
#2890 = DIRECTION('',(0.,-0.,1.));
#2891 = ADVANCED_FACE('',(#2892),#2903,.F.);
#2892 = FACE_BOUND('',#2893,.F.);
#2893 = EDGE_LOOP('',(#2894,#2895,#2896,#2897));
#2894 = ORIENTED_EDGE('',*,*,#2825,.F.);
#2895 = ORIENTED_EDGE('',*,*,#1140,.T.);
#2896 = ORIENTED_EDGE('',*,*,#2873,.T.);
#2897 = ORIENTED_EDGE('',*,*,#2898,.F.);
#2898 = EDGE_CURVE('',#2826,#2874,#2899,.T.);
#2899 = LINE('',#2900,#2901);
#2900 = CARTESIAN_POINT('',(-0.32,-7.94,8.38));
#2901 = VECTOR('',#2902,1.);
#2902 = DIRECTION('',(0.,1.,0.));
#2903 = PLANE('',#2904);
#2904 = AXIS2_PLACEMENT_3D('',#2905,#2906,#2907);
#2905 = CARTESIAN_POINT('',(-0.32,-7.94,-3.));
#2906 = DIRECTION('',(1.,0.,0.));
#2907 = DIRECTION('',(0.,0.,1.));
#2908 = ADVANCED_FACE('',(#2909),#2934,.F.);
#2909 = FACE_BOUND('',#2910,.F.);
#2910 = EDGE_LOOP('',(#2911,#2919,#2920,#2928));
#2911 = ORIENTED_EDGE('',*,*,#2912,.F.);
#2912 = EDGE_CURVE('',#1761,#2913,#2915,.T.);
#2913 = VERTEX_POINT('',#2914);
#2914 = CARTESIAN_POINT('',(0.16,-0.16,-3.));
#2915 = LINE('',#2916,#2917);
#2916 = CARTESIAN_POINT('',(0.16,-0.16,-3.));
#2917 = VECTOR('',#2918,1.);
#2918 = DIRECTION('',(-0.57735026919,0.57735026919,-0.57735026919));
#2919 = ORIENTED_EDGE('',*,*,#1768,.T.);
#2920 = ORIENTED_EDGE('',*,*,#2921,.T.);
#2921 = EDGE_CURVE('',#1769,#2922,#2924,.T.);
#2922 = VERTEX_POINT('',#2923);
#2923 = CARTESIAN_POINT('',(0.16,0.16,-3.));
#2924 = LINE('',#2925,#2926);
#2925 = CARTESIAN_POINT('',(5.333333333333E-02,5.333333333333E-02,
    -3.106666666667));
#2926 = VECTOR('',#2927,1.);
#2927 = DIRECTION('',(-0.57735026919,-0.57735026919,-0.57735026919));
#2928 = ORIENTED_EDGE('',*,*,#2929,.F.);
#2929 = EDGE_CURVE('',#2913,#2922,#2930,.T.);
#2930 = LINE('',#2931,#2932);
#2931 = CARTESIAN_POINT('',(0.16,-0.32,-3.));
#2932 = VECTOR('',#2933,1.);
#2933 = DIRECTION('',(0.,1.,0.));
#2934 = PLANE('',#2935);
#2935 = AXIS2_PLACEMENT_3D('',#2936,#2937,#2938);
#2936 = CARTESIAN_POINT('',(0.24,-0.32,-2.92));
#2937 = DIRECTION('',(-0.707106781187,1.735167508357E-18,0.707106781187)
  );
#2938 = DIRECTION('',(1.226948711654E-18,1.,-1.226948711654E-18));
#2939 = ADVANCED_FACE('',(#2940),#2958,.F.);
#2940 = FACE_BOUND('',#2941,.T.);
#2941 = EDGE_LOOP('',(#2942,#2950,#2951,#2952));
#2942 = ORIENTED_EDGE('',*,*,#2943,.F.);
#2943 = EDGE_CURVE('',#1793,#2944,#2946,.T.);
#2944 = VERTEX_POINT('',#2945);
#2945 = CARTESIAN_POINT('',(-0.16,0.16,-3.));
#2946 = LINE('',#2947,#2948);
#2947 = CARTESIAN_POINT('',(-0.16,0.16,-3.));
#2948 = VECTOR('',#2949,1.);
#2949 = DIRECTION('',(0.57735026919,-0.57735026919,-0.57735026919));
#2950 = ORIENTED_EDGE('',*,*,#1792,.T.);
#2951 = ORIENTED_EDGE('',*,*,#2921,.T.);
#2952 = ORIENTED_EDGE('',*,*,#2953,.F.);
#2953 = EDGE_CURVE('',#2944,#2922,#2954,.T.);
#2954 = LINE('',#2955,#2956);
#2955 = CARTESIAN_POINT('',(-0.32,0.16,-3.));
#2956 = VECTOR('',#2957,1.);
#2957 = DIRECTION('',(1.,0.,0.));
#2958 = PLANE('',#2959);
#2959 = AXIS2_PLACEMENT_3D('',#2960,#2961,#2962);
#2960 = CARTESIAN_POINT('',(-0.32,0.24,-2.92));
#2961 = DIRECTION('',(-1.735167508357E-18,-0.707106781187,0.707106781187
    ));
#2962 = DIRECTION('',(-1.,1.226948711654E-18,-1.226948711654E-18));
#2963 = ADVANCED_FACE('',(#2964),#2982,.T.);
#2964 = FACE_BOUND('',#2965,.T.);
#2965 = EDGE_LOOP('',(#2966,#2974,#2975,#2976));
#2966 = ORIENTED_EDGE('',*,*,#2967,.F.);
#2967 = EDGE_CURVE('',#1816,#2968,#2970,.T.);
#2968 = VERTEX_POINT('',#2969);
#2969 = CARTESIAN_POINT('',(-0.16,-0.16,-3.));
#2970 = LINE('',#2971,#2972);
#2971 = CARTESIAN_POINT('',(-0.266666666667,-0.266666666667,
    -2.893333333333));
#2972 = VECTOR('',#2973,1.);
#2973 = DIRECTION('',(0.57735026919,0.57735026919,-0.57735026919));
#2974 = ORIENTED_EDGE('',*,*,#1823,.T.);
#2975 = ORIENTED_EDGE('',*,*,#2943,.T.);
#2976 = ORIENTED_EDGE('',*,*,#2977,.F.);
#2977 = EDGE_CURVE('',#2968,#2944,#2978,.T.);
#2978 = LINE('',#2979,#2980);
#2979 = CARTESIAN_POINT('',(-0.16,-0.32,-3.));
#2980 = VECTOR('',#2981,1.);
#2981 = DIRECTION('',(0.,1.,0.));
#2982 = PLANE('',#2983);
#2983 = AXIS2_PLACEMENT_3D('',#2984,#2985,#2986);
#2984 = CARTESIAN_POINT('',(-0.24,-0.32,-2.92));
#2985 = DIRECTION('',(-0.707106781187,-1.735167508357E-18,
    -0.707106781187));
#2986 = DIRECTION('',(-1.226948711654E-18,1.,-1.226948711654E-18));
#2987 = ADVANCED_FACE('',(#2988),#2999,.T.);
#2988 = FACE_BOUND('',#2989,.F.);
#2989 = EDGE_LOOP('',(#2990,#2991,#2992,#2993));
#2990 = ORIENTED_EDGE('',*,*,#2967,.F.);
#2991 = ORIENTED_EDGE('',*,*,#1840,.T.);
#2992 = ORIENTED_EDGE('',*,*,#2912,.T.);
#2993 = ORIENTED_EDGE('',*,*,#2994,.F.);
#2994 = EDGE_CURVE('',#2968,#2913,#2995,.T.);
#2995 = LINE('',#2996,#2997);
#2996 = CARTESIAN_POINT('',(-0.32,-0.16,-3.));
#2997 = VECTOR('',#2998,1.);
#2998 = DIRECTION('',(1.,0.,0.));
#2999 = PLANE('',#3000);
#3000 = AXIS2_PLACEMENT_3D('',#3001,#3002,#3003);
#3001 = CARTESIAN_POINT('',(-0.32,-0.24,-2.92));
#3002 = DIRECTION('',(1.735167508357E-18,-0.707106781187,-0.707106781187
    ));
#3003 = DIRECTION('',(-1.,-1.226948711654E-18,-1.226948711654E-18));
#3004 = ADVANCED_FACE('',(#3005),#3030,.F.);
#3005 = FACE_BOUND('',#3006,.F.);
#3006 = EDGE_LOOP('',(#3007,#3015,#3016,#3024));
#3007 = ORIENTED_EDGE('',*,*,#3008,.F.);
#3008 = EDGE_CURVE('',#1857,#3009,#3011,.T.);
#3009 = VERTEX_POINT('',#3010);
#3010 = CARTESIAN_POINT('',(0.16,-5.24,-3.));
#3011 = LINE('',#3012,#3013);
#3012 = CARTESIAN_POINT('',(0.16,-5.24,-3.));
#3013 = VECTOR('',#3014,1.);
#3014 = DIRECTION('',(-0.57735026919,0.57735026919,-0.57735026919));
#3015 = ORIENTED_EDGE('',*,*,#1864,.T.);
#3016 = ORIENTED_EDGE('',*,*,#3017,.T.);
#3017 = EDGE_CURVE('',#1865,#3018,#3020,.T.);
#3018 = VERTEX_POINT('',#3019);
#3019 = CARTESIAN_POINT('',(0.16,-4.92,-3.));
#3020 = LINE('',#3021,#3022);
#3021 = CARTESIAN_POINT('',(5.333333333333E-02,-5.026666666667,
    -3.106666666667));
#3022 = VECTOR('',#3023,1.);
#3023 = DIRECTION('',(-0.57735026919,-0.57735026919,-0.57735026919));
#3024 = ORIENTED_EDGE('',*,*,#3025,.F.);
#3025 = EDGE_CURVE('',#3009,#3018,#3026,.T.);
#3026 = LINE('',#3027,#3028);
#3027 = CARTESIAN_POINT('',(0.16,-5.4,-3.));
#3028 = VECTOR('',#3029,1.);
#3029 = DIRECTION('',(0.,1.,0.));
#3030 = PLANE('',#3031);
#3031 = AXIS2_PLACEMENT_3D('',#3032,#3033,#3034);
#3032 = CARTESIAN_POINT('',(0.24,-5.4,-2.92));
#3033 = DIRECTION('',(-0.707106781187,1.735167508357E-18,0.707106781187)
  );
#3034 = DIRECTION('',(1.226948711654E-18,1.,-1.226948711654E-18));
#3035 = ADVANCED_FACE('',(#3036),#3054,.F.);
#3036 = FACE_BOUND('',#3037,.T.);
#3037 = EDGE_LOOP('',(#3038,#3046,#3047,#3048));
#3038 = ORIENTED_EDGE('',*,*,#3039,.F.);
#3039 = EDGE_CURVE('',#1889,#3040,#3042,.T.);
#3040 = VERTEX_POINT('',#3041);
#3041 = CARTESIAN_POINT('',(-0.16,-4.92,-3.));
#3042 = LINE('',#3043,#3044);
#3043 = CARTESIAN_POINT('',(-0.16,-4.92,-3.));
#3044 = VECTOR('',#3045,1.);
#3045 = DIRECTION('',(0.57735026919,-0.57735026919,-0.57735026919));
#3046 = ORIENTED_EDGE('',*,*,#1888,.T.);
#3047 = ORIENTED_EDGE('',*,*,#3017,.T.);
#3048 = ORIENTED_EDGE('',*,*,#3049,.F.);
#3049 = EDGE_CURVE('',#3040,#3018,#3050,.T.);
#3050 = LINE('',#3051,#3052);
#3051 = CARTESIAN_POINT('',(-0.32,-4.92,-3.));
#3052 = VECTOR('',#3053,1.);
#3053 = DIRECTION('',(1.,0.,0.));
#3054 = PLANE('',#3055);
#3055 = AXIS2_PLACEMENT_3D('',#3056,#3057,#3058);
#3056 = CARTESIAN_POINT('',(-0.32,-4.84,-2.92));
#3057 = DIRECTION('',(-1.735167508357E-18,-0.707106781187,0.707106781187
    ));
#3058 = DIRECTION('',(-1.,1.226948711654E-18,-1.226948711654E-18));
#3059 = ADVANCED_FACE('',(#3060),#3078,.T.);
#3060 = FACE_BOUND('',#3061,.T.);
#3061 = EDGE_LOOP('',(#3062,#3070,#3071,#3072));
#3062 = ORIENTED_EDGE('',*,*,#3063,.F.);
#3063 = EDGE_CURVE('',#1912,#3064,#3066,.T.);
#3064 = VERTEX_POINT('',#3065);
#3065 = CARTESIAN_POINT('',(-0.16,-5.24,-3.));
#3066 = LINE('',#3067,#3068);
#3067 = CARTESIAN_POINT('',(-0.266666666667,-5.346666666667,
    -2.893333333333));
#3068 = VECTOR('',#3069,1.);
#3069 = DIRECTION('',(0.57735026919,0.57735026919,-0.57735026919));
#3070 = ORIENTED_EDGE('',*,*,#1919,.T.);
#3071 = ORIENTED_EDGE('',*,*,#3039,.T.);
#3072 = ORIENTED_EDGE('',*,*,#3073,.F.);
#3073 = EDGE_CURVE('',#3064,#3040,#3074,.T.);
#3074 = LINE('',#3075,#3076);
#3075 = CARTESIAN_POINT('',(-0.16,-5.4,-3.));
#3076 = VECTOR('',#3077,1.);
#3077 = DIRECTION('',(0.,1.,0.));
#3078 = PLANE('',#3079);
#3079 = AXIS2_PLACEMENT_3D('',#3080,#3081,#3082);
#3080 = CARTESIAN_POINT('',(-0.24,-5.4,-2.92));
#3081 = DIRECTION('',(-0.707106781187,-1.735167508357E-18,
    -0.707106781187));
#3082 = DIRECTION('',(-1.226948711654E-18,1.,-1.226948711654E-18));
#3083 = ADVANCED_FACE('',(#3084),#3095,.T.);
#3084 = FACE_BOUND('',#3085,.F.);
#3085 = EDGE_LOOP('',(#3086,#3087,#3088,#3089));
#3086 = ORIENTED_EDGE('',*,*,#3063,.F.);
#3087 = ORIENTED_EDGE('',*,*,#1936,.T.);
#3088 = ORIENTED_EDGE('',*,*,#3008,.T.);
#3089 = ORIENTED_EDGE('',*,*,#3090,.F.);
#3090 = EDGE_CURVE('',#3064,#3009,#3091,.T.);
#3091 = LINE('',#3092,#3093);
#3092 = CARTESIAN_POINT('',(-0.32,-5.24,-3.));
#3093 = VECTOR('',#3094,1.);
#3094 = DIRECTION('',(1.,0.,0.));
#3095 = PLANE('',#3096);
#3096 = AXIS2_PLACEMENT_3D('',#3097,#3098,#3099);
#3097 = CARTESIAN_POINT('',(-0.32,-5.32,-2.92));
#3098 = DIRECTION('',(1.735167508357E-18,-0.707106781187,-0.707106781187
    ));
#3099 = DIRECTION('',(-1.,-1.226948711654E-18,-1.226948711654E-18));
#3100 = ADVANCED_FACE('',(#3101),#3126,.F.);
#3101 = FACE_BOUND('',#3102,.F.);
#3102 = EDGE_LOOP('',(#3103,#3111,#3112,#3120));
#3103 = ORIENTED_EDGE('',*,*,#3104,.F.);
#3104 = EDGE_CURVE('',#1953,#3105,#3107,.T.);
#3105 = VERTEX_POINT('',#3106);
#3106 = CARTESIAN_POINT('',(0.16,-2.7,-3.));
#3107 = LINE('',#3108,#3109);
#3108 = CARTESIAN_POINT('',(0.16,-2.7,-3.));
#3109 = VECTOR('',#3110,1.);
#3110 = DIRECTION('',(-0.57735026919,0.57735026919,-0.57735026919));
#3111 = ORIENTED_EDGE('',*,*,#1960,.T.);
#3112 = ORIENTED_EDGE('',*,*,#3113,.T.);
#3113 = EDGE_CURVE('',#1961,#3114,#3116,.T.);
#3114 = VERTEX_POINT('',#3115);
#3115 = CARTESIAN_POINT('',(0.16,-2.38,-3.));
#3116 = LINE('',#3117,#3118);
#3117 = CARTESIAN_POINT('',(5.333333333333E-02,-2.486666666667,
    -3.106666666667));
#3118 = VECTOR('',#3119,1.);
#3119 = DIRECTION('',(-0.57735026919,-0.57735026919,-0.57735026919));
#3120 = ORIENTED_EDGE('',*,*,#3121,.F.);
#3121 = EDGE_CURVE('',#3105,#3114,#3122,.T.);
#3122 = LINE('',#3123,#3124);
#3123 = CARTESIAN_POINT('',(0.16,-2.86,-3.));
#3124 = VECTOR('',#3125,1.);
#3125 = DIRECTION('',(0.,1.,0.));
#3126 = PLANE('',#3127);
#3127 = AXIS2_PLACEMENT_3D('',#3128,#3129,#3130);
#3128 = CARTESIAN_POINT('',(0.24,-2.86,-2.92));
#3129 = DIRECTION('',(-0.707106781187,1.735167508357E-18,0.707106781187)
  );
#3130 = DIRECTION('',(1.226948711654E-18,1.,-1.226948711654E-18));
#3131 = ADVANCED_FACE('',(#3132),#3150,.F.);
#3132 = FACE_BOUND('',#3133,.T.);
#3133 = EDGE_LOOP('',(#3134,#3142,#3143,#3144));
#3134 = ORIENTED_EDGE('',*,*,#3135,.F.);
#3135 = EDGE_CURVE('',#1985,#3136,#3138,.T.);
#3136 = VERTEX_POINT('',#3137);
#3137 = CARTESIAN_POINT('',(-0.16,-2.38,-3.));
#3138 = LINE('',#3139,#3140);
#3139 = CARTESIAN_POINT('',(-0.16,-2.38,-3.));
#3140 = VECTOR('',#3141,1.);
#3141 = DIRECTION('',(0.57735026919,-0.57735026919,-0.57735026919));
#3142 = ORIENTED_EDGE('',*,*,#1984,.T.);
#3143 = ORIENTED_EDGE('',*,*,#3113,.T.);
#3144 = ORIENTED_EDGE('',*,*,#3145,.F.);
#3145 = EDGE_CURVE('',#3136,#3114,#3146,.T.);
#3146 = LINE('',#3147,#3148);
#3147 = CARTESIAN_POINT('',(-0.32,-2.38,-3.));
#3148 = VECTOR('',#3149,1.);
#3149 = DIRECTION('',(1.,0.,0.));
#3150 = PLANE('',#3151);
#3151 = AXIS2_PLACEMENT_3D('',#3152,#3153,#3154);
#3152 = CARTESIAN_POINT('',(-0.32,-2.3,-2.92));
#3153 = DIRECTION('',(-1.735167508357E-18,-0.707106781187,0.707106781187
    ));
#3154 = DIRECTION('',(-1.,1.226948711654E-18,-1.226948711654E-18));
#3155 = ADVANCED_FACE('',(#3156),#3174,.T.);
#3156 = FACE_BOUND('',#3157,.T.);
#3157 = EDGE_LOOP('',(#3158,#3166,#3167,#3168));
#3158 = ORIENTED_EDGE('',*,*,#3159,.F.);
#3159 = EDGE_CURVE('',#2008,#3160,#3162,.T.);
#3160 = VERTEX_POINT('',#3161);
#3161 = CARTESIAN_POINT('',(-0.16,-2.7,-3.));
#3162 = LINE('',#3163,#3164);
#3163 = CARTESIAN_POINT('',(-0.266666666667,-2.806666666667,
    -2.893333333333));
#3164 = VECTOR('',#3165,1.);
#3165 = DIRECTION('',(0.57735026919,0.57735026919,-0.57735026919));
#3166 = ORIENTED_EDGE('',*,*,#2015,.T.);
#3167 = ORIENTED_EDGE('',*,*,#3135,.T.);
#3168 = ORIENTED_EDGE('',*,*,#3169,.F.);
#3169 = EDGE_CURVE('',#3160,#3136,#3170,.T.);
#3170 = LINE('',#3171,#3172);
#3171 = CARTESIAN_POINT('',(-0.16,-2.86,-3.));
#3172 = VECTOR('',#3173,1.);
#3173 = DIRECTION('',(0.,1.,0.));
#3174 = PLANE('',#3175);
#3175 = AXIS2_PLACEMENT_3D('',#3176,#3177,#3178);
#3176 = CARTESIAN_POINT('',(-0.24,-2.86,-2.92));
#3177 = DIRECTION('',(-0.707106781187,-1.735167508357E-18,
    -0.707106781187));
#3178 = DIRECTION('',(-1.226948711654E-18,1.,-1.226948711654E-18));
#3179 = ADVANCED_FACE('',(#3180),#3191,.T.);
#3180 = FACE_BOUND('',#3181,.F.);
#3181 = EDGE_LOOP('',(#3182,#3183,#3184,#3185));
#3182 = ORIENTED_EDGE('',*,*,#3159,.F.);
#3183 = ORIENTED_EDGE('',*,*,#2032,.T.);
#3184 = ORIENTED_EDGE('',*,*,#3104,.T.);
#3185 = ORIENTED_EDGE('',*,*,#3186,.F.);
#3186 = EDGE_CURVE('',#3160,#3105,#3187,.T.);
#3187 = LINE('',#3188,#3189);
#3188 = CARTESIAN_POINT('',(-0.32,-2.7,-3.));
#3189 = VECTOR('',#3190,1.);
#3190 = DIRECTION('',(1.,0.,0.));
#3191 = PLANE('',#3192);
#3192 = AXIS2_PLACEMENT_3D('',#3193,#3194,#3195);
#3193 = CARTESIAN_POINT('',(-0.32,-2.78,-2.92));
#3194 = DIRECTION('',(1.735167508357E-18,-0.707106781187,-0.707106781187
    ));
#3195 = DIRECTION('',(-1.,-1.226948711654E-18,-1.226948711654E-18));
#3196 = ADVANCED_FACE('',(#3197),#3222,.T.);
#3197 = FACE_BOUND('',#3198,.F.);
#3198 = EDGE_LOOP('',(#3199,#3207,#3208,#3216));
#3199 = ORIENTED_EDGE('',*,*,#3200,.F.);
#3200 = EDGE_CURVE('',#2057,#3201,#3203,.T.);
#3201 = VERTEX_POINT('',#3202);
#3202 = CARTESIAN_POINT('',(-0.16,-12.86,-3.));
#3203 = LINE('',#3204,#3205);
#3204 = CARTESIAN_POINT('',(-0.266666666667,-12.96666666666,
    -2.893333333333));
#3205 = VECTOR('',#3206,1.);
#3206 = DIRECTION('',(0.57735026919,0.57735026919,-0.57735026919));
#3207 = ORIENTED_EDGE('',*,*,#2056,.T.);
#3208 = ORIENTED_EDGE('',*,*,#3209,.T.);
#3209 = EDGE_CURVE('',#2049,#3210,#3212,.T.);
#3210 = VERTEX_POINT('',#3211);
#3211 = CARTESIAN_POINT('',(0.16,-12.86,-3.));
#3212 = LINE('',#3213,#3214);
#3213 = CARTESIAN_POINT('',(0.16,-12.86,-3.));
#3214 = VECTOR('',#3215,1.);
#3215 = DIRECTION('',(-0.57735026919,0.57735026919,-0.57735026919));
#3216 = ORIENTED_EDGE('',*,*,#3217,.F.);
#3217 = EDGE_CURVE('',#3201,#3210,#3218,.T.);
#3218 = LINE('',#3219,#3220);
#3219 = CARTESIAN_POINT('',(-0.32,-12.86,-3.));
#3220 = VECTOR('',#3221,1.);
#3221 = DIRECTION('',(1.,0.,0.));
#3222 = PLANE('',#3223);
#3223 = AXIS2_PLACEMENT_3D('',#3224,#3225,#3226);
#3224 = CARTESIAN_POINT('',(-0.32,-12.94,-2.92));
#3225 = DIRECTION('',(1.735167508357E-18,-0.707106781187,-0.707106781187
    ));
#3226 = DIRECTION('',(-1.,-1.226948711654E-18,-1.226948711654E-18));
#3227 = ADVANCED_FACE('',(#3228),#3246,.F.);
#3228 = FACE_BOUND('',#3229,.F.);
#3229 = EDGE_LOOP('',(#3230,#3231,#3232,#3240));
#3230 = ORIENTED_EDGE('',*,*,#3209,.F.);
#3231 = ORIENTED_EDGE('',*,*,#2080,.T.);
#3232 = ORIENTED_EDGE('',*,*,#3233,.T.);
#3233 = EDGE_CURVE('',#2081,#3234,#3236,.T.);
#3234 = VERTEX_POINT('',#3235);
#3235 = CARTESIAN_POINT('',(0.16,-12.54,-3.));
#3236 = LINE('',#3237,#3238);
#3237 = CARTESIAN_POINT('',(5.333333333333E-02,-12.64666666666,
    -3.106666666667));
#3238 = VECTOR('',#3239,1.);
#3239 = DIRECTION('',(-0.57735026919,-0.57735026919,-0.57735026919));
#3240 = ORIENTED_EDGE('',*,*,#3241,.F.);
#3241 = EDGE_CURVE('',#3210,#3234,#3242,.T.);
#3242 = LINE('',#3243,#3244);
#3243 = CARTESIAN_POINT('',(0.16,-13.02,-3.));
#3244 = VECTOR('',#3245,1.);
#3245 = DIRECTION('',(0.,1.,0.));
#3246 = PLANE('',#3247);
#3247 = AXIS2_PLACEMENT_3D('',#3248,#3249,#3250);
#3248 = CARTESIAN_POINT('',(0.24,-13.02,-2.92));
#3249 = DIRECTION('',(-0.707106781187,1.735167508357E-18,0.707106781187)
  );
#3250 = DIRECTION('',(1.226948711654E-18,1.,-1.226948711654E-18));
#3251 = ADVANCED_FACE('',(#3252),#3270,.F.);
#3252 = FACE_BOUND('',#3253,.T.);
#3253 = EDGE_LOOP('',(#3254,#3262,#3263,#3264));
#3254 = ORIENTED_EDGE('',*,*,#3255,.F.);
#3255 = EDGE_CURVE('',#2105,#3256,#3258,.T.);
#3256 = VERTEX_POINT('',#3257);
#3257 = CARTESIAN_POINT('',(-0.16,-12.54,-3.));
#3258 = LINE('',#3259,#3260);
#3259 = CARTESIAN_POINT('',(-0.16,-12.54,-3.));
#3260 = VECTOR('',#3261,1.);
#3261 = DIRECTION('',(0.57735026919,-0.57735026919,-0.57735026919));
#3262 = ORIENTED_EDGE('',*,*,#2104,.T.);
#3263 = ORIENTED_EDGE('',*,*,#3233,.T.);
#3264 = ORIENTED_EDGE('',*,*,#3265,.F.);
#3265 = EDGE_CURVE('',#3256,#3234,#3266,.T.);
#3266 = LINE('',#3267,#3268);
#3267 = CARTESIAN_POINT('',(-0.32,-12.54,-3.));
#3268 = VECTOR('',#3269,1.);
#3269 = DIRECTION('',(1.,0.,0.));
#3270 = PLANE('',#3271);
#3271 = AXIS2_PLACEMENT_3D('',#3272,#3273,#3274);
#3272 = CARTESIAN_POINT('',(-0.32,-12.46,-2.92));
#3273 = DIRECTION('',(-1.735167508357E-18,-0.707106781187,0.707106781187
    ));
#3274 = DIRECTION('',(-1.,1.226948711654E-18,-1.226948711654E-18));
#3275 = ADVANCED_FACE('',(#3276),#3287,.T.);
#3276 = FACE_BOUND('',#3277,.T.);
#3277 = EDGE_LOOP('',(#3278,#3279,#3280,#3281));
#3278 = ORIENTED_EDGE('',*,*,#3200,.F.);
#3279 = ORIENTED_EDGE('',*,*,#2128,.T.);
#3280 = ORIENTED_EDGE('',*,*,#3255,.T.);
#3281 = ORIENTED_EDGE('',*,*,#3282,.F.);
#3282 = EDGE_CURVE('',#3201,#3256,#3283,.T.);
#3283 = LINE('',#3284,#3285);
#3284 = CARTESIAN_POINT('',(-0.16,-13.02,-3.));
#3285 = VECTOR('',#3286,1.);
#3286 = DIRECTION('',(0.,1.,0.));
#3287 = PLANE('',#3288);
#3288 = AXIS2_PLACEMENT_3D('',#3289,#3290,#3291);
#3289 = CARTESIAN_POINT('',(-0.24,-13.02,-2.92));
#3290 = DIRECTION('',(-0.707106781187,-1.735167508357E-18,
    -0.707106781187));
#3291 = DIRECTION('',(-1.226948711654E-18,1.,-1.226948711654E-18));
#3292 = ADVANCED_FACE('',(#3293),#3318,.F.);
#3293 = FACE_BOUND('',#3294,.T.);
#3294 = EDGE_LOOP('',(#3295,#3303,#3304,#3312));
#3295 = ORIENTED_EDGE('',*,*,#3296,.F.);
#3296 = EDGE_CURVE('',#2153,#3297,#3299,.T.);
#3297 = VERTEX_POINT('',#3298);
#3298 = CARTESIAN_POINT('',(-0.16,-10.,-3.));
#3299 = LINE('',#3300,#3301);
#3300 = CARTESIAN_POINT('',(-0.16,-10.,-3.));
#3301 = VECTOR('',#3302,1.);
#3302 = DIRECTION('',(0.57735026919,-0.57735026919,-0.57735026919));
#3303 = ORIENTED_EDGE('',*,*,#2152,.T.);
#3304 = ORIENTED_EDGE('',*,*,#3305,.T.);
#3305 = EDGE_CURVE('',#2145,#3306,#3308,.T.);
#3306 = VERTEX_POINT('',#3307);
#3307 = CARTESIAN_POINT('',(0.16,-10.,-3.));
#3308 = LINE('',#3309,#3310);
#3309 = CARTESIAN_POINT('',(5.333333333333E-02,-10.10666666666,
    -3.106666666667));
#3310 = VECTOR('',#3311,1.);
#3311 = DIRECTION('',(-0.57735026919,-0.57735026919,-0.57735026919));
#3312 = ORIENTED_EDGE('',*,*,#3313,.F.);
#3313 = EDGE_CURVE('',#3297,#3306,#3314,.T.);
#3314 = LINE('',#3315,#3316);
#3315 = CARTESIAN_POINT('',(-0.32,-10.,-3.));
#3316 = VECTOR('',#3317,1.);
#3317 = DIRECTION('',(1.,0.,0.));
#3318 = PLANE('',#3319);
#3319 = AXIS2_PLACEMENT_3D('',#3320,#3321,#3322);
#3320 = CARTESIAN_POINT('',(-0.32,-9.92,-2.92));
#3321 = DIRECTION('',(-1.735167508357E-18,-0.707106781187,0.707106781187
    ));
#3322 = DIRECTION('',(-1.,1.226948711654E-18,-1.226948711654E-18));
#3323 = ADVANCED_FACE('',(#3324),#3342,.T.);
#3324 = FACE_BOUND('',#3325,.T.);
#3325 = EDGE_LOOP('',(#3326,#3334,#3335,#3336));
#3326 = ORIENTED_EDGE('',*,*,#3327,.F.);
#3327 = EDGE_CURVE('',#2176,#3328,#3330,.T.);
#3328 = VERTEX_POINT('',#3329);
#3329 = CARTESIAN_POINT('',(-0.16,-10.32,-3.));
#3330 = LINE('',#3331,#3332);
#3331 = CARTESIAN_POINT('',(-0.266666666667,-10.42666666666,
    -2.893333333333));
#3332 = VECTOR('',#3333,1.);
#3333 = DIRECTION('',(0.57735026919,0.57735026919,-0.57735026919));
#3334 = ORIENTED_EDGE('',*,*,#2183,.T.);
#3335 = ORIENTED_EDGE('',*,*,#3296,.T.);
#3336 = ORIENTED_EDGE('',*,*,#3337,.F.);
#3337 = EDGE_CURVE('',#3328,#3297,#3338,.T.);
#3338 = LINE('',#3339,#3340);
#3339 = CARTESIAN_POINT('',(-0.16,-10.48,-3.));
#3340 = VECTOR('',#3341,1.);
#3341 = DIRECTION('',(0.,1.,0.));
#3342 = PLANE('',#3343);
#3343 = AXIS2_PLACEMENT_3D('',#3344,#3345,#3346);
#3344 = CARTESIAN_POINT('',(-0.24,-10.48,-2.92));
#3345 = DIRECTION('',(-0.707106781187,-1.735167508357E-18,
    -0.707106781187));
#3346 = DIRECTION('',(-1.226948711654E-18,1.,-1.226948711654E-18));
#3347 = ADVANCED_FACE('',(#3348),#3366,.T.);
#3348 = FACE_BOUND('',#3349,.F.);
#3349 = EDGE_LOOP('',(#3350,#3351,#3352,#3360));
#3350 = ORIENTED_EDGE('',*,*,#3327,.F.);
#3351 = ORIENTED_EDGE('',*,*,#2207,.T.);
#3352 = ORIENTED_EDGE('',*,*,#3353,.T.);
#3353 = EDGE_CURVE('',#2200,#3354,#3356,.T.);
#3354 = VERTEX_POINT('',#3355);
#3355 = CARTESIAN_POINT('',(0.16,-10.32,-3.));
#3356 = LINE('',#3357,#3358);
#3357 = CARTESIAN_POINT('',(0.16,-10.32,-3.));
#3358 = VECTOR('',#3359,1.);
#3359 = DIRECTION('',(-0.57735026919,0.57735026919,-0.57735026919));
#3360 = ORIENTED_EDGE('',*,*,#3361,.F.);
#3361 = EDGE_CURVE('',#3328,#3354,#3362,.T.);
#3362 = LINE('',#3363,#3364);
#3363 = CARTESIAN_POINT('',(-0.32,-10.32,-3.));
#3364 = VECTOR('',#3365,1.);
#3365 = DIRECTION('',(1.,0.,0.));
#3366 = PLANE('',#3367);
#3367 = AXIS2_PLACEMENT_3D('',#3368,#3369,#3370);
#3368 = CARTESIAN_POINT('',(-0.32,-10.4,-2.92));
#3369 = DIRECTION('',(1.735167508357E-18,-0.707106781187,-0.707106781187
    ));
#3370 = DIRECTION('',(-1.,-1.226948711654E-18,-1.226948711654E-18));
#3371 = ADVANCED_FACE('',(#3372),#3383,.F.);
#3372 = FACE_BOUND('',#3373,.F.);
#3373 = EDGE_LOOP('',(#3374,#3375,#3376,#3377));
#3374 = ORIENTED_EDGE('',*,*,#3353,.F.);
#3375 = ORIENTED_EDGE('',*,*,#2224,.T.);
#3376 = ORIENTED_EDGE('',*,*,#3305,.T.);
#3377 = ORIENTED_EDGE('',*,*,#3378,.F.);
#3378 = EDGE_CURVE('',#3354,#3306,#3379,.T.);
#3379 = LINE('',#3380,#3381);
#3380 = CARTESIAN_POINT('',(0.16,-10.48,-3.));
#3381 = VECTOR('',#3382,1.);
#3382 = DIRECTION('',(0.,1.,0.));
#3383 = PLANE('',#3384);
#3384 = AXIS2_PLACEMENT_3D('',#3385,#3386,#3387);
#3385 = CARTESIAN_POINT('',(0.24,-10.48,-2.92));
#3386 = DIRECTION('',(-0.707106781187,1.735167508357E-18,0.707106781187)
  );
#3387 = DIRECTION('',(1.226948711654E-18,1.,-1.226948711654E-18));
#3388 = ADVANCED_FACE('',(#3389),#3414,.T.);
#3389 = FACE_BOUND('',#3390,.F.);
#3390 = EDGE_LOOP('',(#3391,#3399,#3400,#3408));
#3391 = ORIENTED_EDGE('',*,*,#3392,.F.);
#3392 = EDGE_CURVE('',#2249,#3393,#3395,.T.);
#3393 = VERTEX_POINT('',#3394);
#3394 = CARTESIAN_POINT('',(-0.16,-7.78,-3.));
#3395 = LINE('',#3396,#3397);
#3396 = CARTESIAN_POINT('',(-0.266666666667,-7.886666666667,
    -2.893333333333));
#3397 = VECTOR('',#3398,1.);
#3398 = DIRECTION('',(0.57735026919,0.57735026919,-0.57735026919));
#3399 = ORIENTED_EDGE('',*,*,#2248,.T.);
#3400 = ORIENTED_EDGE('',*,*,#3401,.T.);
#3401 = EDGE_CURVE('',#2241,#3402,#3404,.T.);
#3402 = VERTEX_POINT('',#3403);
#3403 = CARTESIAN_POINT('',(0.16,-7.78,-3.));
#3404 = LINE('',#3405,#3406);
#3405 = CARTESIAN_POINT('',(0.16,-7.78,-3.));
#3406 = VECTOR('',#3407,1.);
#3407 = DIRECTION('',(-0.57735026919,0.57735026919,-0.57735026919));
#3408 = ORIENTED_EDGE('',*,*,#3409,.F.);
#3409 = EDGE_CURVE('',#3393,#3402,#3410,.T.);
#3410 = LINE('',#3411,#3412);
#3411 = CARTESIAN_POINT('',(-0.32,-7.78,-3.));
#3412 = VECTOR('',#3413,1.);
#3413 = DIRECTION('',(1.,0.,0.));
#3414 = PLANE('',#3415);
#3415 = AXIS2_PLACEMENT_3D('',#3416,#3417,#3418);
#3416 = CARTESIAN_POINT('',(-0.32,-7.86,-2.92));
#3417 = DIRECTION('',(1.735167508357E-18,-0.707106781187,-0.707106781187
    ));
#3418 = DIRECTION('',(-1.,-1.226948711654E-18,-1.226948711654E-18));
#3419 = ADVANCED_FACE('',(#3420),#3438,.F.);
#3420 = FACE_BOUND('',#3421,.F.);
#3421 = EDGE_LOOP('',(#3422,#3423,#3424,#3432));
#3422 = ORIENTED_EDGE('',*,*,#3401,.F.);
#3423 = ORIENTED_EDGE('',*,*,#2272,.T.);
#3424 = ORIENTED_EDGE('',*,*,#3425,.T.);
#3425 = EDGE_CURVE('',#2273,#3426,#3428,.T.);
#3426 = VERTEX_POINT('',#3427);
#3427 = CARTESIAN_POINT('',(0.16,-7.46,-3.));
#3428 = LINE('',#3429,#3430);
#3429 = CARTESIAN_POINT('',(5.333333333333E-02,-7.566666666667,
    -3.106666666667));
#3430 = VECTOR('',#3431,1.);
#3431 = DIRECTION('',(-0.57735026919,-0.57735026919,-0.57735026919));
#3432 = ORIENTED_EDGE('',*,*,#3433,.F.);
#3433 = EDGE_CURVE('',#3402,#3426,#3434,.T.);
#3434 = LINE('',#3435,#3436);
#3435 = CARTESIAN_POINT('',(0.16,-7.94,-3.));
#3436 = VECTOR('',#3437,1.);
#3437 = DIRECTION('',(0.,1.,0.));
#3438 = PLANE('',#3439);
#3439 = AXIS2_PLACEMENT_3D('',#3440,#3441,#3442);
#3440 = CARTESIAN_POINT('',(0.24,-7.94,-2.92));
#3441 = DIRECTION('',(-0.707106781187,1.735167508357E-18,0.707106781187)
  );
#3442 = DIRECTION('',(1.226948711654E-18,1.,-1.226948711654E-18));
#3443 = ADVANCED_FACE('',(#3444),#3462,.F.);
#3444 = FACE_BOUND('',#3445,.T.);
#3445 = EDGE_LOOP('',(#3446,#3454,#3455,#3456));
#3446 = ORIENTED_EDGE('',*,*,#3447,.F.);
#3447 = EDGE_CURVE('',#2297,#3448,#3450,.T.);
#3448 = VERTEX_POINT('',#3449);
#3449 = CARTESIAN_POINT('',(-0.16,-7.46,-3.));
#3450 = LINE('',#3451,#3452);
#3451 = CARTESIAN_POINT('',(-0.16,-7.46,-3.));
#3452 = VECTOR('',#3453,1.);
#3453 = DIRECTION('',(0.57735026919,-0.57735026919,-0.57735026919));
#3454 = ORIENTED_EDGE('',*,*,#2296,.T.);
#3455 = ORIENTED_EDGE('',*,*,#3425,.T.);
#3456 = ORIENTED_EDGE('',*,*,#3457,.F.);
#3457 = EDGE_CURVE('',#3448,#3426,#3458,.T.);
#3458 = LINE('',#3459,#3460);
#3459 = CARTESIAN_POINT('',(-0.32,-7.46,-3.));
#3460 = VECTOR('',#3461,1.);
#3461 = DIRECTION('',(1.,0.,0.));
#3462 = PLANE('',#3463);
#3463 = AXIS2_PLACEMENT_3D('',#3464,#3465,#3466);
#3464 = CARTESIAN_POINT('',(-0.32,-7.38,-2.92));
#3465 = DIRECTION('',(-1.735167508357E-18,-0.707106781187,0.707106781187
    ));
#3466 = DIRECTION('',(-1.,1.226948711654E-18,-1.226948711654E-18));
#3467 = ADVANCED_FACE('',(#3468),#3479,.T.);
#3468 = FACE_BOUND('',#3469,.T.);
#3469 = EDGE_LOOP('',(#3470,#3471,#3472,#3473));
#3470 = ORIENTED_EDGE('',*,*,#3392,.F.);
#3471 = ORIENTED_EDGE('',*,*,#2320,.T.);
#3472 = ORIENTED_EDGE('',*,*,#3447,.T.);
#3473 = ORIENTED_EDGE('',*,*,#3474,.F.);
#3474 = EDGE_CURVE('',#3393,#3448,#3475,.T.);
#3475 = LINE('',#3476,#3477);
#3476 = CARTESIAN_POINT('',(-0.16,-7.94,-3.));
#3477 = VECTOR('',#3478,1.);
#3478 = DIRECTION('',(0.,1.,0.));
#3479 = PLANE('',#3480);
#3480 = AXIS2_PLACEMENT_3D('',#3481,#3482,#3483);
#3481 = CARTESIAN_POINT('',(-0.24,-7.94,-2.92));
#3482 = DIRECTION('',(-0.707106781187,-1.735167508357E-18,
    -0.707106781187));
#3483 = DIRECTION('',(-1.226948711654E-18,1.,-1.226948711654E-18));
#3484 = ADVANCED_FACE('',(#3485),#3510,.T.);
#3485 = FACE_BOUND('',#3486,.T.);
#3486 = EDGE_LOOP('',(#3487,#3495,#3496,#3504));
#3487 = ORIENTED_EDGE('',*,*,#3488,.F.);
#3488 = EDGE_CURVE('',#2337,#3489,#3491,.T.);
#3489 = VERTEX_POINT('',#3490);
#3490 = CARTESIAN_POINT('',(0.16,-0.16,8.54));
#3491 = LINE('',#3492,#3493);
#3492 = CARTESIAN_POINT('',(0.16,-0.16,8.54));
#3493 = VECTOR('',#3494,1.);
#3494 = DIRECTION('',(-0.57735026919,0.57735026919,0.57735026919));
#3495 = ORIENTED_EDGE('',*,*,#2353,.T.);
#3496 = ORIENTED_EDGE('',*,*,#3497,.T.);
#3497 = EDGE_CURVE('',#2346,#3498,#3500,.T.);
#3498 = VERTEX_POINT('',#3499);
#3499 = CARTESIAN_POINT('',(0.16,0.16,8.54));
#3500 = LINE('',#3501,#3502);
#3501 = CARTESIAN_POINT('',(5.333333333333E-02,5.333333333333E-02,
    8.646666666667));
#3502 = VECTOR('',#3503,1.);
#3503 = DIRECTION('',(-0.57735026919,-0.57735026919,0.57735026919));
#3504 = ORIENTED_EDGE('',*,*,#3505,.F.);
#3505 = EDGE_CURVE('',#3489,#3498,#3506,.T.);
#3506 = LINE('',#3507,#3508);
#3507 = CARTESIAN_POINT('',(0.16,-0.32,8.54));
#3508 = VECTOR('',#3509,1.);
#3509 = DIRECTION('',(0.,1.,0.));
#3510 = PLANE('',#3511);
#3511 = AXIS2_PLACEMENT_3D('',#3512,#3513,#3514);
#3512 = CARTESIAN_POINT('',(0.24,-0.32,8.46));
#3513 = DIRECTION('',(0.707106781187,-1.735167508357E-18,0.707106781187)
  );
#3514 = DIRECTION('',(1.226948711654E-18,1.,1.226948711654E-18));
#3515 = ADVANCED_FACE('',(#3516),#3534,.T.);
#3516 = FACE_BOUND('',#3517,.F.);
#3517 = EDGE_LOOP('',(#3518,#3526,#3527,#3528));
#3518 = ORIENTED_EDGE('',*,*,#3519,.F.);
#3519 = EDGE_CURVE('',#2370,#3520,#3522,.T.);
#3520 = VERTEX_POINT('',#3521);
#3521 = CARTESIAN_POINT('',(-0.16,0.16,8.54));
#3522 = LINE('',#3523,#3524);
#3523 = CARTESIAN_POINT('',(-0.16,0.16,8.54));
#3524 = VECTOR('',#3525,1.);
#3525 = DIRECTION('',(0.57735026919,-0.57735026919,0.57735026919));
#3526 = ORIENTED_EDGE('',*,*,#2377,.T.);
#3527 = ORIENTED_EDGE('',*,*,#3497,.T.);
#3528 = ORIENTED_EDGE('',*,*,#3529,.F.);
#3529 = EDGE_CURVE('',#3520,#3498,#3530,.T.);
#3530 = LINE('',#3531,#3532);
#3531 = CARTESIAN_POINT('',(-0.32,0.16,8.54));
#3532 = VECTOR('',#3533,1.);
#3533 = DIRECTION('',(1.,0.,0.));
#3534 = PLANE('',#3535);
#3535 = AXIS2_PLACEMENT_3D('',#3536,#3537,#3538);
#3536 = CARTESIAN_POINT('',(-0.32,0.24,8.46));
#3537 = DIRECTION('',(1.735167508357E-18,0.707106781187,0.707106781187)
  );
#3538 = DIRECTION('',(-1.,1.226948711654E-18,1.226948711654E-18));
#3539 = ADVANCED_FACE('',(#3540),#3558,.F.);
#3540 = FACE_BOUND('',#3541,.F.);
#3541 = EDGE_LOOP('',(#3542,#3550,#3551,#3552));
#3542 = ORIENTED_EDGE('',*,*,#3543,.F.);
#3543 = EDGE_CURVE('',#2392,#3544,#3546,.T.);
#3544 = VERTEX_POINT('',#3545);
#3545 = CARTESIAN_POINT('',(-0.16,-0.16,8.54));
#3546 = LINE('',#3547,#3548);
#3547 = CARTESIAN_POINT('',(-0.266666666667,-0.266666666667,
    8.433333333333));
#3548 = VECTOR('',#3549,1.);
#3549 = DIRECTION('',(0.57735026919,0.57735026919,0.57735026919));
#3550 = ORIENTED_EDGE('',*,*,#2401,.T.);
#3551 = ORIENTED_EDGE('',*,*,#3519,.T.);
#3552 = ORIENTED_EDGE('',*,*,#3553,.F.);
#3553 = EDGE_CURVE('',#3544,#3520,#3554,.T.);
#3554 = LINE('',#3555,#3556);
#3555 = CARTESIAN_POINT('',(-0.16,-0.32,8.54));
#3556 = VECTOR('',#3557,1.);
#3557 = DIRECTION('',(0.,1.,0.));
#3558 = PLANE('',#3559);
#3559 = AXIS2_PLACEMENT_3D('',#3560,#3561,#3562);
#3560 = CARTESIAN_POINT('',(-0.24,-0.32,8.46));
#3561 = DIRECTION('',(0.707106781187,1.735167508357E-18,-0.707106781187)
  );
#3562 = DIRECTION('',(-1.226948711654E-18,1.,1.226948711654E-18));
#3563 = ADVANCED_FACE('',(#3564),#3575,.F.);
#3564 = FACE_BOUND('',#3565,.T.);
#3565 = EDGE_LOOP('',(#3566,#3567,#3568,#3569));
#3566 = ORIENTED_EDGE('',*,*,#3543,.F.);
#3567 = ORIENTED_EDGE('',*,*,#2418,.T.);
#3568 = ORIENTED_EDGE('',*,*,#3488,.T.);
#3569 = ORIENTED_EDGE('',*,*,#3570,.F.);
#3570 = EDGE_CURVE('',#3544,#3489,#3571,.T.);
#3571 = LINE('',#3572,#3573);
#3572 = CARTESIAN_POINT('',(-0.32,-0.16,8.54));
#3573 = VECTOR('',#3574,1.);
#3574 = DIRECTION('',(1.,0.,0.));
#3575 = PLANE('',#3576);
#3576 = AXIS2_PLACEMENT_3D('',#3577,#3578,#3579);
#3577 = CARTESIAN_POINT('',(-0.32,-0.24,8.46));
#3578 = DIRECTION('',(-1.735167508357E-18,0.707106781187,-0.707106781187
    ));
#3579 = DIRECTION('',(-1.,-1.226948711654E-18,1.226948711654E-18));
#3580 = ADVANCED_FACE('',(#3581),#3606,.T.);
#3581 = FACE_BOUND('',#3582,.T.);
#3582 = EDGE_LOOP('',(#3583,#3591,#3592,#3600));
#3583 = ORIENTED_EDGE('',*,*,#3584,.F.);
#3584 = EDGE_CURVE('',#2433,#3585,#3587,.T.);
#3585 = VERTEX_POINT('',#3586);
#3586 = CARTESIAN_POINT('',(0.16,-5.24,8.54));
#3587 = LINE('',#3588,#3589);
#3588 = CARTESIAN_POINT('',(0.16,-5.24,8.54));
#3589 = VECTOR('',#3590,1.);
#3590 = DIRECTION('',(-0.57735026919,0.57735026919,0.57735026919));
#3591 = ORIENTED_EDGE('',*,*,#2449,.T.);
#3592 = ORIENTED_EDGE('',*,*,#3593,.T.);
#3593 = EDGE_CURVE('',#2442,#3594,#3596,.T.);
#3594 = VERTEX_POINT('',#3595);
#3595 = CARTESIAN_POINT('',(0.16,-4.92,8.54));
#3596 = LINE('',#3597,#3598);
#3597 = CARTESIAN_POINT('',(5.333333333333E-02,-5.026666666667,
    8.646666666667));
#3598 = VECTOR('',#3599,1.);
#3599 = DIRECTION('',(-0.57735026919,-0.57735026919,0.57735026919));
#3600 = ORIENTED_EDGE('',*,*,#3601,.F.);
#3601 = EDGE_CURVE('',#3585,#3594,#3602,.T.);
#3602 = LINE('',#3603,#3604);
#3603 = CARTESIAN_POINT('',(0.16,-5.4,8.54));
#3604 = VECTOR('',#3605,1.);
#3605 = DIRECTION('',(0.,1.,0.));
#3606 = PLANE('',#3607);
#3607 = AXIS2_PLACEMENT_3D('',#3608,#3609,#3610);
#3608 = CARTESIAN_POINT('',(0.24,-5.4,8.46));
#3609 = DIRECTION('',(0.707106781187,-1.735167508357E-18,0.707106781187)
  );
#3610 = DIRECTION('',(1.226948711654E-18,1.,1.226948711654E-18));
#3611 = ADVANCED_FACE('',(#3612),#3630,.T.);
#3612 = FACE_BOUND('',#3613,.F.);
#3613 = EDGE_LOOP('',(#3614,#3622,#3623,#3624));
#3614 = ORIENTED_EDGE('',*,*,#3615,.F.);
#3615 = EDGE_CURVE('',#2466,#3616,#3618,.T.);
#3616 = VERTEX_POINT('',#3617);
#3617 = CARTESIAN_POINT('',(-0.16,-4.92,8.54));
#3618 = LINE('',#3619,#3620);
#3619 = CARTESIAN_POINT('',(-0.16,-4.92,8.54));
#3620 = VECTOR('',#3621,1.);
#3621 = DIRECTION('',(0.57735026919,-0.57735026919,0.57735026919));
#3622 = ORIENTED_EDGE('',*,*,#2473,.T.);
#3623 = ORIENTED_EDGE('',*,*,#3593,.T.);
#3624 = ORIENTED_EDGE('',*,*,#3625,.F.);
#3625 = EDGE_CURVE('',#3616,#3594,#3626,.T.);
#3626 = LINE('',#3627,#3628);
#3627 = CARTESIAN_POINT('',(-0.32,-4.92,8.54));
#3628 = VECTOR('',#3629,1.);
#3629 = DIRECTION('',(1.,0.,0.));
#3630 = PLANE('',#3631);
#3631 = AXIS2_PLACEMENT_3D('',#3632,#3633,#3634);
#3632 = CARTESIAN_POINT('',(-0.32,-4.84,8.46));
#3633 = DIRECTION('',(1.735167508357E-18,0.707106781187,0.707106781187)
  );
#3634 = DIRECTION('',(-1.,1.226948711654E-18,1.226948711654E-18));
#3635 = ADVANCED_FACE('',(#3636),#3654,.F.);
#3636 = FACE_BOUND('',#3637,.F.);
#3637 = EDGE_LOOP('',(#3638,#3646,#3647,#3648));
#3638 = ORIENTED_EDGE('',*,*,#3639,.F.);
#3639 = EDGE_CURVE('',#2488,#3640,#3642,.T.);
#3640 = VERTEX_POINT('',#3641);
#3641 = CARTESIAN_POINT('',(-0.16,-5.24,8.54));
#3642 = LINE('',#3643,#3644);
#3643 = CARTESIAN_POINT('',(-0.266666666667,-5.346666666667,
    8.433333333333));
#3644 = VECTOR('',#3645,1.);
#3645 = DIRECTION('',(0.57735026919,0.57735026919,0.57735026919));
#3646 = ORIENTED_EDGE('',*,*,#2497,.T.);
#3647 = ORIENTED_EDGE('',*,*,#3615,.T.);
#3648 = ORIENTED_EDGE('',*,*,#3649,.F.);
#3649 = EDGE_CURVE('',#3640,#3616,#3650,.T.);
#3650 = LINE('',#3651,#3652);
#3651 = CARTESIAN_POINT('',(-0.16,-5.4,8.54));
#3652 = VECTOR('',#3653,1.);
#3653 = DIRECTION('',(0.,1.,0.));
#3654 = PLANE('',#3655);
#3655 = AXIS2_PLACEMENT_3D('',#3656,#3657,#3658);
#3656 = CARTESIAN_POINT('',(-0.24,-5.4,8.46));
#3657 = DIRECTION('',(0.707106781187,1.735167508357E-18,-0.707106781187)
  );
#3658 = DIRECTION('',(-1.226948711654E-18,1.,1.226948711654E-18));
#3659 = ADVANCED_FACE('',(#3660),#3671,.F.);
#3660 = FACE_BOUND('',#3661,.T.);
#3661 = EDGE_LOOP('',(#3662,#3663,#3664,#3665));
#3662 = ORIENTED_EDGE('',*,*,#3639,.F.);
#3663 = ORIENTED_EDGE('',*,*,#2514,.T.);
#3664 = ORIENTED_EDGE('',*,*,#3584,.T.);
#3665 = ORIENTED_EDGE('',*,*,#3666,.F.);
#3666 = EDGE_CURVE('',#3640,#3585,#3667,.T.);
#3667 = LINE('',#3668,#3669);
#3668 = CARTESIAN_POINT('',(-0.32,-5.24,8.54));
#3669 = VECTOR('',#3670,1.);
#3670 = DIRECTION('',(1.,0.,0.));
#3671 = PLANE('',#3672);
#3672 = AXIS2_PLACEMENT_3D('',#3673,#3674,#3675);
#3673 = CARTESIAN_POINT('',(-0.32,-5.32,8.46));
#3674 = DIRECTION('',(-1.735167508357E-18,0.707106781187,-0.707106781187
    ));
#3675 = DIRECTION('',(-1.,-1.226948711654E-18,1.226948711654E-18));
#3676 = ADVANCED_FACE('',(#3677),#3702,.T.);
#3677 = FACE_BOUND('',#3678,.T.);
#3678 = EDGE_LOOP('',(#3679,#3687,#3688,#3696));
#3679 = ORIENTED_EDGE('',*,*,#3680,.F.);
#3680 = EDGE_CURVE('',#2529,#3681,#3683,.T.);
#3681 = VERTEX_POINT('',#3682);
#3682 = CARTESIAN_POINT('',(0.16,-2.7,8.54));
#3683 = LINE('',#3684,#3685);
#3684 = CARTESIAN_POINT('',(0.16,-2.7,8.54));
#3685 = VECTOR('',#3686,1.);
#3686 = DIRECTION('',(-0.57735026919,0.57735026919,0.57735026919));
#3687 = ORIENTED_EDGE('',*,*,#2545,.T.);
#3688 = ORIENTED_EDGE('',*,*,#3689,.T.);
#3689 = EDGE_CURVE('',#2538,#3690,#3692,.T.);
#3690 = VERTEX_POINT('',#3691);
#3691 = CARTESIAN_POINT('',(0.16,-2.38,8.54));
#3692 = LINE('',#3693,#3694);
#3693 = CARTESIAN_POINT('',(5.333333333333E-02,-2.486666666667,
    8.646666666667));
#3694 = VECTOR('',#3695,1.);
#3695 = DIRECTION('',(-0.57735026919,-0.57735026919,0.57735026919));
#3696 = ORIENTED_EDGE('',*,*,#3697,.F.);
#3697 = EDGE_CURVE('',#3681,#3690,#3698,.T.);
#3698 = LINE('',#3699,#3700);
#3699 = CARTESIAN_POINT('',(0.16,-2.86,8.54));
#3700 = VECTOR('',#3701,1.);
#3701 = DIRECTION('',(0.,1.,0.));
#3702 = PLANE('',#3703);
#3703 = AXIS2_PLACEMENT_3D('',#3704,#3705,#3706);
#3704 = CARTESIAN_POINT('',(0.24,-2.86,8.46));
#3705 = DIRECTION('',(0.707106781187,-1.735167508357E-18,0.707106781187)
  );
#3706 = DIRECTION('',(1.226948711654E-18,1.,1.226948711654E-18));
#3707 = ADVANCED_FACE('',(#3708),#3726,.T.);
#3708 = FACE_BOUND('',#3709,.F.);
#3709 = EDGE_LOOP('',(#3710,#3718,#3719,#3720));
#3710 = ORIENTED_EDGE('',*,*,#3711,.F.);
#3711 = EDGE_CURVE('',#2562,#3712,#3714,.T.);
#3712 = VERTEX_POINT('',#3713);
#3713 = CARTESIAN_POINT('',(-0.16,-2.38,8.54));
#3714 = LINE('',#3715,#3716);
#3715 = CARTESIAN_POINT('',(-0.16,-2.38,8.54));
#3716 = VECTOR('',#3717,1.);
#3717 = DIRECTION('',(0.57735026919,-0.57735026919,0.57735026919));
#3718 = ORIENTED_EDGE('',*,*,#2569,.T.);
#3719 = ORIENTED_EDGE('',*,*,#3689,.T.);
#3720 = ORIENTED_EDGE('',*,*,#3721,.F.);
#3721 = EDGE_CURVE('',#3712,#3690,#3722,.T.);
#3722 = LINE('',#3723,#3724);
#3723 = CARTESIAN_POINT('',(-0.32,-2.38,8.54));
#3724 = VECTOR('',#3725,1.);
#3725 = DIRECTION('',(1.,0.,0.));
#3726 = PLANE('',#3727);
#3727 = AXIS2_PLACEMENT_3D('',#3728,#3729,#3730);
#3728 = CARTESIAN_POINT('',(-0.32,-2.3,8.46));
#3729 = DIRECTION('',(1.735167508357E-18,0.707106781187,0.707106781187)
  );
#3730 = DIRECTION('',(-1.,1.226948711654E-18,1.226948711654E-18));
#3731 = ADVANCED_FACE('',(#3732),#3750,.F.);
#3732 = FACE_BOUND('',#3733,.F.);
#3733 = EDGE_LOOP('',(#3734,#3742,#3743,#3744));
#3734 = ORIENTED_EDGE('',*,*,#3735,.F.);
#3735 = EDGE_CURVE('',#2584,#3736,#3738,.T.);
#3736 = VERTEX_POINT('',#3737);
#3737 = CARTESIAN_POINT('',(-0.16,-2.7,8.54));
#3738 = LINE('',#3739,#3740);
#3739 = CARTESIAN_POINT('',(-0.266666666667,-2.806666666667,
    8.433333333333));
#3740 = VECTOR('',#3741,1.);
#3741 = DIRECTION('',(0.57735026919,0.57735026919,0.57735026919));
#3742 = ORIENTED_EDGE('',*,*,#2593,.T.);
#3743 = ORIENTED_EDGE('',*,*,#3711,.T.);
#3744 = ORIENTED_EDGE('',*,*,#3745,.F.);
#3745 = EDGE_CURVE('',#3736,#3712,#3746,.T.);
#3746 = LINE('',#3747,#3748);
#3747 = CARTESIAN_POINT('',(-0.16,-2.86,8.54));
#3748 = VECTOR('',#3749,1.);
#3749 = DIRECTION('',(0.,1.,0.));
#3750 = PLANE('',#3751);
#3751 = AXIS2_PLACEMENT_3D('',#3752,#3753,#3754);
#3752 = CARTESIAN_POINT('',(-0.24,-2.86,8.46));
#3753 = DIRECTION('',(0.707106781187,1.735167508357E-18,-0.707106781187)
  );
#3754 = DIRECTION('',(-1.226948711654E-18,1.,1.226948711654E-18));
#3755 = ADVANCED_FACE('',(#3756),#3767,.F.);
#3756 = FACE_BOUND('',#3757,.T.);
#3757 = EDGE_LOOP('',(#3758,#3759,#3760,#3761));
#3758 = ORIENTED_EDGE('',*,*,#3735,.F.);
#3759 = ORIENTED_EDGE('',*,*,#2610,.T.);
#3760 = ORIENTED_EDGE('',*,*,#3680,.T.);
#3761 = ORIENTED_EDGE('',*,*,#3762,.F.);
#3762 = EDGE_CURVE('',#3736,#3681,#3763,.T.);
#3763 = LINE('',#3764,#3765);
#3764 = CARTESIAN_POINT('',(-0.32,-2.7,8.54));
#3765 = VECTOR('',#3766,1.);
#3766 = DIRECTION('',(1.,0.,0.));
#3767 = PLANE('',#3768);
#3768 = AXIS2_PLACEMENT_3D('',#3769,#3770,#3771);
#3769 = CARTESIAN_POINT('',(-0.32,-2.78,8.46));
#3770 = DIRECTION('',(-1.735167508357E-18,0.707106781187,-0.707106781187
    ));
#3771 = DIRECTION('',(-1.,-1.226948711654E-18,1.226948711654E-18));
#3772 = ADVANCED_FACE('',(#3773),#3798,.F.);
#3773 = FACE_BOUND('',#3774,.T.);
#3774 = EDGE_LOOP('',(#3775,#3783,#3784,#3792));
#3775 = ORIENTED_EDGE('',*,*,#3776,.F.);
#3776 = EDGE_CURVE('',#2634,#3777,#3779,.T.);
#3777 = VERTEX_POINT('',#3778);
#3778 = CARTESIAN_POINT('',(-0.16,-12.86,8.54));
#3779 = LINE('',#3780,#3781);
#3780 = CARTESIAN_POINT('',(-0.266666666667,-12.96666666666,
    8.433333333333));
#3781 = VECTOR('',#3782,1.);
#3782 = DIRECTION('',(0.57735026919,0.57735026919,0.57735026919));
#3783 = ORIENTED_EDGE('',*,*,#2641,.T.);
#3784 = ORIENTED_EDGE('',*,*,#3785,.T.);
#3785 = EDGE_CURVE('',#2625,#3786,#3788,.T.);
#3786 = VERTEX_POINT('',#3787);
#3787 = CARTESIAN_POINT('',(0.16,-12.86,8.54));
#3788 = LINE('',#3789,#3790);
#3789 = CARTESIAN_POINT('',(0.16,-12.86,8.54));
#3790 = VECTOR('',#3791,1.);
#3791 = DIRECTION('',(-0.57735026919,0.57735026919,0.57735026919));
#3792 = ORIENTED_EDGE('',*,*,#3793,.F.);
#3793 = EDGE_CURVE('',#3777,#3786,#3794,.T.);
#3794 = LINE('',#3795,#3796);
#3795 = CARTESIAN_POINT('',(-0.32,-12.86,8.54));
#3796 = VECTOR('',#3797,1.);
#3797 = DIRECTION('',(1.,0.,0.));
#3798 = PLANE('',#3799);
#3799 = AXIS2_PLACEMENT_3D('',#3800,#3801,#3802);
#3800 = CARTESIAN_POINT('',(-0.32,-12.94,8.46));
#3801 = DIRECTION('',(-1.735167508357E-18,0.707106781187,-0.707106781187
    ));
#3802 = DIRECTION('',(-1.,-1.226948711654E-18,1.226948711654E-18));
#3803 = ADVANCED_FACE('',(#3804),#3822,.T.);
#3804 = FACE_BOUND('',#3805,.T.);
#3805 = EDGE_LOOP('',(#3806,#3807,#3808,#3816));
#3806 = ORIENTED_EDGE('',*,*,#3785,.F.);
#3807 = ORIENTED_EDGE('',*,*,#2665,.T.);
#3808 = ORIENTED_EDGE('',*,*,#3809,.T.);
#3809 = EDGE_CURVE('',#2658,#3810,#3812,.T.);
#3810 = VERTEX_POINT('',#3811);
#3811 = CARTESIAN_POINT('',(0.16,-12.54,8.54));
#3812 = LINE('',#3813,#3814);
#3813 = CARTESIAN_POINT('',(5.333333333333E-02,-12.64666666666,
    8.646666666667));
#3814 = VECTOR('',#3815,1.);
#3815 = DIRECTION('',(-0.57735026919,-0.57735026919,0.57735026919));
#3816 = ORIENTED_EDGE('',*,*,#3817,.F.);
#3817 = EDGE_CURVE('',#3786,#3810,#3818,.T.);
#3818 = LINE('',#3819,#3820);
#3819 = CARTESIAN_POINT('',(0.16,-13.02,8.54));
#3820 = VECTOR('',#3821,1.);
#3821 = DIRECTION('',(0.,1.,0.));
#3822 = PLANE('',#3823);
#3823 = AXIS2_PLACEMENT_3D('',#3824,#3825,#3826);
#3824 = CARTESIAN_POINT('',(0.24,-13.02,8.46));
#3825 = DIRECTION('',(0.707106781187,-1.735167508357E-18,0.707106781187)
  );
#3826 = DIRECTION('',(1.226948711654E-18,1.,1.226948711654E-18));
#3827 = ADVANCED_FACE('',(#3828),#3846,.T.);
#3828 = FACE_BOUND('',#3829,.F.);
#3829 = EDGE_LOOP('',(#3830,#3838,#3839,#3840));
#3830 = ORIENTED_EDGE('',*,*,#3831,.F.);
#3831 = EDGE_CURVE('',#2682,#3832,#3834,.T.);
#3832 = VERTEX_POINT('',#3833);
#3833 = CARTESIAN_POINT('',(-0.16,-12.54,8.54));
#3834 = LINE('',#3835,#3836);
#3835 = CARTESIAN_POINT('',(-0.16,-12.54,8.54));
#3836 = VECTOR('',#3837,1.);
#3837 = DIRECTION('',(0.57735026919,-0.57735026919,0.57735026919));
#3838 = ORIENTED_EDGE('',*,*,#2689,.T.);
#3839 = ORIENTED_EDGE('',*,*,#3809,.T.);
#3840 = ORIENTED_EDGE('',*,*,#3841,.F.);
#3841 = EDGE_CURVE('',#3832,#3810,#3842,.T.);
#3842 = LINE('',#3843,#3844);
#3843 = CARTESIAN_POINT('',(-0.32,-12.54,8.54));
#3844 = VECTOR('',#3845,1.);
#3845 = DIRECTION('',(1.,0.,0.));
#3846 = PLANE('',#3847);
#3847 = AXIS2_PLACEMENT_3D('',#3848,#3849,#3850);
#3848 = CARTESIAN_POINT('',(-0.32,-12.46,8.46));
#3849 = DIRECTION('',(1.735167508357E-18,0.707106781187,0.707106781187)
  );
#3850 = DIRECTION('',(-1.,1.226948711654E-18,1.226948711654E-18));
#3851 = ADVANCED_FACE('',(#3852),#3863,.F.);
#3852 = FACE_BOUND('',#3853,.F.);
#3853 = EDGE_LOOP('',(#3854,#3855,#3856,#3857));
#3854 = ORIENTED_EDGE('',*,*,#3776,.F.);
#3855 = ORIENTED_EDGE('',*,*,#2706,.T.);
#3856 = ORIENTED_EDGE('',*,*,#3831,.T.);
#3857 = ORIENTED_EDGE('',*,*,#3858,.F.);
#3858 = EDGE_CURVE('',#3777,#3832,#3859,.T.);
#3859 = LINE('',#3860,#3861);
#3860 = CARTESIAN_POINT('',(-0.16,-13.02,8.54));
#3861 = VECTOR('',#3862,1.);
#3862 = DIRECTION('',(0.,1.,0.));
#3863 = PLANE('',#3864);
#3864 = AXIS2_PLACEMENT_3D('',#3865,#3866,#3867);
#3865 = CARTESIAN_POINT('',(-0.24,-13.02,8.46));
#3866 = DIRECTION('',(0.707106781187,1.735167508357E-18,-0.707106781187)
  );
#3867 = DIRECTION('',(-1.226948711654E-18,1.,1.226948711654E-18));
#3868 = ADVANCED_FACE('',(#3869),#3894,.T.);
#3869 = FACE_BOUND('',#3870,.F.);
#3870 = EDGE_LOOP('',(#3871,#3879,#3880,#3888));
#3871 = ORIENTED_EDGE('',*,*,#3872,.F.);
#3872 = EDGE_CURVE('',#2730,#3873,#3875,.T.);
#3873 = VERTEX_POINT('',#3874);
#3874 = CARTESIAN_POINT('',(-0.16,-10.,8.54));
#3875 = LINE('',#3876,#3877);
#3876 = CARTESIAN_POINT('',(-0.16,-10.,8.54));
#3877 = VECTOR('',#3878,1.);
#3878 = DIRECTION('',(0.57735026919,-0.57735026919,0.57735026919));
#3879 = ORIENTED_EDGE('',*,*,#2737,.T.);
#3880 = ORIENTED_EDGE('',*,*,#3881,.T.);
#3881 = EDGE_CURVE('',#2721,#3882,#3884,.T.);
#3882 = VERTEX_POINT('',#3883);
#3883 = CARTESIAN_POINT('',(0.16,-10.,8.54));
#3884 = LINE('',#3885,#3886);
#3885 = CARTESIAN_POINT('',(5.333333333333E-02,-10.10666666666,
    8.646666666667));
#3886 = VECTOR('',#3887,1.);
#3887 = DIRECTION('',(-0.57735026919,-0.57735026919,0.57735026919));
#3888 = ORIENTED_EDGE('',*,*,#3889,.F.);
#3889 = EDGE_CURVE('',#3873,#3882,#3890,.T.);
#3890 = LINE('',#3891,#3892);
#3891 = CARTESIAN_POINT('',(-0.32,-10.,8.54));
#3892 = VECTOR('',#3893,1.);
#3893 = DIRECTION('',(1.,0.,0.));
#3894 = PLANE('',#3895);
#3895 = AXIS2_PLACEMENT_3D('',#3896,#3897,#3898);
#3896 = CARTESIAN_POINT('',(-0.32,-9.92,8.46));
#3897 = DIRECTION('',(1.735167508357E-18,0.707106781187,0.707106781187)
  );
#3898 = DIRECTION('',(-1.,1.226948711654E-18,1.226948711654E-18));
#3899 = ADVANCED_FACE('',(#3900),#3918,.F.);
#3900 = FACE_BOUND('',#3901,.F.);
#3901 = EDGE_LOOP('',(#3902,#3910,#3911,#3912));
#3902 = ORIENTED_EDGE('',*,*,#3903,.F.);
#3903 = EDGE_CURVE('',#2752,#3904,#3906,.T.);
#3904 = VERTEX_POINT('',#3905);
#3905 = CARTESIAN_POINT('',(-0.16,-10.32,8.54));
#3906 = LINE('',#3907,#3908);
#3907 = CARTESIAN_POINT('',(-0.266666666667,-10.42666666666,
    8.433333333333));
#3908 = VECTOR('',#3909,1.);
#3909 = DIRECTION('',(0.57735026919,0.57735026919,0.57735026919));
#3910 = ORIENTED_EDGE('',*,*,#2761,.T.);
#3911 = ORIENTED_EDGE('',*,*,#3872,.T.);
#3912 = ORIENTED_EDGE('',*,*,#3913,.F.);
#3913 = EDGE_CURVE('',#3904,#3873,#3914,.T.);
#3914 = LINE('',#3915,#3916);
#3915 = CARTESIAN_POINT('',(-0.16,-10.48,8.54));
#3916 = VECTOR('',#3917,1.);
#3917 = DIRECTION('',(0.,1.,0.));
#3918 = PLANE('',#3919);
#3919 = AXIS2_PLACEMENT_3D('',#3920,#3921,#3922);
#3920 = CARTESIAN_POINT('',(-0.24,-10.48,8.46));
#3921 = DIRECTION('',(0.707106781187,1.735167508357E-18,-0.707106781187)
  );
#3922 = DIRECTION('',(-1.226948711654E-18,1.,1.226948711654E-18));
#3923 = ADVANCED_FACE('',(#3924),#3942,.F.);
#3924 = FACE_BOUND('',#3925,.T.);
#3925 = EDGE_LOOP('',(#3926,#3927,#3928,#3936));
#3926 = ORIENTED_EDGE('',*,*,#3903,.F.);
#3927 = ORIENTED_EDGE('',*,*,#2785,.T.);
#3928 = ORIENTED_EDGE('',*,*,#3929,.T.);
#3929 = EDGE_CURVE('',#2776,#3930,#3932,.T.);
#3930 = VERTEX_POINT('',#3931);
#3931 = CARTESIAN_POINT('',(0.16,-10.32,8.54));
#3932 = LINE('',#3933,#3934);
#3933 = CARTESIAN_POINT('',(0.16,-10.32,8.54));
#3934 = VECTOR('',#3935,1.);
#3935 = DIRECTION('',(-0.57735026919,0.57735026919,0.57735026919));
#3936 = ORIENTED_EDGE('',*,*,#3937,.F.);
#3937 = EDGE_CURVE('',#3904,#3930,#3938,.T.);
#3938 = LINE('',#3939,#3940);
#3939 = CARTESIAN_POINT('',(-0.32,-10.32,8.54));
#3940 = VECTOR('',#3941,1.);
#3941 = DIRECTION('',(1.,0.,0.));
#3942 = PLANE('',#3943);
#3943 = AXIS2_PLACEMENT_3D('',#3944,#3945,#3946);
#3944 = CARTESIAN_POINT('',(-0.32,-10.4,8.46));
#3945 = DIRECTION('',(-1.735167508357E-18,0.707106781187,-0.707106781187
    ));
#3946 = DIRECTION('',(-1.,-1.226948711654E-18,1.226948711654E-18));
#3947 = ADVANCED_FACE('',(#3948),#3959,.T.);
#3948 = FACE_BOUND('',#3949,.T.);
#3949 = EDGE_LOOP('',(#3950,#3951,#3952,#3953));
#3950 = ORIENTED_EDGE('',*,*,#3929,.F.);
#3951 = ORIENTED_EDGE('',*,*,#2802,.T.);
#3952 = ORIENTED_EDGE('',*,*,#3881,.T.);
#3953 = ORIENTED_EDGE('',*,*,#3954,.F.);
#3954 = EDGE_CURVE('',#3930,#3882,#3955,.T.);
#3955 = LINE('',#3956,#3957);
#3956 = CARTESIAN_POINT('',(0.16,-10.48,8.54));
#3957 = VECTOR('',#3958,1.);
#3958 = DIRECTION('',(0.,1.,0.));
#3959 = PLANE('',#3960);
#3960 = AXIS2_PLACEMENT_3D('',#3961,#3962,#3963);
#3961 = CARTESIAN_POINT('',(0.24,-10.48,8.46));
#3962 = DIRECTION('',(0.707106781187,-1.735167508357E-18,0.707106781187)
  );
#3963 = DIRECTION('',(1.226948711654E-18,1.,1.226948711654E-18));
#3964 = ADVANCED_FACE('',(#3965),#3990,.F.);
#3965 = FACE_BOUND('',#3966,.T.);
#3966 = EDGE_LOOP('',(#3967,#3975,#3976,#3984));
#3967 = ORIENTED_EDGE('',*,*,#3968,.F.);
#3968 = EDGE_CURVE('',#2826,#3969,#3971,.T.);
#3969 = VERTEX_POINT('',#3970);
#3970 = CARTESIAN_POINT('',(-0.16,-7.78,8.54));
#3971 = LINE('',#3972,#3973);
#3972 = CARTESIAN_POINT('',(-0.266666666667,-7.886666666667,
    8.433333333333));
#3973 = VECTOR('',#3974,1.);
#3974 = DIRECTION('',(0.57735026919,0.57735026919,0.57735026919));
#3975 = ORIENTED_EDGE('',*,*,#2833,.T.);
#3976 = ORIENTED_EDGE('',*,*,#3977,.T.);
#3977 = EDGE_CURVE('',#2817,#3978,#3980,.T.);
#3978 = VERTEX_POINT('',#3979);
#3979 = CARTESIAN_POINT('',(0.16,-7.78,8.54));
#3980 = LINE('',#3981,#3982);
#3981 = CARTESIAN_POINT('',(0.16,-7.78,8.54));
#3982 = VECTOR('',#3983,1.);
#3983 = DIRECTION('',(-0.57735026919,0.57735026919,0.57735026919));
#3984 = ORIENTED_EDGE('',*,*,#3985,.F.);
#3985 = EDGE_CURVE('',#3969,#3978,#3986,.T.);
#3986 = LINE('',#3987,#3988);
#3987 = CARTESIAN_POINT('',(-0.32,-7.78,8.54));
#3988 = VECTOR('',#3989,1.);
#3989 = DIRECTION('',(1.,0.,0.));
#3990 = PLANE('',#3991);
#3991 = AXIS2_PLACEMENT_3D('',#3992,#3993,#3994);
#3992 = CARTESIAN_POINT('',(-0.32,-7.86,8.46));
#3993 = DIRECTION('',(-1.735167508357E-18,0.707106781187,-0.707106781187
    ));
#3994 = DIRECTION('',(-1.,-1.226948711654E-18,1.226948711654E-18));
#3995 = ADVANCED_FACE('',(#3996),#4014,.T.);
#3996 = FACE_BOUND('',#3997,.T.);
#3997 = EDGE_LOOP('',(#3998,#3999,#4000,#4008));
#3998 = ORIENTED_EDGE('',*,*,#3977,.F.);
#3999 = ORIENTED_EDGE('',*,*,#2857,.T.);
#4000 = ORIENTED_EDGE('',*,*,#4001,.T.);
#4001 = EDGE_CURVE('',#2850,#4002,#4004,.T.);
#4002 = VERTEX_POINT('',#4003);
#4003 = CARTESIAN_POINT('',(0.16,-7.46,8.54));
#4004 = LINE('',#4005,#4006);
#4005 = CARTESIAN_POINT('',(5.333333333333E-02,-7.566666666667,
    8.646666666667));
#4006 = VECTOR('',#4007,1.);
#4007 = DIRECTION('',(-0.57735026919,-0.57735026919,0.57735026919));
#4008 = ORIENTED_EDGE('',*,*,#4009,.F.);
#4009 = EDGE_CURVE('',#3978,#4002,#4010,.T.);
#4010 = LINE('',#4011,#4012);
#4011 = CARTESIAN_POINT('',(0.16,-7.94,8.54));
#4012 = VECTOR('',#4013,1.);
#4013 = DIRECTION('',(0.,1.,0.));
#4014 = PLANE('',#4015);
#4015 = AXIS2_PLACEMENT_3D('',#4016,#4017,#4018);
#4016 = CARTESIAN_POINT('',(0.24,-7.94,8.46));
#4017 = DIRECTION('',(0.707106781187,-1.735167508357E-18,0.707106781187)
  );
#4018 = DIRECTION('',(1.226948711654E-18,1.,1.226948711654E-18));
#4019 = ADVANCED_FACE('',(#4020),#4038,.T.);
#4020 = FACE_BOUND('',#4021,.F.);
#4021 = EDGE_LOOP('',(#4022,#4030,#4031,#4032));
#4022 = ORIENTED_EDGE('',*,*,#4023,.F.);
#4023 = EDGE_CURVE('',#2874,#4024,#4026,.T.);
#4024 = VERTEX_POINT('',#4025);
#4025 = CARTESIAN_POINT('',(-0.16,-7.46,8.54));
#4026 = LINE('',#4027,#4028);
#4027 = CARTESIAN_POINT('',(-0.16,-7.46,8.54));
#4028 = VECTOR('',#4029,1.);
#4029 = DIRECTION('',(0.57735026919,-0.57735026919,0.57735026919));
#4030 = ORIENTED_EDGE('',*,*,#2881,.T.);
#4031 = ORIENTED_EDGE('',*,*,#4001,.T.);
#4032 = ORIENTED_EDGE('',*,*,#4033,.F.);
#4033 = EDGE_CURVE('',#4024,#4002,#4034,.T.);
#4034 = LINE('',#4035,#4036);
#4035 = CARTESIAN_POINT('',(-0.32,-7.46,8.54));
#4036 = VECTOR('',#4037,1.);
#4037 = DIRECTION('',(1.,0.,0.));
#4038 = PLANE('',#4039);
#4039 = AXIS2_PLACEMENT_3D('',#4040,#4041,#4042);
#4040 = CARTESIAN_POINT('',(-0.32,-7.38,8.46));
#4041 = DIRECTION('',(1.735167508357E-18,0.707106781187,0.707106781187)
  );
#4042 = DIRECTION('',(-1.,1.226948711654E-18,1.226948711654E-18));
#4043 = ADVANCED_FACE('',(#4044),#4055,.F.);
#4044 = FACE_BOUND('',#4045,.F.);
#4045 = EDGE_LOOP('',(#4046,#4047,#4048,#4049));
#4046 = ORIENTED_EDGE('',*,*,#3968,.F.);
#4047 = ORIENTED_EDGE('',*,*,#2898,.T.);
#4048 = ORIENTED_EDGE('',*,*,#4023,.T.);
#4049 = ORIENTED_EDGE('',*,*,#4050,.F.);
#4050 = EDGE_CURVE('',#3969,#4024,#4051,.T.);
#4051 = LINE('',#4052,#4053);
#4052 = CARTESIAN_POINT('',(-0.16,-7.94,8.54));
#4053 = VECTOR('',#4054,1.);
#4054 = DIRECTION('',(0.,1.,0.));
#4055 = PLANE('',#4056);
#4056 = AXIS2_PLACEMENT_3D('',#4057,#4058,#4059);
#4057 = CARTESIAN_POINT('',(-0.24,-7.94,8.46));
#4058 = DIRECTION('',(0.707106781187,1.735167508357E-18,-0.707106781187)
  );
#4059 = DIRECTION('',(-1.226948711654E-18,1.,1.226948711654E-18));
#4060 = ADVANCED_FACE('',(#4061),#4067,.F.);
#4061 = FACE_BOUND('',#4062,.F.);
#4062 = EDGE_LOOP('',(#4063,#4064,#4065,#4066));
#4063 = ORIENTED_EDGE('',*,*,#2953,.F.);
#4064 = ORIENTED_EDGE('',*,*,#2977,.F.);
#4065 = ORIENTED_EDGE('',*,*,#2994,.T.);
#4066 = ORIENTED_EDGE('',*,*,#2929,.T.);
#4067 = PLANE('',#4068);
#4068 = AXIS2_PLACEMENT_3D('',#4069,#4070,#4071);
#4069 = CARTESIAN_POINT('',(-0.32,-0.32,-3.));
#4070 = DIRECTION('',(0.,0.,1.));
#4071 = DIRECTION('',(1.,0.,-0.));
#4072 = ADVANCED_FACE('',(#4073),#4079,.F.);
#4073 = FACE_BOUND('',#4074,.F.);
#4074 = EDGE_LOOP('',(#4075,#4076,#4077,#4078));
#4075 = ORIENTED_EDGE('',*,*,#3049,.F.);
#4076 = ORIENTED_EDGE('',*,*,#3073,.F.);
#4077 = ORIENTED_EDGE('',*,*,#3090,.T.);
#4078 = ORIENTED_EDGE('',*,*,#3025,.T.);
#4079 = PLANE('',#4080);
#4080 = AXIS2_PLACEMENT_3D('',#4081,#4082,#4083);
#4081 = CARTESIAN_POINT('',(-0.32,-5.4,-3.));
#4082 = DIRECTION('',(0.,0.,1.));
#4083 = DIRECTION('',(1.,0.,-0.));
#4084 = ADVANCED_FACE('',(#4085),#4091,.F.);
#4085 = FACE_BOUND('',#4086,.F.);
#4086 = EDGE_LOOP('',(#4087,#4088,#4089,#4090));
#4087 = ORIENTED_EDGE('',*,*,#3145,.F.);
#4088 = ORIENTED_EDGE('',*,*,#3169,.F.);
#4089 = ORIENTED_EDGE('',*,*,#3186,.T.);
#4090 = ORIENTED_EDGE('',*,*,#3121,.T.);
#4091 = PLANE('',#4092);
#4092 = AXIS2_PLACEMENT_3D('',#4093,#4094,#4095);
#4093 = CARTESIAN_POINT('',(-0.32,-2.86,-3.));
#4094 = DIRECTION('',(0.,0.,1.));
#4095 = DIRECTION('',(1.,0.,-0.));
#4096 = ADVANCED_FACE('',(#4097),#4103,.F.);
#4097 = FACE_BOUND('',#4098,.F.);
#4098 = EDGE_LOOP('',(#4099,#4100,#4101,#4102));
#4099 = ORIENTED_EDGE('',*,*,#3265,.F.);
#4100 = ORIENTED_EDGE('',*,*,#3282,.F.);
#4101 = ORIENTED_EDGE('',*,*,#3217,.T.);
#4102 = ORIENTED_EDGE('',*,*,#3241,.T.);
#4103 = PLANE('',#4104);
#4104 = AXIS2_PLACEMENT_3D('',#4105,#4106,#4107);
#4105 = CARTESIAN_POINT('',(-0.32,-13.02,-3.));
#4106 = DIRECTION('',(0.,0.,1.));
#4107 = DIRECTION('',(1.,0.,-0.));
#4108 = ADVANCED_FACE('',(#4109),#4115,.F.);
#4109 = FACE_BOUND('',#4110,.F.);
#4110 = EDGE_LOOP('',(#4111,#4112,#4113,#4114));
#4111 = ORIENTED_EDGE('',*,*,#3313,.F.);
#4112 = ORIENTED_EDGE('',*,*,#3337,.F.);
#4113 = ORIENTED_EDGE('',*,*,#3361,.T.);
#4114 = ORIENTED_EDGE('',*,*,#3378,.T.);
#4115 = PLANE('',#4116);
#4116 = AXIS2_PLACEMENT_3D('',#4117,#4118,#4119);
#4117 = CARTESIAN_POINT('',(-0.32,-10.48,-3.));
#4118 = DIRECTION('',(0.,0.,1.));
#4119 = DIRECTION('',(1.,0.,-0.));
#4120 = ADVANCED_FACE('',(#4121),#4127,.F.);
#4121 = FACE_BOUND('',#4122,.F.);
#4122 = EDGE_LOOP('',(#4123,#4124,#4125,#4126));
#4123 = ORIENTED_EDGE('',*,*,#3457,.F.);
#4124 = ORIENTED_EDGE('',*,*,#3474,.F.);
#4125 = ORIENTED_EDGE('',*,*,#3409,.T.);
#4126 = ORIENTED_EDGE('',*,*,#3433,.T.);
#4127 = PLANE('',#4128);
#4128 = AXIS2_PLACEMENT_3D('',#4129,#4130,#4131);
#4129 = CARTESIAN_POINT('',(-0.32,-7.94,-3.));
#4130 = DIRECTION('',(0.,0.,1.));
#4131 = DIRECTION('',(1.,0.,-0.));
#4132 = ADVANCED_FACE('',(#4133),#4139,.T.);
#4133 = FACE_BOUND('',#4134,.T.);
#4134 = EDGE_LOOP('',(#4135,#4136,#4137,#4138));
#4135 = ORIENTED_EDGE('',*,*,#3505,.T.);
#4136 = ORIENTED_EDGE('',*,*,#3529,.F.);
#4137 = ORIENTED_EDGE('',*,*,#3553,.F.);
#4138 = ORIENTED_EDGE('',*,*,#3570,.T.);
#4139 = PLANE('',#4140);
#4140 = AXIS2_PLACEMENT_3D('',#4141,#4142,#4143);
#4141 = CARTESIAN_POINT('',(-0.32,-0.32,8.54));
#4142 = DIRECTION('',(0.,0.,1.));
#4143 = DIRECTION('',(1.,0.,-0.));
#4144 = ADVANCED_FACE('',(#4145),#4151,.T.);
#4145 = FACE_BOUND('',#4146,.T.);
#4146 = EDGE_LOOP('',(#4147,#4148,#4149,#4150));
#4147 = ORIENTED_EDGE('',*,*,#3601,.T.);
#4148 = ORIENTED_EDGE('',*,*,#3625,.F.);
#4149 = ORIENTED_EDGE('',*,*,#3649,.F.);
#4150 = ORIENTED_EDGE('',*,*,#3666,.T.);
#4151 = PLANE('',#4152);
#4152 = AXIS2_PLACEMENT_3D('',#4153,#4154,#4155);
#4153 = CARTESIAN_POINT('',(-0.32,-5.4,8.54));
#4154 = DIRECTION('',(0.,0.,1.));
#4155 = DIRECTION('',(1.,0.,-0.));
#4156 = ADVANCED_FACE('',(#4157),#4163,.T.);
#4157 = FACE_BOUND('',#4158,.T.);
#4158 = EDGE_LOOP('',(#4159,#4160,#4161,#4162));
#4159 = ORIENTED_EDGE('',*,*,#3697,.T.);
#4160 = ORIENTED_EDGE('',*,*,#3721,.F.);
#4161 = ORIENTED_EDGE('',*,*,#3745,.F.);
#4162 = ORIENTED_EDGE('',*,*,#3762,.T.);
#4163 = PLANE('',#4164);
#4164 = AXIS2_PLACEMENT_3D('',#4165,#4166,#4167);
#4165 = CARTESIAN_POINT('',(-0.32,-2.86,8.54));
#4166 = DIRECTION('',(0.,0.,1.));
#4167 = DIRECTION('',(1.,0.,-0.));
#4168 = ADVANCED_FACE('',(#4169),#4175,.T.);
#4169 = FACE_BOUND('',#4170,.T.);
#4170 = EDGE_LOOP('',(#4171,#4172,#4173,#4174));
#4171 = ORIENTED_EDGE('',*,*,#3817,.T.);
#4172 = ORIENTED_EDGE('',*,*,#3841,.F.);
#4173 = ORIENTED_EDGE('',*,*,#3858,.F.);
#4174 = ORIENTED_EDGE('',*,*,#3793,.T.);
#4175 = PLANE('',#4176);
#4176 = AXIS2_PLACEMENT_3D('',#4177,#4178,#4179);
#4177 = CARTESIAN_POINT('',(-0.32,-13.02,8.54));
#4178 = DIRECTION('',(0.,0.,1.));
#4179 = DIRECTION('',(1.,0.,-0.));
#4180 = ADVANCED_FACE('',(#4181),#4187,.T.);
#4181 = FACE_BOUND('',#4182,.T.);
#4182 = EDGE_LOOP('',(#4183,#4184,#4185,#4186));
#4183 = ORIENTED_EDGE('',*,*,#3954,.T.);
#4184 = ORIENTED_EDGE('',*,*,#3889,.F.);
#4185 = ORIENTED_EDGE('',*,*,#3913,.F.);
#4186 = ORIENTED_EDGE('',*,*,#3937,.T.);
#4187 = PLANE('',#4188);
#4188 = AXIS2_PLACEMENT_3D('',#4189,#4190,#4191);
#4189 = CARTESIAN_POINT('',(-0.32,-10.48,8.54));
#4190 = DIRECTION('',(0.,0.,1.));
#4191 = DIRECTION('',(1.,0.,-0.));
#4192 = ADVANCED_FACE('',(#4193),#4199,.T.);
#4193 = FACE_BOUND('',#4194,.T.);
#4194 = EDGE_LOOP('',(#4195,#4196,#4197,#4198));
#4195 = ORIENTED_EDGE('',*,*,#4009,.T.);
#4196 = ORIENTED_EDGE('',*,*,#4033,.F.);
#4197 = ORIENTED_EDGE('',*,*,#4050,.F.);
#4198 = ORIENTED_EDGE('',*,*,#3985,.T.);
#4199 = PLANE('',#4200);
#4200 = AXIS2_PLACEMENT_3D('',#4201,#4202,#4203);
#4201 = CARTESIAN_POINT('',(-0.32,-7.94,8.54));
#4202 = DIRECTION('',(0.,0.,1.));
#4203 = DIRECTION('',(1.,0.,-0.));
#4204 = ( GEOMETRIC_REPRESENTATION_CONTEXT(3) 
GLOBAL_UNCERTAINTY_ASSIGNED_CONTEXT((#4208)) 
GLOBAL_UNIT_ASSIGNED_CONTEXT((#4205,#4206,#4207)) REPRESENTATION_CONTEXT
('Context #1','3D Context with UNIT and UNCERTAINTY') );
#4205 = ( LENGTH_UNIT() NAMED_UNIT(*) SI_UNIT(.MILLI.,.METRE.) );
#4206 = ( NAMED_UNIT(*) PLANE_ANGLE_UNIT() SI_UNIT($,.RADIAN.) );
#4207 = ( NAMED_UNIT(*) SI_UNIT($,.STERADIAN.) SOLID_ANGLE_UNIT() );
#4208 = UNCERTAINTY_MEASURE_WITH_UNIT(LENGTH_MEASURE(1.E-07),#4205,
  'distance_accuracy_value','confusion accuracy');
#4209 = CONTEXT_DEPENDENT_SHAPE_REPRESENTATION(#4210,#4212);
#4210 = ( REPRESENTATION_RELATIONSHIP('','',#75,#52) 
REPRESENTATION_RELATIONSHIP_WITH_TRANSFORMATION(#4211) 
SHAPE_REPRESENTATION_RELATIONSHIP() );
#4211 = ITEM_DEFINED_TRANSFORMATION('','',#11,#53);
#4212 = PRODUCT_DEFINITION_SHAPE('Placement','Placement of an item',
  #4213);
#4213 = NEXT_ASSEMBLY_USAGE_OCCURRENCE('1','=>[0:1:1:3]','',#47,#70,$);
#4214 = PRODUCT_RELATED_PRODUCT_CATEGORY('part',$,(#72));
#4215 = SHAPE_DEFINITION_REPRESENTATION(#4216,#4222);
#4216 = PRODUCT_DEFINITION_SHAPE('','',#4217);
#4217 = PRODUCT_DEFINITION('design','',#4218,#4221);
#4218 = PRODUCT_DEFINITION_FORMATION('','',#4219);
#4219 = PRODUCT('SOT-23','SOT-23','',(#4220));
#4220 = PRODUCT_CONTEXT('',#2,'mechanical');
#4221 = PRODUCT_DEFINITION_CONTEXT('part definition',#2,'design');
#4222 = SHAPE_REPRESENTATION('',(#11,#4223),#4227);
#4223 = AXIS2_PLACEMENT_3D('',#4224,#4225,#4226);
#4224 = CARTESIAN_POINT('',(0.,0.,0.));
#4225 = DIRECTION('',(0.,0.,1.));
#4226 = DIRECTION('',(1.,0.,-0.));
#4227 = ( GEOMETRIC_REPRESENTATION_CONTEXT(3) 
GLOBAL_UNCERTAINTY_ASSIGNED_CONTEXT((#4231)) 
GLOBAL_UNIT_ASSIGNED_CONTEXT((#4228,#4229,#4230)) REPRESENTATION_CONTEXT
('Context #1','3D Context with UNIT and UNCERTAINTY') );
#4228 = ( LENGTH_UNIT() NAMED_UNIT(*) SI_UNIT(.MILLI.,.METRE.) );
#4229 = ( NAMED_UNIT(*) PLANE_ANGLE_UNIT() SI_UNIT($,.RADIAN.) );
#4230 = ( NAMED_UNIT(*) SI_UNIT($,.STERADIAN.) SOLID_ANGLE_UNIT() );
#4231 = UNCERTAINTY_MEASURE_WITH_UNIT(LENGTH_MEASURE(1.E-07),#4228,
  'distance_accuracy_value','confusion accuracy');
#4232 = CONTEXT_DEPENDENT_SHAPE_REPRESENTATION(#4233,#4235);
#4233 = ( REPRESENTATION_RELATIONSHIP('','',#4222,#10) 
REPRESENTATION_RELATIONSHIP_WITH_TRANSFORMATION(#4234) 
SHAPE_REPRESENTATION_RELATIONSHIP() );
#4234 = ITEM_DEFINED_TRANSFORMATION('','',#11,#19);
#4235 = PRODUCT_DEFINITION_SHAPE('Placement','Placement of an item',
  #4236);
#4236 = NEXT_ASSEMBLY_USAGE_OCCURRENCE('4','U1','',#5,#4217,$);
#4237 = PRODUCT_RELATED_PRODUCT_CATEGORY('part',$,(#4219));
#4238 = SHAPE_DEFINITION_REPRESENTATION(#4239,#4245);
#4239 = PRODUCT_DEFINITION_SHAPE('','',#4240);
#4240 = PRODUCT_DEFINITION('design','',#4241,#4244);
#4241 = PRODUCT_DEFINITION_FORMATION('','',#4242);
#4242 = PRODUCT('SOT-23','SOT-23','',(#4243));
#4243 = PRODUCT_CONTEXT('',#2,'mechanical');
#4244 = PRODUCT_DEFINITION_CONTEXT('part definition',#2,'design');
#4245 = ADVANCED_BREP_SHAPE_REPRESENTATION('',(#11,#4246),#6228);
#4246 = MANIFOLD_SOLID_BREP('',#4247);
#4247 = CLOSED_SHELL('',(#4248,#4286,#4349,#4372,#4401,#4424,#4479,#4518
    ,#4541,#4564,#4581,#4604,#4692,#4708,#4738,#4771,#4802,#4835,#4852,
    #4869,#4902,#4932,#4955,#4978,#4995,#5024,#5078,#5101,#5124,#5147,
    #5186,#5208,#5252,#5327,#5351,#5419,#5436,#5511,#5535,#5603,#5678,
    #5702,#5770,#5787,#5804,#5850,#5866,#5882,#5899,#5911,#5928,#5945,
    #5962,#5979,#5996,#6013,#6025,#6042,#6059,#6076,#6093,#6110,#6122,
    #6139,#6156,#6173,#6190,#6207,#6219));
#4248 = ADVANCED_FACE('',(#4249),#4281,.F.);
#4249 = FACE_BOUND('',#4250,.F.);
#4250 = EDGE_LOOP('',(#4251,#4261,#4268,#4276));
#4251 = ORIENTED_EDGE('',*,*,#4252,.T.);
#4252 = EDGE_CURVE('',#4253,#4255,#4257,.T.);
#4253 = VERTEX_POINT('',#4254);
#4254 = CARTESIAN_POINT('',(-0.571621551758,1.433243103516,0.1));
#4255 = VERTEX_POINT('',#4256);
#4256 = CARTESIAN_POINT('',(0.571621551758,1.433243103516,0.1));
#4257 = LINE('',#4258,#4259);
#4258 = CARTESIAN_POINT('',(-0.571621551758,1.433243103516,0.1));
#4259 = VECTOR('',#4260,1.);
#4260 = DIRECTION('',(1.,1.110223024625E-16,0.));
#4261 = ORIENTED_EDGE('',*,*,#4262,.T.);
#4262 = EDGE_CURVE('',#4255,#4263,#4265,.T.);
#4263 = VERTEX_POINT('',#4264);
#4264 = CARTESIAN_POINT('',(0.605,1.5,0.575));
#4265 = B_SPLINE_CURVE_WITH_KNOTS('',1,(#4266,#4267),.UNSPECIFIED.,.F.,
  .F.,(2,2),(0.,1.),.PIECEWISE_BEZIER_KNOTS.);
#4266 = CARTESIAN_POINT('',(0.571621551758,1.433243103516,0.1));
#4267 = CARTESIAN_POINT('',(0.605,1.5,0.575));
#4268 = ORIENTED_EDGE('',*,*,#4269,.F.);
#4269 = EDGE_CURVE('',#4270,#4263,#4272,.T.);
#4270 = VERTEX_POINT('',#4271);
#4271 = CARTESIAN_POINT('',(-0.605,1.5,0.575));
#4272 = LINE('',#4273,#4274);
#4273 = CARTESIAN_POINT('',(-0.605,1.5,0.575));
#4274 = VECTOR('',#4275,1.);
#4275 = DIRECTION('',(1.,1.110223024625E-16,0.));
#4276 = ORIENTED_EDGE('',*,*,#4277,.F.);
#4277 = EDGE_CURVE('',#4253,#4270,#4278,.T.);
#4278 = B_SPLINE_CURVE_WITH_KNOTS('',1,(#4279,#4280),.UNSPECIFIED.,.F.,
  .F.,(2,2),(0.,1.),.PIECEWISE_BEZIER_KNOTS.);
#4279 = CARTESIAN_POINT('',(-0.571621551758,1.433243103516,0.1));
#4280 = CARTESIAN_POINT('',(-0.605,1.5,0.575));
#4281 = B_SPLINE_SURFACE_WITH_KNOTS('',1,1,(
    (#4282,#4283)
    ,(#4284,#4285
    )),.UNSPECIFIED.,.F.,.F.,.F.,(2,2),(2,2),(0.,1.21),(0.,1.),
  .PIECEWISE_BEZIER_KNOTS.);
#4282 = CARTESIAN_POINT('',(-0.571621551758,1.433243103516,0.1));
#4283 = CARTESIAN_POINT('',(-0.605,1.5,0.575));
#4284 = CARTESIAN_POINT('',(0.571621551758,1.433243103516,0.1));
#4285 = CARTESIAN_POINT('',(0.605,1.5,0.575));
#4286 = ADVANCED_FACE('',(#4287),#4344,.T.);
#4287 = FACE_BOUND('',#4288,.T.);
#4288 = EDGE_LOOP('',(#4289,#4290,#4298,#4306,#4314,#4322,#4330,#4338));
#4289 = ORIENTED_EDGE('',*,*,#4252,.T.);
#4290 = ORIENTED_EDGE('',*,*,#4291,.T.);
#4291 = EDGE_CURVE('',#4255,#4292,#4294,.T.);
#4292 = VERTEX_POINT('',#4293);
#4293 = CARTESIAN_POINT('',(0.633243103516,1.371621551758,0.1));
#4294 = LINE('',#4295,#4296);
#4295 = CARTESIAN_POINT('',(0.571621551758,1.433243103516,0.1));
#4296 = VECTOR('',#4297,1.);
#4297 = DIRECTION('',(0.707106781187,-0.707106781187,0.));
#4298 = ORIENTED_EDGE('',*,*,#4299,.T.);
#4299 = EDGE_CURVE('',#4292,#4300,#4302,.T.);
#4300 = VERTEX_POINT('',#4301);
#4301 = CARTESIAN_POINT('',(0.633243103516,-1.371621551758,0.1));
#4302 = LINE('',#4303,#4304);
#4303 = CARTESIAN_POINT('',(0.633243103516,1.371621551758,0.1));
#4304 = VECTOR('',#4305,1.);
#4305 = DIRECTION('',(1.110223024625E-16,-1.,0.));
#4306 = ORIENTED_EDGE('',*,*,#4307,.T.);
#4307 = EDGE_CURVE('',#4300,#4308,#4310,.T.);
#4308 = VERTEX_POINT('',#4309);
#4309 = CARTESIAN_POINT('',(0.571621551758,-1.433243103516,0.1));
#4310 = LINE('',#4311,#4312);
#4311 = CARTESIAN_POINT('',(0.633243103516,-1.371621551758,0.1));
#4312 = VECTOR('',#4313,1.);
#4313 = DIRECTION('',(-0.707106781187,-0.707106781187,0.));
#4314 = ORIENTED_EDGE('',*,*,#4315,.T.);
#4315 = EDGE_CURVE('',#4308,#4316,#4318,.T.);
#4316 = VERTEX_POINT('',#4317);
#4317 = CARTESIAN_POINT('',(-0.571621551758,-1.433243103516,0.1));
#4318 = LINE('',#4319,#4320);
#4319 = CARTESIAN_POINT('',(0.571621551758,-1.433243103516,0.1));
#4320 = VECTOR('',#4321,1.);
#4321 = DIRECTION('',(-1.,-1.110223024625E-16,0.));
#4322 = ORIENTED_EDGE('',*,*,#4323,.T.);
#4323 = EDGE_CURVE('',#4316,#4324,#4326,.T.);
#4324 = VERTEX_POINT('',#4325);
#4325 = CARTESIAN_POINT('',(-0.633243103516,-1.371621551758,0.1));
#4326 = LINE('',#4327,#4328);
#4327 = CARTESIAN_POINT('',(-0.571621551758,-1.433243103516,0.1));
#4328 = VECTOR('',#4329,1.);
#4329 = DIRECTION('',(-0.707106781187,0.707106781187,0.));
#4330 = ORIENTED_EDGE('',*,*,#4331,.T.);
#4331 = EDGE_CURVE('',#4324,#4332,#4334,.T.);
#4332 = VERTEX_POINT('',#4333);
#4333 = CARTESIAN_POINT('',(-0.633243103516,1.371621551758,0.1));
#4334 = LINE('',#4335,#4336);
#4335 = CARTESIAN_POINT('',(-0.633243103516,-1.371621551758,0.1));
#4336 = VECTOR('',#4337,1.);
#4337 = DIRECTION('',(-1.110223024625E-16,1.,0.));
#4338 = ORIENTED_EDGE('',*,*,#4339,.T.);
#4339 = EDGE_CURVE('',#4332,#4253,#4340,.T.);
#4340 = LINE('',#4341,#4342);
#4341 = CARTESIAN_POINT('',(-0.633243103516,1.371621551758,0.1));
#4342 = VECTOR('',#4343,1.);
#4343 = DIRECTION('',(0.707106781187,0.707106781187,0.));
#4344 = PLANE('',#4345);
#4345 = AXIS2_PLACEMENT_3D('',#4346,#4347,#4348);
#4346 = CARTESIAN_POINT('',(-0.571621551758,1.433243103516,0.1));
#4347 = DIRECTION('',(0.,0.,-1.));
#4348 = DIRECTION('',(0.370454302632,-0.928850692879,0.));
#4349 = ADVANCED_FACE('',(#4350),#4367,.F.);
#4350 = FACE_BOUND('',#4351,.F.);
#4351 = EDGE_LOOP('',(#4352,#4353,#4360,#4366));
#4352 = ORIENTED_EDGE('',*,*,#4291,.T.);
#4353 = ORIENTED_EDGE('',*,*,#4354,.T.);
#4354 = EDGE_CURVE('',#4292,#4355,#4357,.T.);
#4355 = VERTEX_POINT('',#4356);
#4356 = CARTESIAN_POINT('',(0.7,1.405,0.575));
#4357 = B_SPLINE_CURVE_WITH_KNOTS('',1,(#4358,#4359),.UNSPECIFIED.,.F.,
  .F.,(2,2),(0.,1.),.PIECEWISE_BEZIER_KNOTS.);
#4358 = CARTESIAN_POINT('',(0.633243103516,1.371621551758,0.1));
#4359 = CARTESIAN_POINT('',(0.7,1.405,0.575));
#4360 = ORIENTED_EDGE('',*,*,#4361,.F.);
#4361 = EDGE_CURVE('',#4263,#4355,#4362,.T.);
#4362 = LINE('',#4363,#4364);
#4363 = CARTESIAN_POINT('',(0.605,1.5,0.575));
#4364 = VECTOR('',#4365,1.);
#4365 = DIRECTION('',(0.707106781187,-0.707106781187,0.));
#4366 = ORIENTED_EDGE('',*,*,#4262,.F.);
#4367 = B_SPLINE_SURFACE_WITH_KNOTS('',1,1,(
    (#4368,#4369)
    ,(#4370,#4371
    )),.UNSPECIFIED.,.F.,.F.,.F.,(2,2),(2,2),(0.,0.134350288425),(0.,1.)
  ,.PIECEWISE_BEZIER_KNOTS.);
#4368 = CARTESIAN_POINT('',(0.571621551758,1.433243103516,0.1));
#4369 = CARTESIAN_POINT('',(0.605,1.5,0.575));
#4370 = CARTESIAN_POINT('',(0.633243103516,1.371621551758,0.1));
#4371 = CARTESIAN_POINT('',(0.7,1.405,0.575));
#4372 = ADVANCED_FACE('',(#4373),#4396,.F.);
#4373 = FACE_BOUND('',#4374,.F.);
#4374 = EDGE_LOOP('',(#4375,#4376,#4383,#4391));
#4375 = ORIENTED_EDGE('',*,*,#4269,.T.);
#4376 = ORIENTED_EDGE('',*,*,#4377,.T.);
#4377 = EDGE_CURVE('',#4263,#4378,#4380,.T.);
#4378 = VERTEX_POINT('',#4379);
#4379 = CARTESIAN_POINT('',(0.605,1.5,0.725));
#4380 = B_SPLINE_CURVE_WITH_KNOTS('',1,(#4381,#4382),.UNSPECIFIED.,.F.,
  .F.,(2,2),(0.,1.),.PIECEWISE_BEZIER_KNOTS.);
#4381 = CARTESIAN_POINT('',(0.605,1.5,0.575));
#4382 = CARTESIAN_POINT('',(0.605,1.5,0.725));
#4383 = ORIENTED_EDGE('',*,*,#4384,.F.);
#4384 = EDGE_CURVE('',#4385,#4378,#4387,.T.);
#4385 = VERTEX_POINT('',#4386);
#4386 = CARTESIAN_POINT('',(-0.605,1.5,0.725));
#4387 = LINE('',#4388,#4389);
#4388 = CARTESIAN_POINT('',(-0.605,1.5,0.725));
#4389 = VECTOR('',#4390,1.);
#4390 = DIRECTION('',(1.,1.110223024625E-16,0.));
#4391 = ORIENTED_EDGE('',*,*,#4392,.F.);
#4392 = EDGE_CURVE('',#4270,#4385,#4393,.T.);
#4393 = B_SPLINE_CURVE_WITH_KNOTS('',1,(#4394,#4395),.UNSPECIFIED.,.F.,
  .F.,(2,2),(0.,1.),.PIECEWISE_BEZIER_KNOTS.);
#4394 = CARTESIAN_POINT('',(-0.605,1.5,0.575));
#4395 = CARTESIAN_POINT('',(-0.605,1.5,0.725));
#4396 = PLANE('',#4397);
#4397 = AXIS2_PLACEMENT_3D('',#4398,#4399,#4400);
#4398 = CARTESIAN_POINT('',(-0.605,1.5,0.725));
#4399 = DIRECTION('',(1.110223024625E-16,-1.,0.));
#4400 = DIRECTION('',(1.,1.110223024625E-16,0.));
#4401 = ADVANCED_FACE('',(#4402),#4419,.F.);
#4402 = FACE_BOUND('',#4403,.F.);
#4403 = EDGE_LOOP('',(#4404,#4405,#4406,#4414));
#4404 = ORIENTED_EDGE('',*,*,#4339,.T.);
#4405 = ORIENTED_EDGE('',*,*,#4277,.T.);
#4406 = ORIENTED_EDGE('',*,*,#4407,.F.);
#4407 = EDGE_CURVE('',#4408,#4270,#4410,.T.);
#4408 = VERTEX_POINT('',#4409);
#4409 = CARTESIAN_POINT('',(-0.7,1.405,0.575));
#4410 = LINE('',#4411,#4412);
#4411 = CARTESIAN_POINT('',(-0.7,1.405,0.575));
#4412 = VECTOR('',#4413,1.);
#4413 = DIRECTION('',(0.707106781187,0.707106781187,0.));
#4414 = ORIENTED_EDGE('',*,*,#4415,.F.);
#4415 = EDGE_CURVE('',#4332,#4408,#4416,.T.);
#4416 = B_SPLINE_CURVE_WITH_KNOTS('',1,(#4417,#4418),.UNSPECIFIED.,.F.,
  .F.,(2,2),(0.,1.),.PIECEWISE_BEZIER_KNOTS.);
#4417 = CARTESIAN_POINT('',(-0.633243103516,1.371621551758,0.1));
#4418 = CARTESIAN_POINT('',(-0.7,1.405,0.575));
#4419 = B_SPLINE_SURFACE_WITH_KNOTS('',1,1,(
    (#4420,#4421)
    ,(#4422,#4423
    )),.UNSPECIFIED.,.F.,.F.,.F.,(2,2),(2,2),(0.,0.134350288425),(0.,1.)
  ,.PIECEWISE_BEZIER_KNOTS.);
#4420 = CARTESIAN_POINT('',(-0.633243103516,1.371621551758,0.1));
#4421 = CARTESIAN_POINT('',(-0.7,1.405,0.575));
#4422 = CARTESIAN_POINT('',(-0.571621551758,1.433243103516,0.1));
#4423 = CARTESIAN_POINT('',(-0.605,1.5,0.575));
#4424 = ADVANCED_FACE('',(#4425),#4474,.F.);
#4425 = FACE_BOUND('',#4426,.F.);
#4426 = EDGE_LOOP('',(#4427,#4428,#4429,#4437,#4445,#4453,#4461,#4469));
#4427 = ORIENTED_EDGE('',*,*,#4331,.T.);
#4428 = ORIENTED_EDGE('',*,*,#4415,.T.);
#4429 = ORIENTED_EDGE('',*,*,#4430,.F.);
#4430 = EDGE_CURVE('',#4431,#4408,#4433,.T.);
#4431 = VERTEX_POINT('',#4432);
#4432 = CARTESIAN_POINT('',(-0.7,1.15,0.575));
#4433 = LINE('',#4434,#4435);
#4434 = CARTESIAN_POINT('',(-0.7,-1.405,0.575));
#4435 = VECTOR('',#4436,1.);
#4436 = DIRECTION('',(-1.110223024625E-16,1.,0.));
#4437 = ORIENTED_EDGE('',*,*,#4438,.F.);
#4438 = EDGE_CURVE('',#4439,#4431,#4441,.T.);
#4439 = VERTEX_POINT('',#4440);
#4440 = CARTESIAN_POINT('',(-0.7,0.75,0.575));
#4441 = LINE('',#4442,#4443);
#4442 = CARTESIAN_POINT('',(-0.7,0.75,0.575));
#4443 = VECTOR('',#4444,1.);
#4444 = DIRECTION('',(1.144237745222E-17,1.,0.));
#4445 = ORIENTED_EDGE('',*,*,#4446,.F.);
#4446 = EDGE_CURVE('',#4447,#4439,#4449,.T.);
#4447 = VERTEX_POINT('',#4448);
#4448 = CARTESIAN_POINT('',(-0.7,-0.75,0.575));
#4449 = LINE('',#4450,#4451);
#4450 = CARTESIAN_POINT('',(-0.7,-1.405,0.575));
#4451 = VECTOR('',#4452,1.);
#4452 = DIRECTION('',(-1.110223024625E-16,1.,0.));
#4453 = ORIENTED_EDGE('',*,*,#4454,.F.);
#4454 = EDGE_CURVE('',#4455,#4447,#4457,.T.);
#4455 = VERTEX_POINT('',#4456);
#4456 = CARTESIAN_POINT('',(-0.7,-1.15,0.575));
#4457 = LINE('',#4458,#4459);
#4458 = CARTESIAN_POINT('',(-0.7,-1.15,0.575));
#4459 = VECTOR('',#4460,1.);
#4460 = DIRECTION('',(1.144237745222E-17,1.,0.));
#4461 = ORIENTED_EDGE('',*,*,#4462,.F.);
#4462 = EDGE_CURVE('',#4463,#4455,#4465,.T.);
#4463 = VERTEX_POINT('',#4464);
#4464 = CARTESIAN_POINT('',(-0.7,-1.405,0.575));
#4465 = LINE('',#4466,#4467);
#4466 = CARTESIAN_POINT('',(-0.7,-1.405,0.575));
#4467 = VECTOR('',#4468,1.);
#4468 = DIRECTION('',(-1.110223024625E-16,1.,0.));
#4469 = ORIENTED_EDGE('',*,*,#4470,.F.);
#4470 = EDGE_CURVE('',#4324,#4463,#4471,.T.);
#4471 = B_SPLINE_CURVE_WITH_KNOTS('',1,(#4472,#4473),.UNSPECIFIED.,.F.,
  .F.,(2,2),(0.,1.),.PIECEWISE_BEZIER_KNOTS.);
#4472 = CARTESIAN_POINT('',(-0.633243103516,-1.371621551758,0.1));
#4473 = CARTESIAN_POINT('',(-0.7,-1.405,0.575));
#4474 = B_SPLINE_SURFACE_WITH_KNOTS('',1,1,(
    (#4475,#4476)
    ,(#4477,#4478
    )),.UNSPECIFIED.,.F.,.F.,.F.,(2,2),(2,2),(0.,2.81),(0.,1.),
  .PIECEWISE_BEZIER_KNOTS.);
#4475 = CARTESIAN_POINT('',(-0.633243103516,-1.371621551758,0.1));
#4476 = CARTESIAN_POINT('',(-0.7,-1.405,0.575));
#4477 = CARTESIAN_POINT('',(-0.633243103516,1.371621551758,0.1));
#4478 = CARTESIAN_POINT('',(-0.7,1.405,0.575));
#4479 = ADVANCED_FACE('',(#4480),#4513,.F.);
#4480 = FACE_BOUND('',#4481,.F.);
#4481 = EDGE_LOOP('',(#4482,#4483,#4490,#4498,#4506,#4512));
#4482 = ORIENTED_EDGE('',*,*,#4299,.T.);
#4483 = ORIENTED_EDGE('',*,*,#4484,.T.);
#4484 = EDGE_CURVE('',#4300,#4485,#4487,.T.);
#4485 = VERTEX_POINT('',#4486);
#4486 = CARTESIAN_POINT('',(0.7,-1.405,0.575));
#4487 = B_SPLINE_CURVE_WITH_KNOTS('',1,(#4488,#4489),.UNSPECIFIED.,.F.,
  .F.,(2,2),(0.,1.),.PIECEWISE_BEZIER_KNOTS.);
#4488 = CARTESIAN_POINT('',(0.633243103516,-1.371621551758,0.1));
#4489 = CARTESIAN_POINT('',(0.7,-1.405,0.575));
#4490 = ORIENTED_EDGE('',*,*,#4491,.F.);
#4491 = EDGE_CURVE('',#4492,#4485,#4494,.T.);
#4492 = VERTEX_POINT('',#4493);
#4493 = CARTESIAN_POINT('',(0.7,-0.2,0.575));
#4494 = LINE('',#4495,#4496);
#4495 = CARTESIAN_POINT('',(0.7,1.405,0.575));
#4496 = VECTOR('',#4497,1.);
#4497 = DIRECTION('',(1.110223024625E-16,-1.,0.));
#4498 = ORIENTED_EDGE('',*,*,#4499,.F.);
#4499 = EDGE_CURVE('',#4500,#4492,#4502,.T.);
#4500 = VERTEX_POINT('',#4501);
#4501 = CARTESIAN_POINT('',(0.7,0.2,0.575));
#4502 = LINE('',#4503,#4504);
#4503 = CARTESIAN_POINT('',(0.7,0.2,0.575));
#4504 = VECTOR('',#4505,1.);
#4505 = DIRECTION('',(1.110223024625E-16,-1.,0.));
#4506 = ORIENTED_EDGE('',*,*,#4507,.F.);
#4507 = EDGE_CURVE('',#4355,#4500,#4508,.T.);
#4508 = LINE('',#4509,#4510);
#4509 = CARTESIAN_POINT('',(0.7,1.405,0.575));
#4510 = VECTOR('',#4511,1.);
#4511 = DIRECTION('',(1.110223024625E-16,-1.,0.));
#4512 = ORIENTED_EDGE('',*,*,#4354,.F.);
#4513 = B_SPLINE_SURFACE_WITH_KNOTS('',1,1,(
    (#4514,#4515)
    ,(#4516,#4517
    )),.UNSPECIFIED.,.F.,.F.,.F.,(2,2),(2,2),(0.,2.81),(0.,1.),
  .PIECEWISE_BEZIER_KNOTS.);
#4514 = CARTESIAN_POINT('',(0.633243103516,1.371621551758,0.1));
#4515 = CARTESIAN_POINT('',(0.7,1.405,0.575));
#4516 = CARTESIAN_POINT('',(0.633243103516,-1.371621551758,0.1));
#4517 = CARTESIAN_POINT('',(0.7,-1.405,0.575));
#4518 = ADVANCED_FACE('',(#4519),#4536,.F.);
#4519 = FACE_BOUND('',#4520,.F.);
#4520 = EDGE_LOOP('',(#4521,#4522,#4523,#4531));
#4521 = ORIENTED_EDGE('',*,*,#4323,.T.);
#4522 = ORIENTED_EDGE('',*,*,#4470,.T.);
#4523 = ORIENTED_EDGE('',*,*,#4524,.F.);
#4524 = EDGE_CURVE('',#4525,#4463,#4527,.T.);
#4525 = VERTEX_POINT('',#4526);
#4526 = CARTESIAN_POINT('',(-0.605,-1.5,0.575));
#4527 = LINE('',#4528,#4529);
#4528 = CARTESIAN_POINT('',(-0.605,-1.5,0.575));
#4529 = VECTOR('',#4530,1.);
#4530 = DIRECTION('',(-0.707106781187,0.707106781187,0.));
#4531 = ORIENTED_EDGE('',*,*,#4532,.F.);
#4532 = EDGE_CURVE('',#4316,#4525,#4533,.T.);
#4533 = B_SPLINE_CURVE_WITH_KNOTS('',1,(#4534,#4535),.UNSPECIFIED.,.F.,
  .F.,(2,2),(0.,1.),.PIECEWISE_BEZIER_KNOTS.);
#4534 = CARTESIAN_POINT('',(-0.571621551758,-1.433243103516,0.1));
#4535 = CARTESIAN_POINT('',(-0.605,-1.5,0.575));
#4536 = B_SPLINE_SURFACE_WITH_KNOTS('',1,1,(
    (#4537,#4538)
    ,(#4539,#4540
    )),.UNSPECIFIED.,.F.,.F.,.F.,(2,2),(2,2),(0.,0.134350288425),(0.,1.)
  ,.PIECEWISE_BEZIER_KNOTS.);
#4537 = CARTESIAN_POINT('',(-0.571621551758,-1.433243103516,0.1));
#4538 = CARTESIAN_POINT('',(-0.605,-1.5,0.575));
#4539 = CARTESIAN_POINT('',(-0.633243103516,-1.371621551758,0.1));
#4540 = CARTESIAN_POINT('',(-0.7,-1.405,0.575));
#4541 = ADVANCED_FACE('',(#4542),#4559,.F.);
#4542 = FACE_BOUND('',#4543,.F.);
#4543 = EDGE_LOOP('',(#4544,#4545,#4552,#4558));
#4544 = ORIENTED_EDGE('',*,*,#4307,.T.);
#4545 = ORIENTED_EDGE('',*,*,#4546,.T.);
#4546 = EDGE_CURVE('',#4308,#4547,#4549,.T.);
#4547 = VERTEX_POINT('',#4548);
#4548 = CARTESIAN_POINT('',(0.605,-1.5,0.575));
#4549 = B_SPLINE_CURVE_WITH_KNOTS('',1,(#4550,#4551),.UNSPECIFIED.,.F.,
  .F.,(2,2),(0.,1.),.PIECEWISE_BEZIER_KNOTS.);
#4550 = CARTESIAN_POINT('',(0.571621551758,-1.433243103516,0.1));
#4551 = CARTESIAN_POINT('',(0.605,-1.5,0.575));
#4552 = ORIENTED_EDGE('',*,*,#4553,.F.);
#4553 = EDGE_CURVE('',#4485,#4547,#4554,.T.);
#4554 = LINE('',#4555,#4556);
#4555 = CARTESIAN_POINT('',(0.7,-1.405,0.575));
#4556 = VECTOR('',#4557,1.);
#4557 = DIRECTION('',(-0.707106781187,-0.707106781187,0.));
#4558 = ORIENTED_EDGE('',*,*,#4484,.F.);
#4559 = B_SPLINE_SURFACE_WITH_KNOTS('',1,1,(
    (#4560,#4561)
    ,(#4562,#4563
    )),.UNSPECIFIED.,.F.,.F.,.F.,(2,2),(2,2),(0.,0.134350288425),(0.,1.)
  ,.PIECEWISE_BEZIER_KNOTS.);
#4560 = CARTESIAN_POINT('',(0.633243103516,-1.371621551758,0.1));
#4561 = CARTESIAN_POINT('',(0.7,-1.405,0.575));
#4562 = CARTESIAN_POINT('',(0.571621551758,-1.433243103516,0.1));
#4563 = CARTESIAN_POINT('',(0.605,-1.5,0.575));
#4564 = ADVANCED_FACE('',(#4565),#4576,.F.);
#4565 = FACE_BOUND('',#4566,.F.);
#4566 = EDGE_LOOP('',(#4567,#4568,#4569,#4575));
#4567 = ORIENTED_EDGE('',*,*,#4315,.T.);
#4568 = ORIENTED_EDGE('',*,*,#4532,.T.);
#4569 = ORIENTED_EDGE('',*,*,#4570,.F.);
#4570 = EDGE_CURVE('',#4547,#4525,#4571,.T.);
#4571 = LINE('',#4572,#4573);
#4572 = CARTESIAN_POINT('',(0.605,-1.5,0.575));
#4573 = VECTOR('',#4574,1.);
#4574 = DIRECTION('',(-1.,-1.110223024625E-16,0.));
#4575 = ORIENTED_EDGE('',*,*,#4546,.F.);
#4576 = B_SPLINE_SURFACE_WITH_KNOTS('',1,1,(
    (#4577,#4578)
    ,(#4579,#4580
    )),.UNSPECIFIED.,.F.,.F.,.F.,(2,2),(2,2),(0.,1.21),(0.,1.),
  .PIECEWISE_BEZIER_KNOTS.);
#4577 = CARTESIAN_POINT('',(0.571621551758,-1.433243103516,0.1));
#4578 = CARTESIAN_POINT('',(0.605,-1.5,0.575));
#4579 = CARTESIAN_POINT('',(-0.571621551758,-1.433243103516,0.1));
#4580 = CARTESIAN_POINT('',(-0.605,-1.5,0.575));
#4581 = ADVANCED_FACE('',(#4582),#4599,.F.);
#4582 = FACE_BOUND('',#4583,.F.);
#4583 = EDGE_LOOP('',(#4584,#4585,#4592,#4598));
#4584 = ORIENTED_EDGE('',*,*,#4361,.T.);
#4585 = ORIENTED_EDGE('',*,*,#4586,.T.);
#4586 = EDGE_CURVE('',#4355,#4587,#4589,.T.);
#4587 = VERTEX_POINT('',#4588);
#4588 = CARTESIAN_POINT('',(0.7,1.405,0.725));
#4589 = B_SPLINE_CURVE_WITH_KNOTS('',1,(#4590,#4591),.UNSPECIFIED.,.F.,
  .F.,(2,2),(0.,1.),.PIECEWISE_BEZIER_KNOTS.);
#4590 = CARTESIAN_POINT('',(0.7,1.405,0.575));
#4591 = CARTESIAN_POINT('',(0.7,1.405,0.725));
#4592 = ORIENTED_EDGE('',*,*,#4593,.F.);
#4593 = EDGE_CURVE('',#4378,#4587,#4594,.T.);
#4594 = LINE('',#4595,#4596);
#4595 = CARTESIAN_POINT('',(0.605,1.5,0.725));
#4596 = VECTOR('',#4597,1.);
#4597 = DIRECTION('',(0.707106781187,-0.707106781187,0.));
#4598 = ORIENTED_EDGE('',*,*,#4377,.F.);
#4599 = PLANE('',#4600);
#4600 = AXIS2_PLACEMENT_3D('',#4601,#4602,#4603);
#4601 = CARTESIAN_POINT('',(0.605,1.5,0.725));
#4602 = DIRECTION('',(-0.707106781187,-0.707106781187,0.));
#4603 = DIRECTION('',(0.707106781187,-0.707106781187,0.));
#4604 = ADVANCED_FACE('',(#4605),#4687,.F.);
#4605 = FACE_BOUND('',#4606,.F.);
#4606 = EDGE_LOOP('',(#4607,#4615,#4616,#4617,#4625,#4633,#4641,#4649,
    #4657,#4665,#4673,#4681));
#4607 = ORIENTED_EDGE('',*,*,#4608,.T.);
#4608 = EDGE_CURVE('',#4609,#4385,#4611,.T.);
#4609 = VERTEX_POINT('',#4610);
#4610 = CARTESIAN_POINT('',(-0.7,1.405,0.725));
#4611 = LINE('',#4612,#4613);
#4612 = CARTESIAN_POINT('',(-0.7,1.405,0.725));
#4613 = VECTOR('',#4614,1.);
#4614 = DIRECTION('',(0.707106781187,0.707106781187,0.));
#4615 = ORIENTED_EDGE('',*,*,#4384,.T.);
#4616 = ORIENTED_EDGE('',*,*,#4593,.T.);
#4617 = ORIENTED_EDGE('',*,*,#4618,.T.);
#4618 = EDGE_CURVE('',#4587,#4619,#4621,.T.);
#4619 = VERTEX_POINT('',#4620);
#4620 = CARTESIAN_POINT('',(0.7,0.2,0.725));
#4621 = LINE('',#4622,#4623);
#4622 = CARTESIAN_POINT('',(0.7,1.405,0.725));
#4623 = VECTOR('',#4624,1.);
#4624 = DIRECTION('',(1.110223024625E-16,-1.,0.));
#4625 = ORIENTED_EDGE('',*,*,#4626,.T.);
#4626 = EDGE_CURVE('',#4619,#4627,#4629,.T.);
#4627 = VERTEX_POINT('',#4628);
#4628 = CARTESIAN_POINT('',(0.675,0.2,0.725));
#4629 = LINE('',#4630,#4631);
#4630 = CARTESIAN_POINT('',(0.7,0.2,0.725));
#4631 = VECTOR('',#4632,1.);
#4632 = DIRECTION('',(-1.,-1.110223024625E-16,0.));
#4633 = ORIENTED_EDGE('',*,*,#4634,.F.);
#4634 = EDGE_CURVE('',#4635,#4627,#4637,.T.);
#4635 = VERTEX_POINT('',#4636);
#4636 = CARTESIAN_POINT('',(0.675,1.3925,0.725));
#4637 = LINE('',#4638,#4639);
#4638 = CARTESIAN_POINT('',(0.675,1.3925,0.725));
#4639 = VECTOR('',#4640,1.);
#4640 = DIRECTION('',(1.110223024625E-16,-1.,0.));
#4641 = ORIENTED_EDGE('',*,*,#4642,.F.);
#4642 = EDGE_CURVE('',#4643,#4635,#4645,.T.);
#4643 = VERTEX_POINT('',#4644);
#4644 = CARTESIAN_POINT('',(0.5925,1.475,0.725));
#4645 = LINE('',#4646,#4647);
#4646 = CARTESIAN_POINT('',(0.5925,1.475,0.725));
#4647 = VECTOR('',#4648,1.);
#4648 = DIRECTION('',(0.707106781187,-0.707106781187,0.));
#4649 = ORIENTED_EDGE('',*,*,#4650,.F.);
#4650 = EDGE_CURVE('',#4651,#4643,#4653,.T.);
#4651 = VERTEX_POINT('',#4652);
#4652 = CARTESIAN_POINT('',(-0.5925,1.475,0.725));
#4653 = LINE('',#4654,#4655);
#4654 = CARTESIAN_POINT('',(-0.5925,1.475,0.725));
#4655 = VECTOR('',#4656,1.);
#4656 = DIRECTION('',(1.,1.110223024625E-16,0.));
#4657 = ORIENTED_EDGE('',*,*,#4658,.F.);
#4658 = EDGE_CURVE('',#4659,#4651,#4661,.T.);
#4659 = VERTEX_POINT('',#4660);
#4660 = CARTESIAN_POINT('',(-0.675,1.3925,0.725));
#4661 = LINE('',#4662,#4663);
#4662 = CARTESIAN_POINT('',(-0.675,1.3925,0.725));
#4663 = VECTOR('',#4664,1.);
#4664 = DIRECTION('',(0.707106781187,0.707106781187,0.));
#4665 = ORIENTED_EDGE('',*,*,#4666,.F.);
#4666 = EDGE_CURVE('',#4667,#4659,#4669,.T.);
#4667 = VERTEX_POINT('',#4668);
#4668 = CARTESIAN_POINT('',(-0.675,1.15,0.725));
#4669 = LINE('',#4670,#4671);
#4670 = CARTESIAN_POINT('',(-0.675,-1.3925,0.725));
#4671 = VECTOR('',#4672,1.);
#4672 = DIRECTION('',(-1.110223024625E-16,1.,0.));
#4673 = ORIENTED_EDGE('',*,*,#4674,.F.);
#4674 = EDGE_CURVE('',#4675,#4667,#4677,.T.);
#4675 = VERTEX_POINT('',#4676);
#4676 = CARTESIAN_POINT('',(-0.7,1.15,0.725));
#4677 = LINE('',#4678,#4679);
#4678 = CARTESIAN_POINT('',(-0.7,1.15,0.725));
#4679 = VECTOR('',#4680,1.);
#4680 = DIRECTION('',(1.,-1.144237745222E-17,0.));
#4681 = ORIENTED_EDGE('',*,*,#4682,.T.);
#4682 = EDGE_CURVE('',#4675,#4609,#4683,.T.);
#4683 = LINE('',#4684,#4685);
#4684 = CARTESIAN_POINT('',(-0.7,-1.405,0.725));
#4685 = VECTOR('',#4686,1.);
#4686 = DIRECTION('',(-1.110223024625E-16,1.,0.));
#4687 = PLANE('',#4688);
#4688 = AXIS2_PLACEMENT_3D('',#4689,#4690,#4691);
#4689 = CARTESIAN_POINT('',(-1.486299604971E-16,1.4875,0.725));
#4690 = DIRECTION('',(1.022886882533E-31,-6.310887241768E-27,-1.));
#4691 = DIRECTION('',(1.,1.217738924546E-16,1.022886882525E-31));
#4692 = ADVANCED_FACE('',(#4693),#4703,.F.);
#4693 = FACE_BOUND('',#4694,.F.);
#4694 = EDGE_LOOP('',(#4695,#4696,#4697,#4698));
#4695 = ORIENTED_EDGE('',*,*,#4407,.T.);
#4696 = ORIENTED_EDGE('',*,*,#4392,.T.);
#4697 = ORIENTED_EDGE('',*,*,#4608,.F.);
#4698 = ORIENTED_EDGE('',*,*,#4699,.F.);
#4699 = EDGE_CURVE('',#4408,#4609,#4700,.T.);
#4700 = B_SPLINE_CURVE_WITH_KNOTS('',1,(#4701,#4702),.UNSPECIFIED.,.F.,
  .F.,(2,2),(0.,1.),.PIECEWISE_BEZIER_KNOTS.);
#4701 = CARTESIAN_POINT('',(-0.7,1.405,0.575));
#4702 = CARTESIAN_POINT('',(-0.7,1.405,0.725));
#4703 = PLANE('',#4704);
#4704 = AXIS2_PLACEMENT_3D('',#4705,#4706,#4707);
#4705 = CARTESIAN_POINT('',(-0.7,1.405,0.725));
#4706 = DIRECTION('',(0.707106781187,-0.707106781187,0.));
#4707 = DIRECTION('',(0.707106781187,0.707106781187,0.));
#4708 = ADVANCED_FACE('',(#4709),#4733,.F.);
#4709 = FACE_BOUND('',#4710,.F.);
#4710 = EDGE_LOOP('',(#4711,#4718,#4719,#4727));
#4711 = ORIENTED_EDGE('',*,*,#4712,.F.);
#4712 = EDGE_CURVE('',#4463,#4713,#4715,.T.);
#4713 = VERTEX_POINT('',#4714);
#4714 = CARTESIAN_POINT('',(-0.7,-1.405,0.725));
#4715 = B_SPLINE_CURVE_WITH_KNOTS('',1,(#4716,#4717),.UNSPECIFIED.,.F.,
  .F.,(2,2),(0.,1.),.PIECEWISE_BEZIER_KNOTS.);
#4716 = CARTESIAN_POINT('',(-0.7,-1.405,0.575));
#4717 = CARTESIAN_POINT('',(-0.7,-1.405,0.725));
#4718 = ORIENTED_EDGE('',*,*,#4462,.T.);
#4719 = ORIENTED_EDGE('',*,*,#4720,.T.);
#4720 = EDGE_CURVE('',#4455,#4721,#4723,.T.);
#4721 = VERTEX_POINT('',#4722);
#4722 = CARTESIAN_POINT('',(-0.7,-1.15,0.725));
#4723 = LINE('',#4724,#4725);
#4724 = CARTESIAN_POINT('',(-0.7,-1.15,0.529763586955));
#4725 = VECTOR('',#4726,1.);
#4726 = DIRECTION('',(0.,0.,1.));
#4727 = ORIENTED_EDGE('',*,*,#4728,.F.);
#4728 = EDGE_CURVE('',#4713,#4721,#4729,.T.);
#4729 = LINE('',#4730,#4731);
#4730 = CARTESIAN_POINT('',(-0.7,-1.405,0.725));
#4731 = VECTOR('',#4732,1.);
#4732 = DIRECTION('',(-1.110223024625E-16,1.,0.));
#4733 = PLANE('',#4734);
#4734 = AXIS2_PLACEMENT_3D('',#4735,#4736,#4737);
#4735 = CARTESIAN_POINT('',(-0.7,-1.405,0.725));
#4736 = DIRECTION('',(1.,1.110223024625E-16,0.));
#4737 = DIRECTION('',(-1.110223024625E-16,1.,0.));
#4738 = ADVANCED_FACE('',(#4739),#4766,.F.);
#4739 = FACE_BOUND('',#4740,.F.);
#4740 = EDGE_LOOP('',(#4741,#4742,#4751,#4759));
#4741 = ORIENTED_EDGE('',*,*,#4454,.T.);
#4742 = ORIENTED_EDGE('',*,*,#4743,.T.);
#4743 = EDGE_CURVE('',#4447,#4744,#4746,.T.);
#4744 = VERTEX_POINT('',#4745);
#4745 = CARTESIAN_POINT('',(-0.798480775301,-0.75,0.492364817767));
#4746 = CIRCLE('',#4747,0.1);
#4747 = AXIS2_PLACEMENT_3D('',#4748,#4749,#4750);
#4748 = CARTESIAN_POINT('',(-0.7,-0.75,0.475));
#4749 = DIRECTION('',(-1.144237745222E-17,-1.,-3.618690651183E-48));
#4750 = DIRECTION('',(2.22044604925E-15,-2.540718180781E-32,1.));
#4751 = ORIENTED_EDGE('',*,*,#4752,.F.);
#4752 = EDGE_CURVE('',#4753,#4744,#4755,.T.);
#4753 = VERTEX_POINT('',#4754);
#4754 = CARTESIAN_POINT('',(-0.798480775301,-1.15,0.492364817767));
#4755 = LINE('',#4756,#4757);
#4756 = CARTESIAN_POINT('',(-0.798480775301,-1.15,0.492364817767));
#4757 = VECTOR('',#4758,1.);
#4758 = DIRECTION('',(1.144237745222E-17,1.,0.));
#4759 = ORIENTED_EDGE('',*,*,#4760,.F.);
#4760 = EDGE_CURVE('',#4455,#4753,#4761,.T.);
#4761 = CIRCLE('',#4762,0.1);
#4762 = AXIS2_PLACEMENT_3D('',#4763,#4764,#4765);
#4763 = CARTESIAN_POINT('',(-0.7,-1.15,0.475));
#4764 = DIRECTION('',(-1.144237745222E-17,-1.,-3.618690651183E-48));
#4765 = DIRECTION('',(2.22044604925E-15,-2.540718180781E-32,1.));
#4766 = CYLINDRICAL_SURFACE('',#4767,0.1);
#4767 = AXIS2_PLACEMENT_3D('',#4768,#4769,#4770);
#4768 = CARTESIAN_POINT('',(-0.7,-1.15,0.475));
#4769 = DIRECTION('',(-1.144237745222E-17,-1.,0.));
#4770 = DIRECTION('',(2.22044604925E-15,-2.540718180781E-32,1.));
#4771 = ADVANCED_FACE('',(#4772),#4797,.F.);
#4772 = FACE_BOUND('',#4773,.F.);
#4773 = EDGE_LOOP('',(#4774,#4782,#4783,#4791));
#4774 = ORIENTED_EDGE('',*,*,#4775,.F.);
#4775 = EDGE_CURVE('',#4447,#4776,#4778,.T.);
#4776 = VERTEX_POINT('',#4777);
#4777 = CARTESIAN_POINT('',(-0.7,-0.75,0.725));
#4778 = LINE('',#4779,#4780);
#4779 = CARTESIAN_POINT('',(-0.7,-0.75,0.529763586955));
#4780 = VECTOR('',#4781,1.);
#4781 = DIRECTION('',(0.,0.,1.));
#4782 = ORIENTED_EDGE('',*,*,#4446,.T.);
#4783 = ORIENTED_EDGE('',*,*,#4784,.T.);
#4784 = EDGE_CURVE('',#4439,#4785,#4787,.T.);
#4785 = VERTEX_POINT('',#4786);
#4786 = CARTESIAN_POINT('',(-0.7,0.75,0.725));
#4787 = LINE('',#4788,#4789);
#4788 = CARTESIAN_POINT('',(-0.7,0.75,0.529763586955));
#4789 = VECTOR('',#4790,1.);
#4790 = DIRECTION('',(0.,0.,1.));
#4791 = ORIENTED_EDGE('',*,*,#4792,.F.);
#4792 = EDGE_CURVE('',#4776,#4785,#4793,.T.);
#4793 = LINE('',#4794,#4795);
#4794 = CARTESIAN_POINT('',(-0.7,-1.405,0.725));
#4795 = VECTOR('',#4796,1.);
#4796 = DIRECTION('',(-1.110223024625E-16,1.,0.));
#4797 = PLANE('',#4798);
#4798 = AXIS2_PLACEMENT_3D('',#4799,#4800,#4801);
#4799 = CARTESIAN_POINT('',(-0.7,-1.405,0.725));
#4800 = DIRECTION('',(1.,1.110223024625E-16,0.));
#4801 = DIRECTION('',(-1.110223024625E-16,1.,0.));
#4802 = ADVANCED_FACE('',(#4803),#4830,.F.);
#4803 = FACE_BOUND('',#4804,.F.);
#4804 = EDGE_LOOP('',(#4805,#4806,#4815,#4823));
#4805 = ORIENTED_EDGE('',*,*,#4438,.T.);
#4806 = ORIENTED_EDGE('',*,*,#4807,.T.);
#4807 = EDGE_CURVE('',#4431,#4808,#4810,.T.);
#4808 = VERTEX_POINT('',#4809);
#4809 = CARTESIAN_POINT('',(-0.798480775301,1.15,0.492364817767));
#4810 = CIRCLE('',#4811,0.1);
#4811 = AXIS2_PLACEMENT_3D('',#4812,#4813,#4814);
#4812 = CARTESIAN_POINT('',(-0.7,1.15,0.475));
#4813 = DIRECTION('',(-1.144237745222E-17,-1.,-3.618690651183E-48));
#4814 = DIRECTION('',(2.22044604925E-15,-2.540718180781E-32,1.));
#4815 = ORIENTED_EDGE('',*,*,#4816,.F.);
#4816 = EDGE_CURVE('',#4817,#4808,#4819,.T.);
#4817 = VERTEX_POINT('',#4818);
#4818 = CARTESIAN_POINT('',(-0.798480775301,0.75,0.492364817767));
#4819 = LINE('',#4820,#4821);
#4820 = CARTESIAN_POINT('',(-0.798480775301,0.75,0.492364817767));
#4821 = VECTOR('',#4822,1.);
#4822 = DIRECTION('',(1.144237745222E-17,1.,0.));
#4823 = ORIENTED_EDGE('',*,*,#4824,.F.);
#4824 = EDGE_CURVE('',#4439,#4817,#4825,.T.);
#4825 = CIRCLE('',#4826,0.1);
#4826 = AXIS2_PLACEMENT_3D('',#4827,#4828,#4829);
#4827 = CARTESIAN_POINT('',(-0.7,0.75,0.475));
#4828 = DIRECTION('',(-1.144237745222E-17,-1.,-3.618690651183E-48));
#4829 = DIRECTION('',(2.22044604925E-15,-2.540718180781E-32,1.));
#4830 = CYLINDRICAL_SURFACE('',#4831,0.1);
#4831 = AXIS2_PLACEMENT_3D('',#4832,#4833,#4834);
#4832 = CARTESIAN_POINT('',(-0.7,0.75,0.475));
#4833 = DIRECTION('',(-1.144237745222E-17,-1.,0.));
#4834 = DIRECTION('',(2.22044604925E-15,-2.540718180781E-32,1.));
#4835 = ADVANCED_FACE('',(#4836),#4847,.F.);
#4836 = FACE_BOUND('',#4837,.F.);
#4837 = EDGE_LOOP('',(#4838,#4844,#4845,#4846));
#4838 = ORIENTED_EDGE('',*,*,#4839,.F.);
#4839 = EDGE_CURVE('',#4431,#4675,#4840,.T.);
#4840 = LINE('',#4841,#4842);
#4841 = CARTESIAN_POINT('',(-0.7,1.15,0.529763586955));
#4842 = VECTOR('',#4843,1.);
#4843 = DIRECTION('',(0.,0.,1.));
#4844 = ORIENTED_EDGE('',*,*,#4430,.T.);
#4845 = ORIENTED_EDGE('',*,*,#4699,.T.);
#4846 = ORIENTED_EDGE('',*,*,#4682,.F.);
#4847 = PLANE('',#4848);
#4848 = AXIS2_PLACEMENT_3D('',#4849,#4850,#4851);
#4849 = CARTESIAN_POINT('',(-0.7,-1.405,0.725));
#4850 = DIRECTION('',(1.,1.110223024625E-16,0.));
#4851 = DIRECTION('',(-1.110223024625E-16,1.,0.));
#4852 = ADVANCED_FACE('',(#4853),#4864,.F.);
#4853 = FACE_BOUND('',#4854,.F.);
#4854 = EDGE_LOOP('',(#4855,#4856,#4857,#4863));
#4855 = ORIENTED_EDGE('',*,*,#4586,.F.);
#4856 = ORIENTED_EDGE('',*,*,#4507,.T.);
#4857 = ORIENTED_EDGE('',*,*,#4858,.T.);
#4858 = EDGE_CURVE('',#4500,#4619,#4859,.T.);
#4859 = LINE('',#4860,#4861);
#4860 = CARTESIAN_POINT('',(0.7,0.2,0.529763586955));
#4861 = VECTOR('',#4862,1.);
#4862 = DIRECTION('',(0.,0.,1.));
#4863 = ORIENTED_EDGE('',*,*,#4618,.F.);
#4864 = PLANE('',#4865);
#4865 = AXIS2_PLACEMENT_3D('',#4866,#4867,#4868);
#4866 = CARTESIAN_POINT('',(0.7,1.405,0.725));
#4867 = DIRECTION('',(-1.,-1.110223024625E-16,0.));
#4868 = DIRECTION('',(1.110223024625E-16,-1.,0.));
#4869 = ADVANCED_FACE('',(#4870),#4897,.F.);
#4870 = FACE_BOUND('',#4871,.F.);
#4871 = EDGE_LOOP('',(#4872,#4873,#4882,#4890));
#4872 = ORIENTED_EDGE('',*,*,#4499,.T.);
#4873 = ORIENTED_EDGE('',*,*,#4874,.T.);
#4874 = EDGE_CURVE('',#4492,#4875,#4877,.T.);
#4875 = VERTEX_POINT('',#4876);
#4876 = CARTESIAN_POINT('',(0.798480775301,-0.2,0.492364817767));
#4877 = CIRCLE('',#4878,0.1);
#4878 = AXIS2_PLACEMENT_3D('',#4879,#4880,#4881);
#4879 = CARTESIAN_POINT('',(0.7,-0.2,0.475));
#4880 = DIRECTION('',(-1.110223024625E-16,1.,-1.094764425744E-47));
#4881 = DIRECTION('',(-2.22044604925E-15,-2.465190328815E-31,1.));
#4882 = ORIENTED_EDGE('',*,*,#4883,.F.);
#4883 = EDGE_CURVE('',#4884,#4875,#4886,.T.);
#4884 = VERTEX_POINT('',#4885);
#4885 = CARTESIAN_POINT('',(0.798480775301,0.2,0.492364817767));
#4886 = LINE('',#4887,#4888);
#4887 = CARTESIAN_POINT('',(0.798480775301,0.2,0.492364817767));
#4888 = VECTOR('',#4889,1.);
#4889 = DIRECTION('',(1.110223024625E-16,-1.,0.));
#4890 = ORIENTED_EDGE('',*,*,#4891,.F.);
#4891 = EDGE_CURVE('',#4500,#4884,#4892,.T.);
#4892 = CIRCLE('',#4893,0.1);
#4893 = AXIS2_PLACEMENT_3D('',#4894,#4895,#4896);
#4894 = CARTESIAN_POINT('',(0.7,0.2,0.475));
#4895 = DIRECTION('',(-1.110223024625E-16,1.,-1.094764425744E-47));
#4896 = DIRECTION('',(-2.22044604925E-15,-2.465190328815E-31,1.));
#4897 = CYLINDRICAL_SURFACE('',#4898,0.1);
#4898 = AXIS2_PLACEMENT_3D('',#4899,#4900,#4901);
#4899 = CARTESIAN_POINT('',(0.7,0.2,0.475));
#4900 = DIRECTION('',(-1.110223024625E-16,1.,0.));
#4901 = DIRECTION('',(-2.22044604925E-15,-2.465190328815E-31,1.));
#4902 = ADVANCED_FACE('',(#4903),#4927,.F.);
#4903 = FACE_BOUND('',#4904,.F.);
#4904 = EDGE_LOOP('',(#4905,#4913,#4914,#4921));
#4905 = ORIENTED_EDGE('',*,*,#4906,.F.);
#4906 = EDGE_CURVE('',#4492,#4907,#4909,.T.);
#4907 = VERTEX_POINT('',#4908);
#4908 = CARTESIAN_POINT('',(0.7,-0.2,0.725));
#4909 = LINE('',#4910,#4911);
#4910 = CARTESIAN_POINT('',(0.7,-0.2,0.529763586955));
#4911 = VECTOR('',#4912,1.);
#4912 = DIRECTION('',(0.,0.,1.));
#4913 = ORIENTED_EDGE('',*,*,#4491,.T.);
#4914 = ORIENTED_EDGE('',*,*,#4915,.T.);
#4915 = EDGE_CURVE('',#4485,#4916,#4918,.T.);
#4916 = VERTEX_POINT('',#4917);
#4917 = CARTESIAN_POINT('',(0.7,-1.405,0.725));
#4918 = B_SPLINE_CURVE_WITH_KNOTS('',1,(#4919,#4920),.UNSPECIFIED.,.F.,
  .F.,(2,2),(0.,1.),.PIECEWISE_BEZIER_KNOTS.);
#4919 = CARTESIAN_POINT('',(0.7,-1.405,0.575));
#4920 = CARTESIAN_POINT('',(0.7,-1.405,0.725));
#4921 = ORIENTED_EDGE('',*,*,#4922,.F.);
#4922 = EDGE_CURVE('',#4907,#4916,#4923,.T.);
#4923 = LINE('',#4924,#4925);
#4924 = CARTESIAN_POINT('',(0.7,1.405,0.725));
#4925 = VECTOR('',#4926,1.);
#4926 = DIRECTION('',(1.110223024625E-16,-1.,0.));
#4927 = PLANE('',#4928);
#4928 = AXIS2_PLACEMENT_3D('',#4929,#4930,#4931);
#4929 = CARTESIAN_POINT('',(0.7,1.405,0.725));
#4930 = DIRECTION('',(-1.,-1.110223024625E-16,0.));
#4931 = DIRECTION('',(1.110223024625E-16,-1.,0.));
#4932 = ADVANCED_FACE('',(#4933),#4950,.F.);
#4933 = FACE_BOUND('',#4934,.F.);
#4934 = EDGE_LOOP('',(#4935,#4936,#4937,#4945));
#4935 = ORIENTED_EDGE('',*,*,#4524,.T.);
#4936 = ORIENTED_EDGE('',*,*,#4712,.T.);
#4937 = ORIENTED_EDGE('',*,*,#4938,.F.);
#4938 = EDGE_CURVE('',#4939,#4713,#4941,.T.);
#4939 = VERTEX_POINT('',#4940);
#4940 = CARTESIAN_POINT('',(-0.605,-1.5,0.725));
#4941 = LINE('',#4942,#4943);
#4942 = CARTESIAN_POINT('',(-0.605,-1.5,0.725));
#4943 = VECTOR('',#4944,1.);
#4944 = DIRECTION('',(-0.707106781187,0.707106781187,0.));
#4945 = ORIENTED_EDGE('',*,*,#4946,.F.);
#4946 = EDGE_CURVE('',#4525,#4939,#4947,.T.);
#4947 = B_SPLINE_CURVE_WITH_KNOTS('',1,(#4948,#4949),.UNSPECIFIED.,.F.,
  .F.,(2,2),(0.,1.),.PIECEWISE_BEZIER_KNOTS.);
#4948 = CARTESIAN_POINT('',(-0.605,-1.5,0.575));
#4949 = CARTESIAN_POINT('',(-0.605,-1.5,0.725));
#4950 = PLANE('',#4951);
#4951 = AXIS2_PLACEMENT_3D('',#4952,#4953,#4954);
#4952 = CARTESIAN_POINT('',(-0.605,-1.5,0.725));
#4953 = DIRECTION('',(0.707106781187,0.707106781187,0.));
#4954 = DIRECTION('',(-0.707106781187,0.707106781187,0.));
#4955 = ADVANCED_FACE('',(#4956),#4973,.F.);
#4956 = FACE_BOUND('',#4957,.F.);
#4957 = EDGE_LOOP('',(#4958,#4959,#4966,#4972));
#4958 = ORIENTED_EDGE('',*,*,#4553,.T.);
#4959 = ORIENTED_EDGE('',*,*,#4960,.T.);
#4960 = EDGE_CURVE('',#4547,#4961,#4963,.T.);
#4961 = VERTEX_POINT('',#4962);
#4962 = CARTESIAN_POINT('',(0.605,-1.5,0.725));
#4963 = B_SPLINE_CURVE_WITH_KNOTS('',1,(#4964,#4965),.UNSPECIFIED.,.F.,
  .F.,(2,2),(0.,1.),.PIECEWISE_BEZIER_KNOTS.);
#4964 = CARTESIAN_POINT('',(0.605,-1.5,0.575));
#4965 = CARTESIAN_POINT('',(0.605,-1.5,0.725));
#4966 = ORIENTED_EDGE('',*,*,#4967,.F.);
#4967 = EDGE_CURVE('',#4916,#4961,#4968,.T.);
#4968 = LINE('',#4969,#4970);
#4969 = CARTESIAN_POINT('',(0.7,-1.405,0.725));
#4970 = VECTOR('',#4971,1.);
#4971 = DIRECTION('',(-0.707106781187,-0.707106781187,0.));
#4972 = ORIENTED_EDGE('',*,*,#4915,.F.);
#4973 = PLANE('',#4974);
#4974 = AXIS2_PLACEMENT_3D('',#4975,#4976,#4977);
#4975 = CARTESIAN_POINT('',(0.7,-1.405,0.725));
#4976 = DIRECTION('',(-0.707106781187,0.707106781187,0.));
#4977 = DIRECTION('',(-0.707106781187,-0.707106781187,0.));
#4978 = ADVANCED_FACE('',(#4979),#4990,.F.);
#4979 = FACE_BOUND('',#4980,.F.);
#4980 = EDGE_LOOP('',(#4981,#4982,#4983,#4989));
#4981 = ORIENTED_EDGE('',*,*,#4570,.T.);
#4982 = ORIENTED_EDGE('',*,*,#4946,.T.);
#4983 = ORIENTED_EDGE('',*,*,#4984,.F.);
#4984 = EDGE_CURVE('',#4961,#4939,#4985,.T.);
#4985 = LINE('',#4986,#4987);
#4986 = CARTESIAN_POINT('',(0.605,-1.5,0.725));
#4987 = VECTOR('',#4988,1.);
#4988 = DIRECTION('',(-1.,-1.110223024625E-16,0.));
#4989 = ORIENTED_EDGE('',*,*,#4960,.F.);
#4990 = PLANE('',#4991);
#4991 = AXIS2_PLACEMENT_3D('',#4992,#4993,#4994);
#4992 = CARTESIAN_POINT('',(0.605,-1.5,0.725));
#4993 = DIRECTION('',(-1.110223024625E-16,1.,0.));
#4994 = DIRECTION('',(-1.,-1.110223024625E-16,0.));
#4995 = ADVANCED_FACE('',(#4996),#5019,.F.);
#4996 = FACE_BOUND('',#4997,.F.);
#4997 = EDGE_LOOP('',(#4998,#5006,#5012,#5013));
#4998 = ORIENTED_EDGE('',*,*,#4999,.F.);
#4999 = EDGE_CURVE('',#4785,#5000,#5002,.T.);
#5000 = VERTEX_POINT('',#5001);
#5001 = CARTESIAN_POINT('',(-0.675,0.75,0.725));
#5002 = LINE('',#5003,#5004);
#5003 = CARTESIAN_POINT('',(-0.7,0.75,0.725));
#5004 = VECTOR('',#5005,1.);
#5005 = DIRECTION('',(1.,-1.144237745222E-17,0.));
#5006 = ORIENTED_EDGE('',*,*,#5007,.T.);
#5007 = EDGE_CURVE('',#4785,#4675,#5008,.T.);
#5008 = LINE('',#5009,#5010);
#5009 = CARTESIAN_POINT('',(-0.7,0.75,0.725));
#5010 = VECTOR('',#5011,1.);
#5011 = DIRECTION('',(1.144237745222E-17,1.,0.));
#5012 = ORIENTED_EDGE('',*,*,#4674,.T.);
#5013 = ORIENTED_EDGE('',*,*,#5014,.F.);
#5014 = EDGE_CURVE('',#5000,#4667,#5015,.T.);
#5015 = LINE('',#5016,#5017);
#5016 = CARTESIAN_POINT('',(-0.675,-1.3925,0.725));
#5017 = VECTOR('',#5018,1.);
#5018 = DIRECTION('',(-1.110223024625E-16,1.,0.));
#5019 = PLANE('',#5020);
#5020 = AXIS2_PLACEMENT_3D('',#5021,#5022,#5023);
#5021 = CARTESIAN_POINT('',(-0.7,0.75,0.725));
#5022 = DIRECTION('',(0.,0.,-1.));
#5023 = DIRECTION('',(1.,-1.144237745222E-17,0.));
#5024 = ADVANCED_FACE('',(#5025),#5073,.F.);
#5025 = FACE_BOUND('',#5026,.F.);
#5026 = EDGE_LOOP('',(#5027,#5037,#5045,#5051,#5052,#5053,#5060,#5068));
#5027 = ORIENTED_EDGE('',*,*,#5028,.T.);
#5028 = EDGE_CURVE('',#5029,#5031,#5033,.T.);
#5029 = VERTEX_POINT('',#5030);
#5030 = CARTESIAN_POINT('',(-0.675,-1.3925,0.725));
#5031 = VERTEX_POINT('',#5032);
#5032 = CARTESIAN_POINT('',(-0.675,-1.15,0.725));
#5033 = LINE('',#5034,#5035);
#5034 = CARTESIAN_POINT('',(-0.675,-1.3925,0.725));
#5035 = VECTOR('',#5036,1.);
#5036 = DIRECTION('',(-1.110223024625E-16,1.,0.));
#5037 = ORIENTED_EDGE('',*,*,#5038,.T.);
#5038 = EDGE_CURVE('',#5031,#5039,#5041,.T.);
#5039 = VERTEX_POINT('',#5040);
#5040 = CARTESIAN_POINT('',(-0.675,-0.75,0.725));
#5041 = LINE('',#5042,#5043);
#5042 = CARTESIAN_POINT('',(-0.675,-1.3925,0.725));
#5043 = VECTOR('',#5044,1.);
#5044 = DIRECTION('',(-1.110223024625E-16,1.,0.));
#5045 = ORIENTED_EDGE('',*,*,#5046,.T.);
#5046 = EDGE_CURVE('',#5039,#5000,#5047,.T.);
#5047 = LINE('',#5048,#5049);
#5048 = CARTESIAN_POINT('',(-0.675,-1.3925,0.725));
#5049 = VECTOR('',#5050,1.);
#5050 = DIRECTION('',(-1.110223024625E-16,1.,0.));
#5051 = ORIENTED_EDGE('',*,*,#5014,.T.);
#5052 = ORIENTED_EDGE('',*,*,#4666,.T.);
#5053 = ORIENTED_EDGE('',*,*,#5054,.T.);
#5054 = EDGE_CURVE('',#4659,#5055,#5057,.T.);
#5055 = VERTEX_POINT('',#5056);
#5056 = CARTESIAN_POINT('',(-0.608243103516,1.359121551758,1.2));
#5057 = B_SPLINE_CURVE_WITH_KNOTS('',1,(#5058,#5059),.UNSPECIFIED.,.F.,
  .F.,(2,2),(0.,1.),.PIECEWISE_BEZIER_KNOTS.);
#5058 = CARTESIAN_POINT('',(-0.675,1.3925,0.725));
#5059 = CARTESIAN_POINT('',(-0.608243103516,1.359121551758,1.2));
#5060 = ORIENTED_EDGE('',*,*,#5061,.F.);
#5061 = EDGE_CURVE('',#5062,#5055,#5064,.T.);
#5062 = VERTEX_POINT('',#5063);
#5063 = CARTESIAN_POINT('',(-0.608243103516,-1.359121551758,1.2));
#5064 = LINE('',#5065,#5066);
#5065 = CARTESIAN_POINT('',(-0.608243103516,-1.359121551758,1.2));
#5066 = VECTOR('',#5067,1.);
#5067 = DIRECTION('',(-1.110223024625E-16,1.,0.));
#5068 = ORIENTED_EDGE('',*,*,#5069,.F.);
#5069 = EDGE_CURVE('',#5029,#5062,#5070,.T.);
#5070 = B_SPLINE_CURVE_WITH_KNOTS('',1,(#5071,#5072),.UNSPECIFIED.,.F.,
  .F.,(2,2),(0.,1.),.PIECEWISE_BEZIER_KNOTS.);
#5071 = CARTESIAN_POINT('',(-0.675,-1.3925,0.725));
#5072 = CARTESIAN_POINT('',(-0.608243103516,-1.359121551758,1.2));
#5073 = B_SPLINE_SURFACE_WITH_KNOTS('',1,1,(
    (#5074,#5075)
    ,(#5076,#5077
    )),.UNSPECIFIED.,.F.,.F.,.F.,(2,2),(2,2),(0.,2.785),(0.,1.),
  .PIECEWISE_BEZIER_KNOTS.);
#5074 = CARTESIAN_POINT('',(-0.675,-1.3925,0.725));
#5075 = CARTESIAN_POINT('',(-0.608243103516,-1.359121551758,1.2));
#5076 = CARTESIAN_POINT('',(-0.675,1.3925,0.725));
#5077 = CARTESIAN_POINT('',(-0.608243103516,1.359121551758,1.2));
#5078 = ADVANCED_FACE('',(#5079),#5096,.F.);
#5079 = FACE_BOUND('',#5080,.F.);
#5080 = EDGE_LOOP('',(#5081,#5082,#5089,#5095));
#5081 = ORIENTED_EDGE('',*,*,#4658,.T.);
#5082 = ORIENTED_EDGE('',*,*,#5083,.T.);
#5083 = EDGE_CURVE('',#4651,#5084,#5086,.T.);
#5084 = VERTEX_POINT('',#5085);
#5085 = CARTESIAN_POINT('',(-0.559121551758,1.408243103516,1.2));
#5086 = B_SPLINE_CURVE_WITH_KNOTS('',1,(#5087,#5088),.UNSPECIFIED.,.F.,
  .F.,(2,2),(0.,1.),.PIECEWISE_BEZIER_KNOTS.);
#5087 = CARTESIAN_POINT('',(-0.5925,1.475,0.725));
#5088 = CARTESIAN_POINT('',(-0.559121551758,1.408243103516,1.2));
#5089 = ORIENTED_EDGE('',*,*,#5090,.F.);
#5090 = EDGE_CURVE('',#5055,#5084,#5091,.T.);
#5091 = LINE('',#5092,#5093);
#5092 = CARTESIAN_POINT('',(-0.608243103516,1.359121551758,1.2));
#5093 = VECTOR('',#5094,1.);
#5094 = DIRECTION('',(0.707106781187,0.707106781187,0.));
#5095 = ORIENTED_EDGE('',*,*,#5054,.F.);
#5096 = B_SPLINE_SURFACE_WITH_KNOTS('',1,1,(
    (#5097,#5098)
    ,(#5099,#5100
    )),.UNSPECIFIED.,.F.,.F.,.F.,(2,2),(2,2),(0.,0.116672618896),(0.,1.)
  ,.PIECEWISE_BEZIER_KNOTS.);
#5097 = CARTESIAN_POINT('',(-0.675,1.3925,0.725));
#5098 = CARTESIAN_POINT('',(-0.608243103516,1.359121551758,1.2));
#5099 = CARTESIAN_POINT('',(-0.5925,1.475,0.725));
#5100 = CARTESIAN_POINT('',(-0.559121551758,1.408243103516,1.2));
#5101 = ADVANCED_FACE('',(#5102),#5119,.F.);
#5102 = FACE_BOUND('',#5103,.F.);
#5103 = EDGE_LOOP('',(#5104,#5105,#5112,#5118));
#5104 = ORIENTED_EDGE('',*,*,#4650,.T.);
#5105 = ORIENTED_EDGE('',*,*,#5106,.T.);
#5106 = EDGE_CURVE('',#4643,#5107,#5109,.T.);
#5107 = VERTEX_POINT('',#5108);
#5108 = CARTESIAN_POINT('',(0.559121551758,1.408243103516,1.2));
#5109 = B_SPLINE_CURVE_WITH_KNOTS('',1,(#5110,#5111),.UNSPECIFIED.,.F.,
  .F.,(2,2),(0.,1.),.PIECEWISE_BEZIER_KNOTS.);
#5110 = CARTESIAN_POINT('',(0.5925,1.475,0.725));
#5111 = CARTESIAN_POINT('',(0.559121551758,1.408243103516,1.2));
#5112 = ORIENTED_EDGE('',*,*,#5113,.F.);
#5113 = EDGE_CURVE('',#5084,#5107,#5114,.T.);
#5114 = LINE('',#5115,#5116);
#5115 = CARTESIAN_POINT('',(-0.559121551758,1.408243103516,1.2));
#5116 = VECTOR('',#5117,1.);
#5117 = DIRECTION('',(1.,1.110223024625E-16,0.));
#5118 = ORIENTED_EDGE('',*,*,#5083,.F.);
#5119 = B_SPLINE_SURFACE_WITH_KNOTS('',1,1,(
    (#5120,#5121)
    ,(#5122,#5123
    )),.UNSPECIFIED.,.F.,.F.,.F.,(2,2),(2,2),(0.,1.185),(0.,1.),
  .PIECEWISE_BEZIER_KNOTS.);
#5120 = CARTESIAN_POINT('',(-0.5925,1.475,0.725));
#5121 = CARTESIAN_POINT('',(-0.559121551758,1.408243103516,1.2));
#5122 = CARTESIAN_POINT('',(0.5925,1.475,0.725));
#5123 = CARTESIAN_POINT('',(0.559121551758,1.408243103516,1.2));
#5124 = ADVANCED_FACE('',(#5125),#5142,.F.);
#5125 = FACE_BOUND('',#5126,.F.);
#5126 = EDGE_LOOP('',(#5127,#5128,#5135,#5141));
#5127 = ORIENTED_EDGE('',*,*,#4642,.T.);
#5128 = ORIENTED_EDGE('',*,*,#5129,.T.);
#5129 = EDGE_CURVE('',#4635,#5130,#5132,.T.);
#5130 = VERTEX_POINT('',#5131);
#5131 = CARTESIAN_POINT('',(0.608243103516,1.359121551758,1.2));
#5132 = B_SPLINE_CURVE_WITH_KNOTS('',1,(#5133,#5134),.UNSPECIFIED.,.F.,
  .F.,(2,2),(0.,1.),.PIECEWISE_BEZIER_KNOTS.);
#5133 = CARTESIAN_POINT('',(0.675,1.3925,0.725));
#5134 = CARTESIAN_POINT('',(0.608243103516,1.359121551758,1.2));
#5135 = ORIENTED_EDGE('',*,*,#5136,.F.);
#5136 = EDGE_CURVE('',#5107,#5130,#5137,.T.);
#5137 = LINE('',#5138,#5139);
#5138 = CARTESIAN_POINT('',(0.559121551758,1.408243103516,1.2));
#5139 = VECTOR('',#5140,1.);
#5140 = DIRECTION('',(0.707106781187,-0.707106781187,0.));
#5141 = ORIENTED_EDGE('',*,*,#5106,.F.);
#5142 = B_SPLINE_SURFACE_WITH_KNOTS('',1,1,(
    (#5143,#5144)
    ,(#5145,#5146
    )),.UNSPECIFIED.,.F.,.F.,.F.,(2,2),(2,2),(0.,0.116672618896),(0.,1.)
  ,.PIECEWISE_BEZIER_KNOTS.);
#5143 = CARTESIAN_POINT('',(0.5925,1.475,0.725));
#5144 = CARTESIAN_POINT('',(0.559121551758,1.408243103516,1.2));
#5145 = CARTESIAN_POINT('',(0.675,1.3925,0.725));
#5146 = CARTESIAN_POINT('',(0.608243103516,1.359121551758,1.2));
#5147 = ADVANCED_FACE('',(#5148),#5181,.F.);
#5148 = FACE_BOUND('',#5149,.F.);
#5149 = EDGE_LOOP('',(#5150,#5151,#5159,#5167,#5174,#5180));
#5150 = ORIENTED_EDGE('',*,*,#4634,.T.);
#5151 = ORIENTED_EDGE('',*,*,#5152,.T.);
#5152 = EDGE_CURVE('',#4627,#5153,#5155,.T.);
#5153 = VERTEX_POINT('',#5154);
#5154 = CARTESIAN_POINT('',(0.675,-0.2,0.725));
#5155 = LINE('',#5156,#5157);
#5156 = CARTESIAN_POINT('',(0.675,1.3925,0.725));
#5157 = VECTOR('',#5158,1.);
#5158 = DIRECTION('',(1.110223024625E-16,-1.,0.));
#5159 = ORIENTED_EDGE('',*,*,#5160,.T.);
#5160 = EDGE_CURVE('',#5153,#5161,#5163,.T.);
#5161 = VERTEX_POINT('',#5162);
#5162 = CARTESIAN_POINT('',(0.675,-1.3925,0.725));
#5163 = LINE('',#5164,#5165);
#5164 = CARTESIAN_POINT('',(0.675,1.3925,0.725));
#5165 = VECTOR('',#5166,1.);
#5166 = DIRECTION('',(1.110223024625E-16,-1.,0.));
#5167 = ORIENTED_EDGE('',*,*,#5168,.T.);
#5168 = EDGE_CURVE('',#5161,#5169,#5171,.T.);
#5169 = VERTEX_POINT('',#5170);
#5170 = CARTESIAN_POINT('',(0.608243103516,-1.359121551758,1.2));
#5171 = B_SPLINE_CURVE_WITH_KNOTS('',1,(#5172,#5173),.UNSPECIFIED.,.F.,
  .F.,(2,2),(0.,1.),.PIECEWISE_BEZIER_KNOTS.);
#5172 = CARTESIAN_POINT('',(0.675,-1.3925,0.725));
#5173 = CARTESIAN_POINT('',(0.608243103516,-1.359121551758,1.2));
#5174 = ORIENTED_EDGE('',*,*,#5175,.F.);
#5175 = EDGE_CURVE('',#5130,#5169,#5176,.T.);
#5176 = LINE('',#5177,#5178);
#5177 = CARTESIAN_POINT('',(0.608243103516,1.359121551758,1.2));
#5178 = VECTOR('',#5179,1.);
#5179 = DIRECTION('',(1.110223024625E-16,-1.,0.));
#5180 = ORIENTED_EDGE('',*,*,#5129,.F.);
#5181 = B_SPLINE_SURFACE_WITH_KNOTS('',1,1,(
    (#5182,#5183)
    ,(#5184,#5185
    )),.UNSPECIFIED.,.F.,.F.,.F.,(2,2),(2,2),(0.,2.785),(0.,1.),
  .PIECEWISE_BEZIER_KNOTS.);
#5182 = CARTESIAN_POINT('',(0.675,1.3925,0.725));
#5183 = CARTESIAN_POINT('',(0.608243103516,1.359121551758,1.2));
#5184 = CARTESIAN_POINT('',(0.675,-1.3925,0.725));
#5185 = CARTESIAN_POINT('',(0.608243103516,-1.359121551758,1.2));
#5186 = ADVANCED_FACE('',(#5187),#5203,.F.);
#5187 = FACE_BOUND('',#5188,.F.);
#5188 = EDGE_LOOP('',(#5189,#5190,#5196,#5202));
#5189 = ORIENTED_EDGE('',*,*,#4626,.F.);
#5190 = ORIENTED_EDGE('',*,*,#5191,.T.);
#5191 = EDGE_CURVE('',#4619,#4907,#5192,.T.);
#5192 = LINE('',#5193,#5194);
#5193 = CARTESIAN_POINT('',(0.7,0.2,0.725));
#5194 = VECTOR('',#5195,1.);
#5195 = DIRECTION('',(1.110223024625E-16,-1.,0.));
#5196 = ORIENTED_EDGE('',*,*,#5197,.T.);
#5197 = EDGE_CURVE('',#4907,#5153,#5198,.T.);
#5198 = LINE('',#5199,#5200);
#5199 = CARTESIAN_POINT('',(0.7,-0.2,0.725));
#5200 = VECTOR('',#5201,1.);
#5201 = DIRECTION('',(-1.,-1.110223024625E-16,0.));
#5202 = ORIENTED_EDGE('',*,*,#5152,.F.);
#5203 = PLANE('',#5204);
#5204 = AXIS2_PLACEMENT_3D('',#5205,#5206,#5207);
#5205 = CARTESIAN_POINT('',(0.7,0.2,0.725));
#5206 = DIRECTION('',(0.,0.,-1.));
#5207 = DIRECTION('',(-1.,-1.110223024625E-16,-0.));
#5208 = ADVANCED_FACE('',(#5209),#5247,.F.);
#5209 = FACE_BOUND('',#5210,.F.);
#5210 = EDGE_LOOP('',(#5211,#5212,#5213,#5214,#5215,#5216,#5217,#5223,
    #5224,#5232,#5240,#5246));
#5211 = ORIENTED_EDGE('',*,*,#5197,.F.);
#5212 = ORIENTED_EDGE('',*,*,#4922,.T.);
#5213 = ORIENTED_EDGE('',*,*,#4967,.T.);
#5214 = ORIENTED_EDGE('',*,*,#4984,.T.);
#5215 = ORIENTED_EDGE('',*,*,#4938,.T.);
#5216 = ORIENTED_EDGE('',*,*,#4728,.T.);
#5217 = ORIENTED_EDGE('',*,*,#5218,.T.);
#5218 = EDGE_CURVE('',#4721,#5031,#5219,.T.);
#5219 = LINE('',#5220,#5221);
#5220 = CARTESIAN_POINT('',(-0.7,-1.15,0.725));
#5221 = VECTOR('',#5222,1.);
#5222 = DIRECTION('',(1.,-1.144237745222E-17,0.));
#5223 = ORIENTED_EDGE('',*,*,#5028,.F.);
#5224 = ORIENTED_EDGE('',*,*,#5225,.F.);
#5225 = EDGE_CURVE('',#5226,#5029,#5228,.T.);
#5226 = VERTEX_POINT('',#5227);
#5227 = CARTESIAN_POINT('',(-0.5925,-1.475,0.725));
#5228 = LINE('',#5229,#5230);
#5229 = CARTESIAN_POINT('',(-0.5925,-1.475,0.725));
#5230 = VECTOR('',#5231,1.);
#5231 = DIRECTION('',(-0.707106781187,0.707106781187,0.));
#5232 = ORIENTED_EDGE('',*,*,#5233,.F.);
#5233 = EDGE_CURVE('',#5234,#5226,#5236,.T.);
#5234 = VERTEX_POINT('',#5235);
#5235 = CARTESIAN_POINT('',(0.5925,-1.475,0.725));
#5236 = LINE('',#5237,#5238);
#5237 = CARTESIAN_POINT('',(0.5925,-1.475,0.725));
#5238 = VECTOR('',#5239,1.);
#5239 = DIRECTION('',(-1.,-1.110223024625E-16,0.));
#5240 = ORIENTED_EDGE('',*,*,#5241,.F.);
#5241 = EDGE_CURVE('',#5161,#5234,#5242,.T.);
#5242 = LINE('',#5243,#5244);
#5243 = CARTESIAN_POINT('',(0.675,-1.3925,0.725));
#5244 = VECTOR('',#5245,1.);
#5245 = DIRECTION('',(-0.707106781187,-0.707106781187,0.));
#5246 = ORIENTED_EDGE('',*,*,#5160,.F.);
#5247 = PLANE('',#5248);
#5248 = AXIS2_PLACEMENT_3D('',#5249,#5250,#5251);
#5249 = CARTESIAN_POINT('',(-1.486299604971E-16,1.4875,0.725));
#5250 = DIRECTION('',(1.022886882533E-31,-6.310887241768E-27,-1.));
#5251 = DIRECTION('',(1.,1.217738924546E-16,1.022886882525E-31));
#5252 = ADVANCED_FACE('',(#5253),#5322,.F.);
#5253 = FACE_BOUND('',#5254,.F.);
#5254 = EDGE_LOOP('',(#5255,#5256,#5257,#5265,#5274,#5282,#5290,#5298,
    #5307,#5315));
#5255 = ORIENTED_EDGE('',*,*,#4720,.F.);
#5256 = ORIENTED_EDGE('',*,*,#4760,.T.);
#5257 = ORIENTED_EDGE('',*,*,#5258,.T.);
#5258 = EDGE_CURVE('',#4753,#5259,#5261,.T.);
#5259 = VERTEX_POINT('',#5260);
#5260 = CARTESIAN_POINT('',(-0.843471632406,-1.15,0.206587955583));
#5261 = LINE('',#5262,#5263);
#5262 = CARTESIAN_POINT('',(-0.798480775301,-1.15,0.492364817767));
#5263 = VECTOR('',#5264,1.);
#5264 = DIRECTION('',(-0.155518033909,1.779496044609E-18,-0.987833053268
    ));
#5265 = ORIENTED_EDGE('',*,*,#5266,.T.);
#5266 = EDGE_CURVE('',#5259,#5267,#5269,.T.);
#5267 = VERTEX_POINT('',#5268);
#5268 = CARTESIAN_POINT('',(-1.089673570659,-1.15,5.551115123126E-17));
#5269 = CIRCLE('',#5270,0.25);
#5270 = AXIS2_PLACEMENT_3D('',#5271,#5272,#5273);
#5271 = CARTESIAN_POINT('',(-1.089673570659,-1.15,0.25));
#5272 = DIRECTION('',(1.144237745222E-17,1.,4.885826546933E-34));
#5273 = DIRECTION('',(0.984807753012,-1.126854202784E-17,-0.173648177667
    ));
#5274 = ORIENTED_EDGE('',*,*,#5275,.T.);
#5275 = EDGE_CURVE('',#5267,#5276,#5278,.T.);
#5276 = VERTEX_POINT('',#5277);
#5277 = CARTESIAN_POINT('',(-1.25,-1.15,5.551115123126E-17));
#5278 = LINE('',#5279,#5280);
#5279 = CARTESIAN_POINT('',(-1.089673570659,-1.15,5.551115123126E-17));
#5280 = VECTOR('',#5281,1.);
#5281 = DIRECTION('',(-1.,1.144237745222E-17,0.));
#5282 = ORIENTED_EDGE('',*,*,#5283,.T.);
#5283 = EDGE_CURVE('',#5276,#5284,#5286,.T.);
#5284 = VERTEX_POINT('',#5285);
#5285 = CARTESIAN_POINT('',(-1.25,-1.15,0.15));
#5286 = LINE('',#5287,#5288);
#5287 = CARTESIAN_POINT('',(-1.25,-1.15,5.551115123126E-17));
#5288 = VECTOR('',#5289,1.);
#5289 = DIRECTION('',(0.,0.,1.));
#5290 = ORIENTED_EDGE('',*,*,#5291,.T.);
#5291 = EDGE_CURVE('',#5284,#5292,#5294,.T.);
#5292 = VERTEX_POINT('',#5293);
#5293 = CARTESIAN_POINT('',(-1.089673570659,-1.15,0.15));
#5294 = LINE('',#5295,#5296);
#5295 = CARTESIAN_POINT('',(-1.25,-1.15,0.15));
#5296 = VECTOR('',#5297,1.);
#5297 = DIRECTION('',(1.,-1.144237745222E-17,0.));
#5298 = ORIENTED_EDGE('',*,*,#5299,.T.);
#5299 = EDGE_CURVE('',#5292,#5300,#5302,.T.);
#5300 = VERTEX_POINT('',#5301);
#5301 = CARTESIAN_POINT('',(-0.991192795358,-1.15,0.232635182233));
#5302 = CIRCLE('',#5303,0.1);
#5303 = AXIS2_PLACEMENT_3D('',#5304,#5305,#5306);
#5304 = CARTESIAN_POINT('',(-1.089673570659,-1.15,0.25));
#5305 = DIRECTION('',(-1.144237745222E-17,-1.,1.280277572762E-47));
#5306 = DIRECTION('',(-2.22044604925E-15,2.540718180781E-32,-1.));
#5307 = ORIENTED_EDGE('',*,*,#5308,.T.);
#5308 = EDGE_CURVE('',#5300,#5309,#5311,.T.);
#5309 = VERTEX_POINT('',#5310);
#5310 = CARTESIAN_POINT('',(-0.946201938253,-1.15,0.518412044417));
#5311 = LINE('',#5312,#5313);
#5312 = CARTESIAN_POINT('',(-0.991192795358,-1.15,0.232635182233));
#5313 = VECTOR('',#5314,1.);
#5314 = DIRECTION('',(0.155518033909,-1.779496044609E-18,0.987833053268)
  );
#5315 = ORIENTED_EDGE('',*,*,#5316,.T.);
#5316 = EDGE_CURVE('',#5309,#4721,#5317,.T.);
#5317 = CIRCLE('',#5318,0.25);
#5318 = AXIS2_PLACEMENT_3D('',#5319,#5320,#5321);
#5319 = CARTESIAN_POINT('',(-0.7,-1.15,0.475));
#5320 = DIRECTION('',(1.144237745222E-17,1.,1.092485064951E-34));
#5321 = DIRECTION('',(-0.984807753012,1.126854202784E-17,0.173648177667)
  );
#5322 = PLANE('',#5323);
#5323 = AXIS2_PLACEMENT_3D('',#5324,#5325,#5326);
#5324 = CARTESIAN_POINT('',(-0.931323080229,-1.15,0.33452717391));
#5325 = DIRECTION('',(1.144237745222E-17,1.,0.));
#5326 = DIRECTION('',(0.,-0.,1.));
#5327 = ADVANCED_FACE('',(#5328),#5346,.F.);
#5328 = FACE_BOUND('',#5329,.F.);
#5329 = EDGE_LOOP('',(#5330,#5331,#5339,#5345));
#5330 = ORIENTED_EDGE('',*,*,#4752,.T.);
#5331 = ORIENTED_EDGE('',*,*,#5332,.T.);
#5332 = EDGE_CURVE('',#4744,#5333,#5335,.T.);
#5333 = VERTEX_POINT('',#5334);
#5334 = CARTESIAN_POINT('',(-0.843471632406,-0.75,0.206587955583));
#5335 = LINE('',#5336,#5337);
#5336 = CARTESIAN_POINT('',(-0.798480775301,-0.75,0.492364817767));
#5337 = VECTOR('',#5338,1.);
#5338 = DIRECTION('',(-0.155518033909,1.779496044609E-18,-0.987833053268
    ));
#5339 = ORIENTED_EDGE('',*,*,#5340,.F.);
#5340 = EDGE_CURVE('',#5259,#5333,#5341,.T.);
#5341 = LINE('',#5342,#5343);
#5342 = CARTESIAN_POINT('',(-0.843471632406,-1.15,0.206587955583));
#5343 = VECTOR('',#5344,1.);
#5344 = DIRECTION('',(1.144237745222E-17,1.,0.));
#5345 = ORIENTED_EDGE('',*,*,#5258,.F.);
#5346 = PLANE('',#5347);
#5347 = AXIS2_PLACEMENT_3D('',#5348,#5349,#5350);
#5348 = CARTESIAN_POINT('',(-0.798480775301,-1.15,0.492364817767));
#5349 = DIRECTION('',(-0.987833053268,1.130315865527E-17,0.155518033909)
  );
#5350 = DIRECTION('',(-0.155518033909,1.779496044609E-18,-0.987833053268
    ));
#5351 = ADVANCED_FACE('',(#5352),#5414,.T.);
#5352 = FACE_BOUND('',#5353,.T.);
#5353 = EDGE_LOOP('',(#5354,#5355,#5356,#5357,#5366,#5374,#5382,#5390,
    #5399,#5407));
#5354 = ORIENTED_EDGE('',*,*,#4775,.F.);
#5355 = ORIENTED_EDGE('',*,*,#4743,.T.);
#5356 = ORIENTED_EDGE('',*,*,#5332,.T.);
#5357 = ORIENTED_EDGE('',*,*,#5358,.T.);
#5358 = EDGE_CURVE('',#5333,#5359,#5361,.T.);
#5359 = VERTEX_POINT('',#5360);
#5360 = CARTESIAN_POINT('',(-1.089673570659,-0.75,5.551115123126E-17));
#5361 = CIRCLE('',#5362,0.25);
#5362 = AXIS2_PLACEMENT_3D('',#5363,#5364,#5365);
#5363 = CARTESIAN_POINT('',(-1.089673570659,-0.75,0.25));
#5364 = DIRECTION('',(1.144237745222E-17,1.,4.885826546933E-34));
#5365 = DIRECTION('',(0.984807753012,-1.126854202784E-17,-0.173648177667
    ));
#5366 = ORIENTED_EDGE('',*,*,#5367,.T.);
#5367 = EDGE_CURVE('',#5359,#5368,#5370,.T.);
#5368 = VERTEX_POINT('',#5369);
#5369 = CARTESIAN_POINT('',(-1.25,-0.75,5.551115123126E-17));
#5370 = LINE('',#5371,#5372);
#5371 = CARTESIAN_POINT('',(-1.089673570659,-0.75,5.551115123126E-17));
#5372 = VECTOR('',#5373,1.);
#5373 = DIRECTION('',(-1.,1.144237745222E-17,0.));
#5374 = ORIENTED_EDGE('',*,*,#5375,.T.);
#5375 = EDGE_CURVE('',#5368,#5376,#5378,.T.);
#5376 = VERTEX_POINT('',#5377);
#5377 = CARTESIAN_POINT('',(-1.25,-0.75,0.15));
#5378 = LINE('',#5379,#5380);
#5379 = CARTESIAN_POINT('',(-1.25,-0.75,5.551115123126E-17));
#5380 = VECTOR('',#5381,1.);
#5381 = DIRECTION('',(0.,0.,1.));
#5382 = ORIENTED_EDGE('',*,*,#5383,.T.);
#5383 = EDGE_CURVE('',#5376,#5384,#5386,.T.);
#5384 = VERTEX_POINT('',#5385);
#5385 = CARTESIAN_POINT('',(-1.089673570659,-0.75,0.15));
#5386 = LINE('',#5387,#5388);
#5387 = CARTESIAN_POINT('',(-1.25,-0.75,0.15));
#5388 = VECTOR('',#5389,1.);
#5389 = DIRECTION('',(1.,-1.144237745222E-17,0.));
#5390 = ORIENTED_EDGE('',*,*,#5391,.T.);
#5391 = EDGE_CURVE('',#5384,#5392,#5394,.T.);
#5392 = VERTEX_POINT('',#5393);
#5393 = CARTESIAN_POINT('',(-0.991192795358,-0.75,0.232635182233));
#5394 = CIRCLE('',#5395,0.1);
#5395 = AXIS2_PLACEMENT_3D('',#5396,#5397,#5398);
#5396 = CARTESIAN_POINT('',(-1.089673570659,-0.75,0.25));
#5397 = DIRECTION('',(-1.144237745222E-17,-1.,1.280277572762E-47));
#5398 = DIRECTION('',(-2.22044604925E-15,2.540718180781E-32,-1.));
#5399 = ORIENTED_EDGE('',*,*,#5400,.T.);
#5400 = EDGE_CURVE('',#5392,#5401,#5403,.T.);
#5401 = VERTEX_POINT('',#5402);
#5402 = CARTESIAN_POINT('',(-0.946201938253,-0.75,0.518412044417));
#5403 = LINE('',#5404,#5405);
#5404 = CARTESIAN_POINT('',(-0.991192795358,-0.75,0.232635182233));
#5405 = VECTOR('',#5406,1.);
#5406 = DIRECTION('',(0.155518033909,-1.779496044609E-18,0.987833053268)
  );
#5407 = ORIENTED_EDGE('',*,*,#5408,.T.);
#5408 = EDGE_CURVE('',#5401,#4776,#5409,.T.);
#5409 = CIRCLE('',#5410,0.25);
#5410 = AXIS2_PLACEMENT_3D('',#5411,#5412,#5413);
#5411 = CARTESIAN_POINT('',(-0.7,-0.75,0.475));
#5412 = DIRECTION('',(1.144237745222E-17,1.,1.092485064951E-34));
#5413 = DIRECTION('',(-0.984807753012,1.126854202784E-17,0.173648177667)
  );
#5414 = PLANE('',#5415);
#5415 = AXIS2_PLACEMENT_3D('',#5416,#5417,#5418);
#5416 = CARTESIAN_POINT('',(-0.931323080229,-0.75,0.33452717391));
#5417 = DIRECTION('',(1.144237745222E-17,1.,0.));
#5418 = DIRECTION('',(0.,-0.,1.));
#5419 = ADVANCED_FACE('',(#5420),#5431,.F.);
#5420 = FACE_BOUND('',#5421,.F.);
#5421 = EDGE_LOOP('',(#5422,#5423,#5424,#5425));
#5422 = ORIENTED_EDGE('',*,*,#4792,.T.);
#5423 = ORIENTED_EDGE('',*,*,#4999,.T.);
#5424 = ORIENTED_EDGE('',*,*,#5046,.F.);
#5425 = ORIENTED_EDGE('',*,*,#5426,.F.);
#5426 = EDGE_CURVE('',#4776,#5039,#5427,.T.);
#5427 = LINE('',#5428,#5429);
#5428 = CARTESIAN_POINT('',(-0.7,-0.75,0.725));
#5429 = VECTOR('',#5430,1.);
#5430 = DIRECTION('',(1.,-1.144237745222E-17,0.));
#5431 = PLANE('',#5432);
#5432 = AXIS2_PLACEMENT_3D('',#5433,#5434,#5435);
#5433 = CARTESIAN_POINT('',(-1.486299604971E-16,1.4875,0.725));
#5434 = DIRECTION('',(1.022886882533E-31,-6.310887241768E-27,-1.));
#5435 = DIRECTION('',(1.,1.217738924546E-16,1.022886882525E-31));
#5436 = ADVANCED_FACE('',(#5437),#5506,.F.);
#5437 = FACE_BOUND('',#5438,.F.);
#5438 = EDGE_LOOP('',(#5439,#5440,#5441,#5449,#5458,#5466,#5474,#5482,
    #5491,#5499));
#5439 = ORIENTED_EDGE('',*,*,#4784,.F.);
#5440 = ORIENTED_EDGE('',*,*,#4824,.T.);
#5441 = ORIENTED_EDGE('',*,*,#5442,.T.);
#5442 = EDGE_CURVE('',#4817,#5443,#5445,.T.);
#5443 = VERTEX_POINT('',#5444);
#5444 = CARTESIAN_POINT('',(-0.843471632406,0.75,0.206587955583));
#5445 = LINE('',#5446,#5447);
#5446 = CARTESIAN_POINT('',(-0.798480775301,0.75,0.492364817767));
#5447 = VECTOR('',#5448,1.);
#5448 = DIRECTION('',(-0.155518033909,1.779496044609E-18,-0.987833053268
    ));
#5449 = ORIENTED_EDGE('',*,*,#5450,.T.);
#5450 = EDGE_CURVE('',#5443,#5451,#5453,.T.);
#5451 = VERTEX_POINT('',#5452);
#5452 = CARTESIAN_POINT('',(-1.089673570659,0.75,5.551115123126E-17));
#5453 = CIRCLE('',#5454,0.25);
#5454 = AXIS2_PLACEMENT_3D('',#5455,#5456,#5457);
#5455 = CARTESIAN_POINT('',(-1.089673570659,0.75,0.25));
#5456 = DIRECTION('',(1.144237745222E-17,1.,4.885826546933E-34));
#5457 = DIRECTION('',(0.984807753012,-1.126854202784E-17,-0.173648177667
    ));
#5458 = ORIENTED_EDGE('',*,*,#5459,.T.);
#5459 = EDGE_CURVE('',#5451,#5460,#5462,.T.);
#5460 = VERTEX_POINT('',#5461);
#5461 = CARTESIAN_POINT('',(-1.25,0.75,5.551115123126E-17));
#5462 = LINE('',#5463,#5464);
#5463 = CARTESIAN_POINT('',(-1.089673570659,0.75,5.551115123126E-17));
#5464 = VECTOR('',#5465,1.);
#5465 = DIRECTION('',(-1.,1.144237745222E-17,0.));
#5466 = ORIENTED_EDGE('',*,*,#5467,.T.);
#5467 = EDGE_CURVE('',#5460,#5468,#5470,.T.);
#5468 = VERTEX_POINT('',#5469);
#5469 = CARTESIAN_POINT('',(-1.25,0.75,0.15));
#5470 = LINE('',#5471,#5472);
#5471 = CARTESIAN_POINT('',(-1.25,0.75,5.551115123126E-17));
#5472 = VECTOR('',#5473,1.);
#5473 = DIRECTION('',(0.,0.,1.));
#5474 = ORIENTED_EDGE('',*,*,#5475,.T.);
#5475 = EDGE_CURVE('',#5468,#5476,#5478,.T.);
#5476 = VERTEX_POINT('',#5477);
#5477 = CARTESIAN_POINT('',(-1.089673570659,0.75,0.15));
#5478 = LINE('',#5479,#5480);
#5479 = CARTESIAN_POINT('',(-1.25,0.75,0.15));
#5480 = VECTOR('',#5481,1.);
#5481 = DIRECTION('',(1.,-1.144237745222E-17,0.));
#5482 = ORIENTED_EDGE('',*,*,#5483,.T.);
#5483 = EDGE_CURVE('',#5476,#5484,#5486,.T.);
#5484 = VERTEX_POINT('',#5485);
#5485 = CARTESIAN_POINT('',(-0.991192795358,0.75,0.232635182233));
#5486 = CIRCLE('',#5487,0.1);
#5487 = AXIS2_PLACEMENT_3D('',#5488,#5489,#5490);
#5488 = CARTESIAN_POINT('',(-1.089673570659,0.75,0.25));
#5489 = DIRECTION('',(-1.144237745222E-17,-1.,1.280277572762E-47));
#5490 = DIRECTION('',(-2.22044604925E-15,2.540718180781E-32,-1.));
#5491 = ORIENTED_EDGE('',*,*,#5492,.T.);
#5492 = EDGE_CURVE('',#5484,#5493,#5495,.T.);
#5493 = VERTEX_POINT('',#5494);
#5494 = CARTESIAN_POINT('',(-0.946201938253,0.75,0.518412044417));
#5495 = LINE('',#5496,#5497);
#5496 = CARTESIAN_POINT('',(-0.991192795358,0.75,0.232635182233));
#5497 = VECTOR('',#5498,1.);
#5498 = DIRECTION('',(0.155518033909,-1.779496044609E-18,0.987833053268)
  );
#5499 = ORIENTED_EDGE('',*,*,#5500,.T.);
#5500 = EDGE_CURVE('',#5493,#4785,#5501,.T.);
#5501 = CIRCLE('',#5502,0.25);
#5502 = AXIS2_PLACEMENT_3D('',#5503,#5504,#5505);
#5503 = CARTESIAN_POINT('',(-0.7,0.75,0.475));
#5504 = DIRECTION('',(1.144237745222E-17,1.,1.092485064951E-34));
#5505 = DIRECTION('',(-0.984807753012,1.126854202784E-17,0.173648177667)
  );
#5506 = PLANE('',#5507);
#5507 = AXIS2_PLACEMENT_3D('',#5508,#5509,#5510);
#5508 = CARTESIAN_POINT('',(-0.931323080229,0.75,0.33452717391));
#5509 = DIRECTION('',(1.144237745222E-17,1.,0.));
#5510 = DIRECTION('',(0.,-0.,1.));
#5511 = ADVANCED_FACE('',(#5512),#5530,.F.);
#5512 = FACE_BOUND('',#5513,.F.);
#5513 = EDGE_LOOP('',(#5514,#5515,#5523,#5529));
#5514 = ORIENTED_EDGE('',*,*,#4816,.T.);
#5515 = ORIENTED_EDGE('',*,*,#5516,.T.);
#5516 = EDGE_CURVE('',#4808,#5517,#5519,.T.);
#5517 = VERTEX_POINT('',#5518);
#5518 = CARTESIAN_POINT('',(-0.843471632406,1.15,0.206587955583));
#5519 = LINE('',#5520,#5521);
#5520 = CARTESIAN_POINT('',(-0.798480775301,1.15,0.492364817767));
#5521 = VECTOR('',#5522,1.);
#5522 = DIRECTION('',(-0.155518033909,1.779496044609E-18,-0.987833053268
    ));
#5523 = ORIENTED_EDGE('',*,*,#5524,.F.);
#5524 = EDGE_CURVE('',#5443,#5517,#5525,.T.);
#5525 = LINE('',#5526,#5527);
#5526 = CARTESIAN_POINT('',(-0.843471632406,0.75,0.206587955583));
#5527 = VECTOR('',#5528,1.);
#5528 = DIRECTION('',(1.144237745222E-17,1.,0.));
#5529 = ORIENTED_EDGE('',*,*,#5442,.F.);
#5530 = PLANE('',#5531);
#5531 = AXIS2_PLACEMENT_3D('',#5532,#5533,#5534);
#5532 = CARTESIAN_POINT('',(-0.798480775301,0.75,0.492364817767));
#5533 = DIRECTION('',(-0.987833053268,1.130315865527E-17,0.155518033909)
  );
#5534 = DIRECTION('',(-0.155518033909,1.779496044609E-18,-0.987833053268
    ));
#5535 = ADVANCED_FACE('',(#5536),#5598,.T.);
#5536 = FACE_BOUND('',#5537,.T.);
#5537 = EDGE_LOOP('',(#5538,#5539,#5540,#5541,#5550,#5558,#5566,#5574,
    #5583,#5591));
#5538 = ORIENTED_EDGE('',*,*,#4839,.F.);
#5539 = ORIENTED_EDGE('',*,*,#4807,.T.);
#5540 = ORIENTED_EDGE('',*,*,#5516,.T.);
#5541 = ORIENTED_EDGE('',*,*,#5542,.T.);
#5542 = EDGE_CURVE('',#5517,#5543,#5545,.T.);
#5543 = VERTEX_POINT('',#5544);
#5544 = CARTESIAN_POINT('',(-1.089673570659,1.15,5.551115123126E-17));
#5545 = CIRCLE('',#5546,0.25);
#5546 = AXIS2_PLACEMENT_3D('',#5547,#5548,#5549);
#5547 = CARTESIAN_POINT('',(-1.089673570659,1.15,0.25));
#5548 = DIRECTION('',(1.144237745222E-17,1.,4.885826546933E-34));
#5549 = DIRECTION('',(0.984807753012,-1.126854202784E-17,-0.173648177667
    ));
#5550 = ORIENTED_EDGE('',*,*,#5551,.T.);
#5551 = EDGE_CURVE('',#5543,#5552,#5554,.T.);
#5552 = VERTEX_POINT('',#5553);
#5553 = CARTESIAN_POINT('',(-1.25,1.15,5.551115123126E-17));
#5554 = LINE('',#5555,#5556);
#5555 = CARTESIAN_POINT('',(-1.089673570659,1.15,5.551115123126E-17));
#5556 = VECTOR('',#5557,1.);
#5557 = DIRECTION('',(-1.,1.144237745222E-17,0.));
#5558 = ORIENTED_EDGE('',*,*,#5559,.T.);
#5559 = EDGE_CURVE('',#5552,#5560,#5562,.T.);
#5560 = VERTEX_POINT('',#5561);
#5561 = CARTESIAN_POINT('',(-1.25,1.15,0.15));
#5562 = LINE('',#5563,#5564);
#5563 = CARTESIAN_POINT('',(-1.25,1.15,5.551115123126E-17));
#5564 = VECTOR('',#5565,1.);
#5565 = DIRECTION('',(0.,0.,1.));
#5566 = ORIENTED_EDGE('',*,*,#5567,.T.);
#5567 = EDGE_CURVE('',#5560,#5568,#5570,.T.);
#5568 = VERTEX_POINT('',#5569);
#5569 = CARTESIAN_POINT('',(-1.089673570659,1.15,0.15));
#5570 = LINE('',#5571,#5572);
#5571 = CARTESIAN_POINT('',(-1.25,1.15,0.15));
#5572 = VECTOR('',#5573,1.);
#5573 = DIRECTION('',(1.,-1.144237745222E-17,0.));
#5574 = ORIENTED_EDGE('',*,*,#5575,.T.);
#5575 = EDGE_CURVE('',#5568,#5576,#5578,.T.);
#5576 = VERTEX_POINT('',#5577);
#5577 = CARTESIAN_POINT('',(-0.991192795358,1.15,0.232635182233));
#5578 = CIRCLE('',#5579,0.1);
#5579 = AXIS2_PLACEMENT_3D('',#5580,#5581,#5582);
#5580 = CARTESIAN_POINT('',(-1.089673570659,1.15,0.25));
#5581 = DIRECTION('',(-1.144237745222E-17,-1.,1.280277572762E-47));
#5582 = DIRECTION('',(-2.22044604925E-15,2.540718180781E-32,-1.));
#5583 = ORIENTED_EDGE('',*,*,#5584,.T.);
#5584 = EDGE_CURVE('',#5576,#5585,#5587,.T.);
#5585 = VERTEX_POINT('',#5586);
#5586 = CARTESIAN_POINT('',(-0.946201938253,1.15,0.518412044417));
#5587 = LINE('',#5588,#5589);
#5588 = CARTESIAN_POINT('',(-0.991192795358,1.15,0.232635182233));
#5589 = VECTOR('',#5590,1.);
#5590 = DIRECTION('',(0.155518033909,-1.779496044609E-18,0.987833053268)
  );
#5591 = ORIENTED_EDGE('',*,*,#5592,.T.);
#5592 = EDGE_CURVE('',#5585,#4675,#5593,.T.);
#5593 = CIRCLE('',#5594,0.25);
#5594 = AXIS2_PLACEMENT_3D('',#5595,#5596,#5597);
#5595 = CARTESIAN_POINT('',(-0.7,1.15,0.475));
#5596 = DIRECTION('',(1.144237745222E-17,1.,1.092485064951E-34));
#5597 = DIRECTION('',(-0.984807753012,1.126854202784E-17,0.173648177667)
  );
#5598 = PLANE('',#5599);
#5599 = AXIS2_PLACEMENT_3D('',#5600,#5601,#5602);
#5600 = CARTESIAN_POINT('',(-0.931323080229,1.15,0.33452717391));
#5601 = DIRECTION('',(1.144237745222E-17,1.,0.));
#5602 = DIRECTION('',(0.,-0.,1.));
#5603 = ADVANCED_FACE('',(#5604),#5673,.F.);
#5604 = FACE_BOUND('',#5605,.F.);
#5605 = EDGE_LOOP('',(#5606,#5607,#5608,#5616,#5625,#5633,#5641,#5649,
    #5658,#5666));
#5606 = ORIENTED_EDGE('',*,*,#4858,.F.);
#5607 = ORIENTED_EDGE('',*,*,#4891,.T.);
#5608 = ORIENTED_EDGE('',*,*,#5609,.T.);
#5609 = EDGE_CURVE('',#4884,#5610,#5612,.T.);
#5610 = VERTEX_POINT('',#5611);
#5611 = CARTESIAN_POINT('',(0.843471632406,0.2,0.206587955583));
#5612 = LINE('',#5613,#5614);
#5613 = CARTESIAN_POINT('',(0.798480775301,0.2,0.492364817767));
#5614 = VECTOR('',#5615,1.);
#5615 = DIRECTION('',(0.155518033909,1.726597019897E-17,-0.987833053268)
  );
#5616 = ORIENTED_EDGE('',*,*,#5617,.T.);
#5617 = EDGE_CURVE('',#5610,#5618,#5620,.T.);
#5618 = VERTEX_POINT('',#5619);
#5619 = CARTESIAN_POINT('',(1.089673570659,0.2,5.551115123126E-17));
#5620 = CIRCLE('',#5621,0.25);
#5621 = AXIS2_PLACEMENT_3D('',#5622,#5623,#5624);
#5622 = CARTESIAN_POINT('',(1.089673570659,0.2,0.25));
#5623 = DIRECTION('',(1.110223024625E-16,-1.,-6.255634725081E-34));
#5624 = DIRECTION('',(-0.984807753012,-1.093356242223E-16,
    -0.173648177667));
#5625 = ORIENTED_EDGE('',*,*,#5626,.T.);
#5626 = EDGE_CURVE('',#5618,#5627,#5629,.T.);
#5627 = VERTEX_POINT('',#5628);
#5628 = CARTESIAN_POINT('',(1.25,0.2,5.551115123126E-17));
#5629 = LINE('',#5630,#5631);
#5630 = CARTESIAN_POINT('',(1.089673570659,0.2,5.551115123126E-17));
#5631 = VECTOR('',#5632,1.);
#5632 = DIRECTION('',(1.,1.110223024625E-16,0.));
#5633 = ORIENTED_EDGE('',*,*,#5634,.T.);
#5634 = EDGE_CURVE('',#5627,#5635,#5637,.T.);
#5635 = VERTEX_POINT('',#5636);
#5636 = CARTESIAN_POINT('',(1.25,0.2,0.15));
#5637 = LINE('',#5638,#5639);
#5638 = CARTESIAN_POINT('',(1.25,0.2,5.551115123126E-17));
#5639 = VECTOR('',#5640,1.);
#5640 = DIRECTION('',(0.,0.,1.));
#5641 = ORIENTED_EDGE('',*,*,#5642,.T.);
#5642 = EDGE_CURVE('',#5635,#5643,#5645,.T.);
#5643 = VERTEX_POINT('',#5644);
#5644 = CARTESIAN_POINT('',(1.089673570659,0.2,0.15));
#5645 = LINE('',#5646,#5647);
#5646 = CARTESIAN_POINT('',(1.25,0.2,0.15));
#5647 = VECTOR('',#5648,1.);
#5648 = DIRECTION('',(-1.,-1.110223024625E-16,0.));
#5649 = ORIENTED_EDGE('',*,*,#5650,.T.);
#5650 = EDGE_CURVE('',#5643,#5651,#5653,.T.);
#5651 = VERTEX_POINT('',#5652);
#5652 = CARTESIAN_POINT('',(0.991192795358,0.2,0.232635182233));
#5653 = CIRCLE('',#5654,0.1);
#5654 = AXIS2_PLACEMENT_3D('',#5655,#5656,#5657);
#5655 = CARTESIAN_POINT('',(1.089673570659,0.2,0.25));
#5656 = DIRECTION('',(-1.110223024625E-16,1.,-1.094764425744E-47));
#5657 = DIRECTION('',(2.22044604925E-15,2.465190328815E-31,-1.));
#5658 = ORIENTED_EDGE('',*,*,#5659,.T.);
#5659 = EDGE_CURVE('',#5651,#5660,#5662,.T.);
#5660 = VERTEX_POINT('',#5661);
#5661 = CARTESIAN_POINT('',(0.946201938253,0.2,0.518412044417));
#5662 = LINE('',#5663,#5664);
#5663 = CARTESIAN_POINT('',(0.991192795358,0.2,0.232635182233));
#5664 = VECTOR('',#5665,1.);
#5665 = DIRECTION('',(-0.155518033909,-1.726597019897E-17,0.987833053268
    ));
#5666 = ORIENTED_EDGE('',*,*,#5667,.T.);
#5667 = EDGE_CURVE('',#5660,#4619,#5668,.T.);
#5668 = CIRCLE('',#5669,0.25);
#5669 = AXIS2_PLACEMENT_3D('',#5670,#5671,#5672);
#5670 = CARTESIAN_POINT('',(0.7,0.2,0.475));
#5671 = DIRECTION('',(1.110223024625E-16,-1.,-6.255634725081E-34));
#5672 = DIRECTION('',(0.984807753012,1.093356242223E-16,0.173648177667)
  );
#5673 = PLANE('',#5674);
#5674 = AXIS2_PLACEMENT_3D('',#5675,#5676,#5677);
#5675 = CARTESIAN_POINT('',(0.931323080229,0.2,0.33452717391));
#5676 = DIRECTION('',(1.110223024625E-16,-1.,0.));
#5677 = DIRECTION('',(0.,0.,1.));
#5678 = ADVANCED_FACE('',(#5679),#5697,.F.);
#5679 = FACE_BOUND('',#5680,.F.);
#5680 = EDGE_LOOP('',(#5681,#5682,#5690,#5696));
#5681 = ORIENTED_EDGE('',*,*,#4883,.T.);
#5682 = ORIENTED_EDGE('',*,*,#5683,.T.);
#5683 = EDGE_CURVE('',#4875,#5684,#5686,.T.);
#5684 = VERTEX_POINT('',#5685);
#5685 = CARTESIAN_POINT('',(0.843471632406,-0.2,0.206587955583));
#5686 = LINE('',#5687,#5688);
#5687 = CARTESIAN_POINT('',(0.798480775301,-0.2,0.492364817767));
#5688 = VECTOR('',#5689,1.);
#5689 = DIRECTION('',(0.155518033909,1.726597019897E-17,-0.987833053268)
  );
#5690 = ORIENTED_EDGE('',*,*,#5691,.F.);
#5691 = EDGE_CURVE('',#5610,#5684,#5692,.T.);
#5692 = LINE('',#5693,#5694);
#5693 = CARTESIAN_POINT('',(0.843471632406,0.2,0.206587955583));
#5694 = VECTOR('',#5695,1.);
#5695 = DIRECTION('',(1.110223024625E-16,-1.,0.));
#5696 = ORIENTED_EDGE('',*,*,#5609,.F.);
#5697 = PLANE('',#5698);
#5698 = AXIS2_PLACEMENT_3D('',#5699,#5700,#5701);
#5699 = CARTESIAN_POINT('',(0.798480775301,0.2,0.492364817767));
#5700 = DIRECTION('',(0.987833053268,1.096715000224E-16,0.155518033909)
  );
#5701 = DIRECTION('',(0.155518033909,1.726597019897E-17,-0.987833053268)
  );
#5702 = ADVANCED_FACE('',(#5703),#5765,.T.);
#5703 = FACE_BOUND('',#5704,.T.);
#5704 = EDGE_LOOP('',(#5705,#5706,#5707,#5708,#5717,#5725,#5733,#5741,
    #5750,#5758));
#5705 = ORIENTED_EDGE('',*,*,#4906,.F.);
#5706 = ORIENTED_EDGE('',*,*,#4874,.T.);
#5707 = ORIENTED_EDGE('',*,*,#5683,.T.);
#5708 = ORIENTED_EDGE('',*,*,#5709,.T.);
#5709 = EDGE_CURVE('',#5684,#5710,#5712,.T.);
#5710 = VERTEX_POINT('',#5711);
#5711 = CARTESIAN_POINT('',(1.089673570659,-0.2,5.551115123126E-17));
#5712 = CIRCLE('',#5713,0.25);
#5713 = AXIS2_PLACEMENT_3D('',#5714,#5715,#5716);
#5714 = CARTESIAN_POINT('',(1.089673570659,-0.2,0.25));
#5715 = DIRECTION('',(1.110223024625E-16,-1.,-6.255634725081E-34));
#5716 = DIRECTION('',(-0.984807753012,-1.093356242223E-16,
    -0.173648177667));
#5717 = ORIENTED_EDGE('',*,*,#5718,.T.);
#5718 = EDGE_CURVE('',#5710,#5719,#5721,.T.);
#5719 = VERTEX_POINT('',#5720);
#5720 = CARTESIAN_POINT('',(1.25,-0.2,5.551115123126E-17));
#5721 = LINE('',#5722,#5723);
#5722 = CARTESIAN_POINT('',(1.089673570659,-0.2,5.551115123126E-17));
#5723 = VECTOR('',#5724,1.);
#5724 = DIRECTION('',(1.,1.110223024625E-16,0.));
#5725 = ORIENTED_EDGE('',*,*,#5726,.T.);
#5726 = EDGE_CURVE('',#5719,#5727,#5729,.T.);
#5727 = VERTEX_POINT('',#5728);
#5728 = CARTESIAN_POINT('',(1.25,-0.2,0.15));
#5729 = LINE('',#5730,#5731);
#5730 = CARTESIAN_POINT('',(1.25,-0.2,5.551115123126E-17));
#5731 = VECTOR('',#5732,1.);
#5732 = DIRECTION('',(0.,0.,1.));
#5733 = ORIENTED_EDGE('',*,*,#5734,.T.);
#5734 = EDGE_CURVE('',#5727,#5735,#5737,.T.);
#5735 = VERTEX_POINT('',#5736);
#5736 = CARTESIAN_POINT('',(1.089673570659,-0.2,0.15));
#5737 = LINE('',#5738,#5739);
#5738 = CARTESIAN_POINT('',(1.25,-0.2,0.15));
#5739 = VECTOR('',#5740,1.);
#5740 = DIRECTION('',(-1.,-1.110223024625E-16,0.));
#5741 = ORIENTED_EDGE('',*,*,#5742,.T.);
#5742 = EDGE_CURVE('',#5735,#5743,#5745,.T.);
#5743 = VERTEX_POINT('',#5744);
#5744 = CARTESIAN_POINT('',(0.991192795358,-0.2,0.232635182233));
#5745 = CIRCLE('',#5746,0.1);
#5746 = AXIS2_PLACEMENT_3D('',#5747,#5748,#5749);
#5747 = CARTESIAN_POINT('',(1.089673570659,-0.2,0.25));
#5748 = DIRECTION('',(-1.110223024625E-16,1.,-1.094764425744E-47));
#5749 = DIRECTION('',(2.22044604925E-15,2.465190328815E-31,-1.));
#5750 = ORIENTED_EDGE('',*,*,#5751,.T.);
#5751 = EDGE_CURVE('',#5743,#5752,#5754,.T.);
#5752 = VERTEX_POINT('',#5753);
#5753 = CARTESIAN_POINT('',(0.946201938253,-0.2,0.518412044417));
#5754 = LINE('',#5755,#5756);
#5755 = CARTESIAN_POINT('',(0.991192795358,-0.2,0.232635182233));
#5756 = VECTOR('',#5757,1.);
#5757 = DIRECTION('',(-0.155518033909,-1.726597019897E-17,0.987833053268
    ));
#5758 = ORIENTED_EDGE('',*,*,#5759,.T.);
#5759 = EDGE_CURVE('',#5752,#4907,#5760,.T.);
#5760 = CIRCLE('',#5761,0.25);
#5761 = AXIS2_PLACEMENT_3D('',#5762,#5763,#5764);
#5762 = CARTESIAN_POINT('',(0.7,-0.2,0.475));
#5763 = DIRECTION('',(1.110223024625E-16,-1.,-6.255634725081E-34));
#5764 = DIRECTION('',(0.984807753012,1.093356242223E-16,0.173648177667)
  );
#5765 = PLANE('',#5766);
#5766 = AXIS2_PLACEMENT_3D('',#5767,#5768,#5769);
#5767 = CARTESIAN_POINT('',(0.931323080229,-0.2,0.33452717391));
#5768 = DIRECTION('',(1.110223024625E-16,-1.,0.));
#5769 = DIRECTION('',(0.,0.,1.));
#5770 = ADVANCED_FACE('',(#5771),#5782,.T.);
#5771 = FACE_BOUND('',#5772,.T.);
#5772 = EDGE_LOOP('',(#5773,#5774,#5775,#5776));
#5773 = ORIENTED_EDGE('',*,*,#5500,.T.);
#5774 = ORIENTED_EDGE('',*,*,#5007,.T.);
#5775 = ORIENTED_EDGE('',*,*,#5592,.F.);
#5776 = ORIENTED_EDGE('',*,*,#5777,.F.);
#5777 = EDGE_CURVE('',#5493,#5585,#5778,.T.);
#5778 = LINE('',#5779,#5780);
#5779 = CARTESIAN_POINT('',(-0.946201938253,0.75,0.518412044417));
#5780 = VECTOR('',#5781,1.);
#5781 = DIRECTION('',(1.144237745222E-17,1.,0.));
#5782 = CYLINDRICAL_SURFACE('',#5783,0.25);
#5783 = AXIS2_PLACEMENT_3D('',#5784,#5785,#5786);
#5784 = CARTESIAN_POINT('',(-0.7,0.75,0.475));
#5785 = DIRECTION('',(-1.144237745222E-17,-1.,0.));
#5786 = DIRECTION('',(-0.984807753012,1.126854202784E-17,0.173648177667)
  );
#5787 = ADVANCED_FACE('',(#5788),#5799,.F.);
#5788 = FACE_BOUND('',#5789,.F.);
#5789 = EDGE_LOOP('',(#5790,#5791,#5797,#5798));
#5790 = ORIENTED_EDGE('',*,*,#5218,.F.);
#5791 = ORIENTED_EDGE('',*,*,#5792,.T.);
#5792 = EDGE_CURVE('',#4721,#4776,#5793,.T.);
#5793 = LINE('',#5794,#5795);
#5794 = CARTESIAN_POINT('',(-0.7,-1.15,0.725));
#5795 = VECTOR('',#5796,1.);
#5796 = DIRECTION('',(1.144237745222E-17,1.,0.));
#5797 = ORIENTED_EDGE('',*,*,#5426,.T.);
#5798 = ORIENTED_EDGE('',*,*,#5038,.F.);
#5799 = PLANE('',#5800);
#5800 = AXIS2_PLACEMENT_3D('',#5801,#5802,#5803);
#5801 = CARTESIAN_POINT('',(-0.7,-1.15,0.725));
#5802 = DIRECTION('',(0.,0.,-1.));
#5803 = DIRECTION('',(1.,-1.144237745222E-17,0.));
#5804 = ADVANCED_FACE('',(#5805,#5834),#5845,.T.);
#5805 = FACE_BOUND('',#5806,.T.);
#5806 = EDGE_LOOP('',(#5807,#5808,#5809,#5810,#5818,#5826,#5832,#5833));
#5807 = ORIENTED_EDGE('',*,*,#5113,.F.);
#5808 = ORIENTED_EDGE('',*,*,#5090,.F.);
#5809 = ORIENTED_EDGE('',*,*,#5061,.F.);
#5810 = ORIENTED_EDGE('',*,*,#5811,.F.);
#5811 = EDGE_CURVE('',#5812,#5062,#5814,.T.);
#5812 = VERTEX_POINT('',#5813);
#5813 = CARTESIAN_POINT('',(-0.559121551758,-1.408243103516,1.2));
#5814 = LINE('',#5815,#5816);
#5815 = CARTESIAN_POINT('',(-0.559121551758,-1.408243103516,1.2));
#5816 = VECTOR('',#5817,1.);
#5817 = DIRECTION('',(-0.707106781187,0.707106781187,0.));
#5818 = ORIENTED_EDGE('',*,*,#5819,.F.);
#5819 = EDGE_CURVE('',#5820,#5812,#5822,.T.);
#5820 = VERTEX_POINT('',#5821);
#5821 = CARTESIAN_POINT('',(0.559121551758,-1.408243103516,1.2));
#5822 = LINE('',#5823,#5824);
#5823 = CARTESIAN_POINT('',(0.559121551758,-1.408243103516,1.2));
#5824 = VECTOR('',#5825,1.);
#5825 = DIRECTION('',(-1.,-1.110223024625E-16,0.));
#5826 = ORIENTED_EDGE('',*,*,#5827,.F.);
#5827 = EDGE_CURVE('',#5169,#5820,#5828,.T.);
#5828 = LINE('',#5829,#5830);
#5829 = CARTESIAN_POINT('',(0.608243103516,-1.359121551758,1.2));
#5830 = VECTOR('',#5831,1.);
#5831 = DIRECTION('',(-0.707106781187,-0.707106781187,0.));
#5832 = ORIENTED_EDGE('',*,*,#5175,.F.);
#5833 = ORIENTED_EDGE('',*,*,#5136,.F.);
#5834 = FACE_BOUND('',#5835,.T.);
#5835 = EDGE_LOOP('',(#5836));
#5836 = ORIENTED_EDGE('',*,*,#5837,.T.);
#5837 = EDGE_CURVE('',#5838,#5838,#5840,.T.);
#5838 = VERTEX_POINT('',#5839);
#5839 = CARTESIAN_POINT('',(-0.428243103516,1.178243103516,1.2));
#5840 = CIRCLE('',#5841,5.E-02);
#5841 = AXIS2_PLACEMENT_3D('',#5842,#5843,#5844);
#5842 = CARTESIAN_POINT('',(-0.428243103516,1.228243103516,1.2));
#5843 = DIRECTION('',(0.,-0.,-1.));
#5844 = DIRECTION('',(1.110223024625E-16,-1.,0.));
#5845 = PLANE('',#5846);
#5846 = AXIS2_PLACEMENT_3D('',#5847,#5848,#5849);
#5847 = CARTESIAN_POINT('',(-0.559121551758,1.408243103516,1.2));
#5848 = DIRECTION('',(0.,0.,1.));
#5849 = DIRECTION('',(0.369013679242,-0.929423963825,0.));
#5850 = ADVANCED_FACE('',(#5851),#5861,.F.);
#5851 = FACE_BOUND('',#5852,.F.);
#5852 = EDGE_LOOP('',(#5853,#5854,#5855,#5856));
#5853 = ORIENTED_EDGE('',*,*,#5225,.T.);
#5854 = ORIENTED_EDGE('',*,*,#5069,.T.);
#5855 = ORIENTED_EDGE('',*,*,#5811,.F.);
#5856 = ORIENTED_EDGE('',*,*,#5857,.F.);
#5857 = EDGE_CURVE('',#5226,#5812,#5858,.T.);
#5858 = B_SPLINE_CURVE_WITH_KNOTS('',1,(#5859,#5860),.UNSPECIFIED.,.F.,
  .F.,(2,2),(0.,1.),.PIECEWISE_BEZIER_KNOTS.);
#5859 = CARTESIAN_POINT('',(-0.5925,-1.475,0.725));
#5860 = CARTESIAN_POINT('',(-0.559121551758,-1.408243103516,1.2));
#5861 = B_SPLINE_SURFACE_WITH_KNOTS('',1,1,(
    (#5862,#5863)
    ,(#5864,#5865
    )),.UNSPECIFIED.,.F.,.F.,.F.,(2,2),(2,2),(0.,0.116672618896),(0.,1.)
  ,.PIECEWISE_BEZIER_KNOTS.);
#5862 = CARTESIAN_POINT('',(-0.5925,-1.475,0.725));
#5863 = CARTESIAN_POINT('',(-0.559121551758,-1.408243103516,1.2));
#5864 = CARTESIAN_POINT('',(-0.675,-1.3925,0.725));
#5865 = CARTESIAN_POINT('',(-0.608243103516,-1.359121551758,1.2));
#5866 = ADVANCED_FACE('',(#5867),#5877,.F.);
#5867 = FACE_BOUND('',#5868,.F.);
#5868 = EDGE_LOOP('',(#5869,#5870,#5875,#5876));
#5869 = ORIENTED_EDGE('',*,*,#5241,.T.);
#5870 = ORIENTED_EDGE('',*,*,#5871,.T.);
#5871 = EDGE_CURVE('',#5234,#5820,#5872,.T.);
#5872 = B_SPLINE_CURVE_WITH_KNOTS('',1,(#5873,#5874),.UNSPECIFIED.,.F.,
  .F.,(2,2),(0.,1.),.PIECEWISE_BEZIER_KNOTS.);
#5873 = CARTESIAN_POINT('',(0.5925,-1.475,0.725));
#5874 = CARTESIAN_POINT('',(0.559121551758,-1.408243103516,1.2));
#5875 = ORIENTED_EDGE('',*,*,#5827,.F.);
#5876 = ORIENTED_EDGE('',*,*,#5168,.F.);
#5877 = B_SPLINE_SURFACE_WITH_KNOTS('',1,1,(
    (#5878,#5879)
    ,(#5880,#5881
    )),.UNSPECIFIED.,.F.,.F.,.F.,(2,2),(2,2),(0.,0.116672618896),(0.,1.)
  ,.PIECEWISE_BEZIER_KNOTS.);
#5878 = CARTESIAN_POINT('',(0.675,-1.3925,0.725));
#5879 = CARTESIAN_POINT('',(0.608243103516,-1.359121551758,1.2));
#5880 = CARTESIAN_POINT('',(0.5925,-1.475,0.725));
#5881 = CARTESIAN_POINT('',(0.559121551758,-1.408243103516,1.2));
#5882 = ADVANCED_FACE('',(#5883),#5894,.T.);
#5883 = FACE_BOUND('',#5884,.T.);
#5884 = EDGE_LOOP('',(#5885,#5886,#5887,#5888));
#5885 = ORIENTED_EDGE('',*,*,#5667,.T.);
#5886 = ORIENTED_EDGE('',*,*,#5191,.T.);
#5887 = ORIENTED_EDGE('',*,*,#5759,.F.);
#5888 = ORIENTED_EDGE('',*,*,#5889,.F.);
#5889 = EDGE_CURVE('',#5660,#5752,#5890,.T.);
#5890 = LINE('',#5891,#5892);
#5891 = CARTESIAN_POINT('',(0.946201938253,0.2,0.518412044417));
#5892 = VECTOR('',#5893,1.);
#5893 = DIRECTION('',(1.110223024625E-16,-1.,0.));
#5894 = CYLINDRICAL_SURFACE('',#5895,0.25);
#5895 = AXIS2_PLACEMENT_3D('',#5896,#5897,#5898);
#5896 = CARTESIAN_POINT('',(0.7,0.2,0.475));
#5897 = DIRECTION('',(-1.110223024625E-16,1.,0.));
#5898 = DIRECTION('',(0.984807753012,1.093356242223E-16,0.173648177667)
  );
#5899 = ADVANCED_FACE('',(#5900),#5906,.F.);
#5900 = FACE_BOUND('',#5901,.F.);
#5901 = EDGE_LOOP('',(#5902,#5903,#5904,#5905));
#5902 = ORIENTED_EDGE('',*,*,#5233,.T.);
#5903 = ORIENTED_EDGE('',*,*,#5857,.T.);
#5904 = ORIENTED_EDGE('',*,*,#5819,.F.);
#5905 = ORIENTED_EDGE('',*,*,#5871,.F.);
#5906 = B_SPLINE_SURFACE_WITH_KNOTS('',1,1,(
    (#5907,#5908)
    ,(#5909,#5910
    )),.UNSPECIFIED.,.F.,.F.,.F.,(2,2),(2,2),(0.,1.185),(0.,1.),
  .PIECEWISE_BEZIER_KNOTS.);
#5907 = CARTESIAN_POINT('',(0.5925,-1.475,0.725));
#5908 = CARTESIAN_POINT('',(0.559121551758,-1.408243103516,1.2));
#5909 = CARTESIAN_POINT('',(-0.5925,-1.475,0.725));
#5910 = CARTESIAN_POINT('',(-0.559121551758,-1.408243103516,1.2));
#5911 = ADVANCED_FACE('',(#5912),#5923,.T.);
#5912 = FACE_BOUND('',#5913,.T.);
#5913 = EDGE_LOOP('',(#5914,#5915,#5916,#5917));
#5914 = ORIENTED_EDGE('',*,*,#5316,.T.);
#5915 = ORIENTED_EDGE('',*,*,#5792,.T.);
#5916 = ORIENTED_EDGE('',*,*,#5408,.F.);
#5917 = ORIENTED_EDGE('',*,*,#5918,.F.);
#5918 = EDGE_CURVE('',#5309,#5401,#5919,.T.);
#5919 = LINE('',#5920,#5921);
#5920 = CARTESIAN_POINT('',(-0.946201938253,-1.15,0.518412044417));
#5921 = VECTOR('',#5922,1.);
#5922 = DIRECTION('',(1.144237745222E-17,1.,0.));
#5923 = CYLINDRICAL_SURFACE('',#5924,0.25);
#5924 = AXIS2_PLACEMENT_3D('',#5925,#5926,#5927);
#5925 = CARTESIAN_POINT('',(-0.7,-1.15,0.475));
#5926 = DIRECTION('',(-1.144237745222E-17,-1.,0.));
#5927 = DIRECTION('',(-0.984807753012,1.126854202784E-17,0.173648177667)
  );
#5928 = ADVANCED_FACE('',(#5929),#5940,.F.);
#5929 = FACE_BOUND('',#5930,.F.);
#5930 = EDGE_LOOP('',(#5931,#5937,#5938,#5939));
#5931 = ORIENTED_EDGE('',*,*,#5932,.T.);
#5932 = EDGE_CURVE('',#5300,#5392,#5933,.T.);
#5933 = LINE('',#5934,#5935);
#5934 = CARTESIAN_POINT('',(-0.991192795358,-1.15,0.232635182233));
#5935 = VECTOR('',#5936,1.);
#5936 = DIRECTION('',(1.144237745222E-17,1.,0.));
#5937 = ORIENTED_EDGE('',*,*,#5400,.T.);
#5938 = ORIENTED_EDGE('',*,*,#5918,.F.);
#5939 = ORIENTED_EDGE('',*,*,#5308,.F.);
#5940 = PLANE('',#5941);
#5941 = AXIS2_PLACEMENT_3D('',#5942,#5943,#5944);
#5942 = CARTESIAN_POINT('',(-0.991192795358,-1.15,0.232635182233));
#5943 = DIRECTION('',(0.987833053268,-1.130315865527E-17,-0.155518033909
    ));
#5944 = DIRECTION('',(0.155518033909,-1.779496044609E-18,0.987833053268)
  );
#5945 = ADVANCED_FACE('',(#5946),#5957,.F.);
#5946 = FACE_BOUND('',#5947,.F.);
#5947 = EDGE_LOOP('',(#5948,#5954,#5955,#5956));
#5948 = ORIENTED_EDGE('',*,*,#5949,.T.);
#5949 = EDGE_CURVE('',#5292,#5384,#5950,.T.);
#5950 = LINE('',#5951,#5952);
#5951 = CARTESIAN_POINT('',(-1.089673570659,-1.15,0.15));
#5952 = VECTOR('',#5953,1.);
#5953 = DIRECTION('',(1.144237745222E-17,1.,0.));
#5954 = ORIENTED_EDGE('',*,*,#5391,.T.);
#5955 = ORIENTED_EDGE('',*,*,#5932,.F.);
#5956 = ORIENTED_EDGE('',*,*,#5299,.F.);
#5957 = CYLINDRICAL_SURFACE('',#5958,0.1);
#5958 = AXIS2_PLACEMENT_3D('',#5959,#5960,#5961);
#5959 = CARTESIAN_POINT('',(-1.089673570659,-1.15,0.25));
#5960 = DIRECTION('',(-1.144237745222E-17,-1.,0.));
#5961 = DIRECTION('',(-2.22044604925E-15,2.540718180781E-32,-1.));
#5962 = ADVANCED_FACE('',(#5963),#5974,.F.);
#5963 = FACE_BOUND('',#5964,.F.);
#5964 = EDGE_LOOP('',(#5965,#5971,#5972,#5973));
#5965 = ORIENTED_EDGE('',*,*,#5966,.T.);
#5966 = EDGE_CURVE('',#5284,#5376,#5967,.T.);
#5967 = LINE('',#5968,#5969);
#5968 = CARTESIAN_POINT('',(-1.25,-1.15,0.15));
#5969 = VECTOR('',#5970,1.);
#5970 = DIRECTION('',(1.144237745222E-17,1.,0.));
#5971 = ORIENTED_EDGE('',*,*,#5383,.T.);
#5972 = ORIENTED_EDGE('',*,*,#5949,.F.);
#5973 = ORIENTED_EDGE('',*,*,#5291,.F.);
#5974 = PLANE('',#5975);
#5975 = AXIS2_PLACEMENT_3D('',#5976,#5977,#5978);
#5976 = CARTESIAN_POINT('',(-1.25,-1.15,0.15));
#5977 = DIRECTION('',(0.,0.,-1.));
#5978 = DIRECTION('',(1.,-1.144237745222E-17,0.));
#5979 = ADVANCED_FACE('',(#5980),#5991,.F.);
#5980 = FACE_BOUND('',#5981,.F.);
#5981 = EDGE_LOOP('',(#5982,#5988,#5989,#5990));
#5982 = ORIENTED_EDGE('',*,*,#5983,.T.);
#5983 = EDGE_CURVE('',#5276,#5368,#5984,.T.);
#5984 = LINE('',#5985,#5986);
#5985 = CARTESIAN_POINT('',(-1.25,-1.15,5.551115123126E-17));
#5986 = VECTOR('',#5987,1.);
#5987 = DIRECTION('',(1.144237745222E-17,1.,0.));
#5988 = ORIENTED_EDGE('',*,*,#5375,.T.);
#5989 = ORIENTED_EDGE('',*,*,#5966,.F.);
#5990 = ORIENTED_EDGE('',*,*,#5283,.F.);
#5991 = PLANE('',#5992);
#5992 = AXIS2_PLACEMENT_3D('',#5993,#5994,#5995);
#5993 = CARTESIAN_POINT('',(-1.25,-1.15,5.551115123126E-17));
#5994 = DIRECTION('',(1.,-1.144237745222E-17,0.));
#5995 = DIRECTION('',(0.,0.,1.));
#5996 = ADVANCED_FACE('',(#5997),#6008,.F.);
#5997 = FACE_BOUND('',#5998,.F.);
#5998 = EDGE_LOOP('',(#5999,#6005,#6006,#6007));
#5999 = ORIENTED_EDGE('',*,*,#6000,.T.);
#6000 = EDGE_CURVE('',#5267,#5359,#6001,.T.);
#6001 = LINE('',#6002,#6003);
#6002 = CARTESIAN_POINT('',(-1.089673570659,-1.15,5.551115123126E-17));
#6003 = VECTOR('',#6004,1.);
#6004 = DIRECTION('',(1.144237745222E-17,1.,0.));
#6005 = ORIENTED_EDGE('',*,*,#5367,.T.);
#6006 = ORIENTED_EDGE('',*,*,#5983,.F.);
#6007 = ORIENTED_EDGE('',*,*,#5275,.F.);
#6008 = PLANE('',#6009);
#6009 = AXIS2_PLACEMENT_3D('',#6010,#6011,#6012);
#6010 = CARTESIAN_POINT('',(-1.089673570659,-1.15,5.551115123126E-17));
#6011 = DIRECTION('',(0.,0.,1.));
#6012 = DIRECTION('',(-1.,1.144237745222E-17,0.));
#6013 = ADVANCED_FACE('',(#6014),#6020,.T.);
#6014 = FACE_BOUND('',#6015,.T.);
#6015 = EDGE_LOOP('',(#6016,#6017,#6018,#6019));
#6016 = ORIENTED_EDGE('',*,*,#5266,.T.);
#6017 = ORIENTED_EDGE('',*,*,#6000,.T.);
#6018 = ORIENTED_EDGE('',*,*,#5358,.F.);
#6019 = ORIENTED_EDGE('',*,*,#5340,.F.);
#6020 = CYLINDRICAL_SURFACE('',#6021,0.25);
#6021 = AXIS2_PLACEMENT_3D('',#6022,#6023,#6024);
#6022 = CARTESIAN_POINT('',(-1.089673570659,-1.15,0.25));
#6023 = DIRECTION('',(-1.144237745222E-17,-1.,0.));
#6024 = DIRECTION('',(0.984807753012,-1.126854202784E-17,-0.173648177667
    ));
#6025 = ADVANCED_FACE('',(#6026),#6037,.F.);
#6026 = FACE_BOUND('',#6027,.F.);
#6027 = EDGE_LOOP('',(#6028,#6034,#6035,#6036));
#6028 = ORIENTED_EDGE('',*,*,#6029,.T.);
#6029 = EDGE_CURVE('',#5484,#5576,#6030,.T.);
#6030 = LINE('',#6031,#6032);
#6031 = CARTESIAN_POINT('',(-0.991192795358,0.75,0.232635182233));
#6032 = VECTOR('',#6033,1.);
#6033 = DIRECTION('',(1.144237745222E-17,1.,0.));
#6034 = ORIENTED_EDGE('',*,*,#5584,.T.);
#6035 = ORIENTED_EDGE('',*,*,#5777,.F.);
#6036 = ORIENTED_EDGE('',*,*,#5492,.F.);
#6037 = PLANE('',#6038);
#6038 = AXIS2_PLACEMENT_3D('',#6039,#6040,#6041);
#6039 = CARTESIAN_POINT('',(-0.991192795358,0.75,0.232635182233));
#6040 = DIRECTION('',(0.987833053268,-1.130315865527E-17,-0.155518033909
    ));
#6041 = DIRECTION('',(0.155518033909,-1.779496044609E-18,0.987833053268)
  );
#6042 = ADVANCED_FACE('',(#6043),#6054,.F.);
#6043 = FACE_BOUND('',#6044,.F.);
#6044 = EDGE_LOOP('',(#6045,#6051,#6052,#6053));
#6045 = ORIENTED_EDGE('',*,*,#6046,.T.);
#6046 = EDGE_CURVE('',#5476,#5568,#6047,.T.);
#6047 = LINE('',#6048,#6049);
#6048 = CARTESIAN_POINT('',(-1.089673570659,0.75,0.15));
#6049 = VECTOR('',#6050,1.);
#6050 = DIRECTION('',(1.144237745222E-17,1.,0.));
#6051 = ORIENTED_EDGE('',*,*,#5575,.T.);
#6052 = ORIENTED_EDGE('',*,*,#6029,.F.);
#6053 = ORIENTED_EDGE('',*,*,#5483,.F.);
#6054 = CYLINDRICAL_SURFACE('',#6055,0.1);
#6055 = AXIS2_PLACEMENT_3D('',#6056,#6057,#6058);
#6056 = CARTESIAN_POINT('',(-1.089673570659,0.75,0.25));
#6057 = DIRECTION('',(-1.144237745222E-17,-1.,0.));
#6058 = DIRECTION('',(-2.22044604925E-15,2.540718180781E-32,-1.));
#6059 = ADVANCED_FACE('',(#6060),#6071,.F.);
#6060 = FACE_BOUND('',#6061,.F.);
#6061 = EDGE_LOOP('',(#6062,#6068,#6069,#6070));
#6062 = ORIENTED_EDGE('',*,*,#6063,.T.);
#6063 = EDGE_CURVE('',#5468,#5560,#6064,.T.);
#6064 = LINE('',#6065,#6066);
#6065 = CARTESIAN_POINT('',(-1.25,0.75,0.15));
#6066 = VECTOR('',#6067,1.);
#6067 = DIRECTION('',(1.144237745222E-17,1.,0.));
#6068 = ORIENTED_EDGE('',*,*,#5567,.T.);
#6069 = ORIENTED_EDGE('',*,*,#6046,.F.);
#6070 = ORIENTED_EDGE('',*,*,#5475,.F.);
#6071 = PLANE('',#6072);
#6072 = AXIS2_PLACEMENT_3D('',#6073,#6074,#6075);
#6073 = CARTESIAN_POINT('',(-1.25,0.75,0.15));
#6074 = DIRECTION('',(0.,0.,-1.));
#6075 = DIRECTION('',(1.,-1.144237745222E-17,0.));
#6076 = ADVANCED_FACE('',(#6077),#6088,.F.);
#6077 = FACE_BOUND('',#6078,.F.);
#6078 = EDGE_LOOP('',(#6079,#6085,#6086,#6087));
#6079 = ORIENTED_EDGE('',*,*,#6080,.T.);
#6080 = EDGE_CURVE('',#5460,#5552,#6081,.T.);
#6081 = LINE('',#6082,#6083);
#6082 = CARTESIAN_POINT('',(-1.25,0.75,5.551115123126E-17));
#6083 = VECTOR('',#6084,1.);
#6084 = DIRECTION('',(1.144237745222E-17,1.,0.));
#6085 = ORIENTED_EDGE('',*,*,#5559,.T.);
#6086 = ORIENTED_EDGE('',*,*,#6063,.F.);
#6087 = ORIENTED_EDGE('',*,*,#5467,.F.);
#6088 = PLANE('',#6089);
#6089 = AXIS2_PLACEMENT_3D('',#6090,#6091,#6092);
#6090 = CARTESIAN_POINT('',(-1.25,0.75,5.551115123126E-17));
#6091 = DIRECTION('',(1.,-1.144237745222E-17,0.));
#6092 = DIRECTION('',(0.,0.,1.));
#6093 = ADVANCED_FACE('',(#6094),#6105,.F.);
#6094 = FACE_BOUND('',#6095,.F.);
#6095 = EDGE_LOOP('',(#6096,#6102,#6103,#6104));
#6096 = ORIENTED_EDGE('',*,*,#6097,.T.);
#6097 = EDGE_CURVE('',#5451,#5543,#6098,.T.);
#6098 = LINE('',#6099,#6100);
#6099 = CARTESIAN_POINT('',(-1.089673570659,0.75,5.551115123126E-17));
#6100 = VECTOR('',#6101,1.);
#6101 = DIRECTION('',(1.144237745222E-17,1.,0.));
#6102 = ORIENTED_EDGE('',*,*,#5551,.T.);
#6103 = ORIENTED_EDGE('',*,*,#6080,.F.);
#6104 = ORIENTED_EDGE('',*,*,#5459,.F.);
#6105 = PLANE('',#6106);
#6106 = AXIS2_PLACEMENT_3D('',#6107,#6108,#6109);
#6107 = CARTESIAN_POINT('',(-1.089673570659,0.75,5.551115123126E-17));
#6108 = DIRECTION('',(0.,0.,1.));
#6109 = DIRECTION('',(-1.,1.144237745222E-17,0.));
#6110 = ADVANCED_FACE('',(#6111),#6117,.T.);
#6111 = FACE_BOUND('',#6112,.T.);
#6112 = EDGE_LOOP('',(#6113,#6114,#6115,#6116));
#6113 = ORIENTED_EDGE('',*,*,#5450,.T.);
#6114 = ORIENTED_EDGE('',*,*,#6097,.T.);
#6115 = ORIENTED_EDGE('',*,*,#5542,.F.);
#6116 = ORIENTED_EDGE('',*,*,#5524,.F.);
#6117 = CYLINDRICAL_SURFACE('',#6118,0.25);
#6118 = AXIS2_PLACEMENT_3D('',#6119,#6120,#6121);
#6119 = CARTESIAN_POINT('',(-1.089673570659,0.75,0.25));
#6120 = DIRECTION('',(-1.144237745222E-17,-1.,0.));
#6121 = DIRECTION('',(0.984807753012,-1.126854202784E-17,-0.173648177667
    ));
#6122 = ADVANCED_FACE('',(#6123),#6134,.F.);
#6123 = FACE_BOUND('',#6124,.F.);
#6124 = EDGE_LOOP('',(#6125,#6131,#6132,#6133));
#6125 = ORIENTED_EDGE('',*,*,#6126,.T.);
#6126 = EDGE_CURVE('',#5651,#5743,#6127,.T.);
#6127 = LINE('',#6128,#6129);
#6128 = CARTESIAN_POINT('',(0.991192795358,0.2,0.232635182233));
#6129 = VECTOR('',#6130,1.);
#6130 = DIRECTION('',(1.110223024625E-16,-1.,0.));
#6131 = ORIENTED_EDGE('',*,*,#5751,.T.);
#6132 = ORIENTED_EDGE('',*,*,#5889,.F.);
#6133 = ORIENTED_EDGE('',*,*,#5659,.F.);
#6134 = PLANE('',#6135);
#6135 = AXIS2_PLACEMENT_3D('',#6136,#6137,#6138);
#6136 = CARTESIAN_POINT('',(0.991192795358,0.2,0.232635182233));
#6137 = DIRECTION('',(-0.987833053268,-1.096715000224E-16,
    -0.155518033909));
#6138 = DIRECTION('',(-0.155518033909,-1.726597019897E-17,0.987833053268
    ));
#6139 = ADVANCED_FACE('',(#6140),#6151,.F.);
#6140 = FACE_BOUND('',#6141,.F.);
#6141 = EDGE_LOOP('',(#6142,#6148,#6149,#6150));
#6142 = ORIENTED_EDGE('',*,*,#6143,.T.);
#6143 = EDGE_CURVE('',#5643,#5735,#6144,.T.);
#6144 = LINE('',#6145,#6146);
#6145 = CARTESIAN_POINT('',(1.089673570659,0.2,0.15));
#6146 = VECTOR('',#6147,1.);
#6147 = DIRECTION('',(1.110223024625E-16,-1.,0.));
#6148 = ORIENTED_EDGE('',*,*,#5742,.T.);
#6149 = ORIENTED_EDGE('',*,*,#6126,.F.);
#6150 = ORIENTED_EDGE('',*,*,#5650,.F.);
#6151 = CYLINDRICAL_SURFACE('',#6152,0.1);
#6152 = AXIS2_PLACEMENT_3D('',#6153,#6154,#6155);
#6153 = CARTESIAN_POINT('',(1.089673570659,0.2,0.25));
#6154 = DIRECTION('',(-1.110223024625E-16,1.,0.));
#6155 = DIRECTION('',(2.22044604925E-15,2.465190328815E-31,-1.));
#6156 = ADVANCED_FACE('',(#6157),#6168,.F.);
#6157 = FACE_BOUND('',#6158,.F.);
#6158 = EDGE_LOOP('',(#6159,#6165,#6166,#6167));
#6159 = ORIENTED_EDGE('',*,*,#6160,.T.);
#6160 = EDGE_CURVE('',#5635,#5727,#6161,.T.);
#6161 = LINE('',#6162,#6163);
#6162 = CARTESIAN_POINT('',(1.25,0.2,0.15));
#6163 = VECTOR('',#6164,1.);
#6164 = DIRECTION('',(1.110223024625E-16,-1.,0.));
#6165 = ORIENTED_EDGE('',*,*,#5734,.T.);
#6166 = ORIENTED_EDGE('',*,*,#6143,.F.);
#6167 = ORIENTED_EDGE('',*,*,#5642,.F.);
#6168 = PLANE('',#6169);
#6169 = AXIS2_PLACEMENT_3D('',#6170,#6171,#6172);
#6170 = CARTESIAN_POINT('',(1.25,0.2,0.15));
#6171 = DIRECTION('',(0.,0.,-1.));
#6172 = DIRECTION('',(-1.,-1.110223024625E-16,-0.));
#6173 = ADVANCED_FACE('',(#6174),#6185,.F.);
#6174 = FACE_BOUND('',#6175,.F.);
#6175 = EDGE_LOOP('',(#6176,#6182,#6183,#6184));
#6176 = ORIENTED_EDGE('',*,*,#6177,.T.);
#6177 = EDGE_CURVE('',#5627,#5719,#6178,.T.);
#6178 = LINE('',#6179,#6180);
#6179 = CARTESIAN_POINT('',(1.25,0.2,5.551115123126E-17));
#6180 = VECTOR('',#6181,1.);
#6181 = DIRECTION('',(1.110223024625E-16,-1.,0.));
#6182 = ORIENTED_EDGE('',*,*,#5726,.T.);
#6183 = ORIENTED_EDGE('',*,*,#6160,.F.);
#6184 = ORIENTED_EDGE('',*,*,#5634,.F.);
#6185 = PLANE('',#6186);
#6186 = AXIS2_PLACEMENT_3D('',#6187,#6188,#6189);
#6187 = CARTESIAN_POINT('',(1.25,0.2,5.551115123126E-17));
#6188 = DIRECTION('',(-1.,-1.110223024625E-16,0.));
#6189 = DIRECTION('',(0.,0.,1.));
#6190 = ADVANCED_FACE('',(#6191),#6202,.F.);
#6191 = FACE_BOUND('',#6192,.F.);
#6192 = EDGE_LOOP('',(#6193,#6199,#6200,#6201));
#6193 = ORIENTED_EDGE('',*,*,#6194,.T.);
#6194 = EDGE_CURVE('',#5618,#5710,#6195,.T.);
#6195 = LINE('',#6196,#6197);
#6196 = CARTESIAN_POINT('',(1.089673570659,0.2,5.551115123126E-17));
#6197 = VECTOR('',#6198,1.);
#6198 = DIRECTION('',(1.110223024625E-16,-1.,0.));
#6199 = ORIENTED_EDGE('',*,*,#5718,.T.);
#6200 = ORIENTED_EDGE('',*,*,#6177,.F.);
#6201 = ORIENTED_EDGE('',*,*,#5626,.F.);
#6202 = PLANE('',#6203);
#6203 = AXIS2_PLACEMENT_3D('',#6204,#6205,#6206);
#6204 = CARTESIAN_POINT('',(1.089673570659,0.2,5.551115123126E-17));
#6205 = DIRECTION('',(0.,0.,1.));
#6206 = DIRECTION('',(1.,1.110223024625E-16,-0.));
#6207 = ADVANCED_FACE('',(#6208),#6214,.T.);
#6208 = FACE_BOUND('',#6209,.T.);
#6209 = EDGE_LOOP('',(#6210,#6211,#6212,#6213));
#6210 = ORIENTED_EDGE('',*,*,#5617,.T.);
#6211 = ORIENTED_EDGE('',*,*,#6194,.T.);
#6212 = ORIENTED_EDGE('',*,*,#5709,.F.);
#6213 = ORIENTED_EDGE('',*,*,#5691,.F.);
#6214 = CYLINDRICAL_SURFACE('',#6215,0.25);
#6215 = AXIS2_PLACEMENT_3D('',#6216,#6217,#6218);
#6216 = CARTESIAN_POINT('',(1.089673570659,0.2,0.25));
#6217 = DIRECTION('',(-1.110223024625E-16,1.,0.));
#6218 = DIRECTION('',(-0.984807753012,-1.093356242223E-16,
    -0.173648177667));
#6219 = ADVANCED_FACE('',(#6220),#6223,.F.);
#6220 = FACE_BOUND('',#6221,.T.);
#6221 = EDGE_LOOP('',(#6222));
#6222 = ORIENTED_EDGE('',*,*,#5837,.F.);
#6223 = PLANE('',#6224);
#6224 = AXIS2_PLACEMENT_3D('',#6225,#6226,#6227);
#6225 = CARTESIAN_POINT('',(-0.428243103516,1.228243103516,1.2));
#6226 = DIRECTION('',(0.,0.,-1.));
#6227 = DIRECTION('',(1.110223024625E-16,-1.,0.));
#6228 = ( GEOMETRIC_REPRESENTATION_CONTEXT(3) 
GLOBAL_UNCERTAINTY_ASSIGNED_CONTEXT((#6232)) 
GLOBAL_UNIT_ASSIGNED_CONTEXT((#6229,#6230,#6231)) REPRESENTATION_CONTEXT
('Context #1','3D Context with UNIT and UNCERTAINTY') );
#6229 = ( LENGTH_UNIT() NAMED_UNIT(*) SI_UNIT(.MILLI.,.METRE.) );
#6230 = ( NAMED_UNIT(*) PLANE_ANGLE_UNIT() SI_UNIT($,.RADIAN.) );
#6231 = ( NAMED_UNIT(*) SI_UNIT($,.STERADIAN.) SOLID_ANGLE_UNIT() );
#6232 = UNCERTAINTY_MEASURE_WITH_UNIT(LENGTH_MEASURE(1.E-07),#6229,
  'distance_accuracy_value','confusion accuracy');
#6233 = CONTEXT_DEPENDENT_SHAPE_REPRESENTATION(#6234,#6236);
#6234 = ( REPRESENTATION_RELATIONSHIP('','',#4245,#4222) 
REPRESENTATION_RELATIONSHIP_WITH_TRANSFORMATION(#6235) 
SHAPE_REPRESENTATION_RELATIONSHIP() );
#6235 = ITEM_DEFINED_TRANSFORMATION('','',#11,#4223);
#6236 = PRODUCT_DEFINITION_SHAPE('Placement','Placement of an item',
  #6237);
#6237 = NEXT_ASSEMBLY_USAGE_OCCURRENCE('3','=>[0:1:1:5]','',#4217,#4240,
  $);
#6238 = PRODUCT_RELATED_PRODUCT_CATEGORY('part',$,(#4242));
#6239 = SHAPE_DEFINITION_REPRESENTATION(#6240,#6246);
#6240 = PRODUCT_DEFINITION_SHAPE('','',#6241);
#6241 = PRODUCT_DEFINITION('design','',#6242,#6245);
#6242 = PRODUCT_DEFINITION_FORMATION('','',#6243);
#6243 = PRODUCT('openmotorbridge_pod_cartridge_pad',
  'openmotorbridge_pod_cartridge_pad','',(#6244));
#6244 = PRODUCT_CONTEXT('',#2,'mechanical');
#6245 = PRODUCT_DEFINITION_CONTEXT('part definition',#2,'design');
#6246 = SHAPE_REPRESENTATION('',(#11,#6247,#6339,#6431,#6523,#6615,#6707
    ),#6799);
#6247 = MANIFOLD_SOLID_BREP('',#6248);
#6248 = CLOSED_SHELL('',(#6249,#6282,#6302,#6322));
#6249 = ADVANCED_FACE('',(#6250),#6277,.T.);
#6250 = FACE_BOUND('',#6251,.F.);
#6251 = EDGE_LOOP('',(#6252,#6262,#6269,#6270));
#6252 = ORIENTED_EDGE('',*,*,#6253,.T.);
#6253 = EDGE_CURVE('',#6254,#6256,#6258,.T.);
#6254 = VERTEX_POINT('',#6255);
#6255 = CARTESIAN_POINT('',(104.575,-82.575,1.11));
#6256 = VERTEX_POINT('',#6257);
#6257 = CARTESIAN_POINT('',(104.575,-82.575,1.15));
#6258 = LINE('',#6259,#6260);
#6259 = CARTESIAN_POINT('',(104.575,-82.575,1.11));
#6260 = VECTOR('',#6261,1.);
#6261 = DIRECTION('',(0.,0.,1.));
#6262 = ORIENTED_EDGE('',*,*,#6263,.T.);
#6263 = EDGE_CURVE('',#6256,#6256,#6264,.T.);
#6264 = CIRCLE('',#6265,2.);
#6265 = AXIS2_PLACEMENT_3D('',#6266,#6267,#6268);
#6266 = CARTESIAN_POINT('',(102.575,-82.575,1.15));
#6267 = DIRECTION('',(0.,0.,1.));
#6268 = DIRECTION('',(1.,0.,-0.));
#6269 = ORIENTED_EDGE('',*,*,#6253,.F.);
#6270 = ORIENTED_EDGE('',*,*,#6271,.F.);
#6271 = EDGE_CURVE('',#6254,#6254,#6272,.T.);
#6272 = CIRCLE('',#6273,2.);
#6273 = AXIS2_PLACEMENT_3D('',#6274,#6275,#6276);
#6274 = CARTESIAN_POINT('',(102.575,-82.575,1.11));
#6275 = DIRECTION('',(0.,0.,1.));
#6276 = DIRECTION('',(1.,0.,-0.));
#6277 = CYLINDRICAL_SURFACE('',#6278,2.);
#6278 = AXIS2_PLACEMENT_3D('',#6279,#6280,#6281);
#6279 = CARTESIAN_POINT('',(102.575,-82.575,1.11));
#6280 = DIRECTION('',(-0.,-0.,-1.));
#6281 = DIRECTION('',(1.,0.,-0.));
#6282 = ADVANCED_FACE('',(#6283,#6286),#6297,.F.);
#6283 = FACE_BOUND('',#6284,.F.);
#6284 = EDGE_LOOP('',(#6285));
#6285 = ORIENTED_EDGE('',*,*,#6271,.T.);
#6286 = FACE_BOUND('',#6287,.F.);
#6287 = EDGE_LOOP('',(#6288));
#6288 = ORIENTED_EDGE('',*,*,#6289,.T.);
#6289 = EDGE_CURVE('',#6290,#6290,#6292,.T.);
#6290 = VERTEX_POINT('',#6291);
#6291 = CARTESIAN_POINT('',(102.575,-83.65,1.11));
#6292 = CIRCLE('',#6293,1.075);
#6293 = AXIS2_PLACEMENT_3D('',#6294,#6295,#6296);
#6294 = CARTESIAN_POINT('',(102.575,-82.575,1.11));
#6295 = DIRECTION('',(-0.,0.,-1.));
#6296 = DIRECTION('',(-0.,-1.,0.));
#6297 = PLANE('',#6298);
#6298 = AXIS2_PLACEMENT_3D('',#6299,#6300,#6301);
#6299 = CARTESIAN_POINT('',(0.,0.,1.11));
#6300 = DIRECTION('',(0.,0.,1.));
#6301 = DIRECTION('',(1.,0.,-0.));
#6302 = ADVANCED_FACE('',(#6303,#6306),#6317,.T.);
#6303 = FACE_BOUND('',#6304,.T.);
#6304 = EDGE_LOOP('',(#6305));
#6305 = ORIENTED_EDGE('',*,*,#6263,.T.);
#6306 = FACE_BOUND('',#6307,.T.);
#6307 = EDGE_LOOP('',(#6308));
#6308 = ORIENTED_EDGE('',*,*,#6309,.T.);
#6309 = EDGE_CURVE('',#6310,#6310,#6312,.T.);
#6310 = VERTEX_POINT('',#6311);
#6311 = CARTESIAN_POINT('',(102.575,-83.65,1.15));
#6312 = CIRCLE('',#6313,1.075);
#6313 = AXIS2_PLACEMENT_3D('',#6314,#6315,#6316);
#6314 = CARTESIAN_POINT('',(102.575,-82.575,1.15));
#6315 = DIRECTION('',(-0.,0.,-1.));
#6316 = DIRECTION('',(-0.,-1.,0.));
#6317 = PLANE('',#6318);
#6318 = AXIS2_PLACEMENT_3D('',#6319,#6320,#6321);
#6319 = CARTESIAN_POINT('',(0.,0.,1.15));
#6320 = DIRECTION('',(0.,0.,1.));
#6321 = DIRECTION('',(1.,0.,-0.));
#6322 = ADVANCED_FACE('',(#6323),#6334,.F.);
#6323 = FACE_BOUND('',#6324,.T.);
#6324 = EDGE_LOOP('',(#6325,#6326,#6332,#6333));
#6325 = ORIENTED_EDGE('',*,*,#6289,.T.);
#6326 = ORIENTED_EDGE('',*,*,#6327,.T.);
#6327 = EDGE_CURVE('',#6290,#6310,#6328,.T.);
#6328 = LINE('',#6329,#6330);
#6329 = CARTESIAN_POINT('',(102.575,-83.65,-4.6E-02));
#6330 = VECTOR('',#6331,1.);
#6331 = DIRECTION('',(0.,0.,1.));
#6332 = ORIENTED_EDGE('',*,*,#6309,.F.);
#6333 = ORIENTED_EDGE('',*,*,#6327,.F.);
#6334 = CYLINDRICAL_SURFACE('',#6335,1.075);
#6335 = AXIS2_PLACEMENT_3D('',#6336,#6337,#6338);
#6336 = CARTESIAN_POINT('',(102.575,-82.575,-4.6E-02));
#6337 = DIRECTION('',(-0.,-0.,-1.));
#6338 = DIRECTION('',(-0.,-1.,0.));
#6339 = MANIFOLD_SOLID_BREP('',#6340);
#6340 = CLOSED_SHELL('',(#6341,#6374,#6394,#6414));
#6341 = ADVANCED_FACE('',(#6342),#6369,.T.);
#6342 = FACE_BOUND('',#6343,.T.);
#6343 = EDGE_LOOP('',(#6344,#6354,#6361,#6362));
#6344 = ORIENTED_EDGE('',*,*,#6345,.T.);
#6345 = EDGE_CURVE('',#6346,#6348,#6350,.T.);
#6346 = VERTEX_POINT('',#6347);
#6347 = CARTESIAN_POINT('',(104.575,-82.575,0.));
#6348 = VERTEX_POINT('',#6349);
#6349 = CARTESIAN_POINT('',(104.575,-82.575,-4.E-02));
#6350 = LINE('',#6351,#6352);
#6351 = CARTESIAN_POINT('',(104.575,-82.575,0.));
#6352 = VECTOR('',#6353,1.);
#6353 = DIRECTION('',(0.,0.,-1.));
#6354 = ORIENTED_EDGE('',*,*,#6355,.T.);
#6355 = EDGE_CURVE('',#6348,#6348,#6356,.T.);
#6356 = CIRCLE('',#6357,2.);
#6357 = AXIS2_PLACEMENT_3D('',#6358,#6359,#6360);
#6358 = CARTESIAN_POINT('',(102.575,-82.575,-4.E-02));
#6359 = DIRECTION('',(0.,0.,1.));
#6360 = DIRECTION('',(1.,0.,-0.));
#6361 = ORIENTED_EDGE('',*,*,#6345,.F.);
#6362 = ORIENTED_EDGE('',*,*,#6363,.F.);
#6363 = EDGE_CURVE('',#6346,#6346,#6364,.T.);
#6364 = CIRCLE('',#6365,2.);
#6365 = AXIS2_PLACEMENT_3D('',#6366,#6367,#6368);
#6366 = CARTESIAN_POINT('',(102.575,-82.575,0.));
#6367 = DIRECTION('',(0.,0.,1.));
#6368 = DIRECTION('',(1.,0.,-0.));
#6369 = CYLINDRICAL_SURFACE('',#6370,2.);
#6370 = AXIS2_PLACEMENT_3D('',#6371,#6372,#6373);
#6371 = CARTESIAN_POINT('',(102.575,-82.575,0.));
#6372 = DIRECTION('',(0.,0.,1.));
#6373 = DIRECTION('',(1.,0.,-0.));
#6374 = ADVANCED_FACE('',(#6375,#6378),#6389,.F.);
#6375 = FACE_BOUND('',#6376,.F.);
#6376 = EDGE_LOOP('',(#6377));
#6377 = ORIENTED_EDGE('',*,*,#6363,.F.);
#6378 = FACE_BOUND('',#6379,.F.);
#6379 = EDGE_LOOP('',(#6380));
#6380 = ORIENTED_EDGE('',*,*,#6381,.F.);
#6381 = EDGE_CURVE('',#6382,#6382,#6384,.T.);
#6382 = VERTEX_POINT('',#6383);
#6383 = CARTESIAN_POINT('',(102.575,-83.65,0.));
#6384 = CIRCLE('',#6385,1.075);
#6385 = AXIS2_PLACEMENT_3D('',#6386,#6387,#6388);
#6386 = CARTESIAN_POINT('',(102.575,-82.575,0.));
#6387 = DIRECTION('',(-0.,0.,-1.));
#6388 = DIRECTION('',(-0.,-1.,0.));
#6389 = PLANE('',#6390);
#6390 = AXIS2_PLACEMENT_3D('',#6391,#6392,#6393);
#6391 = CARTESIAN_POINT('',(0.,0.,0.));
#6392 = DIRECTION('',(-0.,-0.,-1.));
#6393 = DIRECTION('',(-1.,0.,0.));
#6394 = ADVANCED_FACE('',(#6395,#6398),#6409,.T.);
#6395 = FACE_BOUND('',#6396,.T.);
#6396 = EDGE_LOOP('',(#6397));
#6397 = ORIENTED_EDGE('',*,*,#6355,.F.);
#6398 = FACE_BOUND('',#6399,.T.);
#6399 = EDGE_LOOP('',(#6400));
#6400 = ORIENTED_EDGE('',*,*,#6401,.F.);
#6401 = EDGE_CURVE('',#6402,#6402,#6404,.T.);
#6402 = VERTEX_POINT('',#6403);
#6403 = CARTESIAN_POINT('',(102.575,-83.65,-4.E-02));
#6404 = CIRCLE('',#6405,1.075);
#6405 = AXIS2_PLACEMENT_3D('',#6406,#6407,#6408);
#6406 = CARTESIAN_POINT('',(102.575,-82.575,-4.E-02));
#6407 = DIRECTION('',(-0.,0.,-1.));
#6408 = DIRECTION('',(-0.,-1.,0.));
#6409 = PLANE('',#6410);
#6410 = AXIS2_PLACEMENT_3D('',#6411,#6412,#6413);
#6411 = CARTESIAN_POINT('',(0.,0.,-4.E-02));
#6412 = DIRECTION('',(-0.,-0.,-1.));
#6413 = DIRECTION('',(-1.,0.,0.));
#6414 = ADVANCED_FACE('',(#6415),#6426,.F.);
#6415 = FACE_BOUND('',#6416,.T.);
#6416 = EDGE_LOOP('',(#6417,#6418,#6424,#6425));
#6417 = ORIENTED_EDGE('',*,*,#6401,.T.);
#6418 = ORIENTED_EDGE('',*,*,#6419,.T.);
#6419 = EDGE_CURVE('',#6402,#6382,#6420,.T.);
#6420 = LINE('',#6421,#6422);
#6421 = CARTESIAN_POINT('',(102.575,-83.65,-4.6E-02));
#6422 = VECTOR('',#6423,1.);
#6423 = DIRECTION('',(0.,0.,1.));
#6424 = ORIENTED_EDGE('',*,*,#6381,.F.);
#6425 = ORIENTED_EDGE('',*,*,#6419,.F.);
#6426 = CYLINDRICAL_SURFACE('',#6427,1.075);
#6427 = AXIS2_PLACEMENT_3D('',#6428,#6429,#6430);
#6428 = CARTESIAN_POINT('',(102.575,-82.575,-4.6E-02));
#6429 = DIRECTION('',(-0.,-0.,-1.));
#6430 = DIRECTION('',(-0.,-1.,0.));
#6431 = MANIFOLD_SOLID_BREP('',#6432);
#6432 = CLOSED_SHELL('',(#6433,#6466,#6486,#6506));
#6433 = ADVANCED_FACE('',(#6434),#6461,.T.);
#6434 = FACE_BOUND('',#6435,.F.);
#6435 = EDGE_LOOP('',(#6436,#6446,#6453,#6454));
#6436 = ORIENTED_EDGE('',*,*,#6437,.T.);
#6437 = EDGE_CURVE('',#6438,#6440,#6442,.T.);
#6438 = VERTEX_POINT('',#6439);
#6439 = CARTESIAN_POINT('',(102.575,-83.675,-4.E-02));
#6440 = VERTEX_POINT('',#6441);
#6441 = CARTESIAN_POINT('',(102.575,-83.675,1.15));
#6442 = LINE('',#6443,#6444);
#6443 = CARTESIAN_POINT('',(102.575,-83.675,-4.E-02));
#6444 = VECTOR('',#6445,1.);
#6445 = DIRECTION('',(0.,0.,1.));
#6446 = ORIENTED_EDGE('',*,*,#6447,.T.);
#6447 = EDGE_CURVE('',#6440,#6440,#6448,.T.);
#6448 = CIRCLE('',#6449,1.1);
#6449 = AXIS2_PLACEMENT_3D('',#6450,#6451,#6452);
#6450 = CARTESIAN_POINT('',(102.575,-82.575,1.15));
#6451 = DIRECTION('',(0.,-0.,1.));
#6452 = DIRECTION('',(1.2918958832E-14,-1.,-0.));
#6453 = ORIENTED_EDGE('',*,*,#6437,.F.);
#6454 = ORIENTED_EDGE('',*,*,#6455,.F.);
#6455 = EDGE_CURVE('',#6438,#6438,#6456,.T.);
#6456 = CIRCLE('',#6457,1.1);
#6457 = AXIS2_PLACEMENT_3D('',#6458,#6459,#6460);
#6458 = CARTESIAN_POINT('',(102.575,-82.575,-4.E-02));
#6459 = DIRECTION('',(0.,-0.,1.));
#6460 = DIRECTION('',(1.2918958832E-14,-1.,-0.));
#6461 = CYLINDRICAL_SURFACE('',#6462,1.1);
#6462 = AXIS2_PLACEMENT_3D('',#6463,#6464,#6465);
#6463 = CARTESIAN_POINT('',(102.575,-82.575,-4.E-02));
#6464 = DIRECTION('',(-0.,0.,-1.));
#6465 = DIRECTION('',(1.2918958832E-14,-1.,-0.));
#6466 = ADVANCED_FACE('',(#6467,#6470),#6481,.F.);
#6467 = FACE_BOUND('',#6468,.F.);
#6468 = EDGE_LOOP('',(#6469));
#6469 = ORIENTED_EDGE('',*,*,#6455,.T.);
#6470 = FACE_BOUND('',#6471,.F.);
#6471 = EDGE_LOOP('',(#6472));
#6472 = ORIENTED_EDGE('',*,*,#6473,.T.);
#6473 = EDGE_CURVE('',#6474,#6474,#6476,.T.);
#6474 = VERTEX_POINT('',#6475);
#6475 = CARTESIAN_POINT('',(102.575,-83.65,-4.E-02));
#6476 = CIRCLE('',#6477,1.075);
#6477 = AXIS2_PLACEMENT_3D('',#6478,#6479,#6480);
#6478 = CARTESIAN_POINT('',(102.575,-82.575,-4.E-02));
#6479 = DIRECTION('',(-0.,0.,-1.));
#6480 = DIRECTION('',(-0.,-1.,0.));
#6481 = PLANE('',#6482);
#6482 = AXIS2_PLACEMENT_3D('',#6483,#6484,#6485);
#6483 = CARTESIAN_POINT('',(102.575,-83.675,-4.E-02));
#6484 = DIRECTION('',(0.,0.,1.));
#6485 = DIRECTION('',(1.,0.,-0.));
#6486 = ADVANCED_FACE('',(#6487,#6490),#6501,.T.);
#6487 = FACE_BOUND('',#6488,.T.);
#6488 = EDGE_LOOP('',(#6489));
#6489 = ORIENTED_EDGE('',*,*,#6447,.T.);
#6490 = FACE_BOUND('',#6491,.T.);
#6491 = EDGE_LOOP('',(#6492));
#6492 = ORIENTED_EDGE('',*,*,#6493,.T.);
#6493 = EDGE_CURVE('',#6494,#6494,#6496,.T.);
#6494 = VERTEX_POINT('',#6495);
#6495 = CARTESIAN_POINT('',(102.575,-83.65,1.15));
#6496 = CIRCLE('',#6497,1.075);
#6497 = AXIS2_PLACEMENT_3D('',#6498,#6499,#6500);
#6498 = CARTESIAN_POINT('',(102.575,-82.575,1.15));
#6499 = DIRECTION('',(-0.,0.,-1.));
#6500 = DIRECTION('',(-0.,-1.,0.));
#6501 = PLANE('',#6502);
#6502 = AXIS2_PLACEMENT_3D('',#6503,#6504,#6505);
#6503 = CARTESIAN_POINT('',(102.575,-83.675,1.15));
#6504 = DIRECTION('',(0.,0.,1.));
#6505 = DIRECTION('',(1.,0.,-0.));
#6506 = ADVANCED_FACE('',(#6507),#6518,.F.);
#6507 = FACE_BOUND('',#6508,.T.);
#6508 = EDGE_LOOP('',(#6509,#6510,#6516,#6517));
#6509 = ORIENTED_EDGE('',*,*,#6473,.T.);
#6510 = ORIENTED_EDGE('',*,*,#6511,.T.);
#6511 = EDGE_CURVE('',#6474,#6494,#6512,.T.);
#6512 = LINE('',#6513,#6514);
#6513 = CARTESIAN_POINT('',(102.575,-83.65,-4.6E-02));
#6514 = VECTOR('',#6515,1.);
#6515 = DIRECTION('',(0.,0.,1.));
#6516 = ORIENTED_EDGE('',*,*,#6493,.F.);
#6517 = ORIENTED_EDGE('',*,*,#6511,.F.);
#6518 = CYLINDRICAL_SURFACE('',#6519,1.075);
#6519 = AXIS2_PLACEMENT_3D('',#6520,#6521,#6522);
#6520 = CARTESIAN_POINT('',(102.575,-82.575,-4.6E-02));
#6521 = DIRECTION('',(-0.,-0.,-1.));
#6522 = DIRECTION('',(-0.,-1.,0.));
#6523 = MANIFOLD_SOLID_BREP('',#6524);
#6524 = CLOSED_SHELL('',(#6525,#6558,#6578,#6598));
#6525 = ADVANCED_FACE('',(#6526),#6553,.T.);
#6526 = FACE_BOUND('',#6527,.F.);
#6527 = EDGE_LOOP('',(#6528,#6538,#6545,#6546));
#6528 = ORIENTED_EDGE('',*,*,#6529,.T.);
#6529 = EDGE_CURVE('',#6530,#6532,#6534,.T.);
#6530 = VERTEX_POINT('',#6531);
#6531 = CARTESIAN_POINT('',(134.575,-82.575,1.11));
#6532 = VERTEX_POINT('',#6533);
#6533 = CARTESIAN_POINT('',(134.575,-82.575,1.15));
#6534 = LINE('',#6535,#6536);
#6535 = CARTESIAN_POINT('',(134.575,-82.575,1.11));
#6536 = VECTOR('',#6537,1.);
#6537 = DIRECTION('',(0.,0.,1.));
#6538 = ORIENTED_EDGE('',*,*,#6539,.T.);
#6539 = EDGE_CURVE('',#6532,#6532,#6540,.T.);
#6540 = CIRCLE('',#6541,2.);
#6541 = AXIS2_PLACEMENT_3D('',#6542,#6543,#6544);
#6542 = CARTESIAN_POINT('',(132.575,-82.575,1.15));
#6543 = DIRECTION('',(0.,0.,1.));
#6544 = DIRECTION('',(1.,0.,-0.));
#6545 = ORIENTED_EDGE('',*,*,#6529,.F.);
#6546 = ORIENTED_EDGE('',*,*,#6547,.F.);
#6547 = EDGE_CURVE('',#6530,#6530,#6548,.T.);
#6548 = CIRCLE('',#6549,2.);
#6549 = AXIS2_PLACEMENT_3D('',#6550,#6551,#6552);
#6550 = CARTESIAN_POINT('',(132.575,-82.575,1.11));
#6551 = DIRECTION('',(0.,0.,1.));
#6552 = DIRECTION('',(1.,0.,-0.));
#6553 = CYLINDRICAL_SURFACE('',#6554,2.);
#6554 = AXIS2_PLACEMENT_3D('',#6555,#6556,#6557);
#6555 = CARTESIAN_POINT('',(132.575,-82.575,1.11));
#6556 = DIRECTION('',(-0.,-0.,-1.));
#6557 = DIRECTION('',(1.,0.,-0.));
#6558 = ADVANCED_FACE('',(#6559,#6562),#6573,.F.);
#6559 = FACE_BOUND('',#6560,.F.);
#6560 = EDGE_LOOP('',(#6561));
#6561 = ORIENTED_EDGE('',*,*,#6547,.T.);
#6562 = FACE_BOUND('',#6563,.F.);
#6563 = EDGE_LOOP('',(#6564));
#6564 = ORIENTED_EDGE('',*,*,#6565,.T.);
#6565 = EDGE_CURVE('',#6566,#6566,#6568,.T.);
#6566 = VERTEX_POINT('',#6567);
#6567 = CARTESIAN_POINT('',(132.575,-83.65,1.11));
#6568 = CIRCLE('',#6569,1.075);
#6569 = AXIS2_PLACEMENT_3D('',#6570,#6571,#6572);
#6570 = CARTESIAN_POINT('',(132.575,-82.575,1.11));
#6571 = DIRECTION('',(-0.,0.,-1.));
#6572 = DIRECTION('',(-0.,-1.,0.));
#6573 = PLANE('',#6574);
#6574 = AXIS2_PLACEMENT_3D('',#6575,#6576,#6577);
#6575 = CARTESIAN_POINT('',(0.,0.,1.11));
#6576 = DIRECTION('',(0.,0.,1.));
#6577 = DIRECTION('',(1.,0.,-0.));
#6578 = ADVANCED_FACE('',(#6579,#6582),#6593,.T.);
#6579 = FACE_BOUND('',#6580,.T.);
#6580 = EDGE_LOOP('',(#6581));
#6581 = ORIENTED_EDGE('',*,*,#6539,.T.);
#6582 = FACE_BOUND('',#6583,.T.);
#6583 = EDGE_LOOP('',(#6584));
#6584 = ORIENTED_EDGE('',*,*,#6585,.T.);
#6585 = EDGE_CURVE('',#6586,#6586,#6588,.T.);
#6586 = VERTEX_POINT('',#6587);
#6587 = CARTESIAN_POINT('',(132.575,-83.65,1.15));
#6588 = CIRCLE('',#6589,1.075);
#6589 = AXIS2_PLACEMENT_3D('',#6590,#6591,#6592);
#6590 = CARTESIAN_POINT('',(132.575,-82.575,1.15));
#6591 = DIRECTION('',(-0.,0.,-1.));
#6592 = DIRECTION('',(-0.,-1.,0.));
#6593 = PLANE('',#6594);
#6594 = AXIS2_PLACEMENT_3D('',#6595,#6596,#6597);
#6595 = CARTESIAN_POINT('',(0.,0.,1.15));
#6596 = DIRECTION('',(0.,0.,1.));
#6597 = DIRECTION('',(1.,0.,-0.));
#6598 = ADVANCED_FACE('',(#6599),#6610,.F.);
#6599 = FACE_BOUND('',#6600,.T.);
#6600 = EDGE_LOOP('',(#6601,#6602,#6608,#6609));
#6601 = ORIENTED_EDGE('',*,*,#6565,.T.);
#6602 = ORIENTED_EDGE('',*,*,#6603,.T.);
#6603 = EDGE_CURVE('',#6566,#6586,#6604,.T.);
#6604 = LINE('',#6605,#6606);
#6605 = CARTESIAN_POINT('',(132.575,-83.65,-4.6E-02));
#6606 = VECTOR('',#6607,1.);
#6607 = DIRECTION('',(0.,0.,1.));
#6608 = ORIENTED_EDGE('',*,*,#6585,.F.);
#6609 = ORIENTED_EDGE('',*,*,#6603,.F.);
#6610 = CYLINDRICAL_SURFACE('',#6611,1.075);
#6611 = AXIS2_PLACEMENT_3D('',#6612,#6613,#6614);
#6612 = CARTESIAN_POINT('',(132.575,-82.575,-4.6E-02));
#6613 = DIRECTION('',(-0.,-0.,-1.));
#6614 = DIRECTION('',(-0.,-1.,0.));
#6615 = MANIFOLD_SOLID_BREP('',#6616);
#6616 = CLOSED_SHELL('',(#6617,#6650,#6670,#6690));
#6617 = ADVANCED_FACE('',(#6618),#6645,.T.);
#6618 = FACE_BOUND('',#6619,.T.);
#6619 = EDGE_LOOP('',(#6620,#6630,#6637,#6638));
#6620 = ORIENTED_EDGE('',*,*,#6621,.T.);
#6621 = EDGE_CURVE('',#6622,#6624,#6626,.T.);
#6622 = VERTEX_POINT('',#6623);
#6623 = CARTESIAN_POINT('',(134.575,-82.575,0.));
#6624 = VERTEX_POINT('',#6625);
#6625 = CARTESIAN_POINT('',(134.575,-82.575,-4.E-02));
#6626 = LINE('',#6627,#6628);
#6627 = CARTESIAN_POINT('',(134.575,-82.575,0.));
#6628 = VECTOR('',#6629,1.);
#6629 = DIRECTION('',(0.,0.,-1.));
#6630 = ORIENTED_EDGE('',*,*,#6631,.T.);
#6631 = EDGE_CURVE('',#6624,#6624,#6632,.T.);
#6632 = CIRCLE('',#6633,2.);
#6633 = AXIS2_PLACEMENT_3D('',#6634,#6635,#6636);
#6634 = CARTESIAN_POINT('',(132.575,-82.575,-4.E-02));
#6635 = DIRECTION('',(0.,0.,1.));
#6636 = DIRECTION('',(1.,0.,-0.));
#6637 = ORIENTED_EDGE('',*,*,#6621,.F.);
#6638 = ORIENTED_EDGE('',*,*,#6639,.F.);
#6639 = EDGE_CURVE('',#6622,#6622,#6640,.T.);
#6640 = CIRCLE('',#6641,2.);
#6641 = AXIS2_PLACEMENT_3D('',#6642,#6643,#6644);
#6642 = CARTESIAN_POINT('',(132.575,-82.575,0.));
#6643 = DIRECTION('',(0.,0.,1.));
#6644 = DIRECTION('',(1.,0.,-0.));
#6645 = CYLINDRICAL_SURFACE('',#6646,2.);
#6646 = AXIS2_PLACEMENT_3D('',#6647,#6648,#6649);
#6647 = CARTESIAN_POINT('',(132.575,-82.575,0.));
#6648 = DIRECTION('',(0.,0.,1.));
#6649 = DIRECTION('',(1.,0.,-0.));
#6650 = ADVANCED_FACE('',(#6651,#6654),#6665,.F.);
#6651 = FACE_BOUND('',#6652,.F.);
#6652 = EDGE_LOOP('',(#6653));
#6653 = ORIENTED_EDGE('',*,*,#6639,.F.);
#6654 = FACE_BOUND('',#6655,.F.);
#6655 = EDGE_LOOP('',(#6656));
#6656 = ORIENTED_EDGE('',*,*,#6657,.F.);
#6657 = EDGE_CURVE('',#6658,#6658,#6660,.T.);
#6658 = VERTEX_POINT('',#6659);
#6659 = CARTESIAN_POINT('',(132.575,-83.65,0.));
#6660 = CIRCLE('',#6661,1.075);
#6661 = AXIS2_PLACEMENT_3D('',#6662,#6663,#6664);
#6662 = CARTESIAN_POINT('',(132.575,-82.575,0.));
#6663 = DIRECTION('',(-0.,0.,-1.));
#6664 = DIRECTION('',(-0.,-1.,0.));
#6665 = PLANE('',#6666);
#6666 = AXIS2_PLACEMENT_3D('',#6667,#6668,#6669);
#6667 = CARTESIAN_POINT('',(0.,0.,0.));
#6668 = DIRECTION('',(-0.,-0.,-1.));
#6669 = DIRECTION('',(-1.,0.,0.));
#6670 = ADVANCED_FACE('',(#6671,#6674),#6685,.T.);
#6671 = FACE_BOUND('',#6672,.T.);
#6672 = EDGE_LOOP('',(#6673));
#6673 = ORIENTED_EDGE('',*,*,#6631,.F.);
#6674 = FACE_BOUND('',#6675,.T.);
#6675 = EDGE_LOOP('',(#6676));
#6676 = ORIENTED_EDGE('',*,*,#6677,.F.);
#6677 = EDGE_CURVE('',#6678,#6678,#6680,.T.);
#6678 = VERTEX_POINT('',#6679);
#6679 = CARTESIAN_POINT('',(132.575,-83.65,-4.E-02));
#6680 = CIRCLE('',#6681,1.075);
#6681 = AXIS2_PLACEMENT_3D('',#6682,#6683,#6684);
#6682 = CARTESIAN_POINT('',(132.575,-82.575,-4.E-02));
#6683 = DIRECTION('',(-0.,0.,-1.));
#6684 = DIRECTION('',(-0.,-1.,0.));
#6685 = PLANE('',#6686);
#6686 = AXIS2_PLACEMENT_3D('',#6687,#6688,#6689);
#6687 = CARTESIAN_POINT('',(0.,0.,-4.E-02));
#6688 = DIRECTION('',(-0.,-0.,-1.));
#6689 = DIRECTION('',(-1.,0.,0.));
#6690 = ADVANCED_FACE('',(#6691),#6702,.F.);
#6691 = FACE_BOUND('',#6692,.T.);
#6692 = EDGE_LOOP('',(#6693,#6694,#6700,#6701));
#6693 = ORIENTED_EDGE('',*,*,#6677,.T.);
#6694 = ORIENTED_EDGE('',*,*,#6695,.T.);
#6695 = EDGE_CURVE('',#6678,#6658,#6696,.T.);
#6696 = LINE('',#6697,#6698);
#6697 = CARTESIAN_POINT('',(132.575,-83.65,-4.6E-02));
#6698 = VECTOR('',#6699,1.);
#6699 = DIRECTION('',(0.,0.,1.));
#6700 = ORIENTED_EDGE('',*,*,#6657,.F.);
#6701 = ORIENTED_EDGE('',*,*,#6695,.F.);
#6702 = CYLINDRICAL_SURFACE('',#6703,1.075);
#6703 = AXIS2_PLACEMENT_3D('',#6704,#6705,#6706);
#6704 = CARTESIAN_POINT('',(132.575,-82.575,-4.6E-02));
#6705 = DIRECTION('',(-0.,-0.,-1.));
#6706 = DIRECTION('',(-0.,-1.,0.));
#6707 = MANIFOLD_SOLID_BREP('',#6708);
#6708 = CLOSED_SHELL('',(#6709,#6742,#6762,#6782));
#6709 = ADVANCED_FACE('',(#6710),#6737,.T.);
#6710 = FACE_BOUND('',#6711,.F.);
#6711 = EDGE_LOOP('',(#6712,#6722,#6729,#6730));
#6712 = ORIENTED_EDGE('',*,*,#6713,.T.);
#6713 = EDGE_CURVE('',#6714,#6716,#6718,.T.);
#6714 = VERTEX_POINT('',#6715);
#6715 = CARTESIAN_POINT('',(132.575,-83.675,-4.E-02));
#6716 = VERTEX_POINT('',#6717);
#6717 = CARTESIAN_POINT('',(132.575,-83.675,1.15));
#6718 = LINE('',#6719,#6720);
#6719 = CARTESIAN_POINT('',(132.575,-83.675,-4.E-02));
#6720 = VECTOR('',#6721,1.);
#6721 = DIRECTION('',(0.,0.,1.));
#6722 = ORIENTED_EDGE('',*,*,#6723,.T.);
#6723 = EDGE_CURVE('',#6716,#6716,#6724,.T.);
#6724 = CIRCLE('',#6725,1.1);
#6725 = AXIS2_PLACEMENT_3D('',#6726,#6727,#6728);
#6726 = CARTESIAN_POINT('',(132.575,-82.575,1.15));
#6727 = DIRECTION('',(0.,0.,1.));
#6728 = DIRECTION('',(-0.,-1.,0.));
#6729 = ORIENTED_EDGE('',*,*,#6713,.F.);
#6730 = ORIENTED_EDGE('',*,*,#6731,.F.);
#6731 = EDGE_CURVE('',#6714,#6714,#6732,.T.);
#6732 = CIRCLE('',#6733,1.1);
#6733 = AXIS2_PLACEMENT_3D('',#6734,#6735,#6736);
#6734 = CARTESIAN_POINT('',(132.575,-82.575,-4.E-02));
#6735 = DIRECTION('',(0.,0.,1.));
#6736 = DIRECTION('',(-0.,-1.,0.));
#6737 = CYLINDRICAL_SURFACE('',#6738,1.1);
#6738 = AXIS2_PLACEMENT_3D('',#6739,#6740,#6741);
#6739 = CARTESIAN_POINT('',(132.575,-82.575,-4.E-02));
#6740 = DIRECTION('',(-0.,-0.,-1.));
#6741 = DIRECTION('',(-0.,-1.,0.));
#6742 = ADVANCED_FACE('',(#6743,#6746),#6757,.F.);
#6743 = FACE_BOUND('',#6744,.F.);
#6744 = EDGE_LOOP('',(#6745));
#6745 = ORIENTED_EDGE('',*,*,#6731,.T.);
#6746 = FACE_BOUND('',#6747,.F.);
#6747 = EDGE_LOOP('',(#6748));
#6748 = ORIENTED_EDGE('',*,*,#6749,.T.);
#6749 = EDGE_CURVE('',#6750,#6750,#6752,.T.);
#6750 = VERTEX_POINT('',#6751);
#6751 = CARTESIAN_POINT('',(132.575,-83.65,-4.E-02));
#6752 = CIRCLE('',#6753,1.075);
#6753 = AXIS2_PLACEMENT_3D('',#6754,#6755,#6756);
#6754 = CARTESIAN_POINT('',(132.575,-82.575,-4.E-02));
#6755 = DIRECTION('',(-0.,0.,-1.));
#6756 = DIRECTION('',(-0.,-1.,0.));
#6757 = PLANE('',#6758);
#6758 = AXIS2_PLACEMENT_3D('',#6759,#6760,#6761);
#6759 = CARTESIAN_POINT('',(132.575,-83.675,-4.E-02));
#6760 = DIRECTION('',(0.,0.,1.));
#6761 = DIRECTION('',(1.,0.,-0.));
#6762 = ADVANCED_FACE('',(#6763,#6766),#6777,.T.);
#6763 = FACE_BOUND('',#6764,.T.);
#6764 = EDGE_LOOP('',(#6765));
#6765 = ORIENTED_EDGE('',*,*,#6723,.T.);
#6766 = FACE_BOUND('',#6767,.T.);
#6767 = EDGE_LOOP('',(#6768));
#6768 = ORIENTED_EDGE('',*,*,#6769,.T.);
#6769 = EDGE_CURVE('',#6770,#6770,#6772,.T.);
#6770 = VERTEX_POINT('',#6771);
#6771 = CARTESIAN_POINT('',(132.575,-83.65,1.15));
#6772 = CIRCLE('',#6773,1.075);
#6773 = AXIS2_PLACEMENT_3D('',#6774,#6775,#6776);
#6774 = CARTESIAN_POINT('',(132.575,-82.575,1.15));
#6775 = DIRECTION('',(-0.,0.,-1.));
#6776 = DIRECTION('',(-0.,-1.,0.));
#6777 = PLANE('',#6778);
#6778 = AXIS2_PLACEMENT_3D('',#6779,#6780,#6781);
#6779 = CARTESIAN_POINT('',(132.575,-83.675,1.15));
#6780 = DIRECTION('',(0.,0.,1.));
#6781 = DIRECTION('',(1.,0.,-0.));
#6782 = ADVANCED_FACE('',(#6783),#6794,.F.);
#6783 = FACE_BOUND('',#6784,.T.);
#6784 = EDGE_LOOP('',(#6785,#6786,#6792,#6793));
#6785 = ORIENTED_EDGE('',*,*,#6749,.T.);
#6786 = ORIENTED_EDGE('',*,*,#6787,.T.);
#6787 = EDGE_CURVE('',#6750,#6770,#6788,.T.);
#6788 = LINE('',#6789,#6790);
#6789 = CARTESIAN_POINT('',(132.575,-83.65,-4.6E-02));
#6790 = VECTOR('',#6791,1.);
#6791 = DIRECTION('',(0.,0.,1.));
#6792 = ORIENTED_EDGE('',*,*,#6769,.F.);
#6793 = ORIENTED_EDGE('',*,*,#6787,.F.);
#6794 = CYLINDRICAL_SURFACE('',#6795,1.075);
#6795 = AXIS2_PLACEMENT_3D('',#6796,#6797,#6798);
#6796 = CARTESIAN_POINT('',(132.575,-82.575,-4.6E-02));
#6797 = DIRECTION('',(-0.,-0.,-1.));
#6798 = DIRECTION('',(-0.,-1.,0.));
#6799 = ( GEOMETRIC_REPRESENTATION_CONTEXT(3) 
GLOBAL_UNCERTAINTY_ASSIGNED_CONTEXT((#6803)) 
GLOBAL_UNIT_ASSIGNED_CONTEXT((#6800,#6801,#6802)) REPRESENTATION_CONTEXT
('Context #1','3D Context with UNIT and UNCERTAINTY') );
#6800 = ( LENGTH_UNIT() NAMED_UNIT(*) SI_UNIT(.MILLI.,.METRE.) );
#6801 = ( NAMED_UNIT(*) PLANE_ANGLE_UNIT() SI_UNIT($,.RADIAN.) );
#6802 = ( NAMED_UNIT(*) SI_UNIT($,.STERADIAN.) SOLID_ANGLE_UNIT() );
#6803 = UNCERTAINTY_MEASURE_WITH_UNIT(LENGTH_MEASURE(1.E-07),#6800,
  'distance_accuracy_value','confusion accuracy');
#6804 = CONTEXT_DEPENDENT_SHAPE_REPRESENTATION(#6805,#6807);
#6805 = ( REPRESENTATION_RELATIONSHIP('','',#6246,#10) 
REPRESENTATION_RELATIONSHIP_WITH_TRANSFORMATION(#6806) 
SHAPE_REPRESENTATION_RELATIONSHIP() );
#6806 = ITEM_DEFINED_TRANSFORMATION('','',#11,#23);
#6807 = PRODUCT_DEFINITION_SHAPE('Placement','Placement of an item',
  #6808);
#6808 = NEXT_ASSEMBLY_USAGE_OCCURRENCE('5','=>[0:1:1:6]','',#5,#6241,$);
#6809 = PRODUCT_RELATED_PRODUCT_CATEGORY('part',$,(#6243));
#6810 = SHAPE_DEFINITION_REPRESENTATION(#6811,#6817);
#6811 = PRODUCT_DEFINITION_SHAPE('','',#6812);
#6812 = PRODUCT_DEFINITION('design','',#6813,#6816);
#6813 = PRODUCT_DEFINITION_FORMATION('','',#6814);
#6814 = PRODUCT('openmotorbridge_pod_cartridge_soldermask',
  'openmotorbridge_pod_cartridge_soldermask','',(#6815));
#6815 = PRODUCT_CONTEXT('',#2,'mechanical');
#6816 = PRODUCT_DEFINITION_CONTEXT('part definition',#2,'design');
#6817 = MANIFOLD_SURFACE_SHAPE_REPRESENTATION('',(#11,#6818),#6982);
#6818 = SHELL_BASED_SURFACE_MODEL('',(#6819));
#6819 = OPEN_SHELL('',(#6820));
#6820 = ADVANCED_FACE('',(#6821,#6955,#6966),#6977,.T.);
#6821 = FACE_BOUND('',#6822,.F.);
#6822 = EDGE_LOOP('',(#6823,#6834,#6842,#6850,#6858,#6867,#6875,#6883,
    #6891,#6900,#6908,#6916,#6924,#6933,#6941,#6949));
#6823 = ORIENTED_EDGE('',*,*,#6824,.T.);
#6824 = EDGE_CURVE('',#6825,#6827,#6829,.T.);
#6825 = VERTEX_POINT('',#6826);
#6826 = CARTESIAN_POINT('',(100.078499,-71.932438,1.16));
#6827 = VERTEX_POINT('',#6828);
#6828 = CARTESIAN_POINT('',(101.932438,-70.078499,1.16));
#6829 = CIRCLE('',#6830,2.017124187696);
#6830 = AXIS2_PLACEMENT_3D('',#6831,#6832,#6833);
#6831 = CARTESIAN_POINT('',(102.08949919161,-72.08949919161,1.16));
#6832 = DIRECTION('',(0.,0.,-1.));
#6833 = DIRECTION('',(-0.996963996506,7.786391763743E-02,0.));
#6834 = ORIENTED_EDGE('',*,*,#6835,.T.);
#6835 = EDGE_CURVE('',#6827,#6836,#6838,.T.);
#6836 = VERTEX_POINT('',#6837);
#6837 = CARTESIAN_POINT('',(102.075,-70.075,1.16));
#6838 = LINE('',#6839,#6840);
#6839 = CARTESIAN_POINT('',(101.932438,-70.078499,1.16));
#6840 = VECTOR('',#6841,1.);
#6841 = DIRECTION('',(0.999698939227,2.453631815172E-02,0.));
#6842 = ORIENTED_EDGE('',*,*,#6843,.T.);
#6843 = EDGE_CURVE('',#6836,#6844,#6846,.T.);
#6844 = VERTEX_POINT('',#6845);
#6845 = CARTESIAN_POINT('',(133.075,-70.075,1.16));
#6846 = LINE('',#6847,#6848);
#6847 = CARTESIAN_POINT('',(102.075,-70.075,1.16));
#6848 = VECTOR('',#6849,1.);
#6849 = DIRECTION('',(1.,0.,0.));
#6850 = ORIENTED_EDGE('',*,*,#6851,.T.);
#6851 = EDGE_CURVE('',#6844,#6852,#6854,.T.);
#6852 = VERTEX_POINT('',#6853);
#6853 = CARTESIAN_POINT('',(133.217562,-70.078499,1.16));
#6854 = LINE('',#6855,#6856);
#6855 = CARTESIAN_POINT('',(133.075,-70.075,1.16));
#6856 = VECTOR('',#6857,1.);
#6857 = DIRECTION('',(0.999698939227,-2.453631815172E-02,0.));
#6858 = ORIENTED_EDGE('',*,*,#6859,.T.);
#6859 = EDGE_CURVE('',#6852,#6860,#6862,.T.);
#6860 = VERTEX_POINT('',#6861);
#6861 = CARTESIAN_POINT('',(135.071501,-71.932438,1.16));
#6862 = CIRCLE('',#6863,2.017124187696);
#6863 = AXIS2_PLACEMENT_3D('',#6864,#6865,#6866);
#6864 = CARTESIAN_POINT('',(133.06050080838,-72.08949919161,1.16));
#6865 = DIRECTION('',(0.,0.,-1.));
#6866 = DIRECTION('',(7.786391763742E-02,0.996963996506,0.));
#6867 = ORIENTED_EDGE('',*,*,#6868,.T.);
#6868 = EDGE_CURVE('',#6860,#6869,#6871,.T.);
#6869 = VERTEX_POINT('',#6870);
#6870 = CARTESIAN_POINT('',(135.075,-72.075,1.16));
#6871 = LINE('',#6872,#6873);
#6872 = CARTESIAN_POINT('',(135.071501,-71.932438,1.16));
#6873 = VECTOR('',#6874,1.);
#6874 = DIRECTION('',(2.453631815162E-02,-0.999698939227,0.));
#6875 = ORIENTED_EDGE('',*,*,#6876,.T.);
#6876 = EDGE_CURVE('',#6869,#6877,#6879,.T.);
#6877 = VERTEX_POINT('',#6878);
#6878 = CARTESIAN_POINT('',(135.075,-93.075,1.16));
#6879 = LINE('',#6880,#6881);
#6880 = CARTESIAN_POINT('',(135.075,-72.075,1.16));
#6881 = VECTOR('',#6882,1.);
#6882 = DIRECTION('',(0.,-1.,0.));
#6883 = ORIENTED_EDGE('',*,*,#6884,.T.);
#6884 = EDGE_CURVE('',#6877,#6885,#6887,.T.);
#6885 = VERTEX_POINT('',#6886);
#6886 = CARTESIAN_POINT('',(135.071501,-93.217562,1.16));
#6887 = LINE('',#6888,#6889);
#6888 = CARTESIAN_POINT('',(135.075,-93.075,1.16));
#6889 = VECTOR('',#6890,1.);
#6890 = DIRECTION('',(-2.453631815162E-02,-0.999698939227,0.));
#6891 = ORIENTED_EDGE('',*,*,#6892,.T.);
#6892 = EDGE_CURVE('',#6885,#6893,#6895,.T.);
#6893 = VERTEX_POINT('',#6894);
#6894 = CARTESIAN_POINT('',(133.217562,-95.071501,1.16));
#6895 = CIRCLE('',#6896,2.017124187696);
#6896 = AXIS2_PLACEMENT_3D('',#6897,#6898,#6899);
#6897 = CARTESIAN_POINT('',(133.06050080838,-93.06050080838,1.16));
#6898 = DIRECTION('',(0.,0.,-1.));
#6899 = DIRECTION('',(0.996963996506,-7.786391763742E-02,0.));
#6900 = ORIENTED_EDGE('',*,*,#6901,.T.);
#6901 = EDGE_CURVE('',#6893,#6902,#6904,.T.);
#6902 = VERTEX_POINT('',#6903);
#6903 = CARTESIAN_POINT('',(133.075,-95.075,1.16));
#6904 = LINE('',#6905,#6906);
#6905 = CARTESIAN_POINT('',(133.217562,-95.071501,1.16));
#6906 = VECTOR('',#6907,1.);
#6907 = DIRECTION('',(-0.999698939227,-2.453631815182E-02,0.));
#6908 = ORIENTED_EDGE('',*,*,#6909,.T.);
#6909 = EDGE_CURVE('',#6902,#6910,#6912,.T.);
#6910 = VERTEX_POINT('',#6911);
#6911 = CARTESIAN_POINT('',(102.075,-95.075,1.16));
#6912 = LINE('',#6913,#6914);
#6913 = CARTESIAN_POINT('',(133.075,-95.075,1.16));
#6914 = VECTOR('',#6915,1.);
#6915 = DIRECTION('',(-1.,0.,0.));
#6916 = ORIENTED_EDGE('',*,*,#6917,.T.);
#6917 = EDGE_CURVE('',#6910,#6918,#6920,.T.);
#6918 = VERTEX_POINT('',#6919);
#6919 = CARTESIAN_POINT('',(101.932438,-95.071501,1.16));
#6920 = LINE('',#6921,#6922);
#6921 = CARTESIAN_POINT('',(102.075,-95.075,1.16));
#6922 = VECTOR('',#6923,1.);
#6923 = DIRECTION('',(-0.999698939227,2.453631815182E-02,0.));
#6924 = ORIENTED_EDGE('',*,*,#6925,.T.);
#6925 = EDGE_CURVE('',#6918,#6926,#6928,.T.);
#6926 = VERTEX_POINT('',#6927);
#6927 = CARTESIAN_POINT('',(100.078499,-93.217562,1.16));
#6928 = CIRCLE('',#6929,2.017124187696);
#6929 = AXIS2_PLACEMENT_3D('',#6930,#6931,#6932);
#6930 = CARTESIAN_POINT('',(102.08949919161,-93.06050080838,1.16));
#6931 = DIRECTION('',(0.,0.,-1.));
#6932 = DIRECTION('',(-7.786391763742E-02,-0.996963996506,-0.));
#6933 = ORIENTED_EDGE('',*,*,#6934,.T.);
#6934 = EDGE_CURVE('',#6926,#6935,#6937,.T.);
#6935 = VERTEX_POINT('',#6936);
#6936 = CARTESIAN_POINT('',(100.075,-93.075,1.16));
#6937 = LINE('',#6938,#6939);
#6938 = CARTESIAN_POINT('',(100.078499,-93.217562,1.16));
#6939 = VECTOR('',#6940,1.);
#6940 = DIRECTION('',(-2.453631815172E-02,0.999698939227,0.));
#6941 = ORIENTED_EDGE('',*,*,#6942,.T.);
#6942 = EDGE_CURVE('',#6935,#6943,#6945,.T.);
#6943 = VERTEX_POINT('',#6944);
#6944 = CARTESIAN_POINT('',(100.075,-72.075,1.16));
#6945 = LINE('',#6946,#6947);
#6946 = CARTESIAN_POINT('',(100.075,-93.075,1.16));
#6947 = VECTOR('',#6948,1.);
#6948 = DIRECTION('',(0.,1.,0.));
#6949 = ORIENTED_EDGE('',*,*,#6950,.T.);
#6950 = EDGE_CURVE('',#6943,#6825,#6951,.T.);
#6951 = LINE('',#6952,#6953);
#6952 = CARTESIAN_POINT('',(100.075,-72.075,1.16));
#6953 = VECTOR('',#6954,1.);
#6954 = DIRECTION('',(2.453631815172E-02,0.999698939227,0.));
#6955 = FACE_BOUND('',#6956,.F.);
#6956 = EDGE_LOOP('',(#6957));
#6957 = ORIENTED_EDGE('',*,*,#6958,.T.);
#6958 = EDGE_CURVE('',#6959,#6959,#6961,.T.);
#6959 = VERTEX_POINT('',#6960);
#6960 = CARTESIAN_POINT('',(104.575,-82.575,1.16));
#6961 = CIRCLE('',#6962,2.);
#6962 = AXIS2_PLACEMENT_3D('',#6963,#6964,#6965);
#6963 = CARTESIAN_POINT('',(102.575,-82.575,1.16));
#6964 = DIRECTION('',(0.,0.,1.));
#6965 = DIRECTION('',(1.,0.,-0.));
#6966 = FACE_BOUND('',#6967,.F.);
#6967 = EDGE_LOOP('',(#6968));
#6968 = ORIENTED_EDGE('',*,*,#6969,.T.);
#6969 = EDGE_CURVE('',#6970,#6970,#6972,.T.);
#6970 = VERTEX_POINT('',#6971);
#6971 = CARTESIAN_POINT('',(134.575,-82.575,1.16));
#6972 = CIRCLE('',#6973,2.);
#6973 = AXIS2_PLACEMENT_3D('',#6974,#6975,#6976);
#6974 = CARTESIAN_POINT('',(132.575,-82.575,1.16));
#6975 = DIRECTION('',(0.,0.,1.));
#6976 = DIRECTION('',(1.,0.,-0.));
#6977 = PLANE('',#6978);
#6978 = AXIS2_PLACEMENT_3D('',#6979,#6980,#6981);
#6979 = CARTESIAN_POINT('',(0.,0.,1.16));
#6980 = DIRECTION('',(0.,0.,1.));
#6981 = DIRECTION('',(1.,0.,-0.));
#6982 = ( GEOMETRIC_REPRESENTATION_CONTEXT(3) 
GLOBAL_UNCERTAINTY_ASSIGNED_CONTEXT((#6986)) 
GLOBAL_UNIT_ASSIGNED_CONTEXT((#6983,#6984,#6985)) REPRESENTATION_CONTEXT
('Context #1','3D Context with UNIT and UNCERTAINTY') );
#6983 = ( LENGTH_UNIT() NAMED_UNIT(*) SI_UNIT(.MILLI.,.METRE.) );
#6984 = ( NAMED_UNIT(*) PLANE_ANGLE_UNIT() SI_UNIT($,.RADIAN.) );
#6985 = ( NAMED_UNIT(*) SI_UNIT($,.STERADIAN.) SOLID_ANGLE_UNIT() );
#6986 = UNCERTAINTY_MEASURE_WITH_UNIT(LENGTH_MEASURE(1.E-07),#6983,
  'distance_accuracy_value','confusion accuracy');
#6987 = CONTEXT_DEPENDENT_SHAPE_REPRESENTATION(#6988,#6990);
#6988 = ( REPRESENTATION_RELATIONSHIP('','',#6817,#10) 
REPRESENTATION_RELATIONSHIP_WITH_TRANSFORMATION(#6989) 
SHAPE_REPRESENTATION_RELATIONSHIP() );
#6989 = ITEM_DEFINED_TRANSFORMATION('','',#11,#27);
#6990 = PRODUCT_DEFINITION_SHAPE('Placement','Placement of an item',
  #6991);
#6991 = NEXT_ASSEMBLY_USAGE_OCCURRENCE('6','=>[0:1:1:7]','',#5,#6812,$);
#6992 = PRODUCT_RELATED_PRODUCT_CATEGORY('part',$,(#6814));
#6993 = SHAPE_DEFINITION_REPRESENTATION(#6994,#7000);
#6994 = PRODUCT_DEFINITION_SHAPE('','',#6995);
#6995 = PRODUCT_DEFINITION('design','',#6996,#6999);
#6996 = PRODUCT_DEFINITION_FORMATION('','',#6997);
#6997 = PRODUCT('openmotorbridge_pod_cartridge_soldermask',
  'openmotorbridge_pod_cartridge_soldermask','',(#6998));
#6998 = PRODUCT_CONTEXT('',#2,'mechanical');
#6999 = PRODUCT_DEFINITION_CONTEXT('part definition',#2,'design');
#7000 = MANIFOLD_SURFACE_SHAPE_REPRESENTATION('',(#11,#7001),#7165);
#7001 = SHELL_BASED_SURFACE_MODEL('',(#7002));
#7002 = OPEN_SHELL('',(#7003));
#7003 = ADVANCED_FACE('',(#7004,#7138,#7149),#7160,.T.);
#7004 = FACE_BOUND('',#7005,.T.);
#7005 = EDGE_LOOP('',(#7006,#7017,#7025,#7033,#7041,#7050,#7058,#7066,
    #7074,#7083,#7091,#7099,#7107,#7116,#7124,#7132));
#7006 = ORIENTED_EDGE('',*,*,#7007,.T.);
#7007 = EDGE_CURVE('',#7008,#7010,#7012,.T.);
#7008 = VERTEX_POINT('',#7009);
#7009 = CARTESIAN_POINT('',(100.078499,-71.932438,-5.E-02));
#7010 = VERTEX_POINT('',#7011);
#7011 = CARTESIAN_POINT('',(101.932438,-70.078499,-5.E-02));
#7012 = CIRCLE('',#7013,2.017124187696);
#7013 = AXIS2_PLACEMENT_3D('',#7014,#7015,#7016);
#7014 = CARTESIAN_POINT('',(102.08949919161,-72.08949919161,-5.E-02));
#7015 = DIRECTION('',(0.,0.,-1.));
#7016 = DIRECTION('',(-0.996963996506,7.786391763743E-02,0.));
#7017 = ORIENTED_EDGE('',*,*,#7018,.T.);
#7018 = EDGE_CURVE('',#7010,#7019,#7021,.T.);
#7019 = VERTEX_POINT('',#7020);
#7020 = CARTESIAN_POINT('',(102.075,-70.075,-5.E-02));
#7021 = LINE('',#7022,#7023);
#7022 = CARTESIAN_POINT('',(101.932438,-70.078499,-5.E-02));
#7023 = VECTOR('',#7024,1.);
#7024 = DIRECTION('',(0.999698939227,2.453631815172E-02,0.));
#7025 = ORIENTED_EDGE('',*,*,#7026,.T.);
#7026 = EDGE_CURVE('',#7019,#7027,#7029,.T.);
#7027 = VERTEX_POINT('',#7028);
#7028 = CARTESIAN_POINT('',(133.075,-70.075,-5.E-02));
#7029 = LINE('',#7030,#7031);
#7030 = CARTESIAN_POINT('',(102.075,-70.075,-5.E-02));
#7031 = VECTOR('',#7032,1.);
#7032 = DIRECTION('',(1.,0.,0.));
#7033 = ORIENTED_EDGE('',*,*,#7034,.T.);
#7034 = EDGE_CURVE('',#7027,#7035,#7037,.T.);
#7035 = VERTEX_POINT('',#7036);
#7036 = CARTESIAN_POINT('',(133.217562,-70.078499,-5.E-02));
#7037 = LINE('',#7038,#7039);
#7038 = CARTESIAN_POINT('',(133.075,-70.075,-5.E-02));
#7039 = VECTOR('',#7040,1.);
#7040 = DIRECTION('',(0.999698939227,-2.453631815172E-02,0.));
#7041 = ORIENTED_EDGE('',*,*,#7042,.T.);
#7042 = EDGE_CURVE('',#7035,#7043,#7045,.T.);
#7043 = VERTEX_POINT('',#7044);
#7044 = CARTESIAN_POINT('',(135.071501,-71.932438,-5.E-02));
#7045 = CIRCLE('',#7046,2.017124187696);
#7046 = AXIS2_PLACEMENT_3D('',#7047,#7048,#7049);
#7047 = CARTESIAN_POINT('',(133.06050080838,-72.08949919161,-5.E-02));
#7048 = DIRECTION('',(0.,0.,-1.));
#7049 = DIRECTION('',(7.786391763742E-02,0.996963996506,0.));
#7050 = ORIENTED_EDGE('',*,*,#7051,.T.);
#7051 = EDGE_CURVE('',#7043,#7052,#7054,.T.);
#7052 = VERTEX_POINT('',#7053);
#7053 = CARTESIAN_POINT('',(135.075,-72.075,-5.E-02));
#7054 = LINE('',#7055,#7056);
#7055 = CARTESIAN_POINT('',(135.071501,-71.932438,-5.E-02));
#7056 = VECTOR('',#7057,1.);
#7057 = DIRECTION('',(2.453631815162E-02,-0.999698939227,0.));
#7058 = ORIENTED_EDGE('',*,*,#7059,.T.);
#7059 = EDGE_CURVE('',#7052,#7060,#7062,.T.);
#7060 = VERTEX_POINT('',#7061);
#7061 = CARTESIAN_POINT('',(135.075,-93.075,-5.E-02));
#7062 = LINE('',#7063,#7064);
#7063 = CARTESIAN_POINT('',(135.075,-72.075,-5.E-02));
#7064 = VECTOR('',#7065,1.);
#7065 = DIRECTION('',(0.,-1.,0.));
#7066 = ORIENTED_EDGE('',*,*,#7067,.T.);
#7067 = EDGE_CURVE('',#7060,#7068,#7070,.T.);
#7068 = VERTEX_POINT('',#7069);
#7069 = CARTESIAN_POINT('',(135.071501,-93.217562,-5.E-02));
#7070 = LINE('',#7071,#7072);
#7071 = CARTESIAN_POINT('',(135.075,-93.075,-5.E-02));
#7072 = VECTOR('',#7073,1.);
#7073 = DIRECTION('',(-2.453631815162E-02,-0.999698939227,0.));
#7074 = ORIENTED_EDGE('',*,*,#7075,.T.);
#7075 = EDGE_CURVE('',#7068,#7076,#7078,.T.);
#7076 = VERTEX_POINT('',#7077);
#7077 = CARTESIAN_POINT('',(133.217562,-95.071501,-5.E-02));
#7078 = CIRCLE('',#7079,2.017124187696);
#7079 = AXIS2_PLACEMENT_3D('',#7080,#7081,#7082);
#7080 = CARTESIAN_POINT('',(133.06050080838,-93.06050080838,-5.E-02));
#7081 = DIRECTION('',(0.,0.,-1.));
#7082 = DIRECTION('',(0.996963996506,-7.786391763742E-02,0.));
#7083 = ORIENTED_EDGE('',*,*,#7084,.T.);
#7084 = EDGE_CURVE('',#7076,#7085,#7087,.T.);
#7085 = VERTEX_POINT('',#7086);
#7086 = CARTESIAN_POINT('',(133.075,-95.075,-5.E-02));
#7087 = LINE('',#7088,#7089);
#7088 = CARTESIAN_POINT('',(133.217562,-95.071501,-5.E-02));
#7089 = VECTOR('',#7090,1.);
#7090 = DIRECTION('',(-0.999698939227,-2.453631815182E-02,0.));
#7091 = ORIENTED_EDGE('',*,*,#7092,.T.);
#7092 = EDGE_CURVE('',#7085,#7093,#7095,.T.);
#7093 = VERTEX_POINT('',#7094);
#7094 = CARTESIAN_POINT('',(102.075,-95.075,-5.E-02));
#7095 = LINE('',#7096,#7097);
#7096 = CARTESIAN_POINT('',(133.075,-95.075,-5.E-02));
#7097 = VECTOR('',#7098,1.);
#7098 = DIRECTION('',(-1.,0.,0.));
#7099 = ORIENTED_EDGE('',*,*,#7100,.T.);
#7100 = EDGE_CURVE('',#7093,#7101,#7103,.T.);
#7101 = VERTEX_POINT('',#7102);
#7102 = CARTESIAN_POINT('',(101.932438,-95.071501,-5.E-02));
#7103 = LINE('',#7104,#7105);
#7104 = CARTESIAN_POINT('',(102.075,-95.075,-5.E-02));
#7105 = VECTOR('',#7106,1.);
#7106 = DIRECTION('',(-0.999698939227,2.453631815182E-02,0.));
#7107 = ORIENTED_EDGE('',*,*,#7108,.T.);
#7108 = EDGE_CURVE('',#7101,#7109,#7111,.T.);
#7109 = VERTEX_POINT('',#7110);
#7110 = CARTESIAN_POINT('',(100.078499,-93.217562,-5.E-02));
#7111 = CIRCLE('',#7112,2.017124187696);
#7112 = AXIS2_PLACEMENT_3D('',#7113,#7114,#7115);
#7113 = CARTESIAN_POINT('',(102.08949919161,-93.06050080838,-5.E-02));
#7114 = DIRECTION('',(0.,0.,-1.));
#7115 = DIRECTION('',(-7.786391763742E-02,-0.996963996506,-0.));
#7116 = ORIENTED_EDGE('',*,*,#7117,.T.);
#7117 = EDGE_CURVE('',#7109,#7118,#7120,.T.);
#7118 = VERTEX_POINT('',#7119);
#7119 = CARTESIAN_POINT('',(100.075,-93.075,-5.E-02));
#7120 = LINE('',#7121,#7122);
#7121 = CARTESIAN_POINT('',(100.078499,-93.217562,-5.E-02));
#7122 = VECTOR('',#7123,1.);
#7123 = DIRECTION('',(-2.453631815172E-02,0.999698939227,0.));
#7124 = ORIENTED_EDGE('',*,*,#7125,.T.);
#7125 = EDGE_CURVE('',#7118,#7126,#7128,.T.);
#7126 = VERTEX_POINT('',#7127);
#7127 = CARTESIAN_POINT('',(100.075,-72.075,-5.E-02));
#7128 = LINE('',#7129,#7130);
#7129 = CARTESIAN_POINT('',(100.075,-93.075,-5.E-02));
#7130 = VECTOR('',#7131,1.);
#7131 = DIRECTION('',(0.,1.,0.));
#7132 = ORIENTED_EDGE('',*,*,#7133,.T.);
#7133 = EDGE_CURVE('',#7126,#7008,#7134,.T.);
#7134 = LINE('',#7135,#7136);
#7135 = CARTESIAN_POINT('',(100.075,-72.075,-5.E-02));
#7136 = VECTOR('',#7137,1.);
#7137 = DIRECTION('',(2.453631815172E-02,0.999698939227,0.));
#7138 = FACE_BOUND('',#7139,.T.);
#7139 = EDGE_LOOP('',(#7140));
#7140 = ORIENTED_EDGE('',*,*,#7141,.T.);
#7141 = EDGE_CURVE('',#7142,#7142,#7144,.T.);
#7142 = VERTEX_POINT('',#7143);
#7143 = CARTESIAN_POINT('',(104.575,-82.575,-5.E-02));
#7144 = CIRCLE('',#7145,2.);
#7145 = AXIS2_PLACEMENT_3D('',#7146,#7147,#7148);
#7146 = CARTESIAN_POINT('',(102.575,-82.575,-5.E-02));
#7147 = DIRECTION('',(0.,0.,1.));
#7148 = DIRECTION('',(1.,0.,-0.));
#7149 = FACE_BOUND('',#7150,.T.);
#7150 = EDGE_LOOP('',(#7151));
#7151 = ORIENTED_EDGE('',*,*,#7152,.T.);
#7152 = EDGE_CURVE('',#7153,#7153,#7155,.T.);
#7153 = VERTEX_POINT('',#7154);
#7154 = CARTESIAN_POINT('',(134.575,-82.575,-5.E-02));
#7155 = CIRCLE('',#7156,2.);
#7156 = AXIS2_PLACEMENT_3D('',#7157,#7158,#7159);
#7157 = CARTESIAN_POINT('',(132.575,-82.575,-5.E-02));
#7158 = DIRECTION('',(0.,0.,1.));
#7159 = DIRECTION('',(1.,0.,-0.));
#7160 = PLANE('',#7161);
#7161 = AXIS2_PLACEMENT_3D('',#7162,#7163,#7164);
#7162 = CARTESIAN_POINT('',(0.,0.,-5.E-02));
#7163 = DIRECTION('',(-0.,-0.,-1.));
#7164 = DIRECTION('',(-1.,0.,0.));
#7165 = ( GEOMETRIC_REPRESENTATION_CONTEXT(3) 
GLOBAL_UNCERTAINTY_ASSIGNED_CONTEXT((#7169)) 
GLOBAL_UNIT_ASSIGNED_CONTEXT((#7166,#7167,#7168)) REPRESENTATION_CONTEXT
('Context #1','3D Context with UNIT and UNCERTAINTY') );
#7166 = ( LENGTH_UNIT() NAMED_UNIT(*) SI_UNIT(.MILLI.,.METRE.) );
#7167 = ( NAMED_UNIT(*) PLANE_ANGLE_UNIT() SI_UNIT($,.RADIAN.) );
#7168 = ( NAMED_UNIT(*) SI_UNIT($,.STERADIAN.) SOLID_ANGLE_UNIT() );
#7169 = UNCERTAINTY_MEASURE_WITH_UNIT(LENGTH_MEASURE(1.E-07),#7166,
  'distance_accuracy_value','confusion accuracy');
#7170 = CONTEXT_DEPENDENT_SHAPE_REPRESENTATION(#7171,#7173);
#7171 = ( REPRESENTATION_RELATIONSHIP('','',#7000,#10) 
REPRESENTATION_RELATIONSHIP_WITH_TRANSFORMATION(#7172) 
SHAPE_REPRESENTATION_RELATIONSHIP() );
#7172 = ITEM_DEFINED_TRANSFORMATION('','',#11,#31);
#7173 = PRODUCT_DEFINITION_SHAPE('Placement','Placement of an item',
  #7174);
#7174 = NEXT_ASSEMBLY_USAGE_OCCURRENCE('7','=>[0:1:1:8]','',#5,#6995,$);
#7175 = PRODUCT_RELATED_PRODUCT_CATEGORY('part',$,(#6997));
#7176 = SHAPE_DEFINITION_REPRESENTATION(#7177,#7183);
#7177 = PRODUCT_DEFINITION_SHAPE('','',#7178);
#7178 = PRODUCT_DEFINITION('design','',#7179,#7182);
#7179 = PRODUCT_DEFINITION_FORMATION('','',#7180);
#7180 = PRODUCT('openmotorbridge_pod_cartridge_PCB',
  'openmotorbridge_pod_cartridge_PCB','',(#7181));
#7181 = PRODUCT_CONTEXT('',#2,'mechanical');
#7182 = PRODUCT_DEFINITION_CONTEXT('part definition',#2,'design');
#7183 = ADVANCED_BREP_SHAPE_REPRESENTATION('',(#11,#7184),#7552);
#7184 = MANIFOLD_SOLID_BREP('',#7185);
#7185 = CLOSED_SHELL('',(#7186,#7228,#7259,#7290,#7364,#7438,#7455,#7472
    ,#7489,#7506,#7518,#7535));
#7186 = ADVANCED_FACE('',(#7187),#7223,.T.);
#7187 = FACE_BOUND('',#7188,.T.);
#7188 = EDGE_LOOP('',(#7189,#7199,#7208,#7216));
#7189 = ORIENTED_EDGE('',*,*,#7190,.T.);
#7190 = EDGE_CURVE('',#7191,#7193,#7195,.T.);
#7191 = VERTEX_POINT('',#7192);
#7192 = CARTESIAN_POINT('',(133.075,-70.075,0.));
#7193 = VERTEX_POINT('',#7194);
#7194 = CARTESIAN_POINT('',(133.075,-70.075,1.11));
#7195 = LINE('',#7196,#7197);
#7196 = CARTESIAN_POINT('',(133.075,-70.075,0.));
#7197 = VECTOR('',#7198,1.);
#7198 = DIRECTION('',(0.,0.,1.));
#7199 = ORIENTED_EDGE('',*,*,#7200,.T.);
#7200 = EDGE_CURVE('',#7193,#7201,#7203,.T.);
#7201 = VERTEX_POINT('',#7202);
#7202 = CARTESIAN_POINT('',(135.075,-72.075,1.11));
#7203 = CIRCLE('',#7204,2.014564466107);
#7204 = AXIS2_PLACEMENT_3D('',#7205,#7206,#7207);
#7205 = CARTESIAN_POINT('',(133.06048780487,-72.08951219512,1.11));
#7206 = DIRECTION('',(0.,0.,-1.));
#7207 = DIRECTION('',(7.203638983046E-03,0.999974053456,0.));
#7208 = ORIENTED_EDGE('',*,*,#7209,.F.);
#7209 = EDGE_CURVE('',#7210,#7201,#7212,.T.);
#7210 = VERTEX_POINT('',#7211);
#7211 = CARTESIAN_POINT('',(135.075,-72.075,0.));
#7212 = LINE('',#7213,#7214);
#7213 = CARTESIAN_POINT('',(135.075,-72.075,0.));
#7214 = VECTOR('',#7215,1.);
#7215 = DIRECTION('',(0.,0.,1.));
#7216 = ORIENTED_EDGE('',*,*,#7217,.F.);
#7217 = EDGE_CURVE('',#7191,#7210,#7218,.T.);
#7218 = CIRCLE('',#7219,2.014564466107);
#7219 = AXIS2_PLACEMENT_3D('',#7220,#7221,#7222);
#7220 = CARTESIAN_POINT('',(133.06048780487,-72.08951219512,0.));
#7221 = DIRECTION('',(0.,0.,-1.));
#7222 = DIRECTION('',(7.203638983046E-03,0.999974053456,0.));
#7223 = CYLINDRICAL_SURFACE('',#7224,2.014564466107);
#7224 = AXIS2_PLACEMENT_3D('',#7225,#7226,#7227);
#7225 = CARTESIAN_POINT('',(133.06048780487,-72.08951219512,0.));
#7226 = DIRECTION('',(0.,0.,-1.));
#7227 = DIRECTION('',(7.203638983046E-03,0.999974053456,0.));
#7228 = ADVANCED_FACE('',(#7229),#7254,.T.);
#7229 = FACE_BOUND('',#7230,.T.);
#7230 = EDGE_LOOP('',(#7231,#7241,#7247,#7248));
#7231 = ORIENTED_EDGE('',*,*,#7232,.T.);
#7232 = EDGE_CURVE('',#7233,#7235,#7237,.T.);
#7233 = VERTEX_POINT('',#7234);
#7234 = CARTESIAN_POINT('',(102.075,-70.075,0.));
#7235 = VERTEX_POINT('',#7236);
#7236 = CARTESIAN_POINT('',(102.075,-70.075,1.11));
#7237 = LINE('',#7238,#7239);
#7238 = CARTESIAN_POINT('',(102.075,-70.075,0.));
#7239 = VECTOR('',#7240,1.);
#7240 = DIRECTION('',(0.,0.,1.));
#7241 = ORIENTED_EDGE('',*,*,#7242,.T.);
#7242 = EDGE_CURVE('',#7235,#7193,#7243,.T.);
#7243 = LINE('',#7244,#7245);
#7244 = CARTESIAN_POINT('',(102.075,-70.075,1.11));
#7245 = VECTOR('',#7246,1.);
#7246 = DIRECTION('',(1.,0.,0.));
#7247 = ORIENTED_EDGE('',*,*,#7190,.F.);
#7248 = ORIENTED_EDGE('',*,*,#7249,.F.);
#7249 = EDGE_CURVE('',#7233,#7191,#7250,.T.);
#7250 = LINE('',#7251,#7252);
#7251 = CARTESIAN_POINT('',(102.075,-70.075,0.));
#7252 = VECTOR('',#7253,1.);
#7253 = DIRECTION('',(1.,0.,0.));
#7254 = PLANE('',#7255);
#7255 = AXIS2_PLACEMENT_3D('',#7256,#7257,#7258);
#7256 = CARTESIAN_POINT('',(102.075,-70.075,0.));
#7257 = DIRECTION('',(0.,1.,0.));
#7258 = DIRECTION('',(1.,0.,0.));
#7259 = ADVANCED_FACE('',(#7260),#7285,.T.);
#7260 = FACE_BOUND('',#7261,.T.);
#7261 = EDGE_LOOP('',(#7262,#7263,#7271,#7279));
#7262 = ORIENTED_EDGE('',*,*,#7209,.T.);
#7263 = ORIENTED_EDGE('',*,*,#7264,.T.);
#7264 = EDGE_CURVE('',#7201,#7265,#7267,.T.);
#7265 = VERTEX_POINT('',#7266);
#7266 = CARTESIAN_POINT('',(135.075,-93.075,1.11));
#7267 = LINE('',#7268,#7269);
#7268 = CARTESIAN_POINT('',(135.075,-72.075,1.11));
#7269 = VECTOR('',#7270,1.);
#7270 = DIRECTION('',(0.,-1.,0.));
#7271 = ORIENTED_EDGE('',*,*,#7272,.F.);
#7272 = EDGE_CURVE('',#7273,#7265,#7275,.T.);
#7273 = VERTEX_POINT('',#7274);
#7274 = CARTESIAN_POINT('',(135.075,-93.075,0.));
#7275 = LINE('',#7276,#7277);
#7276 = CARTESIAN_POINT('',(135.075,-93.075,0.));
#7277 = VECTOR('',#7278,1.);
#7278 = DIRECTION('',(0.,0.,1.));
#7279 = ORIENTED_EDGE('',*,*,#7280,.F.);
#7280 = EDGE_CURVE('',#7210,#7273,#7281,.T.);
#7281 = LINE('',#7282,#7283);
#7282 = CARTESIAN_POINT('',(135.075,-72.075,0.));
#7283 = VECTOR('',#7284,1.);
#7284 = DIRECTION('',(0.,-1.,0.));
#7285 = PLANE('',#7286);
#7286 = AXIS2_PLACEMENT_3D('',#7287,#7288,#7289);
#7287 = CARTESIAN_POINT('',(135.075,-72.075,0.));
#7288 = DIRECTION('',(1.,0.,-0.));
#7289 = DIRECTION('',(0.,-1.,0.));
#7290 = ADVANCED_FACE('',(#7291,#7337,#7348),#7359,.F.);
#7291 = FACE_BOUND('',#7292,.F.);
#7292 = EDGE_LOOP('',(#7293,#7294,#7295,#7304,#7312,#7321,#7329,#7336));
#7293 = ORIENTED_EDGE('',*,*,#7217,.F.);
#7294 = ORIENTED_EDGE('',*,*,#7249,.F.);
#7295 = ORIENTED_EDGE('',*,*,#7296,.F.);
#7296 = EDGE_CURVE('',#7297,#7233,#7299,.T.);
#7297 = VERTEX_POINT('',#7298);
#7298 = CARTESIAN_POINT('',(100.075,-72.075,0.));
#7299 = CIRCLE('',#7300,2.014564466107);
#7300 = AXIS2_PLACEMENT_3D('',#7301,#7302,#7303);
#7301 = CARTESIAN_POINT('',(102.08951219512,-72.08951219512,0.));
#7302 = DIRECTION('',(0.,0.,-1.));
#7303 = DIRECTION('',(-0.999974053456,7.203638983074E-03,0.));
#7304 = ORIENTED_EDGE('',*,*,#7305,.F.);
#7305 = EDGE_CURVE('',#7306,#7297,#7308,.T.);
#7306 = VERTEX_POINT('',#7307);
#7307 = CARTESIAN_POINT('',(100.075,-93.075,0.));
#7308 = LINE('',#7309,#7310);
#7309 = CARTESIAN_POINT('',(100.075,-93.075,0.));
#7310 = VECTOR('',#7311,1.);
#7311 = DIRECTION('',(0.,1.,0.));
#7312 = ORIENTED_EDGE('',*,*,#7313,.F.);
#7313 = EDGE_CURVE('',#7314,#7306,#7316,.T.);
#7314 = VERTEX_POINT('',#7315);
#7315 = CARTESIAN_POINT('',(102.075,-95.075,0.));
#7316 = CIRCLE('',#7317,2.014564466107);
#7317 = AXIS2_PLACEMENT_3D('',#7318,#7319,#7320);
#7318 = CARTESIAN_POINT('',(102.08951219512,-93.06048780487,0.));
#7319 = DIRECTION('',(0.,0.,-1.));
#7320 = DIRECTION('',(-7.203638983074E-03,-0.999974053456,-0.));
#7321 = ORIENTED_EDGE('',*,*,#7322,.F.);
#7322 = EDGE_CURVE('',#7323,#7314,#7325,.T.);
#7323 = VERTEX_POINT('',#7324);
#7324 = CARTESIAN_POINT('',(133.075,-95.075,0.));
#7325 = LINE('',#7326,#7327);
#7326 = CARTESIAN_POINT('',(133.075,-95.075,0.));
#7327 = VECTOR('',#7328,1.);
#7328 = DIRECTION('',(-1.,0.,0.));
#7329 = ORIENTED_EDGE('',*,*,#7330,.F.);
#7330 = EDGE_CURVE('',#7273,#7323,#7331,.T.);
#7331 = CIRCLE('',#7332,2.014564466107);
#7332 = AXIS2_PLACEMENT_3D('',#7333,#7334,#7335);
#7333 = CARTESIAN_POINT('',(133.06048780487,-93.06048780487,0.));
#7334 = DIRECTION('',(0.,0.,-1.));
#7335 = DIRECTION('',(0.999974053456,-7.203638983046E-03,0.));
#7336 = ORIENTED_EDGE('',*,*,#7280,.F.);
#7337 = FACE_BOUND('',#7338,.F.);
#7338 = EDGE_LOOP('',(#7339));
#7339 = ORIENTED_EDGE('',*,*,#7340,.T.);
#7340 = EDGE_CURVE('',#7341,#7341,#7343,.T.);
#7341 = VERTEX_POINT('',#7342);
#7342 = CARTESIAN_POINT('',(102.575,-83.675,0.));
#7343 = CIRCLE('',#7344,1.1);
#7344 = AXIS2_PLACEMENT_3D('',#7345,#7346,#7347);
#7345 = CARTESIAN_POINT('',(102.575,-82.575,0.));
#7346 = DIRECTION('',(-0.,0.,-1.));
#7347 = DIRECTION('',(1.2918958832E-14,-1.,-0.));
#7348 = FACE_BOUND('',#7349,.F.);
#7349 = EDGE_LOOP('',(#7350));
#7350 = ORIENTED_EDGE('',*,*,#7351,.T.);
#7351 = EDGE_CURVE('',#7352,#7352,#7354,.T.);
#7352 = VERTEX_POINT('',#7353);
#7353 = CARTESIAN_POINT('',(132.575,-83.675,0.));
#7354 = CIRCLE('',#7355,1.1);
#7355 = AXIS2_PLACEMENT_3D('',#7356,#7357,#7358);
#7356 = CARTESIAN_POINT('',(132.575,-82.575,0.));
#7357 = DIRECTION('',(-0.,0.,-1.));
#7358 = DIRECTION('',(-0.,-1.,0.));
#7359 = PLANE('',#7360);
#7360 = AXIS2_PLACEMENT_3D('',#7361,#7362,#7363);
#7361 = CARTESIAN_POINT('',(0.,0.,0.));
#7362 = DIRECTION('',(0.,0.,1.));
#7363 = DIRECTION('',(1.,0.,-0.));
#7364 = ADVANCED_FACE('',(#7365,#7411,#7422),#7433,.T.);
#7365 = FACE_BOUND('',#7366,.T.);
#7366 = EDGE_LOOP('',(#7367,#7368,#7369,#7378,#7386,#7395,#7403,#7410));
#7367 = ORIENTED_EDGE('',*,*,#7200,.F.);
#7368 = ORIENTED_EDGE('',*,*,#7242,.F.);
#7369 = ORIENTED_EDGE('',*,*,#7370,.F.);
#7370 = EDGE_CURVE('',#7371,#7235,#7373,.T.);
#7371 = VERTEX_POINT('',#7372);
#7372 = CARTESIAN_POINT('',(100.075,-72.075,1.11));
#7373 = CIRCLE('',#7374,2.014564466107);
#7374 = AXIS2_PLACEMENT_3D('',#7375,#7376,#7377);
#7375 = CARTESIAN_POINT('',(102.08951219512,-72.08951219512,1.11));
#7376 = DIRECTION('',(0.,0.,-1.));
#7377 = DIRECTION('',(-0.999974053456,7.203638983074E-03,0.));
#7378 = ORIENTED_EDGE('',*,*,#7379,.F.);
#7379 = EDGE_CURVE('',#7380,#7371,#7382,.T.);
#7380 = VERTEX_POINT('',#7381);
#7381 = CARTESIAN_POINT('',(100.075,-93.075,1.11));
#7382 = LINE('',#7383,#7384);
#7383 = CARTESIAN_POINT('',(100.075,-93.075,1.11));
#7384 = VECTOR('',#7385,1.);
#7385 = DIRECTION('',(0.,1.,0.));
#7386 = ORIENTED_EDGE('',*,*,#7387,.F.);
#7387 = EDGE_CURVE('',#7388,#7380,#7390,.T.);
#7388 = VERTEX_POINT('',#7389);
#7389 = CARTESIAN_POINT('',(102.075,-95.075,1.11));
#7390 = CIRCLE('',#7391,2.014564466107);
#7391 = AXIS2_PLACEMENT_3D('',#7392,#7393,#7394);
#7392 = CARTESIAN_POINT('',(102.08951219512,-93.06048780487,1.11));
#7393 = DIRECTION('',(0.,0.,-1.));
#7394 = DIRECTION('',(-7.203638983074E-03,-0.999974053456,-0.));
#7395 = ORIENTED_EDGE('',*,*,#7396,.F.);
#7396 = EDGE_CURVE('',#7397,#7388,#7399,.T.);
#7397 = VERTEX_POINT('',#7398);
#7398 = CARTESIAN_POINT('',(133.075,-95.075,1.11));
#7399 = LINE('',#7400,#7401);
#7400 = CARTESIAN_POINT('',(133.075,-95.075,1.11));
#7401 = VECTOR('',#7402,1.);
#7402 = DIRECTION('',(-1.,0.,0.));
#7403 = ORIENTED_EDGE('',*,*,#7404,.F.);
#7404 = EDGE_CURVE('',#7265,#7397,#7405,.T.);
#7405 = CIRCLE('',#7406,2.014564466107);
#7406 = AXIS2_PLACEMENT_3D('',#7407,#7408,#7409);
#7407 = CARTESIAN_POINT('',(133.06048780487,-93.06048780487,1.11));
#7408 = DIRECTION('',(0.,0.,-1.));
#7409 = DIRECTION('',(0.999974053456,-7.203638983046E-03,0.));
#7410 = ORIENTED_EDGE('',*,*,#7264,.F.);
#7411 = FACE_BOUND('',#7412,.T.);
#7412 = EDGE_LOOP('',(#7413));
#7413 = ORIENTED_EDGE('',*,*,#7414,.T.);
#7414 = EDGE_CURVE('',#7415,#7415,#7417,.T.);
#7415 = VERTEX_POINT('',#7416);
#7416 = CARTESIAN_POINT('',(102.575,-83.675,1.11));
#7417 = CIRCLE('',#7418,1.1);
#7418 = AXIS2_PLACEMENT_3D('',#7419,#7420,#7421);
#7419 = CARTESIAN_POINT('',(102.575,-82.575,1.11));
#7420 = DIRECTION('',(-0.,0.,-1.));
#7421 = DIRECTION('',(1.2918958832E-14,-1.,-0.));
#7422 = FACE_BOUND('',#7423,.T.);
#7423 = EDGE_LOOP('',(#7424));
#7424 = ORIENTED_EDGE('',*,*,#7425,.T.);
#7425 = EDGE_CURVE('',#7426,#7426,#7428,.T.);
#7426 = VERTEX_POINT('',#7427);
#7427 = CARTESIAN_POINT('',(132.575,-83.675,1.11));
#7428 = CIRCLE('',#7429,1.1);
#7429 = AXIS2_PLACEMENT_3D('',#7430,#7431,#7432);
#7430 = CARTESIAN_POINT('',(132.575,-82.575,1.11));
#7431 = DIRECTION('',(-0.,0.,-1.));
#7432 = DIRECTION('',(-0.,-1.,0.));
#7433 = PLANE('',#7434);
#7434 = AXIS2_PLACEMENT_3D('',#7435,#7436,#7437);
#7435 = CARTESIAN_POINT('',(0.,0.,1.11));
#7436 = DIRECTION('',(0.,0.,1.));
#7437 = DIRECTION('',(1.,0.,-0.));
#7438 = ADVANCED_FACE('',(#7439),#7450,.T.);
#7439 = FACE_BOUND('',#7440,.T.);
#7440 = EDGE_LOOP('',(#7441,#7447,#7448,#7449));
#7441 = ORIENTED_EDGE('',*,*,#7442,.T.);
#7442 = EDGE_CURVE('',#7297,#7371,#7443,.T.);
#7443 = LINE('',#7444,#7445);
#7444 = CARTESIAN_POINT('',(100.075,-72.075,0.));
#7445 = VECTOR('',#7446,1.);
#7446 = DIRECTION('',(0.,0.,1.));
#7447 = ORIENTED_EDGE('',*,*,#7370,.T.);
#7448 = ORIENTED_EDGE('',*,*,#7232,.F.);
#7449 = ORIENTED_EDGE('',*,*,#7296,.F.);
#7450 = CYLINDRICAL_SURFACE('',#7451,2.014564466107);
#7451 = AXIS2_PLACEMENT_3D('',#7452,#7453,#7454);
#7452 = CARTESIAN_POINT('',(102.08951219512,-72.08951219512,0.));
#7453 = DIRECTION('',(0.,0.,-1.));
#7454 = DIRECTION('',(-0.999974053456,7.203638983074E-03,0.));
#7455 = ADVANCED_FACE('',(#7456),#7467,.T.);
#7456 = FACE_BOUND('',#7457,.T.);
#7457 = EDGE_LOOP('',(#7458,#7459,#7460,#7466));
#7458 = ORIENTED_EDGE('',*,*,#7272,.T.);
#7459 = ORIENTED_EDGE('',*,*,#7404,.T.);
#7460 = ORIENTED_EDGE('',*,*,#7461,.F.);
#7461 = EDGE_CURVE('',#7323,#7397,#7462,.T.);
#7462 = LINE('',#7463,#7464);
#7463 = CARTESIAN_POINT('',(133.075,-95.075,0.));
#7464 = VECTOR('',#7465,1.);
#7465 = DIRECTION('',(0.,0.,1.));
#7466 = ORIENTED_EDGE('',*,*,#7330,.F.);
#7467 = CYLINDRICAL_SURFACE('',#7468,2.014564466107);
#7468 = AXIS2_PLACEMENT_3D('',#7469,#7470,#7471);
#7469 = CARTESIAN_POINT('',(133.06048780487,-93.06048780487,0.));
#7470 = DIRECTION('',(0.,0.,-1.));
#7471 = DIRECTION('',(0.999974053456,-7.203638983046E-03,0.));
#7472 = ADVANCED_FACE('',(#7473),#7484,.T.);
#7473 = FACE_BOUND('',#7474,.T.);
#7474 = EDGE_LOOP('',(#7475,#7481,#7482,#7483));
#7475 = ORIENTED_EDGE('',*,*,#7476,.T.);
#7476 = EDGE_CURVE('',#7306,#7380,#7477,.T.);
#7477 = LINE('',#7478,#7479);
#7478 = CARTESIAN_POINT('',(100.075,-93.075,0.));
#7479 = VECTOR('',#7480,1.);
#7480 = DIRECTION('',(0.,0.,1.));
#7481 = ORIENTED_EDGE('',*,*,#7379,.T.);
#7482 = ORIENTED_EDGE('',*,*,#7442,.F.);
#7483 = ORIENTED_EDGE('',*,*,#7305,.F.);
#7484 = PLANE('',#7485);
#7485 = AXIS2_PLACEMENT_3D('',#7486,#7487,#7488);
#7486 = CARTESIAN_POINT('',(100.075,-93.075,0.));
#7487 = DIRECTION('',(-1.,0.,0.));
#7488 = DIRECTION('',(0.,1.,0.));
#7489 = ADVANCED_FACE('',(#7490),#7501,.T.);
#7490 = FACE_BOUND('',#7491,.T.);
#7491 = EDGE_LOOP('',(#7492,#7493,#7494,#7500));
#7492 = ORIENTED_EDGE('',*,*,#7461,.T.);
#7493 = ORIENTED_EDGE('',*,*,#7396,.T.);
#7494 = ORIENTED_EDGE('',*,*,#7495,.F.);
#7495 = EDGE_CURVE('',#7314,#7388,#7496,.T.);
#7496 = LINE('',#7497,#7498);
#7497 = CARTESIAN_POINT('',(102.075,-95.075,0.));
#7498 = VECTOR('',#7499,1.);
#7499 = DIRECTION('',(0.,0.,1.));
#7500 = ORIENTED_EDGE('',*,*,#7322,.F.);
#7501 = PLANE('',#7502);
#7502 = AXIS2_PLACEMENT_3D('',#7503,#7504,#7505);
#7503 = CARTESIAN_POINT('',(133.075,-95.075,0.));
#7504 = DIRECTION('',(0.,-1.,0.));
#7505 = DIRECTION('',(-1.,0.,0.));
#7506 = ADVANCED_FACE('',(#7507),#7513,.T.);
#7507 = FACE_BOUND('',#7508,.T.);
#7508 = EDGE_LOOP('',(#7509,#7510,#7511,#7512));
#7509 = ORIENTED_EDGE('',*,*,#7495,.T.);
#7510 = ORIENTED_EDGE('',*,*,#7387,.T.);
#7511 = ORIENTED_EDGE('',*,*,#7476,.F.);
#7512 = ORIENTED_EDGE('',*,*,#7313,.F.);
#7513 = CYLINDRICAL_SURFACE('',#7514,2.014564466107);
#7514 = AXIS2_PLACEMENT_3D('',#7515,#7516,#7517);
#7515 = CARTESIAN_POINT('',(102.08951219512,-93.06048780487,0.));
#7516 = DIRECTION('',(0.,0.,-1.));
#7517 = DIRECTION('',(-7.203638983074E-03,-0.999974053456,-0.));
#7518 = ADVANCED_FACE('',(#7519),#7530,.F.);
#7519 = FACE_BOUND('',#7520,.T.);
#7520 = EDGE_LOOP('',(#7521,#7522,#7528,#7529));
#7521 = ORIENTED_EDGE('',*,*,#7340,.T.);
#7522 = ORIENTED_EDGE('',*,*,#7523,.T.);
#7523 = EDGE_CURVE('',#7341,#7415,#7524,.T.);
#7524 = LINE('',#7525,#7526);
#7525 = CARTESIAN_POINT('',(102.575,-83.675,-4.6E-02));
#7526 = VECTOR('',#7527,1.);
#7527 = DIRECTION('',(0.,0.,1.));
#7528 = ORIENTED_EDGE('',*,*,#7414,.F.);
#7529 = ORIENTED_EDGE('',*,*,#7523,.F.);
#7530 = CYLINDRICAL_SURFACE('',#7531,1.1);
#7531 = AXIS2_PLACEMENT_3D('',#7532,#7533,#7534);
#7532 = CARTESIAN_POINT('',(102.575,-82.575,-4.6E-02));
#7533 = DIRECTION('',(-0.,0.,-1.));
#7534 = DIRECTION('',(1.2918958832E-14,-1.,-0.));
#7535 = ADVANCED_FACE('',(#7536),#7547,.F.);
#7536 = FACE_BOUND('',#7537,.T.);
#7537 = EDGE_LOOP('',(#7538,#7539,#7545,#7546));
#7538 = ORIENTED_EDGE('',*,*,#7351,.T.);
#7539 = ORIENTED_EDGE('',*,*,#7540,.T.);
#7540 = EDGE_CURVE('',#7352,#7426,#7541,.T.);
#7541 = LINE('',#7542,#7543);
#7542 = CARTESIAN_POINT('',(132.575,-83.675,-4.6E-02));
#7543 = VECTOR('',#7544,1.);
#7544 = DIRECTION('',(0.,0.,1.));
#7545 = ORIENTED_EDGE('',*,*,#7425,.F.);
#7546 = ORIENTED_EDGE('',*,*,#7540,.F.);
#7547 = CYLINDRICAL_SURFACE('',#7548,1.1);
#7548 = AXIS2_PLACEMENT_3D('',#7549,#7550,#7551);
#7549 = CARTESIAN_POINT('',(132.575,-82.575,-4.6E-02));
#7550 = DIRECTION('',(-0.,-0.,-1.));
#7551 = DIRECTION('',(-0.,-1.,0.));
#7552 = ( GEOMETRIC_REPRESENTATION_CONTEXT(3) 
GLOBAL_UNCERTAINTY_ASSIGNED_CONTEXT((#7556)) 
GLOBAL_UNIT_ASSIGNED_CONTEXT((#7553,#7554,#7555)) REPRESENTATION_CONTEXT
('Context #1','3D Context with UNIT and UNCERTAINTY') );
#7553 = ( LENGTH_UNIT() NAMED_UNIT(*) SI_UNIT(.MILLI.,.METRE.) );
#7554 = ( NAMED_UNIT(*) PLANE_ANGLE_UNIT() SI_UNIT($,.RADIAN.) );
#7555 = ( NAMED_UNIT(*) SI_UNIT($,.STERADIAN.) SOLID_ANGLE_UNIT() );
#7556 = UNCERTAINTY_MEASURE_WITH_UNIT(LENGTH_MEASURE(1.E-07),#7553,
  'distance_accuracy_value','confusion accuracy');
#7557 = CONTEXT_DEPENDENT_SHAPE_REPRESENTATION(#7558,#7560);
#7558 = ( REPRESENTATION_RELATIONSHIP('','',#7183,#10) 
REPRESENTATION_RELATIONSHIP_WITH_TRANSFORMATION(#7559) 
SHAPE_REPRESENTATION_RELATIONSHIP() );
#7559 = ITEM_DEFINED_TRANSFORMATION('','',#11,#35);
#7560 = PRODUCT_DEFINITION_SHAPE('Placement','Placement of an item',
  #7561);
#7561 = NEXT_ASSEMBLY_USAGE_OCCURRENCE('8','=>[0:1:1:9]','',#5,#7178,$);
#7562 = PRODUCT_RELATED_PRODUCT_CATEGORY('part',$,(#7180));
#7563 = MECHANICAL_DESIGN_GEOMETRIC_PRESENTATION_REPRESENTATION('',(
    #7564,#7572,#7579,#7586,#7593,#7600),#6799);
#7564 = STYLED_ITEM('color',(#7565),#6247);
#7565 = PRESENTATION_STYLE_ASSIGNMENT((#7566));
#7566 = SURFACE_STYLE_USAGE(.BOTH.,#7567);
#7567 = SURFACE_SIDE_STYLE('',(#7568));
#7568 = SURFACE_STYLE_FILL_AREA(#7569);
#7569 = FILL_AREA_STYLE('',(#7570));
#7570 = FILL_AREA_STYLE_COLOUR('',#7571);
#7571 = COLOUR_RGB('',0.735356983052,0.735356983052,0.735356983052);
#7572 = STYLED_ITEM('color',(#7573),#6339);
#7573 = PRESENTATION_STYLE_ASSIGNMENT((#7574));
#7574 = SURFACE_STYLE_USAGE(.BOTH.,#7575);
#7575 = SURFACE_SIDE_STYLE('',(#7576));
#7576 = SURFACE_STYLE_FILL_AREA(#7577);
#7577 = FILL_AREA_STYLE('',(#7578));
#7578 = FILL_AREA_STYLE_COLOUR('',#7571);
#7579 = STYLED_ITEM('color',(#7580),#6431);
#7580 = PRESENTATION_STYLE_ASSIGNMENT((#7581));
#7581 = SURFACE_STYLE_USAGE(.BOTH.,#7582);
#7582 = SURFACE_SIDE_STYLE('',(#7583));
#7583 = SURFACE_STYLE_FILL_AREA(#7584);
#7584 = FILL_AREA_STYLE('',(#7585));
#7585 = FILL_AREA_STYLE_COLOUR('',#7571);
#7586 = STYLED_ITEM('color',(#7587),#6523);
#7587 = PRESENTATION_STYLE_ASSIGNMENT((#7588));
#7588 = SURFACE_STYLE_USAGE(.BOTH.,#7589);
#7589 = SURFACE_SIDE_STYLE('',(#7590));
#7590 = SURFACE_STYLE_FILL_AREA(#7591);
#7591 = FILL_AREA_STYLE('',(#7592));
#7592 = FILL_AREA_STYLE_COLOUR('',#7571);
#7593 = STYLED_ITEM('color',(#7594),#6615);
#7594 = PRESENTATION_STYLE_ASSIGNMENT((#7595));
#7595 = SURFACE_STYLE_USAGE(.BOTH.,#7596);
#7596 = SURFACE_SIDE_STYLE('',(#7597));
#7597 = SURFACE_STYLE_FILL_AREA(#7598);
#7598 = FILL_AREA_STYLE('',(#7599));
#7599 = FILL_AREA_STYLE_COLOUR('',#7571);
#7600 = STYLED_ITEM('color',(#7601),#6707);
#7601 = PRESENTATION_STYLE_ASSIGNMENT((#7602));
#7602 = SURFACE_STYLE_USAGE(.BOTH.,#7603);
#7603 = SURFACE_SIDE_STYLE('',(#7604));
#7604 = SURFACE_STYLE_FILL_AREA(#7605);
#7605 = FILL_AREA_STYLE('',(#7606));
#7606 = FILL_AREA_STYLE_COLOUR('',#7571);
#7607 = MECHANICAL_DESIGN_GEOMETRIC_PRESENTATION_REPRESENTATION('',(
    #7608,#7616,#7623,#7630,#7637,#7644,#7651,#7658,#7665,#7672,#7679,
    #7686,#7693,#7700,#7707,#7714,#7721,#7728,#7735,#7742,#7749,#7756,
    #7763,#7770,#7777,#7784,#7791,#7798,#7805,#7812,#7819,#7826,#7833,
    #7840,#7847,#7854,#7861,#7868,#7875,#7882,#7889,#7897,#7904,#7911,
    #7918,#7925,#7932,#7939,#7946,#7953,#7960,#7967,#7974,#7981,#7988,
    #7995,#8002,#8009,#8016,#8023,#8030,#8037,#8044,#8051,#8058,#8065,
    #8072,#8079,#8086,#8093,#8100,#8107,#8114,#8121,#8128,#8135,#8142,
    #8149,#8156,#8163,#8170,#8177,#8184,#8191,#8198,#8205,#8212,#8219,
    #8226,#8233,#8240,#8247,#8254,#8261,#8268,#8275,#8282,#8289,#8296,
    #8303,#8310,#8317,#8324,#8331,#8338,#8345,#8352,#8359,#8366,#8373,
    #8380,#8387,#8394,#8401,#8408,#8415,#8422,#8429,#8436,#8443,#8450,
    #8457,#8464,#8471,#8478,#8485,#8492,#8499,#8506,#8513,#8520,#8527,
    #8534,#8541,#8548,#8555,#8562,#8569,#8576,#8583,#8590,#8597,#8604,
    #8611,#8618,#8625,#8632,#8639),#4204);
#7608 = STYLED_ITEM('color',(#7609),#78);
#7609 = PRESENTATION_STYLE_ASSIGNMENT((#7610));
#7610 = SURFACE_STYLE_USAGE(.BOTH.,#7611);
#7611 = SURFACE_SIDE_STYLE('',(#7612));
#7612 = SURFACE_STYLE_FILL_AREA(#7613);
#7613 = FILL_AREA_STYLE('',(#7614));
#7614 = FILL_AREA_STYLE_COLOUR('',#7615);
#7615 = COLOUR_RGB('',0.147999998088,0.144999993226,0.144999993226);
#7616 = STYLED_ITEM('color',(#7617),#118);
#7617 = PRESENTATION_STYLE_ASSIGNMENT((#7618));
#7618 = SURFACE_STYLE_USAGE(.BOTH.,#7619);
#7619 = SURFACE_SIDE_STYLE('',(#7620));
#7620 = SURFACE_STYLE_FILL_AREA(#7621);
#7621 = FILL_AREA_STYLE('',(#7622));
#7622 = FILL_AREA_STYLE_COLOUR('',#7615);
#7623 = STYLED_ITEM('color',(#7624),#149);
#7624 = PRESENTATION_STYLE_ASSIGNMENT((#7625));
#7625 = SURFACE_STYLE_USAGE(.BOTH.,#7626);
#7626 = SURFACE_SIDE_STYLE('',(#7627));
#7627 = SURFACE_STYLE_FILL_AREA(#7628);
#7628 = FILL_AREA_STYLE('',(#7629));
#7629 = FILL_AREA_STYLE_COLOUR('',#7615);
#7630 = STYLED_ITEM('color',(#7631),#180);
#7631 = PRESENTATION_STYLE_ASSIGNMENT((#7632));
#7632 = SURFACE_STYLE_USAGE(.BOTH.,#7633);
#7633 = SURFACE_SIDE_STYLE('',(#7634));
#7634 = SURFACE_STYLE_FILL_AREA(#7635);
#7635 = FILL_AREA_STYLE('',(#7636));
#7636 = FILL_AREA_STYLE_COLOUR('',#7615);
#7637 = STYLED_ITEM('color',(#7638),#673);
#7638 = PRESENTATION_STYLE_ASSIGNMENT((#7639));
#7639 = SURFACE_STYLE_USAGE(.BOTH.,#7640);
#7640 = SURFACE_SIDE_STYLE('',(#7641));
#7641 = SURFACE_STYLE_FILL_AREA(#7642);
#7642 = FILL_AREA_STYLE('',(#7643));
#7643 = FILL_AREA_STYLE_COLOUR('',#7615);
#7644 = STYLED_ITEM('color',(#7645),#1166);
#7645 = PRESENTATION_STYLE_ASSIGNMENT((#7646));
#7646 = SURFACE_STYLE_USAGE(.BOTH.,#7647);
#7647 = SURFACE_SIDE_STYLE('',(#7648));
#7648 = SURFACE_STYLE_FILL_AREA(#7649);
#7649 = FILL_AREA_STYLE('',(#7650));
#7650 = FILL_AREA_STYLE_COLOUR('',#7615);
#7651 = STYLED_ITEM('color',(#7652),#1183);
#7652 = PRESENTATION_STYLE_ASSIGNMENT((#7653));
#7653 = SURFACE_STYLE_USAGE(.BOTH.,#7654);
#7654 = SURFACE_SIDE_STYLE('',(#7655));
#7655 = SURFACE_STYLE_FILL_AREA(#7656);
#7656 = FILL_AREA_STYLE('',(#7657));
#7657 = FILL_AREA_STYLE_COLOUR('',#7615);
#7658 = STYLED_ITEM('color',(#7659),#1200);
#7659 = PRESENTATION_STYLE_ASSIGNMENT((#7660));
#7660 = SURFACE_STYLE_USAGE(.BOTH.,#7661);
#7661 = SURFACE_SIDE_STYLE('',(#7662));
#7662 = SURFACE_STYLE_FILL_AREA(#7663);
#7663 = FILL_AREA_STYLE('',(#7664));
#7664 = FILL_AREA_STYLE_COLOUR('',#7615);
#7665 = STYLED_ITEM('color',(#7666),#1217);
#7666 = PRESENTATION_STYLE_ASSIGNMENT((#7667));
#7667 = SURFACE_STYLE_USAGE(.BOTH.,#7668);
#7668 = SURFACE_SIDE_STYLE('',(#7669));
#7669 = SURFACE_STYLE_FILL_AREA(#7670);
#7670 = FILL_AREA_STYLE('',(#7671));
#7671 = FILL_AREA_STYLE_COLOUR('',#7615);
#7672 = STYLED_ITEM('color',(#7673),#1234);
#7673 = PRESENTATION_STYLE_ASSIGNMENT((#7674));
#7674 = SURFACE_STYLE_USAGE(.BOTH.,#7675);
#7675 = SURFACE_SIDE_STYLE('',(#7676));
#7676 = SURFACE_STYLE_FILL_AREA(#7677);
#7677 = FILL_AREA_STYLE('',(#7678));
#7678 = FILL_AREA_STYLE_COLOUR('',#7615);
#7679 = STYLED_ITEM('color',(#7680),#1251);
#7680 = PRESENTATION_STYLE_ASSIGNMENT((#7681));
#7681 = SURFACE_STYLE_USAGE(.BOTH.,#7682);
#7682 = SURFACE_SIDE_STYLE('',(#7683));
#7683 = SURFACE_STYLE_FILL_AREA(#7684);
#7684 = FILL_AREA_STYLE('',(#7685));
#7685 = FILL_AREA_STYLE_COLOUR('',#7615);
#7686 = STYLED_ITEM('color',(#7687),#1268);
#7687 = PRESENTATION_STYLE_ASSIGNMENT((#7688));
#7688 = SURFACE_STYLE_USAGE(.BOTH.,#7689);
#7689 = SURFACE_SIDE_STYLE('',(#7690));
#7690 = SURFACE_STYLE_FILL_AREA(#7691);
#7691 = FILL_AREA_STYLE('',(#7692));
#7692 = FILL_AREA_STYLE_COLOUR('',#7615);
#7693 = STYLED_ITEM('color',(#7694),#1285);
#7694 = PRESENTATION_STYLE_ASSIGNMENT((#7695));
#7695 = SURFACE_STYLE_USAGE(.BOTH.,#7696);
#7696 = SURFACE_SIDE_STYLE('',(#7697));
#7697 = SURFACE_STYLE_FILL_AREA(#7698);
#7698 = FILL_AREA_STYLE('',(#7699));
#7699 = FILL_AREA_STYLE_COLOUR('',#7615);
#7700 = STYLED_ITEM('color',(#7701),#1302);
#7701 = PRESENTATION_STYLE_ASSIGNMENT((#7702));
#7702 = SURFACE_STYLE_USAGE(.BOTH.,#7703);
#7703 = SURFACE_SIDE_STYLE('',(#7704));
#7704 = SURFACE_STYLE_FILL_AREA(#7705);
#7705 = FILL_AREA_STYLE('',(#7706));
#7706 = FILL_AREA_STYLE_COLOUR('',#7615);
#7707 = STYLED_ITEM('color',(#7708),#1319);
#7708 = PRESENTATION_STYLE_ASSIGNMENT((#7709));
#7709 = SURFACE_STYLE_USAGE(.BOTH.,#7710);
#7710 = SURFACE_SIDE_STYLE('',(#7711));
#7711 = SURFACE_STYLE_FILL_AREA(#7712);
#7712 = FILL_AREA_STYLE('',(#7713));
#7713 = FILL_AREA_STYLE_COLOUR('',#7615);
#7714 = STYLED_ITEM('color',(#7715),#1336);
#7715 = PRESENTATION_STYLE_ASSIGNMENT((#7716));
#7716 = SURFACE_STYLE_USAGE(.BOTH.,#7717);
#7717 = SURFACE_SIDE_STYLE('',(#7718));
#7718 = SURFACE_STYLE_FILL_AREA(#7719);
#7719 = FILL_AREA_STYLE('',(#7720));
#7720 = FILL_AREA_STYLE_COLOUR('',#7615);
#7721 = STYLED_ITEM('color',(#7722),#1353);
#7722 = PRESENTATION_STYLE_ASSIGNMENT((#7723));
#7723 = SURFACE_STYLE_USAGE(.BOTH.,#7724);
#7724 = SURFACE_SIDE_STYLE('',(#7725));
#7725 = SURFACE_STYLE_FILL_AREA(#7726);
#7726 = FILL_AREA_STYLE('',(#7727));
#7727 = FILL_AREA_STYLE_COLOUR('',#7615);
#7728 = STYLED_ITEM('color',(#7729),#1370);
#7729 = PRESENTATION_STYLE_ASSIGNMENT((#7730));
#7730 = SURFACE_STYLE_USAGE(.BOTH.,#7731);
#7731 = SURFACE_SIDE_STYLE('',(#7732));
#7732 = SURFACE_STYLE_FILL_AREA(#7733);
#7733 = FILL_AREA_STYLE('',(#7734));
#7734 = FILL_AREA_STYLE_COLOUR('',#7615);
#7735 = STYLED_ITEM('color',(#7736),#1387);
#7736 = PRESENTATION_STYLE_ASSIGNMENT((#7737));
#7737 = SURFACE_STYLE_USAGE(.BOTH.,#7738);
#7738 = SURFACE_SIDE_STYLE('',(#7739));
#7739 = SURFACE_STYLE_FILL_AREA(#7740);
#7740 = FILL_AREA_STYLE('',(#7741));
#7741 = FILL_AREA_STYLE_COLOUR('',#7615);
#7742 = STYLED_ITEM('color',(#7743),#1404);
#7743 = PRESENTATION_STYLE_ASSIGNMENT((#7744));
#7744 = SURFACE_STYLE_USAGE(.BOTH.,#7745);
#7745 = SURFACE_SIDE_STYLE('',(#7746));
#7746 = SURFACE_STYLE_FILL_AREA(#7747);
#7747 = FILL_AREA_STYLE('',(#7748));
#7748 = FILL_AREA_STYLE_COLOUR('',#7615);
#7749 = STYLED_ITEM('color',(#7750),#1421);
#7750 = PRESENTATION_STYLE_ASSIGNMENT((#7751));
#7751 = SURFACE_STYLE_USAGE(.BOTH.,#7752);
#7752 = SURFACE_SIDE_STYLE('',(#7753));
#7753 = SURFACE_STYLE_FILL_AREA(#7754);
#7754 = FILL_AREA_STYLE('',(#7755));
#7755 = FILL_AREA_STYLE_COLOUR('',#7615);
#7756 = STYLED_ITEM('color',(#7757),#1438);
#7757 = PRESENTATION_STYLE_ASSIGNMENT((#7758));
#7758 = SURFACE_STYLE_USAGE(.BOTH.,#7759);
#7759 = SURFACE_SIDE_STYLE('',(#7760));
#7760 = SURFACE_STYLE_FILL_AREA(#7761);
#7761 = FILL_AREA_STYLE('',(#7762));
#7762 = FILL_AREA_STYLE_COLOUR('',#7615);
#7763 = STYLED_ITEM('color',(#7764),#1455);
#7764 = PRESENTATION_STYLE_ASSIGNMENT((#7765));
#7765 = SURFACE_STYLE_USAGE(.BOTH.,#7766);
#7766 = SURFACE_SIDE_STYLE('',(#7767));
#7767 = SURFACE_STYLE_FILL_AREA(#7768);
#7768 = FILL_AREA_STYLE('',(#7769));
#7769 = FILL_AREA_STYLE_COLOUR('',#7615);
#7770 = STYLED_ITEM('color',(#7771),#1472);
#7771 = PRESENTATION_STYLE_ASSIGNMENT((#7772));
#7772 = SURFACE_STYLE_USAGE(.BOTH.,#7773);
#7773 = SURFACE_SIDE_STYLE('',(#7774));
#7774 = SURFACE_STYLE_FILL_AREA(#7775);
#7775 = FILL_AREA_STYLE('',(#7776));
#7776 = FILL_AREA_STYLE_COLOUR('',#7615);
#7777 = STYLED_ITEM('color',(#7778),#1489);
#7778 = PRESENTATION_STYLE_ASSIGNMENT((#7779));
#7779 = SURFACE_STYLE_USAGE(.BOTH.,#7780);
#7780 = SURFACE_SIDE_STYLE('',(#7781));
#7781 = SURFACE_STYLE_FILL_AREA(#7782);
#7782 = FILL_AREA_STYLE('',(#7783));
#7783 = FILL_AREA_STYLE_COLOUR('',#7615);
#7784 = STYLED_ITEM('color',(#7785),#1506);
#7785 = PRESENTATION_STYLE_ASSIGNMENT((#7786));
#7786 = SURFACE_STYLE_USAGE(.BOTH.,#7787);
#7787 = SURFACE_SIDE_STYLE('',(#7788));
#7788 = SURFACE_STYLE_FILL_AREA(#7789);
#7789 = FILL_AREA_STYLE('',(#7790));
#7790 = FILL_AREA_STYLE_COLOUR('',#7615);
#7791 = STYLED_ITEM('color',(#7792),#1523);
#7792 = PRESENTATION_STYLE_ASSIGNMENT((#7793));
#7793 = SURFACE_STYLE_USAGE(.BOTH.,#7794);
#7794 = SURFACE_SIDE_STYLE('',(#7795));
#7795 = SURFACE_STYLE_FILL_AREA(#7796);
#7796 = FILL_AREA_STYLE('',(#7797));
#7797 = FILL_AREA_STYLE_COLOUR('',#7615);
#7798 = STYLED_ITEM('color',(#7799),#1540);
#7799 = PRESENTATION_STYLE_ASSIGNMENT((#7800));
#7800 = SURFACE_STYLE_USAGE(.BOTH.,#7801);
#7801 = SURFACE_SIDE_STYLE('',(#7802));
#7802 = SURFACE_STYLE_FILL_AREA(#7803);
#7803 = FILL_AREA_STYLE('',(#7804));
#7804 = FILL_AREA_STYLE_COLOUR('',#7615);
#7805 = STYLED_ITEM('color',(#7806),#1557);
#7806 = PRESENTATION_STYLE_ASSIGNMENT((#7807));
#7807 = SURFACE_STYLE_USAGE(.BOTH.,#7808);
#7808 = SURFACE_SIDE_STYLE('',(#7809));
#7809 = SURFACE_STYLE_FILL_AREA(#7810);
#7810 = FILL_AREA_STYLE('',(#7811));
#7811 = FILL_AREA_STYLE_COLOUR('',#7615);
#7812 = STYLED_ITEM('color',(#7813),#1574);
#7813 = PRESENTATION_STYLE_ASSIGNMENT((#7814));
#7814 = SURFACE_STYLE_USAGE(.BOTH.,#7815);
#7815 = SURFACE_SIDE_STYLE('',(#7816));
#7816 = SURFACE_STYLE_FILL_AREA(#7817);
#7817 = FILL_AREA_STYLE('',(#7818));
#7818 = FILL_AREA_STYLE_COLOUR('',#7615);
#7819 = STYLED_ITEM('color',(#7820),#1591);
#7820 = PRESENTATION_STYLE_ASSIGNMENT((#7821));
#7821 = SURFACE_STYLE_USAGE(.BOTH.,#7822);
#7822 = SURFACE_SIDE_STYLE('',(#7823));
#7823 = SURFACE_STYLE_FILL_AREA(#7824);
#7824 = FILL_AREA_STYLE('',(#7825));
#7825 = FILL_AREA_STYLE_COLOUR('',#7615);
#7826 = STYLED_ITEM('color',(#7827),#1608);
#7827 = PRESENTATION_STYLE_ASSIGNMENT((#7828));
#7828 = SURFACE_STYLE_USAGE(.BOTH.,#7829);
#7829 = SURFACE_SIDE_STYLE('',(#7830));
#7830 = SURFACE_STYLE_FILL_AREA(#7831);
#7831 = FILL_AREA_STYLE('',(#7832));
#7832 = FILL_AREA_STYLE_COLOUR('',#7615);
#7833 = STYLED_ITEM('color',(#7834),#1625);
#7834 = PRESENTATION_STYLE_ASSIGNMENT((#7835));
#7835 = SURFACE_STYLE_USAGE(.BOTH.,#7836);
#7836 = SURFACE_SIDE_STYLE('',(#7837));
#7837 = SURFACE_STYLE_FILL_AREA(#7838);
#7838 = FILL_AREA_STYLE('',(#7839));
#7839 = FILL_AREA_STYLE_COLOUR('',#7615);
#7840 = STYLED_ITEM('color',(#7841),#1642);
#7841 = PRESENTATION_STYLE_ASSIGNMENT((#7842));
#7842 = SURFACE_STYLE_USAGE(.BOTH.,#7843);
#7843 = SURFACE_SIDE_STYLE('',(#7844));
#7844 = SURFACE_STYLE_FILL_AREA(#7845);
#7845 = FILL_AREA_STYLE('',(#7846));
#7846 = FILL_AREA_STYLE_COLOUR('',#7615);
#7847 = STYLED_ITEM('color',(#7848),#1659);
#7848 = PRESENTATION_STYLE_ASSIGNMENT((#7849));
#7849 = SURFACE_STYLE_USAGE(.BOTH.,#7850);
#7850 = SURFACE_SIDE_STYLE('',(#7851));
#7851 = SURFACE_STYLE_FILL_AREA(#7852);
#7852 = FILL_AREA_STYLE('',(#7853));
#7853 = FILL_AREA_STYLE_COLOUR('',#7615);
#7854 = STYLED_ITEM('color',(#7855),#1676);
#7855 = PRESENTATION_STYLE_ASSIGNMENT((#7856));
#7856 = SURFACE_STYLE_USAGE(.BOTH.,#7857);
#7857 = SURFACE_SIDE_STYLE('',(#7858));
#7858 = SURFACE_STYLE_FILL_AREA(#7859);
#7859 = FILL_AREA_STYLE('',(#7860));
#7860 = FILL_AREA_STYLE_COLOUR('',#7615);
#7861 = STYLED_ITEM('color',(#7862),#1693);
#7862 = PRESENTATION_STYLE_ASSIGNMENT((#7863));
#7863 = SURFACE_STYLE_USAGE(.BOTH.,#7864);
#7864 = SURFACE_SIDE_STYLE('',(#7865));
#7865 = SURFACE_STYLE_FILL_AREA(#7866);
#7866 = FILL_AREA_STYLE('',(#7867));
#7867 = FILL_AREA_STYLE_COLOUR('',#7615);
#7868 = STYLED_ITEM('color',(#7869),#1710);
#7869 = PRESENTATION_STYLE_ASSIGNMENT((#7870));
#7870 = SURFACE_STYLE_USAGE(.BOTH.,#7871);
#7871 = SURFACE_SIDE_STYLE('',(#7872));
#7872 = SURFACE_STYLE_FILL_AREA(#7873);
#7873 = FILL_AREA_STYLE('',(#7874));
#7874 = FILL_AREA_STYLE_COLOUR('',#7615);
#7875 = STYLED_ITEM('color',(#7876),#1727);
#7876 = PRESENTATION_STYLE_ASSIGNMENT((#7877));
#7877 = SURFACE_STYLE_USAGE(.BOTH.,#7878);
#7878 = SURFACE_SIDE_STYLE('',(#7879));
#7879 = SURFACE_STYLE_FILL_AREA(#7880);
#7880 = FILL_AREA_STYLE('',(#7881));
#7881 = FILL_AREA_STYLE_COLOUR('',#7615);
#7882 = STYLED_ITEM('color',(#7883),#1744);
#7883 = PRESENTATION_STYLE_ASSIGNMENT((#7884));
#7884 = SURFACE_STYLE_USAGE(.BOTH.,#7885);
#7885 = SURFACE_SIDE_STYLE('',(#7886));
#7886 = SURFACE_STYLE_FILL_AREA(#7887);
#7887 = FILL_AREA_STYLE('',(#7888));
#7888 = FILL_AREA_STYLE_COLOUR('',#7615);
#7889 = STYLED_ITEM('color',(#7890),#1756);
#7890 = PRESENTATION_STYLE_ASSIGNMENT((#7891));
#7891 = SURFACE_STYLE_USAGE(.BOTH.,#7892);
#7892 = SURFACE_SIDE_STYLE('',(#7893));
#7893 = SURFACE_STYLE_FILL_AREA(#7894);
#7894 = FILL_AREA_STYLE('',(#7895));
#7895 = FILL_AREA_STYLE_COLOUR('',#7896);
#7896 = COLOUR_RGB('',0.859000020776,0.737999965183,0.495999988746);
#7897 = STYLED_ITEM('color',(#7898),#1787);
#7898 = PRESENTATION_STYLE_ASSIGNMENT((#7899));
#7899 = SURFACE_STYLE_USAGE(.BOTH.,#7900);
#7900 = SURFACE_SIDE_STYLE('',(#7901));
#7901 = SURFACE_STYLE_FILL_AREA(#7902);
#7902 = FILL_AREA_STYLE('',(#7903));
#7903 = FILL_AREA_STYLE_COLOUR('',#7896);
#7904 = STYLED_ITEM('color',(#7905),#1811);
#7905 = PRESENTATION_STYLE_ASSIGNMENT((#7906));
#7906 = SURFACE_STYLE_USAGE(.BOTH.,#7907);
#7907 = SURFACE_SIDE_STYLE('',(#7908));
#7908 = SURFACE_STYLE_FILL_AREA(#7909);
#7909 = FILL_AREA_STYLE('',(#7910));
#7910 = FILL_AREA_STYLE_COLOUR('',#7896);
#7911 = STYLED_ITEM('color',(#7912),#1835);
#7912 = PRESENTATION_STYLE_ASSIGNMENT((#7913));
#7913 = SURFACE_STYLE_USAGE(.BOTH.,#7914);
#7914 = SURFACE_SIDE_STYLE('',(#7915));
#7915 = SURFACE_STYLE_FILL_AREA(#7916);
#7916 = FILL_AREA_STYLE('',(#7917));
#7917 = FILL_AREA_STYLE_COLOUR('',#7896);
#7918 = STYLED_ITEM('color',(#7919),#1852);
#7919 = PRESENTATION_STYLE_ASSIGNMENT((#7920));
#7920 = SURFACE_STYLE_USAGE(.BOTH.,#7921);
#7921 = SURFACE_SIDE_STYLE('',(#7922));
#7922 = SURFACE_STYLE_FILL_AREA(#7923);
#7923 = FILL_AREA_STYLE('',(#7924));
#7924 = FILL_AREA_STYLE_COLOUR('',#7896);
#7925 = STYLED_ITEM('color',(#7926),#1883);
#7926 = PRESENTATION_STYLE_ASSIGNMENT((#7927));
#7927 = SURFACE_STYLE_USAGE(.BOTH.,#7928);
#7928 = SURFACE_SIDE_STYLE('',(#7929));
#7929 = SURFACE_STYLE_FILL_AREA(#7930);
#7930 = FILL_AREA_STYLE('',(#7931));
#7931 = FILL_AREA_STYLE_COLOUR('',#7896);
#7932 = STYLED_ITEM('color',(#7933),#1907);
#7933 = PRESENTATION_STYLE_ASSIGNMENT((#7934));
#7934 = SURFACE_STYLE_USAGE(.BOTH.,#7935);
#7935 = SURFACE_SIDE_STYLE('',(#7936));
#7936 = SURFACE_STYLE_FILL_AREA(#7937);
#7937 = FILL_AREA_STYLE('',(#7938));
#7938 = FILL_AREA_STYLE_COLOUR('',#7896);
#7939 = STYLED_ITEM('color',(#7940),#1931);
#7940 = PRESENTATION_STYLE_ASSIGNMENT((#7941));
#7941 = SURFACE_STYLE_USAGE(.BOTH.,#7942);
#7942 = SURFACE_SIDE_STYLE('',(#7943));
#7943 = SURFACE_STYLE_FILL_AREA(#7944);
#7944 = FILL_AREA_STYLE('',(#7945));
#7945 = FILL_AREA_STYLE_COLOUR('',#7896);
#7946 = STYLED_ITEM('color',(#7947),#1948);
#7947 = PRESENTATION_STYLE_ASSIGNMENT((#7948));
#7948 = SURFACE_STYLE_USAGE(.BOTH.,#7949);
#7949 = SURFACE_SIDE_STYLE('',(#7950));
#7950 = SURFACE_STYLE_FILL_AREA(#7951);
#7951 = FILL_AREA_STYLE('',(#7952));
#7952 = FILL_AREA_STYLE_COLOUR('',#7896);
#7953 = STYLED_ITEM('color',(#7954),#1979);
#7954 = PRESENTATION_STYLE_ASSIGNMENT((#7955));
#7955 = SURFACE_STYLE_USAGE(.BOTH.,#7956);
#7956 = SURFACE_SIDE_STYLE('',(#7957));
#7957 = SURFACE_STYLE_FILL_AREA(#7958);
#7958 = FILL_AREA_STYLE('',(#7959));
#7959 = FILL_AREA_STYLE_COLOUR('',#7896);
#7960 = STYLED_ITEM('color',(#7961),#2003);
#7961 = PRESENTATION_STYLE_ASSIGNMENT((#7962));
#7962 = SURFACE_STYLE_USAGE(.BOTH.,#7963);
#7963 = SURFACE_SIDE_STYLE('',(#7964));
#7964 = SURFACE_STYLE_FILL_AREA(#7965);
#7965 = FILL_AREA_STYLE('',(#7966));
#7966 = FILL_AREA_STYLE_COLOUR('',#7896);
#7967 = STYLED_ITEM('color',(#7968),#2027);
#7968 = PRESENTATION_STYLE_ASSIGNMENT((#7969));
#7969 = SURFACE_STYLE_USAGE(.BOTH.,#7970);
#7970 = SURFACE_SIDE_STYLE('',(#7971));
#7971 = SURFACE_STYLE_FILL_AREA(#7972);
#7972 = FILL_AREA_STYLE('',(#7973));
#7973 = FILL_AREA_STYLE_COLOUR('',#7896);
#7974 = STYLED_ITEM('color',(#7975),#2044);
#7975 = PRESENTATION_STYLE_ASSIGNMENT((#7976));
#7976 = SURFACE_STYLE_USAGE(.BOTH.,#7977);
#7977 = SURFACE_SIDE_STYLE('',(#7978));
#7978 = SURFACE_STYLE_FILL_AREA(#7979);
#7979 = FILL_AREA_STYLE('',(#7980));
#7980 = FILL_AREA_STYLE_COLOUR('',#7896);
#7981 = STYLED_ITEM('color',(#7982),#2075);
#7982 = PRESENTATION_STYLE_ASSIGNMENT((#7983));
#7983 = SURFACE_STYLE_USAGE(.BOTH.,#7984);
#7984 = SURFACE_SIDE_STYLE('',(#7985));
#7985 = SURFACE_STYLE_FILL_AREA(#7986);
#7986 = FILL_AREA_STYLE('',(#7987));
#7987 = FILL_AREA_STYLE_COLOUR('',#7896);
#7988 = STYLED_ITEM('color',(#7989),#2099);
#7989 = PRESENTATION_STYLE_ASSIGNMENT((#7990));
#7990 = SURFACE_STYLE_USAGE(.BOTH.,#7991);
#7991 = SURFACE_SIDE_STYLE('',(#7992));
#7992 = SURFACE_STYLE_FILL_AREA(#7993);
#7993 = FILL_AREA_STYLE('',(#7994));
#7994 = FILL_AREA_STYLE_COLOUR('',#7896);
#7995 = STYLED_ITEM('color',(#7996),#2123);
#7996 = PRESENTATION_STYLE_ASSIGNMENT((#7997));
#7997 = SURFACE_STYLE_USAGE(.BOTH.,#7998);
#7998 = SURFACE_SIDE_STYLE('',(#7999));
#7999 = SURFACE_STYLE_FILL_AREA(#8000);
#8000 = FILL_AREA_STYLE('',(#8001));
#8001 = FILL_AREA_STYLE_COLOUR('',#7896);
#8002 = STYLED_ITEM('color',(#8003),#2140);
#8003 = PRESENTATION_STYLE_ASSIGNMENT((#8004));
#8004 = SURFACE_STYLE_USAGE(.BOTH.,#8005);
#8005 = SURFACE_SIDE_STYLE('',(#8006));
#8006 = SURFACE_STYLE_FILL_AREA(#8007);
#8007 = FILL_AREA_STYLE('',(#8008));
#8008 = FILL_AREA_STYLE_COLOUR('',#7896);
#8009 = STYLED_ITEM('color',(#8010),#2171);
#8010 = PRESENTATION_STYLE_ASSIGNMENT((#8011));
#8011 = SURFACE_STYLE_USAGE(.BOTH.,#8012);
#8012 = SURFACE_SIDE_STYLE('',(#8013));
#8013 = SURFACE_STYLE_FILL_AREA(#8014);
#8014 = FILL_AREA_STYLE('',(#8015));
#8015 = FILL_AREA_STYLE_COLOUR('',#7896);
#8016 = STYLED_ITEM('color',(#8017),#2195);
#8017 = PRESENTATION_STYLE_ASSIGNMENT((#8018));
#8018 = SURFACE_STYLE_USAGE(.BOTH.,#8019);
#8019 = SURFACE_SIDE_STYLE('',(#8020));
#8020 = SURFACE_STYLE_FILL_AREA(#8021);
#8021 = FILL_AREA_STYLE('',(#8022));
#8022 = FILL_AREA_STYLE_COLOUR('',#7896);
#8023 = STYLED_ITEM('color',(#8024),#2219);
#8024 = PRESENTATION_STYLE_ASSIGNMENT((#8025));
#8025 = SURFACE_STYLE_USAGE(.BOTH.,#8026);
#8026 = SURFACE_SIDE_STYLE('',(#8027));
#8027 = SURFACE_STYLE_FILL_AREA(#8028);
#8028 = FILL_AREA_STYLE('',(#8029));
#8029 = FILL_AREA_STYLE_COLOUR('',#7896);
#8030 = STYLED_ITEM('color',(#8031),#2236);
#8031 = PRESENTATION_STYLE_ASSIGNMENT((#8032));
#8032 = SURFACE_STYLE_USAGE(.BOTH.,#8033);
#8033 = SURFACE_SIDE_STYLE('',(#8034));
#8034 = SURFACE_STYLE_FILL_AREA(#8035);
#8035 = FILL_AREA_STYLE('',(#8036));
#8036 = FILL_AREA_STYLE_COLOUR('',#7896);
#8037 = STYLED_ITEM('color',(#8038),#2267);
#8038 = PRESENTATION_STYLE_ASSIGNMENT((#8039));
#8039 = SURFACE_STYLE_USAGE(.BOTH.,#8040);
#8040 = SURFACE_SIDE_STYLE('',(#8041));
#8041 = SURFACE_STYLE_FILL_AREA(#8042);
#8042 = FILL_AREA_STYLE('',(#8043));
#8043 = FILL_AREA_STYLE_COLOUR('',#7896);
#8044 = STYLED_ITEM('color',(#8045),#2291);
#8045 = PRESENTATION_STYLE_ASSIGNMENT((#8046));
#8046 = SURFACE_STYLE_USAGE(.BOTH.,#8047);
#8047 = SURFACE_SIDE_STYLE('',(#8048));
#8048 = SURFACE_STYLE_FILL_AREA(#8049);
#8049 = FILL_AREA_STYLE('',(#8050));
#8050 = FILL_AREA_STYLE_COLOUR('',#7896);
#8051 = STYLED_ITEM('color',(#8052),#2315);
#8052 = PRESENTATION_STYLE_ASSIGNMENT((#8053));
#8053 = SURFACE_STYLE_USAGE(.BOTH.,#8054);
#8054 = SURFACE_SIDE_STYLE('',(#8055));
#8055 = SURFACE_STYLE_FILL_AREA(#8056);
#8056 = FILL_AREA_STYLE('',(#8057));
#8057 = FILL_AREA_STYLE_COLOUR('',#7896);
#8058 = STYLED_ITEM('color',(#8059),#2332);
#8059 = PRESENTATION_STYLE_ASSIGNMENT((#8060));
#8060 = SURFACE_STYLE_USAGE(.BOTH.,#8061);
#8061 = SURFACE_SIDE_STYLE('',(#8062));
#8062 = SURFACE_STYLE_FILL_AREA(#8063);
#8063 = FILL_AREA_STYLE('',(#8064));
#8064 = FILL_AREA_STYLE_COLOUR('',#7896);
#8065 = STYLED_ITEM('color',(#8066),#2363);
#8066 = PRESENTATION_STYLE_ASSIGNMENT((#8067));
#8067 = SURFACE_STYLE_USAGE(.BOTH.,#8068);
#8068 = SURFACE_SIDE_STYLE('',(#8069));
#8069 = SURFACE_STYLE_FILL_AREA(#8070);
#8070 = FILL_AREA_STYLE('',(#8071));
#8071 = FILL_AREA_STYLE_COLOUR('',#7896);
#8072 = STYLED_ITEM('color',(#8073),#2387);
#8073 = PRESENTATION_STYLE_ASSIGNMENT((#8074));
#8074 = SURFACE_STYLE_USAGE(.BOTH.,#8075);
#8075 = SURFACE_SIDE_STYLE('',(#8076));
#8076 = SURFACE_STYLE_FILL_AREA(#8077);
#8077 = FILL_AREA_STYLE('',(#8078));
#8078 = FILL_AREA_STYLE_COLOUR('',#7896);
#8079 = STYLED_ITEM('color',(#8080),#2411);
#8080 = PRESENTATION_STYLE_ASSIGNMENT((#8081));
#8081 = SURFACE_STYLE_USAGE(.BOTH.,#8082);
#8082 = SURFACE_SIDE_STYLE('',(#8083));
#8083 = SURFACE_STYLE_FILL_AREA(#8084);
#8084 = FILL_AREA_STYLE('',(#8085));
#8085 = FILL_AREA_STYLE_COLOUR('',#7896);
#8086 = STYLED_ITEM('color',(#8087),#2428);
#8087 = PRESENTATION_STYLE_ASSIGNMENT((#8088));
#8088 = SURFACE_STYLE_USAGE(.BOTH.,#8089);
#8089 = SURFACE_SIDE_STYLE('',(#8090));
#8090 = SURFACE_STYLE_FILL_AREA(#8091);
#8091 = FILL_AREA_STYLE('',(#8092));
#8092 = FILL_AREA_STYLE_COLOUR('',#7896);
#8093 = STYLED_ITEM('color',(#8094),#2459);
#8094 = PRESENTATION_STYLE_ASSIGNMENT((#8095));
#8095 = SURFACE_STYLE_USAGE(.BOTH.,#8096);
#8096 = SURFACE_SIDE_STYLE('',(#8097));
#8097 = SURFACE_STYLE_FILL_AREA(#8098);
#8098 = FILL_AREA_STYLE('',(#8099));
#8099 = FILL_AREA_STYLE_COLOUR('',#7896);
#8100 = STYLED_ITEM('color',(#8101),#2483);
#8101 = PRESENTATION_STYLE_ASSIGNMENT((#8102));
#8102 = SURFACE_STYLE_USAGE(.BOTH.,#8103);
#8103 = SURFACE_SIDE_STYLE('',(#8104));
#8104 = SURFACE_STYLE_FILL_AREA(#8105);
#8105 = FILL_AREA_STYLE('',(#8106));
#8106 = FILL_AREA_STYLE_COLOUR('',#7896);
#8107 = STYLED_ITEM('color',(#8108),#2507);
#8108 = PRESENTATION_STYLE_ASSIGNMENT((#8109));
#8109 = SURFACE_STYLE_USAGE(.BOTH.,#8110);
#8110 = SURFACE_SIDE_STYLE('',(#8111));
#8111 = SURFACE_STYLE_FILL_AREA(#8112);
#8112 = FILL_AREA_STYLE('',(#8113));
#8113 = FILL_AREA_STYLE_COLOUR('',#7896);
#8114 = STYLED_ITEM('color',(#8115),#2524);
#8115 = PRESENTATION_STYLE_ASSIGNMENT((#8116));
#8116 = SURFACE_STYLE_USAGE(.BOTH.,#8117);
#8117 = SURFACE_SIDE_STYLE('',(#8118));
#8118 = SURFACE_STYLE_FILL_AREA(#8119);
#8119 = FILL_AREA_STYLE('',(#8120));
#8120 = FILL_AREA_STYLE_COLOUR('',#7896);
#8121 = STYLED_ITEM('color',(#8122),#2555);
#8122 = PRESENTATION_STYLE_ASSIGNMENT((#8123));
#8123 = SURFACE_STYLE_USAGE(.BOTH.,#8124);
#8124 = SURFACE_SIDE_STYLE('',(#8125));
#8125 = SURFACE_STYLE_FILL_AREA(#8126);
#8126 = FILL_AREA_STYLE('',(#8127));
#8127 = FILL_AREA_STYLE_COLOUR('',#7896);
#8128 = STYLED_ITEM('color',(#8129),#2579);
#8129 = PRESENTATION_STYLE_ASSIGNMENT((#8130));
#8130 = SURFACE_STYLE_USAGE(.BOTH.,#8131);
#8131 = SURFACE_SIDE_STYLE('',(#8132));
#8132 = SURFACE_STYLE_FILL_AREA(#8133);
#8133 = FILL_AREA_STYLE('',(#8134));
#8134 = FILL_AREA_STYLE_COLOUR('',#7896);
#8135 = STYLED_ITEM('color',(#8136),#2603);
#8136 = PRESENTATION_STYLE_ASSIGNMENT((#8137));
#8137 = SURFACE_STYLE_USAGE(.BOTH.,#8138);
#8138 = SURFACE_SIDE_STYLE('',(#8139));
#8139 = SURFACE_STYLE_FILL_AREA(#8140);
#8140 = FILL_AREA_STYLE('',(#8141));
#8141 = FILL_AREA_STYLE_COLOUR('',#7896);
#8142 = STYLED_ITEM('color',(#8143),#2620);
#8143 = PRESENTATION_STYLE_ASSIGNMENT((#8144));
#8144 = SURFACE_STYLE_USAGE(.BOTH.,#8145);
#8145 = SURFACE_SIDE_STYLE('',(#8146));
#8146 = SURFACE_STYLE_FILL_AREA(#8147);
#8147 = FILL_AREA_STYLE('',(#8148));
#8148 = FILL_AREA_STYLE_COLOUR('',#7896);
#8149 = STYLED_ITEM('color',(#8150),#2651);
#8150 = PRESENTATION_STYLE_ASSIGNMENT((#8151));
#8151 = SURFACE_STYLE_USAGE(.BOTH.,#8152);
#8152 = SURFACE_SIDE_STYLE('',(#8153));
#8153 = SURFACE_STYLE_FILL_AREA(#8154);
#8154 = FILL_AREA_STYLE('',(#8155));
#8155 = FILL_AREA_STYLE_COLOUR('',#7896);
#8156 = STYLED_ITEM('color',(#8157),#2675);
#8157 = PRESENTATION_STYLE_ASSIGNMENT((#8158));
#8158 = SURFACE_STYLE_USAGE(.BOTH.,#8159);
#8159 = SURFACE_SIDE_STYLE('',(#8160));
#8160 = SURFACE_STYLE_FILL_AREA(#8161);
#8161 = FILL_AREA_STYLE('',(#8162));
#8162 = FILL_AREA_STYLE_COLOUR('',#7896);
#8163 = STYLED_ITEM('color',(#8164),#2699);
#8164 = PRESENTATION_STYLE_ASSIGNMENT((#8165));
#8165 = SURFACE_STYLE_USAGE(.BOTH.,#8166);
#8166 = SURFACE_SIDE_STYLE('',(#8167));
#8167 = SURFACE_STYLE_FILL_AREA(#8168);
#8168 = FILL_AREA_STYLE('',(#8169));
#8169 = FILL_AREA_STYLE_COLOUR('',#7896);
#8170 = STYLED_ITEM('color',(#8171),#2716);
#8171 = PRESENTATION_STYLE_ASSIGNMENT((#8172));
#8172 = SURFACE_STYLE_USAGE(.BOTH.,#8173);
#8173 = SURFACE_SIDE_STYLE('',(#8174));
#8174 = SURFACE_STYLE_FILL_AREA(#8175);
#8175 = FILL_AREA_STYLE('',(#8176));
#8176 = FILL_AREA_STYLE_COLOUR('',#7896);
#8177 = STYLED_ITEM('color',(#8178),#2747);
#8178 = PRESENTATION_STYLE_ASSIGNMENT((#8179));
#8179 = SURFACE_STYLE_USAGE(.BOTH.,#8180);
#8180 = SURFACE_SIDE_STYLE('',(#8181));
#8181 = SURFACE_STYLE_FILL_AREA(#8182);
#8182 = FILL_AREA_STYLE('',(#8183));
#8183 = FILL_AREA_STYLE_COLOUR('',#7896);
#8184 = STYLED_ITEM('color',(#8185),#2771);
#8185 = PRESENTATION_STYLE_ASSIGNMENT((#8186));
#8186 = SURFACE_STYLE_USAGE(.BOTH.,#8187);
#8187 = SURFACE_SIDE_STYLE('',(#8188));
#8188 = SURFACE_STYLE_FILL_AREA(#8189);
#8189 = FILL_AREA_STYLE('',(#8190));
#8190 = FILL_AREA_STYLE_COLOUR('',#7896);
#8191 = STYLED_ITEM('color',(#8192),#2795);
#8192 = PRESENTATION_STYLE_ASSIGNMENT((#8193));
#8193 = SURFACE_STYLE_USAGE(.BOTH.,#8194);
#8194 = SURFACE_SIDE_STYLE('',(#8195));
#8195 = SURFACE_STYLE_FILL_AREA(#8196);
#8196 = FILL_AREA_STYLE('',(#8197));
#8197 = FILL_AREA_STYLE_COLOUR('',#7896);
#8198 = STYLED_ITEM('color',(#8199),#2812);
#8199 = PRESENTATION_STYLE_ASSIGNMENT((#8200));
#8200 = SURFACE_STYLE_USAGE(.BOTH.,#8201);
#8201 = SURFACE_SIDE_STYLE('',(#8202));
#8202 = SURFACE_STYLE_FILL_AREA(#8203);
#8203 = FILL_AREA_STYLE('',(#8204));
#8204 = FILL_AREA_STYLE_COLOUR('',#7896);
#8205 = STYLED_ITEM('color',(#8206),#2843);
#8206 = PRESENTATION_STYLE_ASSIGNMENT((#8207));
#8207 = SURFACE_STYLE_USAGE(.BOTH.,#8208);
#8208 = SURFACE_SIDE_STYLE('',(#8209));
#8209 = SURFACE_STYLE_FILL_AREA(#8210);
#8210 = FILL_AREA_STYLE('',(#8211));
#8211 = FILL_AREA_STYLE_COLOUR('',#7896);
#8212 = STYLED_ITEM('color',(#8213),#2867);
#8213 = PRESENTATION_STYLE_ASSIGNMENT((#8214));
#8214 = SURFACE_STYLE_USAGE(.BOTH.,#8215);
#8215 = SURFACE_SIDE_STYLE('',(#8216));
#8216 = SURFACE_STYLE_FILL_AREA(#8217);
#8217 = FILL_AREA_STYLE('',(#8218));
#8218 = FILL_AREA_STYLE_COLOUR('',#7896);
#8219 = STYLED_ITEM('color',(#8220),#2891);
#8220 = PRESENTATION_STYLE_ASSIGNMENT((#8221));
#8221 = SURFACE_STYLE_USAGE(.BOTH.,#8222);
#8222 = SURFACE_SIDE_STYLE('',(#8223));
#8223 = SURFACE_STYLE_FILL_AREA(#8224);
#8224 = FILL_AREA_STYLE('',(#8225));
#8225 = FILL_AREA_STYLE_COLOUR('',#7896);
#8226 = STYLED_ITEM('color',(#8227),#2908);
#8227 = PRESENTATION_STYLE_ASSIGNMENT((#8228));
#8228 = SURFACE_STYLE_USAGE(.BOTH.,#8229);
#8229 = SURFACE_SIDE_STYLE('',(#8230));
#8230 = SURFACE_STYLE_FILL_AREA(#8231);
#8231 = FILL_AREA_STYLE('',(#8232));
#8232 = FILL_AREA_STYLE_COLOUR('',#7896);
#8233 = STYLED_ITEM('color',(#8234),#2939);
#8234 = PRESENTATION_STYLE_ASSIGNMENT((#8235));
#8235 = SURFACE_STYLE_USAGE(.BOTH.,#8236);
#8236 = SURFACE_SIDE_STYLE('',(#8237));
#8237 = SURFACE_STYLE_FILL_AREA(#8238);
#8238 = FILL_AREA_STYLE('',(#8239));
#8239 = FILL_AREA_STYLE_COLOUR('',#7896);
#8240 = STYLED_ITEM('color',(#8241),#2963);
#8241 = PRESENTATION_STYLE_ASSIGNMENT((#8242));
#8242 = SURFACE_STYLE_USAGE(.BOTH.,#8243);
#8243 = SURFACE_SIDE_STYLE('',(#8244));
#8244 = SURFACE_STYLE_FILL_AREA(#8245);
#8245 = FILL_AREA_STYLE('',(#8246));
#8246 = FILL_AREA_STYLE_COLOUR('',#7896);
#8247 = STYLED_ITEM('color',(#8248),#2987);
#8248 = PRESENTATION_STYLE_ASSIGNMENT((#8249));
#8249 = SURFACE_STYLE_USAGE(.BOTH.,#8250);
#8250 = SURFACE_SIDE_STYLE('',(#8251));
#8251 = SURFACE_STYLE_FILL_AREA(#8252);
#8252 = FILL_AREA_STYLE('',(#8253));
#8253 = FILL_AREA_STYLE_COLOUR('',#7896);
#8254 = STYLED_ITEM('color',(#8255),#3004);
#8255 = PRESENTATION_STYLE_ASSIGNMENT((#8256));
#8256 = SURFACE_STYLE_USAGE(.BOTH.,#8257);
#8257 = SURFACE_SIDE_STYLE('',(#8258));
#8258 = SURFACE_STYLE_FILL_AREA(#8259);
#8259 = FILL_AREA_STYLE('',(#8260));
#8260 = FILL_AREA_STYLE_COLOUR('',#7896);
#8261 = STYLED_ITEM('color',(#8262),#3035);
#8262 = PRESENTATION_STYLE_ASSIGNMENT((#8263));
#8263 = SURFACE_STYLE_USAGE(.BOTH.,#8264);
#8264 = SURFACE_SIDE_STYLE('',(#8265));
#8265 = SURFACE_STYLE_FILL_AREA(#8266);
#8266 = FILL_AREA_STYLE('',(#8267));
#8267 = FILL_AREA_STYLE_COLOUR('',#7896);
#8268 = STYLED_ITEM('color',(#8269),#3059);
#8269 = PRESENTATION_STYLE_ASSIGNMENT((#8270));
#8270 = SURFACE_STYLE_USAGE(.BOTH.,#8271);
#8271 = SURFACE_SIDE_STYLE('',(#8272));
#8272 = SURFACE_STYLE_FILL_AREA(#8273);
#8273 = FILL_AREA_STYLE('',(#8274));
#8274 = FILL_AREA_STYLE_COLOUR('',#7896);
#8275 = STYLED_ITEM('color',(#8276),#3083);
#8276 = PRESENTATION_STYLE_ASSIGNMENT((#8277));
#8277 = SURFACE_STYLE_USAGE(.BOTH.,#8278);
#8278 = SURFACE_SIDE_STYLE('',(#8279));
#8279 = SURFACE_STYLE_FILL_AREA(#8280);
#8280 = FILL_AREA_STYLE('',(#8281));
#8281 = FILL_AREA_STYLE_COLOUR('',#7896);
#8282 = STYLED_ITEM('color',(#8283),#3100);
#8283 = PRESENTATION_STYLE_ASSIGNMENT((#8284));
#8284 = SURFACE_STYLE_USAGE(.BOTH.,#8285);
#8285 = SURFACE_SIDE_STYLE('',(#8286));
#8286 = SURFACE_STYLE_FILL_AREA(#8287);
#8287 = FILL_AREA_STYLE('',(#8288));
#8288 = FILL_AREA_STYLE_COLOUR('',#7896);
#8289 = STYLED_ITEM('color',(#8290),#3131);
#8290 = PRESENTATION_STYLE_ASSIGNMENT((#8291));
#8291 = SURFACE_STYLE_USAGE(.BOTH.,#8292);
#8292 = SURFACE_SIDE_STYLE('',(#8293));
#8293 = SURFACE_STYLE_FILL_AREA(#8294);
#8294 = FILL_AREA_STYLE('',(#8295));
#8295 = FILL_AREA_STYLE_COLOUR('',#7896);
#8296 = STYLED_ITEM('color',(#8297),#3155);
#8297 = PRESENTATION_STYLE_ASSIGNMENT((#8298));
#8298 = SURFACE_STYLE_USAGE(.BOTH.,#8299);
#8299 = SURFACE_SIDE_STYLE('',(#8300));
#8300 = SURFACE_STYLE_FILL_AREA(#8301);
#8301 = FILL_AREA_STYLE('',(#8302));
#8302 = FILL_AREA_STYLE_COLOUR('',#7896);
#8303 = STYLED_ITEM('color',(#8304),#3179);
#8304 = PRESENTATION_STYLE_ASSIGNMENT((#8305));
#8305 = SURFACE_STYLE_USAGE(.BOTH.,#8306);
#8306 = SURFACE_SIDE_STYLE('',(#8307));
#8307 = SURFACE_STYLE_FILL_AREA(#8308);
#8308 = FILL_AREA_STYLE('',(#8309));
#8309 = FILL_AREA_STYLE_COLOUR('',#7896);
#8310 = STYLED_ITEM('color',(#8311),#3196);
#8311 = PRESENTATION_STYLE_ASSIGNMENT((#8312));
#8312 = SURFACE_STYLE_USAGE(.BOTH.,#8313);
#8313 = SURFACE_SIDE_STYLE('',(#8314));
#8314 = SURFACE_STYLE_FILL_AREA(#8315);
#8315 = FILL_AREA_STYLE('',(#8316));
#8316 = FILL_AREA_STYLE_COLOUR('',#7896);
#8317 = STYLED_ITEM('color',(#8318),#3227);
#8318 = PRESENTATION_STYLE_ASSIGNMENT((#8319));
#8319 = SURFACE_STYLE_USAGE(.BOTH.,#8320);
#8320 = SURFACE_SIDE_STYLE('',(#8321));
#8321 = SURFACE_STYLE_FILL_AREA(#8322);
#8322 = FILL_AREA_STYLE('',(#8323));
#8323 = FILL_AREA_STYLE_COLOUR('',#7896);
#8324 = STYLED_ITEM('color',(#8325),#3251);
#8325 = PRESENTATION_STYLE_ASSIGNMENT((#8326));
#8326 = SURFACE_STYLE_USAGE(.BOTH.,#8327);
#8327 = SURFACE_SIDE_STYLE('',(#8328));
#8328 = SURFACE_STYLE_FILL_AREA(#8329);
#8329 = FILL_AREA_STYLE('',(#8330));
#8330 = FILL_AREA_STYLE_COLOUR('',#7896);
#8331 = STYLED_ITEM('color',(#8332),#3275);
#8332 = PRESENTATION_STYLE_ASSIGNMENT((#8333));
#8333 = SURFACE_STYLE_USAGE(.BOTH.,#8334);
#8334 = SURFACE_SIDE_STYLE('',(#8335));
#8335 = SURFACE_STYLE_FILL_AREA(#8336);
#8336 = FILL_AREA_STYLE('',(#8337));
#8337 = FILL_AREA_STYLE_COLOUR('',#7896);
#8338 = STYLED_ITEM('color',(#8339),#3292);
#8339 = PRESENTATION_STYLE_ASSIGNMENT((#8340));
#8340 = SURFACE_STYLE_USAGE(.BOTH.,#8341);
#8341 = SURFACE_SIDE_STYLE('',(#8342));
#8342 = SURFACE_STYLE_FILL_AREA(#8343);
#8343 = FILL_AREA_STYLE('',(#8344));
#8344 = FILL_AREA_STYLE_COLOUR('',#7896);
#8345 = STYLED_ITEM('color',(#8346),#3323);
#8346 = PRESENTATION_STYLE_ASSIGNMENT((#8347));
#8347 = SURFACE_STYLE_USAGE(.BOTH.,#8348);
#8348 = SURFACE_SIDE_STYLE('',(#8349));
#8349 = SURFACE_STYLE_FILL_AREA(#8350);
#8350 = FILL_AREA_STYLE('',(#8351));
#8351 = FILL_AREA_STYLE_COLOUR('',#7896);
#8352 = STYLED_ITEM('color',(#8353),#3347);
#8353 = PRESENTATION_STYLE_ASSIGNMENT((#8354));
#8354 = SURFACE_STYLE_USAGE(.BOTH.,#8355);
#8355 = SURFACE_SIDE_STYLE('',(#8356));
#8356 = SURFACE_STYLE_FILL_AREA(#8357);
#8357 = FILL_AREA_STYLE('',(#8358));
#8358 = FILL_AREA_STYLE_COLOUR('',#7896);
#8359 = STYLED_ITEM('color',(#8360),#3371);
#8360 = PRESENTATION_STYLE_ASSIGNMENT((#8361));
#8361 = SURFACE_STYLE_USAGE(.BOTH.,#8362);
#8362 = SURFACE_SIDE_STYLE('',(#8363));
#8363 = SURFACE_STYLE_FILL_AREA(#8364);
#8364 = FILL_AREA_STYLE('',(#8365));
#8365 = FILL_AREA_STYLE_COLOUR('',#7896);
#8366 = STYLED_ITEM('color',(#8367),#3388);
#8367 = PRESENTATION_STYLE_ASSIGNMENT((#8368));
#8368 = SURFACE_STYLE_USAGE(.BOTH.,#8369);
#8369 = SURFACE_SIDE_STYLE('',(#8370));
#8370 = SURFACE_STYLE_FILL_AREA(#8371);
#8371 = FILL_AREA_STYLE('',(#8372));
#8372 = FILL_AREA_STYLE_COLOUR('',#7896);
#8373 = STYLED_ITEM('color',(#8374),#3419);
#8374 = PRESENTATION_STYLE_ASSIGNMENT((#8375));
#8375 = SURFACE_STYLE_USAGE(.BOTH.,#8376);
#8376 = SURFACE_SIDE_STYLE('',(#8377));
#8377 = SURFACE_STYLE_FILL_AREA(#8378);
#8378 = FILL_AREA_STYLE('',(#8379));
#8379 = FILL_AREA_STYLE_COLOUR('',#7896);
#8380 = STYLED_ITEM('color',(#8381),#3443);
#8381 = PRESENTATION_STYLE_ASSIGNMENT((#8382));
#8382 = SURFACE_STYLE_USAGE(.BOTH.,#8383);
#8383 = SURFACE_SIDE_STYLE('',(#8384));
#8384 = SURFACE_STYLE_FILL_AREA(#8385);
#8385 = FILL_AREA_STYLE('',(#8386));
#8386 = FILL_AREA_STYLE_COLOUR('',#7896);
#8387 = STYLED_ITEM('color',(#8388),#3467);
#8388 = PRESENTATION_STYLE_ASSIGNMENT((#8389));
#8389 = SURFACE_STYLE_USAGE(.BOTH.,#8390);
#8390 = SURFACE_SIDE_STYLE('',(#8391));
#8391 = SURFACE_STYLE_FILL_AREA(#8392);
#8392 = FILL_AREA_STYLE('',(#8393));
#8393 = FILL_AREA_STYLE_COLOUR('',#7896);
#8394 = STYLED_ITEM('color',(#8395),#3484);
#8395 = PRESENTATION_STYLE_ASSIGNMENT((#8396));
#8396 = SURFACE_STYLE_USAGE(.BOTH.,#8397);
#8397 = SURFACE_SIDE_STYLE('',(#8398));
#8398 = SURFACE_STYLE_FILL_AREA(#8399);
#8399 = FILL_AREA_STYLE('',(#8400));
#8400 = FILL_AREA_STYLE_COLOUR('',#7896);
#8401 = STYLED_ITEM('color',(#8402),#3515);
#8402 = PRESENTATION_STYLE_ASSIGNMENT((#8403));
#8403 = SURFACE_STYLE_USAGE(.BOTH.,#8404);
#8404 = SURFACE_SIDE_STYLE('',(#8405));
#8405 = SURFACE_STYLE_FILL_AREA(#8406);
#8406 = FILL_AREA_STYLE('',(#8407));
#8407 = FILL_AREA_STYLE_COLOUR('',#7896);
#8408 = STYLED_ITEM('color',(#8409),#3539);
#8409 = PRESENTATION_STYLE_ASSIGNMENT((#8410));
#8410 = SURFACE_STYLE_USAGE(.BOTH.,#8411);
#8411 = SURFACE_SIDE_STYLE('',(#8412));
#8412 = SURFACE_STYLE_FILL_AREA(#8413);
#8413 = FILL_AREA_STYLE('',(#8414));
#8414 = FILL_AREA_STYLE_COLOUR('',#7896);
#8415 = STYLED_ITEM('color',(#8416),#3563);
#8416 = PRESENTATION_STYLE_ASSIGNMENT((#8417));
#8417 = SURFACE_STYLE_USAGE(.BOTH.,#8418);
#8418 = SURFACE_SIDE_STYLE('',(#8419));
#8419 = SURFACE_STYLE_FILL_AREA(#8420);
#8420 = FILL_AREA_STYLE('',(#8421));
#8421 = FILL_AREA_STYLE_COLOUR('',#7896);
#8422 = STYLED_ITEM('color',(#8423),#3580);
#8423 = PRESENTATION_STYLE_ASSIGNMENT((#8424));
#8424 = SURFACE_STYLE_USAGE(.BOTH.,#8425);
#8425 = SURFACE_SIDE_STYLE('',(#8426));
#8426 = SURFACE_STYLE_FILL_AREA(#8427);
#8427 = FILL_AREA_STYLE('',(#8428));
#8428 = FILL_AREA_STYLE_COLOUR('',#7896);
#8429 = STYLED_ITEM('color',(#8430),#3611);
#8430 = PRESENTATION_STYLE_ASSIGNMENT((#8431));
#8431 = SURFACE_STYLE_USAGE(.BOTH.,#8432);
#8432 = SURFACE_SIDE_STYLE('',(#8433));
#8433 = SURFACE_STYLE_FILL_AREA(#8434);
#8434 = FILL_AREA_STYLE('',(#8435));
#8435 = FILL_AREA_STYLE_COLOUR('',#7896);
#8436 = STYLED_ITEM('color',(#8437),#3635);
#8437 = PRESENTATION_STYLE_ASSIGNMENT((#8438));
#8438 = SURFACE_STYLE_USAGE(.BOTH.,#8439);
#8439 = SURFACE_SIDE_STYLE('',(#8440));
#8440 = SURFACE_STYLE_FILL_AREA(#8441);
#8441 = FILL_AREA_STYLE('',(#8442));
#8442 = FILL_AREA_STYLE_COLOUR('',#7896);
#8443 = STYLED_ITEM('color',(#8444),#3659);
#8444 = PRESENTATION_STYLE_ASSIGNMENT((#8445));
#8445 = SURFACE_STYLE_USAGE(.BOTH.,#8446);
#8446 = SURFACE_SIDE_STYLE('',(#8447));
#8447 = SURFACE_STYLE_FILL_AREA(#8448);
#8448 = FILL_AREA_STYLE('',(#8449));
#8449 = FILL_AREA_STYLE_COLOUR('',#7896);
#8450 = STYLED_ITEM('color',(#8451),#3676);
#8451 = PRESENTATION_STYLE_ASSIGNMENT((#8452));
#8452 = SURFACE_STYLE_USAGE(.BOTH.,#8453);
#8453 = SURFACE_SIDE_STYLE('',(#8454));
#8454 = SURFACE_STYLE_FILL_AREA(#8455);
#8455 = FILL_AREA_STYLE('',(#8456));
#8456 = FILL_AREA_STYLE_COLOUR('',#7896);
#8457 = STYLED_ITEM('color',(#8458),#3707);
#8458 = PRESENTATION_STYLE_ASSIGNMENT((#8459));
#8459 = SURFACE_STYLE_USAGE(.BOTH.,#8460);
#8460 = SURFACE_SIDE_STYLE('',(#8461));
#8461 = SURFACE_STYLE_FILL_AREA(#8462);
#8462 = FILL_AREA_STYLE('',(#8463));
#8463 = FILL_AREA_STYLE_COLOUR('',#7896);
#8464 = STYLED_ITEM('color',(#8465),#3731);
#8465 = PRESENTATION_STYLE_ASSIGNMENT((#8466));
#8466 = SURFACE_STYLE_USAGE(.BOTH.,#8467);
#8467 = SURFACE_SIDE_STYLE('',(#8468));
#8468 = SURFACE_STYLE_FILL_AREA(#8469);
#8469 = FILL_AREA_STYLE('',(#8470));
#8470 = FILL_AREA_STYLE_COLOUR('',#7896);
#8471 = STYLED_ITEM('color',(#8472),#3755);
#8472 = PRESENTATION_STYLE_ASSIGNMENT((#8473));
#8473 = SURFACE_STYLE_USAGE(.BOTH.,#8474);
#8474 = SURFACE_SIDE_STYLE('',(#8475));
#8475 = SURFACE_STYLE_FILL_AREA(#8476);
#8476 = FILL_AREA_STYLE('',(#8477));
#8477 = FILL_AREA_STYLE_COLOUR('',#7896);
#8478 = STYLED_ITEM('color',(#8479),#3772);
#8479 = PRESENTATION_STYLE_ASSIGNMENT((#8480));
#8480 = SURFACE_STYLE_USAGE(.BOTH.,#8481);
#8481 = SURFACE_SIDE_STYLE('',(#8482));
#8482 = SURFACE_STYLE_FILL_AREA(#8483);
#8483 = FILL_AREA_STYLE('',(#8484));
#8484 = FILL_AREA_STYLE_COLOUR('',#7896);
#8485 = STYLED_ITEM('color',(#8486),#3803);
#8486 = PRESENTATION_STYLE_ASSIGNMENT((#8487));
#8487 = SURFACE_STYLE_USAGE(.BOTH.,#8488);
#8488 = SURFACE_SIDE_STYLE('',(#8489));
#8489 = SURFACE_STYLE_FILL_AREA(#8490);
#8490 = FILL_AREA_STYLE('',(#8491));
#8491 = FILL_AREA_STYLE_COLOUR('',#7896);
#8492 = STYLED_ITEM('color',(#8493),#3827);
#8493 = PRESENTATION_STYLE_ASSIGNMENT((#8494));
#8494 = SURFACE_STYLE_USAGE(.BOTH.,#8495);
#8495 = SURFACE_SIDE_STYLE('',(#8496));
#8496 = SURFACE_STYLE_FILL_AREA(#8497);
#8497 = FILL_AREA_STYLE('',(#8498));
#8498 = FILL_AREA_STYLE_COLOUR('',#7896);
#8499 = STYLED_ITEM('color',(#8500),#3851);
#8500 = PRESENTATION_STYLE_ASSIGNMENT((#8501));
#8501 = SURFACE_STYLE_USAGE(.BOTH.,#8502);
#8502 = SURFACE_SIDE_STYLE('',(#8503));
#8503 = SURFACE_STYLE_FILL_AREA(#8504);
#8504 = FILL_AREA_STYLE('',(#8505));
#8505 = FILL_AREA_STYLE_COLOUR('',#7896);
#8506 = STYLED_ITEM('color',(#8507),#3868);
#8507 = PRESENTATION_STYLE_ASSIGNMENT((#8508));
#8508 = SURFACE_STYLE_USAGE(.BOTH.,#8509);
#8509 = SURFACE_SIDE_STYLE('',(#8510));
#8510 = SURFACE_STYLE_FILL_AREA(#8511);
#8511 = FILL_AREA_STYLE('',(#8512));
#8512 = FILL_AREA_STYLE_COLOUR('',#7896);
#8513 = STYLED_ITEM('color',(#8514),#3899);
#8514 = PRESENTATION_STYLE_ASSIGNMENT((#8515));
#8515 = SURFACE_STYLE_USAGE(.BOTH.,#8516);
#8516 = SURFACE_SIDE_STYLE('',(#8517));
#8517 = SURFACE_STYLE_FILL_AREA(#8518);
#8518 = FILL_AREA_STYLE('',(#8519));
#8519 = FILL_AREA_STYLE_COLOUR('',#7896);
#8520 = STYLED_ITEM('color',(#8521),#3923);
#8521 = PRESENTATION_STYLE_ASSIGNMENT((#8522));
#8522 = SURFACE_STYLE_USAGE(.BOTH.,#8523);
#8523 = SURFACE_SIDE_STYLE('',(#8524));
#8524 = SURFACE_STYLE_FILL_AREA(#8525);
#8525 = FILL_AREA_STYLE('',(#8526));
#8526 = FILL_AREA_STYLE_COLOUR('',#7896);
#8527 = STYLED_ITEM('color',(#8528),#3947);
#8528 = PRESENTATION_STYLE_ASSIGNMENT((#8529));
#8529 = SURFACE_STYLE_USAGE(.BOTH.,#8530);
#8530 = SURFACE_SIDE_STYLE('',(#8531));
#8531 = SURFACE_STYLE_FILL_AREA(#8532);
#8532 = FILL_AREA_STYLE('',(#8533));
#8533 = FILL_AREA_STYLE_COLOUR('',#7896);
#8534 = STYLED_ITEM('color',(#8535),#3964);
#8535 = PRESENTATION_STYLE_ASSIGNMENT((#8536));
#8536 = SURFACE_STYLE_USAGE(.BOTH.,#8537);
#8537 = SURFACE_SIDE_STYLE('',(#8538));
#8538 = SURFACE_STYLE_FILL_AREA(#8539);
#8539 = FILL_AREA_STYLE('',(#8540));
#8540 = FILL_AREA_STYLE_COLOUR('',#7896);
#8541 = STYLED_ITEM('color',(#8542),#3995);
#8542 = PRESENTATION_STYLE_ASSIGNMENT((#8543));
#8543 = SURFACE_STYLE_USAGE(.BOTH.,#8544);
#8544 = SURFACE_SIDE_STYLE('',(#8545));
#8545 = SURFACE_STYLE_FILL_AREA(#8546);
#8546 = FILL_AREA_STYLE('',(#8547));
#8547 = FILL_AREA_STYLE_COLOUR('',#7896);
#8548 = STYLED_ITEM('color',(#8549),#4019);
#8549 = PRESENTATION_STYLE_ASSIGNMENT((#8550));
#8550 = SURFACE_STYLE_USAGE(.BOTH.,#8551);
#8551 = SURFACE_SIDE_STYLE('',(#8552));
#8552 = SURFACE_STYLE_FILL_AREA(#8553);
#8553 = FILL_AREA_STYLE('',(#8554));
#8554 = FILL_AREA_STYLE_COLOUR('',#7896);
#8555 = STYLED_ITEM('color',(#8556),#4043);
#8556 = PRESENTATION_STYLE_ASSIGNMENT((#8557));
#8557 = SURFACE_STYLE_USAGE(.BOTH.,#8558);
#8558 = SURFACE_SIDE_STYLE('',(#8559));
#8559 = SURFACE_STYLE_FILL_AREA(#8560);
#8560 = FILL_AREA_STYLE('',(#8561));
#8561 = FILL_AREA_STYLE_COLOUR('',#7896);
#8562 = STYLED_ITEM('color',(#8563),#4060);
#8563 = PRESENTATION_STYLE_ASSIGNMENT((#8564));
#8564 = SURFACE_STYLE_USAGE(.BOTH.,#8565);
#8565 = SURFACE_SIDE_STYLE('',(#8566));
#8566 = SURFACE_STYLE_FILL_AREA(#8567);
#8567 = FILL_AREA_STYLE('',(#8568));
#8568 = FILL_AREA_STYLE_COLOUR('',#7896);
#8569 = STYLED_ITEM('color',(#8570),#4072);
#8570 = PRESENTATION_STYLE_ASSIGNMENT((#8571));
#8571 = SURFACE_STYLE_USAGE(.BOTH.,#8572);
#8572 = SURFACE_SIDE_STYLE('',(#8573));
#8573 = SURFACE_STYLE_FILL_AREA(#8574);
#8574 = FILL_AREA_STYLE('',(#8575));
#8575 = FILL_AREA_STYLE_COLOUR('',#7896);
#8576 = STYLED_ITEM('color',(#8577),#4084);
#8577 = PRESENTATION_STYLE_ASSIGNMENT((#8578));
#8578 = SURFACE_STYLE_USAGE(.BOTH.,#8579);
#8579 = SURFACE_SIDE_STYLE('',(#8580));
#8580 = SURFACE_STYLE_FILL_AREA(#8581);
#8581 = FILL_AREA_STYLE('',(#8582));
#8582 = FILL_AREA_STYLE_COLOUR('',#7896);
#8583 = STYLED_ITEM('color',(#8584),#4096);
#8584 = PRESENTATION_STYLE_ASSIGNMENT((#8585));
#8585 = SURFACE_STYLE_USAGE(.BOTH.,#8586);
#8586 = SURFACE_SIDE_STYLE('',(#8587));
#8587 = SURFACE_STYLE_FILL_AREA(#8588);
#8588 = FILL_AREA_STYLE('',(#8589));
#8589 = FILL_AREA_STYLE_COLOUR('',#7896);
#8590 = STYLED_ITEM('color',(#8591),#4108);
#8591 = PRESENTATION_STYLE_ASSIGNMENT((#8592));
#8592 = SURFACE_STYLE_USAGE(.BOTH.,#8593);
#8593 = SURFACE_SIDE_STYLE('',(#8594));
#8594 = SURFACE_STYLE_FILL_AREA(#8595);
#8595 = FILL_AREA_STYLE('',(#8596));
#8596 = FILL_AREA_STYLE_COLOUR('',#7896);
#8597 = STYLED_ITEM('color',(#8598),#4120);
#8598 = PRESENTATION_STYLE_ASSIGNMENT((#8599));
#8599 = SURFACE_STYLE_USAGE(.BOTH.,#8600);
#8600 = SURFACE_SIDE_STYLE('',(#8601));
#8601 = SURFACE_STYLE_FILL_AREA(#8602);
#8602 = FILL_AREA_STYLE('',(#8603));
#8603 = FILL_AREA_STYLE_COLOUR('',#7896);
#8604 = STYLED_ITEM('color',(#8605),#4132);
#8605 = PRESENTATION_STYLE_ASSIGNMENT((#8606));
#8606 = SURFACE_STYLE_USAGE(.BOTH.,#8607);
#8607 = SURFACE_SIDE_STYLE('',(#8608));
#8608 = SURFACE_STYLE_FILL_AREA(#8609);
#8609 = FILL_AREA_STYLE('',(#8610));
#8610 = FILL_AREA_STYLE_COLOUR('',#7896);
#8611 = STYLED_ITEM('color',(#8612),#4144);
#8612 = PRESENTATION_STYLE_ASSIGNMENT((#8613));
#8613 = SURFACE_STYLE_USAGE(.BOTH.,#8614);
#8614 = SURFACE_SIDE_STYLE('',(#8615));
#8615 = SURFACE_STYLE_FILL_AREA(#8616);
#8616 = FILL_AREA_STYLE('',(#8617));
#8617 = FILL_AREA_STYLE_COLOUR('',#7896);
#8618 = STYLED_ITEM('color',(#8619),#4156);
#8619 = PRESENTATION_STYLE_ASSIGNMENT((#8620));
#8620 = SURFACE_STYLE_USAGE(.BOTH.,#8621);
#8621 = SURFACE_SIDE_STYLE('',(#8622));
#8622 = SURFACE_STYLE_FILL_AREA(#8623);
#8623 = FILL_AREA_STYLE('',(#8624));
#8624 = FILL_AREA_STYLE_COLOUR('',#7896);
#8625 = STYLED_ITEM('color',(#8626),#4168);
#8626 = PRESENTATION_STYLE_ASSIGNMENT((#8627));
#8627 = SURFACE_STYLE_USAGE(.BOTH.,#8628);
#8628 = SURFACE_SIDE_STYLE('',(#8629));
#8629 = SURFACE_STYLE_FILL_AREA(#8630);
#8630 = FILL_AREA_STYLE('',(#8631));
#8631 = FILL_AREA_STYLE_COLOUR('',#7896);
#8632 = STYLED_ITEM('color',(#8633),#4180);
#8633 = PRESENTATION_STYLE_ASSIGNMENT((#8634));
#8634 = SURFACE_STYLE_USAGE(.BOTH.,#8635);
#8635 = SURFACE_SIDE_STYLE('',(#8636));
#8636 = SURFACE_STYLE_FILL_AREA(#8637);
#8637 = FILL_AREA_STYLE('',(#8638));
#8638 = FILL_AREA_STYLE_COLOUR('',#7896);
#8639 = STYLED_ITEM('color',(#8640),#4192);
#8640 = PRESENTATION_STYLE_ASSIGNMENT((#8641));
#8641 = SURFACE_STYLE_USAGE(.BOTH.,#8642);
#8642 = SURFACE_SIDE_STYLE('',(#8643));
#8643 = SURFACE_STYLE_FILL_AREA(#8644);
#8644 = FILL_AREA_STYLE('',(#8645));
#8645 = FILL_AREA_STYLE_COLOUR('',#7896);
#8646 = MECHANICAL_DESIGN_GEOMETRIC_PRESENTATION_REPRESENTATION('',(
    #8647,#8656,#8665,#8674,#8683,#8692,#8701,#8710,#8719,#8728,#8737,
    #8746,#8755,#8764,#8773,#8783,#8792,#8801,#8810,#8819,#8828,#8837,
    #8846,#8855,#8864,#8873,#8882,#8891,#8900,#8909,#8918,#8927,#8936,
    #8945,#8954,#8963,#8972,#8981,#8990,#8999,#9008,#9017,#9026,#9035,
    #9044,#9053,#9062,#9071,#9080,#9089,#9098,#9107,#9116,#9125,#9134,
    #9143,#9152,#9161,#9170,#9179,#9188,#9197,#9206,#9215,#9224,#9233,
    #9242,#9251,#9260),#6228);
#8647 = STYLED_ITEM('color',(#8648),#4248);
#8648 = PRESENTATION_STYLE_ASSIGNMENT((#8649,#8654));
#8649 = SURFACE_STYLE_USAGE(.BOTH.,#8650);
#8650 = SURFACE_SIDE_STYLE('',(#8651));
#8651 = SURFACE_STYLE_FILL_AREA(#8652);
#8652 = FILL_AREA_STYLE('',(#8653));
#8653 = FILL_AREA_STYLE_COLOUR('',#7615);
#8654 = CURVE_STYLE('',#8655,POSITIVE_LENGTH_MEASURE(0.1),#7615);
#8655 = DRAUGHTING_PRE_DEFINED_CURVE_FONT('continuous');
#8656 = STYLED_ITEM('color',(#8657),#4286);
#8657 = PRESENTATION_STYLE_ASSIGNMENT((#8658,#8663));
#8658 = SURFACE_STYLE_USAGE(.BOTH.,#8659);
#8659 = SURFACE_SIDE_STYLE('',(#8660));
#8660 = SURFACE_STYLE_FILL_AREA(#8661);
#8661 = FILL_AREA_STYLE('',(#8662));
#8662 = FILL_AREA_STYLE_COLOUR('',#7615);
#8663 = CURVE_STYLE('',#8664,POSITIVE_LENGTH_MEASURE(0.1),#7615);
#8664 = DRAUGHTING_PRE_DEFINED_CURVE_FONT('continuous');
#8665 = STYLED_ITEM('color',(#8666),#4349);
#8666 = PRESENTATION_STYLE_ASSIGNMENT((#8667,#8672));
#8667 = SURFACE_STYLE_USAGE(.BOTH.,#8668);
#8668 = SURFACE_SIDE_STYLE('',(#8669));
#8669 = SURFACE_STYLE_FILL_AREA(#8670);
#8670 = FILL_AREA_STYLE('',(#8671));
#8671 = FILL_AREA_STYLE_COLOUR('',#7615);
#8672 = CURVE_STYLE('',#8673,POSITIVE_LENGTH_MEASURE(0.1),#7615);
#8673 = DRAUGHTING_PRE_DEFINED_CURVE_FONT('continuous');
#8674 = STYLED_ITEM('color',(#8675),#4372);
#8675 = PRESENTATION_STYLE_ASSIGNMENT((#8676,#8681));
#8676 = SURFACE_STYLE_USAGE(.BOTH.,#8677);
#8677 = SURFACE_SIDE_STYLE('',(#8678));
#8678 = SURFACE_STYLE_FILL_AREA(#8679);
#8679 = FILL_AREA_STYLE('',(#8680));
#8680 = FILL_AREA_STYLE_COLOUR('',#7615);
#8681 = CURVE_STYLE('',#8682,POSITIVE_LENGTH_MEASURE(0.1),#7615);
#8682 = DRAUGHTING_PRE_DEFINED_CURVE_FONT('continuous');
#8683 = STYLED_ITEM('color',(#8684),#4401);
#8684 = PRESENTATION_STYLE_ASSIGNMENT((#8685,#8690));
#8685 = SURFACE_STYLE_USAGE(.BOTH.,#8686);
#8686 = SURFACE_SIDE_STYLE('',(#8687));
#8687 = SURFACE_STYLE_FILL_AREA(#8688);
#8688 = FILL_AREA_STYLE('',(#8689));
#8689 = FILL_AREA_STYLE_COLOUR('',#7615);
#8690 = CURVE_STYLE('',#8691,POSITIVE_LENGTH_MEASURE(0.1),#7615);
#8691 = DRAUGHTING_PRE_DEFINED_CURVE_FONT('continuous');
#8692 = STYLED_ITEM('color',(#8693),#4424);
#8693 = PRESENTATION_STYLE_ASSIGNMENT((#8694,#8699));
#8694 = SURFACE_STYLE_USAGE(.BOTH.,#8695);
#8695 = SURFACE_SIDE_STYLE('',(#8696));
#8696 = SURFACE_STYLE_FILL_AREA(#8697);
#8697 = FILL_AREA_STYLE('',(#8698));
#8698 = FILL_AREA_STYLE_COLOUR('',#7615);
#8699 = CURVE_STYLE('',#8700,POSITIVE_LENGTH_MEASURE(0.1),#7615);
#8700 = DRAUGHTING_PRE_DEFINED_CURVE_FONT('continuous');
#8701 = STYLED_ITEM('color',(#8702),#4479);
#8702 = PRESENTATION_STYLE_ASSIGNMENT((#8703,#8708));
#8703 = SURFACE_STYLE_USAGE(.BOTH.,#8704);
#8704 = SURFACE_SIDE_STYLE('',(#8705));
#8705 = SURFACE_STYLE_FILL_AREA(#8706);
#8706 = FILL_AREA_STYLE('',(#8707));
#8707 = FILL_AREA_STYLE_COLOUR('',#7615);
#8708 = CURVE_STYLE('',#8709,POSITIVE_LENGTH_MEASURE(0.1),#7615);
#8709 = DRAUGHTING_PRE_DEFINED_CURVE_FONT('continuous');
#8710 = STYLED_ITEM('color',(#8711),#4518);
#8711 = PRESENTATION_STYLE_ASSIGNMENT((#8712,#8717));
#8712 = SURFACE_STYLE_USAGE(.BOTH.,#8713);
#8713 = SURFACE_SIDE_STYLE('',(#8714));
#8714 = SURFACE_STYLE_FILL_AREA(#8715);
#8715 = FILL_AREA_STYLE('',(#8716));
#8716 = FILL_AREA_STYLE_COLOUR('',#7615);
#8717 = CURVE_STYLE('',#8718,POSITIVE_LENGTH_MEASURE(0.1),#7615);
#8718 = DRAUGHTING_PRE_DEFINED_CURVE_FONT('continuous');
#8719 = STYLED_ITEM('color',(#8720),#4541);
#8720 = PRESENTATION_STYLE_ASSIGNMENT((#8721,#8726));
#8721 = SURFACE_STYLE_USAGE(.BOTH.,#8722);
#8722 = SURFACE_SIDE_STYLE('',(#8723));
#8723 = SURFACE_STYLE_FILL_AREA(#8724);
#8724 = FILL_AREA_STYLE('',(#8725));
#8725 = FILL_AREA_STYLE_COLOUR('',#7615);
#8726 = CURVE_STYLE('',#8727,POSITIVE_LENGTH_MEASURE(0.1),#7615);
#8727 = DRAUGHTING_PRE_DEFINED_CURVE_FONT('continuous');
#8728 = STYLED_ITEM('color',(#8729),#4564);
#8729 = PRESENTATION_STYLE_ASSIGNMENT((#8730,#8735));
#8730 = SURFACE_STYLE_USAGE(.BOTH.,#8731);
#8731 = SURFACE_SIDE_STYLE('',(#8732));
#8732 = SURFACE_STYLE_FILL_AREA(#8733);
#8733 = FILL_AREA_STYLE('',(#8734));
#8734 = FILL_AREA_STYLE_COLOUR('',#7615);
#8735 = CURVE_STYLE('',#8736,POSITIVE_LENGTH_MEASURE(0.1),#7615);
#8736 = DRAUGHTING_PRE_DEFINED_CURVE_FONT('continuous');
#8737 = STYLED_ITEM('color',(#8738),#4581);
#8738 = PRESENTATION_STYLE_ASSIGNMENT((#8739,#8744));
#8739 = SURFACE_STYLE_USAGE(.BOTH.,#8740);
#8740 = SURFACE_SIDE_STYLE('',(#8741));
#8741 = SURFACE_STYLE_FILL_AREA(#8742);
#8742 = FILL_AREA_STYLE('',(#8743));
#8743 = FILL_AREA_STYLE_COLOUR('',#7615);
#8744 = CURVE_STYLE('',#8745,POSITIVE_LENGTH_MEASURE(0.1),#7615);
#8745 = DRAUGHTING_PRE_DEFINED_CURVE_FONT('continuous');
#8746 = STYLED_ITEM('color',(#8747),#4604);
#8747 = PRESENTATION_STYLE_ASSIGNMENT((#8748,#8753));
#8748 = SURFACE_STYLE_USAGE(.BOTH.,#8749);
#8749 = SURFACE_SIDE_STYLE('',(#8750));
#8750 = SURFACE_STYLE_FILL_AREA(#8751);
#8751 = FILL_AREA_STYLE('',(#8752));
#8752 = FILL_AREA_STYLE_COLOUR('',#7615);
#8753 = CURVE_STYLE('',#8754,POSITIVE_LENGTH_MEASURE(0.1),#7615);
#8754 = DRAUGHTING_PRE_DEFINED_CURVE_FONT('continuous');
#8755 = STYLED_ITEM('color',(#8756),#4692);
#8756 = PRESENTATION_STYLE_ASSIGNMENT((#8757,#8762));
#8757 = SURFACE_STYLE_USAGE(.BOTH.,#8758);
#8758 = SURFACE_SIDE_STYLE('',(#8759));
#8759 = SURFACE_STYLE_FILL_AREA(#8760);
#8760 = FILL_AREA_STYLE('',(#8761));
#8761 = FILL_AREA_STYLE_COLOUR('',#7615);
#8762 = CURVE_STYLE('',#8763,POSITIVE_LENGTH_MEASURE(0.1),#7615);
#8763 = DRAUGHTING_PRE_DEFINED_CURVE_FONT('continuous');
#8764 = STYLED_ITEM('color',(#8765),#4708);
#8765 = PRESENTATION_STYLE_ASSIGNMENT((#8766,#8771));
#8766 = SURFACE_STYLE_USAGE(.BOTH.,#8767);
#8767 = SURFACE_SIDE_STYLE('',(#8768));
#8768 = SURFACE_STYLE_FILL_AREA(#8769);
#8769 = FILL_AREA_STYLE('',(#8770));
#8770 = FILL_AREA_STYLE_COLOUR('',#7615);
#8771 = CURVE_STYLE('',#8772,POSITIVE_LENGTH_MEASURE(0.1),#7615);
#8772 = DRAUGHTING_PRE_DEFINED_CURVE_FONT('continuous');
#8773 = STYLED_ITEM('color',(#8774),#4738);
#8774 = PRESENTATION_STYLE_ASSIGNMENT((#8775,#8781));
#8775 = SURFACE_STYLE_USAGE(.BOTH.,#8776);
#8776 = SURFACE_SIDE_STYLE('',(#8777));
#8777 = SURFACE_STYLE_FILL_AREA(#8778);
#8778 = FILL_AREA_STYLE('',(#8779));
#8779 = FILL_AREA_STYLE_COLOUR('',#8780);
#8780 = COLOUR_RGB('',0.823999987314,0.819999987296,0.781000009244);
#8781 = CURVE_STYLE('',#8782,POSITIVE_LENGTH_MEASURE(0.1),#8780);
#8782 = DRAUGHTING_PRE_DEFINED_CURVE_FONT('continuous');
#8783 = STYLED_ITEM('color',(#8784),#4771);
#8784 = PRESENTATION_STYLE_ASSIGNMENT((#8785,#8790));
#8785 = SURFACE_STYLE_USAGE(.BOTH.,#8786);
#8786 = SURFACE_SIDE_STYLE('',(#8787));
#8787 = SURFACE_STYLE_FILL_AREA(#8788);
#8788 = FILL_AREA_STYLE('',(#8789));
#8789 = FILL_AREA_STYLE_COLOUR('',#7615);
#8790 = CURVE_STYLE('',#8791,POSITIVE_LENGTH_MEASURE(0.1),#7615);
#8791 = DRAUGHTING_PRE_DEFINED_CURVE_FONT('continuous');
#8792 = STYLED_ITEM('color',(#8793),#4802);
#8793 = PRESENTATION_STYLE_ASSIGNMENT((#8794,#8799));
#8794 = SURFACE_STYLE_USAGE(.BOTH.,#8795);
#8795 = SURFACE_SIDE_STYLE('',(#8796));
#8796 = SURFACE_STYLE_FILL_AREA(#8797);
#8797 = FILL_AREA_STYLE('',(#8798));
#8798 = FILL_AREA_STYLE_COLOUR('',#8780);
#8799 = CURVE_STYLE('',#8800,POSITIVE_LENGTH_MEASURE(0.1),#8780);
#8800 = DRAUGHTING_PRE_DEFINED_CURVE_FONT('continuous');
#8801 = STYLED_ITEM('color',(#8802),#4835);
#8802 = PRESENTATION_STYLE_ASSIGNMENT((#8803,#8808));
#8803 = SURFACE_STYLE_USAGE(.BOTH.,#8804);
#8804 = SURFACE_SIDE_STYLE('',(#8805));
#8805 = SURFACE_STYLE_FILL_AREA(#8806);
#8806 = FILL_AREA_STYLE('',(#8807));
#8807 = FILL_AREA_STYLE_COLOUR('',#7615);
#8808 = CURVE_STYLE('',#8809,POSITIVE_LENGTH_MEASURE(0.1),#7615);
#8809 = DRAUGHTING_PRE_DEFINED_CURVE_FONT('continuous');
#8810 = STYLED_ITEM('color',(#8811),#4852);
#8811 = PRESENTATION_STYLE_ASSIGNMENT((#8812,#8817));
#8812 = SURFACE_STYLE_USAGE(.BOTH.,#8813);
#8813 = SURFACE_SIDE_STYLE('',(#8814));
#8814 = SURFACE_STYLE_FILL_AREA(#8815);
#8815 = FILL_AREA_STYLE('',(#8816));
#8816 = FILL_AREA_STYLE_COLOUR('',#7615);
#8817 = CURVE_STYLE('',#8818,POSITIVE_LENGTH_MEASURE(0.1),#7615);
#8818 = DRAUGHTING_PRE_DEFINED_CURVE_FONT('continuous');
#8819 = STYLED_ITEM('color',(#8820),#4869);
#8820 = PRESENTATION_STYLE_ASSIGNMENT((#8821,#8826));
#8821 = SURFACE_STYLE_USAGE(.BOTH.,#8822);
#8822 = SURFACE_SIDE_STYLE('',(#8823));
#8823 = SURFACE_STYLE_FILL_AREA(#8824);
#8824 = FILL_AREA_STYLE('',(#8825));
#8825 = FILL_AREA_STYLE_COLOUR('',#8780);
#8826 = CURVE_STYLE('',#8827,POSITIVE_LENGTH_MEASURE(0.1),#8780);
#8827 = DRAUGHTING_PRE_DEFINED_CURVE_FONT('continuous');
#8828 = STYLED_ITEM('color',(#8829),#4902);
#8829 = PRESENTATION_STYLE_ASSIGNMENT((#8830,#8835));
#8830 = SURFACE_STYLE_USAGE(.BOTH.,#8831);
#8831 = SURFACE_SIDE_STYLE('',(#8832));
#8832 = SURFACE_STYLE_FILL_AREA(#8833);
#8833 = FILL_AREA_STYLE('',(#8834));
#8834 = FILL_AREA_STYLE_COLOUR('',#7615);
#8835 = CURVE_STYLE('',#8836,POSITIVE_LENGTH_MEASURE(0.1),#7615);
#8836 = DRAUGHTING_PRE_DEFINED_CURVE_FONT('continuous');
#8837 = STYLED_ITEM('color',(#8838),#4932);
#8838 = PRESENTATION_STYLE_ASSIGNMENT((#8839,#8844));
#8839 = SURFACE_STYLE_USAGE(.BOTH.,#8840);
#8840 = SURFACE_SIDE_STYLE('',(#8841));
#8841 = SURFACE_STYLE_FILL_AREA(#8842);
#8842 = FILL_AREA_STYLE('',(#8843));
#8843 = FILL_AREA_STYLE_COLOUR('',#7615);
#8844 = CURVE_STYLE('',#8845,POSITIVE_LENGTH_MEASURE(0.1),#7615);
#8845 = DRAUGHTING_PRE_DEFINED_CURVE_FONT('continuous');
#8846 = STYLED_ITEM('color',(#8847),#4955);
#8847 = PRESENTATION_STYLE_ASSIGNMENT((#8848,#8853));
#8848 = SURFACE_STYLE_USAGE(.BOTH.,#8849);
#8849 = SURFACE_SIDE_STYLE('',(#8850));
#8850 = SURFACE_STYLE_FILL_AREA(#8851);
#8851 = FILL_AREA_STYLE('',(#8852));
#8852 = FILL_AREA_STYLE_COLOUR('',#7615);
#8853 = CURVE_STYLE('',#8854,POSITIVE_LENGTH_MEASURE(0.1),#7615);
#8854 = DRAUGHTING_PRE_DEFINED_CURVE_FONT('continuous');
#8855 = STYLED_ITEM('color',(#8856),#4978);
#8856 = PRESENTATION_STYLE_ASSIGNMENT((#8857,#8862));
#8857 = SURFACE_STYLE_USAGE(.BOTH.,#8858);
#8858 = SURFACE_SIDE_STYLE('',(#8859));
#8859 = SURFACE_STYLE_FILL_AREA(#8860);
#8860 = FILL_AREA_STYLE('',(#8861));
#8861 = FILL_AREA_STYLE_COLOUR('',#7615);
#8862 = CURVE_STYLE('',#8863,POSITIVE_LENGTH_MEASURE(0.1),#7615);
#8863 = DRAUGHTING_PRE_DEFINED_CURVE_FONT('continuous');
#8864 = STYLED_ITEM('color',(#8865),#4995);
#8865 = PRESENTATION_STYLE_ASSIGNMENT((#8866,#8871));
#8866 = SURFACE_STYLE_USAGE(.BOTH.,#8867);
#8867 = SURFACE_SIDE_STYLE('',(#8868));
#8868 = SURFACE_STYLE_FILL_AREA(#8869);
#8869 = FILL_AREA_STYLE('',(#8870));
#8870 = FILL_AREA_STYLE_COLOUR('',#8780);
#8871 = CURVE_STYLE('',#8872,POSITIVE_LENGTH_MEASURE(0.1),#8780);
#8872 = DRAUGHTING_PRE_DEFINED_CURVE_FONT('continuous');
#8873 = STYLED_ITEM('color',(#8874),#5024);
#8874 = PRESENTATION_STYLE_ASSIGNMENT((#8875,#8880));
#8875 = SURFACE_STYLE_USAGE(.BOTH.,#8876);
#8876 = SURFACE_SIDE_STYLE('',(#8877));
#8877 = SURFACE_STYLE_FILL_AREA(#8878);
#8878 = FILL_AREA_STYLE('',(#8879));
#8879 = FILL_AREA_STYLE_COLOUR('',#7615);
#8880 = CURVE_STYLE('',#8881,POSITIVE_LENGTH_MEASURE(0.1),#7615);
#8881 = DRAUGHTING_PRE_DEFINED_CURVE_FONT('continuous');
#8882 = STYLED_ITEM('color',(#8883),#5078);
#8883 = PRESENTATION_STYLE_ASSIGNMENT((#8884,#8889));
#8884 = SURFACE_STYLE_USAGE(.BOTH.,#8885);
#8885 = SURFACE_SIDE_STYLE('',(#8886));
#8886 = SURFACE_STYLE_FILL_AREA(#8887);
#8887 = FILL_AREA_STYLE('',(#8888));
#8888 = FILL_AREA_STYLE_COLOUR('',#7615);
#8889 = CURVE_STYLE('',#8890,POSITIVE_LENGTH_MEASURE(0.1),#7615);
#8890 = DRAUGHTING_PRE_DEFINED_CURVE_FONT('continuous');
#8891 = STYLED_ITEM('color',(#8892),#5101);
#8892 = PRESENTATION_STYLE_ASSIGNMENT((#8893,#8898));
#8893 = SURFACE_STYLE_USAGE(.BOTH.,#8894);
#8894 = SURFACE_SIDE_STYLE('',(#8895));
#8895 = SURFACE_STYLE_FILL_AREA(#8896);
#8896 = FILL_AREA_STYLE('',(#8897));
#8897 = FILL_AREA_STYLE_COLOUR('',#7615);
#8898 = CURVE_STYLE('',#8899,POSITIVE_LENGTH_MEASURE(0.1),#7615);
#8899 = DRAUGHTING_PRE_DEFINED_CURVE_FONT('continuous');
#8900 = STYLED_ITEM('color',(#8901),#5124);
#8901 = PRESENTATION_STYLE_ASSIGNMENT((#8902,#8907));
#8902 = SURFACE_STYLE_USAGE(.BOTH.,#8903);
#8903 = SURFACE_SIDE_STYLE('',(#8904));
#8904 = SURFACE_STYLE_FILL_AREA(#8905);
#8905 = FILL_AREA_STYLE('',(#8906));
#8906 = FILL_AREA_STYLE_COLOUR('',#7615);
#8907 = CURVE_STYLE('',#8908,POSITIVE_LENGTH_MEASURE(0.1),#7615);
#8908 = DRAUGHTING_PRE_DEFINED_CURVE_FONT('continuous');
#8909 = STYLED_ITEM('color',(#8910),#5147);
#8910 = PRESENTATION_STYLE_ASSIGNMENT((#8911,#8916));
#8911 = SURFACE_STYLE_USAGE(.BOTH.,#8912);
#8912 = SURFACE_SIDE_STYLE('',(#8913));
#8913 = SURFACE_STYLE_FILL_AREA(#8914);
#8914 = FILL_AREA_STYLE('',(#8915));
#8915 = FILL_AREA_STYLE_COLOUR('',#7615);
#8916 = CURVE_STYLE('',#8917,POSITIVE_LENGTH_MEASURE(0.1),#7615);
#8917 = DRAUGHTING_PRE_DEFINED_CURVE_FONT('continuous');
#8918 = STYLED_ITEM('color',(#8919),#5186);
#8919 = PRESENTATION_STYLE_ASSIGNMENT((#8920,#8925));
#8920 = SURFACE_STYLE_USAGE(.BOTH.,#8921);
#8921 = SURFACE_SIDE_STYLE('',(#8922));
#8922 = SURFACE_STYLE_FILL_AREA(#8923);
#8923 = FILL_AREA_STYLE('',(#8924));
#8924 = FILL_AREA_STYLE_COLOUR('',#8780);
#8925 = CURVE_STYLE('',#8926,POSITIVE_LENGTH_MEASURE(0.1),#8780);
#8926 = DRAUGHTING_PRE_DEFINED_CURVE_FONT('continuous');
#8927 = STYLED_ITEM('color',(#8928),#5208);
#8928 = PRESENTATION_STYLE_ASSIGNMENT((#8929,#8934));
#8929 = SURFACE_STYLE_USAGE(.BOTH.,#8930);
#8930 = SURFACE_SIDE_STYLE('',(#8931));
#8931 = SURFACE_STYLE_FILL_AREA(#8932);
#8932 = FILL_AREA_STYLE('',(#8933));
#8933 = FILL_AREA_STYLE_COLOUR('',#7615);
#8934 = CURVE_STYLE('',#8935,POSITIVE_LENGTH_MEASURE(0.1),#7615);
#8935 = DRAUGHTING_PRE_DEFINED_CURVE_FONT('continuous');
#8936 = STYLED_ITEM('color',(#8937),#5252);
#8937 = PRESENTATION_STYLE_ASSIGNMENT((#8938,#8943));
#8938 = SURFACE_STYLE_USAGE(.BOTH.,#8939);
#8939 = SURFACE_SIDE_STYLE('',(#8940));
#8940 = SURFACE_STYLE_FILL_AREA(#8941);
#8941 = FILL_AREA_STYLE('',(#8942));
#8942 = FILL_AREA_STYLE_COLOUR('',#8780);
#8943 = CURVE_STYLE('',#8944,POSITIVE_LENGTH_MEASURE(0.1),#8780);
#8944 = DRAUGHTING_PRE_DEFINED_CURVE_FONT('continuous');
#8945 = STYLED_ITEM('color',(#8946),#5327);
#8946 = PRESENTATION_STYLE_ASSIGNMENT((#8947,#8952));
#8947 = SURFACE_STYLE_USAGE(.BOTH.,#8948);
#8948 = SURFACE_SIDE_STYLE('',(#8949));
#8949 = SURFACE_STYLE_FILL_AREA(#8950);
#8950 = FILL_AREA_STYLE('',(#8951));
#8951 = FILL_AREA_STYLE_COLOUR('',#8780);
#8952 = CURVE_STYLE('',#8953,POSITIVE_LENGTH_MEASURE(0.1),#8780);
#8953 = DRAUGHTING_PRE_DEFINED_CURVE_FONT('continuous');
#8954 = STYLED_ITEM('color',(#8955),#5351);
#8955 = PRESENTATION_STYLE_ASSIGNMENT((#8956,#8961));
#8956 = SURFACE_STYLE_USAGE(.BOTH.,#8957);
#8957 = SURFACE_SIDE_STYLE('',(#8958));
#8958 = SURFACE_STYLE_FILL_AREA(#8959);
#8959 = FILL_AREA_STYLE('',(#8960));
#8960 = FILL_AREA_STYLE_COLOUR('',#8780);
#8961 = CURVE_STYLE('',#8962,POSITIVE_LENGTH_MEASURE(0.1),#8780);
#8962 = DRAUGHTING_PRE_DEFINED_CURVE_FONT('continuous');
#8963 = STYLED_ITEM('color',(#8964),#5419);
#8964 = PRESENTATION_STYLE_ASSIGNMENT((#8965,#8970));
#8965 = SURFACE_STYLE_USAGE(.BOTH.,#8966);
#8966 = SURFACE_SIDE_STYLE('',(#8967));
#8967 = SURFACE_STYLE_FILL_AREA(#8968);
#8968 = FILL_AREA_STYLE('',(#8969));
#8969 = FILL_AREA_STYLE_COLOUR('',#7615);
#8970 = CURVE_STYLE('',#8971,POSITIVE_LENGTH_MEASURE(0.1),#7615);
#8971 = DRAUGHTING_PRE_DEFINED_CURVE_FONT('continuous');
#8972 = STYLED_ITEM('color',(#8973),#5436);
#8973 = PRESENTATION_STYLE_ASSIGNMENT((#8974,#8979));
#8974 = SURFACE_STYLE_USAGE(.BOTH.,#8975);
#8975 = SURFACE_SIDE_STYLE('',(#8976));
#8976 = SURFACE_STYLE_FILL_AREA(#8977);
#8977 = FILL_AREA_STYLE('',(#8978));
#8978 = FILL_AREA_STYLE_COLOUR('',#8780);
#8979 = CURVE_STYLE('',#8980,POSITIVE_LENGTH_MEASURE(0.1),#8780);
#8980 = DRAUGHTING_PRE_DEFINED_CURVE_FONT('continuous');
#8981 = STYLED_ITEM('color',(#8982),#5511);
#8982 = PRESENTATION_STYLE_ASSIGNMENT((#8983,#8988));
#8983 = SURFACE_STYLE_USAGE(.BOTH.,#8984);
#8984 = SURFACE_SIDE_STYLE('',(#8985));
#8985 = SURFACE_STYLE_FILL_AREA(#8986);
#8986 = FILL_AREA_STYLE('',(#8987));
#8987 = FILL_AREA_STYLE_COLOUR('',#8780);
#8988 = CURVE_STYLE('',#8989,POSITIVE_LENGTH_MEASURE(0.1),#8780);
#8989 = DRAUGHTING_PRE_DEFINED_CURVE_FONT('continuous');
#8990 = STYLED_ITEM('color',(#8991),#5535);
#8991 = PRESENTATION_STYLE_ASSIGNMENT((#8992,#8997));
#8992 = SURFACE_STYLE_USAGE(.BOTH.,#8993);
#8993 = SURFACE_SIDE_STYLE('',(#8994));
#8994 = SURFACE_STYLE_FILL_AREA(#8995);
#8995 = FILL_AREA_STYLE('',(#8996));
#8996 = FILL_AREA_STYLE_COLOUR('',#8780);
#8997 = CURVE_STYLE('',#8998,POSITIVE_LENGTH_MEASURE(0.1),#8780);
#8998 = DRAUGHTING_PRE_DEFINED_CURVE_FONT('continuous');
#8999 = STYLED_ITEM('color',(#9000),#5603);
#9000 = PRESENTATION_STYLE_ASSIGNMENT((#9001,#9006));
#9001 = SURFACE_STYLE_USAGE(.BOTH.,#9002);
#9002 = SURFACE_SIDE_STYLE('',(#9003));
#9003 = SURFACE_STYLE_FILL_AREA(#9004);
#9004 = FILL_AREA_STYLE('',(#9005));
#9005 = FILL_AREA_STYLE_COLOUR('',#8780);
#9006 = CURVE_STYLE('',#9007,POSITIVE_LENGTH_MEASURE(0.1),#8780);
#9007 = DRAUGHTING_PRE_DEFINED_CURVE_FONT('continuous');
#9008 = STYLED_ITEM('color',(#9009),#5678);
#9009 = PRESENTATION_STYLE_ASSIGNMENT((#9010,#9015));
#9010 = SURFACE_STYLE_USAGE(.BOTH.,#9011);
#9011 = SURFACE_SIDE_STYLE('',(#9012));
#9012 = SURFACE_STYLE_FILL_AREA(#9013);
#9013 = FILL_AREA_STYLE('',(#9014));
#9014 = FILL_AREA_STYLE_COLOUR('',#8780);
#9015 = CURVE_STYLE('',#9016,POSITIVE_LENGTH_MEASURE(0.1),#8780);
#9016 = DRAUGHTING_PRE_DEFINED_CURVE_FONT('continuous');
#9017 = STYLED_ITEM('color',(#9018),#5702);
#9018 = PRESENTATION_STYLE_ASSIGNMENT((#9019,#9024));
#9019 = SURFACE_STYLE_USAGE(.BOTH.,#9020);
#9020 = SURFACE_SIDE_STYLE('',(#9021));
#9021 = SURFACE_STYLE_FILL_AREA(#9022);
#9022 = FILL_AREA_STYLE('',(#9023));
#9023 = FILL_AREA_STYLE_COLOUR('',#8780);
#9024 = CURVE_STYLE('',#9025,POSITIVE_LENGTH_MEASURE(0.1),#8780);
#9025 = DRAUGHTING_PRE_DEFINED_CURVE_FONT('continuous');
#9026 = STYLED_ITEM('color',(#9027),#5770);
#9027 = PRESENTATION_STYLE_ASSIGNMENT((#9028,#9033));
#9028 = SURFACE_STYLE_USAGE(.BOTH.,#9029);
#9029 = SURFACE_SIDE_STYLE('',(#9030));
#9030 = SURFACE_STYLE_FILL_AREA(#9031);
#9031 = FILL_AREA_STYLE('',(#9032));
#9032 = FILL_AREA_STYLE_COLOUR('',#8780);
#9033 = CURVE_STYLE('',#9034,POSITIVE_LENGTH_MEASURE(0.1),#8780);
#9034 = DRAUGHTING_PRE_DEFINED_CURVE_FONT('continuous');
#9035 = STYLED_ITEM('color',(#9036),#5787);
#9036 = PRESENTATION_STYLE_ASSIGNMENT((#9037,#9042));
#9037 = SURFACE_STYLE_USAGE(.BOTH.,#9038);
#9038 = SURFACE_SIDE_STYLE('',(#9039));
#9039 = SURFACE_STYLE_FILL_AREA(#9040);
#9040 = FILL_AREA_STYLE('',(#9041));
#9041 = FILL_AREA_STYLE_COLOUR('',#8780);
#9042 = CURVE_STYLE('',#9043,POSITIVE_LENGTH_MEASURE(0.1),#8780);
#9043 = DRAUGHTING_PRE_DEFINED_CURVE_FONT('continuous');
#9044 = STYLED_ITEM('color',(#9045),#5804);
#9045 = PRESENTATION_STYLE_ASSIGNMENT((#9046,#9051));
#9046 = SURFACE_STYLE_USAGE(.BOTH.,#9047);
#9047 = SURFACE_SIDE_STYLE('',(#9048));
#9048 = SURFACE_STYLE_FILL_AREA(#9049);
#9049 = FILL_AREA_STYLE('',(#9050));
#9050 = FILL_AREA_STYLE_COLOUR('',#7615);
#9051 = CURVE_STYLE('',#9052,POSITIVE_LENGTH_MEASURE(0.1),#7615);
#9052 = DRAUGHTING_PRE_DEFINED_CURVE_FONT('continuous');
#9053 = STYLED_ITEM('color',(#9054),#5850);
#9054 = PRESENTATION_STYLE_ASSIGNMENT((#9055,#9060));
#9055 = SURFACE_STYLE_USAGE(.BOTH.,#9056);
#9056 = SURFACE_SIDE_STYLE('',(#9057));
#9057 = SURFACE_STYLE_FILL_AREA(#9058);
#9058 = FILL_AREA_STYLE('',(#9059));
#9059 = FILL_AREA_STYLE_COLOUR('',#7615);
#9060 = CURVE_STYLE('',#9061,POSITIVE_LENGTH_MEASURE(0.1),#7615);
#9061 = DRAUGHTING_PRE_DEFINED_CURVE_FONT('continuous');
#9062 = STYLED_ITEM('color',(#9063),#5866);
#9063 = PRESENTATION_STYLE_ASSIGNMENT((#9064,#9069));
#9064 = SURFACE_STYLE_USAGE(.BOTH.,#9065);
#9065 = SURFACE_SIDE_STYLE('',(#9066));
#9066 = SURFACE_STYLE_FILL_AREA(#9067);
#9067 = FILL_AREA_STYLE('',(#9068));
#9068 = FILL_AREA_STYLE_COLOUR('',#7615);
#9069 = CURVE_STYLE('',#9070,POSITIVE_LENGTH_MEASURE(0.1),#7615);
#9070 = DRAUGHTING_PRE_DEFINED_CURVE_FONT('continuous');
#9071 = STYLED_ITEM('color',(#9072),#5882);
#9072 = PRESENTATION_STYLE_ASSIGNMENT((#9073,#9078));
#9073 = SURFACE_STYLE_USAGE(.BOTH.,#9074);
#9074 = SURFACE_SIDE_STYLE('',(#9075));
#9075 = SURFACE_STYLE_FILL_AREA(#9076);
#9076 = FILL_AREA_STYLE('',(#9077));
#9077 = FILL_AREA_STYLE_COLOUR('',#8780);
#9078 = CURVE_STYLE('',#9079,POSITIVE_LENGTH_MEASURE(0.1),#8780);
#9079 = DRAUGHTING_PRE_DEFINED_CURVE_FONT('continuous');
#9080 = STYLED_ITEM('color',(#9081),#5899);
#9081 = PRESENTATION_STYLE_ASSIGNMENT((#9082,#9087));
#9082 = SURFACE_STYLE_USAGE(.BOTH.,#9083);
#9083 = SURFACE_SIDE_STYLE('',(#9084));
#9084 = SURFACE_STYLE_FILL_AREA(#9085);
#9085 = FILL_AREA_STYLE('',(#9086));
#9086 = FILL_AREA_STYLE_COLOUR('',#7615);
#9087 = CURVE_STYLE('',#9088,POSITIVE_LENGTH_MEASURE(0.1),#7615);
#9088 = DRAUGHTING_PRE_DEFINED_CURVE_FONT('continuous');
#9089 = STYLED_ITEM('color',(#9090),#5911);
#9090 = PRESENTATION_STYLE_ASSIGNMENT((#9091,#9096));
#9091 = SURFACE_STYLE_USAGE(.BOTH.,#9092);
#9092 = SURFACE_SIDE_STYLE('',(#9093));
#9093 = SURFACE_STYLE_FILL_AREA(#9094);
#9094 = FILL_AREA_STYLE('',(#9095));
#9095 = FILL_AREA_STYLE_COLOUR('',#8780);
#9096 = CURVE_STYLE('',#9097,POSITIVE_LENGTH_MEASURE(0.1),#8780);
#9097 = DRAUGHTING_PRE_DEFINED_CURVE_FONT('continuous');
#9098 = STYLED_ITEM('color',(#9099),#5928);
#9099 = PRESENTATION_STYLE_ASSIGNMENT((#9100,#9105));
#9100 = SURFACE_STYLE_USAGE(.BOTH.,#9101);
#9101 = SURFACE_SIDE_STYLE('',(#9102));
#9102 = SURFACE_STYLE_FILL_AREA(#9103);
#9103 = FILL_AREA_STYLE('',(#9104));
#9104 = FILL_AREA_STYLE_COLOUR('',#8780);
#9105 = CURVE_STYLE('',#9106,POSITIVE_LENGTH_MEASURE(0.1),#8780);
#9106 = DRAUGHTING_PRE_DEFINED_CURVE_FONT('continuous');
#9107 = STYLED_ITEM('color',(#9108),#5945);
#9108 = PRESENTATION_STYLE_ASSIGNMENT((#9109,#9114));
#9109 = SURFACE_STYLE_USAGE(.BOTH.,#9110);
#9110 = SURFACE_SIDE_STYLE('',(#9111));
#9111 = SURFACE_STYLE_FILL_AREA(#9112);
#9112 = FILL_AREA_STYLE('',(#9113));
#9113 = FILL_AREA_STYLE_COLOUR('',#8780);
#9114 = CURVE_STYLE('',#9115,POSITIVE_LENGTH_MEASURE(0.1),#8780);
#9115 = DRAUGHTING_PRE_DEFINED_CURVE_FONT('continuous');
#9116 = STYLED_ITEM('color',(#9117),#5962);
#9117 = PRESENTATION_STYLE_ASSIGNMENT((#9118,#9123));
#9118 = SURFACE_STYLE_USAGE(.BOTH.,#9119);
#9119 = SURFACE_SIDE_STYLE('',(#9120));
#9120 = SURFACE_STYLE_FILL_AREA(#9121);
#9121 = FILL_AREA_STYLE('',(#9122));
#9122 = FILL_AREA_STYLE_COLOUR('',#8780);
#9123 = CURVE_STYLE('',#9124,POSITIVE_LENGTH_MEASURE(0.1),#8780);
#9124 = DRAUGHTING_PRE_DEFINED_CURVE_FONT('continuous');
#9125 = STYLED_ITEM('color',(#9126),#5979);
#9126 = PRESENTATION_STYLE_ASSIGNMENT((#9127,#9132));
#9127 = SURFACE_STYLE_USAGE(.BOTH.,#9128);
#9128 = SURFACE_SIDE_STYLE('',(#9129));
#9129 = SURFACE_STYLE_FILL_AREA(#9130);
#9130 = FILL_AREA_STYLE('',(#9131));
#9131 = FILL_AREA_STYLE_COLOUR('',#8780);
#9132 = CURVE_STYLE('',#9133,POSITIVE_LENGTH_MEASURE(0.1),#8780);
#9133 = DRAUGHTING_PRE_DEFINED_CURVE_FONT('continuous');
#9134 = STYLED_ITEM('color',(#9135),#5996);
#9135 = PRESENTATION_STYLE_ASSIGNMENT((#9136,#9141));
#9136 = SURFACE_STYLE_USAGE(.BOTH.,#9137);
#9137 = SURFACE_SIDE_STYLE('',(#9138));
#9138 = SURFACE_STYLE_FILL_AREA(#9139);
#9139 = FILL_AREA_STYLE('',(#9140));
#9140 = FILL_AREA_STYLE_COLOUR('',#8780);
#9141 = CURVE_STYLE('',#9142,POSITIVE_LENGTH_MEASURE(0.1),#8780);
#9142 = DRAUGHTING_PRE_DEFINED_CURVE_FONT('continuous');
#9143 = STYLED_ITEM('color',(#9144),#6013);
#9144 = PRESENTATION_STYLE_ASSIGNMENT((#9145,#9150));
#9145 = SURFACE_STYLE_USAGE(.BOTH.,#9146);
#9146 = SURFACE_SIDE_STYLE('',(#9147));
#9147 = SURFACE_STYLE_FILL_AREA(#9148);
#9148 = FILL_AREA_STYLE('',(#9149));
#9149 = FILL_AREA_STYLE_COLOUR('',#8780);
#9150 = CURVE_STYLE('',#9151,POSITIVE_LENGTH_MEASURE(0.1),#8780);
#9151 = DRAUGHTING_PRE_DEFINED_CURVE_FONT('continuous');
#9152 = STYLED_ITEM('color',(#9153),#6025);
#9153 = PRESENTATION_STYLE_ASSIGNMENT((#9154,#9159));
#9154 = SURFACE_STYLE_USAGE(.BOTH.,#9155);
#9155 = SURFACE_SIDE_STYLE('',(#9156));
#9156 = SURFACE_STYLE_FILL_AREA(#9157);
#9157 = FILL_AREA_STYLE('',(#9158));
#9158 = FILL_AREA_STYLE_COLOUR('',#8780);
#9159 = CURVE_STYLE('',#9160,POSITIVE_LENGTH_MEASURE(0.1),#8780);
#9160 = DRAUGHTING_PRE_DEFINED_CURVE_FONT('continuous');
#9161 = STYLED_ITEM('color',(#9162),#6042);
#9162 = PRESENTATION_STYLE_ASSIGNMENT((#9163,#9168));
#9163 = SURFACE_STYLE_USAGE(.BOTH.,#9164);
#9164 = SURFACE_SIDE_STYLE('',(#9165));
#9165 = SURFACE_STYLE_FILL_AREA(#9166);
#9166 = FILL_AREA_STYLE('',(#9167));
#9167 = FILL_AREA_STYLE_COLOUR('',#8780);
#9168 = CURVE_STYLE('',#9169,POSITIVE_LENGTH_MEASURE(0.1),#8780);
#9169 = DRAUGHTING_PRE_DEFINED_CURVE_FONT('continuous');
#9170 = STYLED_ITEM('color',(#9171),#6059);
#9171 = PRESENTATION_STYLE_ASSIGNMENT((#9172,#9177));
#9172 = SURFACE_STYLE_USAGE(.BOTH.,#9173);
#9173 = SURFACE_SIDE_STYLE('',(#9174));
#9174 = SURFACE_STYLE_FILL_AREA(#9175);
#9175 = FILL_AREA_STYLE('',(#9176));
#9176 = FILL_AREA_STYLE_COLOUR('',#8780);
#9177 = CURVE_STYLE('',#9178,POSITIVE_LENGTH_MEASURE(0.1),#8780);
#9178 = DRAUGHTING_PRE_DEFINED_CURVE_FONT('continuous');
#9179 = STYLED_ITEM('color',(#9180),#6076);
#9180 = PRESENTATION_STYLE_ASSIGNMENT((#9181,#9186));
#9181 = SURFACE_STYLE_USAGE(.BOTH.,#9182);
#9182 = SURFACE_SIDE_STYLE('',(#9183));
#9183 = SURFACE_STYLE_FILL_AREA(#9184);
#9184 = FILL_AREA_STYLE('',(#9185));
#9185 = FILL_AREA_STYLE_COLOUR('',#8780);
#9186 = CURVE_STYLE('',#9187,POSITIVE_LENGTH_MEASURE(0.1),#8780);
#9187 = DRAUGHTING_PRE_DEFINED_CURVE_FONT('continuous');
#9188 = STYLED_ITEM('color',(#9189),#6093);
#9189 = PRESENTATION_STYLE_ASSIGNMENT((#9190,#9195));
#9190 = SURFACE_STYLE_USAGE(.BOTH.,#9191);
#9191 = SURFACE_SIDE_STYLE('',(#9192));
#9192 = SURFACE_STYLE_FILL_AREA(#9193);
#9193 = FILL_AREA_STYLE('',(#9194));
#9194 = FILL_AREA_STYLE_COLOUR('',#8780);
#9195 = CURVE_STYLE('',#9196,POSITIVE_LENGTH_MEASURE(0.1),#8780);
#9196 = DRAUGHTING_PRE_DEFINED_CURVE_FONT('continuous');
#9197 = STYLED_ITEM('color',(#9198),#6110);
#9198 = PRESENTATION_STYLE_ASSIGNMENT((#9199,#9204));
#9199 = SURFACE_STYLE_USAGE(.BOTH.,#9200);
#9200 = SURFACE_SIDE_STYLE('',(#9201));
#9201 = SURFACE_STYLE_FILL_AREA(#9202);
#9202 = FILL_AREA_STYLE('',(#9203));
#9203 = FILL_AREA_STYLE_COLOUR('',#8780);
#9204 = CURVE_STYLE('',#9205,POSITIVE_LENGTH_MEASURE(0.1),#8780);
#9205 = DRAUGHTING_PRE_DEFINED_CURVE_FONT('continuous');
#9206 = STYLED_ITEM('color',(#9207),#6122);
#9207 = PRESENTATION_STYLE_ASSIGNMENT((#9208,#9213));
#9208 = SURFACE_STYLE_USAGE(.BOTH.,#9209);
#9209 = SURFACE_SIDE_STYLE('',(#9210));
#9210 = SURFACE_STYLE_FILL_AREA(#9211);
#9211 = FILL_AREA_STYLE('',(#9212));
#9212 = FILL_AREA_STYLE_COLOUR('',#8780);
#9213 = CURVE_STYLE('',#9214,POSITIVE_LENGTH_MEASURE(0.1),#8780);
#9214 = DRAUGHTING_PRE_DEFINED_CURVE_FONT('continuous');
#9215 = STYLED_ITEM('color',(#9216),#6139);
#9216 = PRESENTATION_STYLE_ASSIGNMENT((#9217,#9222));
#9217 = SURFACE_STYLE_USAGE(.BOTH.,#9218);
#9218 = SURFACE_SIDE_STYLE('',(#9219));
#9219 = SURFACE_STYLE_FILL_AREA(#9220);
#9220 = FILL_AREA_STYLE('',(#9221));
#9221 = FILL_AREA_STYLE_COLOUR('',#8780);
#9222 = CURVE_STYLE('',#9223,POSITIVE_LENGTH_MEASURE(0.1),#8780);
#9223 = DRAUGHTING_PRE_DEFINED_CURVE_FONT('continuous');
#9224 = STYLED_ITEM('color',(#9225),#6156);
#9225 = PRESENTATION_STYLE_ASSIGNMENT((#9226,#9231));
#9226 = SURFACE_STYLE_USAGE(.BOTH.,#9227);
#9227 = SURFACE_SIDE_STYLE('',(#9228));
#9228 = SURFACE_STYLE_FILL_AREA(#9229);
#9229 = FILL_AREA_STYLE('',(#9230));
#9230 = FILL_AREA_STYLE_COLOUR('',#8780);
#9231 = CURVE_STYLE('',#9232,POSITIVE_LENGTH_MEASURE(0.1),#8780);
#9232 = DRAUGHTING_PRE_DEFINED_CURVE_FONT('continuous');
#9233 = STYLED_ITEM('color',(#9234),#6173);
#9234 = PRESENTATION_STYLE_ASSIGNMENT((#9235,#9240));
#9235 = SURFACE_STYLE_USAGE(.BOTH.,#9236);
#9236 = SURFACE_SIDE_STYLE('',(#9237));
#9237 = SURFACE_STYLE_FILL_AREA(#9238);
#9238 = FILL_AREA_STYLE('',(#9239));
#9239 = FILL_AREA_STYLE_COLOUR('',#8780);
#9240 = CURVE_STYLE('',#9241,POSITIVE_LENGTH_MEASURE(0.1),#8780);
#9241 = DRAUGHTING_PRE_DEFINED_CURVE_FONT('continuous');
#9242 = STYLED_ITEM('color',(#9243),#6190);
#9243 = PRESENTATION_STYLE_ASSIGNMENT((#9244,#9249));
#9244 = SURFACE_STYLE_USAGE(.BOTH.,#9245);
#9245 = SURFACE_SIDE_STYLE('',(#9246));
#9246 = SURFACE_STYLE_FILL_AREA(#9247);
#9247 = FILL_AREA_STYLE('',(#9248));
#9248 = FILL_AREA_STYLE_COLOUR('',#8780);
#9249 = CURVE_STYLE('',#9250,POSITIVE_LENGTH_MEASURE(0.1),#8780);
#9250 = DRAUGHTING_PRE_DEFINED_CURVE_FONT('continuous');
#9251 = STYLED_ITEM('color',(#9252),#6207);
#9252 = PRESENTATION_STYLE_ASSIGNMENT((#9253,#9258));
#9253 = SURFACE_STYLE_USAGE(.BOTH.,#9254);
#9254 = SURFACE_SIDE_STYLE('',(#9255));
#9255 = SURFACE_STYLE_FILL_AREA(#9256);
#9256 = FILL_AREA_STYLE('',(#9257));
#9257 = FILL_AREA_STYLE_COLOUR('',#8780);
#9258 = CURVE_STYLE('',#9259,POSITIVE_LENGTH_MEASURE(0.1),#8780);
#9259 = DRAUGHTING_PRE_DEFINED_CURVE_FONT('continuous');
#9260 = STYLED_ITEM('color',(#9261),#6219);
#9261 = PRESENTATION_STYLE_ASSIGNMENT((#9262,#9268));
#9262 = SURFACE_STYLE_USAGE(.BOTH.,#9263);
#9263 = SURFACE_SIDE_STYLE('',(#9264));
#9264 = SURFACE_STYLE_FILL_AREA(#9265);
#9265 = FILL_AREA_STYLE('',(#9266));
#9266 = FILL_AREA_STYLE_COLOUR('',#9267);
#9267 = COLOUR_RGB('',0.690999998585,0.664000007176,0.597999987832);
#9268 = CURVE_STYLE('',#9269,POSITIVE_LENGTH_MEASURE(0.1),#9267);
#9269 = DRAUGHTING_PRE_DEFINED_CURVE_FONT('continuous');
#9270 = MECHANICAL_DESIGN_GEOMETRIC_PRESENTATION_REPRESENTATION('',(
    #9271),#6982);
#9271 = STYLED_ITEM('color',(#9272),#6820);
#9272 = PRESENTATION_STYLE_ASSIGNMENT((#9273));
#9273 = SURFACE_STYLE_USAGE(.BOTH.,#9274);
#9274 = SURFACE_SIDE_STYLE('',(#9275,#9279));
#9275 = SURFACE_STYLE_FILL_AREA(#9276);
#9276 = FILL_AREA_STYLE('',(#9277));
#9277 = FILL_AREA_STYLE_COLOUR('',#9278);
#9278 = COLOUR_RGB('',0.313304153717,0.484529207832,0.410020903123);
#9279 = SURFACE_STYLE_RENDERING_WITH_PROPERTIES(.NORMAL_SHADING.,#9278,(
    #9280));
#9280 = SURFACE_STYLE_TRANSPARENT(0.170000016689);
#9281 = MECHANICAL_DESIGN_GEOMETRIC_PRESENTATION_REPRESENTATION('',(
    #9282),#7552);
#9282 = STYLED_ITEM('color',(#9283),#7184);
#9283 = PRESENTATION_STYLE_ASSIGNMENT((#9284));
#9284 = SURFACE_STYLE_USAGE(.BOTH.,#9285);
#9285 = SURFACE_SIDE_STYLE('',(#9286,#9290));
#9286 = SURFACE_STYLE_FILL_AREA(#9287);
#9287 = FILL_AREA_STYLE('',(#9288));
#9288 = FILL_AREA_STYLE_COLOUR('',#9289);
#9289 = COLOUR_RGB('',0.679975718802,0.701410709185,0.574871009914);
#9290 = SURFACE_STYLE_RENDERING_WITH_PROPERTIES(.NORMAL_SHADING.,#9289,(
    #9291));
#9291 = SURFACE_STYLE_TRANSPARENT(1.999998092651E-02);
#9292 = MECHANICAL_DESIGN_GEOMETRIC_PRESENTATION_REPRESENTATION('',(
    #9293),#7165);
#9293 = STYLED_ITEM('color',(#9294),#7003);
#9294 = PRESENTATION_STYLE_ASSIGNMENT((#9295));
#9295 = SURFACE_STYLE_USAGE(.BOTH.,#9296);
#9296 = SURFACE_SIDE_STYLE('',(#9297,#9300));
#9297 = SURFACE_STYLE_FILL_AREA(#9298);
#9298 = FILL_AREA_STYLE('',(#9299));
#9299 = FILL_AREA_STYLE_COLOUR('',#9278);
#9300 = SURFACE_STYLE_RENDERING_WITH_PROPERTIES(.NORMAL_SHADING.,#9278,(
    #9301));
#9301 = SURFACE_STYLE_TRANSPARENT(0.170000016689);
ENDSEC;
END-ISO-10303-21;
