solid OpenSCAD_Model
  facet normal 1 -0 0
    outer loop
      vertex 100 56 12.7
      vertex 100 57.5 10.5
      vertex 100 57.5 12.7
    endloop
  endfacet
  facet normal 1 0 0
    outer loop
      vertex 100 57.5 10.5
      vertex 100 56 12.7
      vertex 100 56 10.5
    endloop
  endfacet
  facet normal 1 -0 0
    outer loop
      vertex 100 56 17.9
      vertex 100 57.5 15.7
      vertex 100 57.5 17.9
    endloop
  endfacet
  facet normal 1 0 0
    outer loop
      vertex 100 57.5 15.7
      vertex 100 56 17.9
      vertex 100 56 15.7
    endloop
  endfacet
  facet normal 1 0 0
    outer loop
      vertex 100 57.5 17.9
      vertex 100 60 28
      vertex 100 57.5 25.5
    endloop
  endfacet
  facet normal 1 0 0
    outer loop
      vertex 100 60 28
      vertex 100 2.5 25.5
      vertex 100 57.5 25.5
    endloop
  endfacet
  facet normal 1 0 0
    outer loop
      vertex 100 0 28
      vertex 100 2.5 11.9
      vertex 100 2.5 25.5
    endloop
  endfacet
  facet normal 1 0 0
    outer loop
      vertex 100 0 0
      vertex 100 2.5 11.9
      vertex 100 0 28
    endloop
  endfacet
  facet normal 1 0 0
    outer loop
      vertex 100 2.5 11.9
      vertex 100 0 0
      vertex 100 2.5 9.7
    endloop
  endfacet
  facet normal 1 0 0
    outer loop
      vertex 100 2.5 9.7
      vertex 100 0 0
      vertex 100 2.5 6.7
    endloop
  endfacet
  facet normal 1 0 0
    outer loop
      vertex 100 2.5 6.7
      vertex 100 0 0
      vertex 100 2.5 4.5
    endloop
  endfacet
  facet normal 1 -0 0
    outer loop
      vertex 100 0 28
      vertex 100 2.5 25.5
      vertex 100 60 28
    endloop
  endfacet
  facet normal 1 0 0
    outer loop
      vertex 100 57.5 15.7
      vertex 100 60 28
      vertex 100 57.5 17.9
    endloop
  endfacet
  facet normal 1 0 0
    outer loop
      vertex 100 60 28
      vertex 100 57.5 15.7
      vertex 100 60 0
    endloop
  endfacet
  facet normal 1 -0 0
    outer loop
      vertex 100 57.5 12.7
      vertex 100 60 0
      vertex 100 57.5 15.7
    endloop
  endfacet
  facet normal 1 -0 0
    outer loop
      vertex 100 57.5 10.5
      vertex 100 60 0
      vertex 100 57.5 12.7
    endloop
  endfacet
  facet normal 1 -0 0
    outer loop
      vertex 100 57.5 2.5
      vertex 100 60 0
      vertex 100 57.5 10.5
    endloop
  endfacet
  facet normal 1 -0 0
    outer loop
      vertex 100 2.5 2.5
      vertex 100 60 0
      vertex 100 57.5 2.5
    endloop
  endfacet
  facet normal 1 0 0
    outer loop
      vertex 100 2.5 2.5
      vertex 100 0 0
      vertex 100 60 0
    endloop
  endfacet
  facet normal 1 0 0
    outer loop
      vertex 100 2.5 4.5
      vertex 100 0 0
      vertex 100 2.5 2.5
    endloop
  endfacet
  facet normal 1 -0 0
    outer loop
      vertex 100 2.5 11.9
      vertex 100 4 9.7
      vertex 100 4 11.9
    endloop
  endfacet
  facet normal 1 0 0
    outer loop
      vertex 100 4 9.7
      vertex 100 2.5 11.9
      vertex 100 2.5 9.7
    endloop
  endfacet
  facet normal 1 -0 0
    outer loop
      vertex 100 2.5 6.7
      vertex 100 4 4.5
      vertex 100 4 6.7
    endloop
  endfacet
  facet normal 1 0 0
    outer loop
      vertex 100 4 4.5
      vertex 100 2.5 6.7
      vertex 100 2.5 4.5
    endloop
  endfacet
  facet normal 0 0 1
    outer loop
      vertex 100 60 28
      vertex 53.5 30 28
      vertex 100 0 28
    endloop
  endfacet
  facet normal 0 0 1
    outer loop
      vertex 100 60 28
      vertex 53.4808 30.3658 28
      vertex 53.5 30 28
    endloop
  endfacet
  facet normal 0 0 1
    outer loop
      vertex 100 60 28
      vertex 53.4235 30.7277 28
      vertex 53.4808 30.3658 28
    endloop
  endfacet
  facet normal 0 0 1
    outer loop
      vertex 100 60 28
      vertex 53.3287 31.0816 28
      vertex 53.4235 30.7277 28
    endloop
  endfacet
  facet normal 0 0 1
    outer loop
      vertex 100 60 28
      vertex 53.1974 31.4236 28
      vertex 53.3287 31.0816 28
    endloop
  endfacet
  facet normal 0 0 1
    outer loop
      vertex 100 60 28
      vertex 53.0311 31.75 28
      vertex 53.1974 31.4236 28
    endloop
  endfacet
  facet normal 0 0 1
    outer loop
      vertex 100 60 28
      vertex 52.8316 32.0572 28
      vertex 53.0311 31.75 28
    endloop
  endfacet
  facet normal 0 0 1
    outer loop
      vertex 100 60 28
      vertex 52.601 32.342 28
      vertex 52.8316 32.0572 28
    endloop
  endfacet
  facet normal 0 0 1
    outer loop
      vertex 100 60 28
      vertex 52.342 32.601 28
      vertex 52.601 32.342 28
    endloop
  endfacet
  facet normal 0 0 1
    outer loop
      vertex 100 60 28
      vertex 52.0572 32.8316 28
      vertex 52.342 32.601 28
    endloop
  endfacet
  facet normal 0 0 1
    outer loop
      vertex 100 60 28
      vertex 51.75 33.0311 28
      vertex 52.0572 32.8316 28
    endloop
  endfacet
  facet normal 0 0 1
    outer loop
      vertex 100 60 28
      vertex 51.4236 33.1974 28
      vertex 51.75 33.0311 28
    endloop
  endfacet
  facet normal 0 0 1
    outer loop
      vertex 100 60 28
      vertex 51.0816 33.3287 28
      vertex 51.4236 33.1974 28
    endloop
  endfacet
  facet normal 0 0 1
    outer loop
      vertex 100 60 28
      vertex 50.7277 33.4235 28
      vertex 51.0816 33.3287 28
    endloop
  endfacet
  facet normal 0 0 1
    outer loop
      vertex 100 60 28
      vertex 50.3658 33.4808 28
      vertex 50.7277 33.4235 28
    endloop
  endfacet
  facet normal 0 0 1
    outer loop
      vertex 100 60 28
      vertex 50 33.5 28
      vertex 50.3658 33.4808 28
    endloop
  endfacet
  facet normal -0 0 1
    outer loop
      vertex 0 60 28
      vertex 50 33.5 28
      vertex 100 60 28
    endloop
  endfacet
  facet normal 0 0 1
    outer loop
      vertex 50 33.5 28
      vertex 0 60 28
      vertex 49.6341 33.4808 28
    endloop
  endfacet
  facet normal 0 0 1
    outer loop
      vertex 49.6341 33.4808 28
      vertex 0 60 28
      vertex 49.2723 33.4235 28
    endloop
  endfacet
  facet normal 0 0 1
    outer loop
      vertex 49.2723 33.4235 28
      vertex 0 60 28
      vertex 48.9184 33.3287 28
    endloop
  endfacet
  facet normal 0 0 1
    outer loop
      vertex 48.9184 33.3287 28
      vertex 0 60 28
      vertex 48.5764 33.1974 28
    endloop
  endfacet
  facet normal 0 0 1
    outer loop
      vertex 46.5192 30.3658 28
      vertex 0 60 28
      vertex 46.5 30 28
    endloop
  endfacet
  facet normal 0 0 1
    outer loop
      vertex 46.5765 30.7277 28
      vertex 0 60 28
      vertex 46.5192 30.3658 28
    endloop
  endfacet
  facet normal 0 0 1
    outer loop
      vertex 46.6713 31.0816 28
      vertex 0 60 28
      vertex 46.5765 30.7277 28
    endloop
  endfacet
  facet normal 0 0 1
    outer loop
      vertex 46.8026 31.4236 28
      vertex 0 60 28
      vertex 46.6713 31.0816 28
    endloop
  endfacet
  facet normal 0 0 1
    outer loop
      vertex 46.9689 31.75 28
      vertex 0 60 28
      vertex 46.8026 31.4236 28
    endloop
  endfacet
  facet normal 0 0 1
    outer loop
      vertex 47.1684 32.0572 28
      vertex 0 60 28
      vertex 46.9689 31.75 28
    endloop
  endfacet
  facet normal 0 0 1
    outer loop
      vertex 47.399 32.342 28
      vertex 0 60 28
      vertex 47.1684 32.0572 28
    endloop
  endfacet
  facet normal 0 0 1
    outer loop
      vertex 47.658 32.601 28
      vertex 0 60 28
      vertex 47.399 32.342 28
    endloop
  endfacet
  facet normal 0 0 1
    outer loop
      vertex 47.9427 32.8316 28
      vertex 0 60 28
      vertex 47.658 32.601 28
    endloop
  endfacet
  facet normal 0 0 1
    outer loop
      vertex 48.25 33.0311 28
      vertex 0 60 28
      vertex 47.9427 32.8316 28
    endloop
  endfacet
  facet normal 0 0 1
    outer loop
      vertex 48.5764 33.1974 28
      vertex 0 60 28
      vertex 48.25 33.0311 28
    endloop
  endfacet
  facet normal -0 0 1
    outer loop
      vertex 53.4808 29.6341 28
      vertex 100 0 28
      vertex 53.5 30 28
    endloop
  endfacet
  facet normal -0 0 1
    outer loop
      vertex 53.4235 29.2723 28
      vertex 100 0 28
      vertex 53.4808 29.6341 28
    endloop
  endfacet
  facet normal -0 0 1
    outer loop
      vertex 53.3287 28.9184 28
      vertex 100 0 28
      vertex 53.4235 29.2723 28
    endloop
  endfacet
  facet normal -0 0 1
    outer loop
      vertex 53.1974 28.5764 28
      vertex 100 0 28
      vertex 53.3287 28.9184 28
    endloop
  endfacet
  facet normal -0 0 1
    outer loop
      vertex 53.0311 28.25 28
      vertex 100 0 28
      vertex 53.1974 28.5764 28
    endloop
  endfacet
  facet normal -0 0 1
    outer loop
      vertex 52.8316 27.9428 28
      vertex 100 0 28
      vertex 53.0311 28.25 28
    endloop
  endfacet
  facet normal -0 0 1
    outer loop
      vertex 52.601 27.658 28
      vertex 100 0 28
      vertex 52.8316 27.9428 28
    endloop
  endfacet
  facet normal -0 0 1
    outer loop
      vertex 52.342 27.399 28
      vertex 100 0 28
      vertex 52.601 27.658 28
    endloop
  endfacet
  facet normal -0 0 1
    outer loop
      vertex 52.0572 27.1684 28
      vertex 100 0 28
      vertex 52.342 27.399 28
    endloop
  endfacet
  facet normal -0 0 1
    outer loop
      vertex 51.75 26.9689 28
      vertex 100 0 28
      vertex 52.0572 27.1684 28
    endloop
  endfacet
  facet normal -0 0 1
    outer loop
      vertex 51.4236 26.8026 28
      vertex 100 0 28
      vertex 51.75 26.9689 28
    endloop
  endfacet
  facet normal -0 0 1
    outer loop
      vertex 51.0816 26.6713 28
      vertex 100 0 28
      vertex 51.4236 26.8026 28
    endloop
  endfacet
  facet normal -0 0 1
    outer loop
      vertex 50.7277 26.5765 28
      vertex 100 0 28
      vertex 51.0816 26.6713 28
    endloop
  endfacet
  facet normal -0 0 1
    outer loop
      vertex 50.3658 26.5192 28
      vertex 100 0 28
      vertex 50.7277 26.5765 28
    endloop
  endfacet
  facet normal -0 0 1
    outer loop
      vertex 50 26.5 28
      vertex 100 0 28
      vertex 50.3658 26.5192 28
    endloop
  endfacet
  facet normal 0 0 1
    outer loop
      vertex 0 0 28
      vertex 50 26.5 28
      vertex 49.6341 26.5192 28
    endloop
  endfacet
  facet normal 0 0 1
    outer loop
      vertex 0 0 28
      vertex 49.6341 26.5192 28
      vertex 49.2723 26.5765 28
    endloop
  endfacet
  facet normal 0 0 1
    outer loop
      vertex 0 0 28
      vertex 49.2723 26.5765 28
      vertex 48.9184 26.6713 28
    endloop
  endfacet
  facet normal 0 0 1
    outer loop
      vertex 0 0 28
      vertex 48.9184 26.6713 28
      vertex 48.5764 26.8026 28
    endloop
  endfacet
  facet normal 0 0 1
    outer loop
      vertex 0 0 28
      vertex 48.5764 26.8026 28
      vertex 48.25 26.9689 28
    endloop
  endfacet
  facet normal 0 0 1
    outer loop
      vertex 0 0 28
      vertex 46.5 30 28
      vertex 0 60 28
    endloop
  endfacet
  facet normal 0 0 1
    outer loop
      vertex 46.5 30 28
      vertex 0 0 28
      vertex 46.5192 29.6341 28
    endloop
  endfacet
  facet normal 0 0 1
    outer loop
      vertex 46.5192 29.6341 28
      vertex 0 0 28
      vertex 46.5765 29.2723 28
    endloop
  endfacet
  facet normal 0 0 1
    outer loop
      vertex 46.5765 29.2723 28
      vertex 0 0 28
      vertex 46.6713 28.9184 28
    endloop
  endfacet
  facet normal 0 0 1
    outer loop
      vertex 46.6713 28.9184 28
      vertex 0 0 28
      vertex 46.8026 28.5764 28
    endloop
  endfacet
  facet normal 0 0 1
    outer loop
      vertex 46.8026 28.5764 28
      vertex 0 0 28
      vertex 46.9689 28.25 28
    endloop
  endfacet
  facet normal 0 0 1
    outer loop
      vertex 46.9689 28.25 28
      vertex 0 0 28
      vertex 47.1684 27.9428 28
    endloop
  endfacet
  facet normal 0 0 1
    outer loop
      vertex 47.1684 27.9428 28
      vertex 0 0 28
      vertex 47.399 27.658 28
    endloop
  endfacet
  facet normal 0 0 1
    outer loop
      vertex 47.399 27.658 28
      vertex 0 0 28
      vertex 47.658 27.399 28
    endloop
  endfacet
  facet normal 0 0 1
    outer loop
      vertex 50 26.5 28
      vertex 0 0 28
      vertex 100 0 28
    endloop
  endfacet
  facet normal 0 0 1
    outer loop
      vertex 47.9427 27.1684 28
      vertex 0 0 28
      vertex 48.25 26.9689 28
    endloop
  endfacet
  facet normal 0 0 1
    outer loop
      vertex 47.658 27.399 28
      vertex 0 0 28
      vertex 47.9427 27.1684 28
    endloop
  endfacet
  facet normal 0 0 1
    outer loop
      vertex 51.4918 30.1568 28
      vertex 51.4918 29.8432 28
      vertex 51.5 30 28
    endloop
  endfacet
  facet normal 0 0 1
    outer loop
      vertex 51.4672 30.3119 28
      vertex 51.4918 29.8432 28
      vertex 51.4918 30.1568 28
    endloop
  endfacet
  facet normal 0 0 1
    outer loop
      vertex 51.4672 30.3119 28
      vertex 51.4672 29.6881 28
      vertex 51.4918 29.8432 28
    endloop
  endfacet
  facet normal 0 0 1
    outer loop
      vertex 51.4266 30.4635 28
      vertex 51.4672 29.6881 28
      vertex 51.4672 30.3119 28
    endloop
  endfacet
  facet normal 0 0 1
    outer loop
      vertex 51.4266 30.4635 28
      vertex 51.4266 29.5365 28
      vertex 51.4672 29.6881 28
    endloop
  endfacet
  facet normal 0 0 1
    outer loop
      vertex 51.3703 30.6101 28
      vertex 51.4266 29.5365 28
      vertex 51.4266 30.4635 28
    endloop
  endfacet
  facet normal 0 0 1
    outer loop
      vertex 51.3703 30.6101 28
      vertex 51.3703 29.3899 28
      vertex 51.4266 29.5365 28
    endloop
  endfacet
  facet normal 0 0 1
    outer loop
      vertex 51.299 30.75 28
      vertex 51.3703 29.3899 28
      vertex 51.3703 30.6101 28
    endloop
  endfacet
  facet normal 0 0 1
    outer loop
      vertex 51.299 30.75 28
      vertex 51.299 29.25 28
      vertex 51.3703 29.3899 28
    endloop
  endfacet
  facet normal 0 0 1
    outer loop
      vertex 51.2135 30.8817 28
      vertex 51.299 29.25 28
      vertex 51.299 30.75 28
    endloop
  endfacet
  facet normal 0 0 1
    outer loop
      vertex 51.2135 30.8817 28
      vertex 51.2135 29.1183 28
      vertex 51.299 29.25 28
    endloop
  endfacet
  facet normal 0 0 1
    outer loop
      vertex 51.1147 31.0037 28
      vertex 51.2135 29.1183 28
      vertex 51.2135 30.8817 28
    endloop
  endfacet
  facet normal 0 0 1
    outer loop
      vertex 51.1147 31.0037 28
      vertex 51.1147 28.9963 28
      vertex 51.2135 29.1183 28
    endloop
  endfacet
  facet normal 0 0 1
    outer loop
      vertex 51.0037 31.1147 28
      vertex 51.1147 28.9963 28
      vertex 51.1147 31.0037 28
    endloop
  endfacet
  facet normal 0 0 1
    outer loop
      vertex 51.0037 31.1147 28
      vertex 51.0037 28.8853 28
      vertex 51.1147 28.9963 28
    endloop
  endfacet
  facet normal 0 0 1
    outer loop
      vertex 50.8817 31.2135 28
      vertex 51.0037 28.8853 28
      vertex 51.0037 31.1147 28
    endloop
  endfacet
  facet normal 0 0 1
    outer loop
      vertex 50.8817 31.2135 28
      vertex 50.8817 28.7865 28
      vertex 51.0037 28.8853 28
    endloop
  endfacet
  facet normal 0 0 1
    outer loop
      vertex 50.75 31.299 28
      vertex 50.8817 28.7865 28
      vertex 50.8817 31.2135 28
    endloop
  endfacet
  facet normal 0 0 1
    outer loop
      vertex 50.75 31.299 28
      vertex 50.75 28.701 28
      vertex 50.8817 28.7865 28
    endloop
  endfacet
  facet normal 0 0 1
    outer loop
      vertex 50.6101 31.3703 28
      vertex 50.75 28.701 28
      vertex 50.75 31.299 28
    endloop
  endfacet
  facet normal 0 0 1
    outer loop
      vertex 50.6101 31.3703 28
      vertex 50.6101 28.6297 28
      vertex 50.75 28.701 28
    endloop
  endfacet
  facet normal 0 0 1
    outer loop
      vertex 50.4635 31.4266 28
      vertex 50.6101 28.6297 28
      vertex 50.6101 31.3703 28
    endloop
  endfacet
  facet normal 0 0 1
    outer loop
      vertex 50.4635 31.4266 28
      vertex 50.4635 28.5734 28
      vertex 50.6101 28.6297 28
    endloop
  endfacet
  facet normal 0 0 1
    outer loop
      vertex 50.3119 31.4672 28
      vertex 50.4635 28.5734 28
      vertex 50.4635 31.4266 28
    endloop
  endfacet
  facet normal 0 0 1
    outer loop
      vertex 50.3119 31.4672 28
      vertex 50.3119 28.5328 28
      vertex 50.4635 28.5734 28
    endloop
  endfacet
  facet normal 0 0 1
    outer loop
      vertex 50.1568 31.4918 28
      vertex 50.3119 28.5328 28
      vertex 50.3119 31.4672 28
    endloop
  endfacet
  facet normal 0 0 1
    outer loop
      vertex 50.1568 31.4918 28
      vertex 50.1568 28.5082 28
      vertex 50.3119 28.5328 28
    endloop
  endfacet
  facet normal 0 0 1
    outer loop
      vertex 50 31.5 28
      vertex 50.1568 28.5082 28
      vertex 50.1568 31.4918 28
    endloop
  endfacet
  facet normal 0 0 1
    outer loop
      vertex 50 31.5 28
      vertex 50 28.5 28
      vertex 50.1568 28.5082 28
    endloop
  endfacet
  facet normal -0 0 1
    outer loop
      vertex 49.8432 31.4918 28
      vertex 50 28.5 28
      vertex 50 31.5 28
    endloop
  endfacet
  facet normal 0 0 1
    outer loop
      vertex 49.8432 31.4918 28
      vertex 49.8432 28.5082 28
      vertex 50 28.5 28
    endloop
  endfacet
  facet normal -0 0 1
    outer loop
      vertex 49.6881 31.4672 28
      vertex 49.8432 28.5082 28
      vertex 49.8432 31.4918 28
    endloop
  endfacet
  facet normal 0 0 1
    outer loop
      vertex 49.6881 31.4672 28
      vertex 49.6881 28.5328 28
      vertex 49.8432 28.5082 28
    endloop
  endfacet
  facet normal -0 0 1
    outer loop
      vertex 49.5365 31.4266 28
      vertex 49.6881 28.5328 28
      vertex 49.6881 31.4672 28
    endloop
  endfacet
  facet normal 0 0 1
    outer loop
      vertex 49.5365 31.4266 28
      vertex 49.5365 28.5734 28
      vertex 49.6881 28.5328 28
    endloop
  endfacet
  facet normal -0 0 1
    outer loop
      vertex 49.3899 31.3703 28
      vertex 49.5365 28.5734 28
      vertex 49.5365 31.4266 28
    endloop
  endfacet
  facet normal 0 0 1
    outer loop
      vertex 49.3899 31.3703 28
      vertex 49.3899 28.6297 28
      vertex 49.5365 28.5734 28
    endloop
  endfacet
  facet normal -0 0 1
    outer loop
      vertex 49.25 31.299 28
      vertex 49.3899 28.6297 28
      vertex 49.3899 31.3703 28
    endloop
  endfacet
  facet normal 0 0 1
    outer loop
      vertex 49.25 31.299 28
      vertex 49.25 28.701 28
      vertex 49.3899 28.6297 28
    endloop
  endfacet
  facet normal -0 0 1
    outer loop
      vertex 49.1183 31.2135 28
      vertex 49.25 28.701 28
      vertex 49.25 31.299 28
    endloop
  endfacet
  facet normal 0 0 1
    outer loop
      vertex 49.1183 31.2135 28
      vertex 49.1183 28.7865 28
      vertex 49.25 28.701 28
    endloop
  endfacet
  facet normal -0 0 1
    outer loop
      vertex 48.9963 31.1147 28
      vertex 49.1183 28.7865 28
      vertex 49.1183 31.2135 28
    endloop
  endfacet
  facet normal 0 0 1
    outer loop
      vertex 48.9963 31.1147 28
      vertex 48.9963 28.8853 28
      vertex 49.1183 28.7865 28
    endloop
  endfacet
  facet normal -0 0 1
    outer loop
      vertex 48.8853 31.0037 28
      vertex 48.9963 28.8853 28
      vertex 48.9963 31.1147 28
    endloop
  endfacet
  facet normal 0 0 1
    outer loop
      vertex 48.8853 31.0037 28
      vertex 48.8853 28.9963 28
      vertex 48.9963 28.8853 28
    endloop
  endfacet
  facet normal -0 0 1
    outer loop
      vertex 48.7865 30.8817 28
      vertex 48.8853 28.9963 28
      vertex 48.8853 31.0037 28
    endloop
  endfacet
  facet normal 0 0 1
    outer loop
      vertex 48.7865 30.8817 28
      vertex 48.7865 29.1183 28
      vertex 48.8853 28.9963 28
    endloop
  endfacet
  facet normal -0 0 1
    outer loop
      vertex 48.701 30.75 28
      vertex 48.7865 29.1183 28
      vertex 48.7865 30.8817 28
    endloop
  endfacet
  facet normal 0 0 1
    outer loop
      vertex 48.701 30.75 28
      vertex 48.701 29.25 28
      vertex 48.7865 29.1183 28
    endloop
  endfacet
  facet normal -0 0 1
    outer loop
      vertex 48.6297 30.6101 28
      vertex 48.701 29.25 28
      vertex 48.701 30.75 28
    endloop
  endfacet
  facet normal 0 0 1
    outer loop
      vertex 48.6297 30.6101 28
      vertex 48.6297 29.3899 28
      vertex 48.701 29.25 28
    endloop
  endfacet
  facet normal -0 0 1
    outer loop
      vertex 48.5734 30.4635 28
      vertex 48.6297 29.3899 28
      vertex 48.6297 30.6101 28
    endloop
  endfacet
  facet normal 0 0 1
    outer loop
      vertex 48.5734 30.4635 28
      vertex 48.5734 29.5365 28
      vertex 48.6297 29.3899 28
    endloop
  endfacet
  facet normal -0 0 1
    outer loop
      vertex 48.5328 30.3119 28
      vertex 48.5734 29.5365 28
      vertex 48.5734 30.4635 28
    endloop
  endfacet
  facet normal 0 0 1
    outer loop
      vertex 48.5328 30.3119 28
      vertex 48.5328 29.6881 28
      vertex 48.5734 29.5365 28
    endloop
  endfacet
  facet normal -0 0 1
    outer loop
      vertex 48.5082 30.1568 28
      vertex 48.5328 29.6881 28
      vertex 48.5328 30.3119 28
    endloop
  endfacet
  facet normal 0 0 1
    outer loop
      vertex 48.5082 30.1568 28
      vertex 48.5082 29.8432 28
      vertex 48.5328 29.6881 28
    endloop
  endfacet
  facet normal 0 -0 1
    outer loop
      vertex 48.5082 29.8432 28
      vertex 48.5082 30.1568 28
      vertex 48.5 30 28
    endloop
  endfacet
  facet normal 0 0 -1
    outer loop
      vertex 0 0 0
      vertex 100 60 0
      vertex 100 0 0
    endloop
  endfacet
  facet normal -0 0 -1
    outer loop
      vertex 100 60 0
      vertex 0 0 0
      vertex 0 60 0
    endloop
  endfacet
  facet normal -1 0 0
    outer loop
      vertex 0 60 0
      vertex 0 36 14
      vertex 0 60 28
    endloop
  endfacet
  facet normal -1 0 0
    outer loop
      vertex 0 60 0
      vertex 0 35.9671 13.3728
      vertex 0 36 14
    endloop
  endfacet
  facet normal -1 0 0
    outer loop
      vertex 0 60 0
      vertex 0 35.8689 12.7525
      vertex 0 35.9671 13.3728
    endloop
  endfacet
  facet normal -1 0 0
    outer loop
      vertex 0 60 0
      vertex 0 35.7063 12.1459
      vertex 0 35.8689 12.7525
    endloop
  endfacet
  facet normal -1 0 0
    outer loop
      vertex 0 60 0
      vertex 0 35.4813 11.5596
      vertex 0 35.7063 12.1459
    endloop
  endfacet
  facet normal -1 0 0
    outer loop
      vertex 0 60 0
      vertex 0 35.1962 11
      vertex 0 35.4813 11.5596
    endloop
  endfacet
  facet normal -1 0 0
    outer loop
      vertex 0 60 0
      vertex 0 34.8541 10.4733
      vertex 0 35.1962 11
    endloop
  endfacet
  facet normal -1 0 0
    outer loop
      vertex 0 60 0
      vertex 0 34.4589 9.98522
      vertex 0 34.8541 10.4733
    endloop
  endfacet
  facet normal -1 0 0
    outer loop
      vertex 0 60 0
      vertex 0 34.0148 9.54113
      vertex 0 34.4589 9.98522
    endloop
  endfacet
  facet normal -1 0 0
    outer loop
      vertex 0 60 0
      vertex 0 33.5267 9.1459
      vertex 0 34.0148 9.54113
    endloop
  endfacet
  facet normal -1 0 0
    outer loop
      vertex 0 60 0
      vertex 0 33 8.80385
      vertex 0 33.5267 9.1459
    endloop
  endfacet
  facet normal -1 0 0
    outer loop
      vertex 0 60 0
      vertex 0 32.4404 8.51873
      vertex 0 33 8.80385
    endloop
  endfacet
  facet normal -1 0 0
    outer loop
      vertex 0 60 0
      vertex 0 31.8541 8.29366
      vertex 0 32.4404 8.51873
    endloop
  endfacet
  facet normal -1 0 0
    outer loop
      vertex 0 60 0
      vertex 0 31.2475 8.13111
      vertex 0 31.8541 8.29366
    endloop
  endfacet
  facet normal -1 0 0
    outer loop
      vertex 0 60 0
      vertex 0 30.6272 8.03287
      vertex 0 31.2475 8.13111
    endloop
  endfacet
  facet normal -1 0 0
    outer loop
      vertex 0 60 0
      vertex 0 30 8
      vertex 0 30.6272 8.03287
    endloop
  endfacet
  facet normal -1 0 0
    outer loop
      vertex 0 0 0
      vertex 0 30 8
      vertex 0 60 0
    endloop
  endfacet
  facet normal -1 -0 0
    outer loop
      vertex 0 30 8
      vertex 0 0 0
      vertex 0 29.3728 8.03287
    endloop
  endfacet
  facet normal -1 -0 0
    outer loop
      vertex 0 24.0329 13.3728
      vertex 0 0 0
      vertex 0 24 14
    endloop
  endfacet
  facet normal -1 -0 0
    outer loop
      vertex 0 24.1311 12.7525
      vertex 0 0 0
      vertex 0 24.0329 13.3728
    endloop
  endfacet
  facet normal -1 -0 0
    outer loop
      vertex 0 24.2937 12.1459
      vertex 0 0 0
      vertex 0 24.1311 12.7525
    endloop
  endfacet
  facet normal -1 -0 0
    outer loop
      vertex 0 24.5187 11.5596
      vertex 0 0 0
      vertex 0 24.2937 12.1459
    endloop
  endfacet
  facet normal -1 -0 0
    outer loop
      vertex 0 24.8038 11
      vertex 0 0 0
      vertex 0 24.5187 11.5596
    endloop
  endfacet
  facet normal -1 -0 0
    outer loop
      vertex 0 25.1459 10.4733
      vertex 0 0 0
      vertex 0 24.8038 11
    endloop
  endfacet
  facet normal -1 -0 0
    outer loop
      vertex 0 25.5411 9.98522
      vertex 0 0 0
      vertex 0 25.1459 10.4733
    endloop
  endfacet
  facet normal -1 -0 0
    outer loop
      vertex 0 25.9852 9.54113
      vertex 0 0 0
      vertex 0 25.5411 9.98522
    endloop
  endfacet
  facet normal -1 -0 0
    outer loop
      vertex 0 26.4733 9.1459
      vertex 0 0 0
      vertex 0 25.9852 9.54113
    endloop
  endfacet
  facet normal -1 -0 0
    outer loop
      vertex 0 27 8.80385
      vertex 0 0 0
      vertex 0 26.4733 9.1459
    endloop
  endfacet
  facet normal -1 -0 0
    outer loop
      vertex 0 27.5596 8.51873
      vertex 0 0 0
      vertex 0 27 8.80385
    endloop
  endfacet
  facet normal -1 -0 0
    outer loop
      vertex 0 28.1459 8.29366
      vertex 0 0 0
      vertex 0 27.5596 8.51873
    endloop
  endfacet
  facet normal -1 -0 0
    outer loop
      vertex 0 28.7525 8.13111
      vertex 0 0 0
      vertex 0 28.1459 8.29366
    endloop
  endfacet
  facet normal -1 -0 0
    outer loop
      vertex 0 29.3728 8.03287
      vertex 0 0 0
      vertex 0 28.7525 8.13111
    endloop
  endfacet
  facet normal -1 0 0
    outer loop
      vertex 0 35.9671 14.6272
      vertex 0 60 28
      vertex 0 36 14
    endloop
  endfacet
  facet normal -1 0 0
    outer loop
      vertex 0 35.8689 15.2475
      vertex 0 60 28
      vertex 0 35.9671 14.6272
    endloop
  endfacet
  facet normal -1 0 0
    outer loop
      vertex 0 35.7063 15.8541
      vertex 0 60 28
      vertex 0 35.8689 15.2475
    endloop
  endfacet
  facet normal -1 0 0
    outer loop
      vertex 0 35.4813 16.4404
      vertex 0 60 28
      vertex 0 35.7063 15.8541
    endloop
  endfacet
  facet normal -1 0 0
    outer loop
      vertex 0 35.1962 17
      vertex 0 60 28
      vertex 0 35.4813 16.4404
    endloop
  endfacet
  facet normal -1 0 0
    outer loop
      vertex 0 34.8541 17.5267
      vertex 0 60 28
      vertex 0 35.1962 17
    endloop
  endfacet
  facet normal -1 0 0
    outer loop
      vertex 0 34.4589 18.0148
      vertex 0 60 28
      vertex 0 34.8541 17.5267
    endloop
  endfacet
  facet normal -1 0 0
    outer loop
      vertex 0 34.0148 18.4589
      vertex 0 60 28
      vertex 0 34.4589 18.0148
    endloop
  endfacet
  facet normal -1 0 0
    outer loop
      vertex 0 33.5267 18.8541
      vertex 0 60 28
      vertex 0 34.0148 18.4589
    endloop
  endfacet
  facet normal -1 0 0
    outer loop
      vertex 0 33 19.1962
      vertex 0 60 28
      vertex 0 33.5267 18.8541
    endloop
  endfacet
  facet normal -1 0 0
    outer loop
      vertex 0 32.4404 19.4813
      vertex 0 60 28
      vertex 0 33 19.1962
    endloop
  endfacet
  facet normal -1 0 0
    outer loop
      vertex 0 31.8541 19.7063
      vertex 0 60 28
      vertex 0 32.4404 19.4813
    endloop
  endfacet
  facet normal -1 0 0
    outer loop
      vertex 0 31.2475 19.8689
      vertex 0 60 28
      vertex 0 31.8541 19.7063
    endloop
  endfacet
  facet normal -1 0 0
    outer loop
      vertex 0 30.6272 19.9671
      vertex 0 60 28
      vertex 0 31.2475 19.8689
    endloop
  endfacet
  facet normal -1 0 0
    outer loop
      vertex 0 30 20
      vertex 0 60 28
      vertex 0 30.6272 19.9671
    endloop
  endfacet
  facet normal -1 0 0
    outer loop
      vertex 0 0 28
      vertex 0 30 20
      vertex 0 29.3728 19.9671
    endloop
  endfacet
  facet normal -1 0 0
    outer loop
      vertex 0 0 28
      vertex 0 29.3728 19.9671
      vertex 0 28.7525 19.8689
    endloop
  endfacet
  facet normal -1 0 0
    outer loop
      vertex 0 0 28
      vertex 0 24 14
      vertex 0 0 0
    endloop
  endfacet
  facet normal -1 0 0
    outer loop
      vertex 0 24 14
      vertex 0 0 28
      vertex 0 24.0329 14.6272
    endloop
  endfacet
  facet normal -1 0 0
    outer loop
      vertex 0 24.0329 14.6272
      vertex 0 0 28
      vertex 0 24.1311 15.2475
    endloop
  endfacet
  facet normal -1 0 0
    outer loop
      vertex 0 24.1311 15.2475
      vertex 0 0 28
      vertex 0 24.2937 15.8541
    endloop
  endfacet
  facet normal -1 0 0
    outer loop
      vertex 0 24.2937 15.8541
      vertex 0 0 28
      vertex 0 24.5187 16.4404
    endloop
  endfacet
  facet normal -1 0 0
    outer loop
      vertex 0 24.5187 16.4404
      vertex 0 0 28
      vertex 0 24.8038 17
    endloop
  endfacet
  facet normal -1 0 0
    outer loop
      vertex 0 24.8038 17
      vertex 0 0 28
      vertex 0 25.1459 17.5267
    endloop
  endfacet
  facet normal -1 0 0
    outer loop
      vertex 0 25.1459 17.5267
      vertex 0 0 28
      vertex 0 25.5411 18.0148
    endloop
  endfacet
  facet normal -1 0 0
    outer loop
      vertex 0 25.5411 18.0148
      vertex 0 0 28
      vertex 0 25.9852 18.4589
    endloop
  endfacet
  facet normal -1 0 0
    outer loop
      vertex 0 30 20
      vertex 0 0 28
      vertex 0 60 28
    endloop
  endfacet
  facet normal -1 0 0
    outer loop
      vertex 0 28.1459 19.7063
      vertex 0 0 28
      vertex 0 28.7525 19.8689
    endloop
  endfacet
  facet normal -1 0 0
    outer loop
      vertex 0 27.5596 19.4813
      vertex 0 0 28
      vertex 0 28.1459 19.7063
    endloop
  endfacet
  facet normal -1 0 0
    outer loop
      vertex 0 27 19.1962
      vertex 0 0 28
      vertex 0 27.5596 19.4813
    endloop
  endfacet
  facet normal -1 0 0
    outer loop
      vertex 0 26.4733 18.8541
      vertex 0 0 28
      vertex 0 27 19.1962
    endloop
  endfacet
  facet normal -1 0 0
    outer loop
      vertex 0 25.9852 18.4589
      vertex 0 0 28
      vertex 0 26.4733 18.8541
    endloop
  endfacet
  facet normal -1 0 0
    outer loop
      vertex 0 33.9781 13.5819
      vertex 0 33.9781 14.4181
      vertex 0 34 14
    endloop
  endfacet
  facet normal -1 0 0
    outer loop
      vertex 0 33.9126 13.1684
      vertex 0 33.9781 14.4181
      vertex 0 33.9781 13.5819
    endloop
  endfacet
  facet normal -1 0 0
    outer loop
      vertex 0 33.9126 13.1684
      vertex 0 33.9126 14.8316
      vertex 0 33.9781 14.4181
    endloop
  endfacet
  facet normal -1 0 0
    outer loop
      vertex 0 33.8042 12.7639
      vertex 0 33.9126 14.8316
      vertex 0 33.9126 13.1684
    endloop
  endfacet
  facet normal -1 0 0
    outer loop
      vertex 0 33.8042 12.7639
      vertex 0 33.8042 15.2361
      vertex 0 33.9126 14.8316
    endloop
  endfacet
  facet normal -1 0 0
    outer loop
      vertex 0 33.6542 12.3731
      vertex 0 33.8042 15.2361
      vertex 0 33.8042 12.7639
    endloop
  endfacet
  facet normal -1 0 0
    outer loop
      vertex 0 33.6542 12.3731
      vertex 0 33.6542 15.6269
      vertex 0 33.8042 15.2361
    endloop
  endfacet
  facet normal -1 0 0
    outer loop
      vertex 0 33.4641 12
      vertex 0 33.6542 15.6269
      vertex 0 33.6542 12.3731
    endloop
  endfacet
  facet normal -1 0 0
    outer loop
      vertex 0 33.4641 12
      vertex 0 33.4641 16
      vertex 0 33.6542 15.6269
    endloop
  endfacet
  facet normal -1 0 0
    outer loop
      vertex 0 33.2361 11.6489
      vertex 0 33.4641 16
      vertex 0 33.4641 12
    endloop
  endfacet
  facet normal -1 0 0
    outer loop
      vertex 0 33.2361 11.6489
      vertex 0 33.2361 16.3511
      vertex 0 33.4641 16
    endloop
  endfacet
  facet normal -1 0 0
    outer loop
      vertex 0 32.9726 11.3235
      vertex 0 33.2361 16.3511
      vertex 0 33.2361 11.6489
    endloop
  endfacet
  facet normal -1 0 0
    outer loop
      vertex 0 32.9726 11.3235
      vertex 0 32.9726 16.6765
      vertex 0 33.2361 16.3511
    endloop
  endfacet
  facet normal -1 0 0
    outer loop
      vertex 0 32.6765 11.0274
      vertex 0 32.9726 16.6765
      vertex 0 32.9726 11.3235
    endloop
  endfacet
  facet normal -1 0 0
    outer loop
      vertex 0 32.6765 11.0274
      vertex 0 32.6765 16.9726
      vertex 0 32.9726 16.6765
    endloop
  endfacet
  facet normal -1 0 0
    outer loop
      vertex 0 32.3511 10.7639
      vertex 0 32.6765 16.9726
      vertex 0 32.6765 11.0274
    endloop
  endfacet
  facet normal -1 0 0
    outer loop
      vertex 0 32.3511 10.7639
      vertex 0 32.3511 17.2361
      vertex 0 32.6765 16.9726
    endloop
  endfacet
  facet normal -1 0 0
    outer loop
      vertex 0 32 10.5359
      vertex 0 32.3511 17.2361
      vertex 0 32.3511 10.7639
    endloop
  endfacet
  facet normal -1 0 0
    outer loop
      vertex 0 32 10.5359
      vertex 0 32 17.4641
      vertex 0 32.3511 17.2361
    endloop
  endfacet
  facet normal -1 0 0
    outer loop
      vertex 0 31.6269 10.3458
      vertex 0 32 17.4641
      vertex 0 32 10.5359
    endloop
  endfacet
  facet normal -1 0 0
    outer loop
      vertex 0 31.6269 10.3458
      vertex 0 31.6269 17.6542
      vertex 0 32 17.4641
    endloop
  endfacet
  facet normal -1 0 0
    outer loop
      vertex 0 31.2361 10.1958
      vertex 0 31.6269 17.6542
      vertex 0 31.6269 10.3458
    endloop
  endfacet
  facet normal -1 0 0
    outer loop
      vertex 0 31.2361 10.1958
      vertex 0 31.2361 17.8042
      vertex 0 31.6269 17.6542
    endloop
  endfacet
  facet normal -1 0 0
    outer loop
      vertex 0 30.8316 10.0874
      vertex 0 31.2361 17.8042
      vertex 0 31.2361 10.1958
    endloop
  endfacet
  facet normal -1 0 0
    outer loop
      vertex 0 30.8316 10.0874
      vertex 0 30.8316 17.9126
      vertex 0 31.2361 17.8042
    endloop
  endfacet
  facet normal -1 0 0
    outer loop
      vertex 0 30.4181 10.0219
      vertex 0 30.8316 17.9126
      vertex 0 30.8316 10.0874
    endloop
  endfacet
  facet normal -1 0 0
    outer loop
      vertex 0 30.4181 10.0219
      vertex 0 30.4181 17.9781
      vertex 0 30.8316 17.9126
    endloop
  endfacet
  facet normal -1 0 0
    outer loop
      vertex 0 30 10
      vertex 0 30.4181 17.9781
      vertex 0 30.4181 10.0219
    endloop
  endfacet
  facet normal -1 0 0
    outer loop
      vertex 0 30 10
      vertex 0 30 18
      vertex 0 30.4181 17.9781
    endloop
  endfacet
  facet normal -1 0 0
    outer loop
      vertex 0 29.5819 10.0219
      vertex 0 30 18
      vertex 0 30 10
    endloop
  endfacet
  facet normal -1 0 0
    outer loop
      vertex 0 29.5819 10.0219
      vertex 0 29.5819 17.9781
      vertex 0 30 18
    endloop
  endfacet
  facet normal -1 0 0
    outer loop
      vertex 0 29.1684 10.0874
      vertex 0 29.5819 17.9781
      vertex 0 29.5819 10.0219
    endloop
  endfacet
  facet normal -1 0 0
    outer loop
      vertex 0 29.1684 10.0874
      vertex 0 29.1684 17.9126
      vertex 0 29.5819 17.9781
    endloop
  endfacet
  facet normal -1 0 0
    outer loop
      vertex 0 28.7639 10.1958
      vertex 0 29.1684 17.9126
      vertex 0 29.1684 10.0874
    endloop
  endfacet
  facet normal -1 0 0
    outer loop
      vertex 0 28.7639 10.1958
      vertex 0 28.7639 17.8042
      vertex 0 29.1684 17.9126
    endloop
  endfacet
  facet normal -1 0 0
    outer loop
      vertex 0 28.3731 10.3458
      vertex 0 28.7639 17.8042
      vertex 0 28.7639 10.1958
    endloop
  endfacet
  facet normal -1 0 0
    outer loop
      vertex 0 28.3731 10.3458
      vertex 0 28.3731 17.6542
      vertex 0 28.7639 17.8042
    endloop
  endfacet
  facet normal -1 0 0
    outer loop
      vertex 0 28 10.5359
      vertex 0 28.3731 17.6542
      vertex 0 28.3731 10.3458
    endloop
  endfacet
  facet normal -1 0 0
    outer loop
      vertex 0 28 10.5359
      vertex 0 28 17.4641
      vertex 0 28.3731 17.6542
    endloop
  endfacet
  facet normal -1 0 0
    outer loop
      vertex 0 27.6489 10.7639
      vertex 0 28 17.4641
      vertex 0 28 10.5359
    endloop
  endfacet
  facet normal -1 0 0
    outer loop
      vertex 0 27.6489 10.7639
      vertex 0 27.6489 17.2361
      vertex 0 28 17.4641
    endloop
  endfacet
  facet normal -1 0 0
    outer loop
      vertex 0 27.3235 11.0274
      vertex 0 27.6489 17.2361
      vertex 0 27.6489 10.7639
    endloop
  endfacet
  facet normal -1 0 0
    outer loop
      vertex 0 27.3235 11.0274
      vertex 0 27.3235 16.9726
      vertex 0 27.6489 17.2361
    endloop
  endfacet
  facet normal -1 0 0
    outer loop
      vertex 0 27.0274 11.3235
      vertex 0 27.3235 16.9726
      vertex 0 27.3235 11.0274
    endloop
  endfacet
  facet normal -1 0 0
    outer loop
      vertex 0 27.0274 11.3235
      vertex 0 27.0274 16.6765
      vertex 0 27.3235 16.9726
    endloop
  endfacet
  facet normal -1 0 0
    outer loop
      vertex 0 26.7639 11.6489
      vertex 0 27.0274 16.6765
      vertex 0 27.0274 11.3235
    endloop
  endfacet
  facet normal -1 0 0
    outer loop
      vertex 0 26.7639 11.6489
      vertex 0 26.7639 16.3511
      vertex 0 27.0274 16.6765
    endloop
  endfacet
  facet normal -1 0 0
    outer loop
      vertex 0 26.5359 12
      vertex 0 26.7639 16.3511
      vertex 0 26.7639 11.6489
    endloop
  endfacet
  facet normal -1 0 0
    outer loop
      vertex 0 26.5359 12
      vertex 0 26.5359 16
      vertex 0 26.7639 16.3511
    endloop
  endfacet
  facet normal -1 0 0
    outer loop
      vertex 0 26.3458 12.3731
      vertex 0 26.5359 16
      vertex 0 26.5359 12
    endloop
  endfacet
  facet normal -1 0 0
    outer loop
      vertex 0 26.3458 12.3731
      vertex 0 26.3458 15.6269
      vertex 0 26.5359 16
    endloop
  endfacet
  facet normal -1 0 0
    outer loop
      vertex 0 26.1958 12.7639
      vertex 0 26.3458 15.6269
      vertex 0 26.3458 12.3731
    endloop
  endfacet
  facet normal -1 0 0
    outer loop
      vertex 0 26.1958 12.7639
      vertex 0 26.1958 15.2361
      vertex 0 26.3458 15.6269
    endloop
  endfacet
  facet normal -1 0 0
    outer loop
      vertex 0 26.0874 13.1684
      vertex 0 26.1958 15.2361
      vertex 0 26.1958 12.7639
    endloop
  endfacet
  facet normal -1 0 0
    outer loop
      vertex 0 26.0874 13.1684
      vertex 0 26.0874 14.8316
      vertex 0 26.1958 15.2361
    endloop
  endfacet
  facet normal -1 0 0
    outer loop
      vertex 0 26.0219 13.5819
      vertex 0 26.0874 14.8316
      vertex 0 26.0874 13.1684
    endloop
  endfacet
  facet normal -1 0 0
    outer loop
      vertex 0 26.0219 13.5819
      vertex 0 26.0219 14.4181
      vertex 0 26.0874 14.8316
    endloop
  endfacet
  facet normal -1 0 -0
    outer loop
      vertex 0 26.0219 14.4181
      vertex 0 26.0219 13.5819
      vertex 0 26 14
    endloop
  endfacet
  facet normal 0 1 -0
    outer loop
      vertex 100 60 0
      vertex 0 60 28
      vertex 100 60 28
    endloop
  endfacet
  facet normal 0 1 0
    outer loop
      vertex 0 60 28
      vertex 100 60 0
      vertex 0 60 0
    endloop
  endfacet
  facet normal 0 -1 0
    outer loop
      vertex 0 0 0
      vertex 100 0 28
      vertex 0 0 28
    endloop
  endfacet
  facet normal 0 -1 -0
    outer loop
      vertex 100 0 28
      vertex 0 0 0
      vertex 100 0 0
    endloop
  endfacet
  facet normal 0 0 -1
    outer loop
      vertex 2.5 2.5 25.5
      vertex 22 57.5 25.5
      vertex 22 2.5 25.5
    endloop
  endfacet
  facet normal -0 0 -1
    outer loop
      vertex 22 57.5 25.5
      vertex 2.5 2.5 25.5
      vertex 2.5 57.5 25.5
    endloop
  endfacet
  facet normal 0 0 -1
    outer loop
      vertex 24 53.9 25.5
      vertex 25 56.1 25.5
      vertex 25 53.9 25.5
    endloop
  endfacet
  facet normal -0 0 -1
    outer loop
      vertex 25 56.1 25.5
      vertex 24 53.9 25.5
      vertex 24 56.1 25.5
    endloop
  endfacet
  facet normal 0 0 -1
    outer loop
      vertex 24 7 25.5
      vertex 25 53 25.5
      vertex 25 7 25.5
    endloop
  endfacet
  facet normal -0 0 -1
    outer loop
      vertex 25 53 25.5
      vertex 24 7 25.5
      vertex 24 53 25.5
    endloop
  endfacet
  facet normal 0 0 -1
    outer loop
      vertex 24 3.9 25.5
      vertex 25 6.1 25.5
      vertex 25 3.9 25.5
    endloop
  endfacet
  facet normal -0 0 -1
    outer loop
      vertex 25 6.1 25.5
      vertex 24 3.9 25.5
      vertex 24 6.1 25.5
    endloop
  endfacet
  facet normal 0 0 -1
    outer loop
      vertex 25 3.9 25.5
      vertex 100 2.5 25.5
      vertex 25 3 25.5
    endloop
  endfacet
  facet normal 0 0 -1
    outer loop
      vertex 24 2.5 25.5
      vertex 25 3 25.5
      vertex 100 2.5 25.5
    endloop
  endfacet
  facet normal -0 0 -1
    outer loop
      vertex 25 3 25.5
      vertex 24 2.5 25.5
      vertex 24 3 25.5
    endloop
  endfacet
  facet normal 0 0 -1
    outer loop
      vertex 25 6.1 25.5
      vertex 100 2.5 25.5
      vertex 25 3.9 25.5
    endloop
  endfacet
  facet normal 0 0 -1
    outer loop
      vertex 25 7 25.5
      vertex 100 2.5 25.5
      vertex 25 6.1 25.5
    endloop
  endfacet
  facet normal 0 0 -1
    outer loop
      vertex 100 2.5 25.5
      vertex 25 7 25.5
      vertex 100 57.5 25.5
    endloop
  endfacet
  facet normal 0 0 -1
    outer loop
      vertex 25 53 25.5
      vertex 100 57.5 25.5
      vertex 25 7 25.5
    endloop
  endfacet
  facet normal 0 0 -1
    outer loop
      vertex 25 53.9 25.5
      vertex 100 57.5 25.5
      vertex 25 53 25.5
    endloop
  endfacet
  facet normal 0 0 -1
    outer loop
      vertex 25 56.1 25.5
      vertex 100 57.5 25.5
      vertex 25 53.9 25.5
    endloop
  endfacet
  facet normal 0 0 -1
    outer loop
      vertex 25 57 25.5
      vertex 100 57.5 25.5
      vertex 25 56.1 25.5
    endloop
  endfacet
  facet normal 0 0 -1
    outer loop
      vertex 24 57.5 25.5
      vertex 25 57 25.5
      vertex 24 57 25.5
    endloop
  endfacet
  facet normal 0 0 -1
    outer loop
      vertex 25 57 25.5
      vertex 24 57.5 25.5
      vertex 100 57.5 25.5
    endloop
  endfacet
  facet normal 0 0 1
    outer loop
      vertex 45.9781 30.4181 2.5
      vertex 45.9781 29.5819 2.5
      vertex 46 30 2.5
    endloop
  endfacet
  facet normal 0 0 1
    outer loop
      vertex 45.9126 30.8316 2.5
      vertex 45.9781 29.5819 2.5
      vertex 45.9781 30.4181 2.5
    endloop
  endfacet
  facet normal 0 0 1
    outer loop
      vertex 45.9126 30.8316 2.5
      vertex 45.9126 29.1684 2.5
      vertex 45.9781 29.5819 2.5
    endloop
  endfacet
  facet normal 0 0 1
    outer loop
      vertex 45.8042 31.2361 2.5
      vertex 45.9126 29.1684 2.5
      vertex 45.9126 30.8316 2.5
    endloop
  endfacet
  facet normal 0 0 1
    outer loop
      vertex 45.8042 31.2361 2.5
      vertex 45.8042 28.7639 2.5
      vertex 45.9126 29.1684 2.5
    endloop
  endfacet
  facet normal 0 0 1
    outer loop
      vertex 45.6542 31.6269 2.5
      vertex 45.8042 28.7639 2.5
      vertex 45.8042 31.2361 2.5
    endloop
  endfacet
  facet normal 0 0 1
    outer loop
      vertex 45.6542 31.6269 2.5
      vertex 45.6542 28.3731 2.5
      vertex 45.8042 28.7639 2.5
    endloop
  endfacet
  facet normal 0 0 1
    outer loop
      vertex 45.4641 32 2.5
      vertex 45.6542 28.3731 2.5
      vertex 45.6542 31.6269 2.5
    endloop
  endfacet
  facet normal 0 0 1
    outer loop
      vertex 45.4641 32 2.5
      vertex 45.4641 28 2.5
      vertex 45.6542 28.3731 2.5
    endloop
  endfacet
  facet normal 0 0 1
    outer loop
      vertex 45.2361 32.3511 2.5
      vertex 45.4641 28 2.5
      vertex 45.4641 32 2.5
    endloop
  endfacet
  facet normal 0 0 1
    outer loop
      vertex 45.2361 32.3511 2.5
      vertex 45.2361 27.6489 2.5
      vertex 45.4641 28 2.5
    endloop
  endfacet
  facet normal 0 0 1
    outer loop
      vertex 44.9726 32.6765 2.5
      vertex 45.2361 27.6489 2.5
      vertex 45.2361 32.3511 2.5
    endloop
  endfacet
  facet normal 0 0 1
    outer loop
      vertex 44.9726 32.6765 2.5
      vertex 44.9726 27.3235 2.5
      vertex 45.2361 27.6489 2.5
    endloop
  endfacet
  facet normal 0 0 1
    outer loop
      vertex 44.6765 32.9726 2.5
      vertex 44.9726 27.3235 2.5
      vertex 44.9726 32.6765 2.5
    endloop
  endfacet
  facet normal 0 0 1
    outer loop
      vertex 44.6765 32.9726 2.5
      vertex 44.6765 27.0274 2.5
      vertex 44.9726 27.3235 2.5
    endloop
  endfacet
  facet normal 0 0 1
    outer loop
      vertex 44.3511 33.2361 2.5
      vertex 44.6765 27.0274 2.5
      vertex 44.6765 32.9726 2.5
    endloop
  endfacet
  facet normal 0 0 1
    outer loop
      vertex 44.3511 33.2361 2.5
      vertex 44.3511 26.7639 2.5
      vertex 44.6765 27.0274 2.5
    endloop
  endfacet
  facet normal 0 0 1
    outer loop
      vertex 44 33.4641 2.5
      vertex 44.3511 26.7639 2.5
      vertex 44.3511 33.2361 2.5
    endloop
  endfacet
  facet normal 0 0 1
    outer loop
      vertex 44 33.4641 2.5
      vertex 44 26.5359 2.5
      vertex 44.3511 26.7639 2.5
    endloop
  endfacet
  facet normal 0 0 1
    outer loop
      vertex 43.6269 33.6542 2.5
      vertex 44 26.5359 2.5
      vertex 44 33.4641 2.5
    endloop
  endfacet
  facet normal 0 0 1
    outer loop
      vertex 43.6269 33.6542 2.5
      vertex 43.6269 26.3458 2.5
      vertex 44 26.5359 2.5
    endloop
  endfacet
  facet normal 0 0 1
    outer loop
      vertex 43.2361 33.8042 2.5
      vertex 43.6269 26.3458 2.5
      vertex 43.6269 33.6542 2.5
    endloop
  endfacet
  facet normal 0 0 1
    outer loop
      vertex 43.2361 33.8042 2.5
      vertex 43.2361 26.1958 2.5
      vertex 43.6269 26.3458 2.5
    endloop
  endfacet
  facet normal 0 0 1
    outer loop
      vertex 42.8316 33.9126 2.5
      vertex 43.2361 26.1958 2.5
      vertex 43.2361 33.8042 2.5
    endloop
  endfacet
  facet normal 0 0 1
    outer loop
      vertex 42.8316 33.9126 2.5
      vertex 42.8316 26.0874 2.5
      vertex 43.2361 26.1958 2.5
    endloop
  endfacet
  facet normal 0 0 1
    outer loop
      vertex 42.4181 33.9781 2.5
      vertex 42.8316 26.0874 2.5
      vertex 42.8316 33.9126 2.5
    endloop
  endfacet
  facet normal 0 0 1
    outer loop
      vertex 42.4181 33.9781 2.5
      vertex 42.4181 26.0219 2.5
      vertex 42.8316 26.0874 2.5
    endloop
  endfacet
  facet normal 0 0 1
    outer loop
      vertex 42 34 2.5
      vertex 42.4181 26.0219 2.5
      vertex 42.4181 33.9781 2.5
    endloop
  endfacet
  facet normal 0 0 1
    outer loop
      vertex 42 34 2.5
      vertex 42 26 2.5
      vertex 42.4181 26.0219 2.5
    endloop
  endfacet
  facet normal -0 0 1
    outer loop
      vertex 41.5819 33.9781 2.5
      vertex 42 26 2.5
      vertex 42 34 2.5
    endloop
  endfacet
  facet normal 0 0 1
    outer loop
      vertex 41.5819 33.9781 2.5
      vertex 41.5819 26.0219 2.5
      vertex 42 26 2.5
    endloop
  endfacet
  facet normal -0 0 1
    outer loop
      vertex 41.1684 33.9126 2.5
      vertex 41.5819 26.0219 2.5
      vertex 41.5819 33.9781 2.5
    endloop
  endfacet
  facet normal 0 0 1
    outer loop
      vertex 41.1684 33.9126 2.5
      vertex 41.1684 26.0874 2.5
      vertex 41.5819 26.0219 2.5
    endloop
  endfacet
  facet normal -0 0 1
    outer loop
      vertex 40.7639 33.8042 2.5
      vertex 41.1684 26.0874 2.5
      vertex 41.1684 33.9126 2.5
    endloop
  endfacet
  facet normal 0 0 1
    outer loop
      vertex 40.7639 33.8042 2.5
      vertex 40.7639 26.1958 2.5
      vertex 41.1684 26.0874 2.5
    endloop
  endfacet
  facet normal -0 0 1
    outer loop
      vertex 40.3731 33.6542 2.5
      vertex 40.7639 26.1958 2.5
      vertex 40.7639 33.8042 2.5
    endloop
  endfacet
  facet normal 0 0 1
    outer loop
      vertex 40.3731 33.6542 2.5
      vertex 40.3731 26.3458 2.5
      vertex 40.7639 26.1958 2.5
    endloop
  endfacet
  facet normal -0 0 1
    outer loop
      vertex 40 33.4641 2.5
      vertex 40.3731 26.3458 2.5
      vertex 40.3731 33.6542 2.5
    endloop
  endfacet
  facet normal 0 0 1
    outer loop
      vertex 40 33.4641 2.5
      vertex 40 26.5359 2.5
      vertex 40.3731 26.3458 2.5
    endloop
  endfacet
  facet normal -0 0 1
    outer loop
      vertex 39.6489 33.2361 2.5
      vertex 40 26.5359 2.5
      vertex 40 33.4641 2.5
    endloop
  endfacet
  facet normal 0 0 1
    outer loop
      vertex 39.6489 33.2361 2.5
      vertex 39.6489 26.7639 2.5
      vertex 40 26.5359 2.5
    endloop
  endfacet
  facet normal -0 0 1
    outer loop
      vertex 39.3235 32.9726 2.5
      vertex 39.6489 26.7639 2.5
      vertex 39.6489 33.2361 2.5
    endloop
  endfacet
  facet normal 0 0 1
    outer loop
      vertex 39.3235 32.9726 2.5
      vertex 39.3235 27.0274 2.5
      vertex 39.6489 26.7639 2.5
    endloop
  endfacet
  facet normal -0 0 1
    outer loop
      vertex 39.0274 32.6765 2.5
      vertex 39.3235 27.0274 2.5
      vertex 39.3235 32.9726 2.5
    endloop
  endfacet
  facet normal 0 0 1
    outer loop
      vertex 39.0274 32.6765 2.5
      vertex 39.0274 27.3235 2.5
      vertex 39.3235 27.0274 2.5
    endloop
  endfacet
  facet normal -0 0 1
    outer loop
      vertex 38.7639 32.3511 2.5
      vertex 39.0274 27.3235 2.5
      vertex 39.0274 32.6765 2.5
    endloop
  endfacet
  facet normal 0 0 1
    outer loop
      vertex 38.7639 32.3511 2.5
      vertex 38.7639 27.6489 2.5
      vertex 39.0274 27.3235 2.5
    endloop
  endfacet
  facet normal -0 0 1
    outer loop
      vertex 38.5359 32 2.5
      vertex 38.7639 27.6489 2.5
      vertex 38.7639 32.3511 2.5
    endloop
  endfacet
  facet normal 0 0 1
    outer loop
      vertex 38.5359 32 2.5
      vertex 38.5359 28 2.5
      vertex 38.7639 27.6489 2.5
    endloop
  endfacet
  facet normal -0 0 1
    outer loop
      vertex 38.3458 31.6269 2.5
      vertex 38.5359 28 2.5
      vertex 38.5359 32 2.5
    endloop
  endfacet
  facet normal 0 0 1
    outer loop
      vertex 38.3458 31.6269 2.5
      vertex 38.3458 28.3731 2.5
      vertex 38.5359 28 2.5
    endloop
  endfacet
  facet normal -0 0 1
    outer loop
      vertex 38.1958 31.2361 2.5
      vertex 38.3458 28.3731 2.5
      vertex 38.3458 31.6269 2.5
    endloop
  endfacet
  facet normal 0 0 1
    outer loop
      vertex 38.1958 31.2361 2.5
      vertex 38.1958 28.7639 2.5
      vertex 38.3458 28.3731 2.5
    endloop
  endfacet
  facet normal -0 0 1
    outer loop
      vertex 38.0874 30.8316 2.5
      vertex 38.1958 28.7639 2.5
      vertex 38.1958 31.2361 2.5
    endloop
  endfacet
  facet normal 0 0 1
    outer loop
      vertex 38.0874 30.8316 2.5
      vertex 38.0874 29.1684 2.5
      vertex 38.1958 28.7639 2.5
    endloop
  endfacet
  facet normal -0 0 1
    outer loop
      vertex 38.0219 30.4181 2.5
      vertex 38.0874 29.1684 2.5
      vertex 38.0874 30.8316 2.5
    endloop
  endfacet
  facet normal 0 0 1
    outer loop
      vertex 38.0219 30.4181 2.5
      vertex 38.0219 29.5819 2.5
      vertex 38.0874 29.1684 2.5
    endloop
  endfacet
  facet normal 0 -0 1
    outer loop
      vertex 38.0219 29.5819 2.5
      vertex 38.0219 30.4181 2.5
      vertex 38 30 2.5
    endloop
  endfacet
  facet normal 0 0 1
    outer loop
      vertex 75.9781 30.4181 2.5
      vertex 75.9781 29.5819 2.5
      vertex 76 30 2.5
    endloop
  endfacet
  facet normal 0 0 1
    outer loop
      vertex 75.9126 30.8316 2.5
      vertex 75.9781 29.5819 2.5
      vertex 75.9781 30.4181 2.5
    endloop
  endfacet
  facet normal 0 0 1
    outer loop
      vertex 75.9126 30.8316 2.5
      vertex 75.9126 29.1684 2.5
      vertex 75.9781 29.5819 2.5
    endloop
  endfacet
  facet normal 0 0 1
    outer loop
      vertex 75.8042 31.2361 2.5
      vertex 75.9126 29.1684 2.5
      vertex 75.9126 30.8316 2.5
    endloop
  endfacet
  facet normal 0 0 1
    outer loop
      vertex 75.8042 31.2361 2.5
      vertex 75.8042 28.7639 2.5
      vertex 75.9126 29.1684 2.5
    endloop
  endfacet
  facet normal 0 0 1
    outer loop
      vertex 75.6542 31.6269 2.5
      vertex 75.8042 28.7639 2.5
      vertex 75.8042 31.2361 2.5
    endloop
  endfacet
  facet normal 0 0 1
    outer loop
      vertex 75.6542 31.6269 2.5
      vertex 75.6542 28.3731 2.5
      vertex 75.8042 28.7639 2.5
    endloop
  endfacet
  facet normal 0 0 1
    outer loop
      vertex 75.4641 32 2.5
      vertex 75.6542 28.3731 2.5
      vertex 75.6542 31.6269 2.5
    endloop
  endfacet
  facet normal 0 0 1
    outer loop
      vertex 75.4641 32 2.5
      vertex 75.4641 28 2.5
      vertex 75.6542 28.3731 2.5
    endloop
  endfacet
  facet normal 0 0 1
    outer loop
      vertex 75.2361 32.3511 2.5
      vertex 75.4641 28 2.5
      vertex 75.4641 32 2.5
    endloop
  endfacet
  facet normal 0 0 1
    outer loop
      vertex 75.2361 32.3511 2.5
      vertex 75.2361 27.6489 2.5
      vertex 75.4641 28 2.5
    endloop
  endfacet
  facet normal 0 0 1
    outer loop
      vertex 74.9726 32.6765 2.5
      vertex 75.2361 27.6489 2.5
      vertex 75.2361 32.3511 2.5
    endloop
  endfacet
  facet normal 0 0 1
    outer loop
      vertex 74.9726 32.6765 2.5
      vertex 74.9726 27.3235 2.5
      vertex 75.2361 27.6489 2.5
    endloop
  endfacet
  facet normal 0 0 1
    outer loop
      vertex 74.6765 32.9726 2.5
      vertex 74.9726 27.3235 2.5
      vertex 74.9726 32.6765 2.5
    endloop
  endfacet
  facet normal 0 0 1
    outer loop
      vertex 74.6765 32.9726 2.5
      vertex 74.6765 27.0274 2.5
      vertex 74.9726 27.3235 2.5
    endloop
  endfacet
  facet normal 0 0 1
    outer loop
      vertex 74.3511 33.2361 2.5
      vertex 74.6765 27.0274 2.5
      vertex 74.6765 32.9726 2.5
    endloop
  endfacet
  facet normal 0 0 1
    outer loop
      vertex 74.3511 33.2361 2.5
      vertex 74.3511 26.7639 2.5
      vertex 74.6765 27.0274 2.5
    endloop
  endfacet
  facet normal 0 0 1
    outer loop
      vertex 74 33.4641 2.5
      vertex 74.3511 26.7639 2.5
      vertex 74.3511 33.2361 2.5
    endloop
  endfacet
  facet normal 0 0 1
    outer loop
      vertex 74 33.4641 2.5
      vertex 74 26.5359 2.5
      vertex 74.3511 26.7639 2.5
    endloop
  endfacet
  facet normal 0 0 1
    outer loop
      vertex 73.6269 33.6542 2.5
      vertex 74 26.5359 2.5
      vertex 74 33.4641 2.5
    endloop
  endfacet
  facet normal 0 0 1
    outer loop
      vertex 73.6269 33.6542 2.5
      vertex 73.6269 26.3458 2.5
      vertex 74 26.5359 2.5
    endloop
  endfacet
  facet normal 0 0 1
    outer loop
      vertex 73.2361 33.8042 2.5
      vertex 73.6269 26.3458 2.5
      vertex 73.6269 33.6542 2.5
    endloop
  endfacet
  facet normal 0 0 1
    outer loop
      vertex 73.2361 33.8042 2.5
      vertex 73.2361 26.1958 2.5
      vertex 73.6269 26.3458 2.5
    endloop
  endfacet
  facet normal 0 0 1
    outer loop
      vertex 72.8316 33.9126 2.5
      vertex 73.2361 26.1958 2.5
      vertex 73.2361 33.8042 2.5
    endloop
  endfacet
  facet normal 0 0 1
    outer loop
      vertex 72.8316 33.9126 2.5
      vertex 72.8316 26.0874 2.5
      vertex 73.2361 26.1958 2.5
    endloop
  endfacet
  facet normal 0 0 1
    outer loop
      vertex 72.4181 33.9781 2.5
      vertex 72.8316 26.0874 2.5
      vertex 72.8316 33.9126 2.5
    endloop
  endfacet
  facet normal 0 0 1
    outer loop
      vertex 72.4181 33.9781 2.5
      vertex 72.4181 26.0219 2.5
      vertex 72.8316 26.0874 2.5
    endloop
  endfacet
  facet normal 0 0 1
    outer loop
      vertex 72 34 2.5
      vertex 72.4181 26.0219 2.5
      vertex 72.4181 33.9781 2.5
    endloop
  endfacet
  facet normal 0 0 1
    outer loop
      vertex 72 34 2.5
      vertex 72 26 2.5
      vertex 72.4181 26.0219 2.5
    endloop
  endfacet
  facet normal -0 0 1
    outer loop
      vertex 71.5819 33.9781 2.5
      vertex 72 26 2.5
      vertex 72 34 2.5
    endloop
  endfacet
  facet normal 0 0 1
    outer loop
      vertex 71.5819 33.9781 2.5
      vertex 71.5819 26.0219 2.5
      vertex 72 26 2.5
    endloop
  endfacet
  facet normal -0 0 1
    outer loop
      vertex 71.1684 33.9126 2.5
      vertex 71.5819 26.0219 2.5
      vertex 71.5819 33.9781 2.5
    endloop
  endfacet
  facet normal 0 0 1
    outer loop
      vertex 71.1684 33.9126 2.5
      vertex 71.1684 26.0874 2.5
      vertex 71.5819 26.0219 2.5
    endloop
  endfacet
  facet normal -0 0 1
    outer loop
      vertex 70.7639 33.8042 2.5
      vertex 71.1684 26.0874 2.5
      vertex 71.1684 33.9126 2.5
    endloop
  endfacet
  facet normal 0 0 1
    outer loop
      vertex 70.7639 33.8042 2.5
      vertex 70.7639 26.1958 2.5
      vertex 71.1684 26.0874 2.5
    endloop
  endfacet
  facet normal -0 0 1
    outer loop
      vertex 70.3731 33.6542 2.5
      vertex 70.7639 26.1958 2.5
      vertex 70.7639 33.8042 2.5
    endloop
  endfacet
  facet normal 0 0 1
    outer loop
      vertex 70.3731 33.6542 2.5
      vertex 70.3731 26.3458 2.5
      vertex 70.7639 26.1958 2.5
    endloop
  endfacet
  facet normal -0 0 1
    outer loop
      vertex 70 33.4641 2.5
      vertex 70.3731 26.3458 2.5
      vertex 70.3731 33.6542 2.5
    endloop
  endfacet
  facet normal 0 0 1
    outer loop
      vertex 70 33.4641 2.5
      vertex 70 26.5359 2.5
      vertex 70.3731 26.3458 2.5
    endloop
  endfacet
  facet normal -0 0 1
    outer loop
      vertex 69.6489 33.2361 2.5
      vertex 70 26.5359 2.5
      vertex 70 33.4641 2.5
    endloop
  endfacet
  facet normal 0 0 1
    outer loop
      vertex 69.6489 33.2361 2.5
      vertex 69.6489 26.7639 2.5
      vertex 70 26.5359 2.5
    endloop
  endfacet
  facet normal -0 0 1
    outer loop
      vertex 69.3235 32.9726 2.5
      vertex 69.6489 26.7639 2.5
      vertex 69.6489 33.2361 2.5
    endloop
  endfacet
  facet normal 0 0 1
    outer loop
      vertex 69.3235 32.9726 2.5
      vertex 69.3235 27.0274 2.5
      vertex 69.6489 26.7639 2.5
    endloop
  endfacet
  facet normal -0 0 1
    outer loop
      vertex 69.0274 32.6765 2.5
      vertex 69.3235 27.0274 2.5
      vertex 69.3235 32.9726 2.5
    endloop
  endfacet
  facet normal 0 0 1
    outer loop
      vertex 69.0274 32.6765 2.5
      vertex 69.0274 27.3235 2.5
      vertex 69.3235 27.0274 2.5
    endloop
  endfacet
  facet normal -0 0 1
    outer loop
      vertex 68.7639 32.3511 2.5
      vertex 69.0274 27.3235 2.5
      vertex 69.0274 32.6765 2.5
    endloop
  endfacet
  facet normal 0 0 1
    outer loop
      vertex 68.7639 32.3511 2.5
      vertex 68.7639 27.6489 2.5
      vertex 69.0274 27.3235 2.5
    endloop
  endfacet
  facet normal -0 0 1
    outer loop
      vertex 68.5359 32 2.5
      vertex 68.7639 27.6489 2.5
      vertex 68.7639 32.3511 2.5
    endloop
  endfacet
  facet normal 0 0 1
    outer loop
      vertex 68.5359 32 2.5
      vertex 68.5359 28 2.5
      vertex 68.7639 27.6489 2.5
    endloop
  endfacet
  facet normal -0 0 1
    outer loop
      vertex 68.3458 31.6269 2.5
      vertex 68.5359 28 2.5
      vertex 68.5359 32 2.5
    endloop
  endfacet
  facet normal 0 0 1
    outer loop
      vertex 68.3458 31.6269 2.5
      vertex 68.3458 28.3731 2.5
      vertex 68.5359 28 2.5
    endloop
  endfacet
  facet normal -0 0 1
    outer loop
      vertex 68.1958 31.2361 2.5
      vertex 68.3458 28.3731 2.5
      vertex 68.3458 31.6269 2.5
    endloop
  endfacet
  facet normal 0 0 1
    outer loop
      vertex 68.1958 31.2361 2.5
      vertex 68.1958 28.7639 2.5
      vertex 68.3458 28.3731 2.5
    endloop
  endfacet
  facet normal -0 0 1
    outer loop
      vertex 68.0874 30.8316 2.5
      vertex 68.1958 28.7639 2.5
      vertex 68.1958 31.2361 2.5
    endloop
  endfacet
  facet normal 0 0 1
    outer loop
      vertex 68.0874 30.8316 2.5
      vertex 68.0874 29.1684 2.5
      vertex 68.1958 28.7639 2.5
    endloop
  endfacet
  facet normal -0 0 1
    outer loop
      vertex 68.0219 30.4181 2.5
      vertex 68.0874 29.1684 2.5
      vertex 68.0874 30.8316 2.5
    endloop
  endfacet
  facet normal 0 0 1
    outer loop
      vertex 68.0219 30.4181 2.5
      vertex 68.0219 29.5819 2.5
      vertex 68.0874 29.1684 2.5
    endloop
  endfacet
  facet normal 0 -0 1
    outer loop
      vertex 68.0219 29.5819 2.5
      vertex 68.0219 30.4181 2.5
      vertex 68 30 2.5
    endloop
  endfacet
  facet normal -0 0 1
    outer loop
      vertex 2.5 57.5 2.5
      vertex 22 2.5 2.5
      vertex 22 57.5 2.5
    endloop
  endfacet
  facet normal 0 0 1
    outer loop
      vertex 22 2.5 2.5
      vertex 2.5 57.5 2.5
      vertex 2.5 2.5 2.5
    endloop
  endfacet
  facet normal -0 0 1
    outer loop
      vertex 24 6.1 2.5
      vertex 25 3.9 2.5
      vertex 25 6.1 2.5
    endloop
  endfacet
  facet normal 0 0 1
    outer loop
      vertex 25 3.9 2.5
      vertex 24 6.1 2.5
      vertex 24 3.9 2.5
    endloop
  endfacet
  facet normal 0 0 1
    outer loop
      vertex 24 7 2.5
      vertex 38 30 2.5
      vertex 24 53 2.5
    endloop
  endfacet
  facet normal 0 0 1
    outer loop
      vertex 38 30 2.5
      vertex 24 7 2.5
      vertex 25 7 2.5
    endloop
  endfacet
  facet normal -0 0 1
    outer loop
      vertex 24 56.1 2.5
      vertex 25 53.9 2.5
      vertex 25 56.1 2.5
    endloop
  endfacet
  facet normal 0 0 1
    outer loop
      vertex 25 53.9 2.5
      vertex 24 56.1 2.5
      vertex 24 53.9 2.5
    endloop
  endfacet
  facet normal 0 0 1
    outer loop
      vertex 100 57.5 2.5
      vertex 76 30 2.5
      vertex 100 2.5 2.5
    endloop
  endfacet
  facet normal 0 0 1
    outer loop
      vertex 100 57.5 2.5
      vertex 75.9781 30.4181 2.5
      vertex 76 30 2.5
    endloop
  endfacet
  facet normal 0 0 1
    outer loop
      vertex 100 57.5 2.5
      vertex 75.9126 30.8316 2.5
      vertex 75.9781 30.4181 2.5
    endloop
  endfacet
  facet normal 0 0 1
    outer loop
      vertex 100 57.5 2.5
      vertex 75.8042 31.2361 2.5
      vertex 75.9126 30.8316 2.5
    endloop
  endfacet
  facet normal 0 0 1
    outer loop
      vertex 100 57.5 2.5
      vertex 75.6542 31.6269 2.5
      vertex 75.8042 31.2361 2.5
    endloop
  endfacet
  facet normal 0 0 1
    outer loop
      vertex 100 57.5 2.5
      vertex 75.4641 32 2.5
      vertex 75.6542 31.6269 2.5
    endloop
  endfacet
  facet normal 0 0 1
    outer loop
      vertex 100 57.5 2.5
      vertex 75.2361 32.3511 2.5
      vertex 75.4641 32 2.5
    endloop
  endfacet
  facet normal 0 0 1
    outer loop
      vertex 100 57.5 2.5
      vertex 74.9726 32.6765 2.5
      vertex 75.2361 32.3511 2.5
    endloop
  endfacet
  facet normal 0 0 1
    outer loop
      vertex 100 57.5 2.5
      vertex 74.6765 32.9726 2.5
      vertex 74.9726 32.6765 2.5
    endloop
  endfacet
  facet normal 0 0 1
    outer loop
      vertex 100 57.5 2.5
      vertex 74.3511 33.2361 2.5
      vertex 74.6765 32.9726 2.5
    endloop
  endfacet
  facet normal 0 0 1
    outer loop
      vertex 100 57.5 2.5
      vertex 74 33.4641 2.5
      vertex 74.3511 33.2361 2.5
    endloop
  endfacet
  facet normal 0 0 1
    outer loop
      vertex 100 57.5 2.5
      vertex 73.6269 33.6542 2.5
      vertex 74 33.4641 2.5
    endloop
  endfacet
  facet normal 0 0 1
    outer loop
      vertex 100 57.5 2.5
      vertex 73.2361 33.8042 2.5
      vertex 73.6269 33.6542 2.5
    endloop
  endfacet
  facet normal 0 0 1
    outer loop
      vertex 100 57.5 2.5
      vertex 72.8316 33.9126 2.5
      vertex 73.2361 33.8042 2.5
    endloop
  endfacet
  facet normal 0 0 1
    outer loop
      vertex 100 57.5 2.5
      vertex 72.4181 33.9781 2.5
      vertex 72.8316 33.9126 2.5
    endloop
  endfacet
  facet normal 0 0 1
    outer loop
      vertex 100 57.5 2.5
      vertex 72 34 2.5
      vertex 72.4181 33.9781 2.5
    endloop
  endfacet
  facet normal 0 0 1
    outer loop
      vertex 100 57.5 2.5
      vertex 71.5819 33.9781 2.5
      vertex 72 34 2.5
    endloop
  endfacet
  facet normal 0 0 1
    outer loop
      vertex 100 57.5 2.5
      vertex 71.1684 33.9126 2.5
      vertex 71.5819 33.9781 2.5
    endloop
  endfacet
  facet normal -0 0 1
    outer loop
      vertex 25 57 2.5
      vertex 71.1684 33.9126 2.5
      vertex 100 57.5 2.5
    endloop
  endfacet
  facet normal 0 0 1
    outer loop
      vertex 71.1684 33.9126 2.5
      vertex 25 57 2.5
      vertex 70.7639 33.8042 2.5
    endloop
  endfacet
  facet normal 0 0 1
    outer loop
      vertex 70.7639 33.8042 2.5
      vertex 25 57 2.5
      vertex 70.3731 33.6542 2.5
    endloop
  endfacet
  facet normal 0 -0 1
    outer loop
      vertex 43.6269 33.6542 2.5
      vertex 70.3731 33.6542 2.5
      vertex 25 57 2.5
    endloop
  endfacet
  facet normal 0 0 1
    outer loop
      vertex 68.0219 30.4181 2.5
      vertex 46 30 2.5
      vertex 68 30 2.5
    endloop
  endfacet
  facet normal 0 0 1
    outer loop
      vertex 45.9781 30.4181 2.5
      vertex 68.0219 30.4181 2.5
      vertex 68.0874 30.8316 2.5
    endloop
  endfacet
  facet normal 0 0 1
    outer loop
      vertex 45.9126 30.8316 2.5
      vertex 68.0874 30.8316 2.5
      vertex 68.1958 31.2361 2.5
    endloop
  endfacet
  facet normal 0 0 1
    outer loop
      vertex 45.8042 31.2361 2.5
      vertex 68.1958 31.2361 2.5
      vertex 68.3458 31.6269 2.5
    endloop
  endfacet
  facet normal 0 0 1
    outer loop
      vertex 45.6542 31.6269 2.5
      vertex 68.3458 31.6269 2.5
      vertex 68.5359 32 2.5
    endloop
  endfacet
  facet normal 0 0 1
    outer loop
      vertex 45.4641 32 2.5
      vertex 68.5359 32 2.5
      vertex 68.7639 32.3511 2.5
    endloop
  endfacet
  facet normal 0 0 1
    outer loop
      vertex 45.2361 32.3511 2.5
      vertex 68.7639 32.3511 2.5
      vertex 69.0274 32.6765 2.5
    endloop
  endfacet
  facet normal 0 0 1
    outer loop
      vertex 44.9726 32.6765 2.5
      vertex 69.0274 32.6765 2.5
      vertex 69.3235 32.9726 2.5
    endloop
  endfacet
  facet normal 0 0 1
    outer loop
      vertex 44.6765 32.9726 2.5
      vertex 69.3235 32.9726 2.5
      vertex 69.6489 33.2361 2.5
    endloop
  endfacet
  facet normal 0 0 1
    outer loop
      vertex 70.3731 33.6542 2.5
      vertex 43.6269 33.6542 2.5
      vertex 70 33.4641 2.5
    endloop
  endfacet
  facet normal 0 0 1
    outer loop
      vertex 68.0219 30.4181 2.5
      vertex 45.9781 30.4181 2.5
      vertex 46 30 2.5
    endloop
  endfacet
  facet normal 0 0 1
    outer loop
      vertex 68.0874 30.8316 2.5
      vertex 45.9126 30.8316 2.5
      vertex 45.9781 30.4181 2.5
    endloop
  endfacet
  facet normal 0 0 1
    outer loop
      vertex 68.1958 31.2361 2.5
      vertex 45.8042 31.2361 2.5
      vertex 45.9126 30.8316 2.5
    endloop
  endfacet
  facet normal 0 0 1
    outer loop
      vertex 68.3458 31.6269 2.5
      vertex 45.6542 31.6269 2.5
      vertex 45.8042 31.2361 2.5
    endloop
  endfacet
  facet normal 0 0 1
    outer loop
      vertex 68.5359 32 2.5
      vertex 45.4641 32 2.5
      vertex 45.6542 31.6269 2.5
    endloop
  endfacet
  facet normal 0 0 1
    outer loop
      vertex 68.7639 32.3511 2.5
      vertex 45.2361 32.3511 2.5
      vertex 45.4641 32 2.5
    endloop
  endfacet
  facet normal 0 0 1
    outer loop
      vertex 69.0274 32.6765 2.5
      vertex 44.9726 32.6765 2.5
      vertex 45.2361 32.3511 2.5
    endloop
  endfacet
  facet normal 0 0 1
    outer loop
      vertex 69.3235 32.9726 2.5
      vertex 44.6765 32.9726 2.5
      vertex 44.9726 32.6765 2.5
    endloop
  endfacet
  facet normal 0 0 1
    outer loop
      vertex 69.6489 33.2361 2.5
      vertex 44.3511 33.2361 2.5
      vertex 44.6765 32.9726 2.5
    endloop
  endfacet
  facet normal 0 0 1
    outer loop
      vertex 69.6489 33.2361 2.5
      vertex 44 33.4641 2.5
      vertex 44.3511 33.2361 2.5
    endloop
  endfacet
  facet normal 0 -0 1
    outer loop
      vertex 44 33.4641 2.5
      vertex 70 33.4641 2.5
      vertex 43.6269 33.6542 2.5
    endloop
  endfacet
  facet normal 0 0 1
    outer loop
      vertex 70 33.4641 2.5
      vertex 44 33.4641 2.5
      vertex 69.6489 33.2361 2.5
    endloop
  endfacet
  facet normal 0 0 1
    outer loop
      vertex 43.6269 33.6542 2.5
      vertex 25 57 2.5
      vertex 43.2361 33.8042 2.5
    endloop
  endfacet
  facet normal 0 0 1
    outer loop
      vertex 43.2361 33.8042 2.5
      vertex 25 57 2.5
      vertex 42.8316 33.9126 2.5
    endloop
  endfacet
  facet normal -0 0 1
    outer loop
      vertex 25 56.1 2.5
      vertex 42.8316 33.9126 2.5
      vertex 25 57 2.5
    endloop
  endfacet
  facet normal -0 0 1
    outer loop
      vertex 25 53.9 2.5
      vertex 42.8316 33.9126 2.5
      vertex 25 56.1 2.5
    endloop
  endfacet
  facet normal 0 0 1
    outer loop
      vertex 42.8316 33.9126 2.5
      vertex 25 53.9 2.5
      vertex 42.4181 33.9781 2.5
    endloop
  endfacet
  facet normal -0 0 1
    outer loop
      vertex 25 53 2.5
      vertex 42.4181 33.9781 2.5
      vertex 25 53.9 2.5
    endloop
  endfacet
  facet normal 0 0 1
    outer loop
      vertex 42.4181 33.9781 2.5
      vertex 25 53 2.5
      vertex 42 34 2.5
    endloop
  endfacet
  facet normal -0 0 1
    outer loop
      vertex 24 53 2.5
      vertex 38.3458 31.6269 2.5
      vertex 25 53 2.5
    endloop
  endfacet
  facet normal 0 0 1
    outer loop
      vertex 38.5359 32 2.5
      vertex 25 53 2.5
      vertex 38.3458 31.6269 2.5
    endloop
  endfacet
  facet normal 0 0 1
    outer loop
      vertex 38.7639 32.3511 2.5
      vertex 25 53 2.5
      vertex 38.5359 32 2.5
    endloop
  endfacet
  facet normal 0 0 1
    outer loop
      vertex 39.0274 32.6765 2.5
      vertex 25 53 2.5
      vertex 38.7639 32.3511 2.5
    endloop
  endfacet
  facet normal 0 0 1
    outer loop
      vertex 39.3235 32.9726 2.5
      vertex 25 53 2.5
      vertex 39.0274 32.6765 2.5
    endloop
  endfacet
  facet normal 0 0 1
    outer loop
      vertex 39.6489 33.2361 2.5
      vertex 25 53 2.5
      vertex 39.3235 32.9726 2.5
    endloop
  endfacet
  facet normal 0 0 1
    outer loop
      vertex 40 33.4641 2.5
      vertex 25 53 2.5
      vertex 39.6489 33.2361 2.5
    endloop
  endfacet
  facet normal 0 0 1
    outer loop
      vertex 40.3731 33.6542 2.5
      vertex 25 53 2.5
      vertex 40 33.4641 2.5
    endloop
  endfacet
  facet normal 0 0 1
    outer loop
      vertex 40.7639 33.8042 2.5
      vertex 25 53 2.5
      vertex 40.3731 33.6542 2.5
    endloop
  endfacet
  facet normal 0 0 1
    outer loop
      vertex 41.1684 33.9126 2.5
      vertex 25 53 2.5
      vertex 40.7639 33.8042 2.5
    endloop
  endfacet
  facet normal 0 0 1
    outer loop
      vertex 41.5819 33.9781 2.5
      vertex 25 53 2.5
      vertex 41.1684 33.9126 2.5
    endloop
  endfacet
  facet normal 0 0 1
    outer loop
      vertex 42 34 2.5
      vertex 25 53 2.5
      vertex 41.5819 33.9781 2.5
    endloop
  endfacet
  facet normal -0 0 1
    outer loop
      vertex 24 57.5 2.5
      vertex 25 57 2.5
      vertex 100 57.5 2.5
    endloop
  endfacet
  facet normal 0 0 1
    outer loop
      vertex 25 57 2.5
      vertex 24 57.5 2.5
      vertex 24 57 2.5
    endloop
  endfacet
  facet normal -0 0 1
    outer loop
      vertex 75.9781 29.5819 2.5
      vertex 100 2.5 2.5
      vertex 76 30 2.5
    endloop
  endfacet
  facet normal -0 0 1
    outer loop
      vertex 75.9126 29.1684 2.5
      vertex 100 2.5 2.5
      vertex 75.9781 29.5819 2.5
    endloop
  endfacet
  facet normal -0 0 1
    outer loop
      vertex 75.8042 28.7639 2.5
      vertex 100 2.5 2.5
      vertex 75.9126 29.1684 2.5
    endloop
  endfacet
  facet normal -0 0 1
    outer loop
      vertex 75.6542 28.3731 2.5
      vertex 100 2.5 2.5
      vertex 75.8042 28.7639 2.5
    endloop
  endfacet
  facet normal -0 0 1
    outer loop
      vertex 75.4641 28 2.5
      vertex 100 2.5 2.5
      vertex 75.6542 28.3731 2.5
    endloop
  endfacet
  facet normal -0 0 1
    outer loop
      vertex 75.2361 27.6489 2.5
      vertex 100 2.5 2.5
      vertex 75.4641 28 2.5
    endloop
  endfacet
  facet normal -0 0 1
    outer loop
      vertex 74.9726 27.3235 2.5
      vertex 100 2.5 2.5
      vertex 75.2361 27.6489 2.5
    endloop
  endfacet
  facet normal -0 0 1
    outer loop
      vertex 74.6765 27.0274 2.5
      vertex 100 2.5 2.5
      vertex 74.9726 27.3235 2.5
    endloop
  endfacet
  facet normal -0 0 1
    outer loop
      vertex 74.3511 26.7639 2.5
      vertex 100 2.5 2.5
      vertex 74.6765 27.0274 2.5
    endloop
  endfacet
  facet normal -0 0 1
    outer loop
      vertex 74 26.5359 2.5
      vertex 100 2.5 2.5
      vertex 74.3511 26.7639 2.5
    endloop
  endfacet
  facet normal -0 0 1
    outer loop
      vertex 73.6269 26.3458 2.5
      vertex 100 2.5 2.5
      vertex 74 26.5359 2.5
    endloop
  endfacet
  facet normal -0 0 1
    outer loop
      vertex 73.2361 26.1958 2.5
      vertex 100 2.5 2.5
      vertex 73.6269 26.3458 2.5
    endloop
  endfacet
  facet normal -0 0 1
    outer loop
      vertex 72.8316 26.0874 2.5
      vertex 100 2.5 2.5
      vertex 73.2361 26.1958 2.5
    endloop
  endfacet
  facet normal -0 0 1
    outer loop
      vertex 72.4181 26.0219 2.5
      vertex 100 2.5 2.5
      vertex 72.8316 26.0874 2.5
    endloop
  endfacet
  facet normal -0 0 1
    outer loop
      vertex 72 26 2.5
      vertex 100 2.5 2.5
      vertex 72.4181 26.0219 2.5
    endloop
  endfacet
  facet normal 0 0 1
    outer loop
      vertex 71.5819 26.0219 2.5
      vertex 100 2.5 2.5
      vertex 72 26 2.5
    endloop
  endfacet
  facet normal 0 0 1
    outer loop
      vertex 71.1684 26.0874 2.5
      vertex 100 2.5 2.5
      vertex 71.5819 26.0219 2.5
    endloop
  endfacet
  facet normal 0 0 1
    outer loop
      vertex 25 3 2.5
      vertex 71.1684 26.0874 2.5
      vertex 70.7639 26.1958 2.5
    endloop
  endfacet
  facet normal 0 0 1
    outer loop
      vertex 25 3 2.5
      vertex 70.7639 26.1958 2.5
      vertex 70.3731 26.3458 2.5
    endloop
  endfacet
  facet normal 0 0 1
    outer loop
      vertex 43.6269 26.3458 2.5
      vertex 70.3731 26.3458 2.5
      vertex 70 26.5359 2.5
    endloop
  endfacet
  facet normal 0 0 1
    outer loop
      vertex 44 26.5359 2.5
      vertex 70 26.5359 2.5
      vertex 69.6489 26.7639 2.5
    endloop
  endfacet
  facet normal -0 0 1
    outer loop
      vertex 46 30 2.5
      vertex 68.0219 29.5819 2.5
      vertex 68 30 2.5
    endloop
  endfacet
  facet normal 0 0 1
    outer loop
      vertex 45.9781 29.5819 2.5
      vertex 68.0219 29.5819 2.5
      vertex 46 30 2.5
    endloop
  endfacet
  facet normal 0 0 1
    outer loop
      vertex 68.0219 29.5819 2.5
      vertex 45.9781 29.5819 2.5
      vertex 68.0874 29.1684 2.5
    endloop
  endfacet
  facet normal 0 0 1
    outer loop
      vertex 45.9126 29.1684 2.5
      vertex 68.0874 29.1684 2.5
      vertex 45.9781 29.5819 2.5
    endloop
  endfacet
  facet normal 0 0 1
    outer loop
      vertex 68.0874 29.1684 2.5
      vertex 45.9126 29.1684 2.5
      vertex 68.1958 28.7639 2.5
    endloop
  endfacet
  facet normal 0 0 1
    outer loop
      vertex 45.8042 28.7639 2.5
      vertex 68.1958 28.7639 2.5
      vertex 45.9126 29.1684 2.5
    endloop
  endfacet
  facet normal 0 0 1
    outer loop
      vertex 68.1958 28.7639 2.5
      vertex 45.8042 28.7639 2.5
      vertex 68.3458 28.3731 2.5
    endloop
  endfacet
  facet normal 0 0 1
    outer loop
      vertex 45.6542 28.3731 2.5
      vertex 68.3458 28.3731 2.5
      vertex 45.8042 28.7639 2.5
    endloop
  endfacet
  facet normal 0 0 1
    outer loop
      vertex 68.3458 28.3731 2.5
      vertex 45.6542 28.3731 2.5
      vertex 68.5359 28 2.5
    endloop
  endfacet
  facet normal 0 0 1
    outer loop
      vertex 45.4641 28 2.5
      vertex 68.5359 28 2.5
      vertex 45.6542 28.3731 2.5
    endloop
  endfacet
  facet normal 0 0 1
    outer loop
      vertex 68.5359 28 2.5
      vertex 45.4641 28 2.5
      vertex 68.7639 27.6489 2.5
    endloop
  endfacet
  facet normal 0 0 1
    outer loop
      vertex 45.2361 27.6489 2.5
      vertex 68.7639 27.6489 2.5
      vertex 45.4641 28 2.5
    endloop
  endfacet
  facet normal 0 0 1
    outer loop
      vertex 68.7639 27.6489 2.5
      vertex 45.2361 27.6489 2.5
      vertex 69.0274 27.3235 2.5
    endloop
  endfacet
  facet normal 0 0 1
    outer loop
      vertex 44.9726 27.3235 2.5
      vertex 69.0274 27.3235 2.5
      vertex 45.2361 27.6489 2.5
    endloop
  endfacet
  facet normal 0 0 1
    outer loop
      vertex 69.0274 27.3235 2.5
      vertex 44.9726 27.3235 2.5
      vertex 69.3235 27.0274 2.5
    endloop
  endfacet
  facet normal 0 0 1
    outer loop
      vertex 44.6765 27.0274 2.5
      vertex 69.3235 27.0274 2.5
      vertex 44.9726 27.3235 2.5
    endloop
  endfacet
  facet normal 0 0 1
    outer loop
      vertex 69.3235 27.0274 2.5
      vertex 44.6765 27.0274 2.5
      vertex 69.6489 26.7639 2.5
    endloop
  endfacet
  facet normal 0 0 1
    outer loop
      vertex 44.3511 26.7639 2.5
      vertex 69.6489 26.7639 2.5
      vertex 44.6765 27.0274 2.5
    endloop
  endfacet
  facet normal 0 0 1
    outer loop
      vertex 44 26.5359 2.5
      vertex 69.6489 26.7639 2.5
      vertex 44.3511 26.7639 2.5
    endloop
  endfacet
  facet normal 0 0 1
    outer loop
      vertex 70 26.5359 2.5
      vertex 44 26.5359 2.5
      vertex 43.6269 26.3458 2.5
    endloop
  endfacet
  facet normal 0 0 1
    outer loop
      vertex 70.3731 26.3458 2.5
      vertex 43.6269 26.3458 2.5
      vertex 25 3 2.5
    endloop
  endfacet
  facet normal 0 0 1
    outer loop
      vertex 25 3 2.5
      vertex 43.6269 26.3458 2.5
      vertex 43.2361 26.1958 2.5
    endloop
  endfacet
  facet normal 0 0 1
    outer loop
      vertex 25 3 2.5
      vertex 43.2361 26.1958 2.5
      vertex 42.8316 26.0874 2.5
    endloop
  endfacet
  facet normal 0 0 1
    outer loop
      vertex 25 6.1 2.5
      vertex 42.8316 26.0874 2.5
      vertex 42.4181 26.0219 2.5
    endloop
  endfacet
  facet normal 0 0 1
    outer loop
      vertex 25 7 2.5
      vertex 42.4181 26.0219 2.5
      vertex 42 26 2.5
    endloop
  endfacet
  facet normal 0 0 1
    outer loop
      vertex 25 7 2.5
      vertex 42 26 2.5
      vertex 41.5819 26.0219 2.5
    endloop
  endfacet
  facet normal 0 0 1
    outer loop
      vertex 25 7 2.5
      vertex 41.5819 26.0219 2.5
      vertex 41.1684 26.0874 2.5
    endloop
  endfacet
  facet normal 0 0 1
    outer loop
      vertex 25 7 2.5
      vertex 41.1684 26.0874 2.5
      vertex 40.7639 26.1958 2.5
    endloop
  endfacet
  facet normal 0 0 1
    outer loop
      vertex 25 7 2.5
      vertex 40.7639 26.1958 2.5
      vertex 40.3731 26.3458 2.5
    endloop
  endfacet
  facet normal 0 0 1
    outer loop
      vertex 38.3458 31.6269 2.5
      vertex 24 53 2.5
      vertex 38.1958 31.2361 2.5
    endloop
  endfacet
  facet normal 0 0 1
    outer loop
      vertex 38.1958 31.2361 2.5
      vertex 24 53 2.5
      vertex 38.0874 30.8316 2.5
    endloop
  endfacet
  facet normal 0 0 1
    outer loop
      vertex 38.0874 30.8316 2.5
      vertex 24 53 2.5
      vertex 38.0219 30.4181 2.5
    endloop
  endfacet
  facet normal 0 0 1
    outer loop
      vertex 38.0219 30.4181 2.5
      vertex 24 53 2.5
      vertex 38 30 2.5
    endloop
  endfacet
  facet normal 0 0 1
    outer loop
      vertex 38 30 2.5
      vertex 25 7 2.5
      vertex 38.0219 29.5819 2.5
    endloop
  endfacet
  facet normal 0 0 1
    outer loop
      vertex 38.0219 29.5819 2.5
      vertex 25 7 2.5
      vertex 38.0874 29.1684 2.5
    endloop
  endfacet
  facet normal 0 0 1
    outer loop
      vertex 38.0874 29.1684 2.5
      vertex 25 7 2.5
      vertex 38.1958 28.7639 2.5
    endloop
  endfacet
  facet normal 0 0 1
    outer loop
      vertex 38.1958 28.7639 2.5
      vertex 25 7 2.5
      vertex 38.3458 28.3731 2.5
    endloop
  endfacet
  facet normal 0 0 1
    outer loop
      vertex 38.3458 28.3731 2.5
      vertex 25 7 2.5
      vertex 38.5359 28 2.5
    endloop
  endfacet
  facet normal 0 0 1
    outer loop
      vertex 25 7 2.5
      vertex 38.7639 27.6489 2.5
      vertex 38.5359 28 2.5
    endloop
  endfacet
  facet normal 0 0 1
    outer loop
      vertex 25 7 2.5
      vertex 39.0274 27.3235 2.5
      vertex 38.7639 27.6489 2.5
    endloop
  endfacet
  facet normal 0 0 1
    outer loop
      vertex 25 7 2.5
      vertex 39.3235 27.0274 2.5
      vertex 39.0274 27.3235 2.5
    endloop
  endfacet
  facet normal 0 0 1
    outer loop
      vertex 25 7 2.5
      vertex 39.6489 26.7639 2.5
      vertex 39.3235 27.0274 2.5
    endloop
  endfacet
  facet normal 0 0 1
    outer loop
      vertex 25 7 2.5
      vertex 40 26.5359 2.5
      vertex 39.6489 26.7639 2.5
    endloop
  endfacet
  facet normal 0 0 1
    outer loop
      vertex 25 7 2.5
      vertex 40.3731 26.3458 2.5
      vertex 40 26.5359 2.5
    endloop
  endfacet
  facet normal 0 0 1
    outer loop
      vertex 42.4181 26.0219 2.5
      vertex 25 7 2.5
      vertex 25 6.1 2.5
    endloop
  endfacet
  facet normal 0 0 1
    outer loop
      vertex 42.8316 26.0874 2.5
      vertex 25 6.1 2.5
      vertex 25 3.9 2.5
    endloop
  endfacet
  facet normal 0 0 1
    outer loop
      vertex 42.8316 26.0874 2.5
      vertex 25 3.9 2.5
      vertex 25 3 2.5
    endloop
  endfacet
  facet normal 0 0 1
    outer loop
      vertex 71.1684 26.0874 2.5
      vertex 25 3 2.5
      vertex 100 2.5 2.5
    endloop
  endfacet
  facet normal 0 0 1
    outer loop
      vertex 24 2.5 2.5
      vertex 25 3 2.5
      vertex 24 3 2.5
    endloop
  endfacet
  facet normal 0 0 1
    outer loop
      vertex 25 3 2.5
      vertex 24 2.5 2.5
      vertex 100 2.5 2.5
    endloop
  endfacet
  facet normal 1 -0 0
    outer loop
      vertex 2.5 2.5 25.5
      vertex 2.5 57.5 2.5
      vertex 2.5 57.5 25.5
    endloop
  endfacet
  facet normal 1 0 0
    outer loop
      vertex 2.5 57.5 2.5
      vertex 2.5 2.5 25.5
      vertex 2.5 2.5 2.5
    endloop
  endfacet
  facet normal 0 -1 0
    outer loop
      vertex 2.5 57.5 2.5
      vertex 22 57.5 25.5
      vertex 2.5 57.5 25.5
    endloop
  endfacet
  facet normal 0 -1 -0
    outer loop
      vertex 22 57.5 25.5
      vertex 2.5 57.5 2.5
      vertex 22 57.5 2.5
    endloop
  endfacet
  facet normal 0 -1 0
    outer loop
      vertex 24 57.5 17.9
      vertex 100 57.5 25.5
      vertex 24 57.5 25.5
    endloop
  endfacet
  facet normal 0 -1 -0
    outer loop
      vertex 100 57.5 25.5
      vertex 24 57.5 17.9
      vertex 100 57.5 17.9
    endloop
  endfacet
  facet normal 0 -1 0
    outer loop
      vertex 24 57.5 2.5
      vertex 100 57.5 10.5
      vertex 24 57.5 10.5
    endloop
  endfacet
  facet normal 0 -1 -0
    outer loop
      vertex 100 57.5 10.5
      vertex 24 57.5 2.5
      vertex 100 57.5 2.5
    endloop
  endfacet
  facet normal 0 -1 0
    outer loop
      vertex 24 57.5 12.7
      vertex 100 57.5 15.7
      vertex 24 57.5 15.7
    endloop
  endfacet
  facet normal 0 -1 -0
    outer loop
      vertex 100 57.5 15.7
      vertex 24 57.5 12.7
      vertex 100 57.5 12.7
    endloop
  endfacet
  facet normal 0 1 -0
    outer loop
      vertex 22 2.5 2.5
      vertex 2.5 2.5 25.5
      vertex 22 2.5 25.5
    endloop
  endfacet
  facet normal 0 1 0
    outer loop
      vertex 2.5 2.5 25.5
      vertex 22 2.5 2.5
      vertex 2.5 2.5 2.5
    endloop
  endfacet
  facet normal 0 1 -0
    outer loop
      vertex 100 2.5 11.9
      vertex 24 2.5 25.5
      vertex 100 2.5 25.5
    endloop
  endfacet
  facet normal 0 1 0
    outer loop
      vertex 24 2.5 25.5
      vertex 100 2.5 11.9
      vertex 24 2.5 11.9
    endloop
  endfacet
  facet normal 0 1 -0
    outer loop
      vertex 100 2.5 2.5
      vertex 24 2.5 4.5
      vertex 100 2.5 4.5
    endloop
  endfacet
  facet normal 0 1 0
    outer loop
      vertex 24 2.5 4.5
      vertex 100 2.5 2.5
      vertex 24 2.5 2.5
    endloop
  endfacet
  facet normal 0 1 -0
    outer loop
      vertex 100 2.5 6.7
      vertex 24 2.5 9.7
      vertex 100 2.5 9.7
    endloop
  endfacet
  facet normal 0 1 0
    outer loop
      vertex 24 2.5 9.7
      vertex 100 2.5 6.7
      vertex 24 2.5 6.7
    endloop
  endfacet
  facet normal 0 0.891026 0.453952
    outer loop
      vertex 0 35.4813 16.4404
      vertex -10 35.1962 17
      vertex 0 35.1962 17
    endloop
  endfacet
  facet normal 0 0.891026 0.453952
    outer loop
      vertex -10 35.1962 17
      vertex 0 35.4813 16.4404
      vertex -10 35.4813 16.4404
    endloop
  endfacet
  facet normal 0 0.258837 -0.965921
    outer loop
      vertex -10 31.2475 8.13111
      vertex 0 31.8541 8.29366
      vertex 0 31.2475 8.13111
    endloop
  endfacet
  facet normal 0 0.258837 -0.965921
    outer loop
      vertex 0 31.8541 8.29366
      vertex -10 31.2475 8.13111
      vertex -10 31.8541 8.29366
    endloop
  endfacet
  facet normal 0 0.933612 0.358285
    outer loop
      vertex 0 35.7063 15.8541
      vertex -10 35.4813 16.4404
      vertex 0 35.4813 16.4404
    endloop
  endfacet
  facet normal 0 0.933612 0.358285
    outer loop
      vertex -10 35.4813 16.4404
      vertex 0 35.7063 15.8541
      vertex -10 35.7063 15.8541
    endloop
  endfacet
  facet normal 0 0.0523357 -0.99863
    outer loop
      vertex -10 30 8
      vertex 0 30.6272 8.03287
      vertex 0 30 8
    endloop
  endfacet
  facet normal 0 0.0523357 -0.99863
    outer loop
      vertex 0 30.6272 8.03287
      vertex -10 30 8
      vertex -10 30.6272 8.03287
    endloop
  endfacet
  facet normal 0 -0.891026 -0.453952
    outer loop
      vertex -10 24.8038 11
      vertex 0 24.5187 11.5596
      vertex -10 24.5187 11.5596
    endloop
  endfacet
  facet normal 0 -0.891026 -0.453952
    outer loop
      vertex 0 24.5187 11.5596
      vertex -10 24.8038 11
      vertex 0 24.8038 11
    endloop
  endfacet
  facet normal -0 0.707107 0.707107
    outer loop
      vertex -10 34.4589 18.0148
      vertex 0 34.0148 18.4589
      vertex 0 34.4589 18.0148
    endloop
  endfacet
  facet normal 0 0.707107 0.707107
    outer loop
      vertex 0 34.0148 18.4589
      vertex -10 34.4589 18.0148
      vertex -10 34.0148 18.4589
    endloop
  endfacet
  facet normal 0 0.965901 0.258911
    outer loop
      vertex 0 35.8689 15.2475
      vertex -10 35.7063 15.8541
      vertex 0 35.7063 15.8541
    endloop
  endfacet
  facet normal 0 0.965901 0.258911
    outer loop
      vertex -10 35.7063 15.8541
      vertex 0 35.8689 15.2475
      vertex -10 35.8689 15.2475
    endloop
  endfacet
  facet normal 0 -0.544703 0.838629
    outer loop
      vertex -10 27 19.1962
      vertex 0 26.4733 18.8541
      vertex 0 27 19.1962
    endloop
  endfacet
  facet normal 0 -0.544703 0.838629
    outer loop
      vertex 0 26.4733 18.8541
      vertex -10 27 19.1962
      vertex -10 26.4733 18.8541
    endloop
  endfacet
  facet normal 0 -0.358285 0.933612
    outer loop
      vertex -10 28.1459 19.7063
      vertex 0 27.5596 19.4813
      vertex 0 28.1459 19.7063
    endloop
  endfacet
  facet normal 0 -0.358285 0.933612
    outer loop
      vertex 0 27.5596 19.4813
      vertex -10 28.1459 19.7063
      vertex -10 27.5596 19.4813
    endloop
  endfacet
  facet normal 0 0.358383 -0.933575
    outer loop
      vertex -10 31.8541 8.29366
      vertex 0 32.4404 8.51873
      vertex 0 31.8541 8.29366
    endloop
  endfacet
  facet normal 0 0.358383 -0.933575
    outer loop
      vertex 0 32.4404 8.51873
      vertex -10 31.8541 8.29366
      vertex -10 32.4404 8.51873
    endloop
  endfacet
  facet normal 0 -0.629267 0.777189
    outer loop
      vertex -10 26.4733 18.8541
      vertex 0 25.9852 18.4589
      vertex 0 26.4733 18.8541
    endloop
  endfacet
  facet normal 0 -0.629267 0.777189
    outer loop
      vertex 0 25.9852 18.4589
      vertex -10 26.4733 18.8541
      vertex -10 25.9852 18.4589
    endloop
  endfacet
  facet normal 0 0.838629 0.544703
    outer loop
      vertex 0 35.1962 17
      vertex -10 34.8541 17.5267
      vertex 0 34.8541 17.5267
    endloop
  endfacet
  facet normal 0 0.838629 0.544703
    outer loop
      vertex -10 34.8541 17.5267
      vertex 0 35.1962 17
      vertex -10 35.1962 17
    endloop
  endfacet
  facet normal 0 0.629296 -0.777166
    outer loop
      vertex -10 33.5267 9.1459
      vertex 0 34.0148 9.54113
      vertex 0 33.5267 9.1459
    endloop
  endfacet
  facet normal 0 0.629296 -0.777166
    outer loop
      vertex 0 34.0148 9.54113
      vertex -10 33.5267 9.1459
      vertex -10 34.0148 9.54113
    endloop
  endfacet
  facet normal 0 -0.838629 -0.544703
    outer loop
      vertex -10 25.1459 10.4733
      vertex 0 24.8038 11
      vertex -10 24.8038 11
    endloop
  endfacet
  facet normal 0 -0.838629 -0.544703
    outer loop
      vertex 0 24.8038 11
      vertex -10 25.1459 10.4733
      vertex 0 25.1459 10.4733
    endloop
  endfacet
  facet normal 0 -0.0523357 -0.99863
    outer loop
      vertex -10 29.3728 8.03287
      vertex 0 30 8
      vertex 0 29.3728 8.03287
    endloop
  endfacet
  facet normal -0 -0.0523357 -0.99863
    outer loop
      vertex 0 30 8
      vertex -10 29.3728 8.03287
      vertex -10 30 8
    endloop
  endfacet
  facet normal 0 0.777189 0.629267
    outer loop
      vertex 0 34.8541 17.5267
      vertex -10 34.4589 18.0148
      vertex 0 34.4589 18.0148
    endloop
  endfacet
  facet normal 0 0.777189 0.629267
    outer loop
      vertex -10 34.4589 18.0148
      vertex 0 34.8541 17.5267
      vertex -10 34.8541 17.5267
    endloop
  endfacet
  facet normal 0 -0.998627 -0.0523833
    outer loop
      vertex -10 24.0329 13.3728
      vertex 0 24 14
      vertex -10 24 14
    endloop
  endfacet
  facet normal 0 -0.998627 -0.0523833
    outer loop
      vertex 0 24 14
      vertex -10 24.0329 13.3728
      vertex 0 24.0329 13.3728
    endloop
  endfacet
  facet normal 0 -0.156363 0.9877
    outer loop
      vertex -10 29.3728 19.9671
      vertex 0 28.7525 19.8689
      vertex 0 29.3728 19.9671
    endloop
  endfacet
  facet normal 0 -0.156363 0.9877
    outer loop
      vertex 0 28.7525 19.8689
      vertex -10 29.3728 19.9671
      vertex -10 28.7525 19.8689
    endloop
  endfacet
  facet normal 0 -0.9877 -0.156363
    outer loop
      vertex -10 24.1311 12.7525
      vertex 0 24.0329 13.3728
      vertex -10 24.0329 13.3728
    endloop
  endfacet
  facet normal 0 -0.9877 -0.156363
    outer loop
      vertex 0 24.0329 13.3728
      vertex -10 24.1311 12.7525
      vertex 0 24.1311 12.7525
    endloop
  endfacet
  facet normal 0 -0.544647 -0.838665
    outer loop
      vertex -10 26.4733 9.1459
      vertex 0 27 8.80385
      vertex 0 26.4733 9.1459
    endloop
  endfacet
  facet normal -0 -0.544647 -0.838665
    outer loop
      vertex 0 27 8.80385
      vertex -10 26.4733 9.1459
      vertex -10 27 8.80385
    endloop
  endfacet
  facet normal 0 -0.891026 0.453952
    outer loop
      vertex -10 24.5187 16.4404
      vertex 0 24.8038 17
      vertex -10 24.8038 17
    endloop
  endfacet
  facet normal 0 -0.891026 0.453952
    outer loop
      vertex 0 24.8038 17
      vertex -10 24.5187 16.4404
      vertex 0 24.5187 16.4404
    endloop
  endfacet
  facet normal 0 0.544647 -0.838665
    outer loop
      vertex -10 33 8.80385
      vertex 0 33.5267 9.1459
      vertex 0 33 8.80385
    endloop
  endfacet
  facet normal 0 0.544647 -0.838665
    outer loop
      vertex 0 33.5267 9.1459
      vertex -10 33 8.80385
      vertex -10 33.5267 9.1459
    endloop
  endfacet
  facet normal 0 0.998627 0.0523833
    outer loop
      vertex 0 36 14
      vertex -10 35.9671 14.6272
      vertex 0 35.9671 14.6272
    endloop
  endfacet
  facet normal 0 0.998627 0.0523833
    outer loop
      vertex -10 35.9671 14.6272
      vertex 0 36 14
      vertex -10 36 14
    endloop
  endfacet
  facet normal 0 -0.9877 0.156363
    outer loop
      vertex -10 24.0329 14.6272
      vertex 0 24.1311 15.2475
      vertex -10 24.1311 15.2475
    endloop
  endfacet
  facet normal 0 -0.9877 0.156363
    outer loop
      vertex 0 24.1311 15.2475
      vertex -10 24.0329 14.6272
      vertex 0 24.0329 14.6272
    endloop
  endfacet
  facet normal 0 0.9877 -0.156363
    outer loop
      vertex 0 35.8689 12.7525
      vertex -10 35.9671 13.3728
      vertex 0 35.9671 13.3728
    endloop
  endfacet
  facet normal 0 0.9877 -0.156363
    outer loop
      vertex -10 35.9671 13.3728
      vertex 0 35.8689 12.7525
      vertex -10 35.8689 12.7525
    endloop
  endfacet
  facet normal 0 0.933612 -0.358285
    outer loop
      vertex 0 35.4813 11.5596
      vertex -10 35.7063 12.1459
      vertex 0 35.7063 12.1459
    endloop
  endfacet
  facet normal 0 0.933612 -0.358285
    outer loop
      vertex -10 35.7063 12.1459
      vertex 0 35.4813 11.5596
      vertex -10 35.4813 11.5596
    endloop
  endfacet
  facet normal 0 0.453977 -0.891013
    outer loop
      vertex -10 32.4404 8.51873
      vertex 0 33 8.80385
      vertex 0 32.4404 8.51873
    endloop
  endfacet
  facet normal 0 0.453977 -0.891013
    outer loop
      vertex 0 33 8.80385
      vertex -10 32.4404 8.51873
      vertex -10 33 8.80385
    endloop
  endfacet
  facet normal 0 -0.258837 -0.965921
    outer loop
      vertex -10 28.1459 8.29366
      vertex 0 28.7525 8.13111
      vertex 0 28.1459 8.29366
    endloop
  endfacet
  facet normal -0 -0.258837 -0.965921
    outer loop
      vertex 0 28.7525 8.13111
      vertex -10 28.1459 8.29366
      vertex -10 28.7525 8.13111
    endloop
  endfacet
  facet normal 0 -0.933612 -0.358285
    outer loop
      vertex -10 24.5187 11.5596
      vertex 0 24.2937 12.1459
      vertex -10 24.2937 12.1459
    endloop
  endfacet
  facet normal 0 -0.933612 -0.358285
    outer loop
      vertex 0 24.2937 12.1459
      vertex -10 24.5187 11.5596
      vertex 0 24.5187 11.5596
    endloop
  endfacet
  facet normal 0 0.777177 -0.629283
    outer loop
      vertex 0 34.4589 9.98522
      vertex -10 34.8541 10.4733
      vertex 0 34.8541 10.4733
    endloop
  endfacet
  facet normal 0 0.777177 -0.629283
    outer loop
      vertex -10 34.8541 10.4733
      vertex 0 34.4589 9.98522
      vertex -10 34.4589 9.98522
    endloop
  endfacet
  facet normal 0 -0.965901 -0.258911
    outer loop
      vertex -10 24.2937 12.1459
      vertex 0 24.1311 12.7525
      vertex -10 24.1311 12.7525
    endloop
  endfacet
  facet normal 0 -0.965901 -0.258911
    outer loop
      vertex 0 24.1311 12.7525
      vertex -10 24.2937 12.1459
      vertex 0 24.2937 12.1459
    endloop
  endfacet
  facet normal 0 -0.777189 0.629267
    outer loop
      vertex -10 25.1459 17.5267
      vertex 0 25.5411 18.0148
      vertex -10 25.5411 18.0148
    endloop
  endfacet
  facet normal 0 -0.777189 0.629267
    outer loop
      vertex 0 25.5411 18.0148
      vertex -10 25.1459 17.5267
      vertex 0 25.1459 17.5267
    endloop
  endfacet
  facet normal 0 0.156425 -0.98769
    outer loop
      vertex -10 30.6272 8.03287
      vertex 0 31.2475 8.13111
      vertex 0 30.6272 8.03287
    endloop
  endfacet
  facet normal 0 0.156425 -0.98769
    outer loop
      vertex 0 31.2475 8.13111
      vertex -10 30.6272 8.03287
      vertex -10 31.2475 8.13111
    endloop
  endfacet
  facet normal 0 -0.838629 0.544703
    outer loop
      vertex -10 24.8038 17
      vertex 0 25.1459 17.5267
      vertex -10 25.1459 17.5267
    endloop
  endfacet
  facet normal 0 -0.838629 0.544703
    outer loop
      vertex 0 25.1459 17.5267
      vertex -10 24.8038 17
      vertex 0 24.8038 17
    endloop
  endfacet
  facet normal 0 -0.453977 -0.891013
    outer loop
      vertex -10 27 8.80385
      vertex 0 27.5596 8.51873
      vertex 0 27 8.80385
    endloop
  endfacet
  facet normal -0 -0.453977 -0.891013
    outer loop
      vertex 0 27.5596 8.51873
      vertex -10 27 8.80385
      vertex -10 27.5596 8.51873
    endloop
  endfacet
  facet normal 0 -0.965901 0.258911
    outer loop
      vertex -10 24.1311 15.2475
      vertex 0 24.2937 15.8541
      vertex -10 24.2937 15.8541
    endloop
  endfacet
  facet normal 0 -0.965901 0.258911
    outer loop
      vertex 0 24.2937 15.8541
      vertex -10 24.1311 15.2475
      vertex 0 24.1311 15.2475
    endloop
  endfacet
  facet normal 0 -0.629296 -0.777166
    outer loop
      vertex -10 25.9852 9.54113
      vertex 0 26.4733 9.1459
      vertex 0 25.9852 9.54113
    endloop
  endfacet
  facet normal -0 -0.629296 -0.777166
    outer loop
      vertex 0 26.4733 9.1459
      vertex -10 25.9852 9.54113
      vertex -10 26.4733 9.1459
    endloop
  endfacet
  facet normal 0 -0.707107 0.707107
    outer loop
      vertex -10 25.5411 18.0148
      vertex 0 25.9852 18.4589
      vertex -10 25.9852 18.4589
    endloop
  endfacet
  facet normal 0 -0.707107 0.707107
    outer loop
      vertex 0 25.9852 18.4589
      vertex -10 25.5411 18.0148
      vertex 0 25.5411 18.0148
    endloop
  endfacet
  facet normal 0 0.9877 0.156363
    outer loop
      vertex 0 35.9671 14.6272
      vertex -10 35.8689 15.2475
      vertex 0 35.8689 15.2475
    endloop
  endfacet
  facet normal 0 0.9877 0.156363
    outer loop
      vertex -10 35.8689 15.2475
      vertex 0 35.9671 14.6272
      vertex -10 35.9671 14.6272
    endloop
  endfacet
  facet normal 0 0.838629 -0.544703
    outer loop
      vertex 0 34.8541 10.4733
      vertex -10 35.1962 11
      vertex 0 35.1962 11
    endloop
  endfacet
  facet normal 0 0.838629 -0.544703
    outer loop
      vertex -10 35.1962 11
      vertex 0 34.8541 10.4733
      vertex -10 34.8541 10.4733
    endloop
  endfacet
  facet normal -0 0.629267 0.777189
    outer loop
      vertex -10 34.0148 18.4589
      vertex 0 33.5267 18.8541
      vertex 0 34.0148 18.4589
    endloop
  endfacet
  facet normal 0 0.629267 0.777189
    outer loop
      vertex 0 33.5267 18.8541
      vertex -10 34.0148 18.4589
      vertex -10 33.5267 18.8541
    endloop
  endfacet
  facet normal 0 0.965901 -0.258911
    outer loop
      vertex 0 35.7063 12.1459
      vertex -10 35.8689 12.7525
      vertex 0 35.8689 12.7525
    endloop
  endfacet
  facet normal 0 0.965901 -0.258911
    outer loop
      vertex -10 35.8689 12.7525
      vertex 0 35.7063 12.1459
      vertex -10 35.7063 12.1459
    endloop
  endfacet
  facet normal 0 -0.453952 0.891026
    outer loop
      vertex -10 27.5596 19.4813
      vertex 0 27 19.1962
      vertex 0 27.5596 19.4813
    endloop
  endfacet
  facet normal 0 -0.453952 0.891026
    outer loop
      vertex 0 27 19.1962
      vertex -10 27.5596 19.4813
      vertex -10 27 19.1962
    endloop
  endfacet
  facet normal 0 -0.156425 -0.98769
    outer loop
      vertex -10 28.7525 8.13111
      vertex 0 29.3728 8.03287
      vertex 0 28.7525 8.13111
    endloop
  endfacet
  facet normal -0 -0.156425 -0.98769
    outer loop
      vertex 0 29.3728 8.03287
      vertex -10 28.7525 8.13111
      vertex -10 29.3728 8.03287
    endloop
  endfacet
  facet normal -0 0.544703 0.838629
    outer loop
      vertex -10 33.5267 18.8541
      vertex 0 33 19.1962
      vertex 0 33.5267 18.8541
    endloop
  endfacet
  facet normal 0 0.544703 0.838629
    outer loop
      vertex 0 33 19.1962
      vertex -10 33.5267 18.8541
      vertex -10 33 19.1962
    endloop
  endfacet
  facet normal -0 0.156363 0.9877
    outer loop
      vertex -10 31.2475 19.8689
      vertex 0 30.6272 19.9671
      vertex 0 31.2475 19.8689
    endloop
  endfacet
  facet normal 0 0.156363 0.9877
    outer loop
      vertex 0 30.6272 19.9671
      vertex -10 31.2475 19.8689
      vertex -10 30.6272 19.9671
    endloop
  endfacet
  facet normal 0 0.998627 -0.0523833
    outer loop
      vertex 0 35.9671 13.3728
      vertex -10 36 14
      vertex 0 36 14
    endloop
  endfacet
  facet normal 0 0.998627 -0.0523833
    outer loop
      vertex -10 36 14
      vertex 0 35.9671 13.3728
      vertex -10 35.9671 13.3728
    endloop
  endfacet
  facet normal 0 0.891026 -0.453952
    outer loop
      vertex 0 35.1962 11
      vertex -10 35.4813 11.5596
      vertex 0 35.4813 11.5596
    endloop
  endfacet
  facet normal 0 0.891026 -0.453952
    outer loop
      vertex -10 35.4813 11.5596
      vertex 0 35.1962 11
      vertex -10 35.1962 11
    endloop
  endfacet
  facet normal -0 0.358285 0.933612
    outer loop
      vertex -10 32.4404 19.4813
      vertex 0 31.8541 19.7063
      vertex 0 32.4404 19.4813
    endloop
  endfacet
  facet normal 0 0.358285 0.933612
    outer loop
      vertex 0 31.8541 19.7063
      vertex -10 32.4404 19.4813
      vertex -10 31.8541 19.7063
    endloop
  endfacet
  facet normal 0 0.707099 -0.707115
    outer loop
      vertex -10 34.0148 9.54113
      vertex 0 34.4589 9.98522
      vertex 0 34.0148 9.54113
    endloop
  endfacet
  facet normal 0 0.707099 -0.707115
    outer loop
      vertex 0 34.4589 9.98522
      vertex -10 34.0148 9.54113
      vertex -10 34.4589 9.98522
    endloop
  endfacet
  facet normal -0 0.453952 0.891026
    outer loop
      vertex -10 33 19.1962
      vertex 0 32.4404 19.4813
      vertex 0 33 19.1962
    endloop
  endfacet
  facet normal 0 0.453952 0.891026
    outer loop
      vertex 0 32.4404 19.4813
      vertex -10 33 19.1962
      vertex -10 32.4404 19.4813
    endloop
  endfacet
  facet normal 0 -0.258911 0.965901
    outer loop
      vertex -10 28.7525 19.8689
      vertex 0 28.1459 19.7063
      vertex 0 28.7525 19.8689
    endloop
  endfacet
  facet normal 0 -0.258911 0.965901
    outer loop
      vertex 0 28.1459 19.7063
      vertex -10 28.7525 19.8689
      vertex -10 28.1459 19.7063
    endloop
  endfacet
  facet normal 0 -0.0523833 0.998627
    outer loop
      vertex -10 30 20
      vertex 0 29.3728 19.9671
      vertex 0 30 20
    endloop
  endfacet
  facet normal 0 -0.0523833 0.998627
    outer loop
      vertex 0 29.3728 19.9671
      vertex -10 30 20
      vertex -10 29.3728 19.9671
    endloop
  endfacet
  facet normal -0 0.258911 0.965901
    outer loop
      vertex -10 31.8541 19.7063
      vertex 0 31.2475 19.8689
      vertex 0 31.8541 19.7063
    endloop
  endfacet
  facet normal 0 0.258911 0.965901
    outer loop
      vertex 0 31.2475 19.8689
      vertex -10 31.8541 19.7063
      vertex -10 31.2475 19.8689
    endloop
  endfacet
  facet normal 0 -0.358383 -0.933575
    outer loop
      vertex -10 27.5596 8.51873
      vertex 0 28.1459 8.29366
      vertex 0 27.5596 8.51873
    endloop
  endfacet
  facet normal -0 -0.358383 -0.933575
    outer loop
      vertex 0 28.1459 8.29366
      vertex -10 27.5596 8.51873
      vertex -10 28.1459 8.29366
    endloop
  endfacet
  facet normal -1 0 0
    outer loop
      vertex -10 34 14
      vertex -10 36 14
      vertex -10 35.9671 13.3728
    endloop
  endfacet
  facet normal -1 0 0
    outer loop
      vertex -10 33.9781 13.5819
      vertex -10 35.9671 13.3728
      vertex -10 35.8689 12.7525
    endloop
  endfacet
  facet normal -1 0 0
    outer loop
      vertex -10 36 14
      vertex -10 34 14
      vertex -10 35.9671 14.6272
    endloop
  endfacet
  facet normal -1 0 0
    outer loop
      vertex -10 33.9126 13.1684
      vertex -10 35.8689 12.7525
      vertex -10 35.7063 12.1459
    endloop
  endfacet
  facet normal -1 0 0
    outer loop
      vertex -10 33.9781 14.4181
      vertex -10 35.9671 14.6272
      vertex -10 34 14
    endloop
  endfacet
  facet normal -1 0 0
    outer loop
      vertex -10 33.8042 12.7639
      vertex -10 35.7063 12.1459
      vertex -10 35.4813 11.5596
    endloop
  endfacet
  facet normal -1 -0 0
    outer loop
      vertex -10 35.9671 14.6272
      vertex -10 33.9781 14.4181
      vertex -10 35.8689 15.2475
    endloop
  endfacet
  facet normal -1 0 0
    outer loop
      vertex -10 33.6542 12.3731
      vertex -10 35.4813 11.5596
      vertex -10 35.1962 11
    endloop
  endfacet
  facet normal -1 0 0
    outer loop
      vertex -10 33.9126 14.8316
      vertex -10 35.8689 15.2475
      vertex -10 33.9781 14.4181
    endloop
  endfacet
  facet normal -1 0 0
    outer loop
      vertex -10 33.4641 12
      vertex -10 35.1962 11
      vertex -10 34.8541 10.4733
    endloop
  endfacet
  facet normal -1 -0 0
    outer loop
      vertex -10 35.8689 15.2475
      vertex -10 33.9126 14.8316
      vertex -10 35.7063 15.8541
    endloop
  endfacet
  facet normal -1 0 0
    outer loop
      vertex -10 33.2361 11.6489
      vertex -10 34.8541 10.4733
      vertex -10 34.4589 9.98522
    endloop
  endfacet
  facet normal -1 0 0
    outer loop
      vertex -10 33.8042 15.2361
      vertex -10 35.7063 15.8541
      vertex -10 33.9126 14.8316
    endloop
  endfacet
  facet normal -1 0 0
    outer loop
      vertex -10 32.9726 11.3235
      vertex -10 34.4589 9.98522
      vertex -10 34.0148 9.54113
    endloop
  endfacet
  facet normal -1 -0 0
    outer loop
      vertex -10 35.7063 15.8541
      vertex -10 33.8042 15.2361
      vertex -10 35.4813 16.4404
    endloop
  endfacet
  facet normal -1 0 0
    outer loop
      vertex -10 33.6542 15.6269
      vertex -10 35.4813 16.4404
      vertex -10 33.8042 15.2361
    endloop
  endfacet
  facet normal -1 0 0
    outer loop
      vertex -10 35.9671 13.3728
      vertex -10 33.9781 13.5819
      vertex -10 34 14
    endloop
  endfacet
  facet normal -1 0 0
    outer loop
      vertex -10 35.8689 12.7525
      vertex -10 33.9126 13.1684
      vertex -10 33.9781 13.5819
    endloop
  endfacet
  facet normal -1 0 0
    outer loop
      vertex -10 35.7063 12.1459
      vertex -10 33.8042 12.7639
      vertex -10 33.9126 13.1684
    endloop
  endfacet
  facet normal -1 0 0
    outer loop
      vertex -10 35.4813 11.5596
      vertex -10 33.6542 12.3731
      vertex -10 33.8042 12.7639
    endloop
  endfacet
  facet normal -1 0 0
    outer loop
      vertex -10 32.6765 11.0274
      vertex -10 34.0148 9.54113
      vertex -10 33.5267 9.1459
    endloop
  endfacet
  facet normal -1 0 0
    outer loop
      vertex -10 35.1962 11
      vertex -10 33.4641 12
      vertex -10 33.6542 12.3731
    endloop
  endfacet
  facet normal -1 0 0
    outer loop
      vertex -10 34.8541 10.4733
      vertex -10 33.2361 11.6489
      vertex -10 33.4641 12
    endloop
  endfacet
  facet normal -1 0 0
    outer loop
      vertex -10 32.3511 10.7639
      vertex -10 33.5267 9.1459
      vertex -10 33 8.80385
    endloop
  endfacet
  facet normal -1 0 0
    outer loop
      vertex -10 34.4589 9.98522
      vertex -10 32.9726 11.3235
      vertex -10 33.2361 11.6489
    endloop
  endfacet
  facet normal -1 0 0
    outer loop
      vertex -10 34.0148 9.54113
      vertex -10 32.6765 11.0274
      vertex -10 32.9726 11.3235
    endloop
  endfacet
  facet normal -1 0 0
    outer loop
      vertex -10 32 10.5359
      vertex -10 33 8.80385
      vertex -10 32.4404 8.51873
    endloop
  endfacet
  facet normal -1 0 0
    outer loop
      vertex -10 33.5267 9.1459
      vertex -10 32.3511 10.7639
      vertex -10 32.6765 11.0274
    endloop
  endfacet
  facet normal -1 0 0
    outer loop
      vertex -10 33 8.80385
      vertex -10 32 10.5359
      vertex -10 32.3511 10.7639
    endloop
  endfacet
  facet normal -1 0 0
    outer loop
      vertex -10 31.6269 10.3458
      vertex -10 32.4404 8.51873
      vertex -10 31.8541 8.29366
    endloop
  endfacet
  facet normal -1 0 0
    outer loop
      vertex -10 32.4404 8.51873
      vertex -10 31.6269 10.3458
      vertex -10 32 10.5359
    endloop
  endfacet
  facet normal -1 0 0
    outer loop
      vertex -10 31.2361 10.1958
      vertex -10 31.8541 8.29366
      vertex -10 31.2475 8.13111
    endloop
  endfacet
  facet normal -1 0 0
    outer loop
      vertex -10 31.8541 8.29366
      vertex -10 31.2361 10.1958
      vertex -10 31.6269 10.3458
    endloop
  endfacet
  facet normal -1 0 0
    outer loop
      vertex -10 31.2475 8.13111
      vertex -10 30.8316 10.0874
      vertex -10 31.2361 10.1958
    endloop
  endfacet
  facet normal -1 0 0
    outer loop
      vertex -10 30.6272 8.03287
      vertex -10 30.8316 10.0874
      vertex -10 31.2475 8.13111
    endloop
  endfacet
  facet normal -1 0 0
    outer loop
      vertex -10 30.6272 8.03287
      vertex -10 30.4181 10.0219
      vertex -10 30.8316 10.0874
    endloop
  endfacet
  facet normal -1 0 0
    outer loop
      vertex -10 30 8
      vertex -10 30.4181 10.0219
      vertex -10 30.6272 8.03287
    endloop
  endfacet
  facet normal -1 0 0
    outer loop
      vertex -10 30 8
      vertex -10 30 10
      vertex -10 30.4181 10.0219
    endloop
  endfacet
  facet normal -1 0 0
    outer loop
      vertex -10 30 8
      vertex -10 29.5819 10.0219
      vertex -10 30 10
    endloop
  endfacet
  facet normal -1 0 0
    outer loop
      vertex -10 29.3728 8.03287
      vertex -10 29.5819 10.0219
      vertex -10 30 8
    endloop
  endfacet
  facet normal -1 0 0
    outer loop
      vertex -10 29.3728 8.03287
      vertex -10 29.1684 10.0874
      vertex -10 29.5819 10.0219
    endloop
  endfacet
  facet normal -1 0 0
    outer loop
      vertex -10 28.7525 8.13111
      vertex -10 29.1684 10.0874
      vertex -10 29.3728 8.03287
    endloop
  endfacet
  facet normal -1 -0 0
    outer loop
      vertex -10 29.1684 10.0874
      vertex -10 28.7525 8.13111
      vertex -10 28.7639 10.1958
    endloop
  endfacet
  facet normal -1 0 0
    outer loop
      vertex -10 28.1459 8.29366
      vertex -10 28.7639 10.1958
      vertex -10 28.7525 8.13111
    endloop
  endfacet
  facet normal -1 -0 0
    outer loop
      vertex -10 28.7639 10.1958
      vertex -10 28.1459 8.29366
      vertex -10 28.3731 10.3458
    endloop
  endfacet
  facet normal -1 0 0
    outer loop
      vertex -10 27.5596 8.51873
      vertex -10 28.3731 10.3458
      vertex -10 28.1459 8.29366
    endloop
  endfacet
  facet normal -1 -0 0
    outer loop
      vertex -10 28.3731 10.3458
      vertex -10 27.5596 8.51873
      vertex -10 28 10.5359
    endloop
  endfacet
  facet normal -1 0 0
    outer loop
      vertex -10 27 8.80385
      vertex -10 28 10.5359
      vertex -10 27.5596 8.51873
    endloop
  endfacet
  facet normal -1 -0 0
    outer loop
      vertex -10 28 10.5359
      vertex -10 27 8.80385
      vertex -10 27.6489 10.7639
    endloop
  endfacet
  facet normal -1 0 0
    outer loop
      vertex -10 26.4733 9.1459
      vertex -10 27.6489 10.7639
      vertex -10 27 8.80385
    endloop
  endfacet
  facet normal -1 -0 0
    outer loop
      vertex -10 27.6489 10.7639
      vertex -10 26.4733 9.1459
      vertex -10 27.3235 11.0274
    endloop
  endfacet
  facet normal -1 0 0
    outer loop
      vertex -10 25.9852 9.54113
      vertex -10 27.3235 11.0274
      vertex -10 26.4733 9.1459
    endloop
  endfacet
  facet normal -1 -0 0
    outer loop
      vertex -10 27.3235 11.0274
      vertex -10 25.9852 9.54113
      vertex -10 27.0274 11.3235
    endloop
  endfacet
  facet normal -1 0 0
    outer loop
      vertex -10 25.5411 9.98522
      vertex -10 27.0274 11.3235
      vertex -10 25.9852 9.54113
    endloop
  endfacet
  facet normal -1 -0 0
    outer loop
      vertex -10 27.0274 11.3235
      vertex -10 25.5411 9.98522
      vertex -10 26.7639 11.6489
    endloop
  endfacet
  facet normal -1 0 0
    outer loop
      vertex -10 25.1459 10.4733
      vertex -10 26.7639 11.6489
      vertex -10 25.5411 9.98522
    endloop
  endfacet
  facet normal -1 -0 0
    outer loop
      vertex -10 26.7639 11.6489
      vertex -10 25.1459 10.4733
      vertex -10 26.5359 12
    endloop
  endfacet
  facet normal -1 0 0
    outer loop
      vertex -10 24.8038 11
      vertex -10 26.5359 12
      vertex -10 25.1459 10.4733
    endloop
  endfacet
  facet normal -1 0 0
    outer loop
      vertex -10 24.5187 11.5596
      vertex -10 26.3458 12.3731
      vertex -10 24.8038 11
    endloop
  endfacet
  facet normal -1 -0 0
    outer loop
      vertex -10 26.5359 12
      vertex -10 24.8038 11
      vertex -10 26.3458 12.3731
    endloop
  endfacet
  facet normal -1 -0 0
    outer loop
      vertex -10 35.4813 16.4404
      vertex -10 33.6542 15.6269
      vertex -10 35.1962 17
    endloop
  endfacet
  facet normal -1 0 0
    outer loop
      vertex -10 33.4641 16
      vertex -10 35.1962 17
      vertex -10 33.6542 15.6269
    endloop
  endfacet
  facet normal -1 -0 0
    outer loop
      vertex -10 35.1962 17
      vertex -10 33.4641 16
      vertex -10 34.8541 17.5267
    endloop
  endfacet
  facet normal -1 0 0
    outer loop
      vertex -10 33.2361 16.3511
      vertex -10 34.8541 17.5267
      vertex -10 33.4641 16
    endloop
  endfacet
  facet normal -1 -0 0
    outer loop
      vertex -10 34.8541 17.5267
      vertex -10 33.2361 16.3511
      vertex -10 34.4589 18.0148
    endloop
  endfacet
  facet normal -1 0 0
    outer loop
      vertex -10 32.9726 16.6765
      vertex -10 34.4589 18.0148
      vertex -10 33.2361 16.3511
    endloop
  endfacet
  facet normal -1 -0 0
    outer loop
      vertex -10 34.4589 18.0148
      vertex -10 32.9726 16.6765
      vertex -10 34.0148 18.4589
    endloop
  endfacet
  facet normal -1 0 0
    outer loop
      vertex -10 32.6765 16.9726
      vertex -10 34.0148 18.4589
      vertex -10 32.9726 16.6765
    endloop
  endfacet
  facet normal -1 -0 0
    outer loop
      vertex -10 34.0148 18.4589
      vertex -10 32.6765 16.9726
      vertex -10 33.5267 18.8541
    endloop
  endfacet
  facet normal -1 0 0
    outer loop
      vertex -10 32.3511 17.2361
      vertex -10 33.5267 18.8541
      vertex -10 32.6765 16.9726
    endloop
  endfacet
  facet normal -1 -0 0
    outer loop
      vertex -10 33.5267 18.8541
      vertex -10 32.3511 17.2361
      vertex -10 33 19.1962
    endloop
  endfacet
  facet normal -1 0 0
    outer loop
      vertex -10 32 17.4641
      vertex -10 33 19.1962
      vertex -10 32.3511 17.2361
    endloop
  endfacet
  facet normal -1 -0 0
    outer loop
      vertex -10 33 19.1962
      vertex -10 32 17.4641
      vertex -10 32.4404 19.4813
    endloop
  endfacet
  facet normal -1 0 0
    outer loop
      vertex -10 31.6269 17.6542
      vertex -10 32.4404 19.4813
      vertex -10 32 17.4641
    endloop
  endfacet
  facet normal -1 -0 0
    outer loop
      vertex -10 32.4404 19.4813
      vertex -10 31.6269 17.6542
      vertex -10 31.8541 19.7063
    endloop
  endfacet
  facet normal -1 0 0
    outer loop
      vertex -10 31.2361 17.8042
      vertex -10 31.8541 19.7063
      vertex -10 31.6269 17.6542
    endloop
  endfacet
  facet normal -1 -0 0
    outer loop
      vertex -10 31.8541 19.7063
      vertex -10 31.2361 17.8042
      vertex -10 31.2475 19.8689
    endloop
  endfacet
  facet normal -1 0 0
    outer loop
      vertex -10 30.8316 17.9126
      vertex -10 31.2475 19.8689
      vertex -10 31.2361 17.8042
    endloop
  endfacet
  facet normal -1 0 0
    outer loop
      vertex -10 30.8316 17.9126
      vertex -10 30.6272 19.9671
      vertex -10 31.2475 19.8689
    endloop
  endfacet
  facet normal -1 0 0
    outer loop
      vertex -10 30.4181 17.9781
      vertex -10 30.6272 19.9671
      vertex -10 30.8316 17.9126
    endloop
  endfacet
  facet normal -1 0 0
    outer loop
      vertex -10 30 18
      vertex -10 30.6272 19.9671
      vertex -10 30.4181 17.9781
    endloop
  endfacet
  facet normal -1 0 0
    outer loop
      vertex -10 30 18
      vertex -10 30 20
      vertex -10 30.6272 19.9671
    endloop
  endfacet
  facet normal -1 0 0
    outer loop
      vertex -10 29.5819 17.9781
      vertex -10 30 20
      vertex -10 30 18
    endloop
  endfacet
  facet normal -1 0 0
    outer loop
      vertex -10 29.5819 17.9781
      vertex -10 29.3728 19.9671
      vertex -10 30 20
    endloop
  endfacet
  facet normal -1 0 0
    outer loop
      vertex -10 29.1684 17.9126
      vertex -10 29.3728 19.9671
      vertex -10 29.5819 17.9781
    endloop
  endfacet
  facet normal -1 0 0
    outer loop
      vertex -10 28.7525 19.8689
      vertex -10 29.1684 17.9126
      vertex -10 28.7639 17.8042
    endloop
  endfacet
  facet normal -1 0 0
    outer loop
      vertex -10 29.1684 17.9126
      vertex -10 28.7525 19.8689
      vertex -10 29.3728 19.9671
    endloop
  endfacet
  facet normal -1 0 0
    outer loop
      vertex -10 28.1459 19.7063
      vertex -10 28.7639 17.8042
      vertex -10 28.3731 17.6542
    endloop
  endfacet
  facet normal -1 0 0
    outer loop
      vertex -10 28.7639 17.8042
      vertex -10 28.1459 19.7063
      vertex -10 28.7525 19.8689
    endloop
  endfacet
  facet normal -1 0 0
    outer loop
      vertex -10 27.5596 19.4813
      vertex -10 28.3731 17.6542
      vertex -10 28 17.4641
    endloop
  endfacet
  facet normal -1 0 0
    outer loop
      vertex -10 27 19.1962
      vertex -10 28 17.4641
      vertex -10 27.6489 17.2361
    endloop
  endfacet
  facet normal -1 0 0
    outer loop
      vertex -10 28.3731 17.6542
      vertex -10 27.5596 19.4813
      vertex -10 28.1459 19.7063
    endloop
  endfacet
  facet normal -1 0 0
    outer loop
      vertex -10 26.4733 18.8541
      vertex -10 27.6489 17.2361
      vertex -10 27.3235 16.9726
    endloop
  endfacet
  facet normal -1 0 0
    outer loop
      vertex -10 25.9852 18.4589
      vertex -10 27.3235 16.9726
      vertex -10 27.0274 16.6765
    endloop
  endfacet
  facet normal -1 0 0
    outer loop
      vertex -10 28 17.4641
      vertex -10 27 19.1962
      vertex -10 27.5596 19.4813
    endloop
  endfacet
  facet normal -1 0 0
    outer loop
      vertex -10 25.5411 18.0148
      vertex -10 27.0274 16.6765
      vertex -10 26.7639 16.3511
    endloop
  endfacet
  facet normal -1 0 0
    outer loop
      vertex -10 25.1459 17.5267
      vertex -10 26.7639 16.3511
      vertex -10 26.5359 16
    endloop
  endfacet
  facet normal -1 0 0
    outer loop
      vertex -10 27.6489 17.2361
      vertex -10 26.4733 18.8541
      vertex -10 27 19.1962
    endloop
  endfacet
  facet normal -1 0 0
    outer loop
      vertex -10 24.8038 17
      vertex -10 26.5359 16
      vertex -10 26.3458 15.6269
    endloop
  endfacet
  facet normal -1 0 0
    outer loop
      vertex -10 24.5187 16.4404
      vertex -10 26.3458 15.6269
      vertex -10 26.1958 15.2361
    endloop
  endfacet
  facet normal -1 0 0
    outer loop
      vertex -10 24.2937 15.8541
      vertex -10 26.1958 15.2361
      vertex -10 26.0874 14.8316
    endloop
  endfacet
  facet normal -1 0 0
    outer loop
      vertex -10 24.1311 15.2475
      vertex -10 26.0874 14.8316
      vertex -10 26.0219 14.4181
    endloop
  endfacet
  facet normal -1 0 0
    outer loop
      vertex -10 27.3235 16.9726
      vertex -10 25.9852 18.4589
      vertex -10 26.4733 18.8541
    endloop
  endfacet
  facet normal -1 0 0
    outer loop
      vertex -10 24.0329 14.6272
      vertex -10 26.0219 14.4181
      vertex -10 26 14
    endloop
  endfacet
  facet normal -1 -0 0
    outer loop
      vertex -10 26.3458 12.3731
      vertex -10 24.5187 11.5596
      vertex -10 26.1958 12.7639
    endloop
  endfacet
  facet normal -1 0 0
    outer loop
      vertex -10 24.2937 12.1459
      vertex -10 26.1958 12.7639
      vertex -10 24.5187 11.5596
    endloop
  endfacet
  facet normal -1 0 0
    outer loop
      vertex -10 27.0274 16.6765
      vertex -10 25.5411 18.0148
      vertex -10 25.9852 18.4589
    endloop
  endfacet
  facet normal -1 -0 0
    outer loop
      vertex -10 26.1958 12.7639
      vertex -10 24.2937 12.1459
      vertex -10 26.0874 13.1684
    endloop
  endfacet
  facet normal -1 0 0
    outer loop
      vertex -10 26.7639 16.3511
      vertex -10 25.1459 17.5267
      vertex -10 25.5411 18.0148
    endloop
  endfacet
  facet normal -1 0 0
    outer loop
      vertex -10 24.1311 12.7525
      vertex -10 26.0874 13.1684
      vertex -10 24.2937 12.1459
    endloop
  endfacet
  facet normal -1 0 0
    outer loop
      vertex -10 26.5359 16
      vertex -10 24.8038 17
      vertex -10 25.1459 17.5267
    endloop
  endfacet
  facet normal -1 -0 0
    outer loop
      vertex -10 26.0874 13.1684
      vertex -10 24.1311 12.7525
      vertex -10 26.0219 13.5819
    endloop
  endfacet
  facet normal -1 0 0
    outer loop
      vertex -10 26.3458 15.6269
      vertex -10 24.5187 16.4404
      vertex -10 24.8038 17
    endloop
  endfacet
  facet normal -1 0 0
    outer loop
      vertex -10 24.0329 13.3728
      vertex -10 26.0219 13.5819
      vertex -10 24.1311 12.7525
    endloop
  endfacet
  facet normal -1 0 0
    outer loop
      vertex -10 26.1958 15.2361
      vertex -10 24.2937 15.8541
      vertex -10 24.5187 16.4404
    endloop
  endfacet
  facet normal -1 -0 0
    outer loop
      vertex -10 26.0219 13.5819
      vertex -10 24.0329 13.3728
      vertex -10 26 14
    endloop
  endfacet
  facet normal -1 0 0
    outer loop
      vertex -10 26.0874 14.8316
      vertex -10 24.1311 15.2475
      vertex -10 24.2937 15.8541
    endloop
  endfacet
  facet normal -1 0 0
    outer loop
      vertex -10 24 14
      vertex -10 26 14
      vertex -10 24.0329 13.3728
    endloop
  endfacet
  facet normal -1 0 0
    outer loop
      vertex -10 26.0219 14.4181
      vertex -10 24.0329 14.6272
      vertex -10 24.1311 15.2475
    endloop
  endfacet
  facet normal -1 0 0
    outer loop
      vertex -10 26 14
      vertex -10 24 14
      vertex -10 24.0329 14.6272
    endloop
  endfacet
  facet normal 0 -0.998627 0.0523833
    outer loop
      vertex -10 24 14
      vertex 0 24.0329 14.6272
      vertex -10 24.0329 14.6272
    endloop
  endfacet
  facet normal 0 -0.998627 0.0523833
    outer loop
      vertex 0 24.0329 14.6272
      vertex -10 24 14
      vertex 0 24 14
    endloop
  endfacet
  facet normal -0 0.0523833 0.998627
    outer loop
      vertex -10 30.6272 19.9671
      vertex 0 30 20
      vertex 0 30.6272 19.9671
    endloop
  endfacet
  facet normal 0 0.0523833 0.998627
    outer loop
      vertex 0 30 20
      vertex -10 30.6272 19.9671
      vertex -10 30 20
    endloop
  endfacet
  facet normal 0 -0.933612 0.358285
    outer loop
      vertex -10 24.2937 15.8541
      vertex 0 24.5187 16.4404
      vertex -10 24.5187 16.4404
    endloop
  endfacet
  facet normal 0 -0.933612 0.358285
    outer loop
      vertex 0 24.5187 16.4404
      vertex -10 24.2937 15.8541
      vertex 0 24.2937 15.8541
    endloop
  endfacet
  facet normal 0 -0.707099 -0.707115
    outer loop
      vertex -10 25.5411 9.98522
      vertex 0 25.9852 9.54113
      vertex 0 25.5411 9.98522
    endloop
  endfacet
  facet normal -0 -0.707099 -0.707115
    outer loop
      vertex 0 25.9852 9.54113
      vertex -10 25.5411 9.98522
      vertex -10 25.9852 9.54113
    endloop
  endfacet
  facet normal 0 -0.777177 -0.629283
    outer loop
      vertex -10 25.5411 9.98522
      vertex 0 25.1459 10.4733
      vertex -10 25.1459 10.4733
    endloop
  endfacet
  facet normal 0 -0.777177 -0.629283
    outer loop
      vertex 0 25.1459 10.4733
      vertex -10 25.5411 9.98522
      vertex 0 25.5411 9.98522
    endloop
  endfacet
  facet normal -0 0.156453 0.987685
    outer loop
      vertex -10 29.5819 10.0219
      vertex 0 29.1684 10.0874
      vertex 0 29.5819 10.0219
    endloop
  endfacet
  facet normal 0 0.156453 0.987685
    outer loop
      vertex 0 29.1684 10.0874
      vertex -10 29.5819 10.0219
      vertex -10 29.1684 10.0874
    endloop
  endfacet
  facet normal 0 -0.258851 0.965917
    outer loop
      vertex -10 31.2361 10.1958
      vertex 0 30.8316 10.0874
      vertex 0 31.2361 10.1958
    endloop
  endfacet
  facet normal 0 -0.258851 0.965917
    outer loop
      vertex 0 30.8316 10.0874
      vertex -10 31.2361 10.1958
      vertex -10 30.8316 10.0874
    endloop
  endfacet
  facet normal 0 -0.838678 -0.544627
    outer loop
      vertex -10 33.4641 16
      vertex 0 33.2361 16.3511
      vertex -10 33.2361 16.3511
    endloop
  endfacet
  facet normal 0 -0.838678 -0.544627
    outer loop
      vertex 0 33.2361 16.3511
      vertex -10 33.4641 16
      vertex 0 33.4641 16
    endloop
  endfacet
  facet normal 0 -0.0523081 0.998631
    outer loop
      vertex -10 30.4181 10.0219
      vertex 0 30 10
      vertex 0 30.4181 10.0219
    endloop
  endfacet
  facet normal 0 -0.0523081 0.998631
    outer loop
      vertex 0 30 10
      vertex -10 30.4181 10.0219
      vertex -10 30 10
    endloop
  endfacet
  facet normal 0 -0.707107 -0.707107
    outer loop
      vertex -10 32.9726 16.6765
      vertex 0 32.6765 16.9726
      vertex -10 32.6765 16.9726
    endloop
  endfacet
  facet normal 0 -0.707107 -0.707107
    outer loop
      vertex 0 32.6765 16.9726
      vertex -10 32.9726 16.6765
      vertex 0 32.9726 16.6765
    endloop
  endfacet
  facet normal 0 0.89101 -0.453983
    outer loop
      vertex 0 26.3458 15.6269
      vertex -10 26.5359 16
      vertex 0 26.5359 16
    endloop
  endfacet
  facet normal 0 0.89101 -0.453983
    outer loop
      vertex -10 26.5359 16
      vertex 0 26.3458 15.6269
      vertex -10 26.3458 15.6269
    endloop
  endfacet
  facet normal 0 -0.358339 0.933592
    outer loop
      vertex -10 31.6269 10.3458
      vertex 0 31.2361 10.1958
      vertex 0 31.6269 10.3458
    endloop
  endfacet
  facet normal 0 -0.358339 0.933592
    outer loop
      vertex 0 31.2361 10.1958
      vertex -10 31.6269 10.3458
      vertex -10 31.2361 10.1958
    endloop
  endfacet
  facet normal 0 0.838678 -0.544627
    outer loop
      vertex 0 26.5359 16
      vertex -10 26.7639 16.3511
      vertex 0 26.7639 16.3511
    endloop
  endfacet
  facet normal 0 0.838678 -0.544627
    outer loop
      vertex -10 26.7639 16.3511
      vertex 0 26.5359 16
      vertex -10 26.5359 16
    endloop
  endfacet
  facet normal 0 0.965917 0.258851
    outer loop
      vertex 0 26.1958 12.7639
      vertex -10 26.0874 13.1684
      vertex 0 26.0874 13.1684
    endloop
  endfacet
  facet normal 0 0.965917 0.258851
    outer loop
      vertex -10 26.0874 13.1684
      vertex 0 26.1958 12.7639
      vertex -10 26.1958 12.7639
    endloop
  endfacet
  facet normal 0 0.358339 -0.933592
    outer loop
      vertex -10 28.3731 17.6542
      vertex 0 28.7639 17.8042
      vertex 0 28.3731 17.6542
    endloop
  endfacet
  facet normal 0 0.358339 -0.933592
    outer loop
      vertex 0 28.7639 17.8042
      vertex -10 28.3731 17.6542
      vertex -10 28.7639 17.8042
    endloop
  endfacet
  facet normal 0 0.707107 -0.707107
    outer loop
      vertex 0 27.0274 16.6765
      vertex -10 27.3235 16.9726
      vertex 0 27.3235 16.9726
    endloop
  endfacet
  facet normal 0 0.707107 -0.707107
    outer loop
      vertex -10 27.3235 16.9726
      vertex 0 27.0274 16.6765
      vertex -10 27.0274 16.6765
    endloop
  endfacet
  facet normal -0 0.629315 0.77715
    outer loop
      vertex -10 27.6489 10.7639
      vertex 0 27.3235 11.0274
      vertex 0 27.6489 10.7639
    endloop
  endfacet
  facet normal 0 0.629315 0.77715
    outer loop
      vertex 0 27.3235 11.0274
      vertex -10 27.6489 10.7639
      vertex -10 27.3235 11.0274
    endloop
  endfacet
  facet normal -0 0.0523081 0.998631
    outer loop
      vertex -10 30 10
      vertex 0 29.5819 10.0219
      vertex 0 30 10
    endloop
  endfacet
  facet normal 0 0.0523081 0.998631
    outer loop
      vertex 0 29.5819 10.0219
      vertex -10 30 10
      vertex -10 29.5819 10.0219
    endloop
  endfacet
  facet normal 0 -0.89101 0.453983
    outer loop
      vertex -10 33.4641 12
      vertex 0 33.6542 12.3731
      vertex -10 33.6542 12.3731
    endloop
  endfacet
  facet normal 0 -0.89101 0.453983
    outer loop
      vertex 0 33.6542 12.3731
      vertex -10 33.4641 12
      vertex 0 33.4641 12
    endloop
  endfacet
  facet normal -0 0.358339 0.933592
    outer loop
      vertex -10 28.7639 10.1958
      vertex 0 28.3731 10.3458
      vertex 0 28.7639 10.1958
    endloop
  endfacet
  facet normal 0 0.358339 0.933592
    outer loop
      vertex 0 28.3731 10.3458
      vertex -10 28.7639 10.1958
      vertex -10 28.3731 10.3458
    endloop
  endfacet
  facet normal 0 -0.544627 0.838678
    outer loop
      vertex -10 32.3511 10.7639
      vertex 0 32 10.5359
      vertex 0 32.3511 10.7639
    endloop
  endfacet
  facet normal 0 -0.544627 0.838678
    outer loop
      vertex 0 32 10.5359
      vertex -10 32.3511 10.7639
      vertex -10 32 10.5359
    endloop
  endfacet
  facet normal 0 -0.998631 0.0523081
    outer loop
      vertex -10 33.9781 13.5819
      vertex 0 34 14
      vertex -10 34 14
    endloop
  endfacet
  facet normal 0 -0.998631 0.0523081
    outer loop
      vertex 0 34 14
      vertex -10 33.9781 13.5819
      vertex 0 33.9781 13.5819
    endloop
  endfacet
  facet normal 0 -0.987685 0.156453
    outer loop
      vertex -10 33.9126 13.1684
      vertex 0 33.9781 13.5819
      vertex -10 33.9781 13.5819
    endloop
  endfacet
  facet normal 0 -0.987685 0.156453
    outer loop
      vertex 0 33.9781 13.5819
      vertex -10 33.9126 13.1684
      vertex 0 33.9126 13.1684
    endloop
  endfacet
  facet normal 0 0.987685 0.156453
    outer loop
      vertex 0 26.0874 13.1684
      vertex -10 26.0219 13.5819
      vertex 0 26.0219 13.5819
    endloop
  endfacet
  facet normal 0 0.987685 0.156453
    outer loop
      vertex -10 26.0219 13.5819
      vertex 0 26.0874 13.1684
      vertex -10 26.0874 13.1684
    endloop
  endfacet
  facet normal 0 -0.453983 0.89101
    outer loop
      vertex -10 32 10.5359
      vertex 0 31.6269 10.3458
      vertex 0 32 10.5359
    endloop
  endfacet
  facet normal 0 -0.453983 0.89101
    outer loop
      vertex 0 31.6269 10.3458
      vertex -10 32 10.5359
      vertex -10 31.6269 10.3458
    endloop
  endfacet
  facet normal -0 0.258851 0.965917
    outer loop
      vertex -10 29.1684 10.0874
      vertex 0 28.7639 10.1958
      vertex 0 29.1684 10.0874
    endloop
  endfacet
  facet normal 0 0.258851 0.965917
    outer loop
      vertex 0 28.7639 10.1958
      vertex -10 29.1684 10.0874
      vertex -10 28.7639 10.1958
    endloop
  endfacet
  facet normal 0 -0.965917 0.258851
    outer loop
      vertex -10 33.8042 12.7639
      vertex 0 33.9126 13.1684
      vertex -10 33.9126 13.1684
    endloop
  endfacet
  facet normal 0 -0.965917 0.258851
    outer loop
      vertex 0 33.9126 13.1684
      vertex -10 33.8042 12.7639
      vertex 0 33.8042 12.7639
    endloop
  endfacet
  facet normal 0 0.933592 0.358339
    outer loop
      vertex 0 26.3458 12.3731
      vertex -10 26.1958 12.7639
      vertex 0 26.1958 12.7639
    endloop
  endfacet
  facet normal 0 0.933592 0.358339
    outer loop
      vertex -10 26.1958 12.7639
      vertex 0 26.3458 12.3731
      vertex -10 26.3458 12.3731
    endloop
  endfacet
  facet normal 0 -0.89101 -0.453983
    outer loop
      vertex -10 33.6542 15.6269
      vertex 0 33.4641 16
      vertex -10 33.4641 16
    endloop
  endfacet
  facet normal 0 -0.89101 -0.453983
    outer loop
      vertex 0 33.4641 16
      vertex -10 33.6542 15.6269
      vertex 0 33.6542 15.6269
    endloop
  endfacet
  facet normal 0 -0.987685 -0.156453
    outer loop
      vertex -10 33.9781 14.4181
      vertex 0 33.9126 14.8316
      vertex -10 33.9126 14.8316
    endloop
  endfacet
  facet normal 0 -0.987685 -0.156453
    outer loop
      vertex 0 33.9126 14.8316
      vertex -10 33.9781 14.4181
      vertex 0 33.9781 14.4181
    endloop
  endfacet
  facet normal 0 -0.258851 -0.965917
    outer loop
      vertex -10 30.8316 17.9126
      vertex 0 31.2361 17.8042
      vertex 0 30.8316 17.9126
    endloop
  endfacet
  facet normal -0 -0.258851 -0.965917
    outer loop
      vertex 0 31.2361 17.8042
      vertex -10 30.8316 17.9126
      vertex -10 31.2361 17.8042
    endloop
  endfacet
  facet normal 0 0.965917 -0.258851
    outer loop
      vertex 0 26.0874 14.8316
      vertex -10 26.1958 15.2361
      vertex 0 26.1958 15.2361
    endloop
  endfacet
  facet normal 0 0.965917 -0.258851
    outer loop
      vertex -10 26.1958 15.2361
      vertex 0 26.0874 14.8316
      vertex -10 26.0874 14.8316
    endloop
  endfacet
  facet normal 0 -0.156453 0.987685
    outer loop
      vertex -10 30.8316 10.0874
      vertex 0 30.4181 10.0219
      vertex 0 30.8316 10.0874
    endloop
  endfacet
  facet normal 0 -0.156453 0.987685
    outer loop
      vertex 0 30.4181 10.0219
      vertex -10 30.8316 10.0874
      vertex -10 30.4181 10.0219
    endloop
  endfacet
  facet normal -0 0.453983 0.89101
    outer loop
      vertex -10 28.3731 10.3458
      vertex 0 28 10.5359
      vertex 0 28.3731 10.3458
    endloop
  endfacet
  facet normal 0 0.453983 0.89101
    outer loop
      vertex 0 28 10.5359
      vertex -10 28.3731 10.3458
      vertex -10 28 10.5359
    endloop
  endfacet
  facet normal 0 -0.965917 -0.258851
    outer loop
      vertex -10 33.9126 14.8316
      vertex 0 33.8042 15.2361
      vertex -10 33.8042 15.2361
    endloop
  endfacet
  facet normal 0 -0.965917 -0.258851
    outer loop
      vertex 0 33.8042 15.2361
      vertex -10 33.9126 14.8316
      vertex 0 33.9126 14.8316
    endloop
  endfacet
  facet normal 0 0.998631 0.0523081
    outer loop
      vertex 0 26.0219 13.5819
      vertex -10 26 14
      vertex 0 26 14
    endloop
  endfacet
  facet normal 0 0.998631 0.0523081
    outer loop
      vertex -10 26 14
      vertex 0 26.0219 13.5819
      vertex -10 26.0219 13.5819
    endloop
  endfacet
  facet normal 0 -0.933592 -0.358339
    outer loop
      vertex -10 33.8042 15.2361
      vertex 0 33.6542 15.6269
      vertex -10 33.6542 15.6269
    endloop
  endfacet
  facet normal 0 -0.933592 -0.358339
    outer loop
      vertex 0 33.6542 15.6269
      vertex -10 33.8042 15.2361
      vertex 0 33.8042 15.2361
    endloop
  endfacet
  facet normal 0 -0.998631 -0.0523081
    outer loop
      vertex -10 34 14
      vertex 0 33.9781 14.4181
      vertex -10 33.9781 14.4181
    endloop
  endfacet
  facet normal 0 -0.998631 -0.0523081
    outer loop
      vertex 0 33.9781 14.4181
      vertex -10 34 14
      vertex 0 34 14
    endloop
  endfacet
  facet normal 0 0.89101 0.453983
    outer loop
      vertex 0 26.5359 12
      vertex -10 26.3458 12.3731
      vertex 0 26.3458 12.3731
    endloop
  endfacet
  facet normal 0 0.89101 0.453983
    outer loop
      vertex -10 26.3458 12.3731
      vertex 0 26.5359 12
      vertex -10 26.5359 12
    endloop
  endfacet
  facet normal 0 -0.358339 -0.933592
    outer loop
      vertex -10 31.2361 17.8042
      vertex 0 31.6269 17.6542
      vertex 0 31.2361 17.8042
    endloop
  endfacet
  facet normal -0 -0.358339 -0.933592
    outer loop
      vertex 0 31.6269 17.6542
      vertex -10 31.2361 17.8042
      vertex -10 31.6269 17.6542
    endloop
  endfacet
  facet normal 0 -0.629315 0.77715
    outer loop
      vertex -10 32.6765 11.0274
      vertex 0 32.3511 10.7639
      vertex 0 32.6765 11.0274
    endloop
  endfacet
  facet normal 0 -0.629315 0.77715
    outer loop
      vertex 0 32.3511 10.7639
      vertex -10 32.6765 11.0274
      vertex -10 32.3511 10.7639
    endloop
  endfacet
  facet normal 0 -0.77715 0.629315
    outer loop
      vertex -10 32.9726 11.3235
      vertex 0 33.2361 11.6489
      vertex -10 33.2361 11.6489
    endloop
  endfacet
  facet normal 0 -0.77715 0.629315
    outer loop
      vertex 0 33.2361 11.6489
      vertex -10 32.9726 11.3235
      vertex 0 32.9726 11.3235
    endloop
  endfacet
  facet normal 0 -0.453983 -0.89101
    outer loop
      vertex -10 31.6269 17.6542
      vertex 0 32 17.4641
      vertex 0 31.6269 17.6542
    endloop
  endfacet
  facet normal -0 -0.453983 -0.89101
    outer loop
      vertex 0 32 17.4641
      vertex -10 31.6269 17.6542
      vertex -10 32 17.4641
    endloop
  endfacet
  facet normal 0 0.258851 -0.965917
    outer loop
      vertex -10 28.7639 17.8042
      vertex 0 29.1684 17.9126
      vertex 0 28.7639 17.8042
    endloop
  endfacet
  facet normal 0 0.258851 -0.965917
    outer loop
      vertex 0 29.1684 17.9126
      vertex -10 28.7639 17.8042
      vertex -10 29.1684 17.9126
    endloop
  endfacet
  facet normal -0 0.544627 0.838678
    outer loop
      vertex -10 28 10.5359
      vertex 0 27.6489 10.7639
      vertex 0 28 10.5359
    endloop
  endfacet
  facet normal 0 0.544627 0.838678
    outer loop
      vertex 0 27.6489 10.7639
      vertex -10 28 10.5359
      vertex -10 27.6489 10.7639
    endloop
  endfacet
  facet normal 0 0.0523081 -0.998631
    outer loop
      vertex -10 29.5819 17.9781
      vertex 0 30 18
      vertex 0 29.5819 17.9781
    endloop
  endfacet
  facet normal 0 0.0523081 -0.998631
    outer loop
      vertex 0 30 18
      vertex -10 29.5819 17.9781
      vertex -10 30 18
    endloop
  endfacet
  facet normal 0 -0.707107 0.707107
    outer loop
      vertex -10 32.9726 11.3235
      vertex 0 32.6765 11.0274
      vertex 0 32.9726 11.3235
    endloop
  endfacet
  facet normal 0 -0.707107 0.707107
    outer loop
      vertex 0 32.6765 11.0274
      vertex -10 32.9726 11.3235
      vertex -10 32.6765 11.0274
    endloop
  endfacet
  facet normal 0 -0.544627 -0.838678
    outer loop
      vertex -10 32 17.4641
      vertex 0 32.3511 17.2361
      vertex 0 32 17.4641
    endloop
  endfacet
  facet normal -0 -0.544627 -0.838678
    outer loop
      vertex 0 32.3511 17.2361
      vertex -10 32 17.4641
      vertex -10 32.3511 17.2361
    endloop
  endfacet
  facet normal 0 -0.156453 -0.987685
    outer loop
      vertex -10 30.4181 17.9781
      vertex 0 30.8316 17.9126
      vertex 0 30.4181 17.9781
    endloop
  endfacet
  facet normal -0 -0.156453 -0.987685
    outer loop
      vertex 0 30.8316 17.9126
      vertex -10 30.4181 17.9781
      vertex -10 30.8316 17.9126
    endloop
  endfacet
  facet normal 0 -0.838678 0.544627
    outer loop
      vertex -10 33.2361 11.6489
      vertex 0 33.4641 12
      vertex -10 33.4641 12
    endloop
  endfacet
  facet normal 0 -0.838678 0.544627
    outer loop
      vertex 0 33.4641 12
      vertex -10 33.2361 11.6489
      vertex 0 33.2361 11.6489
    endloop
  endfacet
  facet normal 0 0.987685 -0.156453
    outer loop
      vertex 0 26.0219 14.4181
      vertex -10 26.0874 14.8316
      vertex 0 26.0874 14.8316
    endloop
  endfacet
  facet normal 0 0.987685 -0.156453
    outer loop
      vertex -10 26.0874 14.8316
      vertex 0 26.0219 14.4181
      vertex -10 26.0219 14.4181
    endloop
  endfacet
  facet normal 0 -0.629315 -0.77715
    outer loop
      vertex -10 32.3511 17.2361
      vertex 0 32.6765 16.9726
      vertex 0 32.3511 17.2361
    endloop
  endfacet
  facet normal -0 -0.629315 -0.77715
    outer loop
      vertex 0 32.6765 16.9726
      vertex -10 32.3511 17.2361
      vertex -10 32.6765 16.9726
    endloop
  endfacet
  facet normal 0 -0.933592 0.358339
    outer loop
      vertex -10 33.6542 12.3731
      vertex 0 33.8042 12.7639
      vertex -10 33.8042 12.7639
    endloop
  endfacet
  facet normal 0 -0.933592 0.358339
    outer loop
      vertex 0 33.8042 12.7639
      vertex -10 33.6542 12.3731
      vertex 0 33.6542 12.3731
    endloop
  endfacet
  facet normal 0 -0.77715 -0.629315
    outer loop
      vertex -10 33.2361 16.3511
      vertex 0 32.9726 16.6765
      vertex -10 32.9726 16.6765
    endloop
  endfacet
  facet normal 0 -0.77715 -0.629315
    outer loop
      vertex 0 32.9726 16.6765
      vertex -10 33.2361 16.3511
      vertex 0 33.2361 16.3511
    endloop
  endfacet
  facet normal 0 0.453983 -0.89101
    outer loop
      vertex -10 28 17.4641
      vertex 0 28.3731 17.6542
      vertex 0 28 17.4641
    endloop
  endfacet
  facet normal 0 0.453983 -0.89101
    outer loop
      vertex 0 28.3731 17.6542
      vertex -10 28 17.4641
      vertex -10 28.3731 17.6542
    endloop
  endfacet
  facet normal 0 0.77715 -0.629315
    outer loop
      vertex 0 26.7639 16.3511
      vertex -10 27.0274 16.6765
      vertex 0 27.0274 16.6765
    endloop
  endfacet
  facet normal 0 0.77715 -0.629315
    outer loop
      vertex -10 27.0274 16.6765
      vertex 0 26.7639 16.3511
      vertex -10 26.7639 16.3511
    endloop
  endfacet
  facet normal 0 0.77715 0.629315
    outer loop
      vertex 0 27.0274 11.3235
      vertex -10 26.7639 11.6489
      vertex 0 26.7639 11.6489
    endloop
  endfacet
  facet normal 0 0.77715 0.629315
    outer loop
      vertex -10 26.7639 11.6489
      vertex 0 27.0274 11.3235
      vertex -10 27.0274 11.3235
    endloop
  endfacet
  facet normal 0 0.544627 -0.838678
    outer loop
      vertex -10 27.6489 17.2361
      vertex 0 28 17.4641
      vertex 0 27.6489 17.2361
    endloop
  endfacet
  facet normal 0 0.544627 -0.838678
    outer loop
      vertex 0 28 17.4641
      vertex -10 27.6489 17.2361
      vertex -10 28 17.4641
    endloop
  endfacet
  facet normal 0 0.156453 -0.987685
    outer loop
      vertex -10 29.1684 17.9126
      vertex 0 29.5819 17.9781
      vertex 0 29.1684 17.9126
    endloop
  endfacet
  facet normal 0 0.156453 -0.987685
    outer loop
      vertex 0 29.5819 17.9781
      vertex -10 29.1684 17.9126
      vertex -10 29.5819 17.9781
    endloop
  endfacet
  facet normal 0 0.629315 -0.77715
    outer loop
      vertex -10 27.3235 16.9726
      vertex 0 27.6489 17.2361
      vertex 0 27.3235 16.9726
    endloop
  endfacet
  facet normal 0 0.629315 -0.77715
    outer loop
      vertex 0 27.6489 17.2361
      vertex -10 27.3235 16.9726
      vertex -10 27.6489 17.2361
    endloop
  endfacet
  facet normal 0 0.838678 0.544627
    outer loop
      vertex 0 26.7639 11.6489
      vertex -10 26.5359 12
      vertex 0 26.5359 12
    endloop
  endfacet
  facet normal 0 0.838678 0.544627
    outer loop
      vertex -10 26.5359 12
      vertex 0 26.7639 11.6489
      vertex -10 26.7639 11.6489
    endloop
  endfacet
  facet normal 0 0.998631 -0.0523081
    outer loop
      vertex 0 26 14
      vertex -10 26.0219 14.4181
      vertex 0 26.0219 14.4181
    endloop
  endfacet
  facet normal 0 0.998631 -0.0523081
    outer loop
      vertex -10 26.0219 14.4181
      vertex 0 26 14
      vertex -10 26 14
    endloop
  endfacet
  facet normal 0 -0.0523081 -0.998631
    outer loop
      vertex -10 30 18
      vertex 0 30.4181 17.9781
      vertex 0 30 18
    endloop
  endfacet
  facet normal -0 -0.0523081 -0.998631
    outer loop
      vertex 0 30.4181 17.9781
      vertex -10 30 18
      vertex -10 30.4181 17.9781
    endloop
  endfacet
  facet normal 0 0.933592 -0.358339
    outer loop
      vertex 0 26.1958 15.2361
      vertex -10 26.3458 15.6269
      vertex 0 26.3458 15.6269
    endloop
  endfacet
  facet normal 0 0.933592 -0.358339
    outer loop
      vertex -10 26.3458 15.6269
      vertex 0 26.1958 15.2361
      vertex -10 26.1958 15.2361
    endloop
  endfacet
  facet normal -0 0.707107 0.707107
    outer loop
      vertex -10 27.3235 11.0274
      vertex 0 27.0274 11.3235
      vertex 0 27.3235 11.0274
    endloop
  endfacet
  facet normal 0 0.707107 0.707107
    outer loop
      vertex 0 27.0274 11.3235
      vertex -10 27.3235 11.0274
      vertex -10 27.0274 11.3235
    endloop
  endfacet
  facet normal 1 -0 0
    outer loop
      vertex 24 2.5 9.7
      vertex 24 4 6.7
      vertex 24 4 9.7
    endloop
  endfacet
  facet normal 1 0 0
    outer loop
      vertex 24 4 6.7
      vertex 24 2.5 9.7
      vertex 24 2.5 6.7
    endloop
  endfacet
  facet normal 1 0 0
    outer loop
      vertex 24 2.5 11.9
      vertex 24 4 23.768
      vertex 24 3.82443 23.882
    endloop
  endfacet
  facet normal 1 0 0
    outer loop
      vertex 24 2.5 11.9
      vertex 24 3.82443 23.882
      vertex 24 3.66174 24.0137
    endloop
  endfacet
  facet normal 1 0 0
    outer loop
      vertex 24 2.5 11.9
      vertex 24 3.66174 24.0137
      vertex 24 3.51371 24.1617
    endloop
  endfacet
  facet normal 1 0 0
    outer loop
      vertex 24 2.5 11.9
      vertex 24 3.51371 24.1617
      vertex 24 3.38197 24.3244
    endloop
  endfacet
  facet normal 1 0 0
    outer loop
      vertex 24 2.5 11.9
      vertex 24 3.38197 24.3244
      vertex 24 3.26795 24.5
    endloop
  endfacet
  facet normal 1 0 0
    outer loop
      vertex 24 2.5 25.5
      vertex 24 3.26795 24.5
      vertex 24 3.17291 24.6865
    endloop
  endfacet
  facet normal 1 0 0
    outer loop
      vertex 24 2.5 25.5
      vertex 24 3.17291 24.6865
      vertex 24 3.09789 24.882
    endloop
  endfacet
  facet normal 1 0 0
    outer loop
      vertex 24 2.5 25.5
      vertex 24 3.09789 24.882
      vertex 24 3.0437 25.0842
    endloop
  endfacet
  facet normal 1 0 0
    outer loop
      vertex 24 2.5 25.5
      vertex 24 3.0437 25.0842
      vertex 24 3.01096 25.2909
    endloop
  endfacet
  facet normal 1 -0 0
    outer loop
      vertex 24 2.5 25.5
      vertex 24 3.01096 25.2909
      vertex 24 3 25.5
    endloop
  endfacet
  facet normal 1 0 0
    outer loop
      vertex 24 3.26795 24.5
      vertex 24 2.5 25.5
      vertex 24 2.5 11.9
    endloop
  endfacet
  facet normal 1 0 0
    outer loop
      vertex 24 4 23.768
      vertex 24 2.5 11.9
      vertex 24 4 11.9
    endloop
  endfacet
  facet normal 1 0 0
    outer loop
      vertex 24 56.989 25.2909
      vertex 24 57.5 25.5
      vertex 24 57 25.5
    endloop
  endfacet
  facet normal 1 0 0
    outer loop
      vertex 24 56.9563 25.0842
      vertex 24 57.5 25.5
      vertex 24 56.989 25.2909
    endloop
  endfacet
  facet normal 1 0 0
    outer loop
      vertex 24 56.9021 24.882
      vertex 24 57.5 25.5
      vertex 24 56.9563 25.0842
    endloop
  endfacet
  facet normal 1 0 0
    outer loop
      vertex 24 56.8271 24.6865
      vertex 24 57.5 25.5
      vertex 24 56.9021 24.882
    endloop
  endfacet
  facet normal 1 0 0
    outer loop
      vertex 24 56.732 24.5
      vertex 24 57.5 25.5
      vertex 24 56.8271 24.6865
    endloop
  endfacet
  facet normal 1 0 0
    outer loop
      vertex 24 57.5 25.5
      vertex 24 56.732 24.5
      vertex 24 57.5 17.9
    endloop
  endfacet
  facet normal 1 -0 0
    outer loop
      vertex 24 56.618 24.3244
      vertex 24 57.5 17.9
      vertex 24 56.732 24.5
    endloop
  endfacet
  facet normal 1 -0 0
    outer loop
      vertex 24 56.4863 24.1617
      vertex 24 57.5 17.9
      vertex 24 56.618 24.3244
    endloop
  endfacet
  facet normal 1 -0 0
    outer loop
      vertex 24 56.3383 24.0137
      vertex 24 57.5 17.9
      vertex 24 56.4863 24.1617
    endloop
  endfacet
  facet normal 1 -0 0
    outer loop
      vertex 24 56.1756 23.882
      vertex 24 57.5 17.9
      vertex 24 56.3383 24.0137
    endloop
  endfacet
  facet normal 1 -0 0
    outer loop
      vertex 24 56 23.768
      vertex 24 57.5 17.9
      vertex 24 56.1756 23.882
    endloop
  endfacet
  facet normal 1 -0 0
    outer loop
      vertex 24 55.8135 23.6729
      vertex 24 57.5 17.9
      vertex 24 56 23.768
    endloop
  endfacet
  facet normal 1 -0 0
    outer loop
      vertex 24 55.618 23.5979
      vertex 24 57.5 17.9
      vertex 24 55.8135 23.6729
    endloop
  endfacet
  facet normal 1 0 0
    outer loop
      vertex 24 57.5 17.9
      vertex 24 55.618 23.5979
      vertex 24 56 17.9
    endloop
  endfacet
  facet normal 1 -0 0
    outer loop
      vertex 24 55.4158 23.5437
      vertex 24 56 17.9
      vertex 24 55.618 23.5979
    endloop
  endfacet
  facet normal 1 -0 0
    outer loop
      vertex 24 55.2091 23.511
      vertex 24 56 17.9
      vertex 24 55.4158 23.5437
    endloop
  endfacet
  facet normal 1 -0 0
    outer loop
      vertex 24 55 23.5
      vertex 24 56 17.9
      vertex 24 55.2091 23.511
    endloop
  endfacet
  facet normal 1 0 0
    outer loop
      vertex 24 56 12.7
      vertex 24 51.5 13
      vertex 24 56 10.5
    endloop
  endfacet
  facet normal 1 -0 0
    outer loop
      vertex 24 51.5 13
      vertex 24 56 12.7
      vertex 24 51.5 15
    endloop
  endfacet
  facet normal 1 0 -0
    outer loop
      vertex 24 54 4.23205
      vertex 24 56 10.5
      vertex 24 51.5 13
    endloop
  endfacet
  facet normal 1 0 0
    outer loop
      vertex 24 54.7909 23.511
      vertex 24 56 17.9
      vertex 24 55 23.5
    endloop
  endfacet
  facet normal 1 0 0
    outer loop
      vertex 24 56 10.5
      vertex 24 55.8135 4.32709
      vertex 24 56 4.23205
    endloop
  endfacet
  facet normal 1 0 0
    outer loop
      vertex 24 56 15.7
      vertex 24 51.5 15
      vertex 24 56 12.7
    endloop
  endfacet
  facet normal 1 0 0
    outer loop
      vertex 24 56 10.5
      vertex 24 55.618 4.40211
      vertex 24 55.8135 4.32709
    endloop
  endfacet
  facet normal 1 0 0
    outer loop
      vertex 24 54.5842 23.5437
      vertex 24 56 17.9
      vertex 24 54.7909 23.511
    endloop
  endfacet
  facet normal 1 0 0
    outer loop
      vertex 24 56 10.5
      vertex 24 55.4158 4.4563
      vertex 24 55.618 4.40211
    endloop
  endfacet
  facet normal 1 0 0
    outer loop
      vertex 24 54.382 23.5979
      vertex 24 56 17.9
      vertex 24 54.5842 23.5437
    endloop
  endfacet
  facet normal 1 0 0
    outer loop
      vertex 24 56 10.5
      vertex 24 55.2091 4.48904
      vertex 24 55.4158 4.4563
    endloop
  endfacet
  facet normal 1 0 0
    outer loop
      vertex 24 54.1865 23.6729
      vertex 24 56 17.9
      vertex 24 54.382 23.5979
    endloop
  endfacet
  facet normal 1 0 0
    outer loop
      vertex 24 56 10.5
      vertex 24 55 4.5
      vertex 24 55.2091 4.48904
    endloop
  endfacet
  facet normal 1 0 0
    outer loop
      vertex 24 56 17.9
      vertex 24 51.5 15
      vertex 24 56 15.7
    endloop
  endfacet
  facet normal 1 0 0
    outer loop
      vertex 24 56 10.5
      vertex 24 54.7909 4.48904
      vertex 24 55 4.5
    endloop
  endfacet
  facet normal 1 0 0
    outer loop
      vertex 24 54 23.768
      vertex 24 56 17.9
      vertex 24 54.1865 23.6729
    endloop
  endfacet
  facet normal 1 0 0
    outer loop
      vertex 24 56 10.5
      vertex 24 54.5842 4.4563
      vertex 24 54.7909 4.48904
    endloop
  endfacet
  facet normal 1 0 0
    outer loop
      vertex 24 56 17.9
      vertex 24 54 23.768
      vertex 24 51.5 15
    endloop
  endfacet
  facet normal 1 0 0
    outer loop
      vertex 24 56 10.5
      vertex 24 54.382 4.40211
      vertex 24 54.5842 4.4563
    endloop
  endfacet
  facet normal 1 0 0
    outer loop
      vertex 24 51.5 15
      vertex 24 54 23.768
      vertex 24 53.8244 23.882
    endloop
  endfacet
  facet normal 1 0 0
    outer loop
      vertex 24 56 10.5
      vertex 24 54.1865 4.32709
      vertex 24 54.382 4.40211
    endloop
  endfacet
  facet normal 1 0 0
    outer loop
      vertex 24 51.5 15
      vertex 24 53.8244 23.882
      vertex 24 53.6617 24.0137
    endloop
  endfacet
  facet normal 1 0 0
    outer loop
      vertex 24 56 10.5
      vertex 24 54 4.23205
      vertex 24 54.1865 4.32709
    endloop
  endfacet
  facet normal 1 0 0
    outer loop
      vertex 24 51.5 15
      vertex 24 53.6617 24.0137
      vertex 24 53.5137 24.1617
    endloop
  endfacet
  facet normal 1 0 0
    outer loop
      vertex 24 54 4.23205
      vertex 24 51.5 13
      vertex 24 53.8244 4.11803
    endloop
  endfacet
  facet normal 1 0 0
    outer loop
      vertex 24 45.4695 16.0225
      vertex 24 53.5137 24.1617
      vertex 24 53.382 24.3244
    endloop
  endfacet
  facet normal 1 0 0
    outer loop
      vertex 24 53.8244 4.11803
      vertex 24 51.5 13
      vertex 24 53.6617 3.98629
    endloop
  endfacet
  facet normal 1 0 0
    outer loop
      vertex 24 45.25 16.1651
      vertex 24 53.382 24.3244
      vertex 24 53.268 24.5
    endloop
  endfacet
  facet normal 1 0 0
    outer loop
      vertex 24 53.6617 3.98629
      vertex 24 51.5 13
      vertex 24 53.5137 3.83826
    endloop
  endfacet
  facet normal 1 0 0
    outer loop
      vertex 24 45.0168 16.2839
      vertex 24 53.268 24.5
      vertex 24 53.1729 24.6865
    endloop
  endfacet
  facet normal 1 -0 0
    outer loop
      vertex 24 45.6728 12.1421
      vertex 24 53.5137 3.83826
      vertex 24 51.5 13
    endloop
  endfacet
  facet normal 1 0 0
    outer loop
      vertex 24 44.7725 16.3776
      vertex 24 53.1729 24.6865
      vertex 24 53.0979 24.882
    endloop
  endfacet
  facet normal 1 -0 0
    outer loop
      vertex 24 45.4695 11.9775
      vertex 24 53.5137 3.83826
      vertex 24 45.6728 12.1421
    endloop
  endfacet
  facet normal 1 0 0
    outer loop
      vertex 24 44.5198 16.4454
      vertex 24 53.0979 24.882
      vertex 24 53.0437 25.0842
    endloop
  endfacet
  facet normal 1 0 0
    outer loop
      vertex 24 53.5137 3.83826
      vertex 24 45.4695 11.9775
      vertex 24 53.382 3.67557
    endloop
  endfacet
  facet normal 1 0 0
    outer loop
      vertex 24 44.5198 16.4454
      vertex 24 53.0437 25.0842
      vertex 24 53.011 25.2909
    endloop
  endfacet
  facet normal 1 -0 0
    outer loop
      vertex 24 45.25 11.8349
      vertex 24 53.382 3.67557
      vertex 24 45.4695 11.9775
    endloop
  endfacet
  facet normal 1 0 0
    outer loop
      vertex 24 44.2613 16.4863
      vertex 24 53.011 25.2909
      vertex 24 53 25.5
    endloop
  endfacet
  facet normal 1 0 0
    outer loop
      vertex 24 53.382 3.67557
      vertex 24 45.25 11.8349
      vertex 24 53.268 3.5
    endloop
  endfacet
  facet normal 1 -0 0
    outer loop
      vertex 24 45.0168 11.7161
      vertex 24 53.268 3.5
      vertex 24 45.25 11.8349
    endloop
  endfacet
  facet normal 1 0 0
    outer loop
      vertex 24 53.5137 24.1617
      vertex 24 45.6728 15.8579
      vertex 24 51.5 15
    endloop
  endfacet
  facet normal 1 0 0
    outer loop
      vertex 24 51.5 15
      vertex 24 46.2839 15.0168
      vertex 24 46.2903 15
    endloop
  endfacet
  facet normal 1 0 0
    outer loop
      vertex 24 51.5 15
      vertex 24 46.1651 15.25
      vertex 24 46.2839 15.0168
    endloop
  endfacet
  facet normal 1 0 0
    outer loop
      vertex 24 51.5 15
      vertex 24 46.0225 15.4695
      vertex 24 46.1651 15.25
    endloop
  endfacet
  facet normal 1 0 0
    outer loop
      vertex 24 51.5 15
      vertex 24 45.8579 15.6728
      vertex 24 46.0225 15.4695
    endloop
  endfacet
  facet normal 1 0 0
    outer loop
      vertex 24 51.5 15
      vertex 24 45.6728 15.8579
      vertex 24 45.8579 15.6728
    endloop
  endfacet
  facet normal 1 0 0
    outer loop
      vertex 24 53.5137 24.1617
      vertex 24 45.4695 16.0225
      vertex 24 45.6728 15.8579
    endloop
  endfacet
  facet normal 1 0 0
    outer loop
      vertex 24 53.382 24.3244
      vertex 24 45.25 16.1651
      vertex 24 45.4695 16.0225
    endloop
  endfacet
  facet normal 1 0 0
    outer loop
      vertex 24 53.268 24.5
      vertex 24 45.0168 16.2839
      vertex 24 45.25 16.1651
    endloop
  endfacet
  facet normal 1 0 0
    outer loop
      vertex 24 53.1729 24.6865
      vertex 24 44.7725 16.3776
      vertex 24 45.0168 16.2839
    endloop
  endfacet
  facet normal 1 0 0
    outer loop
      vertex 24 53.0979 24.882
      vertex 24 44.5198 16.4454
      vertex 24 44.7725 16.3776
    endloop
  endfacet
  facet normal 1 0 0
    outer loop
      vertex 24 53.011 25.2909
      vertex 24 44.2613 16.4863
      vertex 24 44.5198 16.4454
    endloop
  endfacet
  facet normal 1 0 0
    outer loop
      vertex 24 53 25.5
      vertex 24 44 16.5
      vertex 24 44.2613 16.4863
    endloop
  endfacet
  facet normal 1 0 0
    outer loop
      vertex 24 53 25.5
      vertex 24 43.7387 16.4863
      vertex 24 44 16.5
    endloop
  endfacet
  facet normal 1 0 0
    outer loop
      vertex 24 53 25.5
      vertex 24 43.4802 16.4454
      vertex 24 43.7387 16.4863
    endloop
  endfacet
  facet normal 1 -0 0
    outer loop
      vertex 24 36 18
      vertex 24 43.4802 16.4454
      vertex 24 53 25.5
    endloop
  endfacet
  facet normal 1 0 0
    outer loop
      vertex 24 43.4802 16.4454
      vertex 24 36 18
      vertex 24 43.2275 16.3776
    endloop
  endfacet
  facet normal 1 0 0
    outer loop
      vertex 24 43.2275 16.3776
      vertex 24 36 18
      vertex 24 42.9832 16.2839
    endloop
  endfacet
  facet normal 1 0 0
    outer loop
      vertex 24 42.9832 16.2839
      vertex 24 36 18
      vertex 24 42.75 16.1651
    endloop
  endfacet
  facet normal 1 0 0
    outer loop
      vertex 24 42.75 16.1651
      vertex 24 36 18
      vertex 24 42.5305 16.0225
    endloop
  endfacet
  facet normal 1 0 0
    outer loop
      vertex 24 41.5137 14.2613
      vertex 24 36 18
      vertex 24 41.5 14
    endloop
  endfacet
  facet normal 1 0 0
    outer loop
      vertex 24 41.5546 14.5198
      vertex 24 36 18
      vertex 24 41.5137 14.2613
    endloop
  endfacet
  facet normal 1 0 0
    outer loop
      vertex 24 41.6224 14.7725
      vertex 24 36 18
      vertex 24 41.5546 14.5198
    endloop
  endfacet
  facet normal 1 0 0
    outer loop
      vertex 24 41.7161 15.0168
      vertex 24 36 18
      vertex 24 41.6224 14.7725
    endloop
  endfacet
  facet normal 1 0 0
    outer loop
      vertex 24 41.8349 15.25
      vertex 24 36 18
      vertex 24 41.7161 15.0168
    endloop
  endfacet
  facet normal 1 0 0
    outer loop
      vertex 24 41.9775 15.4695
      vertex 24 36 18
      vertex 24 41.8349 15.25
    endloop
  endfacet
  facet normal 1 0 0
    outer loop
      vertex 24 42.1421 15.6728
      vertex 24 36 18
      vertex 24 41.9775 15.4695
    endloop
  endfacet
  facet normal 1 0 0
    outer loop
      vertex 24 42.3272 15.8579
      vertex 24 36 18
      vertex 24 42.1421 15.6728
    endloop
  endfacet
  facet normal 1 0 0
    outer loop
      vertex 24 42.5305 16.0225
      vertex 24 36 18
      vertex 24 42.3272 15.8579
    endloop
  endfacet
  facet normal 1 0 0
    outer loop
      vertex 24 53 25.5
      vertex 24 24 18
      vertex 24 36 18
    endloop
  endfacet
  facet normal 1 0 0
    outer loop
      vertex 24 24 18
      vertex 24 18.5 14
      vertex 24 24 10
    endloop
  endfacet
  facet normal 1 0 0
    outer loop
      vertex 24 24 18
      vertex 24 18.4863 14.2613
      vertex 24 18.5 14
    endloop
  endfacet
  facet normal 1 0 0
    outer loop
      vertex 24 24 18
      vertex 24 18.4454 14.5198
      vertex 24 18.4863 14.2613
    endloop
  endfacet
  facet normal 1 0 0
    outer loop
      vertex 24 24 18
      vertex 24 18.3776 14.7725
      vertex 24 18.4454 14.5198
    endloop
  endfacet
  facet normal 1 0 0
    outer loop
      vertex 24 24 18
      vertex 24 18.2839 15.0168
      vertex 24 18.3776 14.7725
    endloop
  endfacet
  facet normal 1 0 0
    outer loop
      vertex 24 24 18
      vertex 24 18.1651 15.25
      vertex 24 18.2839 15.0168
    endloop
  endfacet
  facet normal 1 0 0
    outer loop
      vertex 24 24 18
      vertex 24 18.0225 15.4695
      vertex 24 18.1651 15.25
    endloop
  endfacet
  facet normal 1 0 0
    outer loop
      vertex 24 24 18
      vertex 24 17.8579 15.6728
      vertex 24 18.0225 15.4695
    endloop
  endfacet
  facet normal 1 0 0
    outer loop
      vertex 24 24 18
      vertex 24 17.6728 15.8579
      vertex 24 17.8579 15.6728
    endloop
  endfacet
  facet normal 1 0 0
    outer loop
      vertex 24 24 18
      vertex 24 17.4695 16.0225
      vertex 24 17.6728 15.8579
    endloop
  endfacet
  facet normal 1 0 0
    outer loop
      vertex 24 24 18
      vertex 24 17.25 16.1651
      vertex 24 17.4695 16.0225
    endloop
  endfacet
  facet normal 1 0 0
    outer loop
      vertex 24 24 18
      vertex 24 17.0168 16.2839
      vertex 24 17.25 16.1651
    endloop
  endfacet
  facet normal 1 -0 0
    outer loop
      vertex 24 7 25.5
      vertex 24 24 18
      vertex 24 53 25.5
    endloop
  endfacet
  facet normal 1 0 -0
    outer loop
      vertex 24 16.5198 16.4454
      vertex 24 24 18
      vertex 24 7 25.5
    endloop
  endfacet
  facet normal 1 0 0
    outer loop
      vertex 24 24 18
      vertex 24 16.7725 16.3776
      vertex 24 17.0168 16.2839
    endloop
  endfacet
  facet normal 1 0 0
    outer loop
      vertex 24 24 18
      vertex 24 16.5198 16.4454
      vertex 24 16.7725 16.3776
    endloop
  endfacet
  facet normal 1 0 0
    outer loop
      vertex 24 16.5198 16.4454
      vertex 24 7 25.5
      vertex 24 16.2613 16.4863
    endloop
  endfacet
  facet normal 1 0 0
    outer loop
      vertex 24 16.2613 16.4863
      vertex 24 7 25.5
      vertex 24 16 16.5
    endloop
  endfacet
  facet normal 1 0 0
    outer loop
      vertex 24 16 16.5
      vertex 24 7 25.5
      vertex 24 15.7387 16.4863
    endloop
  endfacet
  facet normal 1 0 0
    outer loop
      vertex 24 13.7161 15.0168
      vertex 24 8.5 15
      vertex 24 13.7097 15
    endloop
  endfacet
  facet normal 1 0 0
    outer loop
      vertex 24 13.8349 15.25
      vertex 24 8.5 15
      vertex 24 13.7161 15.0168
    endloop
  endfacet
  facet normal 1 0 0
    outer loop
      vertex 24 13.9775 15.4695
      vertex 24 8.5 15
      vertex 24 13.8349 15.25
    endloop
  endfacet
  facet normal 1 0 0
    outer loop
      vertex 24 14.1421 15.6728
      vertex 24 8.5 15
      vertex 24 13.9775 15.4695
    endloop
  endfacet
  facet normal 1 0 0
    outer loop
      vertex 24 14.3272 15.8579
      vertex 24 8.5 15
      vertex 24 14.1421 15.6728
    endloop
  endfacet
  facet normal 1 0 0
    outer loop
      vertex 24 6.48629 24.1617
      vertex 24 14.3272 15.8579
      vertex 24 14.5305 16.0225
    endloop
  endfacet
  facet normal 1 0 0
    outer loop
      vertex 24 6.61803 24.3244
      vertex 24 14.5305 16.0225
      vertex 24 14.75 16.1651
    endloop
  endfacet
  facet normal 1 0 0
    outer loop
      vertex 24 6.73205 24.5
      vertex 24 14.75 16.1651
      vertex 24 14.9832 16.2839
    endloop
  endfacet
  facet normal 1 0 0
    outer loop
      vertex 24 6.82709 24.6865
      vertex 24 14.9832 16.2839
      vertex 24 15.2275 16.3776
    endloop
  endfacet
  facet normal 1 0 0
    outer loop
      vertex 24 6.90211 24.882
      vertex 24 15.2275 16.3776
      vertex 24 15.4802 16.4454
    endloop
  endfacet
  facet normal 1 -0 0
    outer loop
      vertex 24 6.98904 25.2909
      vertex 24 15.7387 16.4863
      vertex 24 7 25.5
    endloop
  endfacet
  facet normal 1 -0 0
    outer loop
      vertex 24 6.9563 25.0842
      vertex 24 15.4802 16.4454
      vertex 24 6.98904 25.2909
    endloop
  endfacet
  facet normal 1 0 0
    outer loop
      vertex 24 15.7387 16.4863
      vertex 24 6.98904 25.2909
      vertex 24 15.4802 16.4454
    endloop
  endfacet
  facet normal 1 -0 0
    outer loop
      vertex 24 56 15.7
      vertex 24 57.5 12.7
      vertex 24 57.5 15.7
    endloop
  endfacet
  facet normal 1 0 0
    outer loop
      vertex 24 57.5 12.7
      vertex 24 56 15.7
      vertex 24 56 12.7
    endloop
  endfacet
  facet normal 1 -0 0
    outer loop
      vertex 24 56.732 3.5
      vertex 24 57.5 2.5
      vertex 24 57.5 10.5
    endloop
  endfacet
  facet normal 1 0 0
    outer loop
      vertex 24 57.5 2.5
      vertex 24 56.989 2.70906
      vertex 24 57 2.5
    endloop
  endfacet
  facet normal 1 0 0
    outer loop
      vertex 24 57.5 2.5
      vertex 24 56.9563 2.91582
      vertex 24 56.989 2.70906
    endloop
  endfacet
  facet normal 1 0 0
    outer loop
      vertex 24 57.5 2.5
      vertex 24 56.9021 3.11803
      vertex 24 56.9563 2.91582
    endloop
  endfacet
  facet normal 1 0 0
    outer loop
      vertex 24 57.5 2.5
      vertex 24 56.8271 3.31347
      vertex 24 56.9021 3.11803
    endloop
  endfacet
  facet normal 1 0 0
    outer loop
      vertex 24 57.5 2.5
      vertex 24 56.732 3.5
      vertex 24 56.8271 3.31347
    endloop
  endfacet
  facet normal 1 0 0
    outer loop
      vertex 24 57.5 10.5
      vertex 24 56.618 3.67557
      vertex 24 56.732 3.5
    endloop
  endfacet
  facet normal 1 0 0
    outer loop
      vertex 24 57.5 10.5
      vertex 24 56.4863 3.83826
      vertex 24 56.618 3.67557
    endloop
  endfacet
  facet normal 1 0 0
    outer loop
      vertex 24 57.5 10.5
      vertex 24 56.3383 3.98629
      vertex 24 56.4863 3.83826
    endloop
  endfacet
  facet normal 1 0 0
    outer loop
      vertex 24 57.5 10.5
      vertex 24 56.1756 4.11803
      vertex 24 56.3383 3.98629
    endloop
  endfacet
  facet normal 1 0 0
    outer loop
      vertex 24 56 4.23205
      vertex 24 57.5 10.5
      vertex 24 56 10.5
    endloop
  endfacet
  facet normal 1 0 0
    outer loop
      vertex 24 57.5 10.5
      vertex 24 56 4.23205
      vertex 24 56.1756 4.11803
    endloop
  endfacet
  facet normal 1 0 0
    outer loop
      vertex 24 53.268 3.5
      vertex 24 45.0168 11.7161
      vertex 24 53.1729 3.31347
    endloop
  endfacet
  facet normal 1 0 0
    outer loop
      vertex 24 46.2839 12.9832
      vertex 24 51.5 13
      vertex 24 46.2903 13
    endloop
  endfacet
  facet normal 1 0 0
    outer loop
      vertex 24 46.1651 12.75
      vertex 24 51.5 13
      vertex 24 46.2839 12.9832
    endloop
  endfacet
  facet normal 1 0 0
    outer loop
      vertex 24 46.0225 12.5305
      vertex 24 51.5 13
      vertex 24 46.1651 12.75
    endloop
  endfacet
  facet normal 1 0 0
    outer loop
      vertex 24 45.8579 12.3272
      vertex 24 51.5 13
      vertex 24 46.0225 12.5305
    endloop
  endfacet
  facet normal 1 0 0
    outer loop
      vertex 24 45.6728 12.1421
      vertex 24 51.5 13
      vertex 24 45.8579 12.3272
    endloop
  endfacet
  facet normal 1 -0 0
    outer loop
      vertex 24 44.7725 11.6224
      vertex 24 53.1729 3.31347
      vertex 24 45.0168 11.7161
    endloop
  endfacet
  facet normal 1 0 0
    outer loop
      vertex 24 53.1729 3.31347
      vertex 24 44.7725 11.6224
      vertex 24 53.0979 3.11803
    endloop
  endfacet
  facet normal 1 -0 0
    outer loop
      vertex 24 44.5198 11.5546
      vertex 24 53.0979 3.11803
      vertex 24 44.7725 11.6224
    endloop
  endfacet
  facet normal 1 0 0
    outer loop
      vertex 24 53.0979 3.11803
      vertex 24 44.5198 11.5546
      vertex 24 53.0437 2.91582
    endloop
  endfacet
  facet normal 1 0 0
    outer loop
      vertex 24 53.0437 2.91582
      vertex 24 44.5198 11.5546
      vertex 24 53.011 2.70906
    endloop
  endfacet
  facet normal 1 -0 0
    outer loop
      vertex 24 44.2613 11.5137
      vertex 24 53.011 2.70906
      vertex 24 44.5198 11.5546
    endloop
  endfacet
  facet normal 1 0 0
    outer loop
      vertex 24 53.011 2.70906
      vertex 24 44.2613 11.5137
      vertex 24 53 2.5
    endloop
  endfacet
  facet normal 1 -0 0
    outer loop
      vertex 24 44 11.5
      vertex 24 53 2.5
      vertex 24 44.2613 11.5137
    endloop
  endfacet
  facet normal 1 0 0
    outer loop
      vertex 24 43.7387 11.5137
      vertex 24 53 2.5
      vertex 24 44 11.5
    endloop
  endfacet
  facet normal 1 0 0
    outer loop
      vertex 24 43.4802 11.5546
      vertex 24 53 2.5
      vertex 24 43.7387 11.5137
    endloop
  endfacet
  facet normal 1 0 0
    outer loop
      vertex 24 36 10
      vertex 24 43.4802 11.5546
      vertex 24 43.2275 11.6224
    endloop
  endfacet
  facet normal 1 0 0
    outer loop
      vertex 24 36 10
      vertex 24 43.2275 11.6224
      vertex 24 42.9832 11.7161
    endloop
  endfacet
  facet normal 1 0 0
    outer loop
      vertex 24 36 10
      vertex 24 42.9832 11.7161
      vertex 24 42.75 11.8349
    endloop
  endfacet
  facet normal 1 0 0
    outer loop
      vertex 24 36 10
      vertex 24 42.75 11.8349
      vertex 24 42.5305 11.9775
    endloop
  endfacet
  facet normal 1 0 0
    outer loop
      vertex 24 36 10
      vertex 24 42.5305 11.9775
      vertex 24 42.3272 12.1421
    endloop
  endfacet
  facet normal 1 0 0
    outer loop
      vertex 24 36 10
      vertex 24 41.5 14
      vertex 24 36 18
    endloop
  endfacet
  facet normal 1 0 0
    outer loop
      vertex 24 41.5 14
      vertex 24 36 10
      vertex 24 41.5137 13.7387
    endloop
  endfacet
  facet normal 1 0 0
    outer loop
      vertex 24 41.5137 13.7387
      vertex 24 36 10
      vertex 24 41.5546 13.4802
    endloop
  endfacet
  facet normal 1 0 0
    outer loop
      vertex 24 41.5546 13.4802
      vertex 24 36 10
      vertex 24 41.6224 13.2275
    endloop
  endfacet
  facet normal 1 0 0
    outer loop
      vertex 24 41.6224 13.2275
      vertex 24 36 10
      vertex 24 41.7161 12.9832
    endloop
  endfacet
  facet normal 1 0 0
    outer loop
      vertex 24 41.7161 12.9832
      vertex 24 36 10
      vertex 24 41.8349 12.75
    endloop
  endfacet
  facet normal 1 0 0
    outer loop
      vertex 24 41.8349 12.75
      vertex 24 36 10
      vertex 24 41.9775 12.5305
    endloop
  endfacet
  facet normal 1 0 0
    outer loop
      vertex 24 41.9775 12.5305
      vertex 24 36 10
      vertex 24 42.1421 12.3272
    endloop
  endfacet
  facet normal 1 0 0
    outer loop
      vertex 24 42.1421 12.3272
      vertex 24 36 10
      vertex 24 42.3272 12.1421
    endloop
  endfacet
  facet normal 1 0 0
    outer loop
      vertex 24 43.4802 11.5546
      vertex 24 36 10
      vertex 24 53 2.5
    endloop
  endfacet
  facet normal 1 -0 0
    outer loop
      vertex 24 24 10
      vertex 24 53 2.5
      vertex 24 36 10
    endloop
  endfacet
  facet normal 1 -0 0
    outer loop
      vertex 24 18.4863 13.7387
      vertex 24 24 10
      vertex 24 18.5 14
    endloop
  endfacet
  facet normal 1 -0 0
    outer loop
      vertex 24 18.4454 13.4802
      vertex 24 24 10
      vertex 24 18.4863 13.7387
    endloop
  endfacet
  facet normal 1 -0 0
    outer loop
      vertex 24 18.3776 13.2275
      vertex 24 24 10
      vertex 24 18.4454 13.4802
    endloop
  endfacet
  facet normal 1 -0 0
    outer loop
      vertex 24 18.2839 12.9832
      vertex 24 24 10
      vertex 24 18.3776 13.2275
    endloop
  endfacet
  facet normal 1 -0 0
    outer loop
      vertex 24 18.1651 12.75
      vertex 24 24 10
      vertex 24 18.2839 12.9832
    endloop
  endfacet
  facet normal 1 -0 0
    outer loop
      vertex 24 18.0225 12.5305
      vertex 24 24 10
      vertex 24 18.1651 12.75
    endloop
  endfacet
  facet normal 1 -0 0
    outer loop
      vertex 24 17.8579 12.3272
      vertex 24 24 10
      vertex 24 18.0225 12.5305
    endloop
  endfacet
  facet normal 1 -0 0
    outer loop
      vertex 24 17.6728 12.1421
      vertex 24 24 10
      vertex 24 17.8579 12.3272
    endloop
  endfacet
  facet normal 1 -0 0
    outer loop
      vertex 24 17.4695 11.9775
      vertex 24 24 10
      vertex 24 17.6728 12.1421
    endloop
  endfacet
  facet normal 1 -0 0
    outer loop
      vertex 24 17.25 11.8349
      vertex 24 24 10
      vertex 24 17.4695 11.9775
    endloop
  endfacet
  facet normal 1 -0 0
    outer loop
      vertex 24 17.0168 11.7161
      vertex 24 24 10
      vertex 24 17.25 11.8349
    endloop
  endfacet
  facet normal 1 -0 0
    outer loop
      vertex 24 16.7725 11.6224
      vertex 24 24 10
      vertex 24 17.0168 11.7161
    endloop
  endfacet
  facet normal 1 -0 0
    outer loop
      vertex 24 16.5198 11.5546
      vertex 24 24 10
      vertex 24 16.7725 11.6224
    endloop
  endfacet
  facet normal 1 0 0
    outer loop
      vertex 24 24 10
      vertex 24 16.5198 11.5546
      vertex 24 7 2.5
    endloop
  endfacet
  facet normal 1 0 0
    outer loop
      vertex 24 7 2.5
      vertex 24 16.5198 11.5546
      vertex 24 16.2613 11.5137
    endloop
  endfacet
  facet normal 1 0 0
    outer loop
      vertex 24 7 2.5
      vertex 24 16.2613 11.5137
      vertex 24 16 11.5
    endloop
  endfacet
  facet normal 1 0 0
    outer loop
      vertex 24 7 2.5
      vertex 24 16 11.5
      vertex 24 15.7387 11.5137
    endloop
  endfacet
  facet normal 1 0 0
    outer loop
      vertex 24 6.98904 2.70906
      vertex 24 15.7387 11.5137
      vertex 24 15.4802 11.5546
    endloop
  endfacet
  facet normal 1 -0 0
    outer loop
      vertex 24 8.5 13
      vertex 24 13.7161 12.9832
      vertex 24 13.7097 13
    endloop
  endfacet
  facet normal 1 0 0
    outer loop
      vertex 24 8.5 13
      vertex 24 13.8349 12.75
      vertex 24 13.7161 12.9832
    endloop
  endfacet
  facet normal 1 0 0
    outer loop
      vertex 24 8.5 13
      vertex 24 13.9775 12.5305
      vertex 24 13.8349 12.75
    endloop
  endfacet
  facet normal 1 0 0
    outer loop
      vertex 24 8.5 13
      vertex 24 14.1421 12.3272
      vertex 24 13.9775 12.5305
    endloop
  endfacet
  facet normal 1 0 0
    outer loop
      vertex 24 8.5 13
      vertex 24 14.3272 12.1421
      vertex 24 14.1421 12.3272
    endloop
  endfacet
  facet normal 1 0 0
    outer loop
      vertex 24 6.48629 3.83826
      vertex 24 14.3272 12.1421
      vertex 24 8.5 13
    endloop
  endfacet
  facet normal 1 0 0
    outer loop
      vertex 24 14.3272 12.1421
      vertex 24 6.48629 3.83826
      vertex 24 14.5305 11.9775
    endloop
  endfacet
  facet normal 1 0 -0
    outer loop
      vertex 24 6.61803 3.67557
      vertex 24 14.5305 11.9775
      vertex 24 6.48629 3.83826
    endloop
  endfacet
  facet normal 1 0 0
    outer loop
      vertex 24 14.5305 11.9775
      vertex 24 6.61803 3.67557
      vertex 24 14.75 11.8349
    endloop
  endfacet
  facet normal 1 0 -0
    outer loop
      vertex 24 6.73205 3.5
      vertex 24 14.75 11.8349
      vertex 24 6.61803 3.67557
    endloop
  endfacet
  facet normal 1 0 0
    outer loop
      vertex 24 14.75 11.8349
      vertex 24 6.73205 3.5
      vertex 24 14.9832 11.7161
    endloop
  endfacet
  facet normal 1 0 0
    outer loop
      vertex 24 15.7387 11.5137
      vertex 24 6.98904 2.70906
      vertex 24 7 2.5
    endloop
  endfacet
  facet normal 1 -0 0
    outer loop
      vertex 24 6.90211 24.882
      vertex 24 15.4802 16.4454
      vertex 24 6.9563 25.0842
    endloop
  endfacet
  facet normal 1 0 0
    outer loop
      vertex 24 15.2275 16.3776
      vertex 24 6.90211 24.882
      vertex 24 6.82709 24.6865
    endloop
  endfacet
  facet normal 1 0 0
    outer loop
      vertex 24 24 10
      vertex 24 7 2.5
      vertex 24 53 2.5
    endloop
  endfacet
  facet normal 1 0 0
    outer loop
      vertex 24 14.9832 16.2839
      vertex 24 6.82709 24.6865
      vertex 24 6.73205 24.5
    endloop
  endfacet
  facet normal 1 0 0
    outer loop
      vertex 24 15.4802 11.5546
      vertex 24 6.9563 2.91582
      vertex 24 6.98904 2.70906
    endloop
  endfacet
  facet normal 1 0 0
    outer loop
      vertex 24 14.75 16.1651
      vertex 24 6.73205 24.5
      vertex 24 6.61803 24.3244
    endloop
  endfacet
  facet normal 1 0 0
    outer loop
      vertex 24 15.4802 11.5546
      vertex 24 6.90211 3.11803
      vertex 24 6.9563 2.91582
    endloop
  endfacet
  facet normal 1 0 0
    outer loop
      vertex 24 14.5305 16.0225
      vertex 24 6.61803 24.3244
      vertex 24 6.48629 24.1617
    endloop
  endfacet
  facet normal 1 0 0
    outer loop
      vertex 24 15.2275 11.6224
      vertex 24 6.90211 3.11803
      vertex 24 15.4802 11.5546
    endloop
  endfacet
  facet normal 1 0 0
    outer loop
      vertex 24 14.3272 15.8579
      vertex 24 6.48629 24.1617
      vertex 24 8.5 15
    endloop
  endfacet
  facet normal 1 0 -0
    outer loop
      vertex 24 6.90211 3.11803
      vertex 24 15.2275 11.6224
      vertex 24 6.82709 3.31347
    endloop
  endfacet
  facet normal 1 -0 0
    outer loop
      vertex 24 6.33826 24.0137
      vertex 24 8.5 15
      vertex 24 6.48629 24.1617
    endloop
  endfacet
  facet normal 1 0 0
    outer loop
      vertex 24 4 9.7
      vertex 24 8.5 13
      vertex 24 4 11.9
    endloop
  endfacet
  facet normal 1 -0 0
    outer loop
      vertex 24 6.17557 23.882
      vertex 24 8.5 15
      vertex 24 6.33826 24.0137
    endloop
  endfacet
  facet normal 1 0 0
    outer loop
      vertex 24 14.9832 11.7161
      vertex 24 6.82709 3.31347
      vertex 24 15.2275 11.6224
    endloop
  endfacet
  facet normal 1 -0 0
    outer loop
      vertex 24 6 23.768
      vertex 24 8.5 15
      vertex 24 6.17557 23.882
    endloop
  endfacet
  facet normal 1 0 -0
    outer loop
      vertex 24 6.82709 3.31347
      vertex 24 14.9832 11.7161
      vertex 24 6.73205 3.5
    endloop
  endfacet
  facet normal 1 -0 0
    outer loop
      vertex 24 5.81347 23.6729
      vertex 24 8.5 15
      vertex 24 6 23.768
    endloop
  endfacet
  facet normal 1 0 -0
    outer loop
      vertex 24 6 4.23205
      vertex 24 8.5 13
      vertex 24 4 9.7
    endloop
  endfacet
  facet normal 1 -0 0
    outer loop
      vertex 24 5.61803 23.5979
      vertex 24 8.5 15
      vertex 24 5.81347 23.6729
    endloop
  endfacet
  facet normal 1 0 0
    outer loop
      vertex 24 8.5 13
      vertex 24 6.33826 3.98629
      vertex 24 6.48629 3.83826
    endloop
  endfacet
  facet normal 1 -0 0
    outer loop
      vertex 24 5.41582 23.5437
      vertex 24 8.5 15
      vertex 24 5.61803 23.5979
    endloop
  endfacet
  facet normal 1 0 0
    outer loop
      vertex 24 8.5 13
      vertex 24 6.17557 4.11803
      vertex 24 6.33826 3.98629
    endloop
  endfacet
  facet normal 1 -0 0
    outer loop
      vertex 24 5.20906 23.511
      vertex 24 8.5 15
      vertex 24 5.41582 23.5437
    endloop
  endfacet
  facet normal 1 0 0
    outer loop
      vertex 24 8.5 13
      vertex 24 6 4.23205
      vertex 24 6.17557 4.11803
    endloop
  endfacet
  facet normal 1 -0 0
    outer loop
      vertex 24 5 23.5
      vertex 24 8.5 15
      vertex 24 5.20906 23.511
    endloop
  endfacet
  facet normal 1 -0 0
    outer loop
      vertex 24 4 6.7
      vertex 24 6 4.23205
      vertex 24 4 9.7
    endloop
  endfacet
  facet normal 1 0 0
    outer loop
      vertex 24 4.79094 23.511
      vertex 24 8.5 15
      vertex 24 5 23.5
    endloop
  endfacet
  facet normal 1 0 0
    outer loop
      vertex 24 6 4.23205
      vertex 24 4 6.7
      vertex 24 5.81347 4.32709
    endloop
  endfacet
  facet normal 1 0 0
    outer loop
      vertex 24 8.5 15
      vertex 24 4 11.9
      vertex 24 8.5 13
    endloop
  endfacet
  facet normal 1 0 0
    outer loop
      vertex 24 5.81347 4.32709
      vertex 24 4 6.7
      vertex 24 5.61803 4.40211
    endloop
  endfacet
  facet normal 1 0 0
    outer loop
      vertex 24 4.58418 23.5437
      vertex 24 8.5 15
      vertex 24 4.79094 23.511
    endloop
  endfacet
  facet normal 1 0 0
    outer loop
      vertex 24 5.61803 4.40211
      vertex 24 4 6.7
      vertex 24 5.41582 4.4563
    endloop
  endfacet
  facet normal 1 0 0
    outer loop
      vertex 24 8.5 15
      vertex 24 4.58418 23.5437
      vertex 24 4 11.9
    endloop
  endfacet
  facet normal 1 0 0
    outer loop
      vertex 24 5.41582 4.4563
      vertex 24 4 6.7
      vertex 24 5.20906 4.48904
    endloop
  endfacet
  facet normal 1 0 0
    outer loop
      vertex 24 4 11.9
      vertex 24 4.58418 23.5437
      vertex 24 4.38197 23.5979
    endloop
  endfacet
  facet normal 1 0 0
    outer loop
      vertex 24 5.20906 4.48904
      vertex 24 4 6.7
      vertex 24 5 4.5
    endloop
  endfacet
  facet normal 1 0 0
    outer loop
      vertex 24 4 11.9
      vertex 24 4.38197 23.5979
      vertex 24 4.18653 23.6729
    endloop
  endfacet
  facet normal 1 0 0
    outer loop
      vertex 24 5 4.5
      vertex 24 4 6.7
      vertex 24 4.79094 4.48904
    endloop
  endfacet
  facet normal 1 0 0
    outer loop
      vertex 24 4 11.9
      vertex 24 4.18653 23.6729
      vertex 24 4 23.768
    endloop
  endfacet
  facet normal 1 0 0
    outer loop
      vertex 24 4.79094 4.48904
      vertex 24 4 6.7
      vertex 24 4.58418 4.4563
    endloop
  endfacet
  facet normal 1 -0 0
    outer loop
      vertex 24 4 4.5
      vertex 24 4.58418 4.4563
      vertex 24 4 6.7
    endloop
  endfacet
  facet normal 1 0 0
    outer loop
      vertex 24 4.58418 4.4563
      vertex 24 4 4.5
      vertex 24 4.38197 4.40211
    endloop
  endfacet
  facet normal 1 0 0
    outer loop
      vertex 24 4.38197 4.40211
      vertex 24 4 4.5
      vertex 24 4.18653 4.32709
    endloop
  endfacet
  facet normal 1 0 0
    outer loop
      vertex 24 4 4.5
      vertex 24 4 4.23205
      vertex 24 4.18653 4.32709
    endloop
  endfacet
  facet normal 1 0 0
    outer loop
      vertex 24 4 4.5
      vertex 24 3.82443 4.11803
      vertex 24 4 4.23205
    endloop
  endfacet
  facet normal 1 0 0
    outer loop
      vertex 24 4 4.5
      vertex 24 3.66174 3.98629
      vertex 24 3.82443 4.11803
    endloop
  endfacet
  facet normal 1 -0 0
    outer loop
      vertex 24 2.5 4.5
      vertex 24 3.66174 3.98629
      vertex 24 4 4.5
    endloop
  endfacet
  facet normal 1 0 0
    outer loop
      vertex 24 3.66174 3.98629
      vertex 24 2.5 4.5
      vertex 24 3.51371 3.83826
    endloop
  endfacet
  facet normal 1 0 0
    outer loop
      vertex 24 3.51371 3.83826
      vertex 24 2.5 4.5
      vertex 24 3.38197 3.67557
    endloop
  endfacet
  facet normal 1 0 0
    outer loop
      vertex 24 2.5 4.5
      vertex 24 3.26795 3.5
      vertex 24 3.38197 3.67557
    endloop
  endfacet
  facet normal 1 0 0
    outer loop
      vertex 24 2.5 4.5
      vertex 24 3.17291 3.31347
      vertex 24 3.26795 3.5
    endloop
  endfacet
  facet normal 1 0 0
    outer loop
      vertex 24 2.5 4.5
      vertex 24 3.09789 3.11803
      vertex 24 3.17291 3.31347
    endloop
  endfacet
  facet normal 1 0 0
    outer loop
      vertex 24 2.5 2.5
      vertex 24 3.09789 3.11803
      vertex 24 2.5 4.5
    endloop
  endfacet
  facet normal 1 0 0
    outer loop
      vertex 24 3.09789 3.11803
      vertex 24 2.5 2.5
      vertex 24 3.0437 2.91582
    endloop
  endfacet
  facet normal 1 0 0
    outer loop
      vertex 24 3.0437 2.91582
      vertex 24 2.5 2.5
      vertex 24 3.01096 2.70906
    endloop
  endfacet
  facet normal 1 0 0
    outer loop
      vertex 24 3.01096 2.70906
      vertex 24 2.5 2.5
      vertex 24 3 2.5
    endloop
  endfacet
  facet normal -1 0 0
    outer loop
      vertex 24 13.6224 13.2275
      vertex 24 14.5 13
      vertex 24 13.7097 13
    endloop
  endfacet
  facet normal -1 0 0
    outer loop
      vertex 24 13.5546 13.4802
      vertex 24 14.5 13
      vertex 24 13.6224 13.2275
    endloop
  endfacet
  facet normal -1 0 0
    outer loop
      vertex 24 13.5137 13.7387
      vertex 24 14.5 13
      vertex 24 13.5546 13.4802
    endloop
  endfacet
  facet normal -1 -0 0
    outer loop
      vertex 24 14.5 15
      vertex 24 13.6224 14.7725
      vertex 24 13.7097 15
    endloop
  endfacet
  facet normal -1 0 0
    outer loop
      vertex 24 13.5 14
      vertex 24 14.5 13
      vertex 24 13.5137 13.7387
    endloop
  endfacet
  facet normal -1 0 0
    outer loop
      vertex 24 14.5 15
      vertex 24 13.5546 14.5198
      vertex 24 13.6224 14.7725
    endloop
  endfacet
  facet normal -1 0 0
    outer loop
      vertex 24 14.5 13
      vertex 24 13.5 14
      vertex 24 14.5 15
    endloop
  endfacet
  facet normal -1 0 0
    outer loop
      vertex 24 14.5 15
      vertex 24 13.5137 14.2613
      vertex 24 13.5546 14.5198
    endloop
  endfacet
  facet normal -1 0 0
    outer loop
      vertex 24 14.5 15
      vertex 24 13.5 14
      vertex 24 13.5137 14.2613
    endloop
  endfacet
  facet normal -1 0 0
    outer loop
      vertex 24 25 17
      vertex 24 35 17.5
      vertex 24 35 17
    endloop
  endfacet
  facet normal -1 -0 0
    outer loop
      vertex 24 35 17.5
      vertex 24 25 17
      vertex 24 25 17.5
    endloop
  endfacet
  facet normal -1 0 0
    outer loop
      vertex 24 25 10.5
      vertex 24 35 11
      vertex 24 35 10.5
    endloop
  endfacet
  facet normal -1 -0 0
    outer loop
      vertex 24 35 11
      vertex 24 25 10.5
      vertex 24 25 11
    endloop
  endfacet
  facet normal -1 0 0
    outer loop
      vertex 24 45.5 13
      vertex 24 46.5 14
      vertex 24 46.4863 13.7387
    endloop
  endfacet
  facet normal -1 0 0
    outer loop
      vertex 24 45.5 13
      vertex 24 46.4863 13.7387
      vertex 24 46.4454 13.4802
    endloop
  endfacet
  facet normal -1 0 0
    outer loop
      vertex 24 45.5 15
      vertex 24 46.5 14
      vertex 24 45.5 13
    endloop
  endfacet
  facet normal -1 0 0
    outer loop
      vertex 24 45.5 13
      vertex 24 46.4454 13.4802
      vertex 24 46.3776 13.2275
    endloop
  endfacet
  facet normal -1 0 0
    outer loop
      vertex 24 46.5 14
      vertex 24 45.5 15
      vertex 24 46.4863 14.2613
    endloop
  endfacet
  facet normal -1 0 0
    outer loop
      vertex 24 45.5 13
      vertex 24 46.3776 13.2275
      vertex 24 46.2903 13
    endloop
  endfacet
  facet normal -1 0 0
    outer loop
      vertex 24 46.4863 14.2613
      vertex 24 45.5 15
      vertex 24 46.4454 14.5198
    endloop
  endfacet
  facet normal -1 0 0
    outer loop
      vertex 24 46.4454 14.5198
      vertex 24 45.5 15
      vertex 24 46.3776 14.7725
    endloop
  endfacet
  facet normal -1 0 0
    outer loop
      vertex 24 46.3776 14.7725
      vertex 24 45.5 15
      vertex 24 46.2903 15
    endloop
  endfacet
  facet normal 1 0 0
    outer loop
      vertex 24 56.1 25.5
      vertex 24 56.076 25.2713
      vertex 24 56.094 25.385
    endloop
  endfacet
  facet normal 1 0 0
    outer loop
      vertex 24 56.1 25.5
      vertex 24 56.0462 25.1601
      vertex 24 56.076 25.2713
    endloop
  endfacet
  facet normal 1 0 0
    outer loop
      vertex 24 56.1 25.5
      vertex 24 56.0049 25.0526
      vertex 24 56.0462 25.1601
    endloop
  endfacet
  facet normal 1 0 0
    outer loop
      vertex 24 56.1 25.5
      vertex 24 55.9526 24.95
      vertex 24 56.0049 25.0526
    endloop
  endfacet
  facet normal 1 0 0
    outer loop
      vertex 24 56.1 25.5
      vertex 24 55.8899 24.8534
      vertex 24 55.9526 24.95
    endloop
  endfacet
  facet normal 1 0 0
    outer loop
      vertex 24 56.1 25.5
      vertex 24 55.8175 24.764
      vertex 24 55.8899 24.8534
    endloop
  endfacet
  facet normal 1 0 0
    outer loop
      vertex 24 56.1 25.5
      vertex 24 55.736 24.6825
      vertex 24 55.8175 24.764
    endloop
  endfacet
  facet normal 1 0 0
    outer loop
      vertex 24 56.1 25.5
      vertex 24 55.6466 24.6101
      vertex 24 55.736 24.6825
    endloop
  endfacet
  facet normal 1 0 0
    outer loop
      vertex 24 56.1 25.5
      vertex 24 55.55 24.5474
      vertex 24 55.6466 24.6101
    endloop
  endfacet
  facet normal 1 0 0
    outer loop
      vertex 24 56.1 25.5
      vertex 24 55.4474 24.4951
      vertex 24 55.55 24.5474
    endloop
  endfacet
  facet normal 1 0 0
    outer loop
      vertex 24 56.1 25.5
      vertex 24 55.3399 24.4538
      vertex 24 55.4474 24.4951
    endloop
  endfacet
  facet normal 1 0 0
    outer loop
      vertex 24 56.1 25.5
      vertex 24 55.2287 24.424
      vertex 24 55.3399 24.4538
    endloop
  endfacet
  facet normal 1 0 0
    outer loop
      vertex 24 56.1 25.5
      vertex 24 55.115 24.406
      vertex 24 55.2287 24.424
    endloop
  endfacet
  facet normal 1 0 0
    outer loop
      vertex 24 56.1 25.5
      vertex 24 55 24.4
      vertex 24 55.115 24.406
    endloop
  endfacet
  facet normal 1 0 0
    outer loop
      vertex 24 56.1 25.5
      vertex 24 54.885 24.406
      vertex 24 55 24.4
    endloop
  endfacet
  facet normal 1 0 0
    outer loop
      vertex 24 56.1 25.5
      vertex 24 54.7713 24.424
      vertex 24 54.885 24.406
    endloop
  endfacet
  facet normal 1 0 0
    outer loop
      vertex 24 56.1 25.5
      vertex 24 54.6601 24.4538
      vertex 24 54.7713 24.424
    endloop
  endfacet
  facet normal 1 0 0
    outer loop
      vertex 24 56.1 25.5
      vertex 24 54.5526 24.4951
      vertex 24 54.6601 24.4538
    endloop
  endfacet
  facet normal 1 0 0
    outer loop
      vertex 24 56.1 25.5
      vertex 24 54.45 24.5474
      vertex 24 54.5526 24.4951
    endloop
  endfacet
  facet normal 1 0 0
    outer loop
      vertex 24 56.1 25.5
      vertex 24 54.3534 24.6101
      vertex 24 54.45 24.5474
    endloop
  endfacet
  facet normal 1 0 0
    outer loop
      vertex 24 56.1 25.5
      vertex 24 54.264 24.6825
      vertex 24 54.3534 24.6101
    endloop
  endfacet
  facet normal 1 0 0
    outer loop
      vertex 24 56.1 25.5
      vertex 24 54.1825 24.764
      vertex 24 54.264 24.6825
    endloop
  endfacet
  facet normal 1 0 0
    outer loop
      vertex 24 56.1 25.5
      vertex 24 54.1101 24.8534
      vertex 24 54.1825 24.764
    endloop
  endfacet
  facet normal 1 0 0
    outer loop
      vertex 24 56.1 25.5
      vertex 24 54.0474 24.95
      vertex 24 54.1101 24.8534
    endloop
  endfacet
  facet normal 1 0 0
    outer loop
      vertex 24 56.1 25.5
      vertex 24 53.9951 25.0526
      vertex 24 54.0474 24.95
    endloop
  endfacet
  facet normal 1 0 0
    outer loop
      vertex 24 56.1 25.5
      vertex 24 53.9538 25.1601
      vertex 24 53.9951 25.0526
    endloop
  endfacet
  facet normal 1 0 0
    outer loop
      vertex 24 56.1 25.5
      vertex 24 53.924 25.2713
      vertex 24 53.9538 25.1601
    endloop
  endfacet
  facet normal 1 0 0
    outer loop
      vertex 24 56.1 25.5
      vertex 24 53.906 25.385
      vertex 24 53.924 25.2713
    endloop
  endfacet
  facet normal 1 0 -0
    outer loop
      vertex 24 53.906 25.385
      vertex 24 56.1 25.5
      vertex 24 53.9 25.5
    endloop
  endfacet
  facet normal 1 0 0
    outer loop
      vertex 24 6.1 25.5
      vertex 24 6.07596 25.2713
      vertex 24 6.09397 25.385
    endloop
  endfacet
  facet normal 1 0 0
    outer loop
      vertex 24 6.1 25.5
      vertex 24 6.04616 25.1601
      vertex 24 6.07596 25.2713
    endloop
  endfacet
  facet normal 1 0 0
    outer loop
      vertex 24 6.1 25.5
      vertex 24 6.0049 25.0526
      vertex 24 6.04616 25.1601
    endloop
  endfacet
  facet normal 1 0 0
    outer loop
      vertex 24 6.1 25.5
      vertex 24 5.95263 24.95
      vertex 24 6.0049 25.0526
    endloop
  endfacet
  facet normal 1 0 0
    outer loop
      vertex 24 6.1 25.5
      vertex 24 5.88992 24.8534
      vertex 24 5.95263 24.95
    endloop
  endfacet
  facet normal 1 0 0
    outer loop
      vertex 24 6.1 25.5
      vertex 24 5.81746 24.764
      vertex 24 5.88992 24.8534
    endloop
  endfacet
  facet normal 1 0 0
    outer loop
      vertex 24 6.1 25.5
      vertex 24 5.73604 24.6825
      vertex 24 5.81746 24.764
    endloop
  endfacet
  facet normal 1 0 0
    outer loop
      vertex 24 6.1 25.5
      vertex 24 5.64656 24.6101
      vertex 24 5.73604 24.6825
    endloop
  endfacet
  facet normal 1 0 0
    outer loop
      vertex 24 6.1 25.5
      vertex 24 5.55 24.5474
      vertex 24 5.64656 24.6101
    endloop
  endfacet
  facet normal 1 0 0
    outer loop
      vertex 24 6.1 25.5
      vertex 24 5.44741 24.4951
      vertex 24 5.55 24.5474
    endloop
  endfacet
  facet normal 1 0 0
    outer loop
      vertex 24 6.1 25.5
      vertex 24 5.33992 24.4538
      vertex 24 5.44741 24.4951
    endloop
  endfacet
  facet normal 1 0 0
    outer loop
      vertex 24 6.1 25.5
      vertex 24 5.2287 24.424
      vertex 24 5.33992 24.4538
    endloop
  endfacet
  facet normal 1 0 0
    outer loop
      vertex 24 6.1 25.5
      vertex 24 5.11498 24.406
      vertex 24 5.2287 24.424
    endloop
  endfacet
  facet normal 1 0 0
    outer loop
      vertex 24 6.1 25.5
      vertex 24 5 24.4
      vertex 24 5.11498 24.406
    endloop
  endfacet
  facet normal 1 0 0
    outer loop
      vertex 24 6.1 25.5
      vertex 24 4.88502 24.406
      vertex 24 5 24.4
    endloop
  endfacet
  facet normal 1 0 0
    outer loop
      vertex 24 6.1 25.5
      vertex 24 4.7713 24.424
      vertex 24 4.88502 24.406
    endloop
  endfacet
  facet normal 1 0 0
    outer loop
      vertex 24 6.1 25.5
      vertex 24 4.66008 24.4538
      vertex 24 4.7713 24.424
    endloop
  endfacet
  facet normal 1 0 0
    outer loop
      vertex 24 6.1 25.5
      vertex 24 4.55259 24.4951
      vertex 24 4.66008 24.4538
    endloop
  endfacet
  facet normal 1 0 0
    outer loop
      vertex 24 6.1 25.5
      vertex 24 4.45 24.5474
      vertex 24 4.55259 24.4951
    endloop
  endfacet
  facet normal 1 0 0
    outer loop
      vertex 24 6.1 25.5
      vertex 24 4.35344 24.6101
      vertex 24 4.45 24.5474
    endloop
  endfacet
  facet normal 1 0 0
    outer loop
      vertex 24 6.1 25.5
      vertex 24 4.26396 24.6825
      vertex 24 4.35344 24.6101
    endloop
  endfacet
  facet normal 1 0 0
    outer loop
      vertex 24 6.1 25.5
      vertex 24 4.18254 24.764
      vertex 24 4.26396 24.6825
    endloop
  endfacet
  facet normal 1 0 0
    outer loop
      vertex 24 6.1 25.5
      vertex 24 4.11008 24.8534
      vertex 24 4.18254 24.764
    endloop
  endfacet
  facet normal 1 0 0
    outer loop
      vertex 24 6.1 25.5
      vertex 24 4.04737 24.95
      vertex 24 4.11008 24.8534
    endloop
  endfacet
  facet normal 1 0 0
    outer loop
      vertex 24 6.1 25.5
      vertex 24 3.9951 25.0526
      vertex 24 4.04737 24.95
    endloop
  endfacet
  facet normal 1 0 0
    outer loop
      vertex 24 6.1 25.5
      vertex 24 3.95384 25.1601
      vertex 24 3.9951 25.0526
    endloop
  endfacet
  facet normal 1 0 0
    outer loop
      vertex 24 6.1 25.5
      vertex 24 3.92404 25.2713
      vertex 24 3.95384 25.1601
    endloop
  endfacet
  facet normal 1 0 0
    outer loop
      vertex 24 6.1 25.5
      vertex 24 3.90603 25.385
      vertex 24 3.92404 25.2713
    endloop
  endfacet
  facet normal 1 0 -0
    outer loop
      vertex 24 3.90603 25.385
      vertex 24 6.1 25.5
      vertex 24 3.9 25.5
    endloop
  endfacet
  facet normal 1 0 0
    outer loop
      vertex 24 6.07596 2.7287
      vertex 24 6.1 2.5
      vertex 24 6.09397 2.61498
    endloop
  endfacet
  facet normal 1 0 0
    outer loop
      vertex 24 6.04616 2.83992
      vertex 24 6.1 2.5
      vertex 24 6.07596 2.7287
    endloop
  endfacet
  facet normal 1 0 0
    outer loop
      vertex 24 6.0049 2.94741
      vertex 24 6.1 2.5
      vertex 24 6.04616 2.83992
    endloop
  endfacet
  facet normal 1 0 0
    outer loop
      vertex 24 5.95263 3.05
      vertex 24 6.1 2.5
      vertex 24 6.0049 2.94741
    endloop
  endfacet
  facet normal 1 0 0
    outer loop
      vertex 24 5.88992 3.14656
      vertex 24 6.1 2.5
      vertex 24 5.95263 3.05
    endloop
  endfacet
  facet normal 1 0 0
    outer loop
      vertex 24 5.81746 3.23604
      vertex 24 6.1 2.5
      vertex 24 5.88992 3.14656
    endloop
  endfacet
  facet normal 1 0 0
    outer loop
      vertex 24 5.73604 3.31746
      vertex 24 6.1 2.5
      vertex 24 5.81746 3.23604
    endloop
  endfacet
  facet normal 1 0 0
    outer loop
      vertex 24 5.64656 3.38992
      vertex 24 6.1 2.5
      vertex 24 5.73604 3.31746
    endloop
  endfacet
  facet normal 1 0 0
    outer loop
      vertex 24 5.55 3.45263
      vertex 24 6.1 2.5
      vertex 24 5.64656 3.38992
    endloop
  endfacet
  facet normal 1 0 0
    outer loop
      vertex 24 5.44741 3.5049
      vertex 24 6.1 2.5
      vertex 24 5.55 3.45263
    endloop
  endfacet
  facet normal 1 0 0
    outer loop
      vertex 24 5.33992 3.54616
      vertex 24 6.1 2.5
      vertex 24 5.44741 3.5049
    endloop
  endfacet
  facet normal 1 0 0
    outer loop
      vertex 24 5.2287 3.57596
      vertex 24 6.1 2.5
      vertex 24 5.33992 3.54616
    endloop
  endfacet
  facet normal 1 0 0
    outer loop
      vertex 24 5.11498 3.59397
      vertex 24 6.1 2.5
      vertex 24 5.2287 3.57596
    endloop
  endfacet
  facet normal 1 0 0
    outer loop
      vertex 24 5 3.6
      vertex 24 6.1 2.5
      vertex 24 5.11498 3.59397
    endloop
  endfacet
  facet normal 1 -0 0
    outer loop
      vertex 24 4.88502 3.59397
      vertex 24 6.1 2.5
      vertex 24 5 3.6
    endloop
  endfacet
  facet normal 1 -0 0
    outer loop
      vertex 24 4.7713 3.57596
      vertex 24 6.1 2.5
      vertex 24 4.88502 3.59397
    endloop
  endfacet
  facet normal 1 -0 0
    outer loop
      vertex 24 4.66008 3.54616
      vertex 24 6.1 2.5
      vertex 24 4.7713 3.57596
    endloop
  endfacet
  facet normal 1 -0 0
    outer loop
      vertex 24 4.55259 3.5049
      vertex 24 6.1 2.5
      vertex 24 4.66008 3.54616
    endloop
  endfacet
  facet normal 1 -0 0
    outer loop
      vertex 24 4.45 3.45263
      vertex 24 6.1 2.5
      vertex 24 4.55259 3.5049
    endloop
  endfacet
  facet normal 1 -0 0
    outer loop
      vertex 24 4.35344 3.38992
      vertex 24 6.1 2.5
      vertex 24 4.45 3.45263
    endloop
  endfacet
  facet normal 1 -0 0
    outer loop
      vertex 24 4.26396 3.31746
      vertex 24 6.1 2.5
      vertex 24 4.35344 3.38992
    endloop
  endfacet
  facet normal 1 -0 0
    outer loop
      vertex 24 4.18254 3.23604
      vertex 24 6.1 2.5
      vertex 24 4.26396 3.31746
    endloop
  endfacet
  facet normal 1 -0 0
    outer loop
      vertex 24 4.11008 3.14656
      vertex 24 6.1 2.5
      vertex 24 4.18254 3.23604
    endloop
  endfacet
  facet normal 1 -0 0
    outer loop
      vertex 24 4.04737 3.05
      vertex 24 6.1 2.5
      vertex 24 4.11008 3.14656
    endloop
  endfacet
  facet normal 1 -0 0
    outer loop
      vertex 24 3.9951 2.94741
      vertex 24 6.1 2.5
      vertex 24 4.04737 3.05
    endloop
  endfacet
  facet normal 1 -0 0
    outer loop
      vertex 24 3.95384 2.83992
      vertex 24 6.1 2.5
      vertex 24 3.9951 2.94741
    endloop
  endfacet
  facet normal 1 -0 0
    outer loop
      vertex 24 3.92404 2.7287
      vertex 24 6.1 2.5
      vertex 24 3.95384 2.83992
    endloop
  endfacet
  facet normal 1 -0 0
    outer loop
      vertex 24 3.90603 2.61498
      vertex 24 6.1 2.5
      vertex 24 3.92404 2.7287
    endloop
  endfacet
  facet normal 1 0 0
    outer loop
      vertex 24 6.1 2.5
      vertex 24 3.90603 2.61498
      vertex 24 3.9 2.5
    endloop
  endfacet
  facet normal 1 0 0
    outer loop
      vertex 24 56.076 2.7287
      vertex 24 56.1 2.5
      vertex 24 56.094 2.61498
    endloop
  endfacet
  facet normal 1 0 0
    outer loop
      vertex 24 56.0462 2.83992
      vertex 24 56.1 2.5
      vertex 24 56.076 2.7287
    endloop
  endfacet
  facet normal 1 0 0
    outer loop
      vertex 24 56.0049 2.94741
      vertex 24 56.1 2.5
      vertex 24 56.0462 2.83992
    endloop
  endfacet
  facet normal 1 0 0
    outer loop
      vertex 24 55.9526 3.05
      vertex 24 56.1 2.5
      vertex 24 56.0049 2.94741
    endloop
  endfacet
  facet normal 1 0 0
    outer loop
      vertex 24 55.8899 3.14656
      vertex 24 56.1 2.5
      vertex 24 55.9526 3.05
    endloop
  endfacet
  facet normal 1 0 0
    outer loop
      vertex 24 55.8175 3.23604
      vertex 24 56.1 2.5
      vertex 24 55.8899 3.14656
    endloop
  endfacet
  facet normal 1 0 0
    outer loop
      vertex 24 55.736 3.31746
      vertex 24 56.1 2.5
      vertex 24 55.8175 3.23604
    endloop
  endfacet
  facet normal 1 0 0
    outer loop
      vertex 24 55.6466 3.38992
      vertex 24 56.1 2.5
      vertex 24 55.736 3.31746
    endloop
  endfacet
  facet normal 1 0 0
    outer loop
      vertex 24 55.55 3.45263
      vertex 24 56.1 2.5
      vertex 24 55.6466 3.38992
    endloop
  endfacet
  facet normal 1 0 0
    outer loop
      vertex 24 55.4474 3.5049
      vertex 24 56.1 2.5
      vertex 24 55.55 3.45263
    endloop
  endfacet
  facet normal 1 0 0
    outer loop
      vertex 24 55.3399 3.54616
      vertex 24 56.1 2.5
      vertex 24 55.4474 3.5049
    endloop
  endfacet
  facet normal 1 0 0
    outer loop
      vertex 24 55.2287 3.57596
      vertex 24 56.1 2.5
      vertex 24 55.3399 3.54616
    endloop
  endfacet
  facet normal 1 0 0
    outer loop
      vertex 24 55.115 3.59397
      vertex 24 56.1 2.5
      vertex 24 55.2287 3.57596
    endloop
  endfacet
  facet normal 1 0 0
    outer loop
      vertex 24 55 3.6
      vertex 24 56.1 2.5
      vertex 24 55.115 3.59397
    endloop
  endfacet
  facet normal 1 -0 0
    outer loop
      vertex 24 54.885 3.59397
      vertex 24 56.1 2.5
      vertex 24 55 3.6
    endloop
  endfacet
  facet normal 1 -0 0
    outer loop
      vertex 24 54.7713 3.57596
      vertex 24 56.1 2.5
      vertex 24 54.885 3.59397
    endloop
  endfacet
  facet normal 1 -0 0
    outer loop
      vertex 24 54.6601 3.54616
      vertex 24 56.1 2.5
      vertex 24 54.7713 3.57596
    endloop
  endfacet
  facet normal 1 -0 0
    outer loop
      vertex 24 54.5526 3.5049
      vertex 24 56.1 2.5
      vertex 24 54.6601 3.54616
    endloop
  endfacet
  facet normal 1 -0 0
    outer loop
      vertex 24 54.45 3.45263
      vertex 24 56.1 2.5
      vertex 24 54.5526 3.5049
    endloop
  endfacet
  facet normal 1 -0 0
    outer loop
      vertex 24 54.3534 3.38992
      vertex 24 56.1 2.5
      vertex 24 54.45 3.45263
    endloop
  endfacet
  facet normal 1 -0 0
    outer loop
      vertex 24 54.264 3.31746
      vertex 24 56.1 2.5
      vertex 24 54.3534 3.38992
    endloop
  endfacet
  facet normal 1 -0 0
    outer loop
      vertex 24 54.1825 3.23604
      vertex 24 56.1 2.5
      vertex 24 54.264 3.31746
    endloop
  endfacet
  facet normal 1 -0 0
    outer loop
      vertex 24 54.1101 3.14656
      vertex 24 56.1 2.5
      vertex 24 54.1825 3.23604
    endloop
  endfacet
  facet normal 1 -0 0
    outer loop
      vertex 24 54.0474 3.05
      vertex 24 56.1 2.5
      vertex 24 54.1101 3.14656
    endloop
  endfacet
  facet normal 1 -0 0
    outer loop
      vertex 24 53.9951 2.94741
      vertex 24 56.1 2.5
      vertex 24 54.0474 3.05
    endloop
  endfacet
  facet normal 1 -0 0
    outer loop
      vertex 24 53.9538 2.83992
      vertex 24 56.1 2.5
      vertex 24 53.9951 2.94741
    endloop
  endfacet
  facet normal 1 -0 0
    outer loop
      vertex 24 53.924 2.7287
      vertex 24 56.1 2.5
      vertex 24 53.9538 2.83992
    endloop
  endfacet
  facet normal 1 -0 0
    outer loop
      vertex 24 53.906 2.61498
      vertex 24 56.1 2.5
      vertex 24 53.924 2.7287
    endloop
  endfacet
  facet normal 1 0 0
    outer loop
      vertex 24 56.1 2.5
      vertex 24 53.906 2.61498
      vertex 24 53.9 2.5
    endloop
  endfacet
  facet normal -1 0 0
    outer loop
      vertex 22 57.5 2.5
      vertex 22 51.5 13
      vertex 22 57.5 25.5
    endloop
  endfacet
  facet normal -1 0 0
    outer loop
      vertex 22 57.5 2.5
      vertex 22 45.5 13
      vertex 22 51.5 13
    endloop
  endfacet
  facet normal -1 -0 0
    outer loop
      vertex 22 45.5 13
      vertex 22 35 10.5
      vertex 22 45.5 15
    endloop
  endfacet
  facet normal -1 0 0
    outer loop
      vertex 22 57.5 2.5
      vertex 22 35 10.5
      vertex 22 45.5 13
    endloop
  endfacet
  facet normal -1 0 0
    outer loop
      vertex 22 57.5 2.5
      vertex 22 25 10.5
      vertex 22 35 10.5
    endloop
  endfacet
  facet normal -1 0 0
    outer loop
      vertex 22 25 10.5
      vertex 22 14.5 13
      vertex 22 25 17.5
    endloop
  endfacet
  facet normal -1 0 0
    outer loop
      vertex 22 2.5 2.5
      vertex 22 25 10.5
      vertex 22 57.5 2.5
    endloop
  endfacet
  facet normal -1 -0 0
    outer loop
      vertex 22 25 10.5
      vertex 22 2.5 2.5
      vertex 22 14.5 13
    endloop
  endfacet
  facet normal -1 -0 0
    outer loop
      vertex 22 8.5 13
      vertex 22 2.5 2.5
      vertex 22 8.5 15
    endloop
  endfacet
  facet normal -1 -0 0
    outer loop
      vertex 22 14.5 13
      vertex 22 2.5 2.5
      vertex 22 8.5 13
    endloop
  endfacet
  facet normal -1 0 0
    outer loop
      vertex 22 51.5 15
      vertex 22 57.5 25.5
      vertex 22 51.5 13
    endloop
  endfacet
  facet normal -1 0 0
    outer loop
      vertex 22 45.5 15
      vertex 22 57.5 25.5
      vertex 22 51.5 15
    endloop
  endfacet
  facet normal -1 0 0
    outer loop
      vertex 22 35 17.5
      vertex 22 45.5 15
      vertex 22 35 10.5
    endloop
  endfacet
  facet normal -1 0 0
    outer loop
      vertex 22 45.5 15
      vertex 22 35 17.5
      vertex 22 57.5 25.5
    endloop
  endfacet
  facet normal -1 0 0
    outer loop
      vertex 22 25 17.5
      vertex 22 57.5 25.5
      vertex 22 35 17.5
    endloop
  endfacet
  facet normal -1 0 0
    outer loop
      vertex 22 14.5 15
      vertex 22 25 17.5
      vertex 22 14.5 13
    endloop
  endfacet
  facet normal -1 0 0
    outer loop
      vertex 22 2.5 25.5
      vertex 22 25 17.5
      vertex 22 14.5 15
    endloop
  endfacet
  facet normal -1 0 0
    outer loop
      vertex 22 2.5 25.5
      vertex 22 14.5 15
      vertex 22 8.5 15
    endloop
  endfacet
  facet normal -1 0 0
    outer loop
      vertex 22 25 17.5
      vertex 22 2.5 25.5
      vertex 22 57.5 25.5
    endloop
  endfacet
  facet normal -1 0 0
    outer loop
      vertex 22 2.5 25.5
      vertex 22 8.5 15
      vertex 22 2.5 2.5
    endloop
  endfacet
  facet normal 0 0 -1
    outer loop
      vertex 22 25 17.5
      vertex 24 35 17.5
      vertex 24 25 17.5
    endloop
  endfacet
  facet normal -0 0 -1
    outer loop
      vertex 24 35 17.5
      vertex 22 25 17.5
      vertex 22 35 17.5
    endloop
  endfacet
  facet normal -0 0 1
    outer loop
      vertex 22 35 10.5
      vertex 24 25 10.5
      vertex 24 35 10.5
    endloop
  endfacet
  facet normal 0 0 1
    outer loop
      vertex 24 25 10.5
      vertex 22 35 10.5
      vertex 22 25 10.5
    endloop
  endfacet
  facet normal 0 -1 0
    outer loop
      vertex 22 35 17.5
      vertex 24 35 17
      vertex 24 35 17.5
    endloop
  endfacet
  facet normal 0 -1 0
    outer loop
      vertex 24 35 17
      vertex 24 35 11
      vertex 28 35 17
    endloop
  endfacet
  facet normal 0 -1 0
    outer loop
      vertex 22 35 17.5
      vertex 24 35 11
      vertex 24 35 17
    endloop
  endfacet
  facet normal 0 -1 0
    outer loop
      vertex 22 35 10.5
      vertex 24 35 11
      vertex 22 35 17.5
    endloop
  endfacet
  facet normal 0 -1 -0
    outer loop
      vertex 24 35 11
      vertex 22 35 10.5
      vertex 24 35 10.5
    endloop
  endfacet
  facet normal 0 -1 -0
    outer loop
      vertex 28 35 17
      vertex 24 35 11
      vertex 28 35 11
    endloop
  endfacet
  facet normal 0 1 0
    outer loop
      vertex 28 25 17
      vertex 28 25 11
      vertex 24 25 17
    endloop
  endfacet
  facet normal 0 1 -0
    outer loop
      vertex 24 25 17
      vertex 22 25 17.5
      vertex 24 25 17.5
    endloop
  endfacet
  facet normal 0 1 0
    outer loop
      vertex 24 25 11
      vertex 24 25 17
      vertex 28 25 11
    endloop
  endfacet
  facet normal 0 1 0
    outer loop
      vertex 24 25 17
      vertex 24 25 11
      vertex 22 25 17.5
    endloop
  endfacet
  facet normal 0 1 0
    outer loop
      vertex 22 25 10.5
      vertex 24 25 11
      vertex 24 25 10.5
    endloop
  endfacet
  facet normal 0 1 0
    outer loop
      vertex 24 25 11
      vertex 22 25 10.5
      vertex 22 25 17.5
    endloop
  endfacet
  facet normal 0 0 -1
    outer loop
      vertex 22 8.5 15
      vertex 24 13.7097 15
      vertex 24 8.5 15
    endloop
  endfacet
  facet normal 0 0 -1
    outer loop
      vertex 22 14.5 15
      vertex 24 13.7097 15
      vertex 22 8.5 15
    endloop
  endfacet
  facet normal 0 0 -1
    outer loop
      vertex 24 13.7097 15
      vertex 22 14.5 15
      vertex 24 14.5 15
    endloop
  endfacet
  facet normal -0 0 1
    outer loop
      vertex 22 14.5 13
      vertex 24 13.7097 13
      vertex 24 14.5 13
    endloop
  endfacet
  facet normal 0 0 1
    outer loop
      vertex 22 8.5 13
      vertex 24 13.7097 13
      vertex 22 14.5 13
    endloop
  endfacet
  facet normal 0 0 1
    outer loop
      vertex 24 13.7097 13
      vertex 22 8.5 13
      vertex 24 8.5 13
    endloop
  endfacet
  facet normal 0 -1 0
    outer loop
      vertex 22 14.5 13
      vertex 24 14.5 15
      vertex 22 14.5 15
    endloop
  endfacet
  facet normal 0 -1 -0
    outer loop
      vertex 24 14.5 15
      vertex 22 14.5 13
      vertex 24 14.5 13
    endloop
  endfacet
  facet normal 0 1 -0
    outer loop
      vertex 24 8.5 13
      vertex 22 8.5 15
      vertex 24 8.5 15
    endloop
  endfacet
  facet normal 0 1 0
    outer loop
      vertex 22 8.5 15
      vertex 24 8.5 13
      vertex 22 8.5 13
    endloop
  endfacet
  facet normal 0 0 -1
    outer loop
      vertex 22 45.5 15
      vertex 24 46.2903 15
      vertex 24 45.5 15
    endloop
  endfacet
  facet normal 0 0 -1
    outer loop
      vertex 22 51.5 15
      vertex 24 46.2903 15
      vertex 22 45.5 15
    endloop
  endfacet
  facet normal 0 0 -1
    outer loop
      vertex 24 46.2903 15
      vertex 22 51.5 15
      vertex 24 51.5 15
    endloop
  endfacet
  facet normal -0 0 1
    outer loop
      vertex 22 51.5 13
      vertex 24 46.2903 13
      vertex 24 51.5 13
    endloop
  endfacet
  facet normal 0 0 1
    outer loop
      vertex 22 45.5 13
      vertex 24 46.2903 13
      vertex 22 51.5 13
    endloop
  endfacet
  facet normal 0 0 1
    outer loop
      vertex 24 46.2903 13
      vertex 22 45.5 13
      vertex 24 45.5 13
    endloop
  endfacet
  facet normal 0 -1 0
    outer loop
      vertex 22 51.5 13
      vertex 24 51.5 15
      vertex 22 51.5 15
    endloop
  endfacet
  facet normal 0 -1 -0
    outer loop
      vertex 24 51.5 15
      vertex 22 51.5 13
      vertex 24 51.5 13
    endloop
  endfacet
  facet normal 0 1 -0
    outer loop
      vertex 24 45.5 13
      vertex 22 45.5 15
      vertex 24 45.5 15
    endloop
  endfacet
  facet normal 0 1 0
    outer loop
      vertex 22 45.5 15
      vertex 24 45.5 13
      vertex 22 45.5 13
    endloop
  endfacet
  facet normal 1 0 0
    outer loop
      vertex 28 36 18
      vertex 28 35 17
      vertex 28 36 10
    endloop
  endfacet
  facet normal 1 0 0
    outer loop
      vertex 28 36 18
      vertex 28 25 17
      vertex 28 35 17
    endloop
  endfacet
  facet normal 1 0 0
    outer loop
      vertex 28 25 17
      vertex 28 24 18
      vertex 28 25 11
    endloop
  endfacet
  facet normal 1 -0 0
    outer loop
      vertex 28 24 18
      vertex 28 25 17
      vertex 28 36 18
    endloop
  endfacet
  facet normal 1 -0 0
    outer loop
      vertex 28 35 11
      vertex 28 36 10
      vertex 28 35 17
    endloop
  endfacet
  facet normal 1 -0 0
    outer loop
      vertex 28 25 11
      vertex 28 36 10
      vertex 28 35 11
    endloop
  endfacet
  facet normal 1 0 0
    outer loop
      vertex 28 25 11
      vertex 28 24 10
      vertex 28 36 10
    endloop
  endfacet
  facet normal 1 0 0
    outer loop
      vertex 28 24 10
      vertex 28 25 11
      vertex 28 24 18
    endloop
  endfacet
  facet normal -0 0 1
    outer loop
      vertex 24 36 18
      vertex 28 24 18
      vertex 28 36 18
    endloop
  endfacet
  facet normal 0 0 1
    outer loop
      vertex 28 24 18
      vertex 24 36 18
      vertex 24 24 18
    endloop
  endfacet
  facet normal 0 0 -1
    outer loop
      vertex 24 24 10
      vertex 28 36 10
      vertex 28 24 10
    endloop
  endfacet
  facet normal -0 0 -1
    outer loop
      vertex 28 36 10
      vertex 24 24 10
      vertex 24 36 10
    endloop
  endfacet
  facet normal 0 1 -0
    outer loop
      vertex 28 36 10
      vertex 24 36 18
      vertex 28 36 18
    endloop
  endfacet
  facet normal 0 1 0
    outer loop
      vertex 24 36 18
      vertex 28 36 10
      vertex 24 36 10
    endloop
  endfacet
  facet normal 0 -1 0
    outer loop
      vertex 24 24 10
      vertex 28 24 18
      vertex 24 24 18
    endloop
  endfacet
  facet normal 0 -1 -0
    outer loop
      vertex 28 24 18
      vertex 24 24 10
      vertex 28 24 10
    endloop
  endfacet
  facet normal 0 0 -1
    outer loop
      vertex 24 25 17
      vertex 28 35 17
      vertex 28 25 17
    endloop
  endfacet
  facet normal -0 0 -1
    outer loop
      vertex 28 35 17
      vertex 24 25 17
      vertex 24 35 17
    endloop
  endfacet
  facet normal -0 0 1
    outer loop
      vertex 24 35 11
      vertex 28 25 11
      vertex 28 35 11
    endloop
  endfacet
  facet normal 0 0 1
    outer loop
      vertex 28 25 11
      vertex 24 35 11
      vertex 24 25 11
    endloop
  endfacet
  facet normal 0 -0.156399 0.987694
    outer loop
      vertex 24 4.79094 4.48904
      vertex 25 4.58418 4.4563
      vertex 25 4.79094 4.48904
    endloop
  endfacet
  facet normal 0 -0.156399 0.987694
    outer loop
      vertex 25 4.58418 4.4563
      vertex 24 4.79094 4.48904
      vertex 24 4.58418 4.4563
    endloop
  endfacet
  facet normal 0 -0.544651 0.838663
    outer loop
      vertex 24 4 4.23205
      vertex 25 3.82443 4.11803
      vertex 25 4 4.23205
    endloop
  endfacet
  facet normal 0 -0.544651 0.838663
    outer loop
      vertex 25 3.82443 4.11803
      vertex 24 4 4.23205
      vertex 24 3.82443 4.11803
    endloop
  endfacet
  facet normal 1 0 0
    outer loop
      vertex 25 6.09397 2.61498
      vertex 25 6.98904 2.70906
      vertex 25 6.9563 2.91582
    endloop
  endfacet
  facet normal 1 0 0
    outer loop
      vertex 25 6.07596 2.7287
      vertex 25 6.9563 2.91582
      vertex 25 6.90211 3.11803
    endloop
  endfacet
  facet normal 1 0 0
    outer loop
      vertex 25 6.04616 2.83992
      vertex 25 6.90211 3.11803
      vertex 25 6.82709 3.31347
    endloop
  endfacet
  facet normal 1 0 0
    outer loop
      vertex 25 6.0049 2.94741
      vertex 25 6.82709 3.31347
      vertex 25 6.73205 3.5
    endloop
  endfacet
  facet normal 1 0 0
    outer loop
      vertex 25 5.95263 3.05
      vertex 25 6.73205 3.5
      vertex 25 6.61803 3.67557
    endloop
  endfacet
  facet normal 1 0 0
    outer loop
      vertex 25 5.88992 3.14656
      vertex 25 6.61803 3.67557
      vertex 25 6.48629 3.83826
    endloop
  endfacet
  facet normal 1 0 0
    outer loop
      vertex 25 5.81746 3.23604
      vertex 25 6.48629 3.83826
      vertex 25 6.33826 3.98629
    endloop
  endfacet
  facet normal 1 0 0
    outer loop
      vertex 25 5.73604 3.31746
      vertex 25 6.33826 3.98629
      vertex 25 6.17557 4.11803
    endloop
  endfacet
  facet normal 1 0 0
    outer loop
      vertex 25 6.82709 3.31347
      vertex 25 6.0049 2.94741
      vertex 25 6.04616 2.83992
    endloop
  endfacet
  facet normal 1 0 0
    outer loop
      vertex 25 7 2.5
      vertex 25 6.09397 2.61498
      vertex 25 6.1 2.5
    endloop
  endfacet
  facet normal 1 0 0
    outer loop
      vertex 25 6.98904 2.70906
      vertex 25 6.09397 2.61498
      vertex 25 7 2.5
    endloop
  endfacet
  facet normal 1 0 -0
    outer loop
      vertex 25 6.09397 2.61498
      vertex 25 6.9563 2.91582
      vertex 25 6.07596 2.7287
    endloop
  endfacet
  facet normal 1 0 0
    outer loop
      vertex 25 6.90211 3.11803
      vertex 25 6.04616 2.83992
      vertex 25 6.07596 2.7287
    endloop
  endfacet
  facet normal 1 0 0
    outer loop
      vertex 25 5.64656 3.38992
      vertex 25 6.17557 4.11803
      vertex 25 6 4.23205
    endloop
  endfacet
  facet normal 1 0 0
    outer loop
      vertex 25 6.73205 3.5
      vertex 25 5.95263 3.05
      vertex 25 6.0049 2.94741
    endloop
  endfacet
  facet normal 1 0 0
    outer loop
      vertex 25 6.61803 3.67557
      vertex 25 5.88992 3.14656
      vertex 25 5.95263 3.05
    endloop
  endfacet
  facet normal 1 0 0
    outer loop
      vertex 25 6.48629 3.83826
      vertex 25 5.81746 3.23604
      vertex 25 5.88992 3.14656
    endloop
  endfacet
  facet normal 1 0 0
    outer loop
      vertex 25 5.55 3.45263
      vertex 25 6 4.23205
      vertex 25 5.81347 4.32709
    endloop
  endfacet
  facet normal 1 0 0
    outer loop
      vertex 25 6.33826 3.98629
      vertex 25 5.73604 3.31746
      vertex 25 5.81746 3.23604
    endloop
  endfacet
  facet normal 1 0 0
    outer loop
      vertex 25 6.17557 4.11803
      vertex 25 5.64656 3.38992
      vertex 25 5.73604 3.31746
    endloop
  endfacet
  facet normal 1 0 0
    outer loop
      vertex 25 5.44741 3.5049
      vertex 25 5.81347 4.32709
      vertex 25 5.61803 4.40211
    endloop
  endfacet
  facet normal 1 0 0
    outer loop
      vertex 25 6 4.23205
      vertex 25 5.55 3.45263
      vertex 25 5.64656 3.38992
    endloop
  endfacet
  facet normal 1 0 0
    outer loop
      vertex 25 5.81347 4.32709
      vertex 25 5.44741 3.5049
      vertex 25 5.55 3.45263
    endloop
  endfacet
  facet normal 1 0 0
    outer loop
      vertex 25 5.33992 3.54616
      vertex 25 5.61803 4.40211
      vertex 25 5.41582 4.4563
    endloop
  endfacet
  facet normal 1 0 0
    outer loop
      vertex 25 5.61803 4.40211
      vertex 25 5.33992 3.54616
      vertex 25 5.44741 3.5049
    endloop
  endfacet
  facet normal 1 0 0
    outer loop
      vertex 25 5.41582 4.4563
      vertex 25 5.2287 3.57596
      vertex 25 5.33992 3.54616
    endloop
  endfacet
  facet normal 1 0 0
    outer loop
      vertex 25 5.20906 4.48904
      vertex 25 5.2287 3.57596
      vertex 25 5.41582 4.4563
    endloop
  endfacet
  facet normal 1 0 0
    outer loop
      vertex 25 5.20906 4.48904
      vertex 25 5.11498 3.59397
      vertex 25 5.2287 3.57596
    endloop
  endfacet
  facet normal 1 0 0
    outer loop
      vertex 25 5 4.5
      vertex 25 5.11498 3.59397
      vertex 25 5.20906 4.48904
    endloop
  endfacet
  facet normal 1 0 0
    outer loop
      vertex 25 5 4.5
      vertex 25 5 3.6
      vertex 25 5.11498 3.59397
    endloop
  endfacet
  facet normal 1 0 0
    outer loop
      vertex 25 5 4.5
      vertex 25 4.88502 3.59397
      vertex 25 5 3.6
    endloop
  endfacet
  facet normal 1 -0 0
    outer loop
      vertex 25 4.79094 4.48904
      vertex 25 4.88502 3.59397
      vertex 25 5 4.5
    endloop
  endfacet
  facet normal 1 0 0
    outer loop
      vertex 25 4.79094 4.48904
      vertex 25 4.7713 3.57596
      vertex 25 4.88502 3.59397
    endloop
  endfacet
  facet normal 1 -0 0
    outer loop
      vertex 25 4.58418 4.4563
      vertex 25 4.7713 3.57596
      vertex 25 4.79094 4.48904
    endloop
  endfacet
  facet normal 1 0 0
    outer loop
      vertex 25 4.7713 3.57596
      vertex 25 4.58418 4.4563
      vertex 25 4.66008 3.54616
    endloop
  endfacet
  facet normal 1 -0 0
    outer loop
      vertex 25 4.38197 4.40211
      vertex 25 4.66008 3.54616
      vertex 25 4.58418 4.4563
    endloop
  endfacet
  facet normal 1 0 0
    outer loop
      vertex 25 4.66008 3.54616
      vertex 25 4.38197 4.40211
      vertex 25 4.55259 3.5049
    endloop
  endfacet
  facet normal 1 -0 0
    outer loop
      vertex 25 4.18653 4.32709
      vertex 25 4.55259 3.5049
      vertex 25 4.38197 4.40211
    endloop
  endfacet
  facet normal 1 0 0
    outer loop
      vertex 25 4.55259 3.5049
      vertex 25 4.18653 4.32709
      vertex 25 4.45 3.45263
    endloop
  endfacet
  facet normal 1 -0 0
    outer loop
      vertex 25 4 4.23205
      vertex 25 4.45 3.45263
      vertex 25 4.18653 4.32709
    endloop
  endfacet
  facet normal 1 0 0
    outer loop
      vertex 25 4.45 3.45263
      vertex 25 4 4.23205
      vertex 25 4.35344 3.38992
    endloop
  endfacet
  facet normal 1 -0 0
    outer loop
      vertex 25 3.82443 4.11803
      vertex 25 4.35344 3.38992
      vertex 25 4 4.23205
    endloop
  endfacet
  facet normal 1 0 0
    outer loop
      vertex 25 4.35344 3.38992
      vertex 25 3.82443 4.11803
      vertex 25 4.26396 3.31746
    endloop
  endfacet
  facet normal 1 -0 0
    outer loop
      vertex 25 3.66174 3.98629
      vertex 25 4.26396 3.31746
      vertex 25 3.82443 4.11803
    endloop
  endfacet
  facet normal 1 0 0
    outer loop
      vertex 25 4.26396 3.31746
      vertex 25 3.66174 3.98629
      vertex 25 4.18254 3.23604
    endloop
  endfacet
  facet normal 1 -0 0
    outer loop
      vertex 25 3.51371 3.83826
      vertex 25 4.18254 3.23604
      vertex 25 3.66174 3.98629
    endloop
  endfacet
  facet normal 1 0 0
    outer loop
      vertex 25 4.18254 3.23604
      vertex 25 3.51371 3.83826
      vertex 25 4.11008 3.14656
    endloop
  endfacet
  facet normal 1 -0 0
    outer loop
      vertex 25 3.38197 3.67557
      vertex 25 4.11008 3.14656
      vertex 25 3.51371 3.83826
    endloop
  endfacet
  facet normal 1 0 0
    outer loop
      vertex 25 4.11008 3.14656
      vertex 25 3.38197 3.67557
      vertex 25 4.04737 3.05
    endloop
  endfacet
  facet normal 1 -0 0
    outer loop
      vertex 25 3.26795 3.5
      vertex 25 4.04737 3.05
      vertex 25 3.38197 3.67557
    endloop
  endfacet
  facet normal 1 0 0
    outer loop
      vertex 25 4.04737 3.05
      vertex 25 3.26795 3.5
      vertex 25 3.9951 2.94741
    endloop
  endfacet
  facet normal 1 -0 0
    outer loop
      vertex 25 3.17291 3.31347
      vertex 25 3.9951 2.94741
      vertex 25 3.26795 3.5
    endloop
  endfacet
  facet normal 1 0 0
    outer loop
      vertex 25 3.9951 2.94741
      vertex 25 3.17291 3.31347
      vertex 25 3.95384 2.83992
    endloop
  endfacet
  facet normal 1 -0 0
    outer loop
      vertex 25 3.09789 3.11803
      vertex 25 3.95384 2.83992
      vertex 25 3.17291 3.31347
    endloop
  endfacet
  facet normal 1 0 0
    outer loop
      vertex 25 3.95384 2.83992
      vertex 25 3.09789 3.11803
      vertex 25 3.92404 2.7287
    endloop
  endfacet
  facet normal 1 -0 0
    outer loop
      vertex 25 3.0437 2.91582
      vertex 25 3.92404 2.7287
      vertex 25 3.09789 3.11803
    endloop
  endfacet
  facet normal 1 0 0
    outer loop
      vertex 25 3.92404 2.7287
      vertex 25 3.0437 2.91582
      vertex 25 3.90603 2.61498
    endloop
  endfacet
  facet normal 1 -0 0
    outer loop
      vertex 25 3.01096 2.70906
      vertex 25 3.90603 2.61498
      vertex 25 3.0437 2.91582
    endloop
  endfacet
  facet normal 1 0 0
    outer loop
      vertex 25 3.90603 2.61498
      vertex 25 3.01096 2.70906
      vertex 25 3.9 2.5
    endloop
  endfacet
  facet normal 1 0 0
    outer loop
      vertex 25 3.9 2.5
      vertex 25 3.01096 2.70906
      vertex 25 3 2.5
    endloop
  endfacet
  facet normal 0 -0.62931 0.777155
    outer loop
      vertex 24 3.82443 4.11803
      vertex 25 3.66174 3.98629
      vertex 25 3.82443 4.11803
    endloop
  endfacet
  facet normal 0 -0.62931 0.777155
    outer loop
      vertex 25 3.66174 3.98629
      vertex 24 3.82443 4.11803
      vertex 24 3.66174 3.98629
    endloop
  endfacet
  facet normal 0 -0.0523532 0.998629
    outer loop
      vertex 24 5 4.5
      vertex 25 4.79094 4.48904
      vertex 25 5 4.5
    endloop
  endfacet
  facet normal 0 -0.0523532 0.998629
    outer loop
      vertex 25 4.79094 4.48904
      vertex 24 5 4.5
      vertex 24 4.79094 4.48904
    endloop
  endfacet
  facet normal 0 0.89101 0.453984
    outer loop
      vertex 25 6.82709 3.31347
      vertex 24 6.73205 3.5
      vertex 25 6.73205 3.5
    endloop
  endfacet
  facet normal 0 0.89101 0.453984
    outer loop
      vertex 24 6.73205 3.5
      vertex 25 6.82709 3.31347
      vertex 24 6.82709 3.31347
    endloop
  endfacet
  facet normal 0 -0.998629 0.0523532
    outer loop
      vertex 24 3 2.5
      vertex 25 3.01096 2.70906
      vertex 24 3.01096 2.70906
    endloop
  endfacet
  facet normal 0 -0.998629 0.0523532
    outer loop
      vertex 25 3.01096 2.70906
      vertex 24 3 2.5
      vertex 25 3 2.5
    endloop
  endfacet
  facet normal 0 -0.965916 0.258855
    outer loop
      vertex 24 3.0437 2.91582
      vertex 25 3.09789 3.11803
      vertex 24 3.09789 3.11803
    endloop
  endfacet
  facet normal 0 -0.965916 0.258855
    outer loop
      vertex 25 3.09789 3.11803
      vertex 24 3.0437 2.91582
      vertex 25 3.0437 2.91582
    endloop
  endfacet
  facet normal 0 -0.258855 0.965916
    outer loop
      vertex 24 4.58418 4.4563
      vertex 25 4.38197 4.40211
      vertex 25 4.58418 4.4563
    endloop
  endfacet
  facet normal 0 -0.258855 0.965916
    outer loop
      vertex 25 4.38197 4.40211
      vertex 24 4.58418 4.4563
      vertex 24 4.38197 4.40211
    endloop
  endfacet
  facet normal 0 0.965916 0.258855
    outer loop
      vertex 25 6.9563 2.91582
      vertex 24 6.90211 3.11803
      vertex 25 6.90211 3.11803
    endloop
  endfacet
  facet normal 0 0.965916 0.258855
    outer loop
      vertex 24 6.90211 3.11803
      vertex 25 6.9563 2.91582
      vertex 24 6.9563 2.91582
    endloop
  endfacet
  facet normal 0 -0.358358 0.933584
    outer loop
      vertex 24 4.38197 4.40211
      vertex 25 4.18653 4.32709
      vertex 25 4.38197 4.40211
    endloop
  endfacet
  facet normal 0 -0.358358 0.933584
    outer loop
      vertex 25 4.18653 4.32709
      vertex 24 4.38197 4.40211
      vertex 24 4.18653 4.32709
    endloop
  endfacet
  facet normal 0 0.838663 0.544651
    outer loop
      vertex 25 6.73205 3.5
      vertex 24 6.61803 3.67557
      vertex 25 6.61803 3.67557
    endloop
  endfacet
  facet normal 0 0.838663 0.544651
    outer loop
      vertex 24 6.61803 3.67557
      vertex 25 6.73205 3.5
      vertex 24 6.73205 3.5
    endloop
  endfacet
  facet normal -0 0.156399 0.987694
    outer loop
      vertex 24 5.41582 4.4563
      vertex 25 5.20906 4.48904
      vertex 25 5.41582 4.4563
    endloop
  endfacet
  facet normal 0 0.156399 0.987694
    outer loop
      vertex 25 5.20906 4.48904
      vertex 24 5.41582 4.4563
      vertex 24 5.20906 4.48904
    endloop
  endfacet
  facet normal -0 0.0523532 0.998629
    outer loop
      vertex 24 5.20906 4.48904
      vertex 25 5 4.5
      vertex 25 5.20906 4.48904
    endloop
  endfacet
  facet normal 0 0.0523532 0.998629
    outer loop
      vertex 25 5 4.5
      vertex 24 5.20906 4.48904
      vertex 24 5 4.5
    endloop
  endfacet
  facet normal -0 0.358358 0.933584
    outer loop
      vertex 24 5.81347 4.32709
      vertex 25 5.61803 4.40211
      vertex 25 5.81347 4.32709
    endloop
  endfacet
  facet normal 0 0.358358 0.933584
    outer loop
      vertex 25 5.61803 4.40211
      vertex 24 5.81347 4.32709
      vertex 24 5.61803 4.40211
    endloop
  endfacet
  facet normal -0 0.544651 0.838663
    outer loop
      vertex 24 6.17557 4.11803
      vertex 25 6 4.23205
      vertex 25 6.17557 4.11803
    endloop
  endfacet
  facet normal 0 0.544651 0.838663
    outer loop
      vertex 25 6 4.23205
      vertex 24 6.17557 4.11803
      vertex 24 6 4.23205
    endloop
  endfacet
  facet normal -0 0.258855 0.965916
    outer loop
      vertex 24 5.61803 4.40211
      vertex 25 5.41582 4.4563
      vertex 25 5.61803 4.40211
    endloop
  endfacet
  facet normal 0 0.258855 0.965916
    outer loop
      vertex 25 5.41582 4.4563
      vertex 24 5.61803 4.40211
      vertex 24 5.41582 4.4563
    endloop
  endfacet
  facet normal 0 -0.453984 0.89101
    outer loop
      vertex 24 4.18653 4.32709
      vertex 25 4 4.23205
      vertex 25 4.18653 4.32709
    endloop
  endfacet
  facet normal 0 -0.453984 0.89101
    outer loop
      vertex 25 4 4.23205
      vertex 24 4.18653 4.32709
      vertex 24 4 4.23205
    endloop
  endfacet
  facet normal 0 0.987694 0.156399
    outer loop
      vertex 25 6.98904 2.70906
      vertex 24 6.9563 2.91582
      vertex 25 6.9563 2.91582
    endloop
  endfacet
  facet normal 0 0.987694 0.156399
    outer loop
      vertex 24 6.9563 2.91582
      vertex 25 6.98904 2.70906
      vertex 24 6.98904 2.70906
    endloop
  endfacet
  facet normal 0 0.998629 0.0523532
    outer loop
      vertex 25 7 2.5
      vertex 24 6.98904 2.70906
      vertex 25 6.98904 2.70906
    endloop
  endfacet
  facet normal 0 0.998629 0.0523532
    outer loop
      vertex 24 6.98904 2.70906
      vertex 25 7 2.5
      vertex 24 7 2.5
    endloop
  endfacet
  facet normal 0 -0.89101 0.453984
    outer loop
      vertex 24 3.17291 3.31347
      vertex 25 3.26795 3.5
      vertex 24 3.26795 3.5
    endloop
  endfacet
  facet normal 0 -0.89101 0.453984
    outer loop
      vertex 25 3.26795 3.5
      vertex 24 3.17291 3.31347
      vertex 25 3.17291 3.31347
    endloop
  endfacet
  facet normal 0 -0.707107 0.707107
    outer loop
      vertex 24 3.51371 3.83826
      vertex 25 3.66174 3.98629
      vertex 24 3.66174 3.98629
    endloop
  endfacet
  facet normal 0 -0.707107 0.707107
    outer loop
      vertex 25 3.66174 3.98629
      vertex 24 3.51371 3.83826
      vertex 25 3.51371 3.83826
    endloop
  endfacet
  facet normal 0 0.777155 0.62931
    outer loop
      vertex 25 6.61803 3.67557
      vertex 24 6.48629 3.83826
      vertex 25 6.48629 3.83826
    endloop
  endfacet
  facet normal 0 0.777155 0.62931
    outer loop
      vertex 24 6.48629 3.83826
      vertex 25 6.61803 3.67557
      vertex 24 6.61803 3.67557
    endloop
  endfacet
  facet normal 0 0.707107 0.707107
    outer loop
      vertex 25 6.48629 3.83826
      vertex 24 6.33826 3.98629
      vertex 25 6.33826 3.98629
    endloop
  endfacet
  facet normal 0 0.707107 0.707107
    outer loop
      vertex 24 6.33826 3.98629
      vertex 25 6.48629 3.83826
      vertex 24 6.48629 3.83826
    endloop
  endfacet
  facet normal 0 -0.838663 0.544651
    outer loop
      vertex 24 3.26795 3.5
      vertex 25 3.38197 3.67557
      vertex 24 3.38197 3.67557
    endloop
  endfacet
  facet normal 0 -0.838663 0.544651
    outer loop
      vertex 25 3.38197 3.67557
      vertex 24 3.26795 3.5
      vertex 25 3.26795 3.5
    endloop
  endfacet
  facet normal 0 -0.933584 0.358358
    outer loop
      vertex 24 3.09789 3.11803
      vertex 25 3.17291 3.31347
      vertex 24 3.17291 3.31347
    endloop
  endfacet
  facet normal 0 -0.933584 0.358358
    outer loop
      vertex 25 3.17291 3.31347
      vertex 24 3.09789 3.11803
      vertex 25 3.09789 3.11803
    endloop
  endfacet
  facet normal 0 -0.777155 0.62931
    outer loop
      vertex 24 3.38197 3.67557
      vertex 25 3.51371 3.83826
      vertex 24 3.51371 3.83826
    endloop
  endfacet
  facet normal 0 -0.777155 0.62931
    outer loop
      vertex 25 3.51371 3.83826
      vertex 24 3.38197 3.67557
      vertex 25 3.38197 3.67557
    endloop
  endfacet
  facet normal -0 0.62931 0.777155
    outer loop
      vertex 24 6.33826 3.98629
      vertex 25 6.17557 4.11803
      vertex 25 6.33826 3.98629
    endloop
  endfacet
  facet normal 0 0.62931 0.777155
    outer loop
      vertex 25 6.17557 4.11803
      vertex 24 6.33826 3.98629
      vertex 24 6.17557 4.11803
    endloop
  endfacet
  facet normal 0 0.933584 0.358358
    outer loop
      vertex 25 6.90211 3.11803
      vertex 24 6.82709 3.31347
      vertex 25 6.82709 3.31347
    endloop
  endfacet
  facet normal 0 0.933584 0.358358
    outer loop
      vertex 24 6.82709 3.31347
      vertex 25 6.90211 3.11803
      vertex 24 6.90211 3.11803
    endloop
  endfacet
  facet normal -0 0.453984 0.89101
    outer loop
      vertex 24 6 4.23205
      vertex 25 5.81347 4.32709
      vertex 25 6 4.23205
    endloop
  endfacet
  facet normal 0 0.453984 0.89101
    outer loop
      vertex 25 5.81347 4.32709
      vertex 24 6 4.23205
      vertex 24 5.81347 4.32709
    endloop
  endfacet
  facet normal 0 -0.987694 0.156399
    outer loop
      vertex 24 3.01096 2.70906
      vertex 25 3.0437 2.91582
      vertex 24 3.0437 2.91582
    endloop
  endfacet
  facet normal 0 -0.987694 0.156399
    outer loop
      vertex 25 3.0437 2.91582
      vertex 24 3.01096 2.70906
      vertex 25 3.01096 2.70906
    endloop
  endfacet
  facet normal 0 -0.777144 -0.629323
    outer loop
      vertex 24 5.88992 3.14656
      vertex 25 5.81746 3.23604
      vertex 24 5.81746 3.23604
    endloop
  endfacet
  facet normal 0 -0.777144 -0.629323
    outer loop
      vertex 25 5.81746 3.23604
      vertex 24 5.88992 3.14656
      vertex 25 5.88992 3.14656
    endloop
  endfacet
  facet normal 0 -0.358356 -0.933585
    outer loop
      vertex 24 5.33992 3.54616
      vertex 25 5.44741 3.5049
      vertex 25 5.33992 3.54616
    endloop
  endfacet
  facet normal -0 -0.358356 -0.933585
    outer loop
      vertex 25 5.44741 3.5049
      vertex 24 5.33992 3.54616
      vertex 24 5.44741 3.5049
    endloop
  endfacet
  facet normal 0 -0.707107 -0.707107
    outer loop
      vertex 24 5.81746 3.23604
      vertex 25 5.73604 3.31746
      vertex 24 5.73604 3.31746
    endloop
  endfacet
  facet normal 0 -0.707107 -0.707107
    outer loop
      vertex 25 5.73604 3.31746
      vertex 24 5.81746 3.23604
      vertex 25 5.81746 3.23604
    endloop
  endfacet
  facet normal 0 -0.0523719 -0.998628
    outer loop
      vertex 24 5 3.6
      vertex 25 5.11498 3.59397
      vertex 25 5 3.6
    endloop
  endfacet
  facet normal -0 -0.0523719 -0.998628
    outer loop
      vertex 25 5.11498 3.59397
      vertex 24 5 3.6
      vertex 24 5.11498 3.59397
    endloop
  endfacet
  facet normal 0 0.544659 -0.838658
    outer loop
      vertex 24 4.35344 3.38992
      vertex 25 4.45 3.45263
      vertex 25 4.35344 3.38992
    endloop
  endfacet
  facet normal 0 0.544659 -0.838658
    outer loop
      vertex 25 4.45 3.45263
      vertex 24 4.35344 3.38992
      vertex 24 4.45 3.45263
    endloop
  endfacet
  facet normal 0 0.998628 -0.0523719
    outer loop
      vertex 25 3.9 2.5
      vertex 24 3.90603 2.61498
      vertex 25 3.90603 2.61498
    endloop
  endfacet
  facet normal 0 0.998628 -0.0523719
    outer loop
      vertex 24 3.90603 2.61498
      vertex 25 3.9 2.5
      vertex 24 3.9 2.5
    endloop
  endfacet
  facet normal 0 0.258808 -0.965929
    outer loop
      vertex 24 4.66008 3.54616
      vertex 25 4.7713 3.57596
      vertex 25 4.66008 3.54616
    endloop
  endfacet
  facet normal 0 0.258808 -0.965929
    outer loop
      vertex 25 4.7713 3.57596
      vertex 24 4.66008 3.54616
      vertex 24 4.7713 3.57596
    endloop
  endfacet
  facet normal 0 -0.629323 -0.777144
    outer loop
      vertex 24 5.64656 3.38992
      vertex 25 5.73604 3.31746
      vertex 25 5.64656 3.38992
    endloop
  endfacet
  facet normal -0 -0.629323 -0.777144
    outer loop
      vertex 25 5.73604 3.31746
      vertex 24 5.64656 3.38992
      vertex 24 5.73604 3.31746
    endloop
  endfacet
  facet normal 0 -0.98769 -0.156422
    outer loop
      vertex 24 6.09397 2.61498
      vertex 25 6.07596 2.7287
      vertex 24 6.07596 2.7287
    endloop
  endfacet
  facet normal 0 -0.98769 -0.156422
    outer loop
      vertex 25 6.07596 2.7287
      vertex 24 6.09397 2.61498
      vertex 25 6.09397 2.61498
    endloop
  endfacet
  facet normal 0 0.629323 -0.777144
    outer loop
      vertex 24 4.26396 3.31746
      vertex 25 4.35344 3.38992
      vertex 25 4.26396 3.31746
    endloop
  endfacet
  facet normal 0 0.629323 -0.777144
    outer loop
      vertex 25 4.35344 3.38992
      vertex 24 4.26396 3.31746
      vertex 24 4.35344 3.38992
    endloop
  endfacet
  facet normal 0 -0.838658 -0.544659
    outer loop
      vertex 24 5.95263 3.05
      vertex 25 5.88992 3.14656
      vertex 24 5.88992 3.14656
    endloop
  endfacet
  facet normal 0 -0.838658 -0.544659
    outer loop
      vertex 25 5.88992 3.14656
      vertex 24 5.95263 3.05
      vertex 25 5.95263 3.05
    endloop
  endfacet
  facet normal 0 0.156422 -0.98769
    outer loop
      vertex 24 4.7713 3.57596
      vertex 25 4.88502 3.59397
      vertex 25 4.7713 3.57596
    endloop
  endfacet
  facet normal 0 0.156422 -0.98769
    outer loop
      vertex 25 4.88502 3.59397
      vertex 24 4.7713 3.57596
      vertex 24 4.88502 3.59397
    endloop
  endfacet
  facet normal 0 -0.933585 -0.358356
    outer loop
      vertex 24 6.04616 2.83992
      vertex 25 6.0049 2.94741
      vertex 24 6.0049 2.94741
    endloop
  endfacet
  facet normal 0 -0.933585 -0.358356
    outer loop
      vertex 25 6.0049 2.94741
      vertex 24 6.04616 2.83992
      vertex 25 6.04616 2.83992
    endloop
  endfacet
  facet normal 0 0.453975 -0.891014
    outer loop
      vertex 24 4.45 3.45263
      vertex 25 4.55259 3.5049
      vertex 25 4.45 3.45263
    endloop
  endfacet
  facet normal 0 0.453975 -0.891014
    outer loop
      vertex 25 4.55259 3.5049
      vertex 24 4.45 3.45263
      vertex 24 4.55259 3.5049
    endloop
  endfacet
  facet normal 0 0.891014 -0.453975
    outer loop
      vertex 25 3.9951 2.94741
      vertex 24 4.04737 3.05
      vertex 25 4.04737 3.05
    endloop
  endfacet
  facet normal 0 0.891014 -0.453975
    outer loop
      vertex 24 4.04737 3.05
      vertex 25 3.9951 2.94741
      vertex 24 3.9951 2.94741
    endloop
  endfacet
  facet normal 0 0.707107 -0.707107
    outer loop
      vertex 25 4.18254 3.23604
      vertex 24 4.26396 3.31746
      vertex 25 4.26396 3.31746
    endloop
  endfacet
  facet normal 0 0.707107 -0.707107
    outer loop
      vertex 24 4.26396 3.31746
      vertex 25 4.18254 3.23604
      vertex 24 4.18254 3.23604
    endloop
  endfacet
  facet normal 0 0.777144 -0.629323
    outer loop
      vertex 25 4.11008 3.14656
      vertex 24 4.18254 3.23604
      vertex 25 4.18254 3.23604
    endloop
  endfacet
  facet normal 0 0.777144 -0.629323
    outer loop
      vertex 24 4.18254 3.23604
      vertex 25 4.11008 3.14656
      vertex 24 4.11008 3.14656
    endloop
  endfacet
  facet normal 0 -0.544659 -0.838658
    outer loop
      vertex 24 5.55 3.45263
      vertex 25 5.64656 3.38992
      vertex 25 5.55 3.45263
    endloop
  endfacet
  facet normal -0 -0.544659 -0.838658
    outer loop
      vertex 25 5.64656 3.38992
      vertex 24 5.55 3.45263
      vertex 24 5.64656 3.38992
    endloop
  endfacet
  facet normal 0 -0.998628 -0.0523719
    outer loop
      vertex 24 6.1 2.5
      vertex 25 6.09397 2.61498
      vertex 24 6.09397 2.61498
    endloop
  endfacet
  facet normal 0 -0.998628 -0.0523719
    outer loop
      vertex 25 6.09397 2.61498
      vertex 24 6.1 2.5
      vertex 25 6.1 2.5
    endloop
  endfacet
  facet normal 0 0.933585 -0.358356
    outer loop
      vertex 25 3.95384 2.83992
      vertex 24 3.9951 2.94741
      vertex 25 3.9951 2.94741
    endloop
  endfacet
  facet normal 0 0.933585 -0.358356
    outer loop
      vertex 24 3.9951 2.94741
      vertex 25 3.95384 2.83992
      vertex 24 3.95384 2.83992
    endloop
  endfacet
  facet normal 0 0.358356 -0.933585
    outer loop
      vertex 24 4.55259 3.5049
      vertex 25 4.66008 3.54616
      vertex 25 4.55259 3.5049
    endloop
  endfacet
  facet normal 0 0.358356 -0.933585
    outer loop
      vertex 25 4.66008 3.54616
      vertex 24 4.55259 3.5049
      vertex 24 4.66008 3.54616
    endloop
  endfacet
  facet normal 0 -0.156422 -0.98769
    outer loop
      vertex 24 5.11498 3.59397
      vertex 25 5.2287 3.57596
      vertex 25 5.11498 3.59397
    endloop
  endfacet
  facet normal -0 -0.156422 -0.98769
    outer loop
      vertex 25 5.2287 3.57596
      vertex 24 5.11498 3.59397
      vertex 24 5.2287 3.57596
    endloop
  endfacet
  facet normal 0 -0.965929 -0.258808
    outer loop
      vertex 24 6.07596 2.7287
      vertex 25 6.04616 2.83992
      vertex 24 6.04616 2.83992
    endloop
  endfacet
  facet normal 0 -0.965929 -0.258808
    outer loop
      vertex 25 6.04616 2.83992
      vertex 24 6.07596 2.7287
      vertex 25 6.07596 2.7287
    endloop
  endfacet
  facet normal 0 -0.258808 -0.965929
    outer loop
      vertex 24 5.2287 3.57596
      vertex 25 5.33992 3.54616
      vertex 25 5.2287 3.57596
    endloop
  endfacet
  facet normal -0 -0.258808 -0.965929
    outer loop
      vertex 25 5.33992 3.54616
      vertex 24 5.2287 3.57596
      vertex 24 5.33992 3.54616
    endloop
  endfacet
  facet normal 0 0.965929 -0.258808
    outer loop
      vertex 25 3.92404 2.7287
      vertex 24 3.95384 2.83992
      vertex 25 3.95384 2.83992
    endloop
  endfacet
  facet normal 0 0.965929 -0.258808
    outer loop
      vertex 24 3.95384 2.83992
      vertex 25 3.92404 2.7287
      vertex 24 3.92404 2.7287
    endloop
  endfacet
  facet normal 0 0.0523719 -0.998628
    outer loop
      vertex 24 4.88502 3.59397
      vertex 25 5 3.6
      vertex 25 4.88502 3.59397
    endloop
  endfacet
  facet normal 0 0.0523719 -0.998628
    outer loop
      vertex 25 5 3.6
      vertex 24 4.88502 3.59397
      vertex 24 5 3.6
    endloop
  endfacet
  facet normal 0 -0.453975 -0.891014
    outer loop
      vertex 24 5.44741 3.5049
      vertex 25 5.55 3.45263
      vertex 25 5.44741 3.5049
    endloop
  endfacet
  facet normal -0 -0.453975 -0.891014
    outer loop
      vertex 25 5.55 3.45263
      vertex 24 5.44741 3.5049
      vertex 24 5.55 3.45263
    endloop
  endfacet
  facet normal 0 0.838658 -0.544659
    outer loop
      vertex 25 4.04737 3.05
      vertex 24 4.11008 3.14656
      vertex 25 4.11008 3.14656
    endloop
  endfacet
  facet normal 0 0.838658 -0.544659
    outer loop
      vertex 24 4.11008 3.14656
      vertex 25 4.04737 3.05
      vertex 24 4.04737 3.05
    endloop
  endfacet
  facet normal 0 0.98769 -0.156422
    outer loop
      vertex 25 3.90603 2.61498
      vertex 24 3.92404 2.7287
      vertex 25 3.92404 2.7287
    endloop
  endfacet
  facet normal 0 0.98769 -0.156422
    outer loop
      vertex 24 3.92404 2.7287
      vertex 25 3.90603 2.61498
      vertex 24 3.90603 2.61498
    endloop
  endfacet
  facet normal 0 -0.891014 -0.453975
    outer loop
      vertex 24 6.0049 2.94741
      vertex 25 5.95263 3.05
      vertex 24 5.95263 3.05
    endloop
  endfacet
  facet normal 0 -0.891014 -0.453975
    outer loop
      vertex 25 5.95263 3.05
      vertex 24 6.0049 2.94741
      vertex 25 6.0049 2.94741
    endloop
  endfacet
  facet normal 0 -0.156443 0.987687
    outer loop
      vertex 24 54.7909 4.48904
      vertex 25 54.5842 4.4563
      vertex 25 54.7909 4.48904
    endloop
  endfacet
  facet normal 0 -0.156443 0.987687
    outer loop
      vertex 25 54.5842 4.4563
      vertex 24 54.7909 4.48904
      vertex 24 54.5842 4.4563
    endloop
  endfacet
  facet normal 0 -0.544585 0.838705
    outer loop
      vertex 24 54 4.23205
      vertex 25 53.8244 4.11803
      vertex 25 54 4.23205
    endloop
  endfacet
  facet normal 0 -0.544585 0.838705
    outer loop
      vertex 25 53.8244 4.11803
      vertex 24 54 4.23205
      vertex 24 53.8244 4.11803
    endloop
  endfacet
  facet normal 1 0 0
    outer loop
      vertex 25 56.094 2.61498
      vertex 25 56.989 2.70906
      vertex 25 56.9563 2.91582
    endloop
  endfacet
  facet normal 1 0 0
    outer loop
      vertex 25 56.076 2.7287
      vertex 25 56.9563 2.91582
      vertex 25 56.9021 3.11803
    endloop
  endfacet
  facet normal 1 0 0
    outer loop
      vertex 25 56.0462 2.83992
      vertex 25 56.9021 3.11803
      vertex 25 56.8271 3.31347
    endloop
  endfacet
  facet normal 1 0 0
    outer loop
      vertex 25 56.0049 2.94741
      vertex 25 56.8271 3.31347
      vertex 25 56.732 3.5
    endloop
  endfacet
  facet normal 1 0 0
    outer loop
      vertex 25 55.9526 3.05
      vertex 25 56.732 3.5
      vertex 25 56.618 3.67557
    endloop
  endfacet
  facet normal 1 0 0
    outer loop
      vertex 25 55.8899 3.14656
      vertex 25 56.618 3.67557
      vertex 25 56.4863 3.83826
    endloop
  endfacet
  facet normal 1 0 0
    outer loop
      vertex 25 55.8175 3.23604
      vertex 25 56.4863 3.83826
      vertex 25 56.3383 3.98629
    endloop
  endfacet
  facet normal 1 0 0
    outer loop
      vertex 25 55.736 3.31746
      vertex 25 56.3383 3.98629
      vertex 25 56.1756 4.11803
    endloop
  endfacet
  facet normal 1 0 0
    outer loop
      vertex 25 56.8271 3.31347
      vertex 25 56.0049 2.94741
      vertex 25 56.0462 2.83992
    endloop
  endfacet
  facet normal 1 0 0
    outer loop
      vertex 25 57 2.5
      vertex 25 56.094 2.61498
      vertex 25 56.1 2.5
    endloop
  endfacet
  facet normal 1 0 0
    outer loop
      vertex 25 56.989 2.70906
      vertex 25 56.094 2.61498
      vertex 25 57 2.5
    endloop
  endfacet
  facet normal 1 0 -0
    outer loop
      vertex 25 56.094 2.61498
      vertex 25 56.9563 2.91582
      vertex 25 56.076 2.7287
    endloop
  endfacet
  facet normal 1 0 0
    outer loop
      vertex 25 56.9021 3.11803
      vertex 25 56.0462 2.83992
      vertex 25 56.076 2.7287
    endloop
  endfacet
  facet normal 1 0 0
    outer loop
      vertex 25 55.6466 3.38992
      vertex 25 56.1756 4.11803
      vertex 25 56 4.23205
    endloop
  endfacet
  facet normal 1 0 0
    outer loop
      vertex 25 56.732 3.5
      vertex 25 55.9526 3.05
      vertex 25 56.0049 2.94741
    endloop
  endfacet
  facet normal 1 0 0
    outer loop
      vertex 25 56.618 3.67557
      vertex 25 55.8899 3.14656
      vertex 25 55.9526 3.05
    endloop
  endfacet
  facet normal 1 0 0
    outer loop
      vertex 25 56.4863 3.83826
      vertex 25 55.8175 3.23604
      vertex 25 55.8899 3.14656
    endloop
  endfacet
  facet normal 1 0 0
    outer loop
      vertex 25 55.55 3.45263
      vertex 25 56 4.23205
      vertex 25 55.8135 4.32709
    endloop
  endfacet
  facet normal 1 0 0
    outer loop
      vertex 25 56.3383 3.98629
      vertex 25 55.736 3.31746
      vertex 25 55.8175 3.23604
    endloop
  endfacet
  facet normal 1 0 0
    outer loop
      vertex 25 56.1756 4.11803
      vertex 25 55.6466 3.38992
      vertex 25 55.736 3.31746
    endloop
  endfacet
  facet normal 1 0 0
    outer loop
      vertex 25 55.4474 3.5049
      vertex 25 55.8135 4.32709
      vertex 25 55.618 4.40211
    endloop
  endfacet
  facet normal 1 0 0
    outer loop
      vertex 25 56 4.23205
      vertex 25 55.55 3.45263
      vertex 25 55.6466 3.38992
    endloop
  endfacet
  facet normal 1 0 0
    outer loop
      vertex 25 55.8135 4.32709
      vertex 25 55.4474 3.5049
      vertex 25 55.55 3.45263
    endloop
  endfacet
  facet normal 1 0 0
    outer loop
      vertex 25 55.3399 3.54616
      vertex 25 55.618 4.40211
      vertex 25 55.4158 4.4563
    endloop
  endfacet
  facet normal 1 0 0
    outer loop
      vertex 25 55.618 4.40211
      vertex 25 55.3399 3.54616
      vertex 25 55.4474 3.5049
    endloop
  endfacet
  facet normal 1 0 0
    outer loop
      vertex 25 55.4158 4.4563
      vertex 25 55.2287 3.57596
      vertex 25 55.3399 3.54616
    endloop
  endfacet
  facet normal 1 0 0
    outer loop
      vertex 25 55.2091 4.48904
      vertex 25 55.2287 3.57596
      vertex 25 55.4158 4.4563
    endloop
  endfacet
  facet normal 1 0 0
    outer loop
      vertex 25 55.2091 4.48904
      vertex 25 55.115 3.59397
      vertex 25 55.2287 3.57596
    endloop
  endfacet
  facet normal 1 0 0
    outer loop
      vertex 25 55 4.5
      vertex 25 55.115 3.59397
      vertex 25 55.2091 4.48904
    endloop
  endfacet
  facet normal 1 0 0
    outer loop
      vertex 25 55 4.5
      vertex 25 55 3.6
      vertex 25 55.115 3.59397
    endloop
  endfacet
  facet normal 1 0 0
    outer loop
      vertex 25 55 4.5
      vertex 25 54.885 3.59397
      vertex 25 55 3.6
    endloop
  endfacet
  facet normal 1 -0 0
    outer loop
      vertex 25 54.7909 4.48904
      vertex 25 54.885 3.59397
      vertex 25 55 4.5
    endloop
  endfacet
  facet normal 1 0 0
    outer loop
      vertex 25 54.7909 4.48904
      vertex 25 54.7713 3.57596
      vertex 25 54.885 3.59397
    endloop
  endfacet
  facet normal 1 -0 0
    outer loop
      vertex 25 54.5842 4.4563
      vertex 25 54.7713 3.57596
      vertex 25 54.7909 4.48904
    endloop
  endfacet
  facet normal 1 0 0
    outer loop
      vertex 25 54.7713 3.57596
      vertex 25 54.5842 4.4563
      vertex 25 54.6601 3.54616
    endloop
  endfacet
  facet normal 1 -0 0
    outer loop
      vertex 25 54.382 4.40211
      vertex 25 54.6601 3.54616
      vertex 25 54.5842 4.4563
    endloop
  endfacet
  facet normal 1 0 0
    outer loop
      vertex 25 54.6601 3.54616
      vertex 25 54.382 4.40211
      vertex 25 54.5526 3.5049
    endloop
  endfacet
  facet normal 1 -0 0
    outer loop
      vertex 25 54.1865 4.32709
      vertex 25 54.5526 3.5049
      vertex 25 54.382 4.40211
    endloop
  endfacet
  facet normal 1 0 0
    outer loop
      vertex 25 54.5526 3.5049
      vertex 25 54.1865 4.32709
      vertex 25 54.45 3.45263
    endloop
  endfacet
  facet normal 1 -0 0
    outer loop
      vertex 25 54 4.23205
      vertex 25 54.45 3.45263
      vertex 25 54.1865 4.32709
    endloop
  endfacet
  facet normal 1 0 0
    outer loop
      vertex 25 54.45 3.45263
      vertex 25 54 4.23205
      vertex 25 54.3534 3.38992
    endloop
  endfacet
  facet normal 1 -0 0
    outer loop
      vertex 25 53.8244 4.11803
      vertex 25 54.3534 3.38992
      vertex 25 54 4.23205
    endloop
  endfacet
  facet normal 1 0 0
    outer loop
      vertex 25 54.3534 3.38992
      vertex 25 53.8244 4.11803
      vertex 25 54.264 3.31746
    endloop
  endfacet
  facet normal 1 -0 0
    outer loop
      vertex 25 53.6617 3.98629
      vertex 25 54.264 3.31746
      vertex 25 53.8244 4.11803
    endloop
  endfacet
  facet normal 1 0 0
    outer loop
      vertex 25 54.264 3.31746
      vertex 25 53.6617 3.98629
      vertex 25 54.1825 3.23604
    endloop
  endfacet
  facet normal 1 -0 0
    outer loop
      vertex 25 53.5137 3.83826
      vertex 25 54.1825 3.23604
      vertex 25 53.6617 3.98629
    endloop
  endfacet
  facet normal 1 0 0
    outer loop
      vertex 25 54.1825 3.23604
      vertex 25 53.5137 3.83826
      vertex 25 54.1101 3.14656
    endloop
  endfacet
  facet normal 1 -0 0
    outer loop
      vertex 25 53.382 3.67557
      vertex 25 54.1101 3.14656
      vertex 25 53.5137 3.83826
    endloop
  endfacet
  facet normal 1 0 0
    outer loop
      vertex 25 54.1101 3.14656
      vertex 25 53.382 3.67557
      vertex 25 54.0474 3.05
    endloop
  endfacet
  facet normal 1 -0 0
    outer loop
      vertex 25 53.268 3.5
      vertex 25 54.0474 3.05
      vertex 25 53.382 3.67557
    endloop
  endfacet
  facet normal 1 0 0
    outer loop
      vertex 25 54.0474 3.05
      vertex 25 53.268 3.5
      vertex 25 53.9951 2.94741
    endloop
  endfacet
  facet normal 1 -0 0
    outer loop
      vertex 25 53.1729 3.31347
      vertex 25 53.9951 2.94741
      vertex 25 53.268 3.5
    endloop
  endfacet
  facet normal 1 0 0
    outer loop
      vertex 25 53.9951 2.94741
      vertex 25 53.1729 3.31347
      vertex 25 53.9538 2.83992
    endloop
  endfacet
  facet normal 1 -0 0
    outer loop
      vertex 25 53.0979 3.11803
      vertex 25 53.9538 2.83992
      vertex 25 53.1729 3.31347
    endloop
  endfacet
  facet normal 1 0 0
    outer loop
      vertex 25 53.9538 2.83992
      vertex 25 53.0979 3.11803
      vertex 25 53.924 2.7287
    endloop
  endfacet
  facet normal 1 -0 0
    outer loop
      vertex 25 53.0437 2.91582
      vertex 25 53.924 2.7287
      vertex 25 53.0979 3.11803
    endloop
  endfacet
  facet normal 1 0 0
    outer loop
      vertex 25 53.924 2.7287
      vertex 25 53.0437 2.91582
      vertex 25 53.906 2.61498
    endloop
  endfacet
  facet normal 1 -0 0
    outer loop
      vertex 25 53.011 2.70906
      vertex 25 53.906 2.61498
      vertex 25 53.0437 2.91582
    endloop
  endfacet
  facet normal 1 0 0
    outer loop
      vertex 25 53.906 2.61498
      vertex 25 53.011 2.70906
      vertex 25 53.9 2.5
    endloop
  endfacet
  facet normal 1 0 0
    outer loop
      vertex 25 53.9 2.5
      vertex 25 53.011 2.70906
      vertex 25 53 2.5
    endloop
  endfacet
  facet normal 0 -0.629286 0.777174
    outer loop
      vertex 24 53.8244 4.11803
      vertex 25 53.6617 3.98629
      vertex 25 53.8244 4.11803
    endloop
  endfacet
  facet normal 0 -0.629286 0.777174
    outer loop
      vertex 25 53.6617 3.98629
      vertex 24 53.8244 4.11803
      vertex 24 53.6617 3.98629
    endloop
  endfacet
  facet normal 0 -0.0523433 0.998629
    outer loop
      vertex 24 55 4.5
      vertex 25 54.7909 4.48904
      vertex 25 55 4.5
    endloop
  endfacet
  facet normal 0 -0.0523433 0.998629
    outer loop
      vertex 25 54.7909 4.48904
      vertex 24 55 4.5
      vertex 24 54.7909 4.48904
    endloop
  endfacet
  facet normal 0 0.890894 0.454211
    outer loop
      vertex 25 56.8271 3.31347
      vertex 24 56.732 3.5
      vertex 25 56.732 3.5
    endloop
  endfacet
  facet normal 0 0.890894 0.454211
    outer loop
      vertex 24 56.732 3.5
      vertex 25 56.8271 3.31347
      vertex 24 56.8271 3.31347
    endloop
  endfacet
  facet normal 0 -0.998619 0.0525438
    outer loop
      vertex 24 53 2.5
      vertex 25 53.011 2.70906
      vertex 24 53.011 2.70906
    endloop
  endfacet
  facet normal 0 -0.998619 0.0525438
    outer loop
      vertex 25 53.011 2.70906
      vertex 24 53 2.5
      vertex 25 53 2.5
    endloop
  endfacet
  facet normal 0 -0.965904 0.258899
    outer loop
      vertex 24 53.0437 2.91582
      vertex 25 53.0979 3.11803
      vertex 24 53.0979 3.11803
    endloop
  endfacet
  facet normal 0 -0.965904 0.258899
    outer loop
      vertex 25 53.0979 3.11803
      vertex 24 53.0437 2.91582
      vertex 25 53.0437 2.91582
    endloop
  endfacet
  facet normal 0 -0.258867 0.965913
    outer loop
      vertex 24 54.5842 4.4563
      vertex 25 54.382 4.40211
      vertex 25 54.5842 4.4563
    endloop
  endfacet
  facet normal 0 -0.258867 0.965913
    outer loop
      vertex 25 54.382 4.40211
      vertex 24 54.5842 4.4563
      vertex 24 54.382 4.40211
    endloop
  endfacet
  facet normal 0 0.965904 0.258899
    outer loop
      vertex 25 56.9563 2.91582
      vertex 24 56.9021 3.11803
      vertex 25 56.9021 3.11803
    endloop
  endfacet
  facet normal 0 0.965904 0.258899
    outer loop
      vertex 24 56.9021 3.11803
      vertex 25 56.9563 2.91582
      vertex 24 56.9563 2.91582
    endloop
  endfacet
  facet normal 0 -0.358262 0.933621
    outer loop
      vertex 24 54.382 4.40211
      vertex 25 54.1865 4.32709
      vertex 25 54.382 4.40211
    endloop
  endfacet
  facet normal 0 -0.358262 0.933621
    outer loop
      vertex 25 54.1865 4.32709
      vertex 24 54.382 4.40211
      vertex 24 54.1865 4.32709
    endloop
  endfacet
  facet normal 0 0.838707 0.544584
    outer loop
      vertex 25 56.732 3.5
      vertex 24 56.618 3.67557
      vertex 25 56.618 3.67557
    endloop
  endfacet
  facet normal 0 0.838707 0.544584
    outer loop
      vertex 24 56.618 3.67557
      vertex 25 56.732 3.5
      vertex 24 56.732 3.5
    endloop
  endfacet
  facet normal -0 0.156443 0.987687
    outer loop
      vertex 24 55.4158 4.4563
      vertex 25 55.2091 4.48904
      vertex 25 55.4158 4.4563
    endloop
  endfacet
  facet normal 0 0.156443 0.987687
    outer loop
      vertex 25 55.2091 4.48904
      vertex 24 55.4158 4.4563
      vertex 24 55.2091 4.48904
    endloop
  endfacet
  facet normal -0 0.0523433 0.998629
    outer loop
      vertex 24 55.2091 4.48904
      vertex 25 55 4.5
      vertex 25 55.2091 4.48904
    endloop
  endfacet
  facet normal 0 0.0523433 0.998629
    outer loop
      vertex 25 55 4.5
      vertex 24 55.2091 4.48904
      vertex 24 55 4.5
    endloop
  endfacet
  facet normal -0 0.358262 0.933621
    outer loop
      vertex 24 55.8135 4.32709
      vertex 25 55.618 4.40211
      vertex 25 55.8135 4.32709
    endloop
  endfacet
  facet normal 0 0.358262 0.933621
    outer loop
      vertex 25 55.618 4.40211
      vertex 24 55.8135 4.32709
      vertex 24 55.618 4.40211
    endloop
  endfacet
  facet normal -0 0.544585 0.838705
    outer loop
      vertex 24 56.1756 4.11803
      vertex 25 56 4.23205
      vertex 25 56.1756 4.11803
    endloop
  endfacet
  facet normal 0 0.544585 0.838705
    outer loop
      vertex 25 56 4.23205
      vertex 24 56.1756 4.11803
      vertex 24 56 4.23205
    endloop
  endfacet
  facet normal -0 0.258867 0.965913
    outer loop
      vertex 24 55.618 4.40211
      vertex 25 55.4158 4.4563
      vertex 25 55.618 4.40211
    endloop
  endfacet
  facet normal 0 0.258867 0.965913
    outer loop
      vertex 25 55.4158 4.4563
      vertex 24 55.618 4.40211
      vertex 24 55.4158 4.4563
    endloop
  endfacet
  facet normal 0 -0.454042 0.89098
    outer loop
      vertex 24 54.1865 4.32709
      vertex 25 54 4.23205
      vertex 25 54.1865 4.32709
    endloop
  endfacet
  facet normal 0 -0.454042 0.89098
    outer loop
      vertex 25 54 4.23205
      vertex 24 54.1865 4.32709
      vertex 24 54 4.23205
    endloop
  endfacet
  facet normal 0 0.987723 0.156213
    outer loop
      vertex 25 56.989 2.70906
      vertex 24 56.9563 2.91582
      vertex 25 56.9563 2.91582
    endloop
  endfacet
  facet normal 0 0.987723 0.156213
    outer loop
      vertex 24 56.9563 2.91582
      vertex 25 56.989 2.70906
      vertex 24 56.989 2.70906
    endloop
  endfacet
  facet normal 0 0.998619 0.0525438
    outer loop
      vertex 25 57 2.5
      vertex 24 56.989 2.70906
      vertex 25 56.989 2.70906
    endloop
  endfacet
  facet normal 0 0.998619 0.0525438
    outer loop
      vertex 24 56.989 2.70906
      vertex 25 57 2.5
      vertex 24 57 2.5
    endloop
  endfacet
  facet normal 0 -0.890894 0.454211
    outer loop
      vertex 24 53.1729 3.31347
      vertex 25 53.268 3.5
      vertex 24 53.268 3.5
    endloop
  endfacet
  facet normal 0 -0.890894 0.454211
    outer loop
      vertex 25 53.268 3.5
      vertex 24 53.1729 3.31347
      vertex 25 53.1729 3.31347
    endloop
  endfacet
  facet normal 0 -0.707178 0.707035
    outer loop
      vertex 24 53.6617 3.98629
      vertex 25 53.5137 3.83826
      vertex 25 53.6617 3.98629
    endloop
  endfacet
  facet normal 0 -0.707178 0.707035
    outer loop
      vertex 25 53.5137 3.83826
      vertex 24 53.6617 3.98629
      vertex 24 53.5137 3.83826
    endloop
  endfacet
  facet normal 0 0.777248 0.629194
    outer loop
      vertex 25 56.618 3.67557
      vertex 24 56.4863 3.83826
      vertex 25 56.4863 3.83826
    endloop
  endfacet
  facet normal 0 0.777248 0.629194
    outer loop
      vertex 24 56.4863 3.83826
      vertex 25 56.618 3.67557
      vertex 24 56.618 3.67557
    endloop
  endfacet
  facet normal -0 0.707178 0.707035
    outer loop
      vertex 24 56.4863 3.83826
      vertex 25 56.3383 3.98629
      vertex 25 56.4863 3.83826
    endloop
  endfacet
  facet normal 0 0.707178 0.707035
    outer loop
      vertex 25 56.3383 3.98629
      vertex 24 56.4863 3.83826
      vertex 24 56.3383 3.98629
    endloop
  endfacet
  facet normal 0 -0.838707 0.544584
    outer loop
      vertex 24 53.268 3.5
      vertex 25 53.382 3.67557
      vertex 24 53.382 3.67557
    endloop
  endfacet
  facet normal 0 -0.838707 0.544584
    outer loop
      vertex 25 53.382 3.67557
      vertex 24 53.268 3.5
      vertex 25 53.268 3.5
    endloop
  endfacet
  facet normal 0 -0.933616 0.358275
    outer loop
      vertex 24 53.0979 3.11803
      vertex 25 53.1729 3.31347
      vertex 24 53.1729 3.31347
    endloop
  endfacet
  facet normal 0 -0.933616 0.358275
    outer loop
      vertex 25 53.1729 3.31347
      vertex 24 53.0979 3.11803
      vertex 25 53.0979 3.11803
    endloop
  endfacet
  facet normal 0 -0.777248 0.629194
    outer loop
      vertex 24 53.382 3.67557
      vertex 25 53.5137 3.83826
      vertex 24 53.5137 3.83826
    endloop
  endfacet
  facet normal 0 -0.777248 0.629194
    outer loop
      vertex 25 53.5137 3.83826
      vertex 24 53.382 3.67557
      vertex 25 53.382 3.67557
    endloop
  endfacet
  facet normal -0 0.629286 0.777174
    outer loop
      vertex 24 56.3383 3.98629
      vertex 25 56.1756 4.11803
      vertex 25 56.3383 3.98629
    endloop
  endfacet
  facet normal 0 0.629286 0.777174
    outer loop
      vertex 25 56.1756 4.11803
      vertex 24 56.3383 3.98629
      vertex 24 56.1756 4.11803
    endloop
  endfacet
  facet normal 0 0.933616 0.358275
    outer loop
      vertex 25 56.9021 3.11803
      vertex 24 56.8271 3.31347
      vertex 25 56.8271 3.31347
    endloop
  endfacet
  facet normal 0 0.933616 0.358275
    outer loop
      vertex 24 56.8271 3.31347
      vertex 25 56.9021 3.11803
      vertex 24 56.9021 3.11803
    endloop
  endfacet
  facet normal -0 0.454042 0.89098
    outer loop
      vertex 24 56 4.23205
      vertex 25 55.8135 4.32709
      vertex 25 56 4.23205
    endloop
  endfacet
  facet normal 0 0.454042 0.89098
    outer loop
      vertex 25 55.8135 4.32709
      vertex 24 56 4.23205
      vertex 24 55.8135 4.32709
    endloop
  endfacet
  facet normal 0 -0.987723 0.156213
    outer loop
      vertex 24 53.011 2.70906
      vertex 25 53.0437 2.91582
      vertex 24 53.0437 2.91582
    endloop
  endfacet
  facet normal 0 -0.987723 0.156213
    outer loop
      vertex 25 53.0437 2.91582
      vertex 24 53.011 2.70906
      vertex 25 53.011 2.70906
    endloop
  endfacet
  facet normal 0 -0.777399 -0.629008
    outer loop
      vertex 24 55.8899 3.14656
      vertex 25 55.8175 3.23604
      vertex 24 55.8175 3.23604
    endloop
  endfacet
  facet normal 0 -0.777399 -0.629008
    outer loop
      vertex 25 55.8175 3.23604
      vertex 24 55.8899 3.14656
      vertex 25 55.8899 3.14656
    endloop
  endfacet
  facet normal 0 -0.358327 -0.933596
    outer loop
      vertex 24 55.3399 3.54616
      vertex 25 55.4474 3.5049
      vertex 25 55.3399 3.54616
    endloop
  endfacet
  facet normal -0 -0.358327 -0.933596
    outer loop
      vertex 25 55.4474 3.5049
      vertex 24 55.3399 3.54616
      vertex 24 55.4474 3.5049
    endloop
  endfacet
  facet normal 0 -0.706759 -0.707454
    outer loop
      vertex 24 55.736 3.31746
      vertex 25 55.8175 3.23604
      vertex 25 55.736 3.31746
    endloop
  endfacet
  facet normal -0 -0.706759 -0.707454
    outer loop
      vertex 25 55.8175 3.23604
      vertex 24 55.736 3.31746
      vertex 24 55.8175 3.23604
    endloop
  endfacet
  facet normal 0 -0.0523628 -0.998628
    outer loop
      vertex 24 55 3.6
      vertex 25 55.115 3.59397
      vertex 25 55 3.6
    endloop
  endfacet
  facet normal -0 -0.0523628 -0.998628
    outer loop
      vertex 25 55.115 3.59397
      vertex 24 55 3.6
      vertex 24 55.115 3.59397
    endloop
  endfacet
  facet normal 0 0.5445 -0.838761
    outer loop
      vertex 24 54.3534 3.38992
      vertex 25 54.45 3.45263
      vertex 25 54.3534 3.38992
    endloop
  endfacet
  facet normal 0 0.5445 -0.838761
    outer loop
      vertex 25 54.45 3.45263
      vertex 24 54.3534 3.38992
      vertex 24 54.45 3.45263
    endloop
  endfacet
  facet normal 0 0.998641 -0.0521121
    outer loop
      vertex 25 53.9 2.5
      vertex 24 53.906 2.61498
      vertex 25 53.906 2.61498
    endloop
  endfacet
  facet normal 0 0.998641 -0.0521121
    outer loop
      vertex 24 53.906 2.61498
      vertex 25 53.9 2.5
      vertex 24 53.9 2.5
    endloop
  endfacet
  facet normal 0 0.258852 -0.965917
    outer loop
      vertex 24 54.6601 3.54616
      vertex 25 54.7713 3.57596
      vertex 25 54.6601 3.54616
    endloop
  endfacet
  facet normal 0 0.258852 -0.965917
    outer loop
      vertex 25 54.7713 3.57596
      vertex 24 54.6601 3.54616
      vertex 24 54.7713 3.57596
    endloop
  endfacet
  facet normal 0 -0.629663 -0.776868
    outer loop
      vertex 24 55.6466 3.38992
      vertex 25 55.736 3.31746
      vertex 25 55.6466 3.38992
    endloop
  endfacet
  facet normal -0 -0.629663 -0.776868
    outer loop
      vertex 25 55.736 3.31746
      vertex 24 55.6466 3.38992
      vertex 24 55.736 3.31746
    endloop
  endfacet
  facet normal 0 -0.987704 -0.156337
    outer loop
      vertex 24 56.094 2.61498
      vertex 25 56.076 2.7287
      vertex 24 56.076 2.7287
    endloop
  endfacet
  facet normal 0 -0.987704 -0.156337
    outer loop
      vertex 25 56.076 2.7287
      vertex 24 56.094 2.61498
      vertex 25 56.094 2.61498
    endloop
  endfacet
  facet normal 0 0.629663 -0.776868
    outer loop
      vertex 24 54.264 3.31746
      vertex 25 54.3534 3.38992
      vertex 25 54.264 3.31746
    endloop
  endfacet
  facet normal 0 0.629663 -0.776868
    outer loop
      vertex 25 54.3534 3.38992
      vertex 24 54.264 3.31746
      vertex 24 54.3534 3.38992
    endloop
  endfacet
  facet normal 0 -0.838698 -0.544598
    outer loop
      vertex 24 55.9526 3.05
      vertex 25 55.8899 3.14656
      vertex 24 55.8899 3.14656
    endloop
  endfacet
  facet normal 0 -0.838698 -0.544598
    outer loop
      vertex 25 55.8899 3.14656
      vertex 24 55.9526 3.05
      vertex 25 55.9526 3.05
    endloop
  endfacet
  facet normal 0 0.156449 -0.987686
    outer loop
      vertex 24 54.7713 3.57596
      vertex 25 54.885 3.59397
      vertex 25 54.7713 3.57596
    endloop
  endfacet
  facet normal 0 0.156449 -0.987686
    outer loop
      vertex 25 54.885 3.59397
      vertex 24 54.7713 3.57596
      vertex 24 54.885 3.59397
    endloop
  endfacet
  facet normal 0 -0.933469 -0.358659
    outer loop
      vertex 24 56.0462 2.83992
      vertex 25 56.0049 2.94741
      vertex 24 56.0049 2.94741
    endloop
  endfacet
  facet normal 0 -0.933469 -0.358659
    outer loop
      vertex 25 56.0049 2.94741
      vertex 24 56.0462 2.83992
      vertex 25 56.0462 2.83992
    endloop
  endfacet
  facet normal 0 0.45394 -0.891032
    outer loop
      vertex 24 54.45 3.45263
      vertex 25 54.5526 3.5049
      vertex 25 54.45 3.45263
    endloop
  endfacet
  facet normal 0 0.45394 -0.891032
    outer loop
      vertex 25 54.5526 3.5049
      vertex 24 54.45 3.45263
      vertex 24 54.5526 3.5049
    endloop
  endfacet
  facet normal 0 0.890909 -0.454182
    outer loop
      vertex 25 53.9951 2.94741
      vertex 24 54.0474 3.05
      vertex 25 54.0474 3.05
    endloop
  endfacet
  facet normal 0 0.890909 -0.454182
    outer loop
      vertex 24 54.0474 3.05
      vertex 25 53.9951 2.94741
      vertex 24 53.9951 2.94741
    endloop
  endfacet
  facet normal 0 0.706759 -0.707454
    outer loop
      vertex 24 54.1825 3.23604
      vertex 25 54.264 3.31746
      vertex 25 54.1825 3.23604
    endloop
  endfacet
  facet normal 0 0.706759 -0.707454
    outer loop
      vertex 25 54.264 3.31746
      vertex 24 54.1825 3.23604
      vertex 24 54.264 3.31746
    endloop
  endfacet
  facet normal 0 0.777399 -0.629008
    outer loop
      vertex 25 54.1101 3.14656
      vertex 24 54.1825 3.23604
      vertex 25 54.1825 3.23604
    endloop
  endfacet
  facet normal 0 0.777399 -0.629008
    outer loop
      vertex 24 54.1825 3.23604
      vertex 25 54.1101 3.14656
      vertex 24 54.1101 3.14656
    endloop
  endfacet
  facet normal 0 -0.5445 -0.838761
    outer loop
      vertex 24 55.55 3.45263
      vertex 25 55.6466 3.38992
      vertex 25 55.55 3.45263
    endloop
  endfacet
  facet normal -0 -0.5445 -0.838761
    outer loop
      vertex 25 55.6466 3.38992
      vertex 24 55.55 3.45263
      vertex 24 55.6466 3.38992
    endloop
  endfacet
  facet normal 0 -0.998641 -0.0521121
    outer loop
      vertex 24 56.1 2.5
      vertex 25 56.094 2.61498
      vertex 24 56.094 2.61498
    endloop
  endfacet
  facet normal 0 -0.998641 -0.0521121
    outer loop
      vertex 25 56.094 2.61498
      vertex 24 56.1 2.5
      vertex 25 56.1 2.5
    endloop
  endfacet
  facet normal 0 0.933469 -0.358659
    outer loop
      vertex 25 53.9538 2.83992
      vertex 24 53.9951 2.94741
      vertex 25 53.9951 2.94741
    endloop
  endfacet
  facet normal 0 0.933469 -0.358659
    outer loop
      vertex 24 53.9951 2.94741
      vertex 25 53.9538 2.83992
      vertex 24 53.9538 2.83992
    endloop
  endfacet
  facet normal 0 0.358327 -0.933596
    outer loop
      vertex 24 54.5526 3.5049
      vertex 25 54.6601 3.54616
      vertex 25 54.5526 3.5049
    endloop
  endfacet
  facet normal 0 0.358327 -0.933596
    outer loop
      vertex 25 54.6601 3.54616
      vertex 24 54.5526 3.5049
      vertex 24 54.6601 3.54616
    endloop
  endfacet
  facet normal 0 -0.156449 -0.987686
    outer loop
      vertex 24 55.115 3.59397
      vertex 25 55.2287 3.57596
      vertex 25 55.115 3.59397
    endloop
  endfacet
  facet normal -0 -0.156449 -0.987686
    outer loop
      vertex 25 55.2287 3.57596
      vertex 24 55.115 3.59397
      vertex 24 55.2287 3.57596
    endloop
  endfacet
  facet normal 0 -0.965929 -0.258808
    outer loop
      vertex 24 56.076 2.7287
      vertex 25 56.0462 2.83992
      vertex 24 56.0462 2.83992
    endloop
  endfacet
  facet normal 0 -0.965929 -0.258808
    outer loop
      vertex 25 56.0462 2.83992
      vertex 24 56.076 2.7287
      vertex 25 56.076 2.7287
    endloop
  endfacet
  facet normal 0 -0.258852 -0.965917
    outer loop
      vertex 24 55.2287 3.57596
      vertex 25 55.3399 3.54616
      vertex 25 55.2287 3.57596
    endloop
  endfacet
  facet normal -0 -0.258852 -0.965917
    outer loop
      vertex 25 55.3399 3.54616
      vertex 24 55.2287 3.57596
      vertex 24 55.3399 3.54616
    endloop
  endfacet
  facet normal 0 0.965929 -0.258808
    outer loop
      vertex 25 53.924 2.7287
      vertex 24 53.9538 2.83992
      vertex 25 53.9538 2.83992
    endloop
  endfacet
  facet normal 0 0.965929 -0.258808
    outer loop
      vertex 24 53.9538 2.83992
      vertex 25 53.924 2.7287
      vertex 24 53.924 2.7287
    endloop
  endfacet
  facet normal 0 0.0523628 -0.998628
    outer loop
      vertex 24 54.885 3.59397
      vertex 25 55 3.6
      vertex 25 54.885 3.59397
    endloop
  endfacet
  facet normal 0 0.0523628 -0.998628
    outer loop
      vertex 25 55 3.6
      vertex 24 54.885 3.59397
      vertex 24 55 3.6
    endloop
  endfacet
  facet normal 0 -0.45394 -0.891032
    outer loop
      vertex 24 55.4474 3.5049
      vertex 25 55.55 3.45263
      vertex 25 55.4474 3.5049
    endloop
  endfacet
  facet normal -0 -0.45394 -0.891032
    outer loop
      vertex 25 55.55 3.45263
      vertex 24 55.4474 3.5049
      vertex 24 55.55 3.45263
    endloop
  endfacet
  facet normal 0 0.838698 -0.544598
    outer loop
      vertex 25 54.0474 3.05
      vertex 24 54.1101 3.14656
      vertex 25 54.1101 3.14656
    endloop
  endfacet
  facet normal 0 0.838698 -0.544598
    outer loop
      vertex 24 54.1101 3.14656
      vertex 25 54.0474 3.05
      vertex 24 54.0474 3.05
    endloop
  endfacet
  facet normal 0 0.987704 -0.156337
    outer loop
      vertex 25 53.906 2.61498
      vertex 24 53.924 2.7287
      vertex 25 53.924 2.7287
    endloop
  endfacet
  facet normal 0 0.987704 -0.156337
    outer loop
      vertex 24 53.924 2.7287
      vertex 25 53.906 2.61498
      vertex 24 53.906 2.61498
    endloop
  endfacet
  facet normal 0 -0.890909 -0.454182
    outer loop
      vertex 24 56.0049 2.94741
      vertex 25 55.9526 3.05
      vertex 24 55.9526 3.05
    endloop
  endfacet
  facet normal 0 -0.890909 -0.454182
    outer loop
      vertex 25 55.9526 3.05
      vertex 24 56.0049 2.94741
      vertex 25 56.0049 2.94741
    endloop
  endfacet
  facet normal 0 -0.156213 -0.987723
    outer loop
      vertex 24 4.58418 23.5437
      vertex 25 4.79094 23.511
      vertex 25 4.58418 23.5437
    endloop
  endfacet
  facet normal -0 -0.156213 -0.987723
    outer loop
      vertex 25 4.79094 23.511
      vertex 24 4.58418 23.5437
      vertex 24 4.79094 23.511
    endloop
  endfacet
  facet normal 0 0.156213 -0.987723
    outer loop
      vertex 24 5.20906 23.511
      vertex 25 5.41582 23.5437
      vertex 25 5.20906 23.511
    endloop
  endfacet
  facet normal 0 0.156213 -0.987723
    outer loop
      vertex 25 5.41582 23.5437
      vertex 24 5.20906 23.511
      vertex 24 5.41582 23.5437
    endloop
  endfacet
  facet normal 0 0.0525438 -0.998619
    outer loop
      vertex 24 5 23.5
      vertex 25 5.20906 23.511
      vertex 25 5 23.5
    endloop
  endfacet
  facet normal 0 0.0525438 -0.998619
    outer loop
      vertex 25 5.20906 23.511
      vertex 24 5 23.5
      vertex 24 5.20906 23.511
    endloop
  endfacet
  facet normal 0 0.258899 -0.965904
    outer loop
      vertex 24 5.41582 23.5437
      vertex 25 5.61803 23.5979
      vertex 25 5.41582 23.5437
    endloop
  endfacet
  facet normal 0 0.258899 -0.965904
    outer loop
      vertex 25 5.61803 23.5979
      vertex 24 5.41582 23.5437
      vertex 24 5.61803 23.5979
    endloop
  endfacet
  facet normal 0 0.544584 -0.838707
    outer loop
      vertex 24 6 23.768
      vertex 25 6.17557 23.882
      vertex 25 6 23.768
    endloop
  endfacet
  facet normal 0 0.544584 -0.838707
    outer loop
      vertex 25 6.17557 23.882
      vertex 24 6 23.768
      vertex 24 6.17557 23.882
    endloop
  endfacet
  facet normal 0 -0.0525438 -0.998619
    outer loop
      vertex 24 4.79094 23.511
      vertex 25 5 23.5
      vertex 25 4.79094 23.511
    endloop
  endfacet
  facet normal -0 -0.0525438 -0.998619
    outer loop
      vertex 25 5 23.5
      vertex 24 4.79094 23.511
      vertex 24 5 23.5
    endloop
  endfacet
  facet normal 1 -0 0
    outer loop
      vertex 25 6.09397 25.385
      vertex 25 6.98904 25.2909
      vertex 25 7 25.5
    endloop
  endfacet
  facet normal 1 0 0
    outer loop
      vertex 25 6.98904 25.2909
      vertex 25 6.09397 25.385
      vertex 25 6.9563 25.0842
    endloop
  endfacet
  facet normal 1 0 0
    outer loop
      vertex 25 6.9563 25.0842
      vertex 25 6.07596 25.2713
      vertex 25 6.90211 24.882
    endloop
  endfacet
  facet normal 1 -0 0
    outer loop
      vertex 25 6.04616 25.1601
      vertex 25 6.90211 24.882
      vertex 25 6.07596 25.2713
    endloop
  endfacet
  facet normal 1 -0 0
    outer loop
      vertex 25 6.0049 25.0526
      vertex 25 6.82709 24.6865
      vertex 25 6.04616 25.1601
    endloop
  endfacet
  facet normal 1 0 0
    outer loop
      vertex 25 6.82709 24.6865
      vertex 25 6.0049 25.0526
      vertex 25 6.73205 24.5
    endloop
  endfacet
  facet normal 1 0 0
    outer loop
      vertex 25 6.73205 24.5
      vertex 25 5.95263 24.95
      vertex 25 6.61803 24.3244
    endloop
  endfacet
  facet normal 1 -0 0
    outer loop
      vertex 25 5.88992 24.8534
      vertex 25 6.61803 24.3244
      vertex 25 5.95263 24.95
    endloop
  endfacet
  facet normal 1 0 0
    outer loop
      vertex 25 6.09397 25.385
      vertex 25 7 25.5
      vertex 25 6.1 25.5
    endloop
  endfacet
  facet normal 1 0 0
    outer loop
      vertex 25 6.9563 25.0842
      vertex 25 6.09397 25.385
      vertex 25 6.07596 25.2713
    endloop
  endfacet
  facet normal 1 0 0
    outer loop
      vertex 25 6.90211 24.882
      vertex 25 6.04616 25.1601
      vertex 25 6.82709 24.6865
    endloop
  endfacet
  facet normal 1 -0 0
    outer loop
      vertex 25 5.95263 24.95
      vertex 25 6.73205 24.5
      vertex 25 6.0049 25.0526
    endloop
  endfacet
  facet normal 1 0 0
    outer loop
      vertex 25 6.61803 24.3244
      vertex 25 5.88992 24.8534
      vertex 25 6.48629 24.1617
    endloop
  endfacet
  facet normal 1 -0 0
    outer loop
      vertex 25 5.81746 24.764
      vertex 25 6.48629 24.1617
      vertex 25 5.88992 24.8534
    endloop
  endfacet
  facet normal 1 0 0
    outer loop
      vertex 25 6.48629 24.1617
      vertex 25 5.81746 24.764
      vertex 25 6.33826 24.0137
    endloop
  endfacet
  facet normal 1 -0 0
    outer loop
      vertex 25 5.73604 24.6825
      vertex 25 6.33826 24.0137
      vertex 25 5.81746 24.764
    endloop
  endfacet
  facet normal 1 0 0
    outer loop
      vertex 25 6.33826 24.0137
      vertex 25 5.73604 24.6825
      vertex 25 6.17557 23.882
    endloop
  endfacet
  facet normal 1 -0 0
    outer loop
      vertex 25 5.64656 24.6101
      vertex 25 6.17557 23.882
      vertex 25 5.73604 24.6825
    endloop
  endfacet
  facet normal 1 0 0
    outer loop
      vertex 25 6.17557 23.882
      vertex 25 5.64656 24.6101
      vertex 25 6 23.768
    endloop
  endfacet
  facet normal 1 -0 0
    outer loop
      vertex 25 5.55 24.5474
      vertex 25 6 23.768
      vertex 25 5.64656 24.6101
    endloop
  endfacet
  facet normal 1 0 0
    outer loop
      vertex 25 6 23.768
      vertex 25 5.55 24.5474
      vertex 25 5.81347 23.6729
    endloop
  endfacet
  facet normal 1 -0 0
    outer loop
      vertex 25 5.44741 24.4951
      vertex 25 5.81347 23.6729
      vertex 25 5.55 24.5474
    endloop
  endfacet
  facet normal 1 0 0
    outer loop
      vertex 25 5.81347 23.6729
      vertex 25 5.44741 24.4951
      vertex 25 5.61803 23.5979
    endloop
  endfacet
  facet normal 1 -0 0
    outer loop
      vertex 25 5.33992 24.4538
      vertex 25 5.61803 23.5979
      vertex 25 5.44741 24.4951
    endloop
  endfacet
  facet normal 1 0 0
    outer loop
      vertex 25 5.61803 23.5979
      vertex 25 5.33992 24.4538
      vertex 25 5.41582 23.5437
    endloop
  endfacet
  facet normal 1 -0 0
    outer loop
      vertex 25 5.2287 24.424
      vertex 25 5.41582 23.5437
      vertex 25 5.33992 24.4538
    endloop
  endfacet
  facet normal 1 0 0
    outer loop
      vertex 25 5.2287 24.424
      vertex 25 5.20906 23.511
      vertex 25 5.41582 23.5437
    endloop
  endfacet
  facet normal 1 -0 0
    outer loop
      vertex 25 5.11498 24.406
      vertex 25 5.20906 23.511
      vertex 25 5.2287 24.424
    endloop
  endfacet
  facet normal 1 -0 0
    outer loop
      vertex 25 5 24.4
      vertex 25 5.20906 23.511
      vertex 25 5.11498 24.406
    endloop
  endfacet
  facet normal 1 0 0
    outer loop
      vertex 25 5 24.4
      vertex 25 5 23.5
      vertex 25 5.20906 23.511
    endloop
  endfacet
  facet normal 1 0 0
    outer loop
      vertex 25 4.88502 24.406
      vertex 25 5 23.5
      vertex 25 5 24.4
    endloop
  endfacet
  facet normal 1 0 0
    outer loop
      vertex 25 4.88502 24.406
      vertex 25 4.79094 23.511
      vertex 25 5 23.5
    endloop
  endfacet
  facet normal 1 0 0
    outer loop
      vertex 25 4.7713 24.424
      vertex 25 4.79094 23.511
      vertex 25 4.88502 24.406
    endloop
  endfacet
  facet normal 1 0 0
    outer loop
      vertex 25 4.58418 23.5437
      vertex 25 4.7713 24.424
      vertex 25 4.66008 24.4538
    endloop
  endfacet
  facet normal 1 0 0
    outer loop
      vertex 25 4.7713 24.424
      vertex 25 4.58418 23.5437
      vertex 25 4.79094 23.511
    endloop
  endfacet
  facet normal 1 0 0
    outer loop
      vertex 25 4.38197 23.5979
      vertex 25 4.66008 24.4538
      vertex 25 4.55259 24.4951
    endloop
  endfacet
  facet normal 1 0 0
    outer loop
      vertex 25 4.18653 23.6729
      vertex 25 4.55259 24.4951
      vertex 25 4.45 24.5474
    endloop
  endfacet
  facet normal 1 0 0
    outer loop
      vertex 25 4.66008 24.4538
      vertex 25 4.38197 23.5979
      vertex 25 4.58418 23.5437
    endloop
  endfacet
  facet normal 1 0 0
    outer loop
      vertex 25 4 23.768
      vertex 25 4.45 24.5474
      vertex 25 4.35344 24.6101
    endloop
  endfacet
  facet normal 1 0 0
    outer loop
      vertex 25 3.82443 23.882
      vertex 25 4.35344 24.6101
      vertex 25 4.26396 24.6825
    endloop
  endfacet
  facet normal 1 0 0
    outer loop
      vertex 25 4.55259 24.4951
      vertex 25 4.18653 23.6729
      vertex 25 4.38197 23.5979
    endloop
  endfacet
  facet normal 1 0 0
    outer loop
      vertex 25 3.66174 24.0137
      vertex 25 4.26396 24.6825
      vertex 25 4.18254 24.764
    endloop
  endfacet
  facet normal 1 0 0
    outer loop
      vertex 25 3.51371 24.1617
      vertex 25 4.18254 24.764
      vertex 25 4.11008 24.8534
    endloop
  endfacet
  facet normal 1 0 0
    outer loop
      vertex 25 3.38197 24.3244
      vertex 25 4.11008 24.8534
      vertex 25 4.04737 24.95
    endloop
  endfacet
  facet normal 1 0 0
    outer loop
      vertex 25 4.45 24.5474
      vertex 25 4 23.768
      vertex 25 4.18653 23.6729
    endloop
  endfacet
  facet normal 1 0 0
    outer loop
      vertex 25 3.26795 24.5
      vertex 25 4.04737 24.95
      vertex 25 3.9951 25.0526
    endloop
  endfacet
  facet normal 1 0 0
    outer loop
      vertex 25 3.17291 24.6865
      vertex 25 3.9951 25.0526
      vertex 25 3.95384 25.1601
    endloop
  endfacet
  facet normal 1 0 0
    outer loop
      vertex 25 3.09789 24.882
      vertex 25 3.95384 25.1601
      vertex 25 3.92404 25.2713
    endloop
  endfacet
  facet normal 1 0 0
    outer loop
      vertex 25 3.0437 25.0842
      vertex 25 3.92404 25.2713
      vertex 25 3.90603 25.385
    endloop
  endfacet
  facet normal 1 0 0
    outer loop
      vertex 25 4.35344 24.6101
      vertex 25 3.82443 23.882
      vertex 25 4 23.768
    endloop
  endfacet
  facet normal 1 0 0
    outer loop
      vertex 25 3.01096 25.2909
      vertex 25 3.90603 25.385
      vertex 25 3.9 25.5
    endloop
  endfacet
  facet normal 1 0 0
    outer loop
      vertex 25 4.26396 24.6825
      vertex 25 3.66174 24.0137
      vertex 25 3.82443 23.882
    endloop
  endfacet
  facet normal 1 0 0
    outer loop
      vertex 25 4.18254 24.764
      vertex 25 3.51371 24.1617
      vertex 25 3.66174 24.0137
    endloop
  endfacet
  facet normal 1 0 0
    outer loop
      vertex 25 4.11008 24.8534
      vertex 25 3.38197 24.3244
      vertex 25 3.51371 24.1617
    endloop
  endfacet
  facet normal 1 0 0
    outer loop
      vertex 25 4.04737 24.95
      vertex 25 3.26795 24.5
      vertex 25 3.38197 24.3244
    endloop
  endfacet
  facet normal 1 0 0
    outer loop
      vertex 25 3.9951 25.0526
      vertex 25 3.17291 24.6865
      vertex 25 3.26795 24.5
    endloop
  endfacet
  facet normal 1 0 0
    outer loop
      vertex 25 3.95384 25.1601
      vertex 25 3.09789 24.882
      vertex 25 3.17291 24.6865
    endloop
  endfacet
  facet normal 1 0 0
    outer loop
      vertex 25 3.92404 25.2713
      vertex 25 3.0437 25.0842
      vertex 25 3.09789 24.882
    endloop
  endfacet
  facet normal 1 0 0
    outer loop
      vertex 25 3.90603 25.385
      vertex 25 3.01096 25.2909
      vertex 25 3.0437 25.0842
    endloop
  endfacet
  facet normal 1 0 -0
    outer loop
      vertex 25 3.01096 25.2909
      vertex 25 3.9 25.5
      vertex 25 3 25.5
    endloop
  endfacet
  facet normal 0 0.965913 -0.258867
    outer loop
      vertex 25 6.90211 24.882
      vertex 24 6.9563 25.0842
      vertex 25 6.9563 25.0842
    endloop
  endfacet
  facet normal 0 0.965913 -0.258867
    outer loop
      vertex 24 6.9563 25.0842
      vertex 25 6.90211 24.882
      vertex 24 6.90211 24.882
    endloop
  endfacet
  facet normal 0 0.933621 -0.358262
    outer loop
      vertex 25 6.82709 24.6865
      vertex 24 6.90211 24.882
      vertex 25 6.90211 24.882
    endloop
  endfacet
  facet normal 0 0.933621 -0.358262
    outer loop
      vertex 24 6.90211 24.882
      vertex 25 6.82709 24.6865
      vertex 24 6.82709 24.6865
    endloop
  endfacet
  facet normal 0 0.777174 -0.629286
    outer loop
      vertex 25 6.48629 24.1617
      vertex 24 6.61803 24.3244
      vertex 25 6.61803 24.3244
    endloop
  endfacet
  facet normal 0 0.777174 -0.629286
    outer loop
      vertex 24 6.61803 24.3244
      vertex 25 6.48629 24.1617
      vertex 24 6.48629 24.1617
    endloop
  endfacet
  facet normal 0 -0.358275 -0.933616
    outer loop
      vertex 24 4.18653 23.6729
      vertex 25 4.38197 23.5979
      vertex 25 4.18653 23.6729
    endloop
  endfacet
  facet normal -0 -0.358275 -0.933616
    outer loop
      vertex 25 4.38197 23.5979
      vertex 24 4.18653 23.6729
      vertex 24 4.38197 23.5979
    endloop
  endfacet
  facet normal 0 0.629194 -0.777248
    outer loop
      vertex 24 6.17557 23.882
      vertex 25 6.33826 24.0137
      vertex 25 6.17557 23.882
    endloop
  endfacet
  facet normal 0 0.629194 -0.777248
    outer loop
      vertex 25 6.33826 24.0137
      vertex 24 6.17557 23.882
      vertex 24 6.33826 24.0137
    endloop
  endfacet
  facet normal 0 0.987687 -0.156443
    outer loop
      vertex 25 6.9563 25.0842
      vertex 24 6.98904 25.2909
      vertex 25 6.98904 25.2909
    endloop
  endfacet
  facet normal 0 0.987687 -0.156443
    outer loop
      vertex 24 6.98904 25.2909
      vertex 25 6.9563 25.0842
      vertex 24 6.9563 25.0842
    endloop
  endfacet
  facet normal 0 -0.258899 -0.965904
    outer loop
      vertex 24 4.38197 23.5979
      vertex 25 4.58418 23.5437
      vertex 25 4.38197 23.5979
    endloop
  endfacet
  facet normal -0 -0.258899 -0.965904
    outer loop
      vertex 25 4.58418 23.5437
      vertex 24 4.38197 23.5979
      vertex 24 4.58418 23.5437
    endloop
  endfacet
  facet normal 0 -0.998629 -0.0523433
    outer loop
      vertex 24 3.01096 25.2909
      vertex 25 3 25.5
      vertex 24 3 25.5
    endloop
  endfacet
  facet normal 0 -0.998629 -0.0523433
    outer loop
      vertex 25 3 25.5
      vertex 24 3.01096 25.2909
      vertex 25 3.01096 25.2909
    endloop
  endfacet
  facet normal 0 0.838705 -0.544585
    outer loop
      vertex 25 6.61803 24.3244
      vertex 24 6.73205 24.5
      vertex 25 6.73205 24.5
    endloop
  endfacet
  facet normal 0 0.838705 -0.544585
    outer loop
      vertex 24 6.73205 24.5
      vertex 25 6.61803 24.3244
      vertex 24 6.61803 24.3244
    endloop
  endfacet
  facet normal 0 -0.987687 -0.156443
    outer loop
      vertex 24 3.0437 25.0842
      vertex 25 3.01096 25.2909
      vertex 24 3.01096 25.2909
    endloop
  endfacet
  facet normal 0 -0.987687 -0.156443
    outer loop
      vertex 25 3.01096 25.2909
      vertex 24 3.0437 25.0842
      vertex 25 3.0437 25.0842
    endloop
  endfacet
  facet normal 0 0.89098 -0.454042
    outer loop
      vertex 25 6.73205 24.5
      vertex 24 6.82709 24.6865
      vertex 25 6.82709 24.6865
    endloop
  endfacet
  facet normal 0 0.89098 -0.454042
    outer loop
      vertex 24 6.82709 24.6865
      vertex 25 6.73205 24.5
      vertex 24 6.73205 24.5
    endloop
  endfacet
  facet normal 0 -0.89098 -0.454042
    outer loop
      vertex 24 3.26795 24.5
      vertex 25 3.17291 24.6865
      vertex 24 3.17291 24.6865
    endloop
  endfacet
  facet normal 0 -0.89098 -0.454042
    outer loop
      vertex 25 3.17291 24.6865
      vertex 24 3.26795 24.5
      vertex 25 3.26795 24.5
    endloop
  endfacet
  facet normal 0 -0.544584 -0.838707
    outer loop
      vertex 24 3.82443 23.882
      vertex 25 4 23.768
      vertex 25 3.82443 23.882
    endloop
  endfacet
  facet normal -0 -0.544584 -0.838707
    outer loop
      vertex 25 4 23.768
      vertex 24 3.82443 23.882
      vertex 24 4 23.768
    endloop
  endfacet
  facet normal 0 -0.838705 -0.544585
    outer loop
      vertex 24 3.38197 24.3244
      vertex 25 3.26795 24.5
      vertex 24 3.26795 24.5
    endloop
  endfacet
  facet normal 0 -0.838705 -0.544585
    outer loop
      vertex 25 3.26795 24.5
      vertex 24 3.38197 24.3244
      vertex 25 3.38197 24.3244
    endloop
  endfacet
  facet normal 0 0.358275 -0.933616
    outer loop
      vertex 24 5.61803 23.5979
      vertex 25 5.81347 23.6729
      vertex 25 5.61803 23.5979
    endloop
  endfacet
  facet normal 0 0.358275 -0.933616
    outer loop
      vertex 25 5.81347 23.6729
      vertex 24 5.61803 23.5979
      vertex 24 5.81347 23.6729
    endloop
  endfacet
  facet normal 0 -0.629194 -0.777248
    outer loop
      vertex 24 3.66174 24.0137
      vertex 25 3.82443 23.882
      vertex 25 3.66174 24.0137
    endloop
  endfacet
  facet normal -0 -0.629194 -0.777248
    outer loop
      vertex 25 3.82443 23.882
      vertex 24 3.66174 24.0137
      vertex 24 3.82443 23.882
    endloop
  endfacet
  facet normal 0 0.998629 -0.0523433
    outer loop
      vertex 25 6.98904 25.2909
      vertex 24 7 25.5
      vertex 25 7 25.5
    endloop
  endfacet
  facet normal 0 0.998629 -0.0523433
    outer loop
      vertex 24 7 25.5
      vertex 25 6.98904 25.2909
      vertex 24 6.98904 25.2909
    endloop
  endfacet
  facet normal 0 0.454211 -0.890894
    outer loop
      vertex 24 5.81347 23.6729
      vertex 25 6 23.768
      vertex 25 5.81347 23.6729
    endloop
  endfacet
  facet normal 0 0.454211 -0.890894
    outer loop
      vertex 25 6 23.768
      vertex 24 5.81347 23.6729
      vertex 24 6 23.768
    endloop
  endfacet
  facet normal 0 -0.777174 -0.629286
    outer loop
      vertex 24 3.51371 24.1617
      vertex 25 3.38197 24.3244
      vertex 24 3.38197 24.3244
    endloop
  endfacet
  facet normal 0 -0.777174 -0.629286
    outer loop
      vertex 25 3.38197 24.3244
      vertex 24 3.51371 24.1617
      vertex 25 3.51371 24.1617
    endloop
  endfacet
  facet normal 0 0.707035 -0.707178
    outer loop
      vertex 25 6.33826 24.0137
      vertex 24 6.48629 24.1617
      vertex 25 6.48629 24.1617
    endloop
  endfacet
  facet normal 0 0.707035 -0.707178
    outer loop
      vertex 24 6.48629 24.1617
      vertex 25 6.33826 24.0137
      vertex 24 6.33826 24.0137
    endloop
  endfacet
  facet normal 0 -0.933621 -0.358262
    outer loop
      vertex 24 3.17291 24.6865
      vertex 25 3.09789 24.882
      vertex 24 3.09789 24.882
    endloop
  endfacet
  facet normal 0 -0.933621 -0.358262
    outer loop
      vertex 25 3.09789 24.882
      vertex 24 3.17291 24.6865
      vertex 25 3.17291 24.6865
    endloop
  endfacet
  facet normal 0 -0.965913 -0.258867
    outer loop
      vertex 24 3.09789 24.882
      vertex 25 3.0437 25.0842
      vertex 24 3.0437 25.0842
    endloop
  endfacet
  facet normal 0 -0.965913 -0.258867
    outer loop
      vertex 25 3.0437 25.0842
      vertex 24 3.09789 24.882
      vertex 25 3.09789 24.882
    endloop
  endfacet
  facet normal 0 -0.707035 -0.707178
    outer loop
      vertex 24 3.66174 24.0137
      vertex 25 3.51371 24.1617
      vertex 24 3.51371 24.1617
    endloop
  endfacet
  facet normal 0 -0.707035 -0.707178
    outer loop
      vertex 25 3.51371 24.1617
      vertex 24 3.66174 24.0137
      vertex 25 3.66174 24.0137
    endloop
  endfacet
  facet normal 0 -0.454211 -0.890894
    outer loop
      vertex 24 4 23.768
      vertex 25 4.18653 23.6729
      vertex 25 4 23.768
    endloop
  endfacet
  facet normal -0 -0.454211 -0.890894
    outer loop
      vertex 25 4.18653 23.6729
      vertex 24 4 23.768
      vertex 24 4.18653 23.6729
    endloop
  endfacet
  facet normal 0 -0.156337 0.987704
    outer loop
      vertex 24 5.2287 24.424
      vertex 25 5.11498 24.406
      vertex 25 5.2287 24.424
    endloop
  endfacet
  facet normal 0 -0.156337 0.987704
    outer loop
      vertex 25 5.11498 24.406
      vertex 24 5.2287 24.424
      vertex 24 5.11498 24.406
    endloop
  endfacet
  facet normal 0 0.998628 0.0523628
    outer loop
      vertex 25 3.90603 25.385
      vertex 24 3.9 25.5
      vertex 25 3.9 25.5
    endloop
  endfacet
  facet normal 0 0.998628 0.0523628
    outer loop
      vertex 24 3.9 25.5
      vertex 25 3.90603 25.385
      vertex 24 3.90603 25.385
    endloop
  endfacet
  facet normal 0 -0.776868 0.629663
    outer loop
      vertex 24 5.81746 24.764
      vertex 25 5.88992 24.8534
      vertex 24 5.88992 24.8534
    endloop
  endfacet
  facet normal 0 -0.776868 0.629663
    outer loop
      vertex 25 5.88992 24.8534
      vertex 24 5.81746 24.764
      vertex 25 5.81746 24.764
    endloop
  endfacet
  facet normal -0 0.0521121 0.998641
    outer loop
      vertex 24 5 24.4
      vertex 25 4.88502 24.406
      vertex 25 5 24.4
    endloop
  endfacet
  facet normal 0 0.0521121 0.998641
    outer loop
      vertex 25 4.88502 24.406
      vertex 24 5 24.4
      vertex 24 4.88502 24.406
    endloop
  endfacet
  facet normal 0 -0.454182 0.890909
    outer loop
      vertex 24 5.55 24.5474
      vertex 25 5.44741 24.4951
      vertex 25 5.55 24.5474
    endloop
  endfacet
  facet normal 0 -0.454182 0.890909
    outer loop
      vertex 25 5.44741 24.4951
      vertex 24 5.55 24.5474
      vertex 24 5.44741 24.4951
    endloop
  endfacet
  facet normal 0 -0.0521121 0.998641
    outer loop
      vertex 24 5.11498 24.406
      vertex 25 5 24.4
      vertex 25 5.11498 24.406
    endloop
  endfacet
  facet normal 0 -0.0521121 0.998641
    outer loop
      vertex 25 5 24.4
      vertex 24 5.11498 24.406
      vertex 24 5 24.4
    endloop
  endfacet
  facet normal 0 -0.933596 0.358327
    outer loop
      vertex 24 6.0049 25.0526
      vertex 25 6.04616 25.1601
      vertex 24 6.04616 25.1601
    endloop
  endfacet
  facet normal 0 -0.933596 0.358327
    outer loop
      vertex 25 6.04616 25.1601
      vertex 24 6.0049 25.0526
      vertex 25 6.0049 25.0526
    endloop
  endfacet
  facet normal 0 -0.998628 0.0523628
    outer loop
      vertex 24 6.09397 25.385
      vertex 25 6.1 25.5
      vertex 24 6.1 25.5
    endloop
  endfacet
  facet normal 0 -0.998628 0.0523628
    outer loop
      vertex 25 6.1 25.5
      vertex 24 6.09397 25.385
      vertex 25 6.09397 25.385
    endloop
  endfacet
  facet normal 0 -0.629008 0.777399
    outer loop
      vertex 24 5.73604 24.6825
      vertex 25 5.64656 24.6101
      vertex 25 5.73604 24.6825
    endloop
  endfacet
  facet normal 0 -0.629008 0.777399
    outer loop
      vertex 25 5.64656 24.6101
      vertex 24 5.73604 24.6825
      vertex 24 5.64656 24.6101
    endloop
  endfacet
  facet normal -0 0.258808 0.965929
    outer loop
      vertex 24 4.7713 24.424
      vertex 25 4.66008 24.4538
      vertex 25 4.7713 24.424
    endloop
  endfacet
  facet normal 0 0.258808 0.965929
    outer loop
      vertex 25 4.66008 24.4538
      vertex 24 4.7713 24.424
      vertex 24 4.66008 24.4538
    endloop
  endfacet
  facet normal 0 -0.838761 0.5445
    outer loop
      vertex 24 5.88992 24.8534
      vertex 25 5.95263 24.95
      vertex 24 5.95263 24.95
    endloop
  endfacet
  facet normal 0 -0.838761 0.5445
    outer loop
      vertex 25 5.95263 24.95
      vertex 24 5.88992 24.8534
      vertex 25 5.88992 24.8534
    endloop
  endfacet
  facet normal 0 -0.258808 0.965929
    outer loop
      vertex 24 5.33992 24.4538
      vertex 25 5.2287 24.424
      vertex 25 5.33992 24.4538
    endloop
  endfacet
  facet normal 0 -0.258808 0.965929
    outer loop
      vertex 25 5.2287 24.424
      vertex 24 5.33992 24.4538
      vertex 24 5.2287 24.424
    endloop
  endfacet
  facet normal 0 0.707454 0.706759
    outer loop
      vertex 25 4.26396 24.6825
      vertex 24 4.18254 24.764
      vertex 25 4.18254 24.764
    endloop
  endfacet
  facet normal 0 0.707454 0.706759
    outer loop
      vertex 24 4.18254 24.764
      vertex 25 4.26396 24.6825
      vertex 24 4.26396 24.6825
    endloop
  endfacet
  facet normal 0 -0.891032 0.45394
    outer loop
      vertex 24 5.95263 24.95
      vertex 25 6.0049 25.0526
      vertex 24 6.0049 25.0526
    endloop
  endfacet
  facet normal 0 -0.891032 0.45394
    outer loop
      vertex 25 6.0049 25.0526
      vertex 24 5.95263 24.95
      vertex 25 5.95263 24.95
    endloop
  endfacet
  facet normal -0 0.156337 0.987704
    outer loop
      vertex 24 4.88502 24.406
      vertex 25 4.7713 24.424
      vertex 25 4.88502 24.406
    endloop
  endfacet
  facet normal 0 0.156337 0.987704
    outer loop
      vertex 25 4.7713 24.424
      vertex 24 4.88502 24.406
      vertex 24 4.7713 24.424
    endloop
  endfacet
  facet normal 0 -0.707454 0.706759
    outer loop
      vertex 24 5.73604 24.6825
      vertex 25 5.81746 24.764
      vertex 24 5.81746 24.764
    endloop
  endfacet
  facet normal 0 -0.707454 0.706759
    outer loop
      vertex 25 5.81746 24.764
      vertex 24 5.73604 24.6825
      vertex 25 5.73604 24.6825
    endloop
  endfacet
  facet normal 0 0.933596 0.358327
    outer loop
      vertex 25 3.9951 25.0526
      vertex 24 3.95384 25.1601
      vertex 25 3.95384 25.1601
    endloop
  endfacet
  facet normal 0 0.933596 0.358327
    outer loop
      vertex 24 3.95384 25.1601
      vertex 25 3.9951 25.0526
      vertex 24 3.9951 25.0526
    endloop
  endfacet
  facet normal 0 -0.965917 0.258852
    outer loop
      vertex 24 6.04616 25.1601
      vertex 25 6.07596 25.2713
      vertex 24 6.07596 25.2713
    endloop
  endfacet
  facet normal 0 -0.965917 0.258852
    outer loop
      vertex 25 6.07596 25.2713
      vertex 24 6.04616 25.1601
      vertex 25 6.04616 25.1601
    endloop
  endfacet
  facet normal 0 -0.358659 0.933469
    outer loop
      vertex 24 5.44741 24.4951
      vertex 25 5.33992 24.4538
      vertex 25 5.44741 24.4951
    endloop
  endfacet
  facet normal 0 -0.358659 0.933469
    outer loop
      vertex 25 5.33992 24.4538
      vertex 24 5.44741 24.4951
      vertex 24 5.33992 24.4538
    endloop
  endfacet
  facet normal 0 0.987686 0.156449
    outer loop
      vertex 25 3.92404 25.2713
      vertex 24 3.90603 25.385
      vertex 25 3.90603 25.385
    endloop
  endfacet
  facet normal 0 0.987686 0.156449
    outer loop
      vertex 24 3.90603 25.385
      vertex 25 3.92404 25.2713
      vertex 24 3.92404 25.2713
    endloop
  endfacet
  facet normal -0 0.358659 0.933469
    outer loop
      vertex 24 4.66008 24.4538
      vertex 25 4.55259 24.4951
      vertex 25 4.66008 24.4538
    endloop
  endfacet
  facet normal 0 0.358659 0.933469
    outer loop
      vertex 25 4.55259 24.4951
      vertex 24 4.66008 24.4538
      vertex 24 4.55259 24.4951
    endloop
  endfacet
  facet normal -0 0.629008 0.777399
    outer loop
      vertex 24 4.35344 24.6101
      vertex 25 4.26396 24.6825
      vertex 25 4.35344 24.6101
    endloop
  endfacet
  facet normal 0 0.629008 0.777399
    outer loop
      vertex 25 4.26396 24.6825
      vertex 24 4.35344 24.6101
      vertex 24 4.26396 24.6825
    endloop
  endfacet
  facet normal -0 0.544598 0.838698
    outer loop
      vertex 24 4.45 24.5474
      vertex 25 4.35344 24.6101
      vertex 25 4.45 24.5474
    endloop
  endfacet
  facet normal 0 0.544598 0.838698
    outer loop
      vertex 25 4.35344 24.6101
      vertex 24 4.45 24.5474
      vertex 24 4.35344 24.6101
    endloop
  endfacet
  facet normal 0 0.965917 0.258852
    outer loop
      vertex 25 3.95384 25.1601
      vertex 24 3.92404 25.2713
      vertex 25 3.92404 25.2713
    endloop
  endfacet
  facet normal 0 0.965917 0.258852
    outer loop
      vertex 24 3.92404 25.2713
      vertex 25 3.95384 25.1601
      vertex 24 3.95384 25.1601
    endloop
  endfacet
  facet normal 0 -0.544598 0.838698
    outer loop
      vertex 24 5.64656 24.6101
      vertex 25 5.55 24.5474
      vertex 25 5.64656 24.6101
    endloop
  endfacet
  facet normal 0 -0.544598 0.838698
    outer loop
      vertex 25 5.55 24.5474
      vertex 24 5.64656 24.6101
      vertex 24 5.55 24.5474
    endloop
  endfacet
  facet normal 0 0.891032 0.45394
    outer loop
      vertex 25 4.04737 24.95
      vertex 24 3.9951 25.0526
      vertex 25 3.9951 25.0526
    endloop
  endfacet
  facet normal 0 0.891032 0.45394
    outer loop
      vertex 24 3.9951 25.0526
      vertex 25 4.04737 24.95
      vertex 24 4.04737 24.95
    endloop
  endfacet
  facet normal 0 -0.987686 0.156449
    outer loop
      vertex 24 6.07596 25.2713
      vertex 25 6.09397 25.385
      vertex 24 6.09397 25.385
    endloop
  endfacet
  facet normal 0 -0.987686 0.156449
    outer loop
      vertex 25 6.09397 25.385
      vertex 24 6.07596 25.2713
      vertex 25 6.07596 25.2713
    endloop
  endfacet
  facet normal -0 0.454182 0.890909
    outer loop
      vertex 24 4.55259 24.4951
      vertex 25 4.45 24.5474
      vertex 25 4.55259 24.4951
    endloop
  endfacet
  facet normal 0 0.454182 0.890909
    outer loop
      vertex 25 4.45 24.5474
      vertex 24 4.55259 24.4951
      vertex 24 4.45 24.5474
    endloop
  endfacet
  facet normal 0 0.838761 0.5445
    outer loop
      vertex 25 4.11008 24.8534
      vertex 24 4.04737 24.95
      vertex 25 4.04737 24.95
    endloop
  endfacet
  facet normal 0 0.838761 0.5445
    outer loop
      vertex 24 4.04737 24.95
      vertex 25 4.11008 24.8534
      vertex 24 4.11008 24.8534
    endloop
  endfacet
  facet normal 0 0.776868 0.629663
    outer loop
      vertex 25 4.18254 24.764
      vertex 24 4.11008 24.8534
      vertex 25 4.11008 24.8534
    endloop
  endfacet
  facet normal 0 0.776868 0.629663
    outer loop
      vertex 24 4.11008 24.8534
      vertex 25 4.18254 24.764
      vertex 24 4.18254 24.764
    endloop
  endfacet
  facet normal 0 -0.156257 -0.987716
    outer loop
      vertex 24 54.5842 23.5437
      vertex 25 54.7909 23.511
      vertex 25 54.5842 23.5437
    endloop
  endfacet
  facet normal -0 -0.156257 -0.987716
    outer loop
      vertex 25 54.7909 23.511
      vertex 24 54.5842 23.5437
      vertex 24 54.7909 23.511
    endloop
  endfacet
  facet normal 0 0.156257 -0.987716
    outer loop
      vertex 24 55.2091 23.511
      vertex 25 55.4158 23.5437
      vertex 25 55.2091 23.511
    endloop
  endfacet
  facet normal 0 0.156257 -0.987716
    outer loop
      vertex 25 55.4158 23.5437
      vertex 24 55.2091 23.511
      vertex 24 55.4158 23.5437
    endloop
  endfacet
  facet normal 0 0.0525338 -0.998619
    outer loop
      vertex 24 55 23.5
      vertex 25 55.2091 23.511
      vertex 25 55 23.5
    endloop
  endfacet
  facet normal 0 0.0525338 -0.998619
    outer loop
      vertex 25 55.2091 23.511
      vertex 24 55 23.5
      vertex 24 55.2091 23.511
    endloop
  endfacet
  facet normal 0 0.258911 -0.965901
    outer loop
      vertex 24 55.4158 23.5437
      vertex 25 55.618 23.5979
      vertex 25 55.4158 23.5437
    endloop
  endfacet
  facet normal 0 0.258911 -0.965901
    outer loop
      vertex 25 55.618 23.5979
      vertex 24 55.4158 23.5437
      vertex 24 55.618 23.5979
    endloop
  endfacet
  facet normal 0 0.544518 -0.838749
    outer loop
      vertex 24 56 23.768
      vertex 25 56.1756 23.882
      vertex 25 56 23.768
    endloop
  endfacet
  facet normal 0 0.544518 -0.838749
    outer loop
      vertex 25 56.1756 23.882
      vertex 24 56 23.768
      vertex 24 56.1756 23.882
    endloop
  endfacet
  facet normal 0 -0.0525338 -0.998619
    outer loop
      vertex 24 54.7909 23.511
      vertex 25 55 23.5
      vertex 25 54.7909 23.511
    endloop
  endfacet
  facet normal -0 -0.0525338 -0.998619
    outer loop
      vertex 25 55 23.5
      vertex 24 54.7909 23.511
      vertex 24 55 23.5
    endloop
  endfacet
  facet normal 1 -0 0
    outer loop
      vertex 25 56.094 25.385
      vertex 25 56.989 25.2909
      vertex 25 57 25.5
    endloop
  endfacet
  facet normal 1 0 0
    outer loop
      vertex 25 56.989 25.2909
      vertex 25 56.094 25.385
      vertex 25 56.9563 25.0842
    endloop
  endfacet
  facet normal 1 0 0
    outer loop
      vertex 25 56.9563 25.0842
      vertex 25 56.076 25.2713
      vertex 25 56.9021 24.882
    endloop
  endfacet
  facet normal 1 -0 0
    outer loop
      vertex 25 56.0462 25.1601
      vertex 25 56.9021 24.882
      vertex 25 56.076 25.2713
    endloop
  endfacet
  facet normal 1 -0 0
    outer loop
      vertex 25 56.0049 25.0526
      vertex 25 56.8271 24.6865
      vertex 25 56.0462 25.1601
    endloop
  endfacet
  facet normal 1 0 0
    outer loop
      vertex 25 56.8271 24.6865
      vertex 25 56.0049 25.0526
      vertex 25 56.732 24.5
    endloop
  endfacet
  facet normal 1 0 0
    outer loop
      vertex 25 56.732 24.5
      vertex 25 55.9526 24.95
      vertex 25 56.618 24.3244
    endloop
  endfacet
  facet normal 1 -0 0
    outer loop
      vertex 25 55.8899 24.8534
      vertex 25 56.618 24.3244
      vertex 25 55.9526 24.95
    endloop
  endfacet
  facet normal 1 0 0
    outer loop
      vertex 25 56.094 25.385
      vertex 25 57 25.5
      vertex 25 56.1 25.5
    endloop
  endfacet
  facet normal 1 0 0
    outer loop
      vertex 25 56.9563 25.0842
      vertex 25 56.094 25.385
      vertex 25 56.076 25.2713
    endloop
  endfacet
  facet normal 1 0 0
    outer loop
      vertex 25 56.9021 24.882
      vertex 25 56.0462 25.1601
      vertex 25 56.8271 24.6865
    endloop
  endfacet
  facet normal 1 -0 0
    outer loop
      vertex 25 55.9526 24.95
      vertex 25 56.732 24.5
      vertex 25 56.0049 25.0526
    endloop
  endfacet
  facet normal 1 0 0
    outer loop
      vertex 25 56.618 24.3244
      vertex 25 55.8899 24.8534
      vertex 25 56.4863 24.1617
    endloop
  endfacet
  facet normal 1 -0 0
    outer loop
      vertex 25 55.8175 24.764
      vertex 25 56.4863 24.1617
      vertex 25 55.8899 24.8534
    endloop
  endfacet
  facet normal 1 0 0
    outer loop
      vertex 25 56.4863 24.1617
      vertex 25 55.8175 24.764
      vertex 25 56.3383 24.0137
    endloop
  endfacet
  facet normal 1 -0 0
    outer loop
      vertex 25 55.736 24.6825
      vertex 25 56.3383 24.0137
      vertex 25 55.8175 24.764
    endloop
  endfacet
  facet normal 1 0 0
    outer loop
      vertex 25 56.3383 24.0137
      vertex 25 55.736 24.6825
      vertex 25 56.1756 23.882
    endloop
  endfacet
  facet normal 1 -0 0
    outer loop
      vertex 25 55.6466 24.6101
      vertex 25 56.1756 23.882
      vertex 25 55.736 24.6825
    endloop
  endfacet
  facet normal 1 0 0
    outer loop
      vertex 25 56.1756 23.882
      vertex 25 55.6466 24.6101
      vertex 25 56 23.768
    endloop
  endfacet
  facet normal 1 -0 0
    outer loop
      vertex 25 55.55 24.5474
      vertex 25 56 23.768
      vertex 25 55.6466 24.6101
    endloop
  endfacet
  facet normal 1 0 0
    outer loop
      vertex 25 56 23.768
      vertex 25 55.55 24.5474
      vertex 25 55.8135 23.6729
    endloop
  endfacet
  facet normal 1 -0 0
    outer loop
      vertex 25 55.4474 24.4951
      vertex 25 55.8135 23.6729
      vertex 25 55.55 24.5474
    endloop
  endfacet
  facet normal 1 0 0
    outer loop
      vertex 25 55.8135 23.6729
      vertex 25 55.4474 24.4951
      vertex 25 55.618 23.5979
    endloop
  endfacet
  facet normal 1 -0 0
    outer loop
      vertex 25 55.3399 24.4538
      vertex 25 55.618 23.5979
      vertex 25 55.4474 24.4951
    endloop
  endfacet
  facet normal 1 0 0
    outer loop
      vertex 25 55.618 23.5979
      vertex 25 55.3399 24.4538
      vertex 25 55.4158 23.5437
    endloop
  endfacet
  facet normal 1 -0 0
    outer loop
      vertex 25 55.2287 24.424
      vertex 25 55.4158 23.5437
      vertex 25 55.3399 24.4538
    endloop
  endfacet
  facet normal 1 0 0
    outer loop
      vertex 25 55.2287 24.424
      vertex 25 55.2091 23.511
      vertex 25 55.4158 23.5437
    endloop
  endfacet
  facet normal 1 -0 0
    outer loop
      vertex 25 55.115 24.406
      vertex 25 55.2091 23.511
      vertex 25 55.2287 24.424
    endloop
  endfacet
  facet normal 1 -0 0
    outer loop
      vertex 25 55 24.4
      vertex 25 55.2091 23.511
      vertex 25 55.115 24.406
    endloop
  endfacet
  facet normal 1 0 0
    outer loop
      vertex 25 55 24.4
      vertex 25 55 23.5
      vertex 25 55.2091 23.511
    endloop
  endfacet
  facet normal 1 0 0
    outer loop
      vertex 25 54.885 24.406
      vertex 25 55 23.5
      vertex 25 55 24.4
    endloop
  endfacet
  facet normal 1 0 0
    outer loop
      vertex 25 54.885 24.406
      vertex 25 54.7909 23.511
      vertex 25 55 23.5
    endloop
  endfacet
  facet normal 1 0 0
    outer loop
      vertex 25 54.7713 24.424
      vertex 25 54.7909 23.511
      vertex 25 54.885 24.406
    endloop
  endfacet
  facet normal 1 0 0
    outer loop
      vertex 25 54.5842 23.5437
      vertex 25 54.7713 24.424
      vertex 25 54.6601 24.4538
    endloop
  endfacet
  facet normal 1 0 0
    outer loop
      vertex 25 54.7713 24.424
      vertex 25 54.5842 23.5437
      vertex 25 54.7909 23.511
    endloop
  endfacet
  facet normal 1 0 0
    outer loop
      vertex 25 54.382 23.5979
      vertex 25 54.6601 24.4538
      vertex 25 54.5526 24.4951
    endloop
  endfacet
  facet normal 1 0 0
    outer loop
      vertex 25 54.1865 23.6729
      vertex 25 54.5526 24.4951
      vertex 25 54.45 24.5474
    endloop
  endfacet
  facet normal 1 0 0
    outer loop
      vertex 25 54.6601 24.4538
      vertex 25 54.382 23.5979
      vertex 25 54.5842 23.5437
    endloop
  endfacet
  facet normal 1 0 0
    outer loop
      vertex 25 54 23.768
      vertex 25 54.45 24.5474
      vertex 25 54.3534 24.6101
    endloop
  endfacet
  facet normal 1 0 0
    outer loop
      vertex 25 53.8244 23.882
      vertex 25 54.3534 24.6101
      vertex 25 54.264 24.6825
    endloop
  endfacet
  facet normal 1 0 0
    outer loop
      vertex 25 54.5526 24.4951
      vertex 25 54.1865 23.6729
      vertex 25 54.382 23.5979
    endloop
  endfacet
  facet normal 1 0 0
    outer loop
      vertex 25 53.6617 24.0137
      vertex 25 54.264 24.6825
      vertex 25 54.1825 24.764
    endloop
  endfacet
  facet normal 1 0 0
    outer loop
      vertex 25 53.5137 24.1617
      vertex 25 54.1825 24.764
      vertex 25 54.1101 24.8534
    endloop
  endfacet
  facet normal 1 0 0
    outer loop
      vertex 25 53.382 24.3244
      vertex 25 54.1101 24.8534
      vertex 25 54.0474 24.95
    endloop
  endfacet
  facet normal 1 0 0
    outer loop
      vertex 25 54.45 24.5474
      vertex 25 54 23.768
      vertex 25 54.1865 23.6729
    endloop
  endfacet
  facet normal 1 0 0
    outer loop
      vertex 25 53.268 24.5
      vertex 25 54.0474 24.95
      vertex 25 53.9951 25.0526
    endloop
  endfacet
  facet normal 1 0 0
    outer loop
      vertex 25 53.1729 24.6865
      vertex 25 53.9951 25.0526
      vertex 25 53.9538 25.1601
    endloop
  endfacet
  facet normal 1 0 0
    outer loop
      vertex 25 53.0979 24.882
      vertex 25 53.9538 25.1601
      vertex 25 53.924 25.2713
    endloop
  endfacet
  facet normal 1 0 0
    outer loop
      vertex 25 53.0437 25.0842
      vertex 25 53.924 25.2713
      vertex 25 53.906 25.385
    endloop
  endfacet
  facet normal 1 0 0
    outer loop
      vertex 25 54.3534 24.6101
      vertex 25 53.8244 23.882
      vertex 25 54 23.768
    endloop
  endfacet
  facet normal 1 0 0
    outer loop
      vertex 25 53.011 25.2909
      vertex 25 53.906 25.385
      vertex 25 53.9 25.5
    endloop
  endfacet
  facet normal 1 0 0
    outer loop
      vertex 25 54.264 24.6825
      vertex 25 53.6617 24.0137
      vertex 25 53.8244 23.882
    endloop
  endfacet
  facet normal 1 0 0
    outer loop
      vertex 25 54.1825 24.764
      vertex 25 53.5137 24.1617
      vertex 25 53.6617 24.0137
    endloop
  endfacet
  facet normal 1 0 0
    outer loop
      vertex 25 54.1101 24.8534
      vertex 25 53.382 24.3244
      vertex 25 53.5137 24.1617
    endloop
  endfacet
  facet normal 1 0 0
    outer loop
      vertex 25 54.0474 24.95
      vertex 25 53.268 24.5
      vertex 25 53.382 24.3244
    endloop
  endfacet
  facet normal 1 0 0
    outer loop
      vertex 25 53.9951 25.0526
      vertex 25 53.1729 24.6865
      vertex 25 53.268 24.5
    endloop
  endfacet
  facet normal 1 0 0
    outer loop
      vertex 25 53.9538 25.1601
      vertex 25 53.0979 24.882
      vertex 25 53.1729 24.6865
    endloop
  endfacet
  facet normal 1 0 0
    outer loop
      vertex 25 53.924 25.2713
      vertex 25 53.0437 25.0842
      vertex 25 53.0979 24.882
    endloop
  endfacet
  facet normal 1 0 0
    outer loop
      vertex 25 53.906 25.385
      vertex 25 53.011 25.2909
      vertex 25 53.0437 25.0842
    endloop
  endfacet
  facet normal 1 0 -0
    outer loop
      vertex 25 53.011 25.2909
      vertex 25 53.9 25.5
      vertex 25 53 25.5
    endloop
  endfacet
  facet normal 0 0.965901 -0.258911
    outer loop
      vertex 25 56.9021 24.882
      vertex 24 56.9563 25.0842
      vertex 25 56.9563 25.0842
    endloop
  endfacet
  facet normal 0 0.965901 -0.258911
    outer loop
      vertex 24 56.9563 25.0842
      vertex 25 56.9021 24.882
      vertex 24 56.9021 24.882
    endloop
  endfacet
  facet normal 0 0.933653 -0.358179
    outer loop
      vertex 25 56.8271 24.6865
      vertex 24 56.9021 24.882
      vertex 25 56.9021 24.882
    endloop
  endfacet
  facet normal 0 0.933653 -0.358179
    outer loop
      vertex 24 56.9021 24.882
      vertex 25 56.8271 24.6865
      vertex 24 56.8271 24.6865
    endloop
  endfacet
  facet normal 0 0.777267 -0.629171
    outer loop
      vertex 25 56.4863 24.1617
      vertex 24 56.618 24.3244
      vertex 25 56.618 24.3244
    endloop
  endfacet
  facet normal 0 0.777267 -0.629171
    outer loop
      vertex 24 56.618 24.3244
      vertex 25 56.4863 24.1617
      vertex 24 56.4863 24.1617
    endloop
  endfacet
  facet normal 0 -0.358179 -0.933653
    outer loop
      vertex 24 54.1865 23.6729
      vertex 25 54.382 23.5979
      vertex 25 54.1865 23.6729
    endloop
  endfacet
  facet normal -0 -0.358179 -0.933653
    outer loop
      vertex 25 54.382 23.5979
      vertex 24 54.1865 23.6729
      vertex 24 54.382 23.5979
    endloop
  endfacet
  facet normal 0 0.629171 -0.777267
    outer loop
      vertex 24 56.1756 23.882
      vertex 25 56.3383 24.0137
      vertex 25 56.1756 23.882
    endloop
  endfacet
  facet normal 0 0.629171 -0.777267
    outer loop
      vertex 25 56.3383 24.0137
      vertex 24 56.1756 23.882
      vertex 24 56.3383 24.0137
    endloop
  endfacet
  facet normal 0 0.987716 -0.156257
    outer loop
      vertex 25 56.9563 25.0842
      vertex 24 56.989 25.2909
      vertex 25 56.989 25.2909
    endloop
  endfacet
  facet normal 0 0.987716 -0.156257
    outer loop
      vertex 24 56.989 25.2909
      vertex 25 56.9563 25.0842
      vertex 24 56.9563 25.0842
    endloop
  endfacet
  facet normal 0 -0.258911 -0.965901
    outer loop
      vertex 24 54.382 23.5979
      vertex 25 54.5842 23.5437
      vertex 25 54.382 23.5979
    endloop
  endfacet
  facet normal -0 -0.258911 -0.965901
    outer loop
      vertex 25 54.5842 23.5437
      vertex 24 54.382 23.5979
      vertex 24 54.5842 23.5437
    endloop
  endfacet
  facet normal 0 -0.998619 -0.0525338
    outer loop
      vertex 24 53.011 25.2909
      vertex 25 53 25.5
      vertex 24 53 25.5
    endloop
  endfacet
  facet normal 0 -0.998619 -0.0525338
    outer loop
      vertex 25 53 25.5
      vertex 24 53.011 25.2909
      vertex 25 53.011 25.2909
    endloop
  endfacet
  facet normal 0 0.838749 -0.544518
    outer loop
      vertex 25 56.618 24.3244
      vertex 24 56.732 24.5
      vertex 25 56.732 24.5
    endloop
  endfacet
  facet normal 0 0.838749 -0.544518
    outer loop
      vertex 24 56.732 24.5
      vertex 25 56.618 24.3244
      vertex 24 56.618 24.3244
    endloop
  endfacet
  facet normal 0 -0.987716 -0.156257
    outer loop
      vertex 24 53.0437 25.0842
      vertex 25 53.011 25.2909
      vertex 24 53.011 25.2909
    endloop
  endfacet
  facet normal 0 -0.987716 -0.156257
    outer loop
      vertex 25 53.011 25.2909
      vertex 24 53.0437 25.0842
      vertex 25 53.0437 25.0842
    endloop
  endfacet
  facet normal 0 0.890864 -0.454269
    outer loop
      vertex 25 56.732 24.5
      vertex 24 56.8271 24.6865
      vertex 25 56.8271 24.6865
    endloop
  endfacet
  facet normal 0 0.890864 -0.454269
    outer loop
      vertex 24 56.8271 24.6865
      vertex 25 56.732 24.5
      vertex 24 56.732 24.5
    endloop
  endfacet
  facet normal 0 -0.890864 -0.454269
    outer loop
      vertex 24 53.268 24.5
      vertex 25 53.1729 24.6865
      vertex 24 53.1729 24.6865
    endloop
  endfacet
  facet normal 0 -0.890864 -0.454269
    outer loop
      vertex 25 53.1729 24.6865
      vertex 24 53.268 24.5
      vertex 25 53.268 24.5
    endloop
  endfacet
  facet normal 0 -0.544518 -0.838749
    outer loop
      vertex 24 53.8244 23.882
      vertex 25 54 23.768
      vertex 25 53.8244 23.882
    endloop
  endfacet
  facet normal -0 -0.544518 -0.838749
    outer loop
      vertex 25 54 23.768
      vertex 24 53.8244 23.882
      vertex 24 54 23.768
    endloop
  endfacet
  facet normal 0 -0.838749 -0.544518
    outer loop
      vertex 24 53.382 24.3244
      vertex 25 53.268 24.5
      vertex 24 53.268 24.5
    endloop
  endfacet
  facet normal 0 -0.838749 -0.544518
    outer loop
      vertex 25 53.268 24.5
      vertex 24 53.382 24.3244
      vertex 25 53.382 24.3244
    endloop
  endfacet
  facet normal 0 0.358179 -0.933653
    outer loop
      vertex 24 55.618 23.5979
      vertex 25 55.8135 23.6729
      vertex 25 55.618 23.5979
    endloop
  endfacet
  facet normal 0 0.358179 -0.933653
    outer loop
      vertex 25 55.8135 23.6729
      vertex 24 55.618 23.5979
      vertex 24 55.8135 23.6729
    endloop
  endfacet
  facet normal 0 -0.629171 -0.777267
    outer loop
      vertex 24 53.6617 24.0137
      vertex 25 53.8244 23.882
      vertex 25 53.6617 24.0137
    endloop
  endfacet
  facet normal -0 -0.629171 -0.777267
    outer loop
      vertex 25 53.8244 23.882
      vertex 24 53.6617 24.0137
      vertex 24 53.8244 23.882
    endloop
  endfacet
  facet normal 0 0.998619 -0.0525338
    outer loop
      vertex 25 56.989 25.2909
      vertex 24 57 25.5
      vertex 25 57 25.5
    endloop
  endfacet
  facet normal 0 0.998619 -0.0525338
    outer loop
      vertex 24 57 25.5
      vertex 25 56.989 25.2909
      vertex 24 56.989 25.2909
    endloop
  endfacet
  facet normal 0 0.454269 -0.890864
    outer loop
      vertex 24 55.8135 23.6729
      vertex 25 56 23.768
      vertex 25 55.8135 23.6729
    endloop
  endfacet
  facet normal 0 0.454269 -0.890864
    outer loop
      vertex 25 56 23.768
      vertex 24 55.8135 23.6729
      vertex 24 56 23.768
    endloop
  endfacet
  facet normal 0 -0.777267 -0.629171
    outer loop
      vertex 24 53.5137 24.1617
      vertex 25 53.382 24.3244
      vertex 24 53.382 24.3244
    endloop
  endfacet
  facet normal 0 -0.777267 -0.629171
    outer loop
      vertex 25 53.382 24.3244
      vertex 24 53.5137 24.1617
      vertex 25 53.5137 24.1617
    endloop
  endfacet
  facet normal 0 0.707107 -0.707107
    outer loop
      vertex 25 56.3383 24.0137
      vertex 24 56.4863 24.1617
      vertex 25 56.4863 24.1617
    endloop
  endfacet
  facet normal 0 0.707107 -0.707107
    outer loop
      vertex 24 56.4863 24.1617
      vertex 25 56.3383 24.0137
      vertex 24 56.3383 24.0137
    endloop
  endfacet
  facet normal 0 -0.933653 -0.358179
    outer loop
      vertex 24 53.1729 24.6865
      vertex 25 53.0979 24.882
      vertex 24 53.0979 24.882
    endloop
  endfacet
  facet normal 0 -0.933653 -0.358179
    outer loop
      vertex 25 53.0979 24.882
      vertex 24 53.1729 24.6865
      vertex 25 53.1729 24.6865
    endloop
  endfacet
  facet normal 0 -0.965901 -0.258911
    outer loop
      vertex 24 53.0979 24.882
      vertex 25 53.0437 25.0842
      vertex 24 53.0437 25.0842
    endloop
  endfacet
  facet normal 0 -0.965901 -0.258911
    outer loop
      vertex 25 53.0437 25.0842
      vertex 24 53.0979 24.882
      vertex 25 53.0979 24.882
    endloop
  endfacet
  facet normal 0 -0.707107 -0.707107
    outer loop
      vertex 24 53.6617 24.0137
      vertex 25 53.5137 24.1617
      vertex 24 53.5137 24.1617
    endloop
  endfacet
  facet normal 0 -0.707107 -0.707107
    outer loop
      vertex 25 53.5137 24.1617
      vertex 24 53.6617 24.0137
      vertex 25 53.6617 24.0137
    endloop
  endfacet
  facet normal 0 -0.454269 -0.890864
    outer loop
      vertex 24 54 23.768
      vertex 25 54.1865 23.6729
      vertex 25 54 23.768
    endloop
  endfacet
  facet normal -0 -0.454269 -0.890864
    outer loop
      vertex 25 54.1865 23.6729
      vertex 24 54 23.768
      vertex 24 54.1865 23.6729
    endloop
  endfacet
  facet normal 0 -0.156364 0.987699
    outer loop
      vertex 24 55.2287 24.424
      vertex 25 55.115 24.406
      vertex 25 55.2287 24.424
    endloop
  endfacet
  facet normal 0 -0.156364 0.987699
    outer loop
      vertex 25 55.115 24.406
      vertex 24 55.2287 24.424
      vertex 24 55.115 24.406
    endloop
  endfacet
  facet normal 0 0.998642 0.052103
    outer loop
      vertex 25 53.906 25.385
      vertex 24 53.9 25.5
      vertex 25 53.9 25.5
    endloop
  endfacet
  facet normal 0 0.998642 0.052103
    outer loop
      vertex 24 53.9 25.5
      vertex 25 53.906 25.385
      vertex 24 53.906 25.385
    endloop
  endfacet
  facet normal 0 -0.777123 0.629348
    outer loop
      vertex 24 55.8175 24.764
      vertex 25 55.8899 24.8534
      vertex 24 55.8899 24.8534
    endloop
  endfacet
  facet normal 0 -0.777123 0.629348
    outer loop
      vertex 25 55.8899 24.8534
      vertex 24 55.8175 24.764
      vertex 25 55.8175 24.764
    endloop
  endfacet
  facet normal -0 0.052103 0.998642
    outer loop
      vertex 24 55 24.4
      vertex 25 54.885 24.406
      vertex 25 55 24.4
    endloop
  endfacet
  facet normal 0 0.052103 0.998642
    outer loop
      vertex 25 54.885 24.406
      vertex 24 55 24.4
      vertex 24 54.885 24.406
    endloop
  endfacet
  facet normal 0 -0.454147 0.890927
    outer loop
      vertex 24 55.55 24.5474
      vertex 25 55.4474 24.4951
      vertex 25 55.55 24.5474
    endloop
  endfacet
  facet normal 0 -0.454147 0.890927
    outer loop
      vertex 25 55.4474 24.4951
      vertex 24 55.55 24.5474
      vertex 24 55.4474 24.4951
    endloop
  endfacet
  facet normal 0 -0.052103 0.998642
    outer loop
      vertex 24 55.115 24.406
      vertex 25 55 24.4
      vertex 25 55.115 24.406
    endloop
  endfacet
  facet normal 0 -0.052103 0.998642
    outer loop
      vertex 25 55 24.4
      vertex 24 55.115 24.406
      vertex 24 55 24.4
    endloop
  endfacet
  facet normal 0 -0.93348 0.35863
    outer loop
      vertex 24 56.0049 25.0526
      vertex 25 56.0462 25.1601
      vertex 24 56.0462 25.1601
    endloop
  endfacet
  facet normal 0 -0.93348 0.35863
    outer loop
      vertex 25 56.0462 25.1601
      vertex 24 56.0049 25.0526
      vertex 25 56.0049 25.0526
    endloop
  endfacet
  facet normal 0 -0.998642 0.052103
    outer loop
      vertex 24 56.094 25.385
      vertex 25 56.1 25.5
      vertex 24 56.1 25.5
    endloop
  endfacet
  facet normal 0 -0.998642 0.052103
    outer loop
      vertex 25 56.1 25.5
      vertex 24 56.094 25.385
      vertex 25 56.094 25.385
    endloop
  endfacet
  facet normal 0 -0.629348 0.777123
    outer loop
      vertex 24 55.736 24.6825
      vertex 25 55.6466 24.6101
      vertex 25 55.736 24.6825
    endloop
  endfacet
  facet normal 0 -0.629348 0.777123
    outer loop
      vertex 25 55.6466 24.6101
      vertex 24 55.736 24.6825
      vertex 24 55.6466 24.6101
    endloop
  endfacet
  facet normal -0 0.258852 0.965917
    outer loop
      vertex 24 54.7713 24.424
      vertex 25 54.6601 24.4538
      vertex 25 54.7713 24.424
    endloop
  endfacet
  facet normal 0 0.258852 0.965917
    outer loop
      vertex 25 54.6601 24.4538
      vertex 24 54.7713 24.424
      vertex 24 54.6601 24.4538
    endloop
  endfacet
  facet normal 0 -0.838801 0.544439
    outer loop
      vertex 24 55.8899 24.8534
      vertex 25 55.9526 24.95
      vertex 24 55.9526 24.95
    endloop
  endfacet
  facet normal 0 -0.838801 0.544439
    outer loop
      vertex 25 55.9526 24.95
      vertex 24 55.8899 24.8534
      vertex 25 55.8899 24.8534
    endloop
  endfacet
  facet normal 0 -0.258852 0.965917
    outer loop
      vertex 24 55.3399 24.4538
      vertex 25 55.2287 24.424
      vertex 25 55.3399 24.4538
    endloop
  endfacet
  facet normal 0 -0.258852 0.965917
    outer loop
      vertex 25 55.2287 24.424
      vertex 24 55.3399 24.4538
      vertex 24 55.2287 24.424
    endloop
  endfacet
  facet normal 0 0.707107 0.707107
    outer loop
      vertex 25 54.264 24.6825
      vertex 24 54.1825 24.764
      vertex 25 54.1825 24.764
    endloop
  endfacet
  facet normal 0 0.707107 0.707107
    outer loop
      vertex 24 54.1825 24.764
      vertex 25 54.264 24.6825
      vertex 24 54.264 24.6825
    endloop
  endfacet
  facet normal 0 -0.890927 0.454147
    outer loop
      vertex 24 55.9526 24.95
      vertex 25 56.0049 25.0526
      vertex 24 56.0049 25.0526
    endloop
  endfacet
  facet normal 0 -0.890927 0.454147
    outer loop
      vertex 25 56.0049 25.0526
      vertex 24 55.9526 24.95
      vertex 25 55.9526 24.95
    endloop
  endfacet
  facet normal -0 0.156364 0.987699
    outer loop
      vertex 24 54.885 24.406
      vertex 25 54.7713 24.424
      vertex 25 54.885 24.406
    endloop
  endfacet
  facet normal 0 0.156364 0.987699
    outer loop
      vertex 25 54.7713 24.424
      vertex 24 54.885 24.406
      vertex 24 54.7713 24.424
    endloop
  endfacet
  facet normal 0 -0.707107 0.707107
    outer loop
      vertex 24 55.736 24.6825
      vertex 25 55.8175 24.764
      vertex 24 55.8175 24.764
    endloop
  endfacet
  facet normal 0 -0.707107 0.707107
    outer loop
      vertex 25 55.8175 24.764
      vertex 24 55.736 24.6825
      vertex 25 55.736 24.6825
    endloop
  endfacet
  facet normal 0 0.93348 0.35863
    outer loop
      vertex 25 53.9951 25.0526
      vertex 24 53.9538 25.1601
      vertex 25 53.9538 25.1601
    endloop
  endfacet
  facet normal 0 0.93348 0.35863
    outer loop
      vertex 24 53.9538 25.1601
      vertex 25 53.9951 25.0526
      vertex 24 53.9951 25.0526
    endloop
  endfacet
  facet normal 0 -0.965917 0.258852
    outer loop
      vertex 24 56.0462 25.1601
      vertex 25 56.076 25.2713
      vertex 24 56.076 25.2713
    endloop
  endfacet
  facet normal 0 -0.965917 0.258852
    outer loop
      vertex 25 56.076 25.2713
      vertex 24 56.0462 25.1601
      vertex 25 56.0462 25.1601
    endloop
  endfacet
  facet normal 0 -0.35863 0.93348
    outer loop
      vertex 24 55.4474 24.4951
      vertex 25 55.3399 24.4538
      vertex 25 55.4474 24.4951
    endloop
  endfacet
  facet normal 0 -0.35863 0.93348
    outer loop
      vertex 25 55.3399 24.4538
      vertex 24 55.4474 24.4951
      vertex 24 55.3399 24.4538
    endloop
  endfacet
  facet normal 0 0.987699 0.156364
    outer loop
      vertex 25 53.924 25.2713
      vertex 24 53.906 25.385
      vertex 25 53.906 25.385
    endloop
  endfacet
  facet normal 0 0.987699 0.156364
    outer loop
      vertex 24 53.906 25.385
      vertex 25 53.924 25.2713
      vertex 24 53.924 25.2713
    endloop
  endfacet
  facet normal -0 0.35863 0.93348
    outer loop
      vertex 24 54.6601 24.4538
      vertex 25 54.5526 24.4951
      vertex 25 54.6601 24.4538
    endloop
  endfacet
  facet normal 0 0.35863 0.93348
    outer loop
      vertex 25 54.5526 24.4951
      vertex 24 54.6601 24.4538
      vertex 24 54.5526 24.4951
    endloop
  endfacet
  facet normal -0 0.629348 0.777123
    outer loop
      vertex 24 54.3534 24.6101
      vertex 25 54.264 24.6825
      vertex 25 54.3534 24.6101
    endloop
  endfacet
  facet normal 0 0.629348 0.777123
    outer loop
      vertex 25 54.264 24.6825
      vertex 24 54.3534 24.6101
      vertex 24 54.264 24.6825
    endloop
  endfacet
  facet normal -0 0.544439 0.838801
    outer loop
      vertex 24 54.45 24.5474
      vertex 25 54.3534 24.6101
      vertex 25 54.45 24.5474
    endloop
  endfacet
  facet normal 0 0.544439 0.838801
    outer loop
      vertex 25 54.3534 24.6101
      vertex 24 54.45 24.5474
      vertex 24 54.3534 24.6101
    endloop
  endfacet
  facet normal 0 0.965917 0.258852
    outer loop
      vertex 25 53.9538 25.1601
      vertex 24 53.924 25.2713
      vertex 25 53.924 25.2713
    endloop
  endfacet
  facet normal 0 0.965917 0.258852
    outer loop
      vertex 24 53.924 25.2713
      vertex 25 53.9538 25.1601
      vertex 24 53.9538 25.1601
    endloop
  endfacet
  facet normal 0 -0.544439 0.838801
    outer loop
      vertex 24 55.6466 24.6101
      vertex 25 55.55 24.5474
      vertex 25 55.6466 24.6101
    endloop
  endfacet
  facet normal 0 -0.544439 0.838801
    outer loop
      vertex 25 55.55 24.5474
      vertex 24 55.6466 24.6101
      vertex 24 55.55 24.5474
    endloop
  endfacet
  facet normal 0 0.890927 0.454147
    outer loop
      vertex 25 54.0474 24.95
      vertex 24 53.9951 25.0526
      vertex 25 53.9951 25.0526
    endloop
  endfacet
  facet normal 0 0.890927 0.454147
    outer loop
      vertex 24 53.9951 25.0526
      vertex 25 54.0474 24.95
      vertex 24 54.0474 24.95
    endloop
  endfacet
  facet normal 0 -0.987699 0.156364
    outer loop
      vertex 24 56.076 25.2713
      vertex 25 56.094 25.385
      vertex 24 56.094 25.385
    endloop
  endfacet
  facet normal 0 -0.987699 0.156364
    outer loop
      vertex 25 56.094 25.385
      vertex 24 56.076 25.2713
      vertex 25 56.076 25.2713
    endloop
  endfacet
  facet normal -0 0.454147 0.890927
    outer loop
      vertex 24 54.5526 24.4951
      vertex 25 54.45 24.5474
      vertex 25 54.5526 24.4951
    endloop
  endfacet
  facet normal 0 0.454147 0.890927
    outer loop
      vertex 25 54.45 24.5474
      vertex 24 54.5526 24.4951
      vertex 24 54.45 24.5474
    endloop
  endfacet
  facet normal 0 0.838801 0.544439
    outer loop
      vertex 25 54.1101 24.8534
      vertex 24 54.0474 24.95
      vertex 25 54.0474 24.95
    endloop
  endfacet
  facet normal 0 0.838801 0.544439
    outer loop
      vertex 24 54.0474 24.95
      vertex 25 54.1101 24.8534
      vertex 24 54.1101 24.8534
    endloop
  endfacet
  facet normal 0 0.777123 0.629348
    outer loop
      vertex 25 54.1825 24.764
      vertex 24 54.1101 24.8534
      vertex 25 54.1101 24.8534
    endloop
  endfacet
  facet normal 0 0.777123 0.629348
    outer loop
      vertex 24 54.1101 24.8534
      vertex 25 54.1825 24.764
      vertex 24 54.1825 24.764
    endloop
  endfacet
  facet normal 0 -0.987713 0.156277
    outer loop
      vertex 24 13.5137 14.2613
      vertex 29 13.5546 14.5198
      vertex 24 13.5546 14.5198
    endloop
  endfacet
  facet normal 0 -0.987713 0.156277
    outer loop
      vertex 29 13.5546 14.5198
      vertex 24 13.5137 14.2613
      vertex 29 13.5137 14.2613
    endloop
  endfacet
  facet normal -0 0.358108 0.93368
    outer loop
      vertex 24 17.0168 16.2839
      vertex 29 16.7725 16.3776
      vertex 29 17.0168 16.2839
    endloop
  endfacet
  facet normal 0 0.358108 0.93368
    outer loop
      vertex 29 16.7725 16.3776
      vertex 24 17.0168 16.2839
      vertex 24 16.7725 16.3776
    endloop
  endfacet
  facet normal 0 0.358108 -0.93368
    outer loop
      vertex 24 16.7725 11.6224
      vertex 29 17.0168 11.7161
      vertex 29 16.7725 11.6224
    endloop
  endfacet
  facet normal 0 0.358108 -0.93368
    outer loop
      vertex 29 17.0168 11.7161
      vertex 24 16.7725 11.6224
      vertex 24 17.0168 11.7161
    endloop
  endfacet
  facet normal 0 0.707107 -0.707107
    outer loop
      vertex 29 17.6728 12.1421
      vertex 24 17.8579 12.3272
      vertex 29 17.8579 12.3272
    endloop
  endfacet
  facet normal 0 0.707107 -0.707107
    outer loop
      vertex 24 17.8579 12.3272
      vertex 29 17.6728 12.1421
      vertex 24 17.6728 12.1421
    endloop
  endfacet
  facet normal -0 0.156277 0.987713
    outer loop
      vertex 24 16.5198 16.4454
      vertex 29 16.2613 16.4863
      vertex 29 16.5198 16.4454
    endloop
  endfacet
  facet normal 0 0.156277 0.987713
    outer loop
      vertex 29 16.2613 16.4863
      vertex 24 16.5198 16.4454
      vertex 24 16.2613 16.4863
    endloop
  endfacet
  facet normal 0 -0.998628 0.0523582
    outer loop
      vertex 24 13.5 14
      vertex 29 13.5137 14.2613
      vertex 24 13.5137 14.2613
    endloop
  endfacet
  facet normal 0 -0.998628 0.0523582
    outer loop
      vertex 29 13.5137 14.2613
      vertex 24 13.5 14
      vertex 29 13.5 14
    endloop
  endfacet
  facet normal 0 -0.707107 -0.707107
    outer loop
      vertex 24 14.3272 12.1421
      vertex 29 14.1421 12.3272
      vertex 24 14.1421 12.3272
    endloop
  endfacet
  facet normal 0 -0.707107 -0.707107
    outer loop
      vertex 29 14.1421 12.3272
      vertex 24 14.3272 12.1421
      vertex 29 14.3272 12.1421
    endloop
  endfacet
  facet normal 0 -0.707107 0.707107
    outer loop
      vertex 24 14.1421 15.6728
      vertex 29 14.3272 15.8579
      vertex 24 14.3272 15.8579
    endloop
  endfacet
  facet normal 0 -0.707107 0.707107
    outer loop
      vertex 29 14.3272 15.8579
      vertex 24 14.1421 15.6728
      vertex 29 14.1421 15.6728
    endloop
  endfacet
  facet normal 0 -0.987713 -0.156277
    outer loop
      vertex 24 13.5546 13.4802
      vertex 29 13.5137 13.7387
      vertex 24 13.5137 13.7387
    endloop
  endfacet
  facet normal 0 -0.987713 -0.156277
    outer loop
      vertex 29 13.5137 13.7387
      vertex 24 13.5546 13.4802
      vertex 29 13.5546 13.4802
    endloop
  endfacet
  facet normal 0 0.156277 -0.987713
    outer loop
      vertex 24 16.2613 11.5137
      vertex 29 16.5198 11.5546
      vertex 29 16.2613 11.5137
    endloop
  endfacet
  facet normal 0 0.156277 -0.987713
    outer loop
      vertex 29 16.5198 11.5546
      vertex 24 16.2613 11.5137
      vertex 24 16.5198 11.5546
    endloop
  endfacet
  facet normal 0 -0.358108 -0.93368
    outer loop
      vertex 24 14.9832 11.7161
      vertex 29 15.2275 11.6224
      vertex 29 14.9832 11.7161
    endloop
  endfacet
  facet normal -0 -0.358108 -0.93368
    outer loop
      vertex 29 15.2275 11.6224
      vertex 24 14.9832 11.7161
      vertex 24 15.2275 11.6224
    endloop
  endfacet
  facet normal 0 0.891039 0.453926
    outer loop
      vertex 29 18.2839 15.0168
      vertex 24 18.1651 15.25
      vertex 29 18.1651 15.25
    endloop
  endfacet
  facet normal 0 0.891039 0.453926
    outer loop
      vertex 24 18.1651 15.25
      vertex 29 18.2839 15.0168
      vertex 24 18.2839 15.0168
    endloop
  endfacet
  facet normal 0 -0.629253 -0.7772
    outer loop
      vertex 24 14.3272 12.1421
      vertex 29 14.5305 11.9775
      vertex 29 14.3272 12.1421
    endloop
  endfacet
  facet normal -0 -0.629253 -0.7772
    outer loop
      vertex 29 14.5305 11.9775
      vertex 24 14.3272 12.1421
      vertex 24 14.5305 11.9775
    endloop
  endfacet
  facet normal 0 0.0523582 -0.998628
    outer loop
      vertex 24 16 11.5
      vertex 29 16.2613 11.5137
      vertex 29 16 11.5
    endloop
  endfacet
  facet normal 0 0.0523582 -0.998628
    outer loop
      vertex 29 16.2613 11.5137
      vertex 24 16 11.5
      vertex 24 16.2613 11.5137
    endloop
  endfacet
  facet normal -0 0.0523582 0.998628
    outer loop
      vertex 24 16.2613 16.4863
      vertex 29 16 16.5
      vertex 29 16.2613 16.4863
    endloop
  endfacet
  facet normal 0 0.0523582 0.998628
    outer loop
      vertex 29 16 16.5
      vertex 24 16.2613 16.4863
      vertex 24 16 16.5
    endloop
  endfacet
  facet normal 0 0.7772 0.629253
    outer loop
      vertex 29 18.0225 15.4695
      vertex 24 17.8579 15.6728
      vertex 29 17.8579 15.6728
    endloop
  endfacet
  facet normal 0 0.7772 0.629253
    outer loop
      vertex 24 17.8579 15.6728
      vertex 29 18.0225 15.4695
      vertex 24 18.0225 15.4695
    endloop
  endfacet
  facet normal 0 0.965841 -0.259137
    outer loop
      vertex 29 18.3776 13.2275
      vertex 24 18.4454 13.4802
      vertex 29 18.4454 13.4802
    endloop
  endfacet
  facet normal 0 0.965841 -0.259137
    outer loop
      vertex 24 18.4454 13.4802
      vertex 29 18.3776 13.2275
      vertex 24 18.3776 13.2275
    endloop
  endfacet
  facet normal 0 -0.965841 0.259137
    outer loop
      vertex 24 13.5546 14.5198
      vertex 29 13.6224 14.7725
      vertex 24 13.6224 14.7725
    endloop
  endfacet
  facet normal 0 -0.965841 0.259137
    outer loop
      vertex 29 13.6224 14.7725
      vertex 24 13.5546 14.5198
      vertex 29 13.5546 14.5198
    endloop
  endfacet
  facet normal 0 -0.0523582 -0.998628
    outer loop
      vertex 24 15.7387 11.5137
      vertex 29 16 11.5
      vertex 29 15.7387 11.5137
    endloop
  endfacet
  facet normal -0 -0.0523582 -0.998628
    outer loop
      vertex 29 16 11.5
      vertex 24 15.7387 11.5137
      vertex 24 16 11.5
    endloop
  endfacet
  facet normal 0 0.93368 -0.358108
    outer loop
      vertex 29 18.2839 12.9832
      vertex 24 18.3776 13.2275
      vertex 29 18.3776 13.2275
    endloop
  endfacet
  facet normal 0 0.93368 -0.358108
    outer loop
      vertex 24 18.3776 13.2275
      vertex 29 18.2839 12.9832
      vertex 24 18.2839 12.9832
    endloop
  endfacet
  facet normal 0 -0.156277 -0.987713
    outer loop
      vertex 24 15.4802 11.5546
      vertex 29 15.7387 11.5137
      vertex 29 15.4802 11.5546
    endloop
  endfacet
  facet normal -0 -0.156277 -0.987713
    outer loop
      vertex 29 15.7387 11.5137
      vertex 24 15.4802 11.5546
      vertex 24 15.7387 11.5137
    endloop
  endfacet
  facet normal 0 0.259137 -0.965841
    outer loop
      vertex 24 16.5198 11.5546
      vertex 29 16.7725 11.6224
      vertex 29 16.5198 11.5546
    endloop
  endfacet
  facet normal 0 0.259137 -0.965841
    outer loop
      vertex 29 16.7725 11.6224
      vertex 24 16.5198 11.5546
      vertex 24 16.7725 11.6224
    endloop
  endfacet
  facet normal 0 0.965841 0.259137
    outer loop
      vertex 29 18.4454 14.5198
      vertex 24 18.3776 14.7725
      vertex 29 18.3776 14.7725
    endloop
  endfacet
  facet normal 0 0.965841 0.259137
    outer loop
      vertex 24 18.3776 14.7725
      vertex 29 18.4454 14.5198
      vertex 24 18.4454 14.5198
    endloop
  endfacet
  facet normal 0 0.629253 -0.7772
    outer loop
      vertex 24 17.4695 11.9775
      vertex 29 17.6728 12.1421
      vertex 29 17.4695 11.9775
    endloop
  endfacet
  facet normal 0 0.629253 -0.7772
    outer loop
      vertex 29 17.6728 12.1421
      vertex 24 17.4695 11.9775
      vertex 24 17.6728 12.1421
    endloop
  endfacet
  facet normal 0 0.544787 -0.838575
    outer loop
      vertex 24 17.25 11.8349
      vertex 29 17.4695 11.9775
      vertex 29 17.25 11.8349
    endloop
  endfacet
  facet normal 0 0.544787 -0.838575
    outer loop
      vertex 29 17.4695 11.9775
      vertex 24 17.25 11.8349
      vertex 24 17.4695 11.9775
    endloop
  endfacet
  facet normal 0 0.998628 0.0523582
    outer loop
      vertex 29 18.5 14
      vertex 24 18.4863 14.2613
      vertex 29 18.4863 14.2613
    endloop
  endfacet
  facet normal 0 0.998628 0.0523582
    outer loop
      vertex 24 18.4863 14.2613
      vertex 29 18.5 14
      vertex 24 18.5 14
    endloop
  endfacet
  facet normal 1 0 0
    outer loop
      vertex 29 18.4863 14.2613
      vertex 29 18.4863 13.7387
      vertex 29 18.5 14
    endloop
  endfacet
  facet normal 1 0 0
    outer loop
      vertex 29 18.4454 14.5198
      vertex 29 18.4863 13.7387
      vertex 29 18.4863 14.2613
    endloop
  endfacet
  facet normal 1 0 0
    outer loop
      vertex 29 18.4454 14.5198
      vertex 29 18.4454 13.4802
      vertex 29 18.4863 13.7387
    endloop
  endfacet
  facet normal 1 0 0
    outer loop
      vertex 29 18.3776 14.7725
      vertex 29 18.4454 13.4802
      vertex 29 18.4454 14.5198
    endloop
  endfacet
  facet normal 1 0 0
    outer loop
      vertex 29 18.3776 14.7725
      vertex 29 18.3776 13.2275
      vertex 29 18.4454 13.4802
    endloop
  endfacet
  facet normal 1 0 0
    outer loop
      vertex 29 18.2839 15.0168
      vertex 29 18.3776 13.2275
      vertex 29 18.3776 14.7725
    endloop
  endfacet
  facet normal 1 0 0
    outer loop
      vertex 29 18.2839 15.0168
      vertex 29 18.2839 12.9832
      vertex 29 18.3776 13.2275
    endloop
  endfacet
  facet normal 1 0 0
    outer loop
      vertex 29 18.1651 15.25
      vertex 29 18.2839 12.9832
      vertex 29 18.2839 15.0168
    endloop
  endfacet
  facet normal 1 0 0
    outer loop
      vertex 29 18.1651 15.25
      vertex 29 18.1651 12.75
      vertex 29 18.2839 12.9832
    endloop
  endfacet
  facet normal 1 0 0
    outer loop
      vertex 29 18.0225 15.4695
      vertex 29 18.1651 12.75
      vertex 29 18.1651 15.25
    endloop
  endfacet
  facet normal 1 0 0
    outer loop
      vertex 29 18.0225 15.4695
      vertex 29 18.0225 12.5305
      vertex 29 18.1651 12.75
    endloop
  endfacet
  facet normal 1 0 0
    outer loop
      vertex 29 17.8579 15.6728
      vertex 29 18.0225 12.5305
      vertex 29 18.0225 15.4695
    endloop
  endfacet
  facet normal 1 0 0
    outer loop
      vertex 29 17.8579 15.6728
      vertex 29 17.8579 12.3272
      vertex 29 18.0225 12.5305
    endloop
  endfacet
  facet normal 1 0 0
    outer loop
      vertex 29 17.6728 15.8579
      vertex 29 17.8579 12.3272
      vertex 29 17.8579 15.6728
    endloop
  endfacet
  facet normal 1 0 0
    outer loop
      vertex 29 17.6728 15.8579
      vertex 29 17.6728 12.1421
      vertex 29 17.8579 12.3272
    endloop
  endfacet
  facet normal 1 0 0
    outer loop
      vertex 29 17.4695 16.0225
      vertex 29 17.6728 12.1421
      vertex 29 17.6728 15.8579
    endloop
  endfacet
  facet normal 1 0 0
    outer loop
      vertex 29 17.4695 16.0225
      vertex 29 17.4695 11.9775
      vertex 29 17.6728 12.1421
    endloop
  endfacet
  facet normal 1 0 0
    outer loop
      vertex 29 17.25 16.1651
      vertex 29 17.4695 11.9775
      vertex 29 17.4695 16.0225
    endloop
  endfacet
  facet normal 1 0 0
    outer loop
      vertex 29 17.25 16.1651
      vertex 29 17.25 11.8349
      vertex 29 17.4695 11.9775
    endloop
  endfacet
  facet normal 1 0 0
    outer loop
      vertex 29 17.0168 16.2839
      vertex 29 17.25 11.8349
      vertex 29 17.25 16.1651
    endloop
  endfacet
  facet normal 1 0 0
    outer loop
      vertex 29 17.0168 16.2839
      vertex 29 17.0168 11.7161
      vertex 29 17.25 11.8349
    endloop
  endfacet
  facet normal 1 0 0
    outer loop
      vertex 29 16.7725 16.3776
      vertex 29 17.0168 11.7161
      vertex 29 17.0168 16.2839
    endloop
  endfacet
  facet normal 1 0 0
    outer loop
      vertex 29 16.7725 16.3776
      vertex 29 16.7725 11.6224
      vertex 29 17.0168 11.7161
    endloop
  endfacet
  facet normal 1 0 0
    outer loop
      vertex 29 16.5198 16.4454
      vertex 29 16.7725 11.6224
      vertex 29 16.7725 16.3776
    endloop
  endfacet
  facet normal 1 0 0
    outer loop
      vertex 29 16.5198 16.4454
      vertex 29 16.5198 11.5546
      vertex 29 16.7725 11.6224
    endloop
  endfacet
  facet normal 1 0 0
    outer loop
      vertex 29 16.2613 16.4863
      vertex 29 16.5198 11.5546
      vertex 29 16.5198 16.4454
    endloop
  endfacet
  facet normal 1 0 0
    outer loop
      vertex 29 16.2613 16.4863
      vertex 29 16.2613 11.5137
      vertex 29 16.5198 11.5546
    endloop
  endfacet
  facet normal 1 0 0
    outer loop
      vertex 29 16 16.5
      vertex 29 16.2613 11.5137
      vertex 29 16.2613 16.4863
    endloop
  endfacet
  facet normal 1 0 0
    outer loop
      vertex 29 16 16.5
      vertex 29 16 11.5
      vertex 29 16.2613 11.5137
    endloop
  endfacet
  facet normal 1 -0 0
    outer loop
      vertex 29 15.7387 16.4863
      vertex 29 16 11.5
      vertex 29 16 16.5
    endloop
  endfacet
  facet normal 1 0 0
    outer loop
      vertex 29 15.7387 16.4863
      vertex 29 15.7387 11.5137
      vertex 29 16 11.5
    endloop
  endfacet
  facet normal 1 -0 0
    outer loop
      vertex 29 15.4802 16.4454
      vertex 29 15.7387 11.5137
      vertex 29 15.7387 16.4863
    endloop
  endfacet
  facet normal 1 0 0
    outer loop
      vertex 29 15.4802 16.4454
      vertex 29 15.4802 11.5546
      vertex 29 15.7387 11.5137
    endloop
  endfacet
  facet normal 1 -0 0
    outer loop
      vertex 29 15.2275 16.3776
      vertex 29 15.4802 11.5546
      vertex 29 15.4802 16.4454
    endloop
  endfacet
  facet normal 1 0 0
    outer loop
      vertex 29 15.2275 16.3776
      vertex 29 15.2275 11.6224
      vertex 29 15.4802 11.5546
    endloop
  endfacet
  facet normal 1 -0 0
    outer loop
      vertex 29 14.9832 16.2839
      vertex 29 15.2275 11.6224
      vertex 29 15.2275 16.3776
    endloop
  endfacet
  facet normal 1 0 0
    outer loop
      vertex 29 14.9832 16.2839
      vertex 29 14.9832 11.7161
      vertex 29 15.2275 11.6224
    endloop
  endfacet
  facet normal 1 -0 0
    outer loop
      vertex 29 14.75 16.1651
      vertex 29 14.9832 11.7161
      vertex 29 14.9832 16.2839
    endloop
  endfacet
  facet normal 1 0 0
    outer loop
      vertex 29 14.75 16.1651
      vertex 29 14.75 11.8349
      vertex 29 14.9832 11.7161
    endloop
  endfacet
  facet normal 1 -0 0
    outer loop
      vertex 29 14.5305 16.0225
      vertex 29 14.75 11.8349
      vertex 29 14.75 16.1651
    endloop
  endfacet
  facet normal 1 0 0
    outer loop
      vertex 29 14.5305 16.0225
      vertex 29 14.5305 11.9775
      vertex 29 14.75 11.8349
    endloop
  endfacet
  facet normal 1 -0 0
    outer loop
      vertex 29 14.3272 15.8579
      vertex 29 14.5305 11.9775
      vertex 29 14.5305 16.0225
    endloop
  endfacet
  facet normal 1 0 0
    outer loop
      vertex 29 14.3272 15.8579
      vertex 29 14.3272 12.1421
      vertex 29 14.5305 11.9775
    endloop
  endfacet
  facet normal 1 -0 0
    outer loop
      vertex 29 14.1421 15.6728
      vertex 29 14.3272 12.1421
      vertex 29 14.3272 15.8579
    endloop
  endfacet
  facet normal 1 0 0
    outer loop
      vertex 29 14.1421 15.6728
      vertex 29 14.1421 12.3272
      vertex 29 14.3272 12.1421
    endloop
  endfacet
  facet normal 1 -0 0
    outer loop
      vertex 29 13.9775 15.4695
      vertex 29 14.1421 12.3272
      vertex 29 14.1421 15.6728
    endloop
  endfacet
  facet normal 1 0 0
    outer loop
      vertex 29 13.9775 15.4695
      vertex 29 13.9775 12.5305
      vertex 29 14.1421 12.3272
    endloop
  endfacet
  facet normal 1 -0 0
    outer loop
      vertex 29 13.8349 15.25
      vertex 29 13.9775 12.5305
      vertex 29 13.9775 15.4695
    endloop
  endfacet
  facet normal 1 0 0
    outer loop
      vertex 29 13.8349 15.25
      vertex 29 13.8349 12.75
      vertex 29 13.9775 12.5305
    endloop
  endfacet
  facet normal 1 -0 0
    outer loop
      vertex 29 13.7161 15.0168
      vertex 29 13.8349 12.75
      vertex 29 13.8349 15.25
    endloop
  endfacet
  facet normal 1 0 0
    outer loop
      vertex 29 13.7161 15.0168
      vertex 29 13.7161 12.9832
      vertex 29 13.8349 12.75
    endloop
  endfacet
  facet normal 1 -0 0
    outer loop
      vertex 29 13.6224 14.7725
      vertex 29 13.7161 12.9832
      vertex 29 13.7161 15.0168
    endloop
  endfacet
  facet normal 1 0 0
    outer loop
      vertex 29 13.6224 14.7725
      vertex 29 13.6224 13.2275
      vertex 29 13.7161 12.9832
    endloop
  endfacet
  facet normal 1 -0 0
    outer loop
      vertex 29 13.5546 14.5198
      vertex 29 13.6224 13.2275
      vertex 29 13.6224 14.7725
    endloop
  endfacet
  facet normal 1 0 0
    outer loop
      vertex 29 13.5546 14.5198
      vertex 29 13.5546 13.4802
      vertex 29 13.6224 13.2275
    endloop
  endfacet
  facet normal 1 -0 0
    outer loop
      vertex 29 13.5137 14.2613
      vertex 29 13.5546 13.4802
      vertex 29 13.5546 14.5198
    endloop
  endfacet
  facet normal 1 0 0
    outer loop
      vertex 29 13.5137 14.2613
      vertex 29 13.5137 13.7387
      vertex 29 13.5546 13.4802
    endloop
  endfacet
  facet normal 1 0 -0
    outer loop
      vertex 29 13.5137 13.7387
      vertex 29 13.5137 14.2613
      vertex 29 13.5 14
    endloop
  endfacet
  facet normal 0 0.838575 0.544787
    outer loop
      vertex 29 18.1651 15.25
      vertex 24 18.0225 15.4695
      vertex 29 18.0225 15.4695
    endloop
  endfacet
  facet normal 0 0.838575 0.544787
    outer loop
      vertex 24 18.0225 15.4695
      vertex 29 18.1651 15.25
      vertex 24 18.1651 15.25
    endloop
  endfacet
  facet normal 0 -0.544787 -0.838575
    outer loop
      vertex 24 14.5305 11.9775
      vertex 29 14.75 11.8349
      vertex 29 14.5305 11.9775
    endloop
  endfacet
  facet normal -0 -0.544787 -0.838575
    outer loop
      vertex 29 14.75 11.8349
      vertex 24 14.5305 11.9775
      vertex 24 14.75 11.8349
    endloop
  endfacet
  facet normal 0 -0.358108 0.93368
    outer loop
      vertex 24 15.2275 16.3776
      vertex 29 14.9832 16.2839
      vertex 29 15.2275 16.3776
    endloop
  endfacet
  facet normal 0 -0.358108 0.93368
    outer loop
      vertex 29 14.9832 16.2839
      vertex 24 15.2275 16.3776
      vertex 24 14.9832 16.2839
    endloop
  endfacet
  facet normal 0 -0.891039 -0.453926
    outer loop
      vertex 24 13.8349 12.75
      vertex 29 13.7161 12.9832
      vertex 24 13.7161 12.9832
    endloop
  endfacet
  facet normal 0 -0.891039 -0.453926
    outer loop
      vertex 29 13.7161 12.9832
      vertex 24 13.8349 12.75
      vertex 29 13.8349 12.75
    endloop
  endfacet
  facet normal 0 0.998628 -0.0523582
    outer loop
      vertex 29 18.4863 13.7387
      vertex 24 18.5 14
      vertex 29 18.5 14
    endloop
  endfacet
  facet normal 0 0.998628 -0.0523582
    outer loop
      vertex 24 18.5 14
      vertex 29 18.4863 13.7387
      vertex 24 18.4863 13.7387
    endloop
  endfacet
  facet normal -0 0.259137 0.965841
    outer loop
      vertex 24 16.7725 16.3776
      vertex 29 16.5198 16.4454
      vertex 29 16.7725 16.3776
    endloop
  endfacet
  facet normal 0 0.259137 0.965841
    outer loop
      vertex 29 16.5198 16.4454
      vertex 24 16.7725 16.3776
      vertex 24 16.5198 16.4454
    endloop
  endfacet
  facet normal 0 0.987713 -0.156277
    outer loop
      vertex 29 18.4454 13.4802
      vertex 24 18.4863 13.7387
      vertex 29 18.4863 13.7387
    endloop
  endfacet
  facet normal 0 0.987713 -0.156277
    outer loop
      vertex 24 18.4863 13.7387
      vertex 29 18.4454 13.4802
      vertex 24 18.4454 13.4802
    endloop
  endfacet
  facet normal 0 -0.453926 -0.891039
    outer loop
      vertex 24 14.75 11.8349
      vertex 29 14.9832 11.7161
      vertex 29 14.75 11.8349
    endloop
  endfacet
  facet normal -0 -0.453926 -0.891039
    outer loop
      vertex 29 14.9832 11.7161
      vertex 24 14.75 11.8349
      vertex 24 14.9832 11.7161
    endloop
  endfacet
  facet normal 0 0.891039 -0.453926
    outer loop
      vertex 29 18.1651 12.75
      vertex 24 18.2839 12.9832
      vertex 29 18.2839 12.9832
    endloop
  endfacet
  facet normal 0 0.891039 -0.453926
    outer loop
      vertex 24 18.2839 12.9832
      vertex 29 18.1651 12.75
      vertex 24 18.1651 12.75
    endloop
  endfacet
  facet normal -0 0.544787 0.838575
    outer loop
      vertex 24 17.4695 16.0225
      vertex 29 17.25 16.1651
      vertex 29 17.4695 16.0225
    endloop
  endfacet
  facet normal 0 0.544787 0.838575
    outer loop
      vertex 29 17.25 16.1651
      vertex 24 17.4695 16.0225
      vertex 24 17.25 16.1651
    endloop
  endfacet
  facet normal 0 0.453926 -0.891039
    outer loop
      vertex 24 17.0168 11.7161
      vertex 29 17.25 11.8349
      vertex 29 17.0168 11.7161
    endloop
  endfacet
  facet normal 0 0.453926 -0.891039
    outer loop
      vertex 29 17.25 11.8349
      vertex 24 17.0168 11.7161
      vertex 24 17.25 11.8349
    endloop
  endfacet
  facet normal 0 -0.453926 0.891039
    outer loop
      vertex 24 14.9832 16.2839
      vertex 29 14.75 16.1651
      vertex 29 14.9832 16.2839
    endloop
  endfacet
  facet normal 0 -0.453926 0.891039
    outer loop
      vertex 29 14.75 16.1651
      vertex 24 14.9832 16.2839
      vertex 24 14.75 16.1651
    endloop
  endfacet
  facet normal 0 0.838575 -0.544787
    outer loop
      vertex 29 18.0225 12.5305
      vertex 24 18.1651 12.75
      vertex 29 18.1651 12.75
    endloop
  endfacet
  facet normal 0 0.838575 -0.544787
    outer loop
      vertex 24 18.1651 12.75
      vertex 29 18.0225 12.5305
      vertex 24 18.0225 12.5305
    endloop
  endfacet
  facet normal 0 -0.7772 -0.629253
    outer loop
      vertex 24 14.1421 12.3272
      vertex 29 13.9775 12.5305
      vertex 24 13.9775 12.5305
    endloop
  endfacet
  facet normal 0 -0.7772 -0.629253
    outer loop
      vertex 29 13.9775 12.5305
      vertex 24 14.1421 12.3272
      vertex 29 14.1421 12.3272
    endloop
  endfacet
  facet normal 0 0.7772 -0.629253
    outer loop
      vertex 29 17.8579 12.3272
      vertex 24 18.0225 12.5305
      vertex 29 18.0225 12.5305
    endloop
  endfacet
  facet normal 0 0.7772 -0.629253
    outer loop
      vertex 24 18.0225 12.5305
      vertex 29 17.8579 12.3272
      vertex 24 17.8579 12.3272
    endloop
  endfacet
  facet normal 0 0.707107 0.707107
    outer loop
      vertex 29 17.8579 15.6728
      vertex 24 17.6728 15.8579
      vertex 29 17.6728 15.8579
    endloop
  endfacet
  facet normal 0 0.707107 0.707107
    outer loop
      vertex 24 17.6728 15.8579
      vertex 29 17.8579 15.6728
      vertex 24 17.8579 15.6728
    endloop
  endfacet
  facet normal 0 -0.0523582 0.998628
    outer loop
      vertex 24 16 16.5
      vertex 29 15.7387 16.4863
      vertex 29 16 16.5
    endloop
  endfacet
  facet normal 0 -0.0523582 0.998628
    outer loop
      vertex 29 15.7387 16.4863
      vertex 24 16 16.5
      vertex 24 15.7387 16.4863
    endloop
  endfacet
  facet normal 0 -0.934488 0.355995
    outer loop
      vertex 24 13.7097 15
      vertex 29 13.7161 15.0168
      vertex 24 13.7161 15.0168
    endloop
  endfacet
  facet normal -8.73294e-06 -0.93362 0.358264
    outer loop
      vertex 24 13.6224 14.7725
      vertex 29 13.7161 15.0168
      vertex 24 13.7097 15
    endloop
  endfacet
  facet normal 0 -0.93368 0.358108
    outer loop
      vertex 29 13.7161 15.0168
      vertex 24 13.6224 14.7725
      vertex 29 13.6224 14.7725
    endloop
  endfacet
  facet normal 0 -0.998628 -0.0523582
    outer loop
      vertex 24 13.5137 13.7387
      vertex 29 13.5 14
      vertex 24 13.5 14
    endloop
  endfacet
  facet normal 0 -0.998628 -0.0523582
    outer loop
      vertex 29 13.5 14
      vertex 24 13.5137 13.7387
      vertex 29 13.5137 13.7387
    endloop
  endfacet
  facet normal 0 0.987713 0.156277
    outer loop
      vertex 29 18.4863 14.2613
      vertex 24 18.4454 14.5198
      vertex 29 18.4454 14.5198
    endloop
  endfacet
  facet normal 0 0.987713 0.156277
    outer loop
      vertex 24 18.4454 14.5198
      vertex 29 18.4863 14.2613
      vertex 24 18.4863 14.2613
    endloop
  endfacet
  facet normal 0 0.93368 0.358108
    outer loop
      vertex 29 18.3776 14.7725
      vertex 24 18.2839 15.0168
      vertex 29 18.2839 15.0168
    endloop
  endfacet
  facet normal 0 0.93368 0.358108
    outer loop
      vertex 24 18.2839 15.0168
      vertex 29 18.3776 14.7725
      vertex 24 18.3776 14.7725
    endloop
  endfacet
  facet normal 0 -0.838575 -0.544787
    outer loop
      vertex 24 13.9775 12.5305
      vertex 29 13.8349 12.75
      vertex 24 13.8349 12.75
    endloop
  endfacet
  facet normal 0 -0.838575 -0.544787
    outer loop
      vertex 29 13.8349 12.75
      vertex 24 13.9775 12.5305
      vertex 29 13.9775 12.5305
    endloop
  endfacet
  facet normal 0 -0.259137 -0.965841
    outer loop
      vertex 24 15.2275 11.6224
      vertex 29 15.4802 11.5546
      vertex 29 15.2275 11.6224
    endloop
  endfacet
  facet normal -0 -0.259137 -0.965841
    outer loop
      vertex 29 15.4802 11.5546
      vertex 24 15.2275 11.6224
      vertex 24 15.4802 11.5546
    endloop
  endfacet
  facet normal 0 -0.544787 0.838575
    outer loop
      vertex 24 14.75 16.1651
      vertex 29 14.5305 16.0225
      vertex 29 14.75 16.1651
    endloop
  endfacet
  facet normal 0 -0.544787 0.838575
    outer loop
      vertex 29 14.5305 16.0225
      vertex 24 14.75 16.1651
      vertex 24 14.5305 16.0225
    endloop
  endfacet
  facet normal -0 0.629253 0.7772
    outer loop
      vertex 24 17.6728 15.8579
      vertex 29 17.4695 16.0225
      vertex 29 17.6728 15.8579
    endloop
  endfacet
  facet normal 0 0.629253 0.7772
    outer loop
      vertex 29 17.4695 16.0225
      vertex 24 17.6728 15.8579
      vertex 24 17.4695 16.0225
    endloop
  endfacet
  facet normal 0 -0.629253 0.7772
    outer loop
      vertex 24 14.5305 16.0225
      vertex 29 14.3272 15.8579
      vertex 29 14.5305 16.0225
    endloop
  endfacet
  facet normal 0 -0.629253 0.7772
    outer loop
      vertex 29 14.3272 15.8579
      vertex 24 14.5305 16.0225
      vertex 24 14.3272 15.8579
    endloop
  endfacet
  facet normal -0 0.453926 0.891039
    outer loop
      vertex 24 17.25 16.1651
      vertex 29 17.0168 16.2839
      vertex 29 17.25 16.1651
    endloop
  endfacet
  facet normal 0 0.453926 0.891039
    outer loop
      vertex 29 17.0168 16.2839
      vertex 24 17.25 16.1651
      vertex 24 17.0168 16.2839
    endloop
  endfacet
  facet normal 0 -0.259137 0.965841
    outer loop
      vertex 24 15.4802 16.4454
      vertex 29 15.2275 16.3776
      vertex 29 15.4802 16.4454
    endloop
  endfacet
  facet normal 0 -0.259137 0.965841
    outer loop
      vertex 29 15.2275 16.3776
      vertex 24 15.4802 16.4454
      vertex 24 15.2275 16.3776
    endloop
  endfacet
  facet normal 0 -0.156277 0.987713
    outer loop
      vertex 24 15.7387 16.4863
      vertex 29 15.4802 16.4454
      vertex 29 15.7387 16.4863
    endloop
  endfacet
  facet normal 0 -0.156277 0.987713
    outer loop
      vertex 29 15.4802 16.4454
      vertex 24 15.7387 16.4863
      vertex 24 15.4802 16.4454
    endloop
  endfacet
  facet normal 0 -0.93362 -0.358264
    outer loop
      vertex 24 13.7097 13
      vertex 29 13.6224 13.2275
      vertex 24 13.6224 13.2275
    endloop
  endfacet
  facet normal -0 -0.934488 -0.355995
    outer loop
      vertex 29 13.7161 12.9832
      vertex 24 13.7097 13
      vertex 24 13.7161 12.9832
    endloop
  endfacet
  facet normal -8.13292e-06 -0.93368 -0.358108
    outer loop
      vertex 24 13.7097 13
      vertex 29 13.7161 12.9832
      vertex 29 13.6224 13.2275
    endloop
  endfacet
  facet normal 0 -0.7772 0.629253
    outer loop
      vertex 24 13.9775 15.4695
      vertex 29 14.1421 15.6728
      vertex 24 14.1421 15.6728
    endloop
  endfacet
  facet normal 0 -0.7772 0.629253
    outer loop
      vertex 29 14.1421 15.6728
      vertex 24 13.9775 15.4695
      vertex 29 13.9775 15.4695
    endloop
  endfacet
  facet normal 0 -0.891039 0.453926
    outer loop
      vertex 24 13.7161 15.0168
      vertex 29 13.8349 15.25
      vertex 24 13.8349 15.25
    endloop
  endfacet
  facet normal 0 -0.891039 0.453926
    outer loop
      vertex 29 13.8349 15.25
      vertex 24 13.7161 15.0168
      vertex 29 13.7161 15.0168
    endloop
  endfacet
  facet normal 0 -0.965841 -0.259137
    outer loop
      vertex 24 13.6224 13.2275
      vertex 29 13.5546 13.4802
      vertex 24 13.5546 13.4802
    endloop
  endfacet
  facet normal 0 -0.965841 -0.259137
    outer loop
      vertex 29 13.5546 13.4802
      vertex 24 13.6224 13.2275
      vertex 29 13.6224 13.2275
    endloop
  endfacet
  facet normal 0 -0.838575 0.544787
    outer loop
      vertex 24 13.8349 15.25
      vertex 29 13.9775 15.4695
      vertex 24 13.9775 15.4695
    endloop
  endfacet
  facet normal 0 -0.838575 0.544787
    outer loop
      vertex 29 13.9775 15.4695
      vertex 24 13.8349 15.25
      vertex 29 13.8349 15.25
    endloop
  endfacet
  facet normal 0 -0.987713 0.156277
    outer loop
      vertex 24 41.5137 14.2613
      vertex 29 41.5546 14.5198
      vertex 24 41.5546 14.5198
    endloop
  endfacet
  facet normal 0 -0.987713 0.156277
    outer loop
      vertex 29 41.5546 14.5198
      vertex 24 41.5137 14.2613
      vertex 29 41.5137 14.2613
    endloop
  endfacet
  facet normal -0 0.358108 0.93368
    outer loop
      vertex 24 45.0168 16.2839
      vertex 29 44.7725 16.3776
      vertex 29 45.0168 16.2839
    endloop
  endfacet
  facet normal 0 0.358108 0.93368
    outer loop
      vertex 29 44.7725 16.3776
      vertex 24 45.0168 16.2839
      vertex 24 44.7725 16.3776
    endloop
  endfacet
  facet normal 0 0.358108 -0.93368
    outer loop
      vertex 24 44.7725 11.6224
      vertex 29 45.0168 11.7161
      vertex 29 44.7725 11.6224
    endloop
  endfacet
  facet normal 0 0.358108 -0.93368
    outer loop
      vertex 29 45.0168 11.7161
      vertex 24 44.7725 11.6224
      vertex 24 45.0168 11.7161
    endloop
  endfacet
  facet normal 0 0.707107 -0.707107
    outer loop
      vertex 29 45.6728 12.1421
      vertex 24 45.8579 12.3272
      vertex 29 45.8579 12.3272
    endloop
  endfacet
  facet normal 0 0.707107 -0.707107
    outer loop
      vertex 24 45.8579 12.3272
      vertex 29 45.6728 12.1421
      vertex 24 45.6728 12.1421
    endloop
  endfacet
  facet normal -0 0.156277 0.987713
    outer loop
      vertex 24 44.5198 16.4454
      vertex 29 44.2613 16.4863
      vertex 29 44.5198 16.4454
    endloop
  endfacet
  facet normal 0 0.156277 0.987713
    outer loop
      vertex 29 44.2613 16.4863
      vertex 24 44.5198 16.4454
      vertex 24 44.2613 16.4863
    endloop
  endfacet
  facet normal 0 -0.998628 0.0523582
    outer loop
      vertex 24 41.5 14
      vertex 29 41.5137 14.2613
      vertex 24 41.5137 14.2613
    endloop
  endfacet
  facet normal 0 -0.998628 0.0523582
    outer loop
      vertex 29 41.5137 14.2613
      vertex 24 41.5 14
      vertex 29 41.5 14
    endloop
  endfacet
  facet normal 0 -0.707107 -0.707107
    outer loop
      vertex 24 42.3272 12.1421
      vertex 29 42.1421 12.3272
      vertex 24 42.1421 12.3272
    endloop
  endfacet
  facet normal 0 -0.707107 -0.707107
    outer loop
      vertex 29 42.1421 12.3272
      vertex 24 42.3272 12.1421
      vertex 29 42.3272 12.1421
    endloop
  endfacet
  facet normal 0 -0.707107 0.707107
    outer loop
      vertex 24 42.1421 15.6728
      vertex 29 42.3272 15.8579
      vertex 24 42.3272 15.8579
    endloop
  endfacet
  facet normal 0 -0.707107 0.707107
    outer loop
      vertex 29 42.3272 15.8579
      vertex 24 42.1421 15.6728
      vertex 29 42.1421 15.6728
    endloop
  endfacet
  facet normal 0 -0.987713 -0.156277
    outer loop
      vertex 24 41.5546 13.4802
      vertex 29 41.5137 13.7387
      vertex 24 41.5137 13.7387
    endloop
  endfacet
  facet normal 0 -0.987713 -0.156277
    outer loop
      vertex 29 41.5137 13.7387
      vertex 24 41.5546 13.4802
      vertex 29 41.5546 13.4802
    endloop
  endfacet
  facet normal 0 0.156277 -0.987713
    outer loop
      vertex 24 44.2613 11.5137
      vertex 29 44.5198 11.5546
      vertex 29 44.2613 11.5137
    endloop
  endfacet
  facet normal 0 0.156277 -0.987713
    outer loop
      vertex 29 44.5198 11.5546
      vertex 24 44.2613 11.5137
      vertex 24 44.5198 11.5546
    endloop
  endfacet
  facet normal 0 -0.358108 -0.93368
    outer loop
      vertex 24 42.9832 11.7161
      vertex 29 43.2275 11.6224
      vertex 29 42.9832 11.7161
    endloop
  endfacet
  facet normal -0 -0.358108 -0.93368
    outer loop
      vertex 29 43.2275 11.6224
      vertex 24 42.9832 11.7161
      vertex 24 43.2275 11.6224
    endloop
  endfacet
  facet normal 0 0.891039 0.453926
    outer loop
      vertex 29 46.2839 15.0168
      vertex 24 46.1651 15.25
      vertex 29 46.1651 15.25
    endloop
  endfacet
  facet normal 0 0.891039 0.453926
    outer loop
      vertex 24 46.1651 15.25
      vertex 29 46.2839 15.0168
      vertex 24 46.2839 15.0168
    endloop
  endfacet
  facet normal 0 -0.629253 -0.7772
    outer loop
      vertex 24 42.3272 12.1421
      vertex 29 42.5305 11.9775
      vertex 29 42.3272 12.1421
    endloop
  endfacet
  facet normal -0 -0.629253 -0.7772
    outer loop
      vertex 29 42.5305 11.9775
      vertex 24 42.3272 12.1421
      vertex 24 42.5305 11.9775
    endloop
  endfacet
  facet normal 0 0.0523582 -0.998628
    outer loop
      vertex 24 44 11.5
      vertex 29 44.2613 11.5137
      vertex 29 44 11.5
    endloop
  endfacet
  facet normal 0 0.0523582 -0.998628
    outer loop
      vertex 29 44.2613 11.5137
      vertex 24 44 11.5
      vertex 24 44.2613 11.5137
    endloop
  endfacet
  facet normal -0 0.0523582 0.998628
    outer loop
      vertex 24 44.2613 16.4863
      vertex 29 44 16.5
      vertex 29 44.2613 16.4863
    endloop
  endfacet
  facet normal 0 0.0523582 0.998628
    outer loop
      vertex 29 44 16.5
      vertex 24 44.2613 16.4863
      vertex 24 44 16.5
    endloop
  endfacet
  facet normal 0 0.7772 0.629253
    outer loop
      vertex 29 46.0225 15.4695
      vertex 24 45.8579 15.6728
      vertex 29 45.8579 15.6728
    endloop
  endfacet
  facet normal 0 0.7772 0.629253
    outer loop
      vertex 24 45.8579 15.6728
      vertex 29 46.0225 15.4695
      vertex 24 46.0225 15.4695
    endloop
  endfacet
  facet normal 0 0.965841 -0.259137
    outer loop
      vertex 29 46.3776 13.2275
      vertex 24 46.4454 13.4802
      vertex 29 46.4454 13.4802
    endloop
  endfacet
  facet normal 0 0.965841 -0.259137
    outer loop
      vertex 24 46.4454 13.4802
      vertex 29 46.3776 13.2275
      vertex 24 46.3776 13.2275
    endloop
  endfacet
  facet normal 0 -0.965841 0.259137
    outer loop
      vertex 24 41.5546 14.5198
      vertex 29 41.6224 14.7725
      vertex 24 41.6224 14.7725
    endloop
  endfacet
  facet normal 0 -0.965841 0.259137
    outer loop
      vertex 29 41.6224 14.7725
      vertex 24 41.5546 14.5198
      vertex 29 41.5546 14.5198
    endloop
  endfacet
  facet normal 0 -0.0523582 -0.998628
    outer loop
      vertex 24 43.7387 11.5137
      vertex 29 44 11.5
      vertex 29 43.7387 11.5137
    endloop
  endfacet
  facet normal -0 -0.0523582 -0.998628
    outer loop
      vertex 29 44 11.5
      vertex 24 43.7387 11.5137
      vertex 24 44 11.5
    endloop
  endfacet
  facet normal 0 0.93362 -0.358264
    outer loop
      vertex 29 46.3776 13.2275
      vertex 24 46.2903 13
      vertex 24 46.3776 13.2275
    endloop
  endfacet
  facet normal -8.13292e-06 0.93368 -0.358108
    outer loop
      vertex 29 46.2839 12.9832
      vertex 24 46.2903 13
      vertex 29 46.3776 13.2275
    endloop
  endfacet
  facet normal 0 0.934488 -0.355995
    outer loop
      vertex 24 46.2903 13
      vertex 29 46.2839 12.9832
      vertex 24 46.2839 12.9832
    endloop
  endfacet
  facet normal 0 -0.156277 -0.987713
    outer loop
      vertex 24 43.4802 11.5546
      vertex 29 43.7387 11.5137
      vertex 29 43.4802 11.5546
    endloop
  endfacet
  facet normal -0 -0.156277 -0.987713
    outer loop
      vertex 29 43.7387 11.5137
      vertex 24 43.4802 11.5546
      vertex 24 43.7387 11.5137
    endloop
  endfacet
  facet normal 0 0.259137 -0.965841
    outer loop
      vertex 24 44.5198 11.5546
      vertex 29 44.7725 11.6224
      vertex 29 44.5198 11.5546
    endloop
  endfacet
  facet normal 0 0.259137 -0.965841
    outer loop
      vertex 29 44.7725 11.6224
      vertex 24 44.5198 11.5546
      vertex 24 44.7725 11.6224
    endloop
  endfacet
  facet normal 0 0.965841 0.259137
    outer loop
      vertex 29 46.4454 14.5198
      vertex 24 46.3776 14.7725
      vertex 29 46.3776 14.7725
    endloop
  endfacet
  facet normal 0 0.965841 0.259137
    outer loop
      vertex 24 46.3776 14.7725
      vertex 29 46.4454 14.5198
      vertex 24 46.4454 14.5198
    endloop
  endfacet
  facet normal 0 0.629253 -0.7772
    outer loop
      vertex 24 45.4695 11.9775
      vertex 29 45.6728 12.1421
      vertex 29 45.4695 11.9775
    endloop
  endfacet
  facet normal 0 0.629253 -0.7772
    outer loop
      vertex 29 45.6728 12.1421
      vertex 24 45.4695 11.9775
      vertex 24 45.6728 12.1421
    endloop
  endfacet
  facet normal 0 0.544787 -0.838575
    outer loop
      vertex 24 45.25 11.8349
      vertex 29 45.4695 11.9775
      vertex 29 45.25 11.8349
    endloop
  endfacet
  facet normal 0 0.544787 -0.838575
    outer loop
      vertex 29 45.4695 11.9775
      vertex 24 45.25 11.8349
      vertex 24 45.4695 11.9775
    endloop
  endfacet
  facet normal 0 0.998628 0.0523582
    outer loop
      vertex 29 46.5 14
      vertex 24 46.4863 14.2613
      vertex 29 46.4863 14.2613
    endloop
  endfacet
  facet normal 0 0.998628 0.0523582
    outer loop
      vertex 24 46.4863 14.2613
      vertex 29 46.5 14
      vertex 24 46.5 14
    endloop
  endfacet
  facet normal 0 -0.7772 -0.629253
    outer loop
      vertex 24 42.1421 12.3272
      vertex 29 41.9775 12.5305
      vertex 24 41.9775 12.5305
    endloop
  endfacet
  facet normal 0 -0.7772 -0.629253
    outer loop
      vertex 29 41.9775 12.5305
      vertex 24 42.1421 12.3272
      vertex 29 42.1421 12.3272
    endloop
  endfacet
  facet normal 1 0 0
    outer loop
      vertex 29 46.4863 14.2613
      vertex 29 46.4863 13.7387
      vertex 29 46.5 14
    endloop
  endfacet
  facet normal 1 0 0
    outer loop
      vertex 29 46.4454 14.5198
      vertex 29 46.4863 13.7387
      vertex 29 46.4863 14.2613
    endloop
  endfacet
  facet normal 1 0 0
    outer loop
      vertex 29 46.4454 14.5198
      vertex 29 46.4454 13.4802
      vertex 29 46.4863 13.7387
    endloop
  endfacet
  facet normal 1 0 0
    outer loop
      vertex 29 46.3776 14.7725
      vertex 29 46.4454 13.4802
      vertex 29 46.4454 14.5198
    endloop
  endfacet
  facet normal 1 0 0
    outer loop
      vertex 29 46.3776 14.7725
      vertex 29 46.3776 13.2275
      vertex 29 46.4454 13.4802
    endloop
  endfacet
  facet normal 1 0 0
    outer loop
      vertex 29 46.2839 15.0168
      vertex 29 46.3776 13.2275
      vertex 29 46.3776 14.7725
    endloop
  endfacet
  facet normal 1 0 0
    outer loop
      vertex 29 46.2839 15.0168
      vertex 29 46.2839 12.9832
      vertex 29 46.3776 13.2275
    endloop
  endfacet
  facet normal 1 0 0
    outer loop
      vertex 29 46.1651 15.25
      vertex 29 46.2839 12.9832
      vertex 29 46.2839 15.0168
    endloop
  endfacet
  facet normal 1 0 0
    outer loop
      vertex 29 46.1651 15.25
      vertex 29 46.1651 12.75
      vertex 29 46.2839 12.9832
    endloop
  endfacet
  facet normal 1 0 0
    outer loop
      vertex 29 46.0225 15.4695
      vertex 29 46.1651 12.75
      vertex 29 46.1651 15.25
    endloop
  endfacet
  facet normal 1 0 0
    outer loop
      vertex 29 46.0225 15.4695
      vertex 29 46.0225 12.5305
      vertex 29 46.1651 12.75
    endloop
  endfacet
  facet normal 1 0 0
    outer loop
      vertex 29 45.8579 15.6728
      vertex 29 46.0225 12.5305
      vertex 29 46.0225 15.4695
    endloop
  endfacet
  facet normal 1 0 0
    outer loop
      vertex 29 45.8579 15.6728
      vertex 29 45.8579 12.3272
      vertex 29 46.0225 12.5305
    endloop
  endfacet
  facet normal 1 0 0
    outer loop
      vertex 29 45.6728 15.8579
      vertex 29 45.8579 12.3272
      vertex 29 45.8579 15.6728
    endloop
  endfacet
  facet normal 1 0 0
    outer loop
      vertex 29 45.6728 15.8579
      vertex 29 45.6728 12.1421
      vertex 29 45.8579 12.3272
    endloop
  endfacet
  facet normal 1 0 0
    outer loop
      vertex 29 45.4695 16.0225
      vertex 29 45.6728 12.1421
      vertex 29 45.6728 15.8579
    endloop
  endfacet
  facet normal 1 0 0
    outer loop
      vertex 29 45.4695 16.0225
      vertex 29 45.4695 11.9775
      vertex 29 45.6728 12.1421
    endloop
  endfacet
  facet normal 1 0 0
    outer loop
      vertex 29 45.25 16.1651
      vertex 29 45.4695 11.9775
      vertex 29 45.4695 16.0225
    endloop
  endfacet
  facet normal 1 0 0
    outer loop
      vertex 29 45.25 16.1651
      vertex 29 45.25 11.8349
      vertex 29 45.4695 11.9775
    endloop
  endfacet
  facet normal 1 0 0
    outer loop
      vertex 29 45.0168 16.2839
      vertex 29 45.25 11.8349
      vertex 29 45.25 16.1651
    endloop
  endfacet
  facet normal 1 0 0
    outer loop
      vertex 29 45.0168 16.2839
      vertex 29 45.0168 11.7161
      vertex 29 45.25 11.8349
    endloop
  endfacet
  facet normal 1 0 0
    outer loop
      vertex 29 44.7725 16.3776
      vertex 29 45.0168 11.7161
      vertex 29 45.0168 16.2839
    endloop
  endfacet
  facet normal 1 0 0
    outer loop
      vertex 29 44.7725 16.3776
      vertex 29 44.7725 11.6224
      vertex 29 45.0168 11.7161
    endloop
  endfacet
  facet normal 1 0 0
    outer loop
      vertex 29 44.5198 16.4454
      vertex 29 44.7725 11.6224
      vertex 29 44.7725 16.3776
    endloop
  endfacet
  facet normal 1 0 0
    outer loop
      vertex 29 44.5198 16.4454
      vertex 29 44.5198 11.5546
      vertex 29 44.7725 11.6224
    endloop
  endfacet
  facet normal 1 0 0
    outer loop
      vertex 29 44.2613 16.4863
      vertex 29 44.5198 11.5546
      vertex 29 44.5198 16.4454
    endloop
  endfacet
  facet normal 1 0 0
    outer loop
      vertex 29 44.2613 16.4863
      vertex 29 44.2613 11.5137
      vertex 29 44.5198 11.5546
    endloop
  endfacet
  facet normal 1 0 0
    outer loop
      vertex 29 44 16.5
      vertex 29 44.2613 11.5137
      vertex 29 44.2613 16.4863
    endloop
  endfacet
  facet normal 1 0 0
    outer loop
      vertex 29 44 16.5
      vertex 29 44 11.5
      vertex 29 44.2613 11.5137
    endloop
  endfacet
  facet normal 1 -0 0
    outer loop
      vertex 29 43.7387 16.4863
      vertex 29 44 11.5
      vertex 29 44 16.5
    endloop
  endfacet
  facet normal 1 0 0
    outer loop
      vertex 29 43.7387 16.4863
      vertex 29 43.7387 11.5137
      vertex 29 44 11.5
    endloop
  endfacet
  facet normal 1 -0 0
    outer loop
      vertex 29 43.4802 16.4454
      vertex 29 43.7387 11.5137
      vertex 29 43.7387 16.4863
    endloop
  endfacet
  facet normal 1 0 0
    outer loop
      vertex 29 43.4802 16.4454
      vertex 29 43.4802 11.5546
      vertex 29 43.7387 11.5137
    endloop
  endfacet
  facet normal 1 -0 0
    outer loop
      vertex 29 43.2275 16.3776
      vertex 29 43.4802 11.5546
      vertex 29 43.4802 16.4454
    endloop
  endfacet
  facet normal 1 0 0
    outer loop
      vertex 29 43.2275 16.3776
      vertex 29 43.2275 11.6224
      vertex 29 43.4802 11.5546
    endloop
  endfacet
  facet normal 1 -0 0
    outer loop
      vertex 29 42.9832 16.2839
      vertex 29 43.2275 11.6224
      vertex 29 43.2275 16.3776
    endloop
  endfacet
  facet normal 1 0 0
    outer loop
      vertex 29 42.9832 16.2839
      vertex 29 42.9832 11.7161
      vertex 29 43.2275 11.6224
    endloop
  endfacet
  facet normal 1 -0 0
    outer loop
      vertex 29 42.75 16.1651
      vertex 29 42.9832 11.7161
      vertex 29 42.9832 16.2839
    endloop
  endfacet
  facet normal 1 0 0
    outer loop
      vertex 29 42.75 16.1651
      vertex 29 42.75 11.8349
      vertex 29 42.9832 11.7161
    endloop
  endfacet
  facet normal 1 -0 0
    outer loop
      vertex 29 42.5305 16.0225
      vertex 29 42.75 11.8349
      vertex 29 42.75 16.1651
    endloop
  endfacet
  facet normal 1 0 0
    outer loop
      vertex 29 42.5305 16.0225
      vertex 29 42.5305 11.9775
      vertex 29 42.75 11.8349
    endloop
  endfacet
  facet normal 1 -0 0
    outer loop
      vertex 29 42.3272 15.8579
      vertex 29 42.5305 11.9775
      vertex 29 42.5305 16.0225
    endloop
  endfacet
  facet normal 1 0 0
    outer loop
      vertex 29 42.3272 15.8579
      vertex 29 42.3272 12.1421
      vertex 29 42.5305 11.9775
    endloop
  endfacet
  facet normal 1 -0 0
    outer loop
      vertex 29 42.1421 15.6728
      vertex 29 42.3272 12.1421
      vertex 29 42.3272 15.8579
    endloop
  endfacet
  facet normal 1 0 0
    outer loop
      vertex 29 42.1421 15.6728
      vertex 29 42.1421 12.3272
      vertex 29 42.3272 12.1421
    endloop
  endfacet
  facet normal 1 -0 0
    outer loop
      vertex 29 41.9775 15.4695
      vertex 29 42.1421 12.3272
      vertex 29 42.1421 15.6728
    endloop
  endfacet
  facet normal 1 0 0
    outer loop
      vertex 29 41.9775 15.4695
      vertex 29 41.9775 12.5305
      vertex 29 42.1421 12.3272
    endloop
  endfacet
  facet normal 1 -0 0
    outer loop
      vertex 29 41.8349 15.25
      vertex 29 41.9775 12.5305
      vertex 29 41.9775 15.4695
    endloop
  endfacet
  facet normal 1 0 0
    outer loop
      vertex 29 41.8349 15.25
      vertex 29 41.8349 12.75
      vertex 29 41.9775 12.5305
    endloop
  endfacet
  facet normal 1 -0 0
    outer loop
      vertex 29 41.7161 15.0168
      vertex 29 41.8349 12.75
      vertex 29 41.8349 15.25
    endloop
  endfacet
  facet normal 1 0 0
    outer loop
      vertex 29 41.7161 15.0168
      vertex 29 41.7161 12.9832
      vertex 29 41.8349 12.75
    endloop
  endfacet
  facet normal 1 -0 0
    outer loop
      vertex 29 41.6224 14.7725
      vertex 29 41.7161 12.9832
      vertex 29 41.7161 15.0168
    endloop
  endfacet
  facet normal 1 0 0
    outer loop
      vertex 29 41.6224 14.7725
      vertex 29 41.6224 13.2275
      vertex 29 41.7161 12.9832
    endloop
  endfacet
  facet normal 1 -0 0
    outer loop
      vertex 29 41.5546 14.5198
      vertex 29 41.6224 13.2275
      vertex 29 41.6224 14.7725
    endloop
  endfacet
  facet normal 1 0 0
    outer loop
      vertex 29 41.5546 14.5198
      vertex 29 41.5546 13.4802
      vertex 29 41.6224 13.2275
    endloop
  endfacet
  facet normal 1 -0 0
    outer loop
      vertex 29 41.5137 14.2613
      vertex 29 41.5546 13.4802
      vertex 29 41.5546 14.5198
    endloop
  endfacet
  facet normal 1 0 0
    outer loop
      vertex 29 41.5137 14.2613
      vertex 29 41.5137 13.7387
      vertex 29 41.5546 13.4802
    endloop
  endfacet
  facet normal 1 0 -0
    outer loop
      vertex 29 41.5137 13.7387
      vertex 29 41.5137 14.2613
      vertex 29 41.5 14
    endloop
  endfacet
  facet normal 0 0.838575 0.544787
    outer loop
      vertex 29 46.1651 15.25
      vertex 24 46.0225 15.4695
      vertex 29 46.0225 15.4695
    endloop
  endfacet
  facet normal 0 0.838575 0.544787
    outer loop
      vertex 24 46.0225 15.4695
      vertex 29 46.1651 15.25
      vertex 24 46.1651 15.25
    endloop
  endfacet
  facet normal 0 0.707107 0.707107
    outer loop
      vertex 29 45.8579 15.6728
      vertex 24 45.6728 15.8579
      vertex 29 45.6728 15.8579
    endloop
  endfacet
  facet normal 0 0.707107 0.707107
    outer loop
      vertex 24 45.6728 15.8579
      vertex 29 45.8579 15.6728
      vertex 24 45.8579 15.6728
    endloop
  endfacet
  facet normal 0 -0.544787 -0.838575
    outer loop
      vertex 24 42.5305 11.9775
      vertex 29 42.75 11.8349
      vertex 29 42.5305 11.9775
    endloop
  endfacet
  facet normal -0 -0.544787 -0.838575
    outer loop
      vertex 29 42.75 11.8349
      vertex 24 42.5305 11.9775
      vertex 24 42.75 11.8349
    endloop
  endfacet
  facet normal 0 -0.358108 0.93368
    outer loop
      vertex 24 43.2275 16.3776
      vertex 29 42.9832 16.2839
      vertex 29 43.2275 16.3776
    endloop
  endfacet
  facet normal 0 -0.358108 0.93368
    outer loop
      vertex 29 42.9832 16.2839
      vertex 24 43.2275 16.3776
      vertex 24 42.9832 16.2839
    endloop
  endfacet
  facet normal 0 -0.891039 -0.453926
    outer loop
      vertex 24 41.8349 12.75
      vertex 29 41.7161 12.9832
      vertex 24 41.7161 12.9832
    endloop
  endfacet
  facet normal 0 -0.891039 -0.453926
    outer loop
      vertex 29 41.7161 12.9832
      vertex 24 41.8349 12.75
      vertex 29 41.8349 12.75
    endloop
  endfacet
  facet normal 0 -0.259137 -0.965841
    outer loop
      vertex 24 43.2275 11.6224
      vertex 29 43.4802 11.5546
      vertex 29 43.2275 11.6224
    endloop
  endfacet
  facet normal -0 -0.259137 -0.965841
    outer loop
      vertex 29 43.4802 11.5546
      vertex 24 43.2275 11.6224
      vertex 24 43.4802 11.5546
    endloop
  endfacet
  facet normal 0 0.998628 -0.0523582
    outer loop
      vertex 29 46.4863 13.7387
      vertex 24 46.5 14
      vertex 29 46.5 14
    endloop
  endfacet
  facet normal 0 0.998628 -0.0523582
    outer loop
      vertex 24 46.5 14
      vertex 29 46.4863 13.7387
      vertex 24 46.4863 13.7387
    endloop
  endfacet
  facet normal -0 0.259137 0.965841
    outer loop
      vertex 24 44.7725 16.3776
      vertex 29 44.5198 16.4454
      vertex 29 44.7725 16.3776
    endloop
  endfacet
  facet normal 0 0.259137 0.965841
    outer loop
      vertex 29 44.5198 16.4454
      vertex 24 44.7725 16.3776
      vertex 24 44.5198 16.4454
    endloop
  endfacet
  facet normal 0 0.987713 -0.156277
    outer loop
      vertex 29 46.4454 13.4802
      vertex 24 46.4863 13.7387
      vertex 29 46.4863 13.7387
    endloop
  endfacet
  facet normal 0 0.987713 -0.156277
    outer loop
      vertex 24 46.4863 13.7387
      vertex 29 46.4454 13.4802
      vertex 24 46.4454 13.4802
    endloop
  endfacet
  facet normal 0 -0.453926 -0.891039
    outer loop
      vertex 24 42.75 11.8349
      vertex 29 42.9832 11.7161
      vertex 29 42.75 11.8349
    endloop
  endfacet
  facet normal -0 -0.453926 -0.891039
    outer loop
      vertex 29 42.9832 11.7161
      vertex 24 42.75 11.8349
      vertex 24 42.9832 11.7161
    endloop
  endfacet
  facet normal 0 0.891039 -0.453926
    outer loop
      vertex 29 46.1651 12.75
      vertex 24 46.2839 12.9832
      vertex 29 46.2839 12.9832
    endloop
  endfacet
  facet normal 0 0.891039 -0.453926
    outer loop
      vertex 24 46.2839 12.9832
      vertex 29 46.1651 12.75
      vertex 24 46.1651 12.75
    endloop
  endfacet
  facet normal -0 0.544787 0.838575
    outer loop
      vertex 24 45.4695 16.0225
      vertex 29 45.25 16.1651
      vertex 29 45.4695 16.0225
    endloop
  endfacet
  facet normal 0 0.544787 0.838575
    outer loop
      vertex 29 45.25 16.1651
      vertex 24 45.4695 16.0225
      vertex 24 45.25 16.1651
    endloop
  endfacet
  facet normal 0 0.453926 -0.891039
    outer loop
      vertex 24 45.0168 11.7161
      vertex 29 45.25 11.8349
      vertex 29 45.0168 11.7161
    endloop
  endfacet
  facet normal 0 0.453926 -0.891039
    outer loop
      vertex 29 45.25 11.8349
      vertex 24 45.0168 11.7161
      vertex 24 45.25 11.8349
    endloop
  endfacet
  facet normal 0 -0.453926 0.891039
    outer loop
      vertex 24 42.9832 16.2839
      vertex 29 42.75 16.1651
      vertex 29 42.9832 16.2839
    endloop
  endfacet
  facet normal 0 -0.453926 0.891039
    outer loop
      vertex 29 42.75 16.1651
      vertex 24 42.9832 16.2839
      vertex 24 42.75 16.1651
    endloop
  endfacet
  facet normal 0 0.838575 -0.544787
    outer loop
      vertex 29 46.0225 12.5305
      vertex 24 46.1651 12.75
      vertex 29 46.1651 12.75
    endloop
  endfacet
  facet normal 0 0.838575 -0.544787
    outer loop
      vertex 24 46.1651 12.75
      vertex 29 46.0225 12.5305
      vertex 24 46.0225 12.5305
    endloop
  endfacet
  facet normal 0 0.7772 -0.629253
    outer loop
      vertex 29 45.8579 12.3272
      vertex 24 46.0225 12.5305
      vertex 29 46.0225 12.5305
    endloop
  endfacet
  facet normal 0 0.7772 -0.629253
    outer loop
      vertex 24 46.0225 12.5305
      vertex 29 45.8579 12.3272
      vertex 24 45.8579 12.3272
    endloop
  endfacet
  facet normal 0 -0.0523582 0.998628
    outer loop
      vertex 24 44 16.5
      vertex 29 43.7387 16.4863
      vertex 29 44 16.5
    endloop
  endfacet
  facet normal 0 -0.0523582 0.998628
    outer loop
      vertex 29 43.7387 16.4863
      vertex 24 44 16.5
      vertex 24 43.7387 16.4863
    endloop
  endfacet
  facet normal 0 -0.93368 0.358108
    outer loop
      vertex 24 41.6224 14.7725
      vertex 29 41.7161 15.0168
      vertex 24 41.7161 15.0168
    endloop
  endfacet
  facet normal 0 -0.93368 0.358108
    outer loop
      vertex 29 41.7161 15.0168
      vertex 24 41.6224 14.7725
      vertex 29 41.6224 14.7725
    endloop
  endfacet
  facet normal 0 -0.998628 -0.0523582
    outer loop
      vertex 24 41.5137 13.7387
      vertex 29 41.5 14
      vertex 24 41.5 14
    endloop
  endfacet
  facet normal 0 -0.998628 -0.0523582
    outer loop
      vertex 29 41.5 14
      vertex 24 41.5137 13.7387
      vertex 29 41.5137 13.7387
    endloop
  endfacet
  facet normal 0 0.987713 0.156277
    outer loop
      vertex 29 46.4863 14.2613
      vertex 24 46.4454 14.5198
      vertex 29 46.4454 14.5198
    endloop
  endfacet
  facet normal 0 0.987713 0.156277
    outer loop
      vertex 24 46.4454 14.5198
      vertex 29 46.4863 14.2613
      vertex 24 46.4863 14.2613
    endloop
  endfacet
  facet normal 0 0.934488 0.355995
    outer loop
      vertex 29 46.2839 15.0168
      vertex 24 46.2903 15
      vertex 24 46.2839 15.0168
    endloop
  endfacet
  facet normal -8.13292e-06 0.93368 0.358108
    outer loop
      vertex 29 46.3776 14.7725
      vertex 24 46.2903 15
      vertex 29 46.2839 15.0168
    endloop
  endfacet
  facet normal 0 0.93362 0.358264
    outer loop
      vertex 24 46.2903 15
      vertex 29 46.3776 14.7725
      vertex 24 46.3776 14.7725
    endloop
  endfacet
  facet normal 0 -0.838575 -0.544787
    outer loop
      vertex 24 41.9775 12.5305
      vertex 29 41.8349 12.75
      vertex 24 41.8349 12.75
    endloop
  endfacet
  facet normal 0 -0.838575 -0.544787
    outer loop
      vertex 29 41.8349 12.75
      vertex 24 41.9775 12.5305
      vertex 29 41.9775 12.5305
    endloop
  endfacet
  facet normal 0 -0.544787 0.838575
    outer loop
      vertex 24 42.75 16.1651
      vertex 29 42.5305 16.0225
      vertex 29 42.75 16.1651
    endloop
  endfacet
  facet normal 0 -0.544787 0.838575
    outer loop
      vertex 29 42.5305 16.0225
      vertex 24 42.75 16.1651
      vertex 24 42.5305 16.0225
    endloop
  endfacet
  facet normal -0 0.629253 0.7772
    outer loop
      vertex 24 45.6728 15.8579
      vertex 29 45.4695 16.0225
      vertex 29 45.6728 15.8579
    endloop
  endfacet
  facet normal 0 0.629253 0.7772
    outer loop
      vertex 29 45.4695 16.0225
      vertex 24 45.6728 15.8579
      vertex 24 45.4695 16.0225
    endloop
  endfacet
  facet normal 0 -0.629253 0.7772
    outer loop
      vertex 24 42.5305 16.0225
      vertex 29 42.3272 15.8579
      vertex 29 42.5305 16.0225
    endloop
  endfacet
  facet normal 0 -0.629253 0.7772
    outer loop
      vertex 29 42.3272 15.8579
      vertex 24 42.5305 16.0225
      vertex 24 42.3272 15.8579
    endloop
  endfacet
  facet normal -0 0.453926 0.891039
    outer loop
      vertex 24 45.25 16.1651
      vertex 29 45.0168 16.2839
      vertex 29 45.25 16.1651
    endloop
  endfacet
  facet normal 0 0.453926 0.891039
    outer loop
      vertex 29 45.0168 16.2839
      vertex 24 45.25 16.1651
      vertex 24 45.0168 16.2839
    endloop
  endfacet
  facet normal 0 -0.259137 0.965841
    outer loop
      vertex 24 43.4802 16.4454
      vertex 29 43.2275 16.3776
      vertex 29 43.4802 16.4454
    endloop
  endfacet
  facet normal 0 -0.259137 0.965841
    outer loop
      vertex 29 43.2275 16.3776
      vertex 24 43.4802 16.4454
      vertex 24 43.2275 16.3776
    endloop
  endfacet
  facet normal 0 -0.156277 0.987713
    outer loop
      vertex 24 43.7387 16.4863
      vertex 29 43.4802 16.4454
      vertex 29 43.7387 16.4863
    endloop
  endfacet
  facet normal 0 -0.156277 0.987713
    outer loop
      vertex 29 43.4802 16.4454
      vertex 24 43.7387 16.4863
      vertex 24 43.4802 16.4454
    endloop
  endfacet
  facet normal 0 -0.93368 -0.358108
    outer loop
      vertex 24 41.7161 12.9832
      vertex 29 41.6224 13.2275
      vertex 24 41.6224 13.2275
    endloop
  endfacet
  facet normal 0 -0.93368 -0.358108
    outer loop
      vertex 29 41.6224 13.2275
      vertex 24 41.7161 12.9832
      vertex 29 41.7161 12.9832
    endloop
  endfacet
  facet normal 0 -0.965841 -0.259137
    outer loop
      vertex 24 41.6224 13.2275
      vertex 29 41.5546 13.4802
      vertex 24 41.5546 13.4802
    endloop
  endfacet
  facet normal 0 -0.965841 -0.259137
    outer loop
      vertex 29 41.5546 13.4802
      vertex 24 41.6224 13.2275
      vertex 29 41.6224 13.2275
    endloop
  endfacet
  facet normal 0 -0.7772 0.629253
    outer loop
      vertex 24 41.9775 15.4695
      vertex 29 42.1421 15.6728
      vertex 24 42.1421 15.6728
    endloop
  endfacet
  facet normal 0 -0.7772 0.629253
    outer loop
      vertex 29 42.1421 15.6728
      vertex 24 41.9775 15.4695
      vertex 29 41.9775 15.4695
    endloop
  endfacet
  facet normal 0 -0.891039 0.453926
    outer loop
      vertex 24 41.7161 15.0168
      vertex 29 41.8349 15.25
      vertex 24 41.8349 15.25
    endloop
  endfacet
  facet normal 0 -0.891039 0.453926
    outer loop
      vertex 29 41.8349 15.25
      vertex 24 41.7161 15.0168
      vertex 29 41.7161 15.0168
    endloop
  endfacet
  facet normal 0 -0.838575 0.544787
    outer loop
      vertex 24 41.8349 15.25
      vertex 29 41.9775 15.4695
      vertex 24 41.9775 15.4695
    endloop
  endfacet
  facet normal 0 -0.838575 0.544787
    outer loop
      vertex 29 41.9775 15.4695
      vertex 24 41.8349 15.25
      vertex 29 41.8349 15.25
    endloop
  endfacet
  facet normal -0 0 1
    outer loop
      vertex 24 4 6.7
      vertex 100 2.5 6.7
      vertex 100 4 6.7
    endloop
  endfacet
  facet normal 0 0 1
    outer loop
      vertex 100 2.5 6.7
      vertex 24 4 6.7
      vertex 24 2.5 6.7
    endloop
  endfacet
  facet normal 0 0 -1
    outer loop
      vertex 24 2.5 4.5
      vertex 100 4 4.5
      vertex 100 2.5 4.5
    endloop
  endfacet
  facet normal -0 0 -1
    outer loop
      vertex 100 4 4.5
      vertex 24 2.5 4.5
      vertex 24 4 4.5
    endloop
  endfacet
  facet normal 0 1 -0
    outer loop
      vertex 100 4 4.5
      vertex 24 4 6.7
      vertex 100 4 6.7
    endloop
  endfacet
  facet normal 0 1 0
    outer loop
      vertex 24 4 6.7
      vertex 100 4 4.5
      vertex 24 4 4.5
    endloop
  endfacet
  facet normal -0 0 1
    outer loop
      vertex 24 4 11.9
      vertex 100 2.5 11.9
      vertex 100 4 11.9
    endloop
  endfacet
  facet normal 0 0 1
    outer loop
      vertex 100 2.5 11.9
      vertex 24 4 11.9
      vertex 24 2.5 11.9
    endloop
  endfacet
  facet normal 0 0 -1
    outer loop
      vertex 24 2.5 9.7
      vertex 100 4 9.7
      vertex 100 2.5 9.7
    endloop
  endfacet
  facet normal -0 0 -1
    outer loop
      vertex 100 4 9.7
      vertex 24 2.5 9.7
      vertex 24 4 9.7
    endloop
  endfacet
  facet normal 0 1 -0
    outer loop
      vertex 100 4 9.7
      vertex 24 4 11.9
      vertex 100 4 11.9
    endloop
  endfacet
  facet normal 0 1 0
    outer loop
      vertex 24 4 11.9
      vertex 100 4 9.7
      vertex 24 4 9.7
    endloop
  endfacet
  facet normal -0 0 1
    outer loop
      vertex 24 57.5 12.7
      vertex 100 56 12.7
      vertex 100 57.5 12.7
    endloop
  endfacet
  facet normal 0 0 1
    outer loop
      vertex 100 56 12.7
      vertex 24 57.5 12.7
      vertex 24 56 12.7
    endloop
  endfacet
  facet normal 0 0 -1
    outer loop
      vertex 24 56 10.5
      vertex 100 57.5 10.5
      vertex 100 56 10.5
    endloop
  endfacet
  facet normal -0 0 -1
    outer loop
      vertex 100 57.5 10.5
      vertex 24 56 10.5
      vertex 24 57.5 10.5
    endloop
  endfacet
  facet normal 0 -1 0
    outer loop
      vertex 24 56 10.5
      vertex 100 56 12.7
      vertex 24 56 12.7
    endloop
  endfacet
  facet normal 0 -1 -0
    outer loop
      vertex 100 56 12.7
      vertex 24 56 10.5
      vertex 100 56 10.5
    endloop
  endfacet
  facet normal -0 0 1
    outer loop
      vertex 24 57.5 17.9
      vertex 100 56 17.9
      vertex 100 57.5 17.9
    endloop
  endfacet
  facet normal 0 0 1
    outer loop
      vertex 100 56 17.9
      vertex 24 57.5 17.9
      vertex 24 56 17.9
    endloop
  endfacet
  facet normal 0 0 -1
    outer loop
      vertex 24 56 15.7
      vertex 100 57.5 15.7
      vertex 100 56 15.7
    endloop
  endfacet
  facet normal -0 0 -1
    outer loop
      vertex 100 57.5 15.7
      vertex 24 56 15.7
      vertex 24 57.5 15.7
    endloop
  endfacet
  facet normal 0 -1 0
    outer loop
      vertex 24 56 15.7
      vertex 100 56 17.9
      vertex 24 56 17.9
    endloop
  endfacet
  facet normal 0 -1 -0
    outer loop
      vertex 100 56 17.9
      vertex 24 56 15.7
      vertex 100 56 15.7
    endloop
  endfacet
  facet normal -0.98769 -0.156425 0
    outer loop
      vertex 46.5765 29.2723 28
      vertex 46.5192 29.6341 29.5
      vertex 46.5192 29.6341 28
    endloop
  endfacet
  facet normal -0.98769 -0.156425 0
    outer loop
      vertex 46.5192 29.6341 29.5
      vertex 46.5765 29.2723 28
      vertex 46.5765 29.2723 29.5
    endloop
  endfacet
  facet normal 0.987696 0.156383 0
    outer loop
      vertex 53.4808 30.3658 29.5
      vertex 53.4235 30.7277 28
      vertex 53.4235 30.7277 29.5
    endloop
  endfacet
  facet normal 0.987696 0.156383 0
    outer loop
      vertex 53.4235 30.7277 28
      vertex 53.4808 30.3658 29.5
      vertex 53.4808 30.3658 28
    endloop
  endfacet
  facet normal 0.838668 0.544643 0
    outer loop
      vertex 53.0311 31.75 29.5
      vertex 52.8316 32.0572 28
      vertex 52.8316 32.0572 29.5
    endloop
  endfacet
  facet normal 0.838668 0.544643 0
    outer loop
      vertex 52.8316 32.0572 28
      vertex 53.0311 31.75 29.5
      vertex 53.0311 31.75 28
    endloop
  endfacet
  facet normal 0.25875 -0.965944 0
    outer loop
      vertex 50.7277 26.5765 28
      vertex 51.0816 26.6713 29.5
      vertex 50.7277 26.5765 29.5
    endloop
  endfacet
  facet normal 0.25875 -0.965944 0
    outer loop
      vertex 51.0816 26.6713 29.5
      vertex 50.7277 26.5765 28
      vertex 51.0816 26.6713 28
    endloop
  endfacet
  facet normal 0.777181 -0.629277 0
    outer loop
      vertex 52.601 27.658 29.5
      vertex 52.8316 27.9428 28
      vertex 52.8316 27.9428 29.5
    endloop
  endfacet
  facet normal 0.777181 -0.629277 0
    outer loop
      vertex 52.8316 27.9428 28
      vertex 52.601 27.658 29.5
      vertex 52.601 27.658 28
    endloop
  endfacet
  facet normal 0.0524155 -0.998625 0
    outer loop
      vertex 50 26.5 28
      vertex 50.3658 26.5192 29.5
      vertex 50 26.5 29.5
    endloop
  endfacet
  facet normal 0.0524155 -0.998625 0
    outer loop
      vertex 50.3658 26.5192 29.5
      vertex 50 26.5 28
      vertex 50.3658 26.5192 28
    endloop
  endfacet
  facet normal 0.707107 0.707107 0
    outer loop
      vertex 52.601 32.342 29.5
      vertex 52.342 32.601 28
      vertex 52.342 32.601 29.5
    endloop
  endfacet
  facet normal 0.707107 0.707107 0
    outer loop
      vertex 52.342 32.601 28
      vertex 52.601 32.342 29.5
      vertex 52.601 32.342 28
    endloop
  endfacet
  facet normal -0.777181 0.629277 0
    outer loop
      vertex 47.1684 32.0572 28
      vertex 47.399 32.342 29.5
      vertex 47.399 32.342 28
    endloop
  endfacet
  facet normal -0.777181 0.629277 0
    outer loop
      vertex 47.399 32.342 29.5
      vertex 47.1684 32.0572 28
      vertex 47.1684 32.0572 29.5
    endloop
  endfacet
  facet normal 0.933564 0.358412 0
    outer loop
      vertex 53.3287 31.0816 29.5
      vertex 53.1974 31.4236 28
      vertex 53.1974 31.4236 29.5
    endloop
  endfacet
  facet normal 0.933564 0.358412 0
    outer loop
      vertex 53.1974 31.4236 28
      vertex 53.3287 31.0816 29.5
      vertex 53.3287 31.0816 28
    endloop
  endfacet
  facet normal -0.0524013 -0.998626 0
    outer loop
      vertex 49.6341 26.5192 28
      vertex 50 26.5 29.5
      vertex 49.6341 26.5192 29.5
    endloop
  endfacet
  facet normal -0.0524013 -0.998626 -0
    outer loop
      vertex 50 26.5 29.5
      vertex 49.6341 26.5192 28
      vertex 50 26.5 28
    endloop
  endfacet
  facet normal -0.891017 -0.453971 0
    outer loop
      vertex 46.9689 28.25 28
      vertex 46.8026 28.5764 29.5
      vertex 46.8026 28.5764 28
    endloop
  endfacet
  facet normal -0.891017 -0.453971 0
    outer loop
      vertex 46.8026 28.5764 29.5
      vertex 46.9689 28.25 28
      vertex 46.9689 28.25 29.5
    endloop
  endfacet
  facet normal -0.544518 0.838749 0
    outer loop
      vertex 48.25 33.0311 28
      vertex 47.9427 32.8316 29.5
      vertex 48.25 33.0311 29.5
    endloop
  endfacet
  facet normal -0.544518 0.838749 0
    outer loop
      vertex 47.9427 32.8316 29.5
      vertex 48.25 33.0311 28
      vertex 47.9427 32.8316 28
    endloop
  endfacet
  facet normal -0.62941 -0.777073 0
    outer loop
      vertex 47.658 27.399 28
      vertex 47.9427 27.1684 29.5
      vertex 47.658 27.399 29.5
    endloop
  endfacet
  facet normal -0.62941 -0.777073 -0
    outer loop
      vertex 47.9427 27.1684 29.5
      vertex 47.658 27.399 28
      vertex 47.9427 27.1684 28
    endloop
  endfacet
  facet normal 0.777181 0.629277 0
    outer loop
      vertex 52.8316 32.0572 29.5
      vertex 52.601 32.342 28
      vertex 52.601 32.342 29.5
    endloop
  endfacet
  facet normal 0.777181 0.629277 0
    outer loop
      vertex 52.601 32.342 28
      vertex 52.8316 32.0572 29.5
      vertex 52.8316 32.0572 28
    endloop
  endfacet
  facet normal 0.98769 -0.156425 0
    outer loop
      vertex 53.4235 29.2723 29.5
      vertex 53.4808 29.6341 28
      vertex 53.4808 29.6341 29.5
    endloop
  endfacet
  facet normal 0.98769 -0.156425 0
    outer loop
      vertex 53.4808 29.6341 28
      vertex 53.4235 29.2723 29.5
      vertex 53.4235 29.2723 28
    endloop
  endfacet
  facet normal -0.156425 0.98769 0
    outer loop
      vertex 49.6341 33.4808 28
      vertex 49.2723 33.4235 29.5
      vertex 49.6341 33.4808 29.5
    endloop
  endfacet
  facet normal -0.156425 0.98769 0
    outer loop
      vertex 49.2723 33.4235 29.5
      vertex 49.6341 33.4808 28
      vertex 49.2723 33.4235 28
    endloop
  endfacet
  facet normal 0.544643 0.838668 -0
    outer loop
      vertex 52.0572 32.8316 28
      vertex 51.75 33.0311 29.5
      vertex 52.0572 32.8316 29.5
    endloop
  endfacet
  facet normal 0.544643 0.838668 0
    outer loop
      vertex 51.75 33.0311 29.5
      vertex 52.0572 32.8316 28
      vertex 51.75 33.0311 28
    endloop
  endfacet
  facet normal 0.891017 -0.453971 0
    outer loop
      vertex 53.0311 28.25 29.5
      vertex 53.1974 28.5764 28
      vertex 53.1974 28.5764 29.5
    endloop
  endfacet
  facet normal 0.891017 -0.453971 0
    outer loop
      vertex 53.1974 28.5764 28
      vertex 53.0311 28.25 29.5
      vertex 53.0311 28.25 28
    endloop
  endfacet
  facet normal 0.998625 0.0524155 0
    outer loop
      vertex 53.5 30 29.5
      vertex 53.4808 30.3658 28
      vertex 53.4808 30.3658 29.5
    endloop
  endfacet
  facet normal 0.998625 0.0524155 0
    outer loop
      vertex 53.4808 30.3658 28
      vertex 53.5 30 29.5
      vertex 53.5 30 28
    endloop
  endfacet
  facet normal 0.965944 0.25875 0
    outer loop
      vertex 53.4235 30.7277 29.5
      vertex 53.3287 31.0816 28
      vertex 53.3287 31.0816 29.5
    endloop
  endfacet
  facet normal 0.965944 0.25875 0
    outer loop
      vertex 53.3287 31.0816 28
      vertex 53.4235 30.7277 29.5
      vertex 53.4235 30.7277 28
    endloop
  endfacet
  facet normal -0.0524013 0.998626 0
    outer loop
      vertex 50 33.5 28
      vertex 49.6341 33.4808 29.5
      vertex 50 33.5 29.5
    endloop
  endfacet
  facet normal -0.0524013 0.998626 0
    outer loop
      vertex 49.6341 33.4808 29.5
      vertex 50 33.5 28
      vertex 49.6341 33.4808 28
    endloop
  endfacet
  facet normal 0.891017 0.453971 0
    outer loop
      vertex 53.1974 31.4236 29.5
      vertex 53.0311 31.75 28
      vertex 53.0311 31.75 29.5
    endloop
  endfacet
  facet normal 0.891017 0.453971 0
    outer loop
      vertex 53.0311 31.75 28
      vertex 53.1974 31.4236 29.5
      vertex 53.1974 31.4236 28
    endloop
  endfacet
  facet normal -0.358412 0.933564 0
    outer loop
      vertex 48.9184 33.3287 28
      vertex 48.5764 33.1974 29.5
      vertex 48.9184 33.3287 29.5
    endloop
  endfacet
  facet normal -0.358412 0.933564 0
    outer loop
      vertex 48.5764 33.1974 29.5
      vertex 48.9184 33.3287 28
      vertex 48.5764 33.1974 28
    endloop
  endfacet
  facet normal -0.987696 0.156383 0
    outer loop
      vertex 46.5192 30.3658 28
      vertex 46.5765 30.7277 29.5
      vertex 46.5765 30.7277 28
    endloop
  endfacet
  facet normal -0.987696 0.156383 0
    outer loop
      vertex 46.5765 30.7277 29.5
      vertex 46.5192 30.3658 28
      vertex 46.5192 30.3658 29.5
    endloop
  endfacet
  facet normal -0.965944 -0.25875 0
    outer loop
      vertex 46.6713 28.9184 28
      vertex 46.5765 29.2723 29.5
      vertex 46.5765 29.2723 28
    endloop
  endfacet
  facet normal -0.965944 -0.25875 0
    outer loop
      vertex 46.5765 29.2723 29.5
      vertex 46.6713 28.9184 28
      vertex 46.6713 28.9184 29.5
    endloop
  endfacet
  facet normal 0.707107 -0.707107 0
    outer loop
      vertex 52.342 27.399 29.5
      vertex 52.601 27.658 28
      vertex 52.601 27.658 29.5
    endloop
  endfacet
  facet normal 0.707107 -0.707107 0
    outer loop
      vertex 52.601 27.658 28
      vertex 52.342 27.399 29.5
      vertex 52.342 27.399 28
    endloop
  endfacet
  facet normal -0.453971 -0.891017 0
    outer loop
      vertex 48.25 26.9689 28
      vertex 48.5764 26.8026 29.5
      vertex 48.25 26.9689 29.5
    endloop
  endfacet
  facet normal -0.453971 -0.891017 -0
    outer loop
      vertex 48.5764 26.8026 29.5
      vertex 48.25 26.9689 28
      vertex 48.5764 26.8026 28
    endloop
  endfacet
  facet normal -0.358412 -0.933564 0
    outer loop
      vertex 48.5764 26.8026 28
      vertex 48.9184 26.6713 29.5
      vertex 48.5764 26.8026 29.5
    endloop
  endfacet
  facet normal -0.358412 -0.933564 -0
    outer loop
      vertex 48.9184 26.6713 29.5
      vertex 48.5764 26.8026 28
      vertex 48.9184 26.6713 28
    endloop
  endfacet
  facet normal -0.891017 0.453971 0
    outer loop
      vertex 46.8026 31.4236 28
      vertex 46.9689 31.75 29.5
      vertex 46.9689 31.75 28
    endloop
  endfacet
  facet normal -0.891017 0.453971 0
    outer loop
      vertex 46.9689 31.75 29.5
      vertex 46.8026 31.4236 28
      vertex 46.8026 31.4236 29.5
    endloop
  endfacet
  facet normal -0.62941 0.777073 0
    outer loop
      vertex 47.9427 32.8316 28
      vertex 47.658 32.601 29.5
      vertex 47.9427 32.8316 29.5
    endloop
  endfacet
  facet normal -0.62941 0.777073 0
    outer loop
      vertex 47.658 32.601 29.5
      vertex 47.9427 32.8316 28
      vertex 47.658 32.601 28
    endloop
  endfacet
  facet normal -0.156425 -0.98769 0
    outer loop
      vertex 49.2723 26.5765 28
      vertex 49.6341 26.5192 29.5
      vertex 49.2723 26.5765 29.5
    endloop
  endfacet
  facet normal -0.156425 -0.98769 -0
    outer loop
      vertex 49.6341 26.5192 29.5
      vertex 49.2723 26.5765 28
      vertex 49.6341 26.5192 28
    endloop
  endfacet
  facet normal 0.998626 -0.0524013 0
    outer loop
      vertex 53.4808 29.6341 29.5
      vertex 53.5 30 28
      vertex 53.5 30 29.5
    endloop
  endfacet
  facet normal 0.998626 -0.0524013 0
    outer loop
      vertex 53.5 30 28
      vertex 53.4808 29.6341 29.5
      vertex 53.4808 29.6341 28
    endloop
  endfacet
  facet normal -0.933564 0.358412 0
    outer loop
      vertex 46.6713 31.0816 28
      vertex 46.8026 31.4236 29.5
      vertex 46.8026 31.4236 28
    endloop
  endfacet
  facet normal -0.933564 0.358412 0
    outer loop
      vertex 46.8026 31.4236 29.5
      vertex 46.6713 31.0816 28
      vertex 46.6713 31.0816 29.5
    endloop
  endfacet
  facet normal -0.25875 -0.965944 0
    outer loop
      vertex 48.9184 26.6713 28
      vertex 49.2723 26.5765 29.5
      vertex 48.9184 26.6713 29.5
    endloop
  endfacet
  facet normal -0.25875 -0.965944 -0
    outer loop
      vertex 49.2723 26.5765 29.5
      vertex 48.9184 26.6713 28
      vertex 49.2723 26.5765 28
    endloop
  endfacet
  facet normal -0.707107 0.707107 0
    outer loop
      vertex 47.399 32.342 28
      vertex 47.658 32.601 29.5
      vertex 47.658 32.601 28
    endloop
  endfacet
  facet normal -0.707107 0.707107 0
    outer loop
      vertex 47.658 32.601 29.5
      vertex 47.399 32.342 28
      vertex 47.399 32.342 29.5
    endloop
  endfacet
  facet normal 0.838668 -0.544643 0
    outer loop
      vertex 52.8316 27.9428 29.5
      vertex 53.0311 28.25 28
      vertex 53.0311 28.25 29.5
    endloop
  endfacet
  facet normal 0.838668 -0.544643 0
    outer loop
      vertex 53.0311 28.25 28
      vertex 52.8316 27.9428 29.5
      vertex 52.8316 27.9428 28
    endloop
  endfacet
  facet normal -0.838668 -0.544643 0
    outer loop
      vertex 47.1684 27.9428 28
      vertex 46.9689 28.25 29.5
      vertex 46.9689 28.25 28
    endloop
  endfacet
  facet normal -0.838668 -0.544643 0
    outer loop
      vertex 46.9689 28.25 29.5
      vertex 47.1684 27.9428 28
      vertex 47.1684 27.9428 29.5
    endloop
  endfacet
  facet normal -0.838668 0.544643 0
    outer loop
      vertex 46.9689 31.75 28
      vertex 47.1684 32.0572 29.5
      vertex 47.1684 32.0572 28
    endloop
  endfacet
  facet normal -0.838668 0.544643 0
    outer loop
      vertex 47.1684 32.0572 29.5
      vertex 46.9689 31.75 28
      vertex 46.9689 31.75 29.5
    endloop
  endfacet
  facet normal 0.156383 -0.987696 0
    outer loop
      vertex 50.3658 26.5192 28
      vertex 50.7277 26.5765 29.5
      vertex 50.3658 26.5192 29.5
    endloop
  endfacet
  facet normal 0.156383 -0.987696 0
    outer loop
      vertex 50.7277 26.5765 29.5
      vertex 50.3658 26.5192 28
      vertex 50.7277 26.5765 28
    endloop
  endfacet
  facet normal 0.358412 0.933564 -0
    outer loop
      vertex 51.4236 33.1974 28
      vertex 51.0816 33.3287 29.5
      vertex 51.4236 33.1974 29.5
    endloop
  endfacet
  facet normal 0.358412 0.933564 0
    outer loop
      vertex 51.0816 33.3287 29.5
      vertex 51.4236 33.1974 28
      vertex 51.0816 33.3287 28
    endloop
  endfacet
  facet normal 0.965944 -0.25875 0
    outer loop
      vertex 53.3287 28.9184 29.5
      vertex 53.4235 29.2723 28
      vertex 53.4235 29.2723 29.5
    endloop
  endfacet
  facet normal 0.965944 -0.25875 0
    outer loop
      vertex 53.4235 29.2723 28
      vertex 53.3287 28.9184 29.5
      vertex 53.3287 28.9184 28
    endloop
  endfacet
  facet normal 0.933564 -0.358412 0
    outer loop
      vertex 53.1974 28.5764 29.5
      vertex 53.3287 28.9184 28
      vertex 53.3287 28.9184 29.5
    endloop
  endfacet
  facet normal 0.933564 -0.358412 0
    outer loop
      vertex 53.3287 28.9184 28
      vertex 53.1974 28.5764 29.5
      vertex 53.1974 28.5764 28
    endloop
  endfacet
  facet normal 0.544643 -0.838668 0
    outer loop
      vertex 51.75 26.9689 28
      vertex 52.0572 27.1684 29.5
      vertex 51.75 26.9689 29.5
    endloop
  endfacet
  facet normal 0.544643 -0.838668 0
    outer loop
      vertex 52.0572 27.1684 29.5
      vertex 51.75 26.9689 28
      vertex 52.0572 27.1684 28
    endloop
  endfacet
  facet normal 0.25875 0.965944 -0
    outer loop
      vertex 51.0816 33.3287 28
      vertex 50.7277 33.4235 29.5
      vertex 51.0816 33.3287 29.5
    endloop
  endfacet
  facet normal 0.25875 0.965944 0
    outer loop
      vertex 50.7277 33.4235 29.5
      vertex 51.0816 33.3287 28
      vertex 50.7277 33.4235 28
    endloop
  endfacet
  facet normal -0.998625 0.0524155 0
    outer loop
      vertex 46.5 30 28
      vertex 46.5192 30.3658 29.5
      vertex 46.5192 30.3658 28
    endloop
  endfacet
  facet normal -0.998625 0.0524155 0
    outer loop
      vertex 46.5192 30.3658 29.5
      vertex 46.5 30 28
      vertex 46.5 30 29.5
    endloop
  endfacet
  facet normal -0.965944 0.25875 0
    outer loop
      vertex 46.5765 30.7277 28
      vertex 46.6713 31.0816 29.5
      vertex 46.6713 31.0816 28
    endloop
  endfacet
  facet normal -0.965944 0.25875 0
    outer loop
      vertex 46.6713 31.0816 29.5
      vertex 46.5765 30.7277 28
      vertex 46.5765 30.7277 29.5
    endloop
  endfacet
  facet normal 0.453971 0.891017 -0
    outer loop
      vertex 51.75 33.0311 28
      vertex 51.4236 33.1974 29.5
      vertex 51.75 33.0311 29.5
    endloop
  endfacet
  facet normal 0.453971 0.891017 0
    outer loop
      vertex 51.4236 33.1974 29.5
      vertex 51.75 33.0311 28
      vertex 51.4236 33.1974 28
    endloop
  endfacet
  facet normal -0.777181 -0.629277 0
    outer loop
      vertex 47.399 27.658 28
      vertex 47.1684 27.9428 29.5
      vertex 47.1684 27.9428 28
    endloop
  endfacet
  facet normal -0.777181 -0.629277 0
    outer loop
      vertex 47.1684 27.9428 29.5
      vertex 47.399 27.658 28
      vertex 47.399 27.658 29.5
    endloop
  endfacet
  facet normal 0.629277 0.777181 -0
    outer loop
      vertex 52.342 32.601 28
      vertex 52.0572 32.8316 29.5
      vertex 52.342 32.601 29.5
    endloop
  endfacet
  facet normal 0.629277 0.777181 0
    outer loop
      vertex 52.0572 32.8316 29.5
      vertex 52.342 32.601 28
      vertex 52.0572 32.8316 28
    endloop
  endfacet
  facet normal 0.358412 -0.933564 0
    outer loop
      vertex 51.0816 26.6713 28
      vertex 51.4236 26.8026 29.5
      vertex 51.0816 26.6713 29.5
    endloop
  endfacet
  facet normal 0.358412 -0.933564 0
    outer loop
      vertex 51.4236 26.8026 29.5
      vertex 51.0816 26.6713 28
      vertex 51.4236 26.8026 28
    endloop
  endfacet
  facet normal -0.933564 -0.358412 0
    outer loop
      vertex 46.8026 28.5764 28
      vertex 46.6713 28.9184 29.5
      vertex 46.6713 28.9184 28
    endloop
  endfacet
  facet normal -0.933564 -0.358412 0
    outer loop
      vertex 46.6713 28.9184 29.5
      vertex 46.8026 28.5764 28
      vertex 46.8026 28.5764 29.5
    endloop
  endfacet
  facet normal 0.0524155 0.998625 -0
    outer loop
      vertex 50.3658 33.4808 28
      vertex 50 33.5 29.5
      vertex 50.3658 33.4808 29.5
    endloop
  endfacet
  facet normal 0.0524155 0.998625 0
    outer loop
      vertex 50 33.5 29.5
      vertex 50.3658 33.4808 28
      vertex 50 33.5 28
    endloop
  endfacet
  facet normal -0.25875 0.965944 0
    outer loop
      vertex 49.2723 33.4235 28
      vertex 48.9184 33.3287 29.5
      vertex 49.2723 33.4235 29.5
    endloop
  endfacet
  facet normal -0.25875 0.965944 0
    outer loop
      vertex 48.9184 33.3287 29.5
      vertex 49.2723 33.4235 28
      vertex 48.9184 33.3287 28
    endloop
  endfacet
  facet normal -0.453971 0.891017 0
    outer loop
      vertex 48.5764 33.1974 28
      vertex 48.25 33.0311 29.5
      vertex 48.5764 33.1974 29.5
    endloop
  endfacet
  facet normal -0.453971 0.891017 0
    outer loop
      vertex 48.25 33.0311 29.5
      vertex 48.5764 33.1974 28
      vertex 48.25 33.0311 28
    endloop
  endfacet
  facet normal -0.707107 -0.707107 0
    outer loop
      vertex 47.658 27.399 28
      vertex 47.399 27.658 29.5
      vertex 47.399 27.658 28
    endloop
  endfacet
  facet normal -0.707107 -0.707107 0
    outer loop
      vertex 47.399 27.658 29.5
      vertex 47.658 27.399 28
      vertex 47.658 27.399 29.5
    endloop
  endfacet
  facet normal 0.629277 -0.777181 0
    outer loop
      vertex 52.0572 27.1684 28
      vertex 52.342 27.399 29.5
      vertex 52.0572 27.1684 29.5
    endloop
  endfacet
  facet normal 0.629277 -0.777181 0
    outer loop
      vertex 52.342 27.399 29.5
      vertex 52.0572 27.1684 28
      vertex 52.342 27.399 28
    endloop
  endfacet
  facet normal -0.998626 -0.0524013 0
    outer loop
      vertex 46.5192 29.6341 28
      vertex 46.5 30 29.5
      vertex 46.5 30 28
    endloop
  endfacet
  facet normal -0.998626 -0.0524013 0
    outer loop
      vertex 46.5 30 29.5
      vertex 46.5192 29.6341 28
      vertex 46.5192 29.6341 29.5
    endloop
  endfacet
  facet normal 0.156383 0.987696 -0
    outer loop
      vertex 50.7277 33.4235 28
      vertex 50.3658 33.4808 29.5
      vertex 50.7277 33.4235 29.5
    endloop
  endfacet
  facet normal 0.156383 0.987696 0
    outer loop
      vertex 50.3658 33.4808 29.5
      vertex 50.7277 33.4235 28
      vertex 50.3658 33.4808 28
    endloop
  endfacet
  facet normal 0.453971 -0.891017 0
    outer loop
      vertex 51.4236 26.8026 28
      vertex 51.75 26.9689 29.5
      vertex 51.4236 26.8026 29.5
    endloop
  endfacet
  facet normal 0.453971 -0.891017 0
    outer loop
      vertex 51.75 26.9689 29.5
      vertex 51.4236 26.8026 28
      vertex 51.75 26.9689 28
    endloop
  endfacet
  facet normal 0 0 1
    outer loop
      vertex 51.5 30 29.5
      vertex 53.5 30 29.5
      vertex 53.4808 30.3658 29.5
    endloop
  endfacet
  facet normal 0 0 1
    outer loop
      vertex 51.4918 30.1568 29.5
      vertex 53.4808 30.3658 29.5
      vertex 53.4235 30.7277 29.5
    endloop
  endfacet
  facet normal 0 0 1
    outer loop
      vertex 53.5 30 29.5
      vertex 51.5 30 29.5
      vertex 53.4808 29.6341 29.5
    endloop
  endfacet
  facet normal 0 0 1
    outer loop
      vertex 51.4672 30.3119 29.5
      vertex 53.4235 30.7277 29.5
      vertex 53.3287 31.0816 29.5
    endloop
  endfacet
  facet normal -0 0 1
    outer loop
      vertex 51.4918 29.8432 29.5
      vertex 53.4808 29.6341 29.5
      vertex 51.5 30 29.5
    endloop
  endfacet
  facet normal 0 0 1
    outer loop
      vertex 51.4266 30.4635 29.5
      vertex 53.3287 31.0816 29.5
      vertex 53.1974 31.4236 29.5
    endloop
  endfacet
  facet normal 0 0 1
    outer loop
      vertex 53.4808 29.6341 29.5
      vertex 51.4918 29.8432 29.5
      vertex 53.4235 29.2723 29.5
    endloop
  endfacet
  facet normal 0 0 1
    outer loop
      vertex 51.3703 30.6101 29.5
      vertex 53.1974 31.4236 29.5
      vertex 53.0311 31.75 29.5
    endloop
  endfacet
  facet normal -0 0 1
    outer loop
      vertex 51.4672 29.6881 29.5
      vertex 53.4235 29.2723 29.5
      vertex 51.4918 29.8432 29.5
    endloop
  endfacet
  facet normal 0 0 1
    outer loop
      vertex 51.299 30.75 29.5
      vertex 53.0311 31.75 29.5
      vertex 52.8316 32.0572 29.5
    endloop
  endfacet
  facet normal 0 0 1
    outer loop
      vertex 53.4235 29.2723 29.5
      vertex 51.4672 29.6881 29.5
      vertex 53.3287 28.9184 29.5
    endloop
  endfacet
  facet normal 0 0 1
    outer loop
      vertex 51.2135 30.8817 29.5
      vertex 52.8316 32.0572 29.5
      vertex 52.601 32.342 29.5
    endloop
  endfacet
  facet normal -0 0 1
    outer loop
      vertex 51.4266 29.5365 29.5
      vertex 53.3287 28.9184 29.5
      vertex 51.4672 29.6881 29.5
    endloop
  endfacet
  facet normal 0 0 1
    outer loop
      vertex 51.1147 31.0037 29.5
      vertex 52.601 32.342 29.5
      vertex 52.342 32.601 29.5
    endloop
  endfacet
  facet normal 0 0 1
    outer loop
      vertex 53.3287 28.9184 29.5
      vertex 51.4266 29.5365 29.5
      vertex 53.1974 28.5764 29.5
    endloop
  endfacet
  facet normal 0 0 1
    outer loop
      vertex 51.0037 31.1147 29.5
      vertex 52.342 32.601 29.5
      vertex 52.0572 32.8316 29.5
    endloop
  endfacet
  facet normal -0 0 1
    outer loop
      vertex 51.3703 29.3899 29.5
      vertex 53.1974 28.5764 29.5
      vertex 51.4266 29.5365 29.5
    endloop
  endfacet
  facet normal 0 0 1
    outer loop
      vertex 50.8817 31.2135 29.5
      vertex 52.0572 32.8316 29.5
      vertex 51.75 33.0311 29.5
    endloop
  endfacet
  facet normal 0 0 1
    outer loop
      vertex 53.1974 28.5764 29.5
      vertex 51.3703 29.3899 29.5
      vertex 53.0311 28.25 29.5
    endloop
  endfacet
  facet normal -0 0 1
    outer loop
      vertex 51.299 29.25 29.5
      vertex 53.0311 28.25 29.5
      vertex 51.3703 29.3899 29.5
    endloop
  endfacet
  facet normal 0 0 1
    outer loop
      vertex 53.4808 30.3658 29.5
      vertex 51.4918 30.1568 29.5
      vertex 51.5 30 29.5
    endloop
  endfacet
  facet normal 0 0 1
    outer loop
      vertex 53.4235 30.7277 29.5
      vertex 51.4672 30.3119 29.5
      vertex 51.4918 30.1568 29.5
    endloop
  endfacet
  facet normal 0 0 1
    outer loop
      vertex 53.3287 31.0816 29.5
      vertex 51.4266 30.4635 29.5
      vertex 51.4672 30.3119 29.5
    endloop
  endfacet
  facet normal 0 0 1
    outer loop
      vertex 50.75 31.299 29.5
      vertex 51.75 33.0311 29.5
      vertex 51.4236 33.1974 29.5
    endloop
  endfacet
  facet normal 0 0 1
    outer loop
      vertex 53.1974 31.4236 29.5
      vertex 51.3703 30.6101 29.5
      vertex 51.4266 30.4635 29.5
    endloop
  endfacet
  facet normal 0 0 1
    outer loop
      vertex 53.0311 31.75 29.5
      vertex 51.299 30.75 29.5
      vertex 51.3703 30.6101 29.5
    endloop
  endfacet
  facet normal 0 0 1
    outer loop
      vertex 52.8316 32.0572 29.5
      vertex 51.2135 30.8817 29.5
      vertex 51.299 30.75 29.5
    endloop
  endfacet
  facet normal 0 0 1
    outer loop
      vertex 52.601 32.342 29.5
      vertex 51.1147 31.0037 29.5
      vertex 51.2135 30.8817 29.5
    endloop
  endfacet
  facet normal 0 0 1
    outer loop
      vertex 50.6101 31.3703 29.5
      vertex 51.4236 33.1974 29.5
      vertex 51.0816 33.3287 29.5
    endloop
  endfacet
  facet normal 0 0 1
    outer loop
      vertex 52.342 32.601 29.5
      vertex 51.0037 31.1147 29.5
      vertex 51.1147 31.0037 29.5
    endloop
  endfacet
  facet normal 0 0 1
    outer loop
      vertex 52.0572 32.8316 29.5
      vertex 50.8817 31.2135 29.5
      vertex 51.0037 31.1147 29.5
    endloop
  endfacet
  facet normal 0 0 1
    outer loop
      vertex 51.75 33.0311 29.5
      vertex 50.75 31.299 29.5
      vertex 50.8817 31.2135 29.5
    endloop
  endfacet
  facet normal 0 0 1
    outer loop
      vertex 50.4635 31.4266 29.5
      vertex 51.0816 33.3287 29.5
      vertex 50.7277 33.4235 29.5
    endloop
  endfacet
  facet normal 0 0 1
    outer loop
      vertex 51.4236 33.1974 29.5
      vertex 50.6101 31.3703 29.5
      vertex 50.75 31.299 29.5
    endloop
  endfacet
  facet normal 0 0 1
    outer loop
      vertex 51.0816 33.3287 29.5
      vertex 50.4635 31.4266 29.5
      vertex 50.6101 31.3703 29.5
    endloop
  endfacet
  facet normal 0 0 1
    outer loop
      vertex 50.3119 31.4672 29.5
      vertex 50.7277 33.4235 29.5
      vertex 50.3658 33.4808 29.5
    endloop
  endfacet
  facet normal 0 0 1
    outer loop
      vertex 50.7277 33.4235 29.5
      vertex 50.3119 31.4672 29.5
      vertex 50.4635 31.4266 29.5
    endloop
  endfacet
  facet normal 0 0 1
    outer loop
      vertex 50.3658 33.4808 29.5
      vertex 50.1568 31.4918 29.5
      vertex 50.3119 31.4672 29.5
    endloop
  endfacet
  facet normal 0 0 1
    outer loop
      vertex 50 33.5 29.5
      vertex 50.1568 31.4918 29.5
      vertex 50.3658 33.4808 29.5
    endloop
  endfacet
  facet normal 0 0 1
    outer loop
      vertex 50 33.5 29.5
      vertex 50 31.5 29.5
      vertex 50.1568 31.4918 29.5
    endloop
  endfacet
  facet normal 0 0 1
    outer loop
      vertex 50 33.5 29.5
      vertex 49.8432 31.4918 29.5
      vertex 50 31.5 29.5
    endloop
  endfacet
  facet normal -0 0 1
    outer loop
      vertex 49.6341 33.4808 29.5
      vertex 49.8432 31.4918 29.5
      vertex 50 33.5 29.5
    endloop
  endfacet
  facet normal 0 0 1
    outer loop
      vertex 49.8432 31.4918 29.5
      vertex 49.6341 33.4808 29.5
      vertex 49.6881 31.4672 29.5
    endloop
  endfacet
  facet normal -0 0 1
    outer loop
      vertex 49.2723 33.4235 29.5
      vertex 49.6881 31.4672 29.5
      vertex 49.6341 33.4808 29.5
    endloop
  endfacet
  facet normal 0 0 1
    outer loop
      vertex 49.6881 31.4672 29.5
      vertex 49.2723 33.4235 29.5
      vertex 49.5365 31.4266 29.5
    endloop
  endfacet
  facet normal -0 0 1
    outer loop
      vertex 48.9184 33.3287 29.5
      vertex 49.5365 31.4266 29.5
      vertex 49.2723 33.4235 29.5
    endloop
  endfacet
  facet normal 0 0 1
    outer loop
      vertex 49.5365 31.4266 29.5
      vertex 48.9184 33.3287 29.5
      vertex 49.3899 31.3703 29.5
    endloop
  endfacet
  facet normal -0 0 1
    outer loop
      vertex 48.5764 33.1974 29.5
      vertex 49.3899 31.3703 29.5
      vertex 48.9184 33.3287 29.5
    endloop
  endfacet
  facet normal 0 0 1
    outer loop
      vertex 49.3899 31.3703 29.5
      vertex 48.5764 33.1974 29.5
      vertex 49.25 31.299 29.5
    endloop
  endfacet
  facet normal -0 0 1
    outer loop
      vertex 48.25 33.0311 29.5
      vertex 49.25 31.299 29.5
      vertex 48.5764 33.1974 29.5
    endloop
  endfacet
  facet normal 0 0 1
    outer loop
      vertex 49.25 31.299 29.5
      vertex 48.25 33.0311 29.5
      vertex 49.1183 31.2135 29.5
    endloop
  endfacet
  facet normal -0 0 1
    outer loop
      vertex 47.9427 32.8316 29.5
      vertex 49.1183 31.2135 29.5
      vertex 48.25 33.0311 29.5
    endloop
  endfacet
  facet normal 0 0 1
    outer loop
      vertex 49.1183 31.2135 29.5
      vertex 47.9427 32.8316 29.5
      vertex 48.9963 31.1147 29.5
    endloop
  endfacet
  facet normal -0 0 1
    outer loop
      vertex 47.658 32.601 29.5
      vertex 48.9963 31.1147 29.5
      vertex 47.9427 32.8316 29.5
    endloop
  endfacet
  facet normal 0 0 1
    outer loop
      vertex 48.9963 31.1147 29.5
      vertex 47.658 32.601 29.5
      vertex 48.8853 31.0037 29.5
    endloop
  endfacet
  facet normal -0 0 1
    outer loop
      vertex 47.399 32.342 29.5
      vertex 48.8853 31.0037 29.5
      vertex 47.658 32.601 29.5
    endloop
  endfacet
  facet normal 0 0 1
    outer loop
      vertex 48.8853 31.0037 29.5
      vertex 47.399 32.342 29.5
      vertex 48.7865 30.8817 29.5
    endloop
  endfacet
  facet normal -0 0 1
    outer loop
      vertex 47.1684 32.0572 29.5
      vertex 48.7865 30.8817 29.5
      vertex 47.399 32.342 29.5
    endloop
  endfacet
  facet normal 0 0 1
    outer loop
      vertex 48.7865 30.8817 29.5
      vertex 47.1684 32.0572 29.5
      vertex 48.701 30.75 29.5
    endloop
  endfacet
  facet normal -0 0 1
    outer loop
      vertex 46.9689 31.75 29.5
      vertex 48.701 30.75 29.5
      vertex 47.1684 32.0572 29.5
    endloop
  endfacet
  facet normal 0 0 1
    outer loop
      vertex 53.0311 28.25 29.5
      vertex 51.299 29.25 29.5
      vertex 52.8316 27.9428 29.5
    endloop
  endfacet
  facet normal -0 0 1
    outer loop
      vertex 51.2135 29.1183 29.5
      vertex 52.8316 27.9428 29.5
      vertex 51.299 29.25 29.5
    endloop
  endfacet
  facet normal 0 0 1
    outer loop
      vertex 52.8316 27.9428 29.5
      vertex 51.2135 29.1183 29.5
      vertex 52.601 27.658 29.5
    endloop
  endfacet
  facet normal -0 0 1
    outer loop
      vertex 51.1147 28.9963 29.5
      vertex 52.601 27.658 29.5
      vertex 51.2135 29.1183 29.5
    endloop
  endfacet
  facet normal 0 0 1
    outer loop
      vertex 52.601 27.658 29.5
      vertex 51.1147 28.9963 29.5
      vertex 52.342 27.399 29.5
    endloop
  endfacet
  facet normal -0 0 1
    outer loop
      vertex 51.0037 28.8853 29.5
      vertex 52.342 27.399 29.5
      vertex 51.1147 28.9963 29.5
    endloop
  endfacet
  facet normal 0 0 1
    outer loop
      vertex 52.342 27.399 29.5
      vertex 51.0037 28.8853 29.5
      vertex 52.0572 27.1684 29.5
    endloop
  endfacet
  facet normal -0 0 1
    outer loop
      vertex 50.8817 28.7865 29.5
      vertex 52.0572 27.1684 29.5
      vertex 51.0037 28.8853 29.5
    endloop
  endfacet
  facet normal 0 0 1
    outer loop
      vertex 52.0572 27.1684 29.5
      vertex 50.8817 28.7865 29.5
      vertex 51.75 26.9689 29.5
    endloop
  endfacet
  facet normal -0 0 1
    outer loop
      vertex 50.75 28.701 29.5
      vertex 51.75 26.9689 29.5
      vertex 50.8817 28.7865 29.5
    endloop
  endfacet
  facet normal 0 0 1
    outer loop
      vertex 51.75 26.9689 29.5
      vertex 50.75 28.701 29.5
      vertex 51.4236 26.8026 29.5
    endloop
  endfacet
  facet normal -0 0 1
    outer loop
      vertex 50.6101 28.6297 29.5
      vertex 51.4236 26.8026 29.5
      vertex 50.75 28.701 29.5
    endloop
  endfacet
  facet normal 0 0 1
    outer loop
      vertex 51.4236 26.8026 29.5
      vertex 50.6101 28.6297 29.5
      vertex 51.0816 26.6713 29.5
    endloop
  endfacet
  facet normal -0 0 1
    outer loop
      vertex 50.4635 28.5734 29.5
      vertex 51.0816 26.6713 29.5
      vertex 50.6101 28.6297 29.5
    endloop
  endfacet
  facet normal 0 0 1
    outer loop
      vertex 51.0816 26.6713 29.5
      vertex 50.4635 28.5734 29.5
      vertex 50.7277 26.5765 29.5
    endloop
  endfacet
  facet normal -0 0 1
    outer loop
      vertex 50.3119 28.5328 29.5
      vertex 50.7277 26.5765 29.5
      vertex 50.4635 28.5734 29.5
    endloop
  endfacet
  facet normal 0 0 1
    outer loop
      vertex 50.7277 26.5765 29.5
      vertex 50.3119 28.5328 29.5
      vertex 50.3658 26.5192 29.5
    endloop
  endfacet
  facet normal -0 0 1
    outer loop
      vertex 50.1568 28.5082 29.5
      vertex 50.3658 26.5192 29.5
      vertex 50.3119 28.5328 29.5
    endloop
  endfacet
  facet normal -0 0 1
    outer loop
      vertex 50 28.5 29.5
      vertex 50.3658 26.5192 29.5
      vertex 50.1568 28.5082 29.5
    endloop
  endfacet
  facet normal 0 0 1
    outer loop
      vertex 50 28.5 29.5
      vertex 50 26.5 29.5
      vertex 50.3658 26.5192 29.5
    endloop
  endfacet
  facet normal 0 0 1
    outer loop
      vertex 49.8432 28.5082 29.5
      vertex 50 26.5 29.5
      vertex 50 28.5 29.5
    endloop
  endfacet
  facet normal 0 0 1
    outer loop
      vertex 49.6341 26.5192 29.5
      vertex 49.8432 28.5082 29.5
      vertex 49.6881 28.5328 29.5
    endloop
  endfacet
  facet normal 0 0 1
    outer loop
      vertex 49.8432 28.5082 29.5
      vertex 49.6341 26.5192 29.5
      vertex 50 26.5 29.5
    endloop
  endfacet
  facet normal 0 0 1
    outer loop
      vertex 49.2723 26.5765 29.5
      vertex 49.6881 28.5328 29.5
      vertex 49.5365 28.5734 29.5
    endloop
  endfacet
  facet normal 0 0 1
    outer loop
      vertex 48.9184 26.6713 29.5
      vertex 49.5365 28.5734 29.5
      vertex 49.3899 28.6297 29.5
    endloop
  endfacet
  facet normal 0 0 1
    outer loop
      vertex 49.6881 28.5328 29.5
      vertex 49.2723 26.5765 29.5
      vertex 49.6341 26.5192 29.5
    endloop
  endfacet
  facet normal 0 0 1
    outer loop
      vertex 48.5764 26.8026 29.5
      vertex 49.3899 28.6297 29.5
      vertex 49.25 28.701 29.5
    endloop
  endfacet
  facet normal 0 0 1
    outer loop
      vertex 48.25 26.9689 29.5
      vertex 49.25 28.701 29.5
      vertex 49.1183 28.7865 29.5
    endloop
  endfacet
  facet normal 0 0 1
    outer loop
      vertex 47.9427 27.1684 29.5
      vertex 49.1183 28.7865 29.5
      vertex 48.9963 28.8853 29.5
    endloop
  endfacet
  facet normal 0 0 1
    outer loop
      vertex 49.5365 28.5734 29.5
      vertex 48.9184 26.6713 29.5
      vertex 49.2723 26.5765 29.5
    endloop
  endfacet
  facet normal 0 0 1
    outer loop
      vertex 47.658 27.399 29.5
      vertex 48.9963 28.8853 29.5
      vertex 48.8853 28.9963 29.5
    endloop
  endfacet
  facet normal 0 0 1
    outer loop
      vertex 47.399 27.658 29.5
      vertex 48.8853 28.9963 29.5
      vertex 48.7865 29.1183 29.5
    endloop
  endfacet
  facet normal 0 0 1
    outer loop
      vertex 47.1684 27.9428 29.5
      vertex 48.7865 29.1183 29.5
      vertex 48.701 29.25 29.5
    endloop
  endfacet
  facet normal 0 0 1
    outer loop
      vertex 46.9689 28.25 29.5
      vertex 48.701 29.25 29.5
      vertex 48.6297 29.3899 29.5
    endloop
  endfacet
  facet normal 0 0 1
    outer loop
      vertex 49.3899 28.6297 29.5
      vertex 48.5764 26.8026 29.5
      vertex 48.9184 26.6713 29.5
    endloop
  endfacet
  facet normal 0 0 1
    outer loop
      vertex 46.8026 28.5764 29.5
      vertex 48.6297 29.3899 29.5
      vertex 48.5734 29.5365 29.5
    endloop
  endfacet
  facet normal 0 0 1
    outer loop
      vertex 46.6713 28.9184 29.5
      vertex 48.5734 29.5365 29.5
      vertex 48.5328 29.6881 29.5
    endloop
  endfacet
  facet normal 0 0 1
    outer loop
      vertex 46.5765 29.2723 29.5
      vertex 48.5328 29.6881 29.5
      vertex 48.5082 29.8432 29.5
    endloop
  endfacet
  facet normal 0 0 1
    outer loop
      vertex 46.5192 29.6341 29.5
      vertex 48.5082 29.8432 29.5
      vertex 48.5 30 29.5
    endloop
  endfacet
  facet normal 0 0 1
    outer loop
      vertex 48.701 30.75 29.5
      vertex 46.9689 31.75 29.5
      vertex 48.6297 30.6101 29.5
    endloop
  endfacet
  facet normal 0 0 1
    outer loop
      vertex 49.25 28.701 29.5
      vertex 48.25 26.9689 29.5
      vertex 48.5764 26.8026 29.5
    endloop
  endfacet
  facet normal -0 0 1
    outer loop
      vertex 46.8026 31.4236 29.5
      vertex 48.6297 30.6101 29.5
      vertex 46.9689 31.75 29.5
    endloop
  endfacet
  facet normal 0 0 1
    outer loop
      vertex 49.1183 28.7865 29.5
      vertex 47.9427 27.1684 29.5
      vertex 48.25 26.9689 29.5
    endloop
  endfacet
  facet normal 0 0 1
    outer loop
      vertex 48.6297 30.6101 29.5
      vertex 46.8026 31.4236 29.5
      vertex 48.5734 30.4635 29.5
    endloop
  endfacet
  facet normal 0 0 1
    outer loop
      vertex 48.9963 28.8853 29.5
      vertex 47.658 27.399 29.5
      vertex 47.9427 27.1684 29.5
    endloop
  endfacet
  facet normal -0 0 1
    outer loop
      vertex 46.6713 31.0816 29.5
      vertex 48.5734 30.4635 29.5
      vertex 46.8026 31.4236 29.5
    endloop
  endfacet
  facet normal 0 0 1
    outer loop
      vertex 48.8853 28.9963 29.5
      vertex 47.399 27.658 29.5
      vertex 47.658 27.399 29.5
    endloop
  endfacet
  facet normal 0 0 1
    outer loop
      vertex 48.5734 30.4635 29.5
      vertex 46.6713 31.0816 29.5
      vertex 48.5328 30.3119 29.5
    endloop
  endfacet
  facet normal 0 0 1
    outer loop
      vertex 48.7865 29.1183 29.5
      vertex 47.1684 27.9428 29.5
      vertex 47.399 27.658 29.5
    endloop
  endfacet
  facet normal -0 0 1
    outer loop
      vertex 46.5765 30.7277 29.5
      vertex 48.5328 30.3119 29.5
      vertex 46.6713 31.0816 29.5
    endloop
  endfacet
  facet normal 0 0 1
    outer loop
      vertex 48.701 29.25 29.5
      vertex 46.9689 28.25 29.5
      vertex 47.1684 27.9428 29.5
    endloop
  endfacet
  facet normal 0 0 1
    outer loop
      vertex 48.5328 30.3119 29.5
      vertex 46.5765 30.7277 29.5
      vertex 48.5082 30.1568 29.5
    endloop
  endfacet
  facet normal 0 0 1
    outer loop
      vertex 48.6297 29.3899 29.5
      vertex 46.8026 28.5764 29.5
      vertex 46.9689 28.25 29.5
    endloop
  endfacet
  facet normal -0 0 1
    outer loop
      vertex 46.5192 30.3658 29.5
      vertex 48.5082 30.1568 29.5
      vertex 46.5765 30.7277 29.5
    endloop
  endfacet
  facet normal 0 0 1
    outer loop
      vertex 48.5734 29.5365 29.5
      vertex 46.6713 28.9184 29.5
      vertex 46.8026 28.5764 29.5
    endloop
  endfacet
  facet normal 0 0 1
    outer loop
      vertex 48.5082 30.1568 29.5
      vertex 46.5192 30.3658 29.5
      vertex 48.5 30 29.5
    endloop
  endfacet
  facet normal 0 0 1
    outer loop
      vertex 48.5328 29.6881 29.5
      vertex 46.5765 29.2723 29.5
      vertex 46.6713 28.9184 29.5
    endloop
  endfacet
  facet normal 0 0 1
    outer loop
      vertex 46.5 30 29.5
      vertex 48.5 30 29.5
      vertex 46.5192 30.3658 29.5
    endloop
  endfacet
  facet normal 0 0 1
    outer loop
      vertex 48.5082 29.8432 29.5
      vertex 46.5192 29.6341 29.5
      vertex 46.5765 29.2723 29.5
    endloop
  endfacet
  facet normal 0 0 1
    outer loop
      vertex 48.5 30 29.5
      vertex 46.5 30 29.5
      vertex 46.5192 29.6341 29.5
    endloop
  endfacet
  facet normal -0.544518 -0.838749 0
    outer loop
      vertex 47.9427 27.1684 28
      vertex 48.25 26.9689 29.5
      vertex 47.9427 27.1684 29.5
    endloop
  endfacet
  facet normal -0.544518 -0.838749 -0
    outer loop
      vertex 48.25 26.9689 29.5
      vertex 47.9427 27.1684 28
      vertex 48.25 26.9689 28
    endloop
  endfacet
  facet normal 0.629345 -0.777126 0
    outer loop
      vertex 48.9963 31.1147 28
      vertex 49.1183 31.2135 29.5
      vertex 48.9963 31.1147 29.5
    endloop
  endfacet
  facet normal 0.629345 -0.777126 0
    outer loop
      vertex 49.1183 31.2135 29.5
      vertex 48.9963 31.1147 28
      vertex 49.1183 31.2135 28
    endloop
  endfacet
  facet normal 0.933526 0.35851 0
    outer loop
      vertex 48.6297 29.3899 29.5
      vertex 48.5734 29.5365 28
      vertex 48.5734 29.5365 29.5
    endloop
  endfacet
  facet normal 0.933526 0.35851 0
    outer loop
      vertex 48.5734 29.5365 28
      vertex 48.6297 29.3899 29.5
      vertex 48.6297 29.3899 28
    endloop
  endfacet
  facet normal 0.0522246 -0.998635 0
    outer loop
      vertex 49.8432 31.4918 28
      vertex 50 31.5 29.5
      vertex 49.8432 31.4918 29.5
    endloop
  endfacet
  facet normal 0.0522246 -0.998635 0
    outer loop
      vertex 50 31.5 29.5
      vertex 49.8432 31.4918 28
      vertex 50 31.5 28
    endloop
  endfacet
  facet normal -0.838749 -0.544518 0
    outer loop
      vertex 51.299 30.75 28
      vertex 51.2135 30.8817 29.5
      vertex 51.2135 30.8817 28
    endloop
  endfacet
  facet normal -0.838749 -0.544518 0
    outer loop
      vertex 51.2135 30.8817 29.5
      vertex 51.299 30.75 28
      vertex 51.299 30.75 29.5
    endloop
  endfacet
  facet normal -0.707107 -0.707107 0
    outer loop
      vertex 51.1147 31.0037 28
      vertex 51.0037 31.1147 29.5
      vertex 51.0037 31.1147 28
    endloop
  endfacet
  facet normal -0.707107 -0.707107 0
    outer loop
      vertex 51.0037 31.1147 29.5
      vertex 51.1147 31.0037 28
      vertex 51.1147 31.0037 29.5
    endloop
  endfacet
  facet normal -0.998635 0.0522246 0
    outer loop
      vertex 51.4918 29.8432 28
      vertex 51.5 30 29.5
      vertex 51.5 30 28
    endloop
  endfacet
  facet normal -0.998635 0.0522246 0
    outer loop
      vertex 51.5 30 29.5
      vertex 51.4918 29.8432 28
      vertex 51.4918 29.8432 29.5
    endloop
  endfacet
  facet normal -0.544518 -0.838749 0
    outer loop
      vertex 50.75 31.299 28
      vertex 50.8817 31.2135 29.5
      vertex 50.75 31.299 29.5
    endloop
  endfacet
  facet normal -0.544518 -0.838749 -0
    outer loop
      vertex 50.8817 31.2135 29.5
      vertex 50.75 31.299 28
      vertex 50.8817 31.2135 28
    endloop
  endfacet
  facet normal -0.544518 0.838749 0
    outer loop
      vertex 50.8817 28.7865 28
      vertex 50.75 28.701 29.5
      vertex 50.8817 28.7865 29.5
    endloop
  endfacet
  facet normal -0.544518 0.838749 0
    outer loop
      vertex 50.75 28.701 29.5
      vertex 50.8817 28.7865 28
      vertex 50.75 28.701 28
    endloop
  endfacet
  facet normal 0.998635 -0.0522246 0
    outer loop
      vertex 48.5 30 29.5
      vertex 48.5082 30.1568 28
      vertex 48.5082 30.1568 29.5
    endloop
  endfacet
  facet normal 0.998635 -0.0522246 0
    outer loop
      vertex 48.5082 30.1568 28
      vertex 48.5 30 29.5
      vertex 48.5 30 28
    endloop
  endfacet
  facet normal -0.998635 -0.0522246 0
    outer loop
      vertex 51.5 30 28
      vertex 51.4918 30.1568 29.5
      vertex 51.4918 30.1568 28
    endloop
  endfacet
  facet normal -0.998635 -0.0522246 0
    outer loop
      vertex 51.4918 30.1568 29.5
      vertex 51.5 30 28
      vertex 51.5 30 29.5
    endloop
  endfacet
  facet normal -0.933526 -0.35851 0
    outer loop
      vertex 51.4266 30.4635 28
      vertex 51.3703 30.6101 29.5
      vertex 51.3703 30.6101 28
    endloop
  endfacet
  facet normal -0.933526 -0.35851 0
    outer loop
      vertex 51.3703 30.6101 29.5
      vertex 51.4266 30.4635 28
      vertex 51.4266 30.4635 29.5
    endloop
  endfacet
  facet normal -0.0522246 -0.998635 0
    outer loop
      vertex 50 31.5 28
      vertex 50.1568 31.4918 29.5
      vertex 50 31.5 29.5
    endloop
  endfacet
  facet normal -0.0522246 -0.998635 -0
    outer loop
      vertex 50.1568 31.4918 29.5
      vertex 50 31.5 28
      vertex 50.1568 31.4918 28
    endloop
  endfacet
  facet normal -0.987654 -0.156649 0
    outer loop
      vertex 51.4918 30.1568 28
      vertex 51.4672 30.3119 29.5
      vertex 51.4672 30.3119 28
    endloop
  endfacet
  facet normal -0.987654 -0.156649 0
    outer loop
      vertex 51.4672 30.3119 29.5
      vertex 51.4918 30.1568 28
      vertex 51.4918 30.1568 29.5
    endloop
  endfacet
  facet normal 0.629345 0.777126 -0
    outer loop
      vertex 49.1183 28.7865 28
      vertex 48.9963 28.8853 29.5
      vertex 49.1183 28.7865 29.5
    endloop
  endfacet
  facet normal 0.629345 0.777126 0
    outer loop
      vertex 48.9963 28.8853 29.5
      vertex 49.1183 28.7865 28
      vertex 48.9963 28.8853 28
    endloop
  endfacet
  facet normal -0.629345 0.777126 0
    outer loop
      vertex 51.0037 28.8853 28
      vertex 50.8817 28.7865 29.5
      vertex 51.0037 28.8853 29.5
    endloop
  endfacet
  facet normal -0.629345 0.777126 0
    outer loop
      vertex 50.8817 28.7865 29.5
      vertex 51.0037 28.8853 28
      vertex 50.8817 28.7865 28
    endloop
  endfacet
  facet normal 0.965959 0.258694 0
    outer loop
      vertex 48.5734 29.5365 29.5
      vertex 48.5328 29.6881 28
      vertex 48.5328 29.6881 29.5
    endloop
  endfacet
  facet normal 0.965959 0.258694 0
    outer loop
      vertex 48.5328 29.6881 28
      vertex 48.5734 29.5365 29.5
      vertex 48.5734 29.5365 28
    endloop
  endfacet
  facet normal 0.454078 0.890962 -0
    outer loop
      vertex 49.3899 28.6297 28
      vertex 49.25 28.701 29.5
      vertex 49.3899 28.6297 29.5
    endloop
  endfacet
  facet normal 0.454078 0.890962 0
    outer loop
      vertex 49.25 28.701 29.5
      vertex 49.3899 28.6297 28
      vertex 49.25 28.701 28
    endloop
  endfacet
  facet normal -0.987654 0.156649 0
    outer loop
      vertex 51.4672 29.6881 28
      vertex 51.4918 29.8432 29.5
      vertex 51.4918 29.8432 28
    endloop
  endfacet
  facet normal -0.987654 0.156649 0
    outer loop
      vertex 51.4918 29.8432 29.5
      vertex 51.4672 29.6881 28
      vertex 51.4672 29.6881 29.5
    endloop
  endfacet
  facet normal -0.454078 -0.890962 0
    outer loop
      vertex 50.6101 31.3703 28
      vertex 50.75 31.299 29.5
      vertex 50.6101 31.3703 29.5
    endloop
  endfacet
  facet normal -0.454078 -0.890962 -0
    outer loop
      vertex 50.75 31.299 29.5
      vertex 50.6101 31.3703 28
      vertex 50.75 31.299 28
    endloop
  endfacet
  facet normal 0.707107 0.707107 0
    outer loop
      vertex 48.9963 28.8853 29.5
      vertex 48.8853 28.9963 28
      vertex 48.8853 28.9963 29.5
    endloop
  endfacet
  facet normal 0.707107 0.707107 0
    outer loop
      vertex 48.8853 28.9963 28
      vertex 48.9963 28.8853 29.5
      vertex 48.9963 28.8853 28
    endloop
  endfacet
  facet normal 0.987654 0.156649 0
    outer loop
      vertex 48.5328 29.6881 29.5
      vertex 48.5082 29.8432 28
      vertex 48.5082 29.8432 29.5
    endloop
  endfacet
  facet normal 0.987654 0.156649 0
    outer loop
      vertex 48.5082 29.8432 28
      vertex 48.5328 29.6881 29.5
      vertex 48.5328 29.6881 28
    endloop
  endfacet
  facet normal 0.777126 -0.629345 0
    outer loop
      vertex 48.7865 30.8817 29.5
      vertex 48.8853 31.0037 28
      vertex 48.8853 31.0037 29.5
    endloop
  endfacet
  facet normal 0.777126 -0.629345 0
    outer loop
      vertex 48.8853 31.0037 28
      vertex 48.7865 30.8817 29.5
      vertex 48.7865 30.8817 28
    endloop
  endfacet
  facet normal 0.454078 -0.890962 0
    outer loop
      vertex 49.25 31.299 28
      vertex 49.3899 31.3703 29.5
      vertex 49.25 31.299 29.5
    endloop
  endfacet
  facet normal 0.454078 -0.890962 0
    outer loop
      vertex 49.3899 31.3703 29.5
      vertex 49.25 31.299 28
      vertex 49.3899 31.3703 28
    endloop
  endfacet
  facet normal -0.965959 -0.258694 0
    outer loop
      vertex 51.4672 30.3119 28
      vertex 51.4266 30.4635 29.5
      vertex 51.4266 30.4635 28
    endloop
  endfacet
  facet normal -0.965959 -0.258694 0
    outer loop
      vertex 51.4266 30.4635 29.5
      vertex 51.4672 30.3119 28
      vertex 51.4672 30.3119 29.5
    endloop
  endfacet
  facet normal -0.35851 0.933526 0
    outer loop
      vertex 50.6101 28.6297 28
      vertex 50.4635 28.5734 29.5
      vertex 50.6101 28.6297 29.5
    endloop
  endfacet
  facet normal -0.35851 0.933526 0
    outer loop
      vertex 50.4635 28.5734 29.5
      vertex 50.6101 28.6297 28
      vertex 50.4635 28.5734 28
    endloop
  endfacet
  facet normal -0.933526 0.35851 0
    outer loop
      vertex 51.3703 29.3899 28
      vertex 51.4266 29.5365 29.5
      vertex 51.4266 29.5365 28
    endloop
  endfacet
  facet normal -0.933526 0.35851 0
    outer loop
      vertex 51.4266 29.5365 29.5
      vertex 51.3703 29.3899 28
      vertex 51.3703 29.3899 29.5
    endloop
  endfacet
  facet normal 0.707107 -0.707107 0
    outer loop
      vertex 48.8853 31.0037 29.5
      vertex 48.9963 31.1147 28
      vertex 48.9963 31.1147 29.5
    endloop
  endfacet
  facet normal 0.707107 -0.707107 0
    outer loop
      vertex 48.9963 31.1147 28
      vertex 48.8853 31.0037 29.5
      vertex 48.8853 31.0037 28
    endloop
  endfacet
  facet normal -0.35851 -0.933526 0
    outer loop
      vertex 50.4635 31.4266 28
      vertex 50.6101 31.3703 29.5
      vertex 50.4635 31.4266 29.5
    endloop
  endfacet
  facet normal -0.35851 -0.933526 -0
    outer loop
      vertex 50.6101 31.3703 29.5
      vertex 50.4635 31.4266 28
      vertex 50.6101 31.3703 28
    endloop
  endfacet
  facet normal 0.998635 0.0522246 0
    outer loop
      vertex 48.5082 29.8432 29.5
      vertex 48.5 30 28
      vertex 48.5 30 29.5
    endloop
  endfacet
  facet normal 0.998635 0.0522246 0
    outer loop
      vertex 48.5 30 28
      vertex 48.5082 29.8432 29.5
      vertex 48.5082 29.8432 28
    endloop
  endfacet
  facet normal 0.838749 -0.544518 0
    outer loop
      vertex 48.701 30.75 29.5
      vertex 48.7865 30.8817 28
      vertex 48.7865 30.8817 29.5
    endloop
  endfacet
  facet normal 0.838749 -0.544518 0
    outer loop
      vertex 48.7865 30.8817 28
      vertex 48.701 30.75 29.5
      vertex 48.701 30.75 28
    endloop
  endfacet
  facet normal 0.35851 0.933526 -0
    outer loop
      vertex 49.5365 28.5734 28
      vertex 49.3899 28.6297 29.5
      vertex 49.5365 28.5734 29.5
    endloop
  endfacet
  facet normal 0.35851 0.933526 0
    outer loop
      vertex 49.3899 28.6297 29.5
      vertex 49.5365 28.5734 28
      vertex 49.3899 28.6297 28
    endloop
  endfacet
  facet normal -0.838749 0.544518 0
    outer loop
      vertex 51.2135 29.1183 28
      vertex 51.299 29.25 29.5
      vertex 51.299 29.25 28
    endloop
  endfacet
  facet normal -0.838749 0.544518 0
    outer loop
      vertex 51.299 29.25 29.5
      vertex 51.2135 29.1183 28
      vertex 51.2135 29.1183 29.5
    endloop
  endfacet
  facet normal -0.777126 0.629345 0
    outer loop
      vertex 51.1147 28.9963 28
      vertex 51.2135 29.1183 29.5
      vertex 51.2135 29.1183 28
    endloop
  endfacet
  facet normal -0.777126 0.629345 0
    outer loop
      vertex 51.2135 29.1183 29.5
      vertex 51.1147 28.9963 28
      vertex 51.1147 28.9963 29.5
    endloop
  endfacet
  facet normal -0.258694 -0.965959 0
    outer loop
      vertex 50.3119 31.4672 28
      vertex 50.4635 31.4266 29.5
      vertex 50.3119 31.4672 29.5
    endloop
  endfacet
  facet normal -0.258694 -0.965959 -0
    outer loop
      vertex 50.4635 31.4266 29.5
      vertex 50.3119 31.4672 28
      vertex 50.4635 31.4266 28
    endloop
  endfacet
  facet normal 0.890962 -0.454078 0
    outer loop
      vertex 48.6297 30.6101 29.5
      vertex 48.701 30.75 28
      vertex 48.701 30.75 29.5
    endloop
  endfacet
  facet normal 0.890962 -0.454078 0
    outer loop
      vertex 48.701 30.75 28
      vertex 48.6297 30.6101 29.5
      vertex 48.6297 30.6101 28
    endloop
  endfacet
  facet normal 0.890962 0.454078 0
    outer loop
      vertex 48.701 29.25 29.5
      vertex 48.6297 29.3899 28
      vertex 48.6297 29.3899 29.5
    endloop
  endfacet
  facet normal 0.890962 0.454078 0
    outer loop
      vertex 48.6297 29.3899 28
      vertex 48.701 29.25 29.5
      vertex 48.701 29.25 28
    endloop
  endfacet
  facet normal -0.156649 0.987654 0
    outer loop
      vertex 50.3119 28.5328 28
      vertex 50.1568 28.5082 29.5
      vertex 50.3119 28.5328 29.5
    endloop
  endfacet
  facet normal -0.156649 0.987654 0
    outer loop
      vertex 50.1568 28.5082 29.5
      vertex 50.3119 28.5328 28
      vertex 50.1568 28.5082 28
    endloop
  endfacet
  facet normal -0.258694 0.965959 0
    outer loop
      vertex 50.4635 28.5734 28
      vertex 50.3119 28.5328 29.5
      vertex 50.4635 28.5734 29.5
    endloop
  endfacet
  facet normal -0.258694 0.965959 0
    outer loop
      vertex 50.3119 28.5328 29.5
      vertex 50.4635 28.5734 28
      vertex 50.3119 28.5328 28
    endloop
  endfacet
  facet normal 0.156649 0.987654 -0
    outer loop
      vertex 49.8432 28.5082 28
      vertex 49.6881 28.5328 29.5
      vertex 49.8432 28.5082 29.5
    endloop
  endfacet
  facet normal 0.156649 0.987654 0
    outer loop
      vertex 49.6881 28.5328 29.5
      vertex 49.8432 28.5082 28
      vertex 49.6881 28.5328 28
    endloop
  endfacet
  facet normal 0.838749 0.544518 0
    outer loop
      vertex 48.7865 29.1183 29.5
      vertex 48.701 29.25 28
      vertex 48.701 29.25 29.5
    endloop
  endfacet
  facet normal 0.838749 0.544518 0
    outer loop
      vertex 48.701 29.25 28
      vertex 48.7865 29.1183 29.5
      vertex 48.7865 29.1183 28
    endloop
  endfacet
  facet normal 0.258694 -0.965959 0
    outer loop
      vertex 49.5365 31.4266 28
      vertex 49.6881 31.4672 29.5
      vertex 49.5365 31.4266 29.5
    endloop
  endfacet
  facet normal 0.258694 -0.965959 0
    outer loop
      vertex 49.6881 31.4672 29.5
      vertex 49.5365 31.4266 28
      vertex 49.6881 31.4672 28
    endloop
  endfacet
  facet normal 0.987654 -0.156649 0
    outer loop
      vertex 48.5082 30.1568 29.5
      vertex 48.5328 30.3119 28
      vertex 48.5328 30.3119 29.5
    endloop
  endfacet
  facet normal 0.987654 -0.156649 0
    outer loop
      vertex 48.5328 30.3119 28
      vertex 48.5082 30.1568 29.5
      vertex 48.5082 30.1568 28
    endloop
  endfacet
  facet normal -0.965959 0.258694 0
    outer loop
      vertex 51.4266 29.5365 28
      vertex 51.4672 29.6881 29.5
      vertex 51.4672 29.6881 28
    endloop
  endfacet
  facet normal -0.965959 0.258694 0
    outer loop
      vertex 51.4672 29.6881 29.5
      vertex 51.4266 29.5365 28
      vertex 51.4266 29.5365 29.5
    endloop
  endfacet
  facet normal 0.933526 -0.35851 0
    outer loop
      vertex 48.5734 30.4635 29.5
      vertex 48.6297 30.6101 28
      vertex 48.6297 30.6101 29.5
    endloop
  endfacet
  facet normal 0.933526 -0.35851 0
    outer loop
      vertex 48.6297 30.6101 28
      vertex 48.5734 30.4635 29.5
      vertex 48.5734 30.4635 28
    endloop
  endfacet
  facet normal -0.629345 -0.777126 0
    outer loop
      vertex 50.8817 31.2135 28
      vertex 51.0037 31.1147 29.5
      vertex 50.8817 31.2135 29.5
    endloop
  endfacet
  facet normal -0.629345 -0.777126 -0
    outer loop
      vertex 51.0037 31.1147 29.5
      vertex 50.8817 31.2135 28
      vertex 51.0037 31.1147 28
    endloop
  endfacet
  facet normal -0.890962 -0.454078 0
    outer loop
      vertex 51.3703 30.6101 28
      vertex 51.299 30.75 29.5
      vertex 51.299 30.75 28
    endloop
  endfacet
  facet normal -0.890962 -0.454078 0
    outer loop
      vertex 51.299 30.75 29.5
      vertex 51.3703 30.6101 28
      vertex 51.3703 30.6101 29.5
    endloop
  endfacet
  facet normal -0.777126 -0.629345 0
    outer loop
      vertex 51.2135 30.8817 28
      vertex 51.1147 31.0037 29.5
      vertex 51.1147 31.0037 28
    endloop
  endfacet
  facet normal -0.777126 -0.629345 0
    outer loop
      vertex 51.1147 31.0037 29.5
      vertex 51.2135 30.8817 28
      vertex 51.2135 30.8817 29.5
    endloop
  endfacet
  facet normal 0.35851 -0.933526 0
    outer loop
      vertex 49.3899 31.3703 28
      vertex 49.5365 31.4266 29.5
      vertex 49.3899 31.3703 29.5
    endloop
  endfacet
  facet normal 0.35851 -0.933526 0
    outer loop
      vertex 49.5365 31.4266 29.5
      vertex 49.3899 31.3703 28
      vertex 49.5365 31.4266 28
    endloop
  endfacet
  facet normal 0.544518 -0.838749 0
    outer loop
      vertex 49.1183 31.2135 28
      vertex 49.25 31.299 29.5
      vertex 49.1183 31.2135 29.5
    endloop
  endfacet
  facet normal 0.544518 -0.838749 0
    outer loop
      vertex 49.25 31.299 29.5
      vertex 49.1183 31.2135 28
      vertex 49.25 31.299 28
    endloop
  endfacet
  facet normal -0.890962 0.454078 0
    outer loop
      vertex 51.299 29.25 28
      vertex 51.3703 29.3899 29.5
      vertex 51.3703 29.3899 28
    endloop
  endfacet
  facet normal -0.890962 0.454078 0
    outer loop
      vertex 51.3703 29.3899 29.5
      vertex 51.299 29.25 28
      vertex 51.299 29.25 29.5
    endloop
  endfacet
  facet normal 0.156649 -0.987654 0
    outer loop
      vertex 49.6881 31.4672 28
      vertex 49.8432 31.4918 29.5
      vertex 49.6881 31.4672 29.5
    endloop
  endfacet
  facet normal 0.156649 -0.987654 0
    outer loop
      vertex 49.8432 31.4918 29.5
      vertex 49.6881 31.4672 28
      vertex 49.8432 31.4918 28
    endloop
  endfacet
  facet normal 0.965959 -0.258694 0
    outer loop
      vertex 48.5328 30.3119 29.5
      vertex 48.5734 30.4635 28
      vertex 48.5734 30.4635 29.5
    endloop
  endfacet
  facet normal 0.965959 -0.258694 0
    outer loop
      vertex 48.5734 30.4635 28
      vertex 48.5328 30.3119 29.5
      vertex 48.5328 30.3119 28
    endloop
  endfacet
  facet normal -0.156649 -0.987654 0
    outer loop
      vertex 50.1568 31.4918 28
      vertex 50.3119 31.4672 29.5
      vertex 50.1568 31.4918 29.5
    endloop
  endfacet
  facet normal -0.156649 -0.987654 -0
    outer loop
      vertex 50.3119 31.4672 29.5
      vertex 50.1568 31.4918 28
      vertex 50.3119 31.4672 28
    endloop
  endfacet
  facet normal -0.454078 0.890962 0
    outer loop
      vertex 50.75 28.701 28
      vertex 50.6101 28.6297 29.5
      vertex 50.75 28.701 29.5
    endloop
  endfacet
  facet normal -0.454078 0.890962 0
    outer loop
      vertex 50.6101 28.6297 29.5
      vertex 50.75 28.701 28
      vertex 50.6101 28.6297 28
    endloop
  endfacet
  facet normal 0.777126 0.629345 0
    outer loop
      vertex 48.8853 28.9963 29.5
      vertex 48.7865 29.1183 28
      vertex 48.7865 29.1183 29.5
    endloop
  endfacet
  facet normal 0.777126 0.629345 0
    outer loop
      vertex 48.7865 29.1183 28
      vertex 48.8853 28.9963 29.5
      vertex 48.8853 28.9963 28
    endloop
  endfacet
  facet normal 0.258694 0.965959 -0
    outer loop
      vertex 49.6881 28.5328 28
      vertex 49.5365 28.5734 29.5
      vertex 49.6881 28.5328 29.5
    endloop
  endfacet
  facet normal 0.258694 0.965959 0
    outer loop
      vertex 49.5365 28.5734 29.5
      vertex 49.6881 28.5328 28
      vertex 49.5365 28.5734 28
    endloop
  endfacet
  facet normal 0.544518 0.838749 -0
    outer loop
      vertex 49.25 28.701 28
      vertex 49.1183 28.7865 29.5
      vertex 49.25 28.701 29.5
    endloop
  endfacet
  facet normal 0.544518 0.838749 0
    outer loop
      vertex 49.1183 28.7865 29.5
      vertex 49.25 28.701 28
      vertex 49.1183 28.7865 28
    endloop
  endfacet
  facet normal 0.0522246 0.998635 -0
    outer loop
      vertex 50 28.5 28
      vertex 49.8432 28.5082 29.5
      vertex 50 28.5 29.5
    endloop
  endfacet
  facet normal 0.0522246 0.998635 0
    outer loop
      vertex 49.8432 28.5082 29.5
      vertex 50 28.5 28
      vertex 49.8432 28.5082 28
    endloop
  endfacet
  facet normal -0.0522246 0.998635 0
    outer loop
      vertex 50.1568 28.5082 28
      vertex 50 28.5 29.5
      vertex 50.1568 28.5082 29.5
    endloop
  endfacet
  facet normal -0.0522246 0.998635 0
    outer loop
      vertex 50 28.5 29.5
      vertex 50.1568 28.5082 28
      vertex 50 28.5 28
    endloop
  endfacet
  facet normal -0.707107 0.707107 0
    outer loop
      vertex 51.0037 28.8853 28
      vertex 51.1147 28.9963 29.5
      vertex 51.1147 28.9963 28
    endloop
  endfacet
  facet normal -0.707107 0.707107 0
    outer loop
      vertex 51.1147 28.9963 29.5
      vertex 51.0037 28.8853 28
      vertex 51.0037 28.8853 29.5
    endloop
  endfacet
endsolid OpenSCAD_Model
