solid OpenSCAD_Model
  facet normal -1 0 0
    outer loop
      vertex 75 56 -1.5
      vertex 75 54 -0.5
      vertex 75 56 23.5
    endloop
  endfacet
  facet normal -1 0 0
    outer loop
      vertex 75 56 -1.5
      vertex 75 0 -0.5
      vertex 75 54 -0.5
    endloop
  endfacet
  facet normal -1 0 0
    outer loop
      vertex 75 -2 23.5
      vertex 75 0 -0.5
      vertex 75 -2 -1.5
    endloop
  endfacet
  facet normal -1 0 0
    outer loop
      vertex 75 -2 -1.5
      vertex 75 0 -0.5
      vertex 75 56 -1.5
    endloop
  endfacet
  facet normal -1 0 0
    outer loop
      vertex 75 54 23
      vertex 75 56 23.5
      vertex 75 54 -0.5
    endloop
  endfacet
  facet normal -1 0 0
    outer loop
      vertex 75 0 23
      vertex 75 56 23.5
      vertex 75 54 23
    endloop
  endfacet
  facet normal -1 0 0
    outer loop
      vertex 75 0 23
      vertex 75 -2 23.5
      vertex 75 56 23.5
    endloop
  endfacet
  facet normal -1 0 0
    outer loop
      vertex 75 0 -0.5
      vertex 75 -2 23.5
      vertex 75 0 23
    endloop
  endfacet
  facet normal -1 0 0
    outer loop
      vertex 75 27.866 17.5
      vertex 75 51.5 19
      vertex 75 51.5 2.5
    endloop
  endfacet
  facet normal -1 0 0
    outer loop
      vertex 75 51.5 19
      vertex 75 27.9945 17.8955
      vertex 75 28 18
    endloop
  endfacet
  facet normal -1 0 0
    outer loop
      vertex 75 51.5 19
      vertex 75 27.9781 17.7921
      vertex 75 27.9945 17.8955
    endloop
  endfacet
  facet normal -1 0 0
    outer loop
      vertex 75 51.5 19
      vertex 75 27.9511 17.691
      vertex 75 27.9781 17.7921
    endloop
  endfacet
  facet normal -1 0 0
    outer loop
      vertex 75 51.5 19
      vertex 75 27.9135 17.5933
      vertex 75 27.9511 17.691
    endloop
  endfacet
  facet normal -1 0 0
    outer loop
      vertex 75 51.5 19
      vertex 75 27.866 17.5
      vertex 75 27.9135 17.5933
    endloop
  endfacet
  facet normal -1 0 0
    outer loop
      vertex 75 51.5 2.5
      vertex 75 27.809 17.4122
      vertex 75 27.866 17.5
    endloop
  endfacet
  facet normal -1 0 0
    outer loop
      vertex 75 51.5 2.5
      vertex 75 27.7431 17.3309
      vertex 75 27.809 17.4122
    endloop
  endfacet
  facet normal -1 0 0
    outer loop
      vertex 75 51.5 2.5
      vertex 75 27.6691 17.2569
      vertex 75 27.7431 17.3309
    endloop
  endfacet
  facet normal -1 0 0
    outer loop
      vertex 75 51.5 2.5
      vertex 75 27.5878 17.191
      vertex 75 27.6691 17.2569
    endloop
  endfacet
  facet normal -1 0 0
    outer loop
      vertex 75 51.5 2.5
      vertex 75 27.5 17.134
      vertex 75 27.5878 17.191
    endloop
  endfacet
  facet normal -1 0 0
    outer loop
      vertex 75 51.5 2.5
      vertex 75 27.4067 17.0865
      vertex 75 27.5 17.134
    endloop
  endfacet
  facet normal -1 0 0
    outer loop
      vertex 75 51.5 2.5
      vertex 75 27.309 17.0489
      vertex 75 27.4067 17.0865
    endloop
  endfacet
  facet normal -1 0 0
    outer loop
      vertex 75 51.5 2.5
      vertex 75 27.2079 17.0219
      vertex 75 27.309 17.0489
    endloop
  endfacet
  facet normal -1 0 0
    outer loop
      vertex 75 51.5 2.5
      vertex 75 27.1045 17.0055
      vertex 75 27.2079 17.0219
    endloop
  endfacet
  facet normal -1 0 0
    outer loop
      vertex 75 51.5 2.5
      vertex 75 27 17
      vertex 75 27.1045 17.0055
    endloop
  endfacet
  facet normal -1 0 0
    outer loop
      vertex 75 2.5 2.5
      vertex 75 27 17
      vertex 75 51.5 2.5
    endloop
  endfacet
  facet normal -1 -0 0
    outer loop
      vertex 75 27 17
      vertex 75 2.5 2.5
      vertex 75 26.8955 17.0055
    endloop
  endfacet
  facet normal -1 -0 0
    outer loop
      vertex 75 26.8955 17.0055
      vertex 75 2.5 2.5
      vertex 75 26.7921 17.0219
    endloop
  endfacet
  facet normal -1 -0 0
    outer loop
      vertex 75 26.7921 17.0219
      vertex 75 2.5 2.5
      vertex 75 26.691 17.0489
    endloop
  endfacet
  facet normal -1 -0 0
    outer loop
      vertex 75 26.691 17.0489
      vertex 75 2.5 2.5
      vertex 75 26.5933 17.0865
    endloop
  endfacet
  facet normal -1 0 0
    outer loop
      vertex 75 26.0219 17.7921
      vertex 75 2.5 19
      vertex 75 26.0055 17.8955
    endloop
  endfacet
  facet normal -1 0 0
    outer loop
      vertex 75 26.0489 17.691
      vertex 75 2.5 19
      vertex 75 26.0219 17.7921
    endloop
  endfacet
  facet normal -1 0 0
    outer loop
      vertex 75 26.0865 17.5933
      vertex 75 2.5 19
      vertex 75 26.0489 17.691
    endloop
  endfacet
  facet normal -1 0 0
    outer loop
      vertex 75 26.134 17.5
      vertex 75 2.5 19
      vertex 75 26.0865 17.5933
    endloop
  endfacet
  facet normal -1 0 0
    outer loop
      vertex 75 2.5 19
      vertex 75 26.134 17.5
      vertex 75 2.5 2.5
    endloop
  endfacet
  facet normal -1 -0 0
    outer loop
      vertex 75 26.191 17.4122
      vertex 75 2.5 2.5
      vertex 75 26.134 17.5
    endloop
  endfacet
  facet normal -1 -0 0
    outer loop
      vertex 75 26.2569 17.3309
      vertex 75 2.5 2.5
      vertex 75 26.191 17.4122
    endloop
  endfacet
  facet normal -1 -0 0
    outer loop
      vertex 75 26.3309 17.2569
      vertex 75 2.5 2.5
      vertex 75 26.2569 17.3309
    endloop
  endfacet
  facet normal -1 -0 0
    outer loop
      vertex 75 26.4122 17.191
      vertex 75 2.5 2.5
      vertex 75 26.3309 17.2569
    endloop
  endfacet
  facet normal -1 -0 0
    outer loop
      vertex 75 26.5 17.134
      vertex 75 2.5 2.5
      vertex 75 26.4122 17.191
    endloop
  endfacet
  facet normal -1 -0 0
    outer loop
      vertex 75 26.5933 17.0865
      vertex 75 2.5 2.5
      vertex 75 26.5 17.134
    endloop
  endfacet
  facet normal -1 0 0
    outer loop
      vertex 75 27.9945 18.1045
      vertex 75 51.5 19
      vertex 75 28 18
    endloop
  endfacet
  facet normal -1 0 0
    outer loop
      vertex 75 27.9781 18.2079
      vertex 75 51.5 19
      vertex 75 27.9945 18.1045
    endloop
  endfacet
  facet normal -1 0 0
    outer loop
      vertex 75 27.9511 18.309
      vertex 75 51.5 19
      vertex 75 27.9781 18.2079
    endloop
  endfacet
  facet normal -1 0 0
    outer loop
      vertex 75 27.9135 18.4067
      vertex 75 51.5 19
      vertex 75 27.9511 18.309
    endloop
  endfacet
  facet normal -1 0 0
    outer loop
      vertex 75 27.866 18.5
      vertex 75 51.5 19
      vertex 75 27.9135 18.4067
    endloop
  endfacet
  facet normal -1 0 0
    outer loop
      vertex 75 27.809 18.5878
      vertex 75 51.5 19
      vertex 75 27.866 18.5
    endloop
  endfacet
  facet normal -1 0 0
    outer loop
      vertex 75 27.7431 18.6691
      vertex 75 51.5 19
      vertex 75 27.809 18.5878
    endloop
  endfacet
  facet normal -1 0 0
    outer loop
      vertex 75 27.6691 18.7431
      vertex 75 51.5 19
      vertex 75 27.7431 18.6691
    endloop
  endfacet
  facet normal -1 0 0
    outer loop
      vertex 75 27.5878 18.809
      vertex 75 51.5 19
      vertex 75 27.6691 18.7431
    endloop
  endfacet
  facet normal -1 0 0
    outer loop
      vertex 75 27.5 18.866
      vertex 75 51.5 19
      vertex 75 27.5878 18.809
    endloop
  endfacet
  facet normal -1 0 0
    outer loop
      vertex 75 27.4067 18.9135
      vertex 75 51.5 19
      vertex 75 27.5 18.866
    endloop
  endfacet
  facet normal -1 0 0
    outer loop
      vertex 75 27.309 18.9511
      vertex 75 51.5 19
      vertex 75 27.4067 18.9135
    endloop
  endfacet
  facet normal -1 0 0
    outer loop
      vertex 75 27.2079 18.9781
      vertex 75 51.5 19
      vertex 75 27.309 18.9511
    endloop
  endfacet
  facet normal -1 0 0
    outer loop
      vertex 75 27.1045 18.9945
      vertex 75 51.5 19
      vertex 75 27.2079 18.9781
    endloop
  endfacet
  facet normal -1 -0 0
    outer loop
      vertex 75 51.5 19
      vertex 75 27.1045 18.9945
      vertex 75 27 19
    endloop
  endfacet
  facet normal -1 0 0
    outer loop
      vertex 75 26.0055 17.8955
      vertex 75 2.5 19
      vertex 75 26 18
    endloop
  endfacet
  facet normal -1 0 0
    outer loop
      vertex 75 26 18
      vertex 75 2.5 19
      vertex 75 26.0055 18.1045
    endloop
  endfacet
  facet normal -1 0 0
    outer loop
      vertex 75 26.0055 18.1045
      vertex 75 2.5 19
      vertex 75 26.0219 18.2079
    endloop
  endfacet
  facet normal -1 0 0
    outer loop
      vertex 75 26.0219 18.2079
      vertex 75 2.5 19
      vertex 75 26.0489 18.309
    endloop
  endfacet
  facet normal -1 0 0
    outer loop
      vertex 75 26.0489 18.309
      vertex 75 2.5 19
      vertex 75 26.0865 18.4067
    endloop
  endfacet
  facet normal -1 0 0
    outer loop
      vertex 75 26.0865 18.4067
      vertex 75 2.5 19
      vertex 75 26.134 18.5
    endloop
  endfacet
  facet normal -1 0 0
    outer loop
      vertex 75 26.134 18.5
      vertex 75 2.5 19
      vertex 75 26.191 18.5878
    endloop
  endfacet
  facet normal -1 0 0
    outer loop
      vertex 75 26.191 18.5878
      vertex 75 2.5 19
      vertex 75 26.2569 18.6691
    endloop
  endfacet
  facet normal -1 0 0
    outer loop
      vertex 75 26.2569 18.6691
      vertex 75 2.5 19
      vertex 75 26.3309 18.7431
    endloop
  endfacet
  facet normal -1 0 0
    outer loop
      vertex 75 26.8955 18.9945
      vertex 75 2.5 19
      vertex 75 27 19
    endloop
  endfacet
  facet normal -1 0 0
    outer loop
      vertex 75 26.7921 18.9781
      vertex 75 2.5 19
      vertex 75 26.8955 18.9945
    endloop
  endfacet
  facet normal -1 0 0
    outer loop
      vertex 75 26.691 18.9511
      vertex 75 2.5 19
      vertex 75 26.7921 18.9781
    endloop
  endfacet
  facet normal -1 0 0
    outer loop
      vertex 75 26.5933 18.9135
      vertex 75 2.5 19
      vertex 75 26.691 18.9511
    endloop
  endfacet
  facet normal -1 0 0
    outer loop
      vertex 75 26.5 18.866
      vertex 75 2.5 19
      vertex 75 26.5933 18.9135
    endloop
  endfacet
  facet normal -1 0 0
    outer loop
      vertex 75 26.4122 18.809
      vertex 75 2.5 19
      vertex 75 26.5 18.866
    endloop
  endfacet
  facet normal -1 0 0
    outer loop
      vertex 75 26.3309 18.7431
      vertex 75 2.5 19
      vertex 75 26.4122 18.809
    endloop
  endfacet
  facet normal -1 0 0
    outer loop
      vertex 75 2.5 20.5
      vertex 75 51.5 21.5
      vertex 75 51.5 20.5
    endloop
  endfacet
  facet normal -1 -0 0
    outer loop
      vertex 75 51.5 21.5
      vertex 75 2.5 20.5
      vertex 75 2.5 21.5
    endloop
  endfacet
  facet normal -0 0 1
    outer loop
      vertex 73 51.5 20.5
      vertex 75 2.5 20.5
      vertex 75 51.5 20.5
    endloop
  endfacet
  facet normal 0 0 1
    outer loop
      vertex 75 2.5 20.5
      vertex 73 51.5 20.5
      vertex 73 2.5 20.5
    endloop
  endfacet
  facet normal 0 0 -1
    outer loop
      vertex 73 0 -0.5
      vertex 75 54 -0.5
      vertex 75 0 -0.5
    endloop
  endfacet
  facet normal -0 0 -1
    outer loop
      vertex 75 54 -0.5
      vertex 73 0 -0.5
      vertex 73 54 -0.5
    endloop
  endfacet
  facet normal -1 0 0
    outer loop
      vertex 73 0 -0.5
      vertex 73 54 0
      vertex 73 54 -0.5
    endloop
  endfacet
  facet normal -1 -0 0
    outer loop
      vertex 73 54 0
      vertex 73 0 -0.5
      vertex 73 0 0
    endloop
  endfacet
  facet normal -1 0 0
    outer loop
      vertex 73 2.5 19
      vertex 73 51.5 20.5
      vertex 73 51.5 19
    endloop
  endfacet
  facet normal -1 -0 0
    outer loop
      vertex 73 51.5 20.5
      vertex 73 2.5 19
      vertex 73 2.5 20.5
    endloop
  endfacet
  facet normal -1 0 0
    outer loop
      vertex 73 2.5 21.5
      vertex 73 51.5 23
      vertex 73 51.5 21.5
    endloop
  endfacet
  facet normal -1 -0 0
    outer loop
      vertex 73 51.5 23
      vertex 73 2.5 21.5
      vertex 73 2.5 23
    endloop
  endfacet
  facet normal 0 1 0
    outer loop
      vertex 4 54 15.5
      vertex 75 54 23
      vertex 74 54 15.5
    endloop
  endfacet
  facet normal 0 1 0
    outer loop
      vertex 75 54 23
      vertex 74 54 12.9
      vertex 74 54 15.5
    endloop
  endfacet
  facet normal 0 1 0
    outer loop
      vertex 74 54 12.9
      vertex 73 54 0
      vertex 4 54 12.9
    endloop
  endfacet
  facet normal 0 1 -0
    outer loop
      vertex 75 54 -0.5
      vertex 74 54 12.9
      vertex 75 54 23
    endloop
  endfacet
  facet normal 0 1 0
    outer loop
      vertex 74 54 12.9
      vertex 75 54 -0.5
      vertex 73 54 0
    endloop
  endfacet
  facet normal 0 1 0
    outer loop
      vertex 73 54 0
      vertex 75 54 -0.5
      vertex 73 54 -0.5
    endloop
  endfacet
  facet normal 0 1 0
    outer loop
      vertex 75 54 23
      vertex 4 54 15.5
      vertex 0 54 23
    endloop
  endfacet
  facet normal 0 1 0
    outer loop
      vertex 0 54 15.2
      vertex 4 54 15.5
      vertex 4 54 15.2
    endloop
  endfacet
  facet normal 0 1 0
    outer loop
      vertex 4 54 15.5
      vertex 0 54 15.2
      vertex 0 54 23
    endloop
  endfacet
  facet normal 0 1 -0
    outer loop
      vertex 4 54 12.9
      vertex 0 54 13.2
      vertex 4 54 13.2
    endloop
  endfacet
  facet normal 0 1 0
    outer loop
      vertex 0 54 0
      vertex 4 54 12.9
      vertex 73 54 0
    endloop
  endfacet
  facet normal 0 1 0
    outer loop
      vertex 4 54 12.9
      vertex 0 54 0
      vertex 0 54 13.2
    endloop
  endfacet
  facet normal 0 -1 0
    outer loop
      vertex 0 0 7.2
      vertex 4 0 6.9
      vertex 4 0 7.2
    endloop
  endfacet
  facet normal 0 -1 0
    outer loop
      vertex 73 0 0
      vertex 4 0 6.9
      vertex 0 0 0
    endloop
  endfacet
  facet normal 0 -1 0
    outer loop
      vertex 0 0 0
      vertex 4 0 6.9
      vertex 0 0 7.2
    endloop
  endfacet
  facet normal 0 -1 0
    outer loop
      vertex 0 0 23
      vertex 4 0 9.5
      vertex 75 0 23
    endloop
  endfacet
  facet normal 0 -1 0
    outer loop
      vertex 0 0 9.2
      vertex 4 0 9.5
      vertex 0 0 23
    endloop
  endfacet
  facet normal 0 -1 -0
    outer loop
      vertex 4 0 9.5
      vertex 0 0 9.2
      vertex 4 0 9.2
    endloop
  endfacet
  facet normal 0 -1 0
    outer loop
      vertex 74 0 9.5
      vertex 75 0 23
      vertex 4 0 9.5
    endloop
  endfacet
  facet normal 0 -1 0
    outer loop
      vertex 75 0 -0.5
      vertex 74 0 9.5
      vertex 74 0 6.9
    endloop
  endfacet
  facet normal 0 -1 0
    outer loop
      vertex 4 0 6.9
      vertex 73 0 0
      vertex 74 0 6.9
    endloop
  endfacet
  facet normal 0 -1 0
    outer loop
      vertex 75 0 -0.5
      vertex 73 0 0
      vertex 73 0 -0.5
    endloop
  endfacet
  facet normal 0 -1 0
    outer loop
      vertex 74 0 9.5
      vertex 75 0 -0.5
      vertex 75 0 23
    endloop
  endfacet
  facet normal 0 -1 0
    outer loop
      vertex 73 0 0
      vertex 75 0 -0.5
      vertex 74 0 6.9
    endloop
  endfacet
  facet normal 0 0 -1
    outer loop
      vertex 73 2.5 19
      vertex 75 27 19
      vertex 75 2.5 19
    endloop
  endfacet
  facet normal 0 0 -1
    outer loop
      vertex 73 51.5 19
      vertex 75 27 19
      vertex 73 2.5 19
    endloop
  endfacet
  facet normal 0 0 -1
    outer loop
      vertex 75 27 19
      vertex 73 51.5 19
      vertex 75 51.5 19
    endloop
  endfacet
  facet normal -0 0 1
    outer loop
      vertex 8.78386 45.9832 2.5
      vertex 18 44 2.5
      vertex 8.87764 46.2275 2.5
    endloop
  endfacet
  facet normal 0 0 1
    outer loop
      vertex 18 12.5 2.5
      vertex 8.9863 7.26132 2.5
      vertex 9 7 2.5
    endloop
  endfacet
  facet normal -0 0 1
    outer loop
      vertex 8.66506 45.75 2.5
      vertex 18 44 2.5
      vertex 8.78386 45.9832 2.5
    endloop
  endfacet
  facet normal 0 0 1
    outer loop
      vertex 18 12.5 2.5
      vertex 8.94537 7.51978 2.5
      vertex 8.9863 7.26132 2.5
    endloop
  endfacet
  facet normal -0 0 1
    outer loop
      vertex 8.52254 45.5305 2.5
      vertex 18 44 2.5
      vertex 8.66506 45.75 2.5
    endloop
  endfacet
  facet normal 0 0 1
    outer loop
      vertex 18 12.5 2.5
      vertex 8.87764 7.77254 2.5
      vertex 8.94537 7.51978 2.5
    endloop
  endfacet
  facet normal 0 0 1
    outer loop
      vertex 18 44 2.5
      vertex 8.52254 45.5305 2.5
      vertex 18 41.5 2.5
    endloop
  endfacet
  facet normal 0 0 1
    outer loop
      vertex 18 12.5 2.5
      vertex 8.78386 8.01684 2.5
      vertex 8.87764 7.77254 2.5
    endloop
  endfacet
  facet normal -0 0 1
    outer loop
      vertex 8.35786 45.3272 2.5
      vertex 18 41.5 2.5
      vertex 8.52254 45.5305 2.5
    endloop
  endfacet
  facet normal 0 0 1
    outer loop
      vertex 18 12.5 2.5
      vertex 8.66506 8.25 2.5
      vertex 8.78386 8.01684 2.5
    endloop
  endfacet
  facet normal -0 0 1
    outer loop
      vertex 8.17283 45.1421 2.5
      vertex 18 41.5 2.5
      vertex 8.35786 45.3272 2.5
    endloop
  endfacet
  facet normal 0 0 1
    outer loop
      vertex 18 12.5 2.5
      vertex 8.52254 8.46946 2.5
      vertex 8.66506 8.25 2.5
    endloop
  endfacet
  facet normal -0 0 1
    outer loop
      vertex 7.96946 44.9775 2.5
      vertex 18 41.5 2.5
      vertex 8.17283 45.1421 2.5
    endloop
  endfacet
  facet normal 0 0 1
    outer loop
      vertex 18 12.5 2.5
      vertex 8.35786 8.67283 2.5
      vertex 8.52254 8.46946 2.5
    endloop
  endfacet
  facet normal -0 0 1
    outer loop
      vertex 7.75 44.8349 2.5
      vertex 18 41.5 2.5
      vertex 7.96946 44.9775 2.5
    endloop
  endfacet
  facet normal 0 0 1
    outer loop
      vertex 18 12.5 2.5
      vertex 8.17283 8.85786 2.5
      vertex 8.35786 8.67283 2.5
    endloop
  endfacet
  facet normal -0 0 1
    outer loop
      vertex 7.51684 44.7161 2.5
      vertex 18 41.5 2.5
      vertex 7.75 44.8349 2.5
    endloop
  endfacet
  facet normal 0 0 1
    outer loop
      vertex 18 12.5 2.5
      vertex 7.96946 9.02254 2.5
      vertex 8.17283 8.85786 2.5
    endloop
  endfacet
  facet normal -0 0 1
    outer loop
      vertex 7.27254 44.6224 2.5
      vertex 18 41.5 2.5
      vertex 7.51684 44.7161 2.5
    endloop
  endfacet
  facet normal 0 0 1
    outer loop
      vertex 18 12.5 2.5
      vertex 7.75 9.16506 2.5
      vertex 7.96946 9.02254 2.5
    endloop
  endfacet
  facet normal -0 0 1
    outer loop
      vertex 7.01978 44.5546 2.5
      vertex 18 41.5 2.5
      vertex 7.27254 44.6224 2.5
    endloop
  endfacet
  facet normal 0 0 1
    outer loop
      vertex 18 12.5 2.5
      vertex 7.51684 9.28386 2.5
      vertex 7.75 9.16506 2.5
    endloop
  endfacet
  facet normal -0 0 1
    outer loop
      vertex 6.76132 44.5137 2.5
      vertex 18 41.5 2.5
      vertex 7.01978 44.5546 2.5
    endloop
  endfacet
  facet normal 0 0 1
    outer loop
      vertex 18 12.5 2.5
      vertex 7.27254 9.37764 2.5
      vertex 7.51684 9.28386 2.5
    endloop
  endfacet
  facet normal 0 0 1
    outer loop
      vertex 18 41.5 2.5
      vertex 6.76132 44.5137 2.5
      vertex 18 12.5 2.5
    endloop
  endfacet
  facet normal 0 0 1
    outer loop
      vertex 18 12.5 2.5
      vertex 7.01978 9.44537 2.5
      vertex 7.27254 9.37764 2.5
    endloop
  endfacet
  facet normal 0 0 1
    outer loop
      vertex 6.76132 9.4863 2.5
      vertex 18 12.5 2.5
      vertex 6.76132 44.5137 2.5
    endloop
  endfacet
  facet normal 0 0 1
    outer loop
      vertex 18 12.5 2.5
      vertex 6.76132 9.4863 2.5
      vertex 7.01978 9.44537 2.5
    endloop
  endfacet
  facet normal -0 0 1
    outer loop
      vertex 6.5 44.5 2.5
      vertex 6.76132 9.4863 2.5
      vertex 6.76132 44.5137 2.5
    endloop
  endfacet
  facet normal 0 0 1
    outer loop
      vertex 6.5 44.5 2.5
      vertex 6.5 9.5 2.5
      vertex 6.76132 9.4863 2.5
    endloop
  endfacet
  facet normal 0 0 1
    outer loop
      vertex 6.23868 44.5137 2.5
      vertex 6.5 9.5 2.5
      vertex 6.5 44.5 2.5
    endloop
  endfacet
  facet normal 0 0 1
    outer loop
      vertex 6.23868 44.5137 2.5
      vertex 6.23868 9.4863 2.5
      vertex 6.5 9.5 2.5
    endloop
  endfacet
  facet normal 0 0 1
    outer loop
      vertex 5.98022 44.5546 2.5
      vertex 6.23868 9.4863 2.5
      vertex 6.23868 44.5137 2.5
    endloop
  endfacet
  facet normal 0 0 1
    outer loop
      vertex 5.98022 44.5546 2.5
      vertex 5.98022 9.44537 2.5
      vertex 6.23868 9.4863 2.5
    endloop
  endfacet
  facet normal 0 0 1
    outer loop
      vertex 5.72746 44.6224 2.5
      vertex 5.98022 9.44537 2.5
      vertex 5.98022 44.5546 2.5
    endloop
  endfacet
  facet normal 0 0 1
    outer loop
      vertex 5.72746 44.6224 2.5
      vertex 5.72746 9.37764 2.5
      vertex 5.98022 9.44537 2.5
    endloop
  endfacet
  facet normal 0 0 1
    outer loop
      vertex 5.48316 44.7161 2.5
      vertex 5.72746 9.37764 2.5
      vertex 5.72746 44.6224 2.5
    endloop
  endfacet
  facet normal 0 0 1
    outer loop
      vertex 5.48316 44.7161 2.5
      vertex 5.48316 9.28386 2.5
      vertex 5.72746 9.37764 2.5
    endloop
  endfacet
  facet normal 0 0 1
    outer loop
      vertex 5.25 44.8349 2.5
      vertex 5.48316 9.28386 2.5
      vertex 5.48316 44.7161 2.5
    endloop
  endfacet
  facet normal 0 0 1
    outer loop
      vertex 5.25 44.8349 2.5
      vertex 5.25 9.16506 2.5
      vertex 5.48316 9.28386 2.5
    endloop
  endfacet
  facet normal 0 0 1
    outer loop
      vertex 5.03054 44.9775 2.5
      vertex 5.25 9.16506 2.5
      vertex 5.25 44.8349 2.5
    endloop
  endfacet
  facet normal 0 0 1
    outer loop
      vertex 5.03054 44.9775 2.5
      vertex 5.03054 9.02254 2.5
      vertex 5.25 9.16506 2.5
    endloop
  endfacet
  facet normal 0 0 1
    outer loop
      vertex 4.82717 45.1421 2.5
      vertex 5.03054 9.02254 2.5
      vertex 5.03054 44.9775 2.5
    endloop
  endfacet
  facet normal 0 0 1
    outer loop
      vertex 4.82717 45.1421 2.5
      vertex 4.82717 8.85786 2.5
      vertex 5.03054 9.02254 2.5
    endloop
  endfacet
  facet normal 0 0 1
    outer loop
      vertex 4.64214 45.3272 2.5
      vertex 4.82717 8.85786 2.5
      vertex 4.82717 45.1421 2.5
    endloop
  endfacet
  facet normal 0 0 1
    outer loop
      vertex 4.64214 45.3272 2.5
      vertex 4.64214 8.67283 2.5
      vertex 4.82717 8.85786 2.5
    endloop
  endfacet
  facet normal 0 0 1
    outer loop
      vertex 4.47746 45.5305 2.5
      vertex 4.64214 8.67283 2.5
      vertex 4.64214 45.3272 2.5
    endloop
  endfacet
  facet normal 0 0 1
    outer loop
      vertex 4.47746 45.5305 2.5
      vertex 4.47746 8.46946 2.5
      vertex 4.64214 8.67283 2.5
    endloop
  endfacet
  facet normal 0 0 1
    outer loop
      vertex 4.33494 45.75 2.5
      vertex 4.47746 8.46946 2.5
      vertex 4.47746 45.5305 2.5
    endloop
  endfacet
  facet normal 0 0 1
    outer loop
      vertex 4.33494 45.75 2.5
      vertex 4.33494 8.25 2.5
      vertex 4.47746 8.46946 2.5
    endloop
  endfacet
  facet normal 0 0 1
    outer loop
      vertex 0 51.5 2.5
      vertex 4.33494 45.75 2.5
      vertex 4.21614 45.9832 2.5
    endloop
  endfacet
  facet normal 0 0 1
    outer loop
      vertex 4.33494 45.75 2.5
      vertex 0 51.5 2.5
      vertex 4.33494 8.25 2.5
    endloop
  endfacet
  facet normal 0 0 1
    outer loop
      vertex 0 51.5 2.5
      vertex 4.21614 45.9832 2.5
      vertex 4.12236 46.2275 2.5
    endloop
  endfacet
  facet normal 0 0 1
    outer loop
      vertex 0 2.5 2.5
      vertex 4.33494 8.25 2.5
      vertex 0 51.5 2.5
    endloop
  endfacet
  facet normal 0 0 1
    outer loop
      vertex 0 51.5 2.5
      vertex 4.12236 46.2275 2.5
      vertex 4.05463 46.4802 2.5
    endloop
  endfacet
  facet normal 0 0 1
    outer loop
      vertex 4.33494 8.25 2.5
      vertex 0 2.5 2.5
      vertex 4.21614 8.01684 2.5
    endloop
  endfacet
  facet normal 0 0 1
    outer loop
      vertex 0 51.5 2.5
      vertex 4.05463 46.4802 2.5
      vertex 4.0137 46.7387 2.5
    endloop
  endfacet
  facet normal 0 0 1
    outer loop
      vertex 4.21614 8.01684 2.5
      vertex 0 2.5 2.5
      vertex 4.12236 7.77254 2.5
    endloop
  endfacet
  facet normal 0 0 1
    outer loop
      vertex 0 51.5 2.5
      vertex 4.0137 46.7387 2.5
      vertex 4 47 2.5
    endloop
  endfacet
  facet normal 0 0 1
    outer loop
      vertex 4.12236 7.77254 2.5
      vertex 0 2.5 2.5
      vertex 4.05463 7.51978 2.5
    endloop
  endfacet
  facet normal -0 0 1
    outer loop
      vertex 18 41.5 2.5
      vertex 32 12.5 2.5
      vertex 32 41.5 2.5
    endloop
  endfacet
  facet normal 0 0 1
    outer loop
      vertex 32 12.5 2.5
      vertex 18 41.5 2.5
      vertex 18 12.5 2.5
    endloop
  endfacet
  facet normal -0 0 1
    outer loop
      vertex 44 41.5 2.5
      vertex 58 12.5 2.5
      vertex 58 41.5 2.5
    endloop
  endfacet
  facet normal 0 0 1
    outer loop
      vertex 58 12.5 2.5
      vertex 44 41.5 2.5
      vertex 44 12.5 2.5
    endloop
  endfacet
  facet normal 0 0 1
    outer loop
      vertex 70.8776 46.2275 2.5
      vertex 75 51.5 2.5
      vertex 70.9454 46.4802 2.5
    endloop
  endfacet
  facet normal 0 0 1
    outer loop
      vertex 75 2.5 2.5
      vertex 70.9863 7.26132 2.5
      vertex 71 7 2.5
    endloop
  endfacet
  facet normal 0 0 1
    outer loop
      vertex 70.7839 45.9832 2.5
      vertex 75 51.5 2.5
      vertex 70.8776 46.2275 2.5
    endloop
  endfacet
  facet normal 0 0 1
    outer loop
      vertex 75 2.5 2.5
      vertex 70.9454 7.51978 2.5
      vertex 70.9863 7.26132 2.5
    endloop
  endfacet
  facet normal 0 0 1
    outer loop
      vertex 70.6651 45.75 2.5
      vertex 75 51.5 2.5
      vertex 70.7839 45.9832 2.5
    endloop
  endfacet
  facet normal 0 0 1
    outer loop
      vertex 75 2.5 2.5
      vertex 70.8776 7.77254 2.5
      vertex 70.9454 7.51978 2.5
    endloop
  endfacet
  facet normal 0 0 1
    outer loop
      vertex 75 51.5 2.5
      vertex 70.6651 45.75 2.5
      vertex 75 2.5 2.5
    endloop
  endfacet
  facet normal 0 0 1
    outer loop
      vertex 75 2.5 2.5
      vertex 70.7839 8.01684 2.5
      vertex 70.8776 7.77254 2.5
    endloop
  endfacet
  facet normal -0 0 1
    outer loop
      vertex 70.6651 8.25 2.5
      vertex 75 2.5 2.5
      vertex 70.6651 45.75 2.5
    endloop
  endfacet
  facet normal 0 0 1
    outer loop
      vertex 75 2.5 2.5
      vertex 70.6651 8.25 2.5
      vertex 70.7839 8.01684 2.5
    endloop
  endfacet
  facet normal -0 0 1
    outer loop
      vertex 70.5225 45.5305 2.5
      vertex 70.6651 8.25 2.5
      vertex 70.6651 45.75 2.5
    endloop
  endfacet
  facet normal 0 0 1
    outer loop
      vertex 70.5225 45.5305 2.5
      vertex 70.5225 8.46946 2.5
      vertex 70.6651 8.25 2.5
    endloop
  endfacet
  facet normal -0 0 1
    outer loop
      vertex 70.3579 45.3272 2.5
      vertex 70.5225 8.46946 2.5
      vertex 70.5225 45.5305 2.5
    endloop
  endfacet
  facet normal 0 0 1
    outer loop
      vertex 70.3579 45.3272 2.5
      vertex 70.3579 8.67283 2.5
      vertex 70.5225 8.46946 2.5
    endloop
  endfacet
  facet normal -0 0 1
    outer loop
      vertex 70.1728 45.1421 2.5
      vertex 70.3579 8.67283 2.5
      vertex 70.3579 45.3272 2.5
    endloop
  endfacet
  facet normal 0 0 1
    outer loop
      vertex 70.1728 45.1421 2.5
      vertex 70.1728 8.85786 2.5
      vertex 70.3579 8.67283 2.5
    endloop
  endfacet
  facet normal -0 0 1
    outer loop
      vertex 69.9695 44.9775 2.5
      vertex 70.1728 8.85786 2.5
      vertex 70.1728 45.1421 2.5
    endloop
  endfacet
  facet normal 0 0 1
    outer loop
      vertex 69.9695 44.9775 2.5
      vertex 69.9695 9.02254 2.5
      vertex 70.1728 8.85786 2.5
    endloop
  endfacet
  facet normal -0 0 1
    outer loop
      vertex 69.75 44.8349 2.5
      vertex 69.9695 9.02254 2.5
      vertex 69.9695 44.9775 2.5
    endloop
  endfacet
  facet normal 0 0 1
    outer loop
      vertex 69.75 44.8349 2.5
      vertex 69.75 9.16506 2.5
      vertex 69.9695 9.02254 2.5
    endloop
  endfacet
  facet normal -0 0 1
    outer loop
      vertex 69.5168 44.7161 2.5
      vertex 69.75 9.16506 2.5
      vertex 69.75 44.8349 2.5
    endloop
  endfacet
  facet normal 0 0 1
    outer loop
      vertex 69.5168 44.7161 2.5
      vertex 69.5168 9.28386 2.5
      vertex 69.75 9.16506 2.5
    endloop
  endfacet
  facet normal -0 0 1
    outer loop
      vertex 69.2725 44.6224 2.5
      vertex 69.5168 9.28386 2.5
      vertex 69.5168 44.7161 2.5
    endloop
  endfacet
  facet normal 0 0 1
    outer loop
      vertex 69.2725 44.6224 2.5
      vertex 69.2725 9.37764 2.5
      vertex 69.5168 9.28386 2.5
    endloop
  endfacet
  facet normal -0 0 1
    outer loop
      vertex 69.0198 44.5546 2.5
      vertex 69.2725 9.37764 2.5
      vertex 69.2725 44.6224 2.5
    endloop
  endfacet
  facet normal 0 0 1
    outer loop
      vertex 69.0198 44.5546 2.5
      vertex 69.0198 9.44537 2.5
      vertex 69.2725 9.37764 2.5
    endloop
  endfacet
  facet normal -0 0 1
    outer loop
      vertex 68.7613 44.5137 2.5
      vertex 69.0198 9.44537 2.5
      vertex 69.0198 44.5546 2.5
    endloop
  endfacet
  facet normal 0 0 1
    outer loop
      vertex 68.7613 44.5137 2.5
      vertex 68.7613 9.4863 2.5
      vertex 69.0198 9.44537 2.5
    endloop
  endfacet
  facet normal -0 0 1
    outer loop
      vertex 68.5 44.5 2.5
      vertex 68.7613 9.4863 2.5
      vertex 68.7613 44.5137 2.5
    endloop
  endfacet
  facet normal 0 0 1
    outer loop
      vertex 68.5 44.5 2.5
      vertex 68.5 9.5 2.5
      vertex 68.7613 9.4863 2.5
    endloop
  endfacet
  facet normal 0 0 1
    outer loop
      vertex 58 41.5 2.5
      vertex 68.5 44.5 2.5
      vertex 68.2387 44.5137 2.5
    endloop
  endfacet
  facet normal 0 0 1
    outer loop
      vertex 68.5 44.5 2.5
      vertex 58 41.5 2.5
      vertex 68.5 9.5 2.5
    endloop
  endfacet
  facet normal 0 0 1
    outer loop
      vertex 58 41.5 2.5
      vertex 68.2387 44.5137 2.5
      vertex 67.9802 44.5546 2.5
    endloop
  endfacet
  facet normal -0 0 1
    outer loop
      vertex 58 12.5 2.5
      vertex 68.5 9.5 2.5
      vertex 58 41.5 2.5
    endloop
  endfacet
  facet normal 0 0 1
    outer loop
      vertex 58 41.5 2.5
      vertex 67.9802 44.5546 2.5
      vertex 67.7275 44.6224 2.5
    endloop
  endfacet
  facet normal 0 0 1
    outer loop
      vertex 68.5 9.5 2.5
      vertex 58 12.5 2.5
      vertex 68.2387 9.4863 2.5
    endloop
  endfacet
  facet normal 0 0 1
    outer loop
      vertex 58 41.5 2.5
      vertex 67.7275 44.6224 2.5
      vertex 67.4832 44.7161 2.5
    endloop
  endfacet
  facet normal 0 0 1
    outer loop
      vertex 68.2387 9.4863 2.5
      vertex 58 12.5 2.5
      vertex 67.9802 9.44537 2.5
    endloop
  endfacet
  facet normal 0 0 1
    outer loop
      vertex 58 41.5 2.5
      vertex 67.4832 44.7161 2.5
      vertex 67.25 44.8349 2.5
    endloop
  endfacet
  facet normal 0 0 1
    outer loop
      vertex 67.9802 9.44537 2.5
      vertex 58 12.5 2.5
      vertex 67.7275 9.37764 2.5
    endloop
  endfacet
  facet normal 0 0 1
    outer loop
      vertex 58 41.5 2.5
      vertex 67.25 44.8349 2.5
      vertex 67.0305 44.9775 2.5
    endloop
  endfacet
  facet normal 0 0 1
    outer loop
      vertex 67.7275 9.37764 2.5
      vertex 58 12.5 2.5
      vertex 67.4832 9.28386 2.5
    endloop
  endfacet
  facet normal 0 0 1
    outer loop
      vertex 58 41.5 2.5
      vertex 67.0305 44.9775 2.5
      vertex 66.8272 45.1421 2.5
    endloop
  endfacet
  facet normal 0 0 1
    outer loop
      vertex 67.4832 9.28386 2.5
      vertex 58 12.5 2.5
      vertex 67.25 9.16506 2.5
    endloop
  endfacet
  facet normal 0 0 1
    outer loop
      vertex 58 41.5 2.5
      vertex 66.8272 45.1421 2.5
      vertex 66.6421 45.3272 2.5
    endloop
  endfacet
  facet normal 0 0 1
    outer loop
      vertex 67.25 9.16506 2.5
      vertex 58 12.5 2.5
      vertex 67.0305 9.02254 2.5
    endloop
  endfacet
  facet normal 0 0 1
    outer loop
      vertex 58 41.5 2.5
      vertex 66.6421 45.3272 2.5
      vertex 66.4775 45.5305 2.5
    endloop
  endfacet
  facet normal 0 0 1
    outer loop
      vertex 67.0305 9.02254 2.5
      vertex 58 12.5 2.5
      vertex 66.8272 8.85786 2.5
    endloop
  endfacet
  facet normal 0 0 1
    outer loop
      vertex 58 44 2.5
      vertex 66.4775 45.5305 2.5
      vertex 66.3349 45.75 2.5
    endloop
  endfacet
  facet normal 0 0 1
    outer loop
      vertex 66.8272 8.85786 2.5
      vertex 58 12.5 2.5
      vertex 66.6421 8.67283 2.5
    endloop
  endfacet
  facet normal 0 0 1
    outer loop
      vertex 58 44 2.5
      vertex 66.3349 45.75 2.5
      vertex 66.2161 45.9832 2.5
    endloop
  endfacet
  facet normal 0 0 1
    outer loop
      vertex 66.6421 8.67283 2.5
      vertex 58 12.5 2.5
      vertex 66.4775 8.46946 2.5
    endloop
  endfacet
  facet normal 0 0 1
    outer loop
      vertex 58 44 2.5
      vertex 66.2161 45.9832 2.5
      vertex 66.1224 46.2275 2.5
    endloop
  endfacet
  facet normal -0 0 1
    outer loop
      vertex 58 10 2.5
      vertex 66.4775 8.46946 2.5
      vertex 58 12.5 2.5
    endloop
  endfacet
  facet normal 0 0 1
    outer loop
      vertex 58 44 2.5
      vertex 66.1224 46.2275 2.5
      vertex 66.0546 46.4802 2.5
    endloop
  endfacet
  facet normal 0 0 1
    outer loop
      vertex 66.4775 8.46946 2.5
      vertex 58 10 2.5
      vertex 66.3349 8.25 2.5
    endloop
  endfacet
  facet normal 0 0 1
    outer loop
      vertex 58 44 2.5
      vertex 66.0546 46.4802 2.5
      vertex 66.0137 46.7387 2.5
    endloop
  endfacet
  facet normal 0 0 1
    outer loop
      vertex 66.3349 8.25 2.5
      vertex 58 10 2.5
      vertex 66.2161 8.01684 2.5
    endloop
  endfacet
  facet normal 0 0 1
    outer loop
      vertex 58 44 2.5
      vertex 66.0137 46.7387 2.5
      vertex 66 47 2.5
    endloop
  endfacet
  facet normal 0 0 1
    outer loop
      vertex 66.2161 8.01684 2.5
      vertex 58 10 2.5
      vertex 66.1224 7.77254 2.5
    endloop
  endfacet
  facet normal 0 0 1
    outer loop
      vertex 70.9863 46.7387 2.5
      vertex 75 51.5 2.5
      vertex 71 47 2.5
    endloop
  endfacet
  facet normal 0 0 1
    outer loop
      vertex 75 51.5 2.5
      vertex 70.9863 47.2613 2.5
      vertex 71 47 2.5
    endloop
  endfacet
  facet normal 0 0 1
    outer loop
      vertex 75 51.5 2.5
      vertex 70.9454 47.5198 2.5
      vertex 70.9863 47.2613 2.5
    endloop
  endfacet
  facet normal 0 0 1
    outer loop
      vertex 75 51.5 2.5
      vertex 70.8776 47.7725 2.5
      vertex 70.9454 47.5198 2.5
    endloop
  endfacet
  facet normal 0 0 1
    outer loop
      vertex 75 51.5 2.5
      vertex 70.7839 48.0168 2.5
      vertex 70.8776 47.7725 2.5
    endloop
  endfacet
  facet normal 0 0 1
    outer loop
      vertex 75 51.5 2.5
      vertex 70.6651 48.25 2.5
      vertex 70.7839 48.0168 2.5
    endloop
  endfacet
  facet normal 0 0 1
    outer loop
      vertex 75 51.5 2.5
      vertex 70.5225 48.4695 2.5
      vertex 70.6651 48.25 2.5
    endloop
  endfacet
  facet normal 0 0 1
    outer loop
      vertex 75 51.5 2.5
      vertex 70.3579 48.6728 2.5
      vertex 70.5225 48.4695 2.5
    endloop
  endfacet
  facet normal 0 0 1
    outer loop
      vertex 75 51.5 2.5
      vertex 70.1728 48.8579 2.5
      vertex 70.3579 48.6728 2.5
    endloop
  endfacet
  facet normal 0 0 1
    outer loop
      vertex 75 51.5 2.5
      vertex 69.9695 49.0225 2.5
      vertex 70.1728 48.8579 2.5
    endloop
  endfacet
  facet normal 0 0 1
    outer loop
      vertex 75 51.5 2.5
      vertex 69.75 49.1651 2.5
      vertex 69.9695 49.0225 2.5
    endloop
  endfacet
  facet normal 0 0 1
    outer loop
      vertex 75 51.5 2.5
      vertex 69.5168 49.2839 2.5
      vertex 69.75 49.1651 2.5
    endloop
  endfacet
  facet normal 0 0 1
    outer loop
      vertex 75 51.5 2.5
      vertex 69.2725 49.3776 2.5
      vertex 69.5168 49.2839 2.5
    endloop
  endfacet
  facet normal 0 0 1
    outer loop
      vertex 75 51.5 2.5
      vertex 69.0198 49.4454 2.5
      vertex 69.2725 49.3776 2.5
    endloop
  endfacet
  facet normal 0 0 1
    outer loop
      vertex 75 51.5 2.5
      vertex 68.7613 49.4863 2.5
      vertex 69.0198 49.4454 2.5
    endloop
  endfacet
  facet normal 0 0 1
    outer loop
      vertex 75 51.5 2.5
      vertex 68.5 49.5 2.5
      vertex 68.7613 49.4863 2.5
    endloop
  endfacet
  facet normal 0 0 1
    outer loop
      vertex 75 51.5 2.5
      vertex 68.2387 49.4863 2.5
      vertex 68.5 49.5 2.5
    endloop
  endfacet
  facet normal 0 0 1
    outer loop
      vertex 75 51.5 2.5
      vertex 67.9802 49.4454 2.5
      vertex 68.2387 49.4863 2.5
    endloop
  endfacet
  facet normal 0 0 1
    outer loop
      vertex 75 51.5 2.5
      vertex 67.7275 49.3776 2.5
      vertex 67.9802 49.4454 2.5
    endloop
  endfacet
  facet normal 0 0 1
    outer loop
      vertex 66.4775 45.5305 2.5
      vertex 58 44 2.5
      vertex 58 41.5 2.5
    endloop
  endfacet
  facet normal 0 0 1
    outer loop
      vertex 66.0137 47.2613 2.5
      vertex 58 44 2.5
      vertex 66 47 2.5
    endloop
  endfacet
  facet normal 0 0 1
    outer loop
      vertex 66.0546 47.5198 2.5
      vertex 58 44 2.5
      vertex 66.0137 47.2613 2.5
    endloop
  endfacet
  facet normal 0 0 1
    outer loop
      vertex 66.1224 47.7725 2.5
      vertex 58 44 2.5
      vertex 66.0546 47.5198 2.5
    endloop
  endfacet
  facet normal 0 0 1
    outer loop
      vertex 66.2161 48.0168 2.5
      vertex 58 44 2.5
      vertex 66.1224 47.7725 2.5
    endloop
  endfacet
  facet normal 0 0 1
    outer loop
      vertex 66.3349 48.25 2.5
      vertex 58 44 2.5
      vertex 66.2161 48.0168 2.5
    endloop
  endfacet
  facet normal 0 0 1
    outer loop
      vertex 66.4775 48.4695 2.5
      vertex 58 44 2.5
      vertex 66.3349 48.25 2.5
    endloop
  endfacet
  facet normal 0 0 1
    outer loop
      vertex 66.6421 48.6728 2.5
      vertex 58 44 2.5
      vertex 66.4775 48.4695 2.5
    endloop
  endfacet
  facet normal 0 0 1
    outer loop
      vertex 66.8272 48.8579 2.5
      vertex 58 44 2.5
      vertex 66.6421 48.6728 2.5
    endloop
  endfacet
  facet normal 0 0 1
    outer loop
      vertex 44 44 2.5
      vertex 66.8272 48.8579 2.5
      vertex 67.0305 49.0225 2.5
    endloop
  endfacet
  facet normal 0 0 1
    outer loop
      vertex 44 44 2.5
      vertex 67.0305 49.0225 2.5
      vertex 67.25 49.1651 2.5
    endloop
  endfacet
  facet normal 0 0 1
    outer loop
      vertex 66.8272 48.8579 2.5
      vertex 44 44 2.5
      vertex 58 44 2.5
    endloop
  endfacet
  facet normal 0 0 1
    outer loop
      vertex 67.4832 49.2839 2.5
      vertex 44 44 2.5
      vertex 67.25 49.1651 2.5
    endloop
  endfacet
  facet normal 0 0 1
    outer loop
      vertex 67.7275 49.3776 2.5
      vertex 44 44 2.5
      vertex 67.4832 49.2839 2.5
    endloop
  endfacet
  facet normal 0 0 1
    outer loop
      vertex 7.27254 49.3776 2.5
      vertex 67.7275 49.3776 2.5
      vertex 75 51.5 2.5
    endloop
  endfacet
  facet normal 0 0 1
    outer loop
      vertex 32 41.5 2.5
      vertex 44 41.5 2.5
      vertex 44 44 2.5
    endloop
  endfacet
  facet normal 0 0 1
    outer loop
      vertex 44 41.5 2.5
      vertex 32 41.5 2.5
      vertex 44 12.5 2.5
    endloop
  endfacet
  facet normal 0 0 1
    outer loop
      vertex 32 41.5 2.5
      vertex 44 44 2.5
      vertex 32 44 2.5
    endloop
  endfacet
  facet normal 0 0 1
    outer loop
      vertex 67.7275 49.3776 2.5
      vertex 32 44 2.5
      vertex 44 44 2.5
    endloop
  endfacet
  facet normal 0 0 1
    outer loop
      vertex 67.7275 49.3776 2.5
      vertex 7.27254 49.3776 2.5
      vertex 32 44 2.5
    endloop
  endfacet
  facet normal -0 0 1
    outer loop
      vertex 8.9863 46.7387 2.5
      vertex 18 44 2.5
      vertex 9 47 2.5
    endloop
  endfacet
  facet normal -0 0 1
    outer loop
      vertex 8.94537 46.4802 2.5
      vertex 18 44 2.5
      vertex 8.9863 46.7387 2.5
    endloop
  endfacet
  facet normal -0 0 1
    outer loop
      vertex 8.87764 46.2275 2.5
      vertex 18 44 2.5
      vertex 8.94537 46.4802 2.5
    endloop
  endfacet
  facet normal -0 -0 1
    outer loop
      vertex 7.96946 49.0225 2.5
      vertex 32 44 2.5
      vertex 7.75 49.1651 2.5
    endloop
  endfacet
  facet normal 0 0 1
    outer loop
      vertex 18 44 2.5
      vertex 8.9863 47.2613 2.5
      vertex 9 47 2.5
    endloop
  endfacet
  facet normal 0 0 1
    outer loop
      vertex 18 44 2.5
      vertex 8.94537 47.5198 2.5
      vertex 8.9863 47.2613 2.5
    endloop
  endfacet
  facet normal 0 0 1
    outer loop
      vertex 18 44 2.5
      vertex 8.87764 47.7725 2.5
      vertex 8.94537 47.5198 2.5
    endloop
  endfacet
  facet normal 0 0 1
    outer loop
      vertex 18 44 2.5
      vertex 8.78386 48.0168 2.5
      vertex 8.87764 47.7725 2.5
    endloop
  endfacet
  facet normal 0 0 1
    outer loop
      vertex 18 44 2.5
      vertex 8.66506 48.25 2.5
      vertex 8.78386 48.0168 2.5
    endloop
  endfacet
  facet normal 0 0 1
    outer loop
      vertex 18 44 2.5
      vertex 8.52254 48.4695 2.5
      vertex 8.66506 48.25 2.5
    endloop
  endfacet
  facet normal 0 0 1
    outer loop
      vertex 18 44 2.5
      vertex 8.35786 48.6728 2.5
      vertex 8.52254 48.4695 2.5
    endloop
  endfacet
  facet normal 0 0 1
    outer loop
      vertex 18 44 2.5
      vertex 8.17283 48.8579 2.5
      vertex 8.35786 48.6728 2.5
    endloop
  endfacet
  facet normal 0 0 1
    outer loop
      vertex 18 44 2.5
      vertex 7.96946 49.0225 2.5
      vertex 8.17283 48.8579 2.5
    endloop
  endfacet
  facet normal 0 0 1
    outer loop
      vertex 32 44 2.5
      vertex 7.96946 49.0225 2.5
      vertex 18 44 2.5
    endloop
  endfacet
  facet normal 0 0 1
    outer loop
      vertex 32 44 2.5
      vertex 7.51684 49.2839 2.5
      vertex 7.75 49.1651 2.5
    endloop
  endfacet
  facet normal 0 0 1
    outer loop
      vertex 32 44 2.5
      vertex 7.27254 49.3776 2.5
      vertex 7.51684 49.2839 2.5
    endloop
  endfacet
  facet normal 0 0 1
    outer loop
      vertex 75 51.5 2.5
      vertex 7.01978 49.4454 2.5
      vertex 7.27254 49.3776 2.5
    endloop
  endfacet
  facet normal -0 0 1
    outer loop
      vertex 0 51.5 2.5
      vertex 7.01978 49.4454 2.5
      vertex 75 51.5 2.5
    endloop
  endfacet
  facet normal 0 0 1
    outer loop
      vertex 7.01978 49.4454 2.5
      vertex 0 51.5 2.5
      vertex 6.76132 49.4863 2.5
    endloop
  endfacet
  facet normal 0 0 1
    outer loop
      vertex 4.05463 7.51978 2.5
      vertex 0 2.5 2.5
      vertex 4.0137 7.26132 2.5
    endloop
  endfacet
  facet normal 0 0 1
    outer loop
      vertex 4.0137 47.2613 2.5
      vertex 0 51.5 2.5
      vertex 4 47 2.5
    endloop
  endfacet
  facet normal 0 0 1
    outer loop
      vertex 4.05463 47.5198 2.5
      vertex 0 51.5 2.5
      vertex 4.0137 47.2613 2.5
    endloop
  endfacet
  facet normal 0 0 1
    outer loop
      vertex 4.12236 47.7725 2.5
      vertex 0 51.5 2.5
      vertex 4.05463 47.5198 2.5
    endloop
  endfacet
  facet normal 0 0 1
    outer loop
      vertex 4.21614 48.0168 2.5
      vertex 0 51.5 2.5
      vertex 4.12236 47.7725 2.5
    endloop
  endfacet
  facet normal 0 0 1
    outer loop
      vertex 4.33494 48.25 2.5
      vertex 0 51.5 2.5
      vertex 4.21614 48.0168 2.5
    endloop
  endfacet
  facet normal 0 0 1
    outer loop
      vertex 4.47746 48.4695 2.5
      vertex 0 51.5 2.5
      vertex 4.33494 48.25 2.5
    endloop
  endfacet
  facet normal 0 0 1
    outer loop
      vertex 4.64214 48.6728 2.5
      vertex 0 51.5 2.5
      vertex 4.47746 48.4695 2.5
    endloop
  endfacet
  facet normal 0 0 1
    outer loop
      vertex 4.82717 48.8579 2.5
      vertex 0 51.5 2.5
      vertex 4.64214 48.6728 2.5
    endloop
  endfacet
  facet normal 0 0 1
    outer loop
      vertex 5.03054 49.0225 2.5
      vertex 0 51.5 2.5
      vertex 4.82717 48.8579 2.5
    endloop
  endfacet
  facet normal 0 0 1
    outer loop
      vertex 5.25 49.1651 2.5
      vertex 0 51.5 2.5
      vertex 5.03054 49.0225 2.5
    endloop
  endfacet
  facet normal 0 0 1
    outer loop
      vertex 5.48316 49.2839 2.5
      vertex 0 51.5 2.5
      vertex 5.25 49.1651 2.5
    endloop
  endfacet
  facet normal 0 0 1
    outer loop
      vertex 5.72746 49.3776 2.5
      vertex 0 51.5 2.5
      vertex 5.48316 49.2839 2.5
    endloop
  endfacet
  facet normal 0 0 1
    outer loop
      vertex 5.98022 49.4454 2.5
      vertex 0 51.5 2.5
      vertex 5.72746 49.3776 2.5
    endloop
  endfacet
  facet normal 0 0 1
    outer loop
      vertex 6.23868 49.4863 2.5
      vertex 0 51.5 2.5
      vertex 5.98022 49.4454 2.5
    endloop
  endfacet
  facet normal 0 0 1
    outer loop
      vertex 6.5 49.5 2.5
      vertex 0 51.5 2.5
      vertex 6.23868 49.4863 2.5
    endloop
  endfacet
  facet normal 0 0 1
    outer loop
      vertex 6.76132 49.4863 2.5
      vertex 0 51.5 2.5
      vertex 6.5 49.5 2.5
    endloop
  endfacet
  facet normal 0 0 1
    outer loop
      vertex 70.9454 46.4802 2.5
      vertex 75 51.5 2.5
      vertex 70.9863 46.7387 2.5
    endloop
  endfacet
  facet normal -0 0 1
    outer loop
      vertex 70.9863 6.73868 2.5
      vertex 75 2.5 2.5
      vertex 71 7 2.5
    endloop
  endfacet
  facet normal -0 0 1
    outer loop
      vertex 70.9454 6.48022 2.5
      vertex 75 2.5 2.5
      vertex 70.9863 6.73868 2.5
    endloop
  endfacet
  facet normal -0 0 1
    outer loop
      vertex 70.8776 6.22746 2.5
      vertex 75 2.5 2.5
      vertex 70.9454 6.48022 2.5
    endloop
  endfacet
  facet normal -0 0 1
    outer loop
      vertex 70.7839 5.98316 2.5
      vertex 75 2.5 2.5
      vertex 70.8776 6.22746 2.5
    endloop
  endfacet
  facet normal -0 0 1
    outer loop
      vertex 70.6651 5.75 2.5
      vertex 75 2.5 2.5
      vertex 70.7839 5.98316 2.5
    endloop
  endfacet
  facet normal -0 0 1
    outer loop
      vertex 70.5225 5.53054 2.5
      vertex 75 2.5 2.5
      vertex 70.6651 5.75 2.5
    endloop
  endfacet
  facet normal -0 0 1
    outer loop
      vertex 70.3579 5.32717 2.5
      vertex 75 2.5 2.5
      vertex 70.5225 5.53054 2.5
    endloop
  endfacet
  facet normal -0 0 1
    outer loop
      vertex 70.1728 5.14214 2.5
      vertex 75 2.5 2.5
      vertex 70.3579 5.32717 2.5
    endloop
  endfacet
  facet normal -0 0 1
    outer loop
      vertex 69.9695 4.97746 2.5
      vertex 75 2.5 2.5
      vertex 70.1728 5.14214 2.5
    endloop
  endfacet
  facet normal -0 0 1
    outer loop
      vertex 69.75 4.83494 2.5
      vertex 75 2.5 2.5
      vertex 69.9695 4.97746 2.5
    endloop
  endfacet
  facet normal -0 0 1
    outer loop
      vertex 69.5168 4.71614 2.5
      vertex 75 2.5 2.5
      vertex 69.75 4.83494 2.5
    endloop
  endfacet
  facet normal -0 0 1
    outer loop
      vertex 69.2725 4.62236 2.5
      vertex 75 2.5 2.5
      vertex 69.5168 4.71614 2.5
    endloop
  endfacet
  facet normal -0 0 1
    outer loop
      vertex 69.0198 4.55463 2.5
      vertex 75 2.5 2.5
      vertex 69.2725 4.62236 2.5
    endloop
  endfacet
  facet normal -0 0 1
    outer loop
      vertex 68.7613 4.5137 2.5
      vertex 75 2.5 2.5
      vertex 69.0198 4.55463 2.5
    endloop
  endfacet
  facet normal -0 0 1
    outer loop
      vertex 68.5 4.5 2.5
      vertex 75 2.5 2.5
      vertex 68.7613 4.5137 2.5
    endloop
  endfacet
  facet normal 0 0 1
    outer loop
      vertex 68.2387 4.5137 2.5
      vertex 75 2.5 2.5
      vertex 68.5 4.5 2.5
    endloop
  endfacet
  facet normal 0 0 1
    outer loop
      vertex 67.9802 4.55463 2.5
      vertex 75 2.5 2.5
      vertex 68.2387 4.5137 2.5
    endloop
  endfacet
  facet normal 0 0 1
    outer loop
      vertex 67.7275 4.62236 2.5
      vertex 75 2.5 2.5
      vertex 67.9802 4.55463 2.5
    endloop
  endfacet
  facet normal 0 0 1
    outer loop
      vertex 66.1224 7.77254 2.5
      vertex 58 10 2.5
      vertex 66.0546 7.51978 2.5
    endloop
  endfacet
  facet normal 0 0 1
    outer loop
      vertex 66.0546 7.51978 2.5
      vertex 58 10 2.5
      vertex 66.0137 7.26132 2.5
    endloop
  endfacet
  facet normal 0 0 1
    outer loop
      vertex 66.0137 7.26132 2.5
      vertex 58 10 2.5
      vertex 66 7 2.5
    endloop
  endfacet
  facet normal 0 0 1
    outer loop
      vertex 66 7 2.5
      vertex 58 10 2.5
      vertex 66.0137 6.73868 2.5
    endloop
  endfacet
  facet normal 0 0 1
    outer loop
      vertex 66.0137 6.73868 2.5
      vertex 58 10 2.5
      vertex 66.0546 6.48022 2.5
    endloop
  endfacet
  facet normal 0 0 1
    outer loop
      vertex 66.0546 6.48022 2.5
      vertex 58 10 2.5
      vertex 66.1224 6.22746 2.5
    endloop
  endfacet
  facet normal 0 0 1
    outer loop
      vertex 66.1224 6.22746 2.5
      vertex 58 10 2.5
      vertex 66.2161 5.98316 2.5
    endloop
  endfacet
  facet normal 0 0 1
    outer loop
      vertex 66.2161 5.98316 2.5
      vertex 58 10 2.5
      vertex 66.3349 5.75 2.5
    endloop
  endfacet
  facet normal 0 0 1
    outer loop
      vertex 66.3349 5.75 2.5
      vertex 58 10 2.5
      vertex 66.4775 5.53054 2.5
    endloop
  endfacet
  facet normal 0 0 1
    outer loop
      vertex 66.4775 5.53054 2.5
      vertex 58 10 2.5
      vertex 66.6421 5.32717 2.5
    endloop
  endfacet
  facet normal 0 0 1
    outer loop
      vertex 66.6421 5.32717 2.5
      vertex 58 10 2.5
      vertex 66.8272 5.14214 2.5
    endloop
  endfacet
  facet normal -0 0 1
    outer loop
      vertex 44 10 2.5
      vertex 66.8272 5.14214 2.5
      vertex 58 10 2.5
    endloop
  endfacet
  facet normal 0 0 1
    outer loop
      vertex 66.8272 5.14214 2.5
      vertex 44 10 2.5
      vertex 67.0305 4.97746 2.5
    endloop
  endfacet
  facet normal 0 0 1
    outer loop
      vertex 67.0305 4.97746 2.5
      vertex 44 10 2.5
      vertex 67.25 4.83494 2.5
    endloop
  endfacet
  facet normal 0 0 1
    outer loop
      vertex 44 10 2.5
      vertex 67.4832 4.71614 2.5
      vertex 67.25 4.83494 2.5
    endloop
  endfacet
  facet normal 0 0 1
    outer loop
      vertex 44 10 2.5
      vertex 67.7275 4.62236 2.5
      vertex 67.4832 4.71614 2.5
    endloop
  endfacet
  facet normal -0 0 1
    outer loop
      vertex 32 10 2.5
      vertex 67.7275 4.62236 2.5
      vertex 44 10 2.5
    endloop
  endfacet
  facet normal 0 0 1
    outer loop
      vertex 32 12.5 2.5
      vertex 44 12.5 2.5
      vertex 32 41.5 2.5
    endloop
  endfacet
  facet normal 0 0 1
    outer loop
      vertex 44 12.5 2.5
      vertex 32 12.5 2.5
      vertex 44 10 2.5
    endloop
  endfacet
  facet normal 0 0 1
    outer loop
      vertex 32 10 2.5
      vertex 44 10 2.5
      vertex 32 12.5 2.5
    endloop
  endfacet
  facet normal 0 0 1
    outer loop
      vertex 7.27254 4.62236 2.5
      vertex 67.7275 4.62236 2.5
      vertex 32 10 2.5
    endloop
  endfacet
  facet normal 0 0 1
    outer loop
      vertex 7.96946 4.97746 2.5
      vertex 32 10 2.5
      vertex 18 10 2.5
    endloop
  endfacet
  facet normal 0 0 1
    outer loop
      vertex 18 12.5 2.5
      vertex 9 7 2.5
      vertex 18 10 2.5
    endloop
  endfacet
  facet normal 0 0 1
    outer loop
      vertex 8.9863 6.73868 2.5
      vertex 18 10 2.5
      vertex 9 7 2.5
    endloop
  endfacet
  facet normal 0 0 1
    outer loop
      vertex 8.94537 6.48022 2.5
      vertex 18 10 2.5
      vertex 8.9863 6.73868 2.5
    endloop
  endfacet
  facet normal 0 0 1
    outer loop
      vertex 8.87764 6.22746 2.5
      vertex 18 10 2.5
      vertex 8.94537 6.48022 2.5
    endloop
  endfacet
  facet normal 0 0 1
    outer loop
      vertex 8.78386 5.98316 2.5
      vertex 18 10 2.5
      vertex 8.87764 6.22746 2.5
    endloop
  endfacet
  facet normal 0 0 1
    outer loop
      vertex 8.66506 5.75 2.5
      vertex 18 10 2.5
      vertex 8.78386 5.98316 2.5
    endloop
  endfacet
  facet normal 0 0 1
    outer loop
      vertex 8.52254 5.53054 2.5
      vertex 18 10 2.5
      vertex 8.66506 5.75 2.5
    endloop
  endfacet
  facet normal 0 0 1
    outer loop
      vertex 8.35786 5.32717 2.5
      vertex 18 10 2.5
      vertex 8.52254 5.53054 2.5
    endloop
  endfacet
  facet normal 0 0 1
    outer loop
      vertex 8.17283 5.14214 2.5
      vertex 18 10 2.5
      vertex 8.35786 5.32717 2.5
    endloop
  endfacet
  facet normal 0 0 1
    outer loop
      vertex 7.96946 4.97746 2.5
      vertex 18 10 2.5
      vertex 8.17283 5.14214 2.5
    endloop
  endfacet
  facet normal 0 0 1
    outer loop
      vertex 32 10 2.5
      vertex 7.96946 4.97746 2.5
      vertex 7.75 4.83494 2.5
    endloop
  endfacet
  facet normal 0 0 1
    outer loop
      vertex 7.51684 4.71614 2.5
      vertex 32 10 2.5
      vertex 7.75 4.83494 2.5
    endloop
  endfacet
  facet normal 0 0 1
    outer loop
      vertex 7.27254 4.62236 2.5
      vertex 32 10 2.5
      vertex 7.51684 4.71614 2.5
    endloop
  endfacet
  facet normal 0 0 1
    outer loop
      vertex 67.7275 4.62236 2.5
      vertex 7.27254 4.62236 2.5
      vertex 75 2.5 2.5
    endloop
  endfacet
  facet normal -0 0 1
    outer loop
      vertex 7.01978 4.55463 2.5
      vertex 75 2.5 2.5
      vertex 7.27254 4.62236 2.5
    endloop
  endfacet
  facet normal 0 0 1
    outer loop
      vertex 0 2.5 2.5
      vertex 7.01978 4.55463 2.5
      vertex 6.76132 4.5137 2.5
    endloop
  endfacet
  facet normal 0 0 1
    outer loop
      vertex 0 2.5 2.5
      vertex 6.76132 4.5137 2.5
      vertex 6.5 4.5 2.5
    endloop
  endfacet
  facet normal 0 0 1
    outer loop
      vertex 4.0137 7.26132 2.5
      vertex 0 2.5 2.5
      vertex 4 7 2.5
    endloop
  endfacet
  facet normal 0 0 1
    outer loop
      vertex 7.01978 4.55463 2.5
      vertex 0 2.5 2.5
      vertex 75 2.5 2.5
    endloop
  endfacet
  facet normal 0 0 1
    outer loop
      vertex 6.23868 4.5137 2.5
      vertex 0 2.5 2.5
      vertex 6.5 4.5 2.5
    endloop
  endfacet
  facet normal 0 0 1
    outer loop
      vertex 5.98022 4.55463 2.5
      vertex 0 2.5 2.5
      vertex 6.23868 4.5137 2.5
    endloop
  endfacet
  facet normal 0 0 1
    outer loop
      vertex 5.72746 4.62236 2.5
      vertex 0 2.5 2.5
      vertex 5.98022 4.55463 2.5
    endloop
  endfacet
  facet normal 0 0 1
    outer loop
      vertex 5.48316 4.71614 2.5
      vertex 0 2.5 2.5
      vertex 5.72746 4.62236 2.5
    endloop
  endfacet
  facet normal 0 0 1
    outer loop
      vertex 5.25 4.83494 2.5
      vertex 0 2.5 2.5
      vertex 5.48316 4.71614 2.5
    endloop
  endfacet
  facet normal 0 0 1
    outer loop
      vertex 5.03054 4.97746 2.5
      vertex 0 2.5 2.5
      vertex 5.25 4.83494 2.5
    endloop
  endfacet
  facet normal 0 0 1
    outer loop
      vertex 4.82717 5.14214 2.5
      vertex 0 2.5 2.5
      vertex 5.03054 4.97746 2.5
    endloop
  endfacet
  facet normal 0 0 1
    outer loop
      vertex 4.64214 5.32717 2.5
      vertex 0 2.5 2.5
      vertex 4.82717 5.14214 2.5
    endloop
  endfacet
  facet normal 0 0 1
    outer loop
      vertex 4.47746 5.53054 2.5
      vertex 0 2.5 2.5
      vertex 4.64214 5.32717 2.5
    endloop
  endfacet
  facet normal 0 0 1
    outer loop
      vertex 4.33494 5.75 2.5
      vertex 0 2.5 2.5
      vertex 4.47746 5.53054 2.5
    endloop
  endfacet
  facet normal 0 0 1
    outer loop
      vertex 4.21614 5.98316 2.5
      vertex 0 2.5 2.5
      vertex 4.33494 5.75 2.5
    endloop
  endfacet
  facet normal 0 0 1
    outer loop
      vertex 4.12236 6.22746 2.5
      vertex 0 2.5 2.5
      vertex 4.21614 5.98316 2.5
    endloop
  endfacet
  facet normal 0 0 1
    outer loop
      vertex 4.05463 6.48022 2.5
      vertex 0 2.5 2.5
      vertex 4.12236 6.22746 2.5
    endloop
  endfacet
  facet normal 0 0 1
    outer loop
      vertex 4.0137 6.73868 2.5
      vertex 0 2.5 2.5
      vertex 4.05463 6.48022 2.5
    endloop
  endfacet
  facet normal 0 0 1
    outer loop
      vertex 4 7 2.5
      vertex 0 2.5 2.5
      vertex 4.0137 6.73868 2.5
    endloop
  endfacet
  facet normal 0 0 1
    outer loop
      vertex 7.89233 47.1463 2.5
      vertex 7.89233 46.8537 2.5
      vertex 7.9 47 2.5
    endloop
  endfacet
  facet normal 0 0 1
    outer loop
      vertex 7.86941 47.2911 2.5
      vertex 7.89233 46.8537 2.5
      vertex 7.89233 47.1463 2.5
    endloop
  endfacet
  facet normal 0 0 1
    outer loop
      vertex 7.86941 47.2911 2.5
      vertex 7.86941 46.7089 2.5
      vertex 7.89233 46.8537 2.5
    endloop
  endfacet
  facet normal 0 0 1
    outer loop
      vertex 7.83148 47.4326 2.5
      vertex 7.86941 46.7089 2.5
      vertex 7.86941 47.2911 2.5
    endloop
  endfacet
  facet normal 0 0 1
    outer loop
      vertex 7.83148 47.4326 2.5
      vertex 7.83148 46.5674 2.5
      vertex 7.86941 46.7089 2.5
    endloop
  endfacet
  facet normal 0 0 1
    outer loop
      vertex 7.77896 47.5694 2.5
      vertex 7.83148 46.5674 2.5
      vertex 7.83148 47.4326 2.5
    endloop
  endfacet
  facet normal 0 0 1
    outer loop
      vertex 7.77896 47.5694 2.5
      vertex 7.77896 46.4306 2.5
      vertex 7.83148 46.5674 2.5
    endloop
  endfacet
  facet normal 0 0 1
    outer loop
      vertex 7.71243 47.7 2.5
      vertex 7.77896 46.4306 2.5
      vertex 7.77896 47.5694 2.5
    endloop
  endfacet
  facet normal 0 0 1
    outer loop
      vertex 7.71243 47.7 2.5
      vertex 7.71243 46.3 2.5
      vertex 7.77896 46.4306 2.5
    endloop
  endfacet
  facet normal 0 0 1
    outer loop
      vertex 7.63262 47.8229 2.5
      vertex 7.71243 46.3 2.5
      vertex 7.71243 47.7 2.5
    endloop
  endfacet
  facet normal 0 0 1
    outer loop
      vertex 7.63262 47.8229 2.5
      vertex 7.63262 46.1771 2.5
      vertex 7.71243 46.3 2.5
    endloop
  endfacet
  facet normal 0 0 1
    outer loop
      vertex 7.5404 47.9368 2.5
      vertex 7.63262 46.1771 2.5
      vertex 7.63262 47.8229 2.5
    endloop
  endfacet
  facet normal 0 0 1
    outer loop
      vertex 7.5404 47.9368 2.5
      vertex 7.5404 46.0632 2.5
      vertex 7.63262 46.1771 2.5
    endloop
  endfacet
  facet normal 0 0 1
    outer loop
      vertex 7.43678 48.0404 2.5
      vertex 7.5404 46.0632 2.5
      vertex 7.5404 47.9368 2.5
    endloop
  endfacet
  facet normal 0 0 1
    outer loop
      vertex 7.43678 48.0404 2.5
      vertex 7.43678 45.9596 2.5
      vertex 7.5404 46.0632 2.5
    endloop
  endfacet
  facet normal 0 0 1
    outer loop
      vertex 7.3229 48.1326 2.5
      vertex 7.43678 45.9596 2.5
      vertex 7.43678 48.0404 2.5
    endloop
  endfacet
  facet normal 0 0 1
    outer loop
      vertex 7.3229 48.1326 2.5
      vertex 7.3229 45.8674 2.5
      vertex 7.43678 45.9596 2.5
    endloop
  endfacet
  facet normal 0 0 1
    outer loop
      vertex 7.2 48.2124 2.5
      vertex 7.3229 45.8674 2.5
      vertex 7.3229 48.1326 2.5
    endloop
  endfacet
  facet normal 0 0 1
    outer loop
      vertex 7.2 48.2124 2.5
      vertex 7.2 45.7876 2.5
      vertex 7.3229 45.8674 2.5
    endloop
  endfacet
  facet normal 0 0 1
    outer loop
      vertex 7.06943 48.279 2.5
      vertex 7.2 45.7876 2.5
      vertex 7.2 48.2124 2.5
    endloop
  endfacet
  facet normal 0 0 1
    outer loop
      vertex 7.06943 48.279 2.5
      vertex 7.06943 45.721 2.5
      vertex 7.2 45.7876 2.5
    endloop
  endfacet
  facet normal 0 0 1
    outer loop
      vertex 6.93262 48.3315 2.5
      vertex 7.06943 45.721 2.5
      vertex 7.06943 48.279 2.5
    endloop
  endfacet
  facet normal 0 0 1
    outer loop
      vertex 6.93262 48.3315 2.5
      vertex 6.93262 45.6685 2.5
      vertex 7.06943 45.721 2.5
    endloop
  endfacet
  facet normal 0 0 1
    outer loop
      vertex 6.79108 48.3694 2.5
      vertex 6.93262 45.6685 2.5
      vertex 6.93262 48.3315 2.5
    endloop
  endfacet
  facet normal 0 0 1
    outer loop
      vertex 6.79108 48.3694 2.5
      vertex 6.79108 45.6306 2.5
      vertex 6.93262 45.6685 2.5
    endloop
  endfacet
  facet normal 0 0 1
    outer loop
      vertex 6.64634 48.3923 2.5
      vertex 6.79108 45.6306 2.5
      vertex 6.79108 48.3694 2.5
    endloop
  endfacet
  facet normal 0 0 1
    outer loop
      vertex 6.64634 48.3923 2.5
      vertex 6.64634 45.6077 2.5
      vertex 6.79108 45.6306 2.5
    endloop
  endfacet
  facet normal 0 0 1
    outer loop
      vertex 6.5 48.4 2.5
      vertex 6.64634 45.6077 2.5
      vertex 6.64634 48.3923 2.5
    endloop
  endfacet
  facet normal 0 0 1
    outer loop
      vertex 6.5 48.4 2.5
      vertex 6.5 45.6 2.5
      vertex 6.64634 45.6077 2.5
    endloop
  endfacet
  facet normal -0 0 1
    outer loop
      vertex 6.35366 48.3923 2.5
      vertex 6.5 45.6 2.5
      vertex 6.5 48.4 2.5
    endloop
  endfacet
  facet normal 0 0 1
    outer loop
      vertex 6.35366 48.3923 2.5
      vertex 6.35366 45.6077 2.5
      vertex 6.5 45.6 2.5
    endloop
  endfacet
  facet normal -0 0 1
    outer loop
      vertex 6.20892 48.3694 2.5
      vertex 6.35366 45.6077 2.5
      vertex 6.35366 48.3923 2.5
    endloop
  endfacet
  facet normal 0 0 1
    outer loop
      vertex 6.20892 48.3694 2.5
      vertex 6.20892 45.6306 2.5
      vertex 6.35366 45.6077 2.5
    endloop
  endfacet
  facet normal -0 0 1
    outer loop
      vertex 6.06738 48.3315 2.5
      vertex 6.20892 45.6306 2.5
      vertex 6.20892 48.3694 2.5
    endloop
  endfacet
  facet normal 0 0 1
    outer loop
      vertex 6.06738 48.3315 2.5
      vertex 6.06738 45.6685 2.5
      vertex 6.20892 45.6306 2.5
    endloop
  endfacet
  facet normal -0 0 1
    outer loop
      vertex 5.93057 48.279 2.5
      vertex 6.06738 45.6685 2.5
      vertex 6.06738 48.3315 2.5
    endloop
  endfacet
  facet normal 0 0 1
    outer loop
      vertex 5.93057 48.279 2.5
      vertex 5.93057 45.721 2.5
      vertex 6.06738 45.6685 2.5
    endloop
  endfacet
  facet normal -0 0 1
    outer loop
      vertex 5.8 48.2124 2.5
      vertex 5.93057 45.721 2.5
      vertex 5.93057 48.279 2.5
    endloop
  endfacet
  facet normal 0 0 1
    outer loop
      vertex 5.8 48.2124 2.5
      vertex 5.8 45.7876 2.5
      vertex 5.93057 45.721 2.5
    endloop
  endfacet
  facet normal -0 0 1
    outer loop
      vertex 5.6771 48.1326 2.5
      vertex 5.8 45.7876 2.5
      vertex 5.8 48.2124 2.5
    endloop
  endfacet
  facet normal 0 0 1
    outer loop
      vertex 5.6771 48.1326 2.5
      vertex 5.6771 45.8674 2.5
      vertex 5.8 45.7876 2.5
    endloop
  endfacet
  facet normal -0 0 1
    outer loop
      vertex 5.56322 48.0404 2.5
      vertex 5.6771 45.8674 2.5
      vertex 5.6771 48.1326 2.5
    endloop
  endfacet
  facet normal 0 0 1
    outer loop
      vertex 5.56322 48.0404 2.5
      vertex 5.56322 45.9596 2.5
      vertex 5.6771 45.8674 2.5
    endloop
  endfacet
  facet normal -0 0 1
    outer loop
      vertex 5.4596 47.9368 2.5
      vertex 5.56322 45.9596 2.5
      vertex 5.56322 48.0404 2.5
    endloop
  endfacet
  facet normal 0 0 1
    outer loop
      vertex 5.4596 47.9368 2.5
      vertex 5.4596 46.0632 2.5
      vertex 5.56322 45.9596 2.5
    endloop
  endfacet
  facet normal -0 0 1
    outer loop
      vertex 5.36738 47.8229 2.5
      vertex 5.4596 46.0632 2.5
      vertex 5.4596 47.9368 2.5
    endloop
  endfacet
  facet normal 0 0 1
    outer loop
      vertex 5.36738 47.8229 2.5
      vertex 5.36738 46.1771 2.5
      vertex 5.4596 46.0632 2.5
    endloop
  endfacet
  facet normal -0 0 1
    outer loop
      vertex 5.28757 47.7 2.5
      vertex 5.36738 46.1771 2.5
      vertex 5.36738 47.8229 2.5
    endloop
  endfacet
  facet normal 0 0 1
    outer loop
      vertex 5.28757 47.7 2.5
      vertex 5.28757 46.3 2.5
      vertex 5.36738 46.1771 2.5
    endloop
  endfacet
  facet normal -0 0 1
    outer loop
      vertex 5.22104 47.5694 2.5
      vertex 5.28757 46.3 2.5
      vertex 5.28757 47.7 2.5
    endloop
  endfacet
  facet normal 0 0 1
    outer loop
      vertex 5.22104 47.5694 2.5
      vertex 5.22104 46.4306 2.5
      vertex 5.28757 46.3 2.5
    endloop
  endfacet
  facet normal -0 0 1
    outer loop
      vertex 5.16852 47.4326 2.5
      vertex 5.22104 46.4306 2.5
      vertex 5.22104 47.5694 2.5
    endloop
  endfacet
  facet normal 0 0 1
    outer loop
      vertex 5.16852 47.4326 2.5
      vertex 5.16852 46.5674 2.5
      vertex 5.22104 46.4306 2.5
    endloop
  endfacet
  facet normal -0 0 1
    outer loop
      vertex 5.13059 47.2911 2.5
      vertex 5.16852 46.5674 2.5
      vertex 5.16852 47.4326 2.5
    endloop
  endfacet
  facet normal 0 0 1
    outer loop
      vertex 5.13059 47.2911 2.5
      vertex 5.13059 46.7089 2.5
      vertex 5.16852 46.5674 2.5
    endloop
  endfacet
  facet normal -0 0 1
    outer loop
      vertex 5.10767 47.1463 2.5
      vertex 5.13059 46.7089 2.5
      vertex 5.13059 47.2911 2.5
    endloop
  endfacet
  facet normal 0 0 1
    outer loop
      vertex 5.10767 47.1463 2.5
      vertex 5.10767 46.8537 2.5
      vertex 5.13059 46.7089 2.5
    endloop
  endfacet
  facet normal 0 -0 1
    outer loop
      vertex 5.10767 46.8537 2.5
      vertex 5.10767 47.1463 2.5
      vertex 5.1 47 2.5
    endloop
  endfacet
  facet normal 0 0 1
    outer loop
      vertex 69.8923 47.1463 2.5
      vertex 69.8923 46.8537 2.5
      vertex 69.9 47 2.5
    endloop
  endfacet
  facet normal 0 0 1
    outer loop
      vertex 69.8694 47.2911 2.5
      vertex 69.8923 46.8537 2.5
      vertex 69.8923 47.1463 2.5
    endloop
  endfacet
  facet normal 0 0 1
    outer loop
      vertex 69.8694 47.2911 2.5
      vertex 69.8694 46.7089 2.5
      vertex 69.8923 46.8537 2.5
    endloop
  endfacet
  facet normal 0 0 1
    outer loop
      vertex 69.8315 47.4326 2.5
      vertex 69.8694 46.7089 2.5
      vertex 69.8694 47.2911 2.5
    endloop
  endfacet
  facet normal 0 0 1
    outer loop
      vertex 69.8315 47.4326 2.5
      vertex 69.8315 46.5674 2.5
      vertex 69.8694 46.7089 2.5
    endloop
  endfacet
  facet normal 0 0 1
    outer loop
      vertex 69.779 47.5694 2.5
      vertex 69.8315 46.5674 2.5
      vertex 69.8315 47.4326 2.5
    endloop
  endfacet
  facet normal 0 0 1
    outer loop
      vertex 69.779 47.5694 2.5
      vertex 69.779 46.4306 2.5
      vertex 69.8315 46.5674 2.5
    endloop
  endfacet
  facet normal 0 0 1
    outer loop
      vertex 69.7124 47.7 2.5
      vertex 69.779 46.4306 2.5
      vertex 69.779 47.5694 2.5
    endloop
  endfacet
  facet normal 0 0 1
    outer loop
      vertex 69.7124 47.7 2.5
      vertex 69.7124 46.3 2.5
      vertex 69.779 46.4306 2.5
    endloop
  endfacet
  facet normal 0 0 1
    outer loop
      vertex 69.6326 47.8229 2.5
      vertex 69.7124 46.3 2.5
      vertex 69.7124 47.7 2.5
    endloop
  endfacet
  facet normal 0 0 1
    outer loop
      vertex 69.6326 47.8229 2.5
      vertex 69.6326 46.1771 2.5
      vertex 69.7124 46.3 2.5
    endloop
  endfacet
  facet normal 0 0 1
    outer loop
      vertex 69.5404 47.9368 2.5
      vertex 69.6326 46.1771 2.5
      vertex 69.6326 47.8229 2.5
    endloop
  endfacet
  facet normal 0 0 1
    outer loop
      vertex 69.5404 47.9368 2.5
      vertex 69.5404 46.0632 2.5
      vertex 69.6326 46.1771 2.5
    endloop
  endfacet
  facet normal 0 0 1
    outer loop
      vertex 69.4368 48.0404 2.5
      vertex 69.5404 46.0632 2.5
      vertex 69.5404 47.9368 2.5
    endloop
  endfacet
  facet normal 0 0 1
    outer loop
      vertex 69.4368 48.0404 2.5
      vertex 69.4368 45.9596 2.5
      vertex 69.5404 46.0632 2.5
    endloop
  endfacet
  facet normal 0 0 1
    outer loop
      vertex 69.3229 48.1326 2.5
      vertex 69.4368 45.9596 2.5
      vertex 69.4368 48.0404 2.5
    endloop
  endfacet
  facet normal 0 0 1
    outer loop
      vertex 69.3229 48.1326 2.5
      vertex 69.3229 45.8674 2.5
      vertex 69.4368 45.9596 2.5
    endloop
  endfacet
  facet normal 0 0 1
    outer loop
      vertex 69.2 48.2124 2.5
      vertex 69.3229 45.8674 2.5
      vertex 69.3229 48.1326 2.5
    endloop
  endfacet
  facet normal 0 0 1
    outer loop
      vertex 69.2 48.2124 2.5
      vertex 69.2 45.7876 2.5
      vertex 69.3229 45.8674 2.5
    endloop
  endfacet
  facet normal 0 0 1
    outer loop
      vertex 69.0694 48.279 2.5
      vertex 69.2 45.7876 2.5
      vertex 69.2 48.2124 2.5
    endloop
  endfacet
  facet normal 0 0 1
    outer loop
      vertex 69.0694 48.279 2.5
      vertex 69.0694 45.721 2.5
      vertex 69.2 45.7876 2.5
    endloop
  endfacet
  facet normal 0 0 1
    outer loop
      vertex 68.9326 48.3315 2.5
      vertex 69.0694 45.721 2.5
      vertex 69.0694 48.279 2.5
    endloop
  endfacet
  facet normal 0 0 1
    outer loop
      vertex 68.9326 48.3315 2.5
      vertex 68.9326 45.6685 2.5
      vertex 69.0694 45.721 2.5
    endloop
  endfacet
  facet normal 0 0 1
    outer loop
      vertex 68.7911 48.3694 2.5
      vertex 68.9326 45.6685 2.5
      vertex 68.9326 48.3315 2.5
    endloop
  endfacet
  facet normal 0 0 1
    outer loop
      vertex 68.7911 48.3694 2.5
      vertex 68.7911 45.6306 2.5
      vertex 68.9326 45.6685 2.5
    endloop
  endfacet
  facet normal 0 0 1
    outer loop
      vertex 68.6463 48.3923 2.5
      vertex 68.7911 45.6306 2.5
      vertex 68.7911 48.3694 2.5
    endloop
  endfacet
  facet normal 0 0 1
    outer loop
      vertex 68.6463 48.3923 2.5
      vertex 68.6463 45.6077 2.5
      vertex 68.7911 45.6306 2.5
    endloop
  endfacet
  facet normal 0 0 1
    outer loop
      vertex 68.5 48.4 2.5
      vertex 68.6463 45.6077 2.5
      vertex 68.6463 48.3923 2.5
    endloop
  endfacet
  facet normal 0 0 1
    outer loop
      vertex 68.5 48.4 2.5
      vertex 68.5 45.6 2.5
      vertex 68.6463 45.6077 2.5
    endloop
  endfacet
  facet normal -0 0 1
    outer loop
      vertex 68.3537 48.3923 2.5
      vertex 68.5 45.6 2.5
      vertex 68.5 48.4 2.5
    endloop
  endfacet
  facet normal 0 0 1
    outer loop
      vertex 68.3537 48.3923 2.5
      vertex 68.3537 45.6077 2.5
      vertex 68.5 45.6 2.5
    endloop
  endfacet
  facet normal -0 0 1
    outer loop
      vertex 68.2089 48.3694 2.5
      vertex 68.3537 45.6077 2.5
      vertex 68.3537 48.3923 2.5
    endloop
  endfacet
  facet normal 0 0 1
    outer loop
      vertex 68.2089 48.3694 2.5
      vertex 68.2089 45.6306 2.5
      vertex 68.3537 45.6077 2.5
    endloop
  endfacet
  facet normal -0 0 1
    outer loop
      vertex 68.0674 48.3315 2.5
      vertex 68.2089 45.6306 2.5
      vertex 68.2089 48.3694 2.5
    endloop
  endfacet
  facet normal 0 0 1
    outer loop
      vertex 68.0674 48.3315 2.5
      vertex 68.0674 45.6685 2.5
      vertex 68.2089 45.6306 2.5
    endloop
  endfacet
  facet normal -0 0 1
    outer loop
      vertex 67.9306 48.279 2.5
      vertex 68.0674 45.6685 2.5
      vertex 68.0674 48.3315 2.5
    endloop
  endfacet
  facet normal 0 0 1
    outer loop
      vertex 67.9306 48.279 2.5
      vertex 67.9306 45.721 2.5
      vertex 68.0674 45.6685 2.5
    endloop
  endfacet
  facet normal -0 0 1
    outer loop
      vertex 67.8 48.2124 2.5
      vertex 67.9306 45.721 2.5
      vertex 67.9306 48.279 2.5
    endloop
  endfacet
  facet normal 0 0 1
    outer loop
      vertex 67.8 48.2124 2.5
      vertex 67.8 45.7876 2.5
      vertex 67.9306 45.721 2.5
    endloop
  endfacet
  facet normal -0 0 1
    outer loop
      vertex 67.6771 48.1326 2.5
      vertex 67.8 45.7876 2.5
      vertex 67.8 48.2124 2.5
    endloop
  endfacet
  facet normal 0 0 1
    outer loop
      vertex 67.6771 48.1326 2.5
      vertex 67.6771 45.8674 2.5
      vertex 67.8 45.7876 2.5
    endloop
  endfacet
  facet normal -0 0 1
    outer loop
      vertex 67.5632 48.0404 2.5
      vertex 67.6771 45.8674 2.5
      vertex 67.6771 48.1326 2.5
    endloop
  endfacet
  facet normal 0 0 1
    outer loop
      vertex 67.5632 48.0404 2.5
      vertex 67.5632 45.9596 2.5
      vertex 67.6771 45.8674 2.5
    endloop
  endfacet
  facet normal -0 0 1
    outer loop
      vertex 67.4596 47.9368 2.5
      vertex 67.5632 45.9596 2.5
      vertex 67.5632 48.0404 2.5
    endloop
  endfacet
  facet normal 0 0 1
    outer loop
      vertex 67.4596 47.9368 2.5
      vertex 67.4596 46.0632 2.5
      vertex 67.5632 45.9596 2.5
    endloop
  endfacet
  facet normal -0 0 1
    outer loop
      vertex 67.3674 47.8229 2.5
      vertex 67.4596 46.0632 2.5
      vertex 67.4596 47.9368 2.5
    endloop
  endfacet
  facet normal 0 0 1
    outer loop
      vertex 67.3674 47.8229 2.5
      vertex 67.3674 46.1771 2.5
      vertex 67.4596 46.0632 2.5
    endloop
  endfacet
  facet normal -0 0 1
    outer loop
      vertex 67.2876 47.7 2.5
      vertex 67.3674 46.1771 2.5
      vertex 67.3674 47.8229 2.5
    endloop
  endfacet
  facet normal 0 0 1
    outer loop
      vertex 67.2876 47.7 2.5
      vertex 67.2876 46.3 2.5
      vertex 67.3674 46.1771 2.5
    endloop
  endfacet
  facet normal -0 0 1
    outer loop
      vertex 67.221 47.5694 2.5
      vertex 67.2876 46.3 2.5
      vertex 67.2876 47.7 2.5
    endloop
  endfacet
  facet normal 0 0 1
    outer loop
      vertex 67.221 47.5694 2.5
      vertex 67.221 46.4306 2.5
      vertex 67.2876 46.3 2.5
    endloop
  endfacet
  facet normal -0 0 1
    outer loop
      vertex 67.1685 47.4326 2.5
      vertex 67.221 46.4306 2.5
      vertex 67.221 47.5694 2.5
    endloop
  endfacet
  facet normal 0 0 1
    outer loop
      vertex 67.1685 47.4326 2.5
      vertex 67.1685 46.5674 2.5
      vertex 67.221 46.4306 2.5
    endloop
  endfacet
  facet normal -0 0 1
    outer loop
      vertex 67.1306 47.2911 2.5
      vertex 67.1685 46.5674 2.5
      vertex 67.1685 47.4326 2.5
    endloop
  endfacet
  facet normal 0 0 1
    outer loop
      vertex 67.1306 47.2911 2.5
      vertex 67.1306 46.7089 2.5
      vertex 67.1685 46.5674 2.5
    endloop
  endfacet
  facet normal -0 0 1
    outer loop
      vertex 67.1077 47.1463 2.5
      vertex 67.1306 46.7089 2.5
      vertex 67.1306 47.2911 2.5
    endloop
  endfacet
  facet normal 0 0 1
    outer loop
      vertex 67.1077 47.1463 2.5
      vertex 67.1077 46.8537 2.5
      vertex 67.1306 46.7089 2.5
    endloop
  endfacet
  facet normal 0 -0 1
    outer loop
      vertex 67.1077 46.8537 2.5
      vertex 67.1077 47.1463 2.5
      vertex 67.1 47 2.5
    endloop
  endfacet
  facet normal 0 0 1
    outer loop
      vertex 69.8923 7.14634 2.5
      vertex 69.8923 6.85366 2.5
      vertex 69.9 7 2.5
    endloop
  endfacet
  facet normal 0 0 1
    outer loop
      vertex 69.8694 7.29108 2.5
      vertex 69.8923 6.85366 2.5
      vertex 69.8923 7.14634 2.5
    endloop
  endfacet
  facet normal 0 0 1
    outer loop
      vertex 69.8694 7.29108 2.5
      vertex 69.8694 6.70892 2.5
      vertex 69.8923 6.85366 2.5
    endloop
  endfacet
  facet normal 0 0 1
    outer loop
      vertex 69.8315 7.43262 2.5
      vertex 69.8694 6.70892 2.5
      vertex 69.8694 7.29108 2.5
    endloop
  endfacet
  facet normal 0 0 1
    outer loop
      vertex 69.8315 7.43262 2.5
      vertex 69.8315 6.56738 2.5
      vertex 69.8694 6.70892 2.5
    endloop
  endfacet
  facet normal 0 0 1
    outer loop
      vertex 69.779 7.56943 2.5
      vertex 69.8315 6.56738 2.5
      vertex 69.8315 7.43262 2.5
    endloop
  endfacet
  facet normal 0 0 1
    outer loop
      vertex 69.779 7.56943 2.5
      vertex 69.779 6.43057 2.5
      vertex 69.8315 6.56738 2.5
    endloop
  endfacet
  facet normal 0 0 1
    outer loop
      vertex 69.7124 7.7 2.5
      vertex 69.779 6.43057 2.5
      vertex 69.779 7.56943 2.5
    endloop
  endfacet
  facet normal 0 0 1
    outer loop
      vertex 69.7124 7.7 2.5
      vertex 69.7124 6.3 2.5
      vertex 69.779 6.43057 2.5
    endloop
  endfacet
  facet normal 0 0 1
    outer loop
      vertex 69.6326 7.8229 2.5
      vertex 69.7124 6.3 2.5
      vertex 69.7124 7.7 2.5
    endloop
  endfacet
  facet normal 0 0 1
    outer loop
      vertex 69.6326 7.8229 2.5
      vertex 69.6326 6.1771 2.5
      vertex 69.7124 6.3 2.5
    endloop
  endfacet
  facet normal 0 0 1
    outer loop
      vertex 69.5404 7.93678 2.5
      vertex 69.6326 6.1771 2.5
      vertex 69.6326 7.8229 2.5
    endloop
  endfacet
  facet normal 0 0 1
    outer loop
      vertex 69.5404 7.93678 2.5
      vertex 69.5404 6.06322 2.5
      vertex 69.6326 6.1771 2.5
    endloop
  endfacet
  facet normal 0 0 1
    outer loop
      vertex 69.4368 8.0404 2.5
      vertex 69.5404 6.06322 2.5
      vertex 69.5404 7.93678 2.5
    endloop
  endfacet
  facet normal 0 0 1
    outer loop
      vertex 69.4368 8.0404 2.5
      vertex 69.4368 5.9596 2.5
      vertex 69.5404 6.06322 2.5
    endloop
  endfacet
  facet normal 0 0 1
    outer loop
      vertex 69.3229 8.13262 2.5
      vertex 69.4368 5.9596 2.5
      vertex 69.4368 8.0404 2.5
    endloop
  endfacet
  facet normal 0 0 1
    outer loop
      vertex 69.3229 8.13262 2.5
      vertex 69.3229 5.86738 2.5
      vertex 69.4368 5.9596 2.5
    endloop
  endfacet
  facet normal 0 0 1
    outer loop
      vertex 69.2 8.21243 2.5
      vertex 69.3229 5.86738 2.5
      vertex 69.3229 8.13262 2.5
    endloop
  endfacet
  facet normal 0 0 1
    outer loop
      vertex 69.2 8.21243 2.5
      vertex 69.2 5.78757 2.5
      vertex 69.3229 5.86738 2.5
    endloop
  endfacet
  facet normal 0 0 1
    outer loop
      vertex 69.0694 8.27896 2.5
      vertex 69.2 5.78757 2.5
      vertex 69.2 8.21243 2.5
    endloop
  endfacet
  facet normal 0 0 1
    outer loop
      vertex 69.0694 8.27896 2.5
      vertex 69.0694 5.72104 2.5
      vertex 69.2 5.78757 2.5
    endloop
  endfacet
  facet normal 0 0 1
    outer loop
      vertex 68.9326 8.33148 2.5
      vertex 69.0694 5.72104 2.5
      vertex 69.0694 8.27896 2.5
    endloop
  endfacet
  facet normal 0 0 1
    outer loop
      vertex 68.9326 8.33148 2.5
      vertex 68.9326 5.66852 2.5
      vertex 69.0694 5.72104 2.5
    endloop
  endfacet
  facet normal 0 0 1
    outer loop
      vertex 68.7911 8.36941 2.5
      vertex 68.9326 5.66852 2.5
      vertex 68.9326 8.33148 2.5
    endloop
  endfacet
  facet normal 0 0 1
    outer loop
      vertex 68.7911 8.36941 2.5
      vertex 68.7911 5.63059 2.5
      vertex 68.9326 5.66852 2.5
    endloop
  endfacet
  facet normal 0 0 1
    outer loop
      vertex 68.6463 8.39233 2.5
      vertex 68.7911 5.63059 2.5
      vertex 68.7911 8.36941 2.5
    endloop
  endfacet
  facet normal 0 0 1
    outer loop
      vertex 68.6463 8.39233 2.5
      vertex 68.6463 5.60767 2.5
      vertex 68.7911 5.63059 2.5
    endloop
  endfacet
  facet normal 0 0 1
    outer loop
      vertex 68.5 8.4 2.5
      vertex 68.6463 5.60767 2.5
      vertex 68.6463 8.39233 2.5
    endloop
  endfacet
  facet normal 0 0 1
    outer loop
      vertex 68.5 8.4 2.5
      vertex 68.5 5.6 2.5
      vertex 68.6463 5.60767 2.5
    endloop
  endfacet
  facet normal -0 0 1
    outer loop
      vertex 68.3537 8.39233 2.5
      vertex 68.5 5.6 2.5
      vertex 68.5 8.4 2.5
    endloop
  endfacet
  facet normal 0 0 1
    outer loop
      vertex 68.3537 8.39233 2.5
      vertex 68.3537 5.60767 2.5
      vertex 68.5 5.6 2.5
    endloop
  endfacet
  facet normal -0 0 1
    outer loop
      vertex 68.2089 8.36941 2.5
      vertex 68.3537 5.60767 2.5
      vertex 68.3537 8.39233 2.5
    endloop
  endfacet
  facet normal 0 0 1
    outer loop
      vertex 68.2089 8.36941 2.5
      vertex 68.2089 5.63059 2.5
      vertex 68.3537 5.60767 2.5
    endloop
  endfacet
  facet normal -0 0 1
    outer loop
      vertex 68.0674 8.33148 2.5
      vertex 68.2089 5.63059 2.5
      vertex 68.2089 8.36941 2.5
    endloop
  endfacet
  facet normal 0 0 1
    outer loop
      vertex 68.0674 8.33148 2.5
      vertex 68.0674 5.66852 2.5
      vertex 68.2089 5.63059 2.5
    endloop
  endfacet
  facet normal -0 0 1
    outer loop
      vertex 67.9306 8.27896 2.5
      vertex 68.0674 5.66852 2.5
      vertex 68.0674 8.33148 2.5
    endloop
  endfacet
  facet normal 0 0 1
    outer loop
      vertex 67.9306 8.27896 2.5
      vertex 67.9306 5.72104 2.5
      vertex 68.0674 5.66852 2.5
    endloop
  endfacet
  facet normal -0 0 1
    outer loop
      vertex 67.8 8.21243 2.5
      vertex 67.9306 5.72104 2.5
      vertex 67.9306 8.27896 2.5
    endloop
  endfacet
  facet normal 0 0 1
    outer loop
      vertex 67.8 8.21243 2.5
      vertex 67.8 5.78757 2.5
      vertex 67.9306 5.72104 2.5
    endloop
  endfacet
  facet normal -0 0 1
    outer loop
      vertex 67.6771 8.13262 2.5
      vertex 67.8 5.78757 2.5
      vertex 67.8 8.21243 2.5
    endloop
  endfacet
  facet normal 0 0 1
    outer loop
      vertex 67.6771 8.13262 2.5
      vertex 67.6771 5.86738 2.5
      vertex 67.8 5.78757 2.5
    endloop
  endfacet
  facet normal -0 0 1
    outer loop
      vertex 67.5632 8.0404 2.5
      vertex 67.6771 5.86738 2.5
      vertex 67.6771 8.13262 2.5
    endloop
  endfacet
  facet normal 0 0 1
    outer loop
      vertex 67.5632 8.0404 2.5
      vertex 67.5632 5.9596 2.5
      vertex 67.6771 5.86738 2.5
    endloop
  endfacet
  facet normal -0 0 1
    outer loop
      vertex 67.4596 7.93678 2.5
      vertex 67.5632 5.9596 2.5
      vertex 67.5632 8.0404 2.5
    endloop
  endfacet
  facet normal 0 0 1
    outer loop
      vertex 67.4596 7.93678 2.5
      vertex 67.4596 6.06322 2.5
      vertex 67.5632 5.9596 2.5
    endloop
  endfacet
  facet normal -0 0 1
    outer loop
      vertex 67.3674 7.8229 2.5
      vertex 67.4596 6.06322 2.5
      vertex 67.4596 7.93678 2.5
    endloop
  endfacet
  facet normal 0 0 1
    outer loop
      vertex 67.3674 7.8229 2.5
      vertex 67.3674 6.1771 2.5
      vertex 67.4596 6.06322 2.5
    endloop
  endfacet
  facet normal -0 0 1
    outer loop
      vertex 67.2876 7.7 2.5
      vertex 67.3674 6.1771 2.5
      vertex 67.3674 7.8229 2.5
    endloop
  endfacet
  facet normal 0 0 1
    outer loop
      vertex 67.2876 7.7 2.5
      vertex 67.2876 6.3 2.5
      vertex 67.3674 6.1771 2.5
    endloop
  endfacet
  facet normal -0 0 1
    outer loop
      vertex 67.221 7.56943 2.5
      vertex 67.2876 6.3 2.5
      vertex 67.2876 7.7 2.5
    endloop
  endfacet
  facet normal 0 0 1
    outer loop
      vertex 67.221 7.56943 2.5
      vertex 67.221 6.43057 2.5
      vertex 67.2876 6.3 2.5
    endloop
  endfacet
  facet normal -0 0 1
    outer loop
      vertex 67.1685 7.43262 2.5
      vertex 67.221 6.43057 2.5
      vertex 67.221 7.56943 2.5
    endloop
  endfacet
  facet normal 0 0 1
    outer loop
      vertex 67.1685 7.43262 2.5
      vertex 67.1685 6.56738 2.5
      vertex 67.221 6.43057 2.5
    endloop
  endfacet
  facet normal -0 0 1
    outer loop
      vertex 67.1306 7.29108 2.5
      vertex 67.1685 6.56738 2.5
      vertex 67.1685 7.43262 2.5
    endloop
  endfacet
  facet normal 0 0 1
    outer loop
      vertex 67.1306 7.29108 2.5
      vertex 67.1306 6.70892 2.5
      vertex 67.1685 6.56738 2.5
    endloop
  endfacet
  facet normal -0 0 1
    outer loop
      vertex 67.1077 7.14634 2.5
      vertex 67.1306 6.70892 2.5
      vertex 67.1306 7.29108 2.5
    endloop
  endfacet
  facet normal 0 0 1
    outer loop
      vertex 67.1077 7.14634 2.5
      vertex 67.1077 6.85366 2.5
      vertex 67.1306 6.70892 2.5
    endloop
  endfacet
  facet normal 0 -0 1
    outer loop
      vertex 67.1077 6.85366 2.5
      vertex 67.1077 7.14634 2.5
      vertex 67.1 7 2.5
    endloop
  endfacet
  facet normal 0 0 1
    outer loop
      vertex 7.89233 7.14634 2.5
      vertex 7.89233 6.85366 2.5
      vertex 7.9 7 2.5
    endloop
  endfacet
  facet normal 0 0 1
    outer loop
      vertex 7.86941 7.29108 2.5
      vertex 7.89233 6.85366 2.5
      vertex 7.89233 7.14634 2.5
    endloop
  endfacet
  facet normal 0 0 1
    outer loop
      vertex 7.86941 7.29108 2.5
      vertex 7.86941 6.70892 2.5
      vertex 7.89233 6.85366 2.5
    endloop
  endfacet
  facet normal 0 0 1
    outer loop
      vertex 7.83148 7.43262 2.5
      vertex 7.86941 6.70892 2.5
      vertex 7.86941 7.29108 2.5
    endloop
  endfacet
  facet normal 0 0 1
    outer loop
      vertex 7.83148 7.43262 2.5
      vertex 7.83148 6.56738 2.5
      vertex 7.86941 6.70892 2.5
    endloop
  endfacet
  facet normal 0 0 1
    outer loop
      vertex 7.77896 7.56943 2.5
      vertex 7.83148 6.56738 2.5
      vertex 7.83148 7.43262 2.5
    endloop
  endfacet
  facet normal 0 0 1
    outer loop
      vertex 7.77896 7.56943 2.5
      vertex 7.77896 6.43057 2.5
      vertex 7.83148 6.56738 2.5
    endloop
  endfacet
  facet normal 0 0 1
    outer loop
      vertex 7.71243 7.7 2.5
      vertex 7.77896 6.43057 2.5
      vertex 7.77896 7.56943 2.5
    endloop
  endfacet
  facet normal 0 0 1
    outer loop
      vertex 7.71243 7.7 2.5
      vertex 7.71243 6.3 2.5
      vertex 7.77896 6.43057 2.5
    endloop
  endfacet
  facet normal 0 0 1
    outer loop
      vertex 7.63262 7.8229 2.5
      vertex 7.71243 6.3 2.5
      vertex 7.71243 7.7 2.5
    endloop
  endfacet
  facet normal 0 0 1
    outer loop
      vertex 7.63262 7.8229 2.5
      vertex 7.63262 6.1771 2.5
      vertex 7.71243 6.3 2.5
    endloop
  endfacet
  facet normal 0 0 1
    outer loop
      vertex 7.5404 7.93678 2.5
      vertex 7.63262 6.1771 2.5
      vertex 7.63262 7.8229 2.5
    endloop
  endfacet
  facet normal 0 0 1
    outer loop
      vertex 7.5404 7.93678 2.5
      vertex 7.5404 6.06322 2.5
      vertex 7.63262 6.1771 2.5
    endloop
  endfacet
  facet normal 0 0 1
    outer loop
      vertex 7.43678 8.0404 2.5
      vertex 7.5404 6.06322 2.5
      vertex 7.5404 7.93678 2.5
    endloop
  endfacet
  facet normal 0 0 1
    outer loop
      vertex 7.43678 8.0404 2.5
      vertex 7.43678 5.9596 2.5
      vertex 7.5404 6.06322 2.5
    endloop
  endfacet
  facet normal 0 0 1
    outer loop
      vertex 7.3229 8.13262 2.5
      vertex 7.43678 5.9596 2.5
      vertex 7.43678 8.0404 2.5
    endloop
  endfacet
  facet normal 0 0 1
    outer loop
      vertex 7.3229 8.13262 2.5
      vertex 7.3229 5.86738 2.5
      vertex 7.43678 5.9596 2.5
    endloop
  endfacet
  facet normal 0 0 1
    outer loop
      vertex 7.2 8.21243 2.5
      vertex 7.3229 5.86738 2.5
      vertex 7.3229 8.13262 2.5
    endloop
  endfacet
  facet normal 0 0 1
    outer loop
      vertex 7.2 8.21243 2.5
      vertex 7.2 5.78757 2.5
      vertex 7.3229 5.86738 2.5
    endloop
  endfacet
  facet normal 0 0 1
    outer loop
      vertex 7.06943 8.27896 2.5
      vertex 7.2 5.78757 2.5
      vertex 7.2 8.21243 2.5
    endloop
  endfacet
  facet normal 0 0 1
    outer loop
      vertex 7.06943 8.27896 2.5
      vertex 7.06943 5.72104 2.5
      vertex 7.2 5.78757 2.5
    endloop
  endfacet
  facet normal 0 0 1
    outer loop
      vertex 6.93262 8.33148 2.5
      vertex 7.06943 5.72104 2.5
      vertex 7.06943 8.27896 2.5
    endloop
  endfacet
  facet normal 0 0 1
    outer loop
      vertex 6.93262 8.33148 2.5
      vertex 6.93262 5.66852 2.5
      vertex 7.06943 5.72104 2.5
    endloop
  endfacet
  facet normal 0 0 1
    outer loop
      vertex 6.79108 8.36941 2.5
      vertex 6.93262 5.66852 2.5
      vertex 6.93262 8.33148 2.5
    endloop
  endfacet
  facet normal 0 0 1
    outer loop
      vertex 6.79108 8.36941 2.5
      vertex 6.79108 5.63059 2.5
      vertex 6.93262 5.66852 2.5
    endloop
  endfacet
  facet normal 0 0 1
    outer loop
      vertex 6.64634 8.39233 2.5
      vertex 6.79108 5.63059 2.5
      vertex 6.79108 8.36941 2.5
    endloop
  endfacet
  facet normal 0 0 1
    outer loop
      vertex 6.64634 8.39233 2.5
      vertex 6.64634 5.60767 2.5
      vertex 6.79108 5.63059 2.5
    endloop
  endfacet
  facet normal 0 0 1
    outer loop
      vertex 6.5 8.4 2.5
      vertex 6.64634 5.60767 2.5
      vertex 6.64634 8.39233 2.5
    endloop
  endfacet
  facet normal 0 0 1
    outer loop
      vertex 6.5 8.4 2.5
      vertex 6.5 5.6 2.5
      vertex 6.64634 5.60767 2.5
    endloop
  endfacet
  facet normal -0 0 1
    outer loop
      vertex 6.35366 8.39233 2.5
      vertex 6.5 5.6 2.5
      vertex 6.5 8.4 2.5
    endloop
  endfacet
  facet normal 0 0 1
    outer loop
      vertex 6.35366 8.39233 2.5
      vertex 6.35366 5.60767 2.5
      vertex 6.5 5.6 2.5
    endloop
  endfacet
  facet normal -0 0 1
    outer loop
      vertex 6.20892 8.36941 2.5
      vertex 6.35366 5.60767 2.5
      vertex 6.35366 8.39233 2.5
    endloop
  endfacet
  facet normal 0 0 1
    outer loop
      vertex 6.20892 8.36941 2.5
      vertex 6.20892 5.63059 2.5
      vertex 6.35366 5.60767 2.5
    endloop
  endfacet
  facet normal -0 0 1
    outer loop
      vertex 6.06738 8.33148 2.5
      vertex 6.20892 5.63059 2.5
      vertex 6.20892 8.36941 2.5
    endloop
  endfacet
  facet normal 0 0 1
    outer loop
      vertex 6.06738 8.33148 2.5
      vertex 6.06738 5.66852 2.5
      vertex 6.20892 5.63059 2.5
    endloop
  endfacet
  facet normal -0 0 1
    outer loop
      vertex 5.93057 8.27896 2.5
      vertex 6.06738 5.66852 2.5
      vertex 6.06738 8.33148 2.5
    endloop
  endfacet
  facet normal 0 0 1
    outer loop
      vertex 5.93057 8.27896 2.5
      vertex 5.93057 5.72104 2.5
      vertex 6.06738 5.66852 2.5
    endloop
  endfacet
  facet normal -0 0 1
    outer loop
      vertex 5.8 8.21243 2.5
      vertex 5.93057 5.72104 2.5
      vertex 5.93057 8.27896 2.5
    endloop
  endfacet
  facet normal 0 0 1
    outer loop
      vertex 5.8 8.21243 2.5
      vertex 5.8 5.78757 2.5
      vertex 5.93057 5.72104 2.5
    endloop
  endfacet
  facet normal -0 0 1
    outer loop
      vertex 5.6771 8.13262 2.5
      vertex 5.8 5.78757 2.5
      vertex 5.8 8.21243 2.5
    endloop
  endfacet
  facet normal 0 0 1
    outer loop
      vertex 5.6771 8.13262 2.5
      vertex 5.6771 5.86738 2.5
      vertex 5.8 5.78757 2.5
    endloop
  endfacet
  facet normal -0 0 1
    outer loop
      vertex 5.56322 8.0404 2.5
      vertex 5.6771 5.86738 2.5
      vertex 5.6771 8.13262 2.5
    endloop
  endfacet
  facet normal 0 0 1
    outer loop
      vertex 5.56322 8.0404 2.5
      vertex 5.56322 5.9596 2.5
      vertex 5.6771 5.86738 2.5
    endloop
  endfacet
  facet normal -0 0 1
    outer loop
      vertex 5.4596 7.93678 2.5
      vertex 5.56322 5.9596 2.5
      vertex 5.56322 8.0404 2.5
    endloop
  endfacet
  facet normal 0 0 1
    outer loop
      vertex 5.4596 7.93678 2.5
      vertex 5.4596 6.06322 2.5
      vertex 5.56322 5.9596 2.5
    endloop
  endfacet
  facet normal -0 0 1
    outer loop
      vertex 5.36738 7.8229 2.5
      vertex 5.4596 6.06322 2.5
      vertex 5.4596 7.93678 2.5
    endloop
  endfacet
  facet normal 0 0 1
    outer loop
      vertex 5.36738 7.8229 2.5
      vertex 5.36738 6.1771 2.5
      vertex 5.4596 6.06322 2.5
    endloop
  endfacet
  facet normal -0 0 1
    outer loop
      vertex 5.28757 7.7 2.5
      vertex 5.36738 6.1771 2.5
      vertex 5.36738 7.8229 2.5
    endloop
  endfacet
  facet normal 0 0 1
    outer loop
      vertex 5.28757 7.7 2.5
      vertex 5.28757 6.3 2.5
      vertex 5.36738 6.1771 2.5
    endloop
  endfacet
  facet normal -0 0 1
    outer loop
      vertex 5.22104 7.56943 2.5
      vertex 5.28757 6.3 2.5
      vertex 5.28757 7.7 2.5
    endloop
  endfacet
  facet normal 0 0 1
    outer loop
      vertex 5.22104 7.56943 2.5
      vertex 5.22104 6.43057 2.5
      vertex 5.28757 6.3 2.5
    endloop
  endfacet
  facet normal -0 0 1
    outer loop
      vertex 5.16852 7.43262 2.5
      vertex 5.22104 6.43057 2.5
      vertex 5.22104 7.56943 2.5
    endloop
  endfacet
  facet normal 0 0 1
    outer loop
      vertex 5.16852 7.43262 2.5
      vertex 5.16852 6.56738 2.5
      vertex 5.22104 6.43057 2.5
    endloop
  endfacet
  facet normal -0 0 1
    outer loop
      vertex 5.13059 7.29108 2.5
      vertex 5.16852 6.56738 2.5
      vertex 5.16852 7.43262 2.5
    endloop
  endfacet
  facet normal 0 0 1
    outer loop
      vertex 5.13059 7.29108 2.5
      vertex 5.13059 6.70892 2.5
      vertex 5.16852 6.56738 2.5
    endloop
  endfacet
  facet normal -0 0 1
    outer loop
      vertex 5.10767 7.14634 2.5
      vertex 5.13059 6.70892 2.5
      vertex 5.13059 7.29108 2.5
    endloop
  endfacet
  facet normal 0 0 1
    outer loop
      vertex 5.10767 7.14634 2.5
      vertex 5.10767 6.85366 2.5
      vertex 5.13059 6.70892 2.5
    endloop
  endfacet
  facet normal 0 -0 1
    outer loop
      vertex 5.10767 6.85366 2.5
      vertex 5.10767 7.14634 2.5
      vertex 5.1 7 2.5
    endloop
  endfacet
  facet normal 0 0 -1
    outer loop
      vertex 18 12.5 0
      vertex 32 41.5 0
      vertex 32 12.5 0
    endloop
  endfacet
  facet normal -0 0 -1
    outer loop
      vertex 32 41.5 0
      vertex 18 12.5 0
      vertex 18 41.5 0
    endloop
  endfacet
  facet normal 0 0 -1
    outer loop
      vertex 44 12.5 0
      vertex 58 41.5 0
      vertex 58 12.5 0
    endloop
  endfacet
  facet normal -0 0 -1
    outer loop
      vertex 58 41.5 0
      vertex 44 12.5 0
      vertex 44 41.5 0
    endloop
  endfacet
  facet normal 0 0 -1
    outer loop
      vertex 58 12.5 0
      vertex 73 0 0
      vertex 58 10 0
    endloop
  endfacet
  facet normal 0 0 -1
    outer loop
      vertex 73 0 0
      vertex 44 10 0
      vertex 58 10 0
    endloop
  endfacet
  facet normal 0 0 -1
    outer loop
      vertex 32 12.5 0
      vertex 44 12.5 0
      vertex 44 10 0
    endloop
  endfacet
  facet normal 0 0 -1
    outer loop
      vertex 44 12.5 0
      vertex 32 12.5 0
      vertex 44 41.5 0
    endloop
  endfacet
  facet normal 0 0 -1
    outer loop
      vertex 32 12.5 0
      vertex 44 10 0
      vertex 32 10 0
    endloop
  endfacet
  facet normal 0 0 -1
    outer loop
      vertex 73 0 0
      vertex 32 10 0
      vertex 44 10 0
    endloop
  endfacet
  facet normal 0 0 -1
    outer loop
      vertex 0 0 0
      vertex 32 10 0
      vertex 73 0 0
    endloop
  endfacet
  facet normal 0 0 -1
    outer loop
      vertex 0 0 0
      vertex 18 12.5 0
      vertex 18 10 0
    endloop
  endfacet
  facet normal -0 0 -1
    outer loop
      vertex 18 12.5 0
      vertex 0 0 0
      vertex 18 41.5 0
    endloop
  endfacet
  facet normal 0 0 -1
    outer loop
      vertex 0 54 0
      vertex 18 41.5 0
      vertex 0 0 0
    endloop
  endfacet
  facet normal -0 0 -1
    outer loop
      vertex 32 10 0
      vertex 0 0 0
      vertex 18 10 0
    endloop
  endfacet
  facet normal 0 0 -1
    outer loop
      vertex 73 0 0
      vertex 58 12.5 0
      vertex 73 54 0
    endloop
  endfacet
  facet normal 0 0 -1
    outer loop
      vertex 58 41.5 0
      vertex 73 54 0
      vertex 58 12.5 0
    endloop
  endfacet
  facet normal 0 0 -1
    outer loop
      vertex 58 44 0
      vertex 73 54 0
      vertex 58 41.5 0
    endloop
  endfacet
  facet normal 0 0 -1
    outer loop
      vertex 44 44 0
      vertex 73 54 0
      vertex 58 44 0
    endloop
  endfacet
  facet normal 0 0 -1
    outer loop
      vertex 32 41.5 0
      vertex 44 41.5 0
      vertex 32 12.5 0
    endloop
  endfacet
  facet normal 0 0 -1
    outer loop
      vertex 44 41.5 0
      vertex 32 41.5 0
      vertex 44 44 0
    endloop
  endfacet
  facet normal 0 0 -1
    outer loop
      vertex 32 44 0
      vertex 44 44 0
      vertex 32 41.5 0
    endloop
  endfacet
  facet normal 0 0 -1
    outer loop
      vertex 44 44 0
      vertex 32 44 0
      vertex 73 54 0
    endloop
  endfacet
  facet normal 0 0 -1
    outer loop
      vertex 0 54 0
      vertex 32 44 0
      vertex 18 44 0
    endloop
  endfacet
  facet normal 0 0 -1
    outer loop
      vertex 32 44 0
      vertex 0 54 0
      vertex 73 54 0
    endloop
  endfacet
  facet normal 0 0 -1
    outer loop
      vertex 18 41.5 0
      vertex 0 54 0
      vertex 18 44 0
    endloop
  endfacet
  facet normal -1 0 0
    outer loop
      vertex 0 -1.4 7.2
      vertex 0 0 9.2
      vertex 0 0 7.2
    endloop
  endfacet
  facet normal -1 -0 0
    outer loop
      vertex 0 0 9.2
      vertex 0 -1.4 7.2
      vertex 0 -1.4 9.2
    endloop
  endfacet
  facet normal -1 0 0
    outer loop
      vertex 0 51.5 2.5
      vertex 0 54 13.2
      vertex 0 54 0
    endloop
  endfacet
  facet normal -1 0 0
    outer loop
      vertex 0 51.5 23
      vertex 0 54 13.2
      vertex 0 51.5 2.5
    endloop
  endfacet
  facet normal -1 0 0
    outer loop
      vertex 0 54 13.2
      vertex 0 51.5 23
      vertex 0 54 15.2
    endloop
  endfacet
  facet normal -1 0 0
    outer loop
      vertex 0 54 0
      vertex 0 2.5 2.5
      vertex 0 51.5 2.5
    endloop
  endfacet
  facet normal -1 0 0
    outer loop
      vertex 0 0 0
      vertex 0 2.5 2.5
      vertex 0 54 0
    endloop
  endfacet
  facet normal -1 0 0
    outer loop
      vertex 0 0 7.2
      vertex 0 2.5 2.5
      vertex 0 0 0
    endloop
  endfacet
  facet normal -1 0 0
    outer loop
      vertex 0 0 9.2
      vertex 0 2.5 2.5
      vertex 0 0 7.2
    endloop
  endfacet
  facet normal -1 0 0
    outer loop
      vertex 0 2.5 2.5
      vertex 0 0 9.2
      vertex 0 2.5 23
    endloop
  endfacet
  facet normal -1 -0 0
    outer loop
      vertex 0 2.5 23
      vertex 0 0 9.2
      vertex 0 0 23
    endloop
  endfacet
  facet normal -1 0 0
    outer loop
      vertex 0 54 13.2
      vertex 0 55.4 15.2
      vertex 0 55.4 13.2
    endloop
  endfacet
  facet normal -1 -0 0
    outer loop
      vertex 0 55.4 15.2
      vertex 0 54 13.2
      vertex 0 54 15.2
    endloop
  endfacet
  facet normal -1 0 0
    outer loop
      vertex 0 54 15.2
      vertex 0 51.5 23
      vertex 0 54 23
    endloop
  endfacet
  facet normal 0 1 0
    outer loop
      vertex 75 2.5 19
      vertex 75 2.5 2.5
      vertex 73 2.5 19
    endloop
  endfacet
  facet normal 0 1 0
    outer loop
      vertex 75 2.5 21.5
      vertex 75 2.5 20.5
      vertex 73 2.5 21.5
    endloop
  endfacet
  facet normal 0 1 -0
    outer loop
      vertex 73 2.5 21.5
      vertex 0 2.5 23
      vertex 73 2.5 23
    endloop
  endfacet
  facet normal 0 1 0
    outer loop
      vertex 73 2.5 20.5
      vertex 73 2.5 21.5
      vertex 75 2.5 20.5
    endloop
  endfacet
  facet normal 0 1 0
    outer loop
      vertex 73 2.5 21.5
      vertex 73 2.5 20.5
      vertex 0 2.5 23
    endloop
  endfacet
  facet normal 0 1 -0
    outer loop
      vertex 73 2.5 19
      vertex 0 2.5 23
      vertex 73 2.5 20.5
    endloop
  endfacet
  facet normal 0 1 0
    outer loop
      vertex 0 2.5 2.5
      vertex 73 2.5 19
      vertex 75 2.5 2.5
    endloop
  endfacet
  facet normal 0 1 0
    outer loop
      vertex 73 2.5 19
      vertex 0 2.5 2.5
      vertex 0 2.5 23
    endloop
  endfacet
  facet normal 0 -1 0
    outer loop
      vertex 0 51.5 23
      vertex 73 51.5 21.5
      vertex 73 51.5 23
    endloop
  endfacet
  facet normal 0 -1 0
    outer loop
      vertex 73 51.5 21.5
      vertex 73 51.5 20.5
      vertex 75 51.5 21.5
    endloop
  endfacet
  facet normal 0 -1 0
    outer loop
      vertex 0 51.5 23
      vertex 73 51.5 20.5
      vertex 73 51.5 21.5
    endloop
  endfacet
  facet normal 0 -1 0
    outer loop
      vertex 0 51.5 23
      vertex 73 51.5 19
      vertex 73 51.5 20.5
    endloop
  endfacet
  facet normal 0 -1 0
    outer loop
      vertex 0 51.5 2.5
      vertex 73 51.5 19
      vertex 0 51.5 23
    endloop
  endfacet
  facet normal 0 -1 0
    outer loop
      vertex 75 51.5 2.5
      vertex 73 51.5 19
      vertex 0 51.5 2.5
    endloop
  endfacet
  facet normal 0 -1 0
    outer loop
      vertex 73 51.5 19
      vertex 75 51.5 2.5
      vertex 75 51.5 19
    endloop
  endfacet
  facet normal 0 -1 -0
    outer loop
      vertex 75 51.5 21.5
      vertex 73 51.5 20.5
      vertex 75 51.5 20.5
    endloop
  endfacet
  facet normal 1 0 0
    outer loop
      vertex 79 27.9945 17.8955
      vertex 79 56 23.5
      vertex 79 28 18
    endloop
  endfacet
  facet normal 1 0 0
    outer loop
      vertex 79 56 23.5
      vertex 79 27.9945 18.1045
      vertex 79 28 18
    endloop
  endfacet
  facet normal 1 0 0
    outer loop
      vertex 79 56 23.5
      vertex 79 27.9781 18.2079
      vertex 79 27.9945 18.1045
    endloop
  endfacet
  facet normal 1 0 0
    outer loop
      vertex 79 56 23.5
      vertex 79 27.9511 18.309
      vertex 79 27.9781 18.2079
    endloop
  endfacet
  facet normal 1 0 0
    outer loop
      vertex 79 56 23.5
      vertex 79 27.9135 18.4067
      vertex 79 27.9511 18.309
    endloop
  endfacet
  facet normal 1 0 0
    outer loop
      vertex 79 56 23.5
      vertex 79 27.866 18.5
      vertex 79 27.9135 18.4067
    endloop
  endfacet
  facet normal 1 0 0
    outer loop
      vertex 79 56 23.5
      vertex 79 27.809 18.5878
      vertex 79 27.866 18.5
    endloop
  endfacet
  facet normal 1 0 0
    outer loop
      vertex 79 56 23.5
      vertex 79 27.7431 18.6691
      vertex 79 27.809 18.5878
    endloop
  endfacet
  facet normal 1 0 0
    outer loop
      vertex 79 56 23.5
      vertex 79 27.6691 18.7431
      vertex 79 27.7431 18.6691
    endloop
  endfacet
  facet normal 1 0 0
    outer loop
      vertex 79 56 23.5
      vertex 79 27.5878 18.809
      vertex 79 27.6691 18.7431
    endloop
  endfacet
  facet normal 1 0 0
    outer loop
      vertex 79 56 23.5
      vertex 79 27.5 18.866
      vertex 79 27.5878 18.809
    endloop
  endfacet
  facet normal 1 0 0
    outer loop
      vertex 79 56 23.5
      vertex 79 27.4067 18.9135
      vertex 79 27.5 18.866
    endloop
  endfacet
  facet normal 1 0 0
    outer loop
      vertex 79 56 23.5
      vertex 79 27.309 18.9511
      vertex 79 27.4067 18.9135
    endloop
  endfacet
  facet normal 1 0 0
    outer loop
      vertex 79 56 23.5
      vertex 79 27.2079 18.9781
      vertex 79 27.309 18.9511
    endloop
  endfacet
  facet normal 1 0 0
    outer loop
      vertex 79 56 23.5
      vertex 79 27.1045 18.9945
      vertex 79 27.2079 18.9781
    endloop
  endfacet
  facet normal 1 0 0
    outer loop
      vertex 79 56 23.5
      vertex 79 27 19
      vertex 79 27.1045 18.9945
    endloop
  endfacet
  facet normal 1 -0 0
    outer loop
      vertex 79 -2 23.5
      vertex 79 27 19
      vertex 79 56 23.5
    endloop
  endfacet
  facet normal 1 0 0
    outer loop
      vertex 79 26.0055 18.1045
      vertex 79 -2 23.5
      vertex 79 26 18
    endloop
  endfacet
  facet normal 1 0 0
    outer loop
      vertex 79 26.0219 18.2079
      vertex 79 -2 23.5
      vertex 79 26.0055 18.1045
    endloop
  endfacet
  facet normal 1 0 0
    outer loop
      vertex 79 26.0489 18.309
      vertex 79 -2 23.5
      vertex 79 26.0219 18.2079
    endloop
  endfacet
  facet normal 1 0 0
    outer loop
      vertex 79 26.0865 18.4067
      vertex 79 -2 23.5
      vertex 79 26.0489 18.309
    endloop
  endfacet
  facet normal 1 0 0
    outer loop
      vertex 79 26.134 18.5
      vertex 79 -2 23.5
      vertex 79 26.0865 18.4067
    endloop
  endfacet
  facet normal 1 0 0
    outer loop
      vertex 79 26.191 18.5878
      vertex 79 -2 23.5
      vertex 79 26.134 18.5
    endloop
  endfacet
  facet normal 1 0 0
    outer loop
      vertex 79 26.2569 18.6691
      vertex 79 -2 23.5
      vertex 79 26.191 18.5878
    endloop
  endfacet
  facet normal 1 0 0
    outer loop
      vertex 79 26.3309 18.7431
      vertex 79 -2 23.5
      vertex 79 26.2569 18.6691
    endloop
  endfacet
  facet normal 1 0 0
    outer loop
      vertex 79 26.4122 18.809
      vertex 79 -2 23.5
      vertex 79 26.3309 18.7431
    endloop
  endfacet
  facet normal 1 0 0
    outer loop
      vertex 79 26.5 18.866
      vertex 79 -2 23.5
      vertex 79 26.4122 18.809
    endloop
  endfacet
  facet normal 1 0 0
    outer loop
      vertex 79 26.5933 18.9135
      vertex 79 -2 23.5
      vertex 79 26.5 18.866
    endloop
  endfacet
  facet normal 1 0 0
    outer loop
      vertex 79 26.691 18.9511
      vertex 79 -2 23.5
      vertex 79 26.5933 18.9135
    endloop
  endfacet
  facet normal 1 0 0
    outer loop
      vertex 79 26.7921 18.9781
      vertex 79 -2 23.5
      vertex 79 26.691 18.9511
    endloop
  endfacet
  facet normal 1 0 0
    outer loop
      vertex 79 26.8955 18.9945
      vertex 79 -2 23.5
      vertex 79 26.7921 18.9781
    endloop
  endfacet
  facet normal 1 0 0
    outer loop
      vertex 79 27 19
      vertex 79 -2 23.5
      vertex 79 26.8955 18.9945
    endloop
  endfacet
  facet normal 1 0 0
    outer loop
      vertex 79 27.9781 17.7921
      vertex 79 56 23.5
      vertex 79 27.9945 17.8955
    endloop
  endfacet
  facet normal 1 0 0
    outer loop
      vertex 79 27.9511 17.691
      vertex 79 56 23.5
      vertex 79 27.9781 17.7921
    endloop
  endfacet
  facet normal 1 0 0
    outer loop
      vertex 79 27.9135 17.5933
      vertex 79 56 23.5
      vertex 79 27.9511 17.691
    endloop
  endfacet
  facet normal 1 0 0
    outer loop
      vertex 79 56 23.5
      vertex 79 27.9135 17.5933
      vertex 79 56 -1.5
    endloop
  endfacet
  facet normal 1 -0 0
    outer loop
      vertex 79 27.866 17.5
      vertex 79 56 -1.5
      vertex 79 27.9135 17.5933
    endloop
  endfacet
  facet normal 1 -0 0
    outer loop
      vertex 79 27.809 17.4122
      vertex 79 56 -1.5
      vertex 79 27.866 17.5
    endloop
  endfacet
  facet normal 1 -0 0
    outer loop
      vertex 79 27.7431 17.3309
      vertex 79 56 -1.5
      vertex 79 27.809 17.4122
    endloop
  endfacet
  facet normal 1 -0 0
    outer loop
      vertex 79 27.6691 17.2569
      vertex 79 56 -1.5
      vertex 79 27.7431 17.3309
    endloop
  endfacet
  facet normal 1 -0 0
    outer loop
      vertex 79 27.5878 17.191
      vertex 79 56 -1.5
      vertex 79 27.6691 17.2569
    endloop
  endfacet
  facet normal 1 -0 0
    outer loop
      vertex 79 27.5 17.134
      vertex 79 56 -1.5
      vertex 79 27.5878 17.191
    endloop
  endfacet
  facet normal 1 -0 0
    outer loop
      vertex 79 27.4067 17.0865
      vertex 79 56 -1.5
      vertex 79 27.5 17.134
    endloop
  endfacet
  facet normal 1 -0 0
    outer loop
      vertex 79 27.309 17.0489
      vertex 79 56 -1.5
      vertex 79 27.4067 17.0865
    endloop
  endfacet
  facet normal 1 -0 0
    outer loop
      vertex 79 27.2079 17.0219
      vertex 79 56 -1.5
      vertex 79 27.309 17.0489
    endloop
  endfacet
  facet normal 1 -0 0
    outer loop
      vertex 79 27.1045 17.0055
      vertex 79 56 -1.5
      vertex 79 27.2079 17.0219
    endloop
  endfacet
  facet normal 1 -0 0
    outer loop
      vertex 79 27 17
      vertex 79 56 -1.5
      vertex 79 27.1045 17.0055
    endloop
  endfacet
  facet normal 1 0 0
    outer loop
      vertex 79 -2 -1.5
      vertex 79 27 17
      vertex 79 26.8955 17.0055
    endloop
  endfacet
  facet normal 1 0 0
    outer loop
      vertex 79 -2 -1.5
      vertex 79 26.8955 17.0055
      vertex 79 26.7921 17.0219
    endloop
  endfacet
  facet normal 1 0 0
    outer loop
      vertex 79 -2 -1.5
      vertex 79 26.7921 17.0219
      vertex 79 26.691 17.0489
    endloop
  endfacet
  facet normal 1 0 0
    outer loop
      vertex 79 -2 -1.5
      vertex 79 26.691 17.0489
      vertex 79 26.5933 17.0865
    endloop
  endfacet
  facet normal 1 0 0
    outer loop
      vertex 79 -2 -1.5
      vertex 79 26.5933 17.0865
      vertex 79 26.5 17.134
    endloop
  endfacet
  facet normal 1 0 0
    outer loop
      vertex 79 -2 23.5
      vertex 79 26.0055 17.8955
      vertex 79 26 18
    endloop
  endfacet
  facet normal 1 0 0
    outer loop
      vertex 79 -2 23.5
      vertex 79 26.0219 17.7921
      vertex 79 26.0055 17.8955
    endloop
  endfacet
  facet normal 1 0 0
    outer loop
      vertex 79 -2 23.5
      vertex 79 26.0489 17.691
      vertex 79 26.0219 17.7921
    endloop
  endfacet
  facet normal 1 0 0
    outer loop
      vertex 79 -2 23.5
      vertex 79 26.0865 17.5933
      vertex 79 26.0489 17.691
    endloop
  endfacet
  facet normal 1 0 0
    outer loop
      vertex 79 -2 -1.5
      vertex 79 26.0865 17.5933
      vertex 79 -2 23.5
    endloop
  endfacet
  facet normal 1 0 0
    outer loop
      vertex 79 26.0865 17.5933
      vertex 79 -2 -1.5
      vertex 79 26.134 17.5
    endloop
  endfacet
  facet normal 1 0 0
    outer loop
      vertex 79 26.134 17.5
      vertex 79 -2 -1.5
      vertex 79 26.191 17.4122
    endloop
  endfacet
  facet normal 1 0 0
    outer loop
      vertex 79 26.191 17.4122
      vertex 79 -2 -1.5
      vertex 79 26.2569 17.3309
    endloop
  endfacet
  facet normal 1 0 0
    outer loop
      vertex 79 26.2569 17.3309
      vertex 79 -2 -1.5
      vertex 79 26.3309 17.2569
    endloop
  endfacet
  facet normal 1 0 0
    outer loop
      vertex 79 26.3309 17.2569
      vertex 79 -2 -1.5
      vertex 79 26.4122 17.191
    endloop
  endfacet
  facet normal 1 0 0
    outer loop
      vertex 79 26.4122 17.191
      vertex 79 -2 -1.5
      vertex 79 26.5 17.134
    endloop
  endfacet
  facet normal 1 0 0
    outer loop
      vertex 79 27 17
      vertex 79 -2 -1.5
      vertex 79 56 -1.5
    endloop
  endfacet
  facet normal -0 0 1
    outer loop
      vertex 75 56 23.5
      vertex 79 -2 23.5
      vertex 79 56 23.5
    endloop
  endfacet
  facet normal 0 0 1
    outer loop
      vertex 79 -2 23.5
      vertex 75 56 23.5
      vertex 75 -2 23.5
    endloop
  endfacet
  facet normal 0 0 -1
    outer loop
      vertex 75 -2 -1.5
      vertex 79 56 -1.5
      vertex 79 -2 -1.5
    endloop
  endfacet
  facet normal -0 0 -1
    outer loop
      vertex 79 56 -1.5
      vertex 75 -2 -1.5
      vertex 75 56 -1.5
    endloop
  endfacet
  facet normal 0 1 -0
    outer loop
      vertex 79 56 -1.5
      vertex 75 56 23.5
      vertex 79 56 23.5
    endloop
  endfacet
  facet normal 0 1 0
    outer loop
      vertex 75 56 23.5
      vertex 79 56 -1.5
      vertex 75 56 -1.5
    endloop
  endfacet
  facet normal 0 -1 0
    outer loop
      vertex 75 -2 -1.5
      vertex 79 -2 23.5
      vertex 75 -2 23.5
    endloop
  endfacet
  facet normal 0 -1 -0
    outer loop
      vertex 79 -2 23.5
      vertex 75 -2 -1.5
      vertex 79 -2 -1.5
    endloop
  endfacet
  facet normal 1 -0 0
    outer loop
      vertex 74 -1.4 9.5
      vertex 74 0 6.9
      vertex 74 0 9.5
    endloop
  endfacet
  facet normal 1 0 0
    outer loop
      vertex 74 0 6.9
      vertex 74 -1.4 9.5
      vertex 74 -1.4 6.9
    endloop
  endfacet
  facet normal -0 0 1
    outer loop
      vertex 4 0 9.5
      vertex 74 -1.4 9.5
      vertex 74 0 9.5
    endloop
  endfacet
  facet normal 0 0 1
    outer loop
      vertex 74 -1.4 9.5
      vertex 4 0 9.5
      vertex 4 -1.4 9.5
    endloop
  endfacet
  facet normal 0 0 -1
    outer loop
      vertex 4 -1.4 6.9
      vertex 74 0 6.9
      vertex 74 -1.4 6.9
    endloop
  endfacet
  facet normal -0 0 -1
    outer loop
      vertex 74 0 6.9
      vertex 4 -1.4 6.9
      vertex 4 0 6.9
    endloop
  endfacet
  facet normal -1 0 0
    outer loop
      vertex 4 -1.4 9.2
      vertex 4 0 9.5
      vertex 4 0 9.2
    endloop
  endfacet
  facet normal -1 -0 0
    outer loop
      vertex 4 0 9.5
      vertex 4 -1.4 9.2
      vertex 4 -1.4 9.5
    endloop
  endfacet
  facet normal -1 0 0
    outer loop
      vertex 4 -1.4 6.9
      vertex 4 0 7.2
      vertex 4 0 6.9
    endloop
  endfacet
  facet normal -1 -0 0
    outer loop
      vertex 4 0 7.2
      vertex 4 -1.4 6.9
      vertex 4 -1.4 7.2
    endloop
  endfacet
  facet normal 0 -1 0
    outer loop
      vertex 0 -1.4 9.2
      vertex 0 -1.4 7.2
      vertex 4 -1.4 9.2
    endloop
  endfacet
  facet normal 0 -1 0
    outer loop
      vertex 4 -1.4 9.2
      vertex 74 -1.4 9.5
      vertex 4 -1.4 9.5
    endloop
  endfacet
  facet normal 0 -1 0
    outer loop
      vertex 4 -1.4 7.2
      vertex 4 -1.4 9.2
      vertex 0 -1.4 7.2
    endloop
  endfacet
  facet normal 0 -1 0
    outer loop
      vertex 4 -1.4 9.2
      vertex 4 -1.4 7.2
      vertex 74 -1.4 9.5
    endloop
  endfacet
  facet normal 0 -1 0
    outer loop
      vertex 74 -1.4 6.9
      vertex 4 -1.4 7.2
      vertex 4 -1.4 6.9
    endloop
  endfacet
  facet normal 0 -1 0
    outer loop
      vertex 4 -1.4 7.2
      vertex 74 -1.4 6.9
      vertex 74 -1.4 9.5
    endloop
  endfacet
  facet normal -0 0 1
    outer loop
      vertex 0 0 9.2
      vertex 4 -1.4 9.2
      vertex 4 0 9.2
    endloop
  endfacet
  facet normal 0 0 1
    outer loop
      vertex 4 -1.4 9.2
      vertex 0 0 9.2
      vertex 0 -1.4 9.2
    endloop
  endfacet
  facet normal 0 0 -1
    outer loop
      vertex 0 -1.4 7.2
      vertex 4 0 7.2
      vertex 4 -1.4 7.2
    endloop
  endfacet
  facet normal -0 0 -1
    outer loop
      vertex 4 0 7.2
      vertex 0 -1.4 7.2
      vertex 0 0 7.2
    endloop
  endfacet
  facet normal 1 -0 0
    outer loop
      vertex 74 54 15.5
      vertex 74 55.4 12.9
      vertex 74 55.4 15.5
    endloop
  endfacet
  facet normal 1 0 0
    outer loop
      vertex 74 55.4 12.9
      vertex 74 54 15.5
      vertex 74 54 12.9
    endloop
  endfacet
  facet normal -0 0 1
    outer loop
      vertex 4 55.4 15.5
      vertex 74 54 15.5
      vertex 74 55.4 15.5
    endloop
  endfacet
  facet normal 0 0 1
    outer loop
      vertex 74 54 15.5
      vertex 4 55.4 15.5
      vertex 4 54 15.5
    endloop
  endfacet
  facet normal 0 0 -1
    outer loop
      vertex 4 54 12.9
      vertex 74 55.4 12.9
      vertex 74 54 12.9
    endloop
  endfacet
  facet normal -0 0 -1
    outer loop
      vertex 74 55.4 12.9
      vertex 4 54 12.9
      vertex 4 55.4 12.9
    endloop
  endfacet
  facet normal -1 0 0
    outer loop
      vertex 4 54 15.2
      vertex 4 55.4 15.5
      vertex 4 55.4 15.2
    endloop
  endfacet
  facet normal -1 -0 0
    outer loop
      vertex 4 55.4 15.5
      vertex 4 54 15.2
      vertex 4 54 15.5
    endloop
  endfacet
  facet normal -1 0 0
    outer loop
      vertex 4 54 12.9
      vertex 4 55.4 13.2
      vertex 4 55.4 12.9
    endloop
  endfacet
  facet normal -1 -0 0
    outer loop
      vertex 4 55.4 13.2
      vertex 4 54 12.9
      vertex 4 54 13.2
    endloop
  endfacet
  facet normal 0 1 0
    outer loop
      vertex 74 55.4 15.5
      vertex 4 55.4 15.2
      vertex 4 55.4 15.5
    endloop
  endfacet
  facet normal 0 1 0
    outer loop
      vertex 4 55.4 15.2
      vertex 4 55.4 13.2
      vertex 0 55.4 15.2
    endloop
  endfacet
  facet normal 0 1 0
    outer loop
      vertex 74 55.4 15.5
      vertex 4 55.4 13.2
      vertex 4 55.4 15.2
    endloop
  endfacet
  facet normal 0 1 -0
    outer loop
      vertex 74 55.4 12.9
      vertex 4 55.4 13.2
      vertex 74 55.4 15.5
    endloop
  endfacet
  facet normal 0 1 0
    outer loop
      vertex 4 55.4 13.2
      vertex 74 55.4 12.9
      vertex 4 55.4 12.9
    endloop
  endfacet
  facet normal 0 1 0
    outer loop
      vertex 0 55.4 15.2
      vertex 4 55.4 13.2
      vertex 0 55.4 13.2
    endloop
  endfacet
  facet normal -0 0 1
    outer loop
      vertex 0 55.4 15.2
      vertex 4 54 15.2
      vertex 4 55.4 15.2
    endloop
  endfacet
  facet normal 0 0 1
    outer loop
      vertex 4 54 15.2
      vertex 0 55.4 15.2
      vertex 0 54 15.2
    endloop
  endfacet
  facet normal 0 0 -1
    outer loop
      vertex 0 54 13.2
      vertex 4 55.4 13.2
      vertex 4 54 13.2
    endloop
  endfacet
  facet normal -0 0 -1
    outer loop
      vertex 4 55.4 13.2
      vertex 0 54 13.2
      vertex 0 55.4 13.2
    endloop
  endfacet
  facet normal 0 -0.25802 0.96614
    outer loop
      vertex 75 27.309 17.0489
      vertex 79 27.2079 17.0219
      vertex 79 27.309 17.0489
    endloop
  endfacet
  facet normal 0 -0.25802 0.96614
    outer loop
      vertex 79 27.2079 17.0219
      vertex 75 27.309 17.0489
      vertex 75 27.2079 17.0219
    endloop
  endfacet
  facet normal 0 0.707107 0.707107
    outer loop
      vertex 79 26.3309 17.2569
      vertex 75 26.2569 17.3309
      vertex 79 26.2569 17.3309
    endloop
  endfacet
  facet normal 0 0.707107 0.707107
    outer loop
      vertex 75 26.2569 17.3309
      vertex 79 26.3309 17.2569
      vertex 75 26.3309 17.2569
    endloop
  endfacet
  facet normal 0 -0.453697 -0.891156
    outer loop
      vertex 75 27.4067 18.9135
      vertex 79 27.5 18.866
      vertex 79 27.4067 18.9135
    endloop
  endfacet
  facet normal -0 -0.453697 -0.891156
    outer loop
      vertex 79 27.5 18.866
      vertex 75 27.4067 18.9135
      vertex 75 27.5 18.866
    endloop
  endfacet
  facet normal 0 0.987654 0.156649
    outer loop
      vertex 79 26.0219 17.7921
      vertex 75 26.0055 17.8955
      vertex 79 26.0055 17.8955
    endloop
  endfacet
  facet normal 0 0.987654 0.156649
    outer loop
      vertex 75 26.0055 17.8955
      vertex 79 26.0219 17.7921
      vertex 75 26.0219 17.7921
    endloop
  endfacet
  facet normal 0 0.998618 0.0525588
    outer loop
      vertex 79 26.0055 17.8955
      vertex 75 26 18
      vertex 79 26 18
    endloop
  endfacet
  facet normal 0 0.998618 0.0525588
    outer loop
      vertex 75 26 18
      vertex 79 26.0055 17.8955
      vertex 75 26.0055 17.8955
    endloop
  endfacet
  facet normal 0 -0.453697 0.891156
    outer loop
      vertex 75 27.5 17.134
      vertex 79 27.4067 17.0865
      vertex 79 27.5 17.134
    endloop
  endfacet
  facet normal 0 -0.453697 0.891156
    outer loop
      vertex 79 27.4067 17.0865
      vertex 75 27.5 17.134
      vertex 75 27.4067 17.0865
    endloop
  endfacet
  facet normal 0 -0.0525588 0.998618
    outer loop
      vertex 75 27.1045 17.0055
      vertex 79 27 17
      vertex 79 27.1045 17.0055
    endloop
  endfacet
  facet normal 0 -0.0525588 0.998618
    outer loop
      vertex 79 27 17
      vertex 75 27.1045 17.0055
      vertex 75 27 17
    endloop
  endfacet
  facet normal 0 0.96614 0.25802
    outer loop
      vertex 79 26.0489 17.691
      vertex 75 26.0219 17.7921
      vertex 79 26.0219 17.7921
    endloop
  endfacet
  facet normal 0 0.96614 0.25802
    outer loop
      vertex 75 26.0219 17.7921
      vertex 79 26.0489 17.691
      vertex 75 26.0489 17.691
    endloop
  endfacet
  facet normal -0 0.25802 0.96614
    outer loop
      vertex 75 26.7921 17.0219
      vertex 79 26.691 17.0489
      vertex 79 26.7921 17.0219
    endloop
  endfacet
  facet normal 0 0.25802 0.96614
    outer loop
      vertex 79 26.691 17.0489
      vertex 75 26.7921 17.0219
      vertex 75 26.691 17.0489
    endloop
  endfacet
  facet normal 0 -0.933272 -0.359171
    outer loop
      vertex 75 27.9511 18.309
      vertex 79 27.9135 18.4067
      vertex 75 27.9135 18.4067
    endloop
  endfacet
  facet normal 0 -0.933272 -0.359171
    outer loop
      vertex 79 27.9135 18.4067
      vertex 75 27.9511 18.309
      vertex 79 27.9511 18.309
    endloop
  endfacet
  facet normal 0 0.776844 0.629693
    outer loop
      vertex 79 26.2569 17.3309
      vertex 75 26.191 17.4122
      vertex 79 26.191 17.4122
    endloop
  endfacet
  facet normal 0 0.776844 0.629693
    outer loop
      vertex 75 26.191 17.4122
      vertex 79 26.2569 17.3309
      vertex 75 26.2569 17.3309
    endloop
  endfacet
  facet normal 0 0.838749 0.544518
    outer loop
      vertex 79 26.191 17.4122
      vertex 75 26.134 17.5
      vertex 79 26.134 17.5
    endloop
  endfacet
  facet normal 0 0.838749 0.544518
    outer loop
      vertex 75 26.134 17.5
      vertex 79 26.191 17.4122
      vertex 75 26.191 17.4122
    endloop
  endfacet
  facet normal 0 0.544518 -0.838749
    outer loop
      vertex 75 26.4122 18.809
      vertex 79 26.5 18.866
      vertex 79 26.4122 18.809
    endloop
  endfacet
  facet normal 0 0.544518 -0.838749
    outer loop
      vertex 79 26.5 18.866
      vertex 75 26.4122 18.809
      vertex 75 26.5 18.866
    endloop
  endfacet
  facet normal -0 0.544518 0.838749
    outer loop
      vertex 75 26.5 17.134
      vertex 79 26.4122 17.191
      vertex 79 26.5 17.134
    endloop
  endfacet
  facet normal 0 0.544518 0.838749
    outer loop
      vertex 79 26.4122 17.191
      vertex 75 26.5 17.134
      vertex 75 26.4122 17.191
    endloop
  endfacet
  facet normal 0 -0.629693 -0.776844
    outer loop
      vertex 75 27.5878 18.809
      vertex 79 27.6691 18.7431
      vertex 79 27.5878 18.809
    endloop
  endfacet
  facet normal -0 -0.629693 -0.776844
    outer loop
      vertex 79 27.6691 18.7431
      vertex 75 27.5878 18.809
      vertex 75 27.6691 18.7431
    endloop
  endfacet
  facet normal 0 -0.629693 0.776844
    outer loop
      vertex 75 27.6691 17.2569
      vertex 79 27.5878 17.191
      vertex 79 27.6691 17.2569
    endloop
  endfacet
  facet normal 0 -0.629693 0.776844
    outer loop
      vertex 79 27.5878 17.191
      vertex 75 27.6691 17.2569
      vertex 75 27.5878 17.191
    endloop
  endfacet
  facet normal 0 -0.359171 0.933272
    outer loop
      vertex 75 27.4067 17.0865
      vertex 79 27.309 17.0489
      vertex 79 27.4067 17.0865
    endloop
  endfacet
  facet normal 0 -0.359171 0.933272
    outer loop
      vertex 79 27.309 17.0489
      vertex 75 27.4067 17.0865
      vertex 75 27.309 17.0489
    endloop
  endfacet
  facet normal 0 0.25802 -0.96614
    outer loop
      vertex 75 26.691 18.9511
      vertex 79 26.7921 18.9781
      vertex 79 26.691 18.9511
    endloop
  endfacet
  facet normal 0 0.25802 -0.96614
    outer loop
      vertex 79 26.7921 18.9781
      vertex 75 26.691 18.9511
      vertex 75 26.7921 18.9781
    endloop
  endfacet
  facet normal -0 0.629693 0.776844
    outer loop
      vertex 75 26.4122 17.191
      vertex 79 26.3309 17.2569
      vertex 79 26.4122 17.191
    endloop
  endfacet
  facet normal 0 0.629693 0.776844
    outer loop
      vertex 79 26.3309 17.2569
      vertex 75 26.4122 17.191
      vertex 75 26.3309 17.2569
    endloop
  endfacet
  facet normal 0 -0.544518 -0.838749
    outer loop
      vertex 75 27.5 18.866
      vertex 79 27.5878 18.809
      vertex 79 27.5 18.866
    endloop
  endfacet
  facet normal -0 -0.544518 -0.838749
    outer loop
      vertex 79 27.5878 18.809
      vertex 75 27.5 18.866
      vertex 75 27.5878 18.809
    endloop
  endfacet
  facet normal 0 -0.544518 0.838749
    outer loop
      vertex 75 27.5878 17.191
      vertex 79 27.5 17.134
      vertex 79 27.5878 17.191
    endloop
  endfacet
  facet normal 0 -0.544518 0.838749
    outer loop
      vertex 79 27.5 17.134
      vertex 75 27.5878 17.191
      vertex 75 27.5 17.134
    endloop
  endfacet
  facet normal 0 0.891156 0.453697
    outer loop
      vertex 79 26.134 17.5
      vertex 75 26.0865 17.5933
      vertex 79 26.0865 17.5933
    endloop
  endfacet
  facet normal 0 0.891156 0.453697
    outer loop
      vertex 75 26.0865 17.5933
      vertex 79 26.134 17.5
      vertex 75 26.134 17.5
    endloop
  endfacet
  facet normal -0 0.156649 0.987654
    outer loop
      vertex 75 26.8955 17.0055
      vertex 79 26.7921 17.0219
      vertex 79 26.8955 17.0055
    endloop
  endfacet
  facet normal 0 0.156649 0.987654
    outer loop
      vertex 79 26.7921 17.0219
      vertex 75 26.8955 17.0055
      vertex 75 26.7921 17.0219
    endloop
  endfacet
  facet normal 0 -0.891156 0.453697
    outer loop
      vertex 75 27.866 17.5
      vertex 79 27.9135 17.5933
      vertex 75 27.9135 17.5933
    endloop
  endfacet
  facet normal 0 -0.891156 0.453697
    outer loop
      vertex 79 27.9135 17.5933
      vertex 75 27.866 17.5
      vertex 79 27.866 17.5
    endloop
  endfacet
  facet normal 0 0.0525588 -0.998618
    outer loop
      vertex 75 26.8955 18.9945
      vertex 79 27 19
      vertex 79 26.8955 18.9945
    endloop
  endfacet
  facet normal 0 0.0525588 -0.998618
    outer loop
      vertex 79 27 19
      vertex 75 26.8955 18.9945
      vertex 75 27 19
    endloop
  endfacet
  facet normal 0 -0.707107 -0.707107
    outer loop
      vertex 75 27.7431 18.6691
      vertex 79 27.6691 18.7431
      vertex 75 27.6691 18.7431
    endloop
  endfacet
  facet normal 0 -0.707107 -0.707107
    outer loop
      vertex 79 27.6691 18.7431
      vertex 75 27.7431 18.6691
      vertex 79 27.7431 18.6691
    endloop
  endfacet
  facet normal 0 -0.707107 0.707107
    outer loop
      vertex 75 27.7431 17.3309
      vertex 79 27.6691 17.2569
      vertex 79 27.7431 17.3309
    endloop
  endfacet
  facet normal 0 -0.707107 0.707107
    outer loop
      vertex 79 27.6691 17.2569
      vertex 75 27.7431 17.3309
      vertex 75 27.6691 17.2569
    endloop
  endfacet
  facet normal 0 -0.987654 -0.156649
    outer loop
      vertex 75 27.9945 18.1045
      vertex 79 27.9781 18.2079
      vertex 75 27.9781 18.2079
    endloop
  endfacet
  facet normal 0 -0.987654 -0.156649
    outer loop
      vertex 79 27.9781 18.2079
      vertex 75 27.9945 18.1045
      vertex 79 27.9945 18.1045
    endloop
  endfacet
  facet normal 0 -0.96614 0.25802
    outer loop
      vertex 75 27.9511 17.691
      vertex 79 27.9781 17.7921
      vertex 75 27.9781 17.7921
    endloop
  endfacet
  facet normal 0 -0.96614 0.25802
    outer loop
      vertex 79 27.9781 17.7921
      vertex 75 27.9511 17.691
      vertex 79 27.9511 17.691
    endloop
  endfacet
  facet normal 0 -0.156649 0.987654
    outer loop
      vertex 75 27.2079 17.0219
      vertex 79 27.1045 17.0055
      vertex 79 27.2079 17.0219
    endloop
  endfacet
  facet normal 0 -0.156649 0.987654
    outer loop
      vertex 79 27.1045 17.0055
      vertex 75 27.2079 17.0219
      vertex 75 27.1045 17.0055
    endloop
  endfacet
  facet normal 0 -0.838749 0.544518
    outer loop
      vertex 75 27.809 17.4122
      vertex 79 27.866 17.5
      vertex 75 27.866 17.5
    endloop
  endfacet
  facet normal 0 -0.838749 0.544518
    outer loop
      vertex 79 27.866 17.5
      vertex 75 27.809 17.4122
      vertex 79 27.809 17.4122
    endloop
  endfacet
  facet normal 0 -0.96614 -0.25802
    outer loop
      vertex 75 27.9781 18.2079
      vertex 79 27.9511 18.309
      vertex 75 27.9511 18.309
    endloop
  endfacet
  facet normal 0 -0.96614 -0.25802
    outer loop
      vertex 79 27.9511 18.309
      vertex 75 27.9781 18.2079
      vertex 79 27.9781 18.2079
    endloop
  endfacet
  facet normal 0 -0.998618 -0.0525588
    outer loop
      vertex 75 28 18
      vertex 79 27.9945 18.1045
      vertex 75 27.9945 18.1045
    endloop
  endfacet
  facet normal 0 -0.998618 -0.0525588
    outer loop
      vertex 79 27.9945 18.1045
      vertex 75 28 18
      vertex 79 28 18
    endloop
  endfacet
  facet normal -0 0.0525588 0.998618
    outer loop
      vertex 75 27 17
      vertex 79 26.8955 17.0055
      vertex 79 27 17
    endloop
  endfacet
  facet normal 0 0.0525588 0.998618
    outer loop
      vertex 79 26.8955 17.0055
      vertex 75 27 17
      vertex 75 26.8955 17.0055
    endloop
  endfacet
  facet normal 0 0.933272 0.359171
    outer loop
      vertex 79 26.0865 17.5933
      vertex 75 26.0489 17.691
      vertex 79 26.0489 17.691
    endloop
  endfacet
  facet normal 0 0.933272 0.359171
    outer loop
      vertex 75 26.0489 17.691
      vertex 79 26.0865 17.5933
      vertex 75 26.0865 17.5933
    endloop
  endfacet
  facet normal 0 -0.776844 -0.629693
    outer loop
      vertex 75 27.809 18.5878
      vertex 79 27.7431 18.6691
      vertex 75 27.7431 18.6691
    endloop
  endfacet
  facet normal 0 -0.776844 -0.629693
    outer loop
      vertex 79 27.7431 18.6691
      vertex 75 27.809 18.5878
      vertex 79 27.809 18.5878
    endloop
  endfacet
  facet normal 0 0.453697 -0.891156
    outer loop
      vertex 75 26.5 18.866
      vertex 79 26.5933 18.9135
      vertex 79 26.5 18.866
    endloop
  endfacet
  facet normal 0 0.453697 -0.891156
    outer loop
      vertex 79 26.5933 18.9135
      vertex 75 26.5 18.866
      vertex 75 26.5933 18.9135
    endloop
  endfacet
  facet normal 0 -0.987654 0.156649
    outer loop
      vertex 75 27.9781 17.7921
      vertex 79 27.9945 17.8955
      vertex 75 27.9945 17.8955
    endloop
  endfacet
  facet normal 0 -0.987654 0.156649
    outer loop
      vertex 79 27.9945 17.8955
      vertex 75 27.9781 17.7921
      vertex 79 27.9781 17.7921
    endloop
  endfacet
  facet normal 0 -0.776844 0.629693
    outer loop
      vertex 75 27.7431 17.3309
      vertex 79 27.809 17.4122
      vertex 75 27.809 17.4122
    endloop
  endfacet
  facet normal 0 -0.776844 0.629693
    outer loop
      vertex 79 27.809 17.4122
      vertex 75 27.7431 17.3309
      vertex 79 27.7431 17.3309
    endloop
  endfacet
  facet normal 0 -0.838749 -0.544518
    outer loop
      vertex 75 27.866 18.5
      vertex 79 27.809 18.5878
      vertex 75 27.809 18.5878
    endloop
  endfacet
  facet normal 0 -0.838749 -0.544518
    outer loop
      vertex 79 27.809 18.5878
      vertex 75 27.866 18.5
      vertex 79 27.866 18.5
    endloop
  endfacet
  facet normal 0 0.707107 -0.707107
    outer loop
      vertex 79 26.2569 18.6691
      vertex 75 26.3309 18.7431
      vertex 79 26.3309 18.7431
    endloop
  endfacet
  facet normal 0 0.707107 -0.707107
    outer loop
      vertex 75 26.3309 18.7431
      vertex 79 26.2569 18.6691
      vertex 75 26.2569 18.6691
    endloop
  endfacet
  facet normal 0 -0.359171 -0.933272
    outer loop
      vertex 75 27.309 18.9511
      vertex 79 27.4067 18.9135
      vertex 79 27.309 18.9511
    endloop
  endfacet
  facet normal -0 -0.359171 -0.933272
    outer loop
      vertex 79 27.4067 18.9135
      vertex 75 27.309 18.9511
      vertex 75 27.4067 18.9135
    endloop
  endfacet
  facet normal 0 0.987654 -0.156649
    outer loop
      vertex 79 26.0055 18.1045
      vertex 75 26.0219 18.2079
      vertex 79 26.0219 18.2079
    endloop
  endfacet
  facet normal 0 0.987654 -0.156649
    outer loop
      vertex 75 26.0219 18.2079
      vertex 79 26.0055 18.1045
      vertex 75 26.0055 18.1045
    endloop
  endfacet
  facet normal 0 -0.933272 0.359171
    outer loop
      vertex 75 27.9135 17.5933
      vertex 79 27.9511 17.691
      vertex 75 27.9511 17.691
    endloop
  endfacet
  facet normal 0 -0.933272 0.359171
    outer loop
      vertex 79 27.9511 17.691
      vertex 75 27.9135 17.5933
      vertex 79 27.9135 17.5933
    endloop
  endfacet
  facet normal -0 0.359171 0.933272
    outer loop
      vertex 75 26.691 17.0489
      vertex 79 26.5933 17.0865
      vertex 79 26.691 17.0489
    endloop
  endfacet
  facet normal 0 0.359171 0.933272
    outer loop
      vertex 79 26.5933 17.0865
      vertex 75 26.691 17.0489
      vertex 75 26.5933 17.0865
    endloop
  endfacet
  facet normal 0 0.96614 -0.25802
    outer loop
      vertex 79 26.0219 18.2079
      vertex 75 26.0489 18.309
      vertex 79 26.0489 18.309
    endloop
  endfacet
  facet normal 0 0.96614 -0.25802
    outer loop
      vertex 75 26.0489 18.309
      vertex 79 26.0219 18.2079
      vertex 75 26.0219 18.2079
    endloop
  endfacet
  facet normal 0 0.891156 -0.453697
    outer loop
      vertex 79 26.0865 18.4067
      vertex 75 26.134 18.5
      vertex 79 26.134 18.5
    endloop
  endfacet
  facet normal 0 0.891156 -0.453697
    outer loop
      vertex 75 26.134 18.5
      vertex 79 26.0865 18.4067
      vertex 75 26.0865 18.4067
    endloop
  endfacet
  facet normal 0 0.776844 -0.629693
    outer loop
      vertex 79 26.191 18.5878
      vertex 75 26.2569 18.6691
      vertex 79 26.2569 18.6691
    endloop
  endfacet
  facet normal 0 0.776844 -0.629693
    outer loop
      vertex 75 26.2569 18.6691
      vertex 79 26.191 18.5878
      vertex 75 26.191 18.5878
    endloop
  endfacet
  facet normal 0 0.629693 -0.776844
    outer loop
      vertex 75 26.3309 18.7431
      vertex 79 26.4122 18.809
      vertex 79 26.3309 18.7431
    endloop
  endfacet
  facet normal 0 0.629693 -0.776844
    outer loop
      vertex 79 26.4122 18.809
      vertex 75 26.3309 18.7431
      vertex 75 26.4122 18.809
    endloop
  endfacet
  facet normal 0 -0.156649 -0.987654
    outer loop
      vertex 75 27.1045 18.9945
      vertex 79 27.2079 18.9781
      vertex 79 27.1045 18.9945
    endloop
  endfacet
  facet normal -0 -0.156649 -0.987654
    outer loop
      vertex 79 27.2079 18.9781
      vertex 75 27.1045 18.9945
      vertex 75 27.2079 18.9781
    endloop
  endfacet
  facet normal -0 0.453697 0.891156
    outer loop
      vertex 75 26.5933 17.0865
      vertex 79 26.5 17.134
      vertex 79 26.5933 17.0865
    endloop
  endfacet
  facet normal 0 0.453697 0.891156
    outer loop
      vertex 79 26.5 17.134
      vertex 75 26.5933 17.0865
      vertex 75 26.5 17.134
    endloop
  endfacet
  facet normal 0 -0.891156 -0.453697
    outer loop
      vertex 75 27.9135 18.4067
      vertex 79 27.866 18.5
      vertex 75 27.866 18.5
    endloop
  endfacet
  facet normal 0 -0.891156 -0.453697
    outer loop
      vertex 79 27.866 18.5
      vertex 75 27.9135 18.4067
      vertex 79 27.9135 18.4067
    endloop
  endfacet
  facet normal 0 -0.25802 -0.96614
    outer loop
      vertex 75 27.2079 18.9781
      vertex 79 27.309 18.9511
      vertex 79 27.2079 18.9781
    endloop
  endfacet
  facet normal -0 -0.25802 -0.96614
    outer loop
      vertex 79 27.309 18.9511
      vertex 75 27.2079 18.9781
      vertex 75 27.309 18.9511
    endloop
  endfacet
  facet normal 0 -0.998618 0.0525588
    outer loop
      vertex 75 27.9945 17.8955
      vertex 79 28 18
      vertex 75 28 18
    endloop
  endfacet
  facet normal 0 -0.998618 0.0525588
    outer loop
      vertex 79 28 18
      vertex 75 27.9945 17.8955
      vertex 79 27.9945 17.8955
    endloop
  endfacet
  facet normal 0 0.359171 -0.933272
    outer loop
      vertex 75 26.5933 18.9135
      vertex 79 26.691 18.9511
      vertex 79 26.5933 18.9135
    endloop
  endfacet
  facet normal 0 0.359171 -0.933272
    outer loop
      vertex 79 26.691 18.9511
      vertex 75 26.5933 18.9135
      vertex 75 26.691 18.9511
    endloop
  endfacet
  facet normal 0 0.838749 -0.544518
    outer loop
      vertex 79 26.134 18.5
      vertex 75 26.191 18.5878
      vertex 79 26.191 18.5878
    endloop
  endfacet
  facet normal 0 0.838749 -0.544518
    outer loop
      vertex 75 26.191 18.5878
      vertex 79 26.134 18.5
      vertex 75 26.134 18.5
    endloop
  endfacet
  facet normal 0 0.156649 -0.987654
    outer loop
      vertex 75 26.7921 18.9781
      vertex 79 26.8955 18.9945
      vertex 79 26.7921 18.9781
    endloop
  endfacet
  facet normal 0 0.156649 -0.987654
    outer loop
      vertex 79 26.8955 18.9945
      vertex 75 26.7921 18.9781
      vertex 75 26.8955 18.9945
    endloop
  endfacet
  facet normal 0 -0.0525588 -0.998618
    outer loop
      vertex 75 27 19
      vertex 79 27.1045 18.9945
      vertex 79 27 19
    endloop
  endfacet
  facet normal -0 -0.0525588 -0.998618
    outer loop
      vertex 79 27.1045 18.9945
      vertex 75 27 19
      vertex 75 27.1045 18.9945
    endloop
  endfacet
  facet normal 0 0.998618 -0.0525588
    outer loop
      vertex 79 26 18
      vertex 75 26.0055 18.1045
      vertex 79 26.0055 18.1045
    endloop
  endfacet
  facet normal 0 0.998618 -0.0525588
    outer loop
      vertex 75 26.0055 18.1045
      vertex 79 26 18
      vertex 75 26 18
    endloop
  endfacet
  facet normal 0 0.933272 -0.359171
    outer loop
      vertex 79 26.0489 18.309
      vertex 75 26.0865 18.4067
      vertex 79 26.0865 18.4067
    endloop
  endfacet
  facet normal 0 0.933272 -0.359171
    outer loop
      vertex 75 26.0865 18.4067
      vertex 79 26.0489 18.309
      vertex 75 26.0489 18.309
    endloop
  endfacet
  facet normal -1 0 0
    outer loop
      vertex 32 10 0
      vertex 32 12.5 2.5
      vertex 32 12.5 0
    endloop
  endfacet
  facet normal -1 -0 0
    outer loop
      vertex 32 12.5 2.5
      vertex 32 10 0
      vertex 32 10 2.5
    endloop
  endfacet
  facet normal 1 -0 0
    outer loop
      vertex 18 10 2.5
      vertex 18 12.5 0
      vertex 18 12.5 2.5
    endloop
  endfacet
  facet normal 1 0 0
    outer loop
      vertex 18 12.5 0
      vertex 18 10 2.5
      vertex 18 10 0
    endloop
  endfacet
  facet normal 0 -1 0
    outer loop
      vertex 18 12.5 0
      vertex 32 12.5 2.5
      vertex 18 12.5 2.5
    endloop
  endfacet
  facet normal 0 -1 -0
    outer loop
      vertex 32 12.5 2.5
      vertex 18 12.5 0
      vertex 32 12.5 0
    endloop
  endfacet
  facet normal 0 1 -0
    outer loop
      vertex 32 10 0
      vertex 18 10 2.5
      vertex 32 10 2.5
    endloop
  endfacet
  facet normal 0 1 0
    outer loop
      vertex 18 10 2.5
      vertex 32 10 0
      vertex 18 10 0
    endloop
  endfacet
  facet normal -1 0 0
    outer loop
      vertex 32 41.5 0
      vertex 32 44 2.5
      vertex 32 44 0
    endloop
  endfacet
  facet normal -1 -0 0
    outer loop
      vertex 32 44 2.5
      vertex 32 41.5 0
      vertex 32 41.5 2.5
    endloop
  endfacet
  facet normal 1 -0 0
    outer loop
      vertex 18 41.5 2.5
      vertex 18 44 0
      vertex 18 44 2.5
    endloop
  endfacet
  facet normal 1 0 0
    outer loop
      vertex 18 44 0
      vertex 18 41.5 2.5
      vertex 18 41.5 0
    endloop
  endfacet
  facet normal 0 -1 0
    outer loop
      vertex 18 44 0
      vertex 32 44 2.5
      vertex 18 44 2.5
    endloop
  endfacet
  facet normal 0 -1 -0
    outer loop
      vertex 32 44 2.5
      vertex 18 44 0
      vertex 32 44 0
    endloop
  endfacet
  facet normal 0 1 -0
    outer loop
      vertex 32 41.5 0
      vertex 18 41.5 2.5
      vertex 32 41.5 2.5
    endloop
  endfacet
  facet normal 0 1 0
    outer loop
      vertex 18 41.5 2.5
      vertex 32 41.5 0
      vertex 18 41.5 0
    endloop
  endfacet
  facet normal -1 0 0
    outer loop
      vertex 58 10 0
      vertex 58 12.5 2.5
      vertex 58 12.5 0
    endloop
  endfacet
  facet normal -1 -0 0
    outer loop
      vertex 58 12.5 2.5
      vertex 58 10 0
      vertex 58 10 2.5
    endloop
  endfacet
  facet normal 1 -0 0
    outer loop
      vertex 44 10 2.5
      vertex 44 12.5 0
      vertex 44 12.5 2.5
    endloop
  endfacet
  facet normal 1 0 0
    outer loop
      vertex 44 12.5 0
      vertex 44 10 2.5
      vertex 44 10 0
    endloop
  endfacet
  facet normal 0 -1 0
    outer loop
      vertex 44 12.5 0
      vertex 58 12.5 2.5
      vertex 44 12.5 2.5
    endloop
  endfacet
  facet normal 0 -1 -0
    outer loop
      vertex 58 12.5 2.5
      vertex 44 12.5 0
      vertex 58 12.5 0
    endloop
  endfacet
  facet normal 0 1 -0
    outer loop
      vertex 58 10 0
      vertex 44 10 2.5
      vertex 58 10 2.5
    endloop
  endfacet
  facet normal 0 1 0
    outer loop
      vertex 44 10 2.5
      vertex 58 10 0
      vertex 44 10 0
    endloop
  endfacet
  facet normal -1 0 0
    outer loop
      vertex 58 41.5 0
      vertex 58 44 2.5
      vertex 58 44 0
    endloop
  endfacet
  facet normal -1 -0 0
    outer loop
      vertex 58 44 2.5
      vertex 58 41.5 0
      vertex 58 41.5 2.5
    endloop
  endfacet
  facet normal 1 -0 0
    outer loop
      vertex 44 41.5 2.5
      vertex 44 44 0
      vertex 44 44 2.5
    endloop
  endfacet
  facet normal 1 0 0
    outer loop
      vertex 44 44 0
      vertex 44 41.5 2.5
      vertex 44 41.5 0
    endloop
  endfacet
  facet normal 0 -1 0
    outer loop
      vertex 44 44 0
      vertex 58 44 2.5
      vertex 44 44 2.5
    endloop
  endfacet
  facet normal 0 -1 -0
    outer loop
      vertex 58 44 2.5
      vertex 44 44 0
      vertex 58 44 0
    endloop
  endfacet
  facet normal 0 1 -0
    outer loop
      vertex 58 41.5 0
      vertex 44 41.5 2.5
      vertex 58 41.5 2.5
    endloop
  endfacet
  facet normal 0 1 0
    outer loop
      vertex 44 41.5 2.5
      vertex 58 41.5 0
      vertex 44 41.5 0
    endloop
  endfacet
  facet normal 0 0 1
    outer loop
      vertex 75 54 23
      vertex 73 51.5 23
      vertex 75 0 23
    endloop
  endfacet
  facet normal -0 0 1
    outer loop
      vertex 0 54 23
      vertex 73 51.5 23
      vertex 75 54 23
    endloop
  endfacet
  facet normal 0 0 1
    outer loop
      vertex 73 51.5 23
      vertex 0 54 23
      vertex 0 51.5 23
    endloop
  endfacet
  facet normal -0 0 1
    outer loop
      vertex 73 2.5 23
      vertex 75 0 23
      vertex 73 51.5 23
    endloop
  endfacet
  facet normal 0 0 1
    outer loop
      vertex 0 0 23
      vertex 73 2.5 23
      vertex 0 2.5 23
    endloop
  endfacet
  facet normal 0 0 1
    outer loop
      vertex 73 2.5 23
      vertex 0 0 23
      vertex 75 0 23
    endloop
  endfacet
  facet normal 0 0 -1
    outer loop
      vertex 73 2.5 21.5
      vertex 75 51.5 21.5
      vertex 75 2.5 21.5
    endloop
  endfacet
  facet normal -0 0 -1
    outer loop
      vertex 75 51.5 21.5
      vertex 73 2.5 21.5
      vertex 73 51.5 21.5
    endloop
  endfacet
  facet normal 0.777157 -0.629307 0
    outer loop
      vertex 8.35786 5.32717 5.5
      vertex 8.52254 5.53054 2.5
      vertex 8.52254 5.53054 5.5
    endloop
  endfacet
  facet normal 0.777157 -0.629307 0
    outer loop
      vertex 8.52254 5.53054 2.5
      vertex 8.35786 5.32717 5.5
      vertex 8.35786 5.32717 2.5
    endloop
  endfacet
  facet normal -0.629307 0.777157 0
    outer loop
      vertex 5.03054 9.02254 2.5
      vertex 4.82717 8.85786 5.5
      vertex 5.03054 9.02254 5.5
    endloop
  endfacet
  facet normal -0.629307 0.777157 0
    outer loop
      vertex 4.82717 8.85786 5.5
      vertex 5.03054 9.02254 2.5
      vertex 4.82717 8.85786 2.5
    endloop
  endfacet
  facet normal 0.965923 -0.25883 0
    outer loop
      vertex 8.87764 6.22746 5.5
      vertex 8.94537 6.48022 2.5
      vertex 8.94537 6.48022 5.5
    endloop
  endfacet
  facet normal 0.965923 -0.25883 0
    outer loop
      vertex 8.94537 6.48022 2.5
      vertex 8.87764 6.22746 5.5
      vertex 8.87764 6.22746 2.5
    endloop
  endfacet
  facet normal -0.777157 -0.629307 0
    outer loop
      vertex 4.64214 5.32717 2.5
      vertex 4.47746 5.53054 5.5
      vertex 4.47746 5.53054 2.5
    endloop
  endfacet
  facet normal -0.777157 -0.629307 0
    outer loop
      vertex 4.47746 5.53054 5.5
      vertex 4.64214 5.32717 2.5
      vertex 4.64214 5.32717 5.5
    endloop
  endfacet
  facet normal -0.0523542 0.998629 0
    outer loop
      vertex 6.5 9.5 2.5
      vertex 6.23868 9.4863 5.5
      vertex 6.5 9.5 5.5
    endloop
  endfacet
  facet normal -0.0523542 0.998629 0
    outer loop
      vertex 6.23868 9.4863 5.5
      vertex 6.5 9.5 2.5
      vertex 6.23868 9.4863 2.5
    endloop
  endfacet
  facet normal 0.707107 0.707107 0
    outer loop
      vertex 8.35786 8.67283 5.5
      vertex 8.17283 8.85786 2.5
      vertex 8.17283 8.85786 5.5
    endloop
  endfacet
  facet normal 0.707107 0.707107 0
    outer loop
      vertex 8.17283 8.85786 2.5
      vertex 8.35786 8.67283 5.5
      vertex 8.35786 8.67283 2.5
    endloop
  endfacet
  facet normal -0.965923 0.25883 0
    outer loop
      vertex 4.05463 7.51978 2.5
      vertex 4.12236 7.77254 5.5
      vertex 4.12236 7.77254 2.5
    endloop
  endfacet
  facet normal -0.965923 0.25883 0
    outer loop
      vertex 4.12236 7.77254 5.5
      vertex 4.05463 7.51978 2.5
      vertex 4.05463 7.51978 5.5
    endloop
  endfacet
  facet normal 0.156412 0.987692 -0
    outer loop
      vertex 7.01978 9.44537 2.5
      vertex 6.76132 9.4863 5.5
      vertex 7.01978 9.44537 5.5
    endloop
  endfacet
  facet normal 0.156412 0.987692 0
    outer loop
      vertex 6.76132 9.4863 5.5
      vertex 7.01978 9.44537 2.5
      vertex 6.76132 9.4863 2.5
    endloop
  endfacet
  facet normal 0.987692 0.156412 0
    outer loop
      vertex 8.9863 7.26132 5.5
      vertex 8.94537 7.51978 2.5
      vertex 8.94537 7.51978 5.5
    endloop
  endfacet
  facet normal 0.987692 0.156412 0
    outer loop
      vertex 8.94537 7.51978 2.5
      vertex 8.9863 7.26132 5.5
      vertex 8.9863 7.26132 2.5
    endloop
  endfacet
  facet normal 0.891008 0.453988 0
    outer loop
      vertex 8.78386 8.01684 5.5
      vertex 8.66506 8.25 2.5
      vertex 8.66506 8.25 5.5
    endloop
  endfacet
  facet normal 0.891008 0.453988 0
    outer loop
      vertex 8.66506 8.25 2.5
      vertex 8.78386 8.01684 5.5
      vertex 8.78386 8.01684 2.5
    endloop
  endfacet
  facet normal 0.965923 0.25883 0
    outer loop
      vertex 8.94537 7.51978 5.5
      vertex 8.87764 7.77254 2.5
      vertex 8.87764 7.77254 5.5
    endloop
  endfacet
  facet normal 0.965923 0.25883 0
    outer loop
      vertex 8.87764 7.77254 2.5
      vertex 8.94537 7.51978 5.5
      vertex 8.94537 7.51978 2.5
    endloop
  endfacet
  facet normal 0.998629 0.0523542 0
    outer loop
      vertex 9 7 5.5
      vertex 8.9863 7.26132 2.5
      vertex 8.9863 7.26132 5.5
    endloop
  endfacet
  facet normal 0.998629 0.0523542 0
    outer loop
      vertex 8.9863 7.26132 2.5
      vertex 9 7 5.5
      vertex 9 7 2.5
    endloop
  endfacet
  facet normal 0.933578 -0.358375 0
    outer loop
      vertex 8.78386 5.98316 5.5
      vertex 8.87764 6.22746 2.5
      vertex 8.87764 6.22746 5.5
    endloop
  endfacet
  facet normal 0.933578 -0.358375 0
    outer loop
      vertex 8.87764 6.22746 2.5
      vertex 8.78386 5.98316 5.5
      vertex 8.78386 5.98316 2.5
    endloop
  endfacet
  facet normal -0.838669 0.544642 0
    outer loop
      vertex 4.33494 8.25 2.5
      vertex 4.47746 8.46946 5.5
      vertex 4.47746 8.46946 2.5
    endloop
  endfacet
  facet normal -0.838669 0.544642 0
    outer loop
      vertex 4.47746 8.46946 5.5
      vertex 4.33494 8.25 2.5
      vertex 4.33494 8.25 5.5
    endloop
  endfacet
  facet normal -0.629307 -0.777157 0
    outer loop
      vertex 4.82717 5.14214 2.5
      vertex 5.03054 4.97746 5.5
      vertex 4.82717 5.14214 5.5
    endloop
  endfacet
  facet normal -0.629307 -0.777157 -0
    outer loop
      vertex 5.03054 4.97746 5.5
      vertex 4.82717 5.14214 2.5
      vertex 5.03054 4.97746 2.5
    endloop
  endfacet
  facet normal -0.544642 0.838669 0
    outer loop
      vertex 5.25 9.16506 2.5
      vertex 5.03054 9.02254 5.5
      vertex 5.25 9.16506 5.5
    endloop
  endfacet
  facet normal -0.544642 0.838669 0
    outer loop
      vertex 5.03054 9.02254 5.5
      vertex 5.25 9.16506 2.5
      vertex 5.03054 9.02254 2.5
    endloop
  endfacet
  facet normal 0.998629 -0.0523542 0
    outer loop
      vertex 8.9863 6.73868 5.5
      vertex 9 7 2.5
      vertex 9 7 5.5
    endloop
  endfacet
  facet normal 0.998629 -0.0523542 0
    outer loop
      vertex 9 7 2.5
      vertex 8.9863 6.73868 5.5
      vertex 8.9863 6.73868 2.5
    endloop
  endfacet
  facet normal -0.453988 0.891008 0
    outer loop
      vertex 5.48316 9.28386 2.5
      vertex 5.25 9.16506 5.5
      vertex 5.48316 9.28386 5.5
    endloop
  endfacet
  facet normal -0.453988 0.891008 0
    outer loop
      vertex 5.25 9.16506 5.5
      vertex 5.48316 9.28386 2.5
      vertex 5.25 9.16506 2.5
    endloop
  endfacet
  facet normal -0.998629 0.0523542 0
    outer loop
      vertex 4 7 2.5
      vertex 4.0137 7.26132 5.5
      vertex 4.0137 7.26132 2.5
    endloop
  endfacet
  facet normal -0.998629 0.0523542 0
    outer loop
      vertex 4.0137 7.26132 5.5
      vertex 4 7 2.5
      vertex 4 7 5.5
    endloop
  endfacet
  facet normal 0.453988 0.891008 -0
    outer loop
      vertex 7.75 9.16506 2.5
      vertex 7.51684 9.28386 5.5
      vertex 7.75 9.16506 5.5
    endloop
  endfacet
  facet normal 0.453988 0.891008 0
    outer loop
      vertex 7.51684 9.28386 5.5
      vertex 7.75 9.16506 2.5
      vertex 7.51684 9.28386 2.5
    endloop
  endfacet
  facet normal 0.933578 0.358375 0
    outer loop
      vertex 8.87764 7.77254 5.5
      vertex 8.78386 8.01684 2.5
      vertex 8.78386 8.01684 5.5
    endloop
  endfacet
  facet normal 0.933578 0.358375 0
    outer loop
      vertex 8.78386 8.01684 2.5
      vertex 8.87764 7.77254 5.5
      vertex 8.87764 7.77254 2.5
    endloop
  endfacet
  facet normal -0.933578 -0.358375 0
    outer loop
      vertex 4.21614 5.98316 2.5
      vertex 4.12236 6.22746 5.5
      vertex 4.12236 6.22746 2.5
    endloop
  endfacet
  facet normal -0.933578 -0.358375 0
    outer loop
      vertex 4.12236 6.22746 5.5
      vertex 4.21614 5.98316 2.5
      vertex 4.21614 5.98316 5.5
    endloop
  endfacet
  facet normal 0.156412 -0.987692 0
    outer loop
      vertex 6.76132 4.5137 2.5
      vertex 7.01978 4.55463 5.5
      vertex 6.76132 4.5137 5.5
    endloop
  endfacet
  facet normal 0.156412 -0.987692 0
    outer loop
      vertex 7.01978 4.55463 5.5
      vertex 6.76132 4.5137 2.5
      vertex 7.01978 4.55463 2.5
    endloop
  endfacet
  facet normal 0.838669 0.544642 0
    outer loop
      vertex 8.66506 8.25 5.5
      vertex 8.52254 8.46946 2.5
      vertex 8.52254 8.46946 5.5
    endloop
  endfacet
  facet normal 0.838669 0.544642 0
    outer loop
      vertex 8.52254 8.46946 2.5
      vertex 8.66506 8.25 5.5
      vertex 8.66506 8.25 2.5
    endloop
  endfacet
  facet normal -0.25883 0.965923 0
    outer loop
      vertex 5.98022 9.44537 2.5
      vertex 5.72746 9.37764 5.5
      vertex 5.98022 9.44537 5.5
    endloop
  endfacet
  facet normal -0.25883 0.965923 0
    outer loop
      vertex 5.72746 9.37764 5.5
      vertex 5.98022 9.44537 2.5
      vertex 5.72746 9.37764 2.5
    endloop
  endfacet
  facet normal -0.933578 0.358375 0
    outer loop
      vertex 4.12236 7.77254 2.5
      vertex 4.21614 8.01684 5.5
      vertex 4.21614 8.01684 2.5
    endloop
  endfacet
  facet normal -0.933578 0.358375 0
    outer loop
      vertex 4.21614 8.01684 5.5
      vertex 4.12236 7.77254 2.5
      vertex 4.12236 7.77254 5.5
    endloop
  endfacet
  facet normal 0.453988 -0.891008 0
    outer loop
      vertex 7.51684 4.71614 2.5
      vertex 7.75 4.83494 5.5
      vertex 7.51684 4.71614 5.5
    endloop
  endfacet
  facet normal 0.453988 -0.891008 0
    outer loop
      vertex 7.75 4.83494 5.5
      vertex 7.51684 4.71614 2.5
      vertex 7.75 4.83494 2.5
    endloop
  endfacet
  facet normal 0.358375 0.933578 -0
    outer loop
      vertex 7.51684 9.28386 2.5
      vertex 7.27254 9.37764 5.5
      vertex 7.51684 9.28386 5.5
    endloop
  endfacet
  facet normal 0.358375 0.933578 0
    outer loop
      vertex 7.27254 9.37764 5.5
      vertex 7.51684 9.28386 2.5
      vertex 7.27254 9.37764 2.5
    endloop
  endfacet
  facet normal -0.998629 -0.0523542 0
    outer loop
      vertex 4.0137 6.73868 2.5
      vertex 4 7 5.5
      vertex 4 7 2.5
    endloop
  endfacet
  facet normal -0.998629 -0.0523542 0
    outer loop
      vertex 4 7 5.5
      vertex 4.0137 6.73868 2.5
      vertex 4.0137 6.73868 5.5
    endloop
  endfacet
  facet normal 0.891008 -0.453988 0
    outer loop
      vertex 8.66506 5.75 5.5
      vertex 8.78386 5.98316 2.5
      vertex 8.78386 5.98316 5.5
    endloop
  endfacet
  facet normal 0.891008 -0.453988 0
    outer loop
      vertex 8.78386 5.98316 2.5
      vertex 8.66506 5.75 5.5
      vertex 8.66506 5.75 2.5
    endloop
  endfacet
  facet normal -0.891008 -0.453988 0
    outer loop
      vertex 4.33494 5.75 2.5
      vertex 4.21614 5.98316 5.5
      vertex 4.21614 5.98316 2.5
    endloop
  endfacet
  facet normal -0.891008 -0.453988 0
    outer loop
      vertex 4.21614 5.98316 5.5
      vertex 4.33494 5.75 2.5
      vertex 4.33494 5.75 5.5
    endloop
  endfacet
  facet normal -0.707107 -0.707107 0
    outer loop
      vertex 4.82717 5.14214 2.5
      vertex 4.64214 5.32717 5.5
      vertex 4.64214 5.32717 2.5
    endloop
  endfacet
  facet normal -0.707107 -0.707107 0
    outer loop
      vertex 4.64214 5.32717 5.5
      vertex 4.82717 5.14214 2.5
      vertex 4.82717 5.14214 5.5
    endloop
  endfacet
  facet normal -0.358375 -0.933578 0
    outer loop
      vertex 5.48316 4.71614 2.5
      vertex 5.72746 4.62236 5.5
      vertex 5.48316 4.71614 5.5
    endloop
  endfacet
  facet normal -0.358375 -0.933578 -0
    outer loop
      vertex 5.72746 4.62236 5.5
      vertex 5.48316 4.71614 2.5
      vertex 5.72746 4.62236 2.5
    endloop
  endfacet
  facet normal 0.777157 0.629307 0
    outer loop
      vertex 8.52254 8.46946 5.5
      vertex 8.35786 8.67283 2.5
      vertex 8.35786 8.67283 5.5
    endloop
  endfacet
  facet normal 0.777157 0.629307 0
    outer loop
      vertex 8.35786 8.67283 2.5
      vertex 8.52254 8.46946 5.5
      vertex 8.52254 8.46946 2.5
    endloop
  endfacet
  facet normal -0.156412 0.987692 0
    outer loop
      vertex 6.23868 9.4863 2.5
      vertex 5.98022 9.44537 5.5
      vertex 6.23868 9.4863 5.5
    endloop
  endfacet
  facet normal -0.156412 0.987692 0
    outer loop
      vertex 5.98022 9.44537 5.5
      vertex 6.23868 9.4863 2.5
      vertex 5.98022 9.44537 2.5
    endloop
  endfacet
  facet normal 0.0523542 0.998629 -0
    outer loop
      vertex 6.76132 9.4863 2.5
      vertex 6.5 9.5 5.5
      vertex 6.76132 9.4863 5.5
    endloop
  endfacet
  facet normal 0.0523542 0.998629 0
    outer loop
      vertex 6.5 9.5 5.5
      vertex 6.76132 9.4863 2.5
      vertex 6.5 9.5 2.5
    endloop
  endfacet
  facet normal -0.838669 -0.544642 0
    outer loop
      vertex 4.47746 5.53054 2.5
      vertex 4.33494 5.75 5.5
      vertex 4.33494 5.75 2.5
    endloop
  endfacet
  facet normal -0.838669 -0.544642 0
    outer loop
      vertex 4.33494 5.75 5.5
      vertex 4.47746 5.53054 2.5
      vertex 4.47746 5.53054 5.5
    endloop
  endfacet
  facet normal 0.0523542 -0.998629 0
    outer loop
      vertex 6.5 4.5 2.5
      vertex 6.76132 4.5137 5.5
      vertex 6.5 4.5 5.5
    endloop
  endfacet
  facet normal 0.0523542 -0.998629 0
    outer loop
      vertex 6.76132 4.5137 5.5
      vertex 6.5 4.5 2.5
      vertex 6.76132 4.5137 2.5
    endloop
  endfacet
  facet normal 0.629307 -0.777157 0
    outer loop
      vertex 7.96946 4.97746 2.5
      vertex 8.17283 5.14214 5.5
      vertex 7.96946 4.97746 5.5
    endloop
  endfacet
  facet normal 0.629307 -0.777157 0
    outer loop
      vertex 8.17283 5.14214 5.5
      vertex 7.96946 4.97746 2.5
      vertex 8.17283 5.14214 2.5
    endloop
  endfacet
  facet normal 0.544642 0.838669 -0
    outer loop
      vertex 7.96946 9.02254 2.5
      vertex 7.75 9.16506 5.5
      vertex 7.96946 9.02254 5.5
    endloop
  endfacet
  facet normal 0.544642 0.838669 0
    outer loop
      vertex 7.75 9.16506 5.5
      vertex 7.96946 9.02254 2.5
      vertex 7.75 9.16506 2.5
    endloop
  endfacet
  facet normal -0.965923 -0.25883 0
    outer loop
      vertex 4.12236 6.22746 2.5
      vertex 4.05463 6.48022 5.5
      vertex 4.05463 6.48022 2.5
    endloop
  endfacet
  facet normal -0.965923 -0.25883 0
    outer loop
      vertex 4.05463 6.48022 5.5
      vertex 4.12236 6.22746 2.5
      vertex 4.12236 6.22746 5.5
    endloop
  endfacet
  facet normal 0.629307 0.777157 -0
    outer loop
      vertex 8.17283 8.85786 2.5
      vertex 7.96946 9.02254 5.5
      vertex 8.17283 8.85786 5.5
    endloop
  endfacet
  facet normal 0.629307 0.777157 0
    outer loop
      vertex 7.96946 9.02254 5.5
      vertex 8.17283 8.85786 2.5
      vertex 7.96946 9.02254 2.5
    endloop
  endfacet
  facet normal 0.987692 -0.156412 0
    outer loop
      vertex 8.94537 6.48022 5.5
      vertex 8.9863 6.73868 2.5
      vertex 8.9863 6.73868 5.5
    endloop
  endfacet
  facet normal 0.987692 -0.156412 0
    outer loop
      vertex 8.9863 6.73868 2.5
      vertex 8.94537 6.48022 5.5
      vertex 8.94537 6.48022 2.5
    endloop
  endfacet
  facet normal -0.25883 -0.965923 0
    outer loop
      vertex 5.72746 4.62236 2.5
      vertex 5.98022 4.55463 5.5
      vertex 5.72746 4.62236 5.5
    endloop
  endfacet
  facet normal -0.25883 -0.965923 -0
    outer loop
      vertex 5.98022 4.55463 5.5
      vertex 5.72746 4.62236 2.5
      vertex 5.98022 4.55463 2.5
    endloop
  endfacet
  facet normal -0.987692 -0.156412 0
    outer loop
      vertex 4.05463 6.48022 2.5
      vertex 4.0137 6.73868 5.5
      vertex 4.0137 6.73868 2.5
    endloop
  endfacet
  facet normal -0.987692 -0.156412 0
    outer loop
      vertex 4.0137 6.73868 5.5
      vertex 4.05463 6.48022 2.5
      vertex 4.05463 6.48022 5.5
    endloop
  endfacet
  facet normal 0.838669 -0.544642 0
    outer loop
      vertex 8.52254 5.53054 5.5
      vertex 8.66506 5.75 2.5
      vertex 8.66506 5.75 5.5
    endloop
  endfacet
  facet normal 0.838669 -0.544642 0
    outer loop
      vertex 8.66506 5.75 2.5
      vertex 8.52254 5.53054 5.5
      vertex 8.52254 5.53054 2.5
    endloop
  endfacet
  facet normal -0.358375 0.933578 0
    outer loop
      vertex 5.72746 9.37764 2.5
      vertex 5.48316 9.28386 5.5
      vertex 5.72746 9.37764 5.5
    endloop
  endfacet
  facet normal -0.358375 0.933578 0
    outer loop
      vertex 5.48316 9.28386 5.5
      vertex 5.72746 9.37764 2.5
      vertex 5.48316 9.28386 2.5
    endloop
  endfacet
  facet normal 0.544642 -0.838669 0
    outer loop
      vertex 7.75 4.83494 2.5
      vertex 7.96946 4.97746 5.5
      vertex 7.75 4.83494 5.5
    endloop
  endfacet
  facet normal 0.544642 -0.838669 0
    outer loop
      vertex 7.96946 4.97746 5.5
      vertex 7.75 4.83494 2.5
      vertex 7.96946 4.97746 2.5
    endloop
  endfacet
  facet normal -0.987692 0.156412 0
    outer loop
      vertex 4.0137 7.26132 2.5
      vertex 4.05463 7.51978 5.5
      vertex 4.05463 7.51978 2.5
    endloop
  endfacet
  facet normal -0.987692 0.156412 0
    outer loop
      vertex 4.05463 7.51978 5.5
      vertex 4.0137 7.26132 2.5
      vertex 4.0137 7.26132 5.5
    endloop
  endfacet
  facet normal 0.358375 -0.933578 0
    outer loop
      vertex 7.27254 4.62236 2.5
      vertex 7.51684 4.71614 5.5
      vertex 7.27254 4.62236 5.5
    endloop
  endfacet
  facet normal 0.358375 -0.933578 0
    outer loop
      vertex 7.51684 4.71614 5.5
      vertex 7.27254 4.62236 2.5
      vertex 7.51684 4.71614 2.5
    endloop
  endfacet
  facet normal -0.156412 -0.987692 0
    outer loop
      vertex 5.98022 4.55463 2.5
      vertex 6.23868 4.5137 5.5
      vertex 5.98022 4.55463 5.5
    endloop
  endfacet
  facet normal -0.156412 -0.987692 -0
    outer loop
      vertex 6.23868 4.5137 5.5
      vertex 5.98022 4.55463 2.5
      vertex 6.23868 4.5137 2.5
    endloop
  endfacet
  facet normal -0.707107 0.707107 0
    outer loop
      vertex 4.64214 8.67283 2.5
      vertex 4.82717 8.85786 5.5
      vertex 4.82717 8.85786 2.5
    endloop
  endfacet
  facet normal -0.707107 0.707107 0
    outer loop
      vertex 4.82717 8.85786 5.5
      vertex 4.64214 8.67283 2.5
      vertex 4.64214 8.67283 5.5
    endloop
  endfacet
  facet normal 0.25883 -0.965923 0
    outer loop
      vertex 7.01978 4.55463 2.5
      vertex 7.27254 4.62236 5.5
      vertex 7.01978 4.55463 5.5
    endloop
  endfacet
  facet normal 0.25883 -0.965923 0
    outer loop
      vertex 7.27254 4.62236 5.5
      vertex 7.01978 4.55463 2.5
      vertex 7.27254 4.62236 2.5
    endloop
  endfacet
  facet normal 0 0 1
    outer loop
      vertex 7.9 7 5.5
      vertex 9 7 5.5
      vertex 8.9863 7.26132 5.5
    endloop
  endfacet
  facet normal 0 0 1
    outer loop
      vertex 7.89233 7.14634 5.5
      vertex 8.9863 7.26132 5.5
      vertex 8.94537 7.51978 5.5
    endloop
  endfacet
  facet normal 0 0 1
    outer loop
      vertex 9 7 5.5
      vertex 7.9 7 5.5
      vertex 8.9863 6.73868 5.5
    endloop
  endfacet
  facet normal 0 0 1
    outer loop
      vertex 7.86941 7.29108 5.5
      vertex 8.94537 7.51978 5.5
      vertex 8.87764 7.77254 5.5
    endloop
  endfacet
  facet normal -0 0 1
    outer loop
      vertex 7.89233 6.85366 5.5
      vertex 8.9863 6.73868 5.5
      vertex 7.9 7 5.5
    endloop
  endfacet
  facet normal 0 0 1
    outer loop
      vertex 7.83148 7.43262 5.5
      vertex 8.87764 7.77254 5.5
      vertex 8.78386 8.01684 5.5
    endloop
  endfacet
  facet normal 0 0 1
    outer loop
      vertex 8.9863 6.73868 5.5
      vertex 7.89233 6.85366 5.5
      vertex 8.94537 6.48022 5.5
    endloop
  endfacet
  facet normal 0 0 1
    outer loop
      vertex 7.77896 7.56943 5.5
      vertex 8.78386 8.01684 5.5
      vertex 8.66506 8.25 5.5
    endloop
  endfacet
  facet normal -0 0 1
    outer loop
      vertex 7.86941 6.70892 5.5
      vertex 8.94537 6.48022 5.5
      vertex 7.89233 6.85366 5.5
    endloop
  endfacet
  facet normal 0 0 1
    outer loop
      vertex 7.71243 7.7 5.5
      vertex 8.66506 8.25 5.5
      vertex 8.52254 8.46946 5.5
    endloop
  endfacet
  facet normal 0 0 1
    outer loop
      vertex 8.94537 6.48022 5.5
      vertex 7.86941 6.70892 5.5
      vertex 8.87764 6.22746 5.5
    endloop
  endfacet
  facet normal 0 0 1
    outer loop
      vertex 7.63262 7.8229 5.5
      vertex 8.52254 8.46946 5.5
      vertex 8.35786 8.67283 5.5
    endloop
  endfacet
  facet normal -0 0 1
    outer loop
      vertex 7.83148 6.56738 5.5
      vertex 8.87764 6.22746 5.5
      vertex 7.86941 6.70892 5.5
    endloop
  endfacet
  facet normal 0 0 1
    outer loop
      vertex 7.5404 7.93678 5.5
      vertex 8.35786 8.67283 5.5
      vertex 8.17283 8.85786 5.5
    endloop
  endfacet
  facet normal 0 0 1
    outer loop
      vertex 8.87764 6.22746 5.5
      vertex 7.83148 6.56738 5.5
      vertex 8.78386 5.98316 5.5
    endloop
  endfacet
  facet normal 0 0 1
    outer loop
      vertex 7.43678 8.0404 5.5
      vertex 8.17283 8.85786 5.5
      vertex 7.96946 9.02254 5.5
    endloop
  endfacet
  facet normal -0 0 1
    outer loop
      vertex 7.77896 6.43057 5.5
      vertex 8.78386 5.98316 5.5
      vertex 7.83148 6.56738 5.5
    endloop
  endfacet
  facet normal 0 0 1
    outer loop
      vertex 8.78386 5.98316 5.5
      vertex 7.77896 6.43057 5.5
      vertex 8.66506 5.75 5.5
    endloop
  endfacet
  facet normal 0 0 1
    outer loop
      vertex 8.9863 7.26132 5.5
      vertex 7.89233 7.14634 5.5
      vertex 7.9 7 5.5
    endloop
  endfacet
  facet normal 0 0 1
    outer loop
      vertex 8.94537 7.51978 5.5
      vertex 7.86941 7.29108 5.5
      vertex 7.89233 7.14634 5.5
    endloop
  endfacet
  facet normal 0 0 1
    outer loop
      vertex 8.87764 7.77254 5.5
      vertex 7.83148 7.43262 5.5
      vertex 7.86941 7.29108 5.5
    endloop
  endfacet
  facet normal 0 0 1
    outer loop
      vertex 8.78386 8.01684 5.5
      vertex 7.77896 7.56943 5.5
      vertex 7.83148 7.43262 5.5
    endloop
  endfacet
  facet normal 0 0 1
    outer loop
      vertex 7.3229 8.13262 5.5
      vertex 7.96946 9.02254 5.5
      vertex 7.75 9.16506 5.5
    endloop
  endfacet
  facet normal 0 0 1
    outer loop
      vertex 8.66506 8.25 5.5
      vertex 7.71243 7.7 5.5
      vertex 7.77896 7.56943 5.5
    endloop
  endfacet
  facet normal 0 0 1
    outer loop
      vertex 8.52254 8.46946 5.5
      vertex 7.63262 7.8229 5.5
      vertex 7.71243 7.7 5.5
    endloop
  endfacet
  facet normal 0 0 1
    outer loop
      vertex 8.35786 8.67283 5.5
      vertex 7.5404 7.93678 5.5
      vertex 7.63262 7.8229 5.5
    endloop
  endfacet
  facet normal 0 0 1
    outer loop
      vertex 7.2 8.21243 5.5
      vertex 7.75 9.16506 5.5
      vertex 7.51684 9.28386 5.5
    endloop
  endfacet
  facet normal 0 0 1
    outer loop
      vertex 8.17283 8.85786 5.5
      vertex 7.43678 8.0404 5.5
      vertex 7.5404 7.93678 5.5
    endloop
  endfacet
  facet normal 0 0 1
    outer loop
      vertex 7.96946 9.02254 5.5
      vertex 7.3229 8.13262 5.5
      vertex 7.43678 8.0404 5.5
    endloop
  endfacet
  facet normal 0 0 1
    outer loop
      vertex 7.06943 8.27896 5.5
      vertex 7.51684 9.28386 5.5
      vertex 7.27254 9.37764 5.5
    endloop
  endfacet
  facet normal 0 0 1
    outer loop
      vertex 7.75 9.16506 5.5
      vertex 7.2 8.21243 5.5
      vertex 7.3229 8.13262 5.5
    endloop
  endfacet
  facet normal 0 0 1
    outer loop
      vertex 7.51684 9.28386 5.5
      vertex 7.06943 8.27896 5.5
      vertex 7.2 8.21243 5.5
    endloop
  endfacet
  facet normal 0 0 1
    outer loop
      vertex 6.93262 8.33148 5.5
      vertex 7.27254 9.37764 5.5
      vertex 7.01978 9.44537 5.5
    endloop
  endfacet
  facet normal 0 0 1
    outer loop
      vertex 7.27254 9.37764 5.5
      vertex 6.93262 8.33148 5.5
      vertex 7.06943 8.27896 5.5
    endloop
  endfacet
  facet normal 0 0 1
    outer loop
      vertex 7.01978 9.44537 5.5
      vertex 6.79108 8.36941 5.5
      vertex 6.93262 8.33148 5.5
    endloop
  endfacet
  facet normal 0 0 1
    outer loop
      vertex 6.76132 9.4863 5.5
      vertex 6.79108 8.36941 5.5
      vertex 7.01978 9.44537 5.5
    endloop
  endfacet
  facet normal 0 0 1
    outer loop
      vertex 6.76132 9.4863 5.5
      vertex 6.64634 8.39233 5.5
      vertex 6.79108 8.36941 5.5
    endloop
  endfacet
  facet normal 0 0 1
    outer loop
      vertex 6.5 9.5 5.5
      vertex 6.64634 8.39233 5.5
      vertex 6.76132 9.4863 5.5
    endloop
  endfacet
  facet normal 0 0 1
    outer loop
      vertex 6.5 9.5 5.5
      vertex 6.5 8.4 5.5
      vertex 6.64634 8.39233 5.5
    endloop
  endfacet
  facet normal 0 0 1
    outer loop
      vertex 6.5 9.5 5.5
      vertex 6.35366 8.39233 5.5
      vertex 6.5 8.4 5.5
    endloop
  endfacet
  facet normal -0 0 1
    outer loop
      vertex 6.23868 9.4863 5.5
      vertex 6.35366 8.39233 5.5
      vertex 6.5 9.5 5.5
    endloop
  endfacet
  facet normal 0 0 1
    outer loop
      vertex 6.23868 9.4863 5.5
      vertex 6.20892 8.36941 5.5
      vertex 6.35366 8.39233 5.5
    endloop
  endfacet
  facet normal -0 0 1
    outer loop
      vertex 5.98022 9.44537 5.5
      vertex 6.20892 8.36941 5.5
      vertex 6.23868 9.4863 5.5
    endloop
  endfacet
  facet normal 0 0 1
    outer loop
      vertex 6.20892 8.36941 5.5
      vertex 5.98022 9.44537 5.5
      vertex 6.06738 8.33148 5.5
    endloop
  endfacet
  facet normal -0 0 1
    outer loop
      vertex 5.72746 9.37764 5.5
      vertex 6.06738 8.33148 5.5
      vertex 5.98022 9.44537 5.5
    endloop
  endfacet
  facet normal 0 0 1
    outer loop
      vertex 6.06738 8.33148 5.5
      vertex 5.72746 9.37764 5.5
      vertex 5.93057 8.27896 5.5
    endloop
  endfacet
  facet normal -0 0 1
    outer loop
      vertex 5.48316 9.28386 5.5
      vertex 5.93057 8.27896 5.5
      vertex 5.72746 9.37764 5.5
    endloop
  endfacet
  facet normal 0 0 1
    outer loop
      vertex 5.93057 8.27896 5.5
      vertex 5.48316 9.28386 5.5
      vertex 5.8 8.21243 5.5
    endloop
  endfacet
  facet normal -0 0 1
    outer loop
      vertex 5.25 9.16506 5.5
      vertex 5.8 8.21243 5.5
      vertex 5.48316 9.28386 5.5
    endloop
  endfacet
  facet normal 0 0 1
    outer loop
      vertex 5.8 8.21243 5.5
      vertex 5.25 9.16506 5.5
      vertex 5.6771 8.13262 5.5
    endloop
  endfacet
  facet normal -0 0 1
    outer loop
      vertex 5.03054 9.02254 5.5
      vertex 5.6771 8.13262 5.5
      vertex 5.25 9.16506 5.5
    endloop
  endfacet
  facet normal 0 0 1
    outer loop
      vertex 5.6771 8.13262 5.5
      vertex 5.03054 9.02254 5.5
      vertex 5.56322 8.0404 5.5
    endloop
  endfacet
  facet normal -0 0 1
    outer loop
      vertex 4.82717 8.85786 5.5
      vertex 5.56322 8.0404 5.5
      vertex 5.03054 9.02254 5.5
    endloop
  endfacet
  facet normal 0 0 1
    outer loop
      vertex 5.56322 8.0404 5.5
      vertex 4.82717 8.85786 5.5
      vertex 5.4596 7.93678 5.5
    endloop
  endfacet
  facet normal -0 0 1
    outer loop
      vertex 4.64214 8.67283 5.5
      vertex 5.4596 7.93678 5.5
      vertex 4.82717 8.85786 5.5
    endloop
  endfacet
  facet normal 0 0 1
    outer loop
      vertex 5.4596 7.93678 5.5
      vertex 4.64214 8.67283 5.5
      vertex 5.36738 7.8229 5.5
    endloop
  endfacet
  facet normal -0 0 1
    outer loop
      vertex 4.47746 8.46946 5.5
      vertex 5.36738 7.8229 5.5
      vertex 4.64214 8.67283 5.5
    endloop
  endfacet
  facet normal 0 0 1
    outer loop
      vertex 5.36738 7.8229 5.5
      vertex 4.47746 8.46946 5.5
      vertex 5.28757 7.7 5.5
    endloop
  endfacet
  facet normal 0 0 1
    outer loop
      vertex 5.28757 7.7 5.5
      vertex 4.33494 8.25 5.5
      vertex 5.22104 7.56943 5.5
    endloop
  endfacet
  facet normal -0 0 1
    outer loop
      vertex 4.33494 8.25 5.5
      vertex 5.28757 7.7 5.5
      vertex 4.47746 8.46946 5.5
    endloop
  endfacet
  facet normal -0 0 1
    outer loop
      vertex 7.71243 6.3 5.5
      vertex 8.66506 5.75 5.5
      vertex 7.77896 6.43057 5.5
    endloop
  endfacet
  facet normal 0 0 1
    outer loop
      vertex 8.66506 5.75 5.5
      vertex 7.71243 6.3 5.5
      vertex 8.52254 5.53054 5.5
    endloop
  endfacet
  facet normal -0 0 1
    outer loop
      vertex 7.63262 6.1771 5.5
      vertex 8.52254 5.53054 5.5
      vertex 7.71243 6.3 5.5
    endloop
  endfacet
  facet normal 0 0 1
    outer loop
      vertex 8.52254 5.53054 5.5
      vertex 7.63262 6.1771 5.5
      vertex 8.35786 5.32717 5.5
    endloop
  endfacet
  facet normal -0 0 1
    outer loop
      vertex 7.5404 6.06322 5.5
      vertex 8.35786 5.32717 5.5
      vertex 7.63262 6.1771 5.5
    endloop
  endfacet
  facet normal 0 0 1
    outer loop
      vertex 8.35786 5.32717 5.5
      vertex 7.5404 6.06322 5.5
      vertex 8.17283 5.14214 5.5
    endloop
  endfacet
  facet normal -0 0 1
    outer loop
      vertex 7.43678 5.9596 5.5
      vertex 8.17283 5.14214 5.5
      vertex 7.5404 6.06322 5.5
    endloop
  endfacet
  facet normal 0 0 1
    outer loop
      vertex 8.17283 5.14214 5.5
      vertex 7.43678 5.9596 5.5
      vertex 7.96946 4.97746 5.5
    endloop
  endfacet
  facet normal -0 0 1
    outer loop
      vertex 7.3229 5.86738 5.5
      vertex 7.96946 4.97746 5.5
      vertex 7.43678 5.9596 5.5
    endloop
  endfacet
  facet normal 0 0 1
    outer loop
      vertex 7.96946 4.97746 5.5
      vertex 7.3229 5.86738 5.5
      vertex 7.75 4.83494 5.5
    endloop
  endfacet
  facet normal -0 0 1
    outer loop
      vertex 7.2 5.78757 5.5
      vertex 7.75 4.83494 5.5
      vertex 7.3229 5.86738 5.5
    endloop
  endfacet
  facet normal 0 0 1
    outer loop
      vertex 7.75 4.83494 5.5
      vertex 7.2 5.78757 5.5
      vertex 7.51684 4.71614 5.5
    endloop
  endfacet
  facet normal -0 0 1
    outer loop
      vertex 7.06943 5.72104 5.5
      vertex 7.51684 4.71614 5.5
      vertex 7.2 5.78757 5.5
    endloop
  endfacet
  facet normal 0 0 1
    outer loop
      vertex 7.51684 4.71614 5.5
      vertex 7.06943 5.72104 5.5
      vertex 7.27254 4.62236 5.5
    endloop
  endfacet
  facet normal -0 0 1
    outer loop
      vertex 6.93262 5.66852 5.5
      vertex 7.27254 4.62236 5.5
      vertex 7.06943 5.72104 5.5
    endloop
  endfacet
  facet normal 0 0 1
    outer loop
      vertex 7.27254 4.62236 5.5
      vertex 6.93262 5.66852 5.5
      vertex 7.01978 4.55463 5.5
    endloop
  endfacet
  facet normal -0 0 1
    outer loop
      vertex 6.79108 5.63059 5.5
      vertex 7.01978 4.55463 5.5
      vertex 6.93262 5.66852 5.5
    endloop
  endfacet
  facet normal 0 0 1
    outer loop
      vertex 6.79108 5.63059 5.5
      vertex 6.76132 4.5137 5.5
      vertex 7.01978 4.55463 5.5
    endloop
  endfacet
  facet normal -0 0 1
    outer loop
      vertex 6.64634 5.60767 5.5
      vertex 6.76132 4.5137 5.5
      vertex 6.79108 5.63059 5.5
    endloop
  endfacet
  facet normal -0 0 1
    outer loop
      vertex 6.5 5.6 5.5
      vertex 6.76132 4.5137 5.5
      vertex 6.64634 5.60767 5.5
    endloop
  endfacet
  facet normal 0 0 1
    outer loop
      vertex 6.5 5.6 5.5
      vertex 6.5 4.5 5.5
      vertex 6.76132 4.5137 5.5
    endloop
  endfacet
  facet normal 0 0 1
    outer loop
      vertex 6.35366 5.60767 5.5
      vertex 6.5 4.5 5.5
      vertex 6.5 5.6 5.5
    endloop
  endfacet
  facet normal 0 0 1
    outer loop
      vertex 6.35366 5.60767 5.5
      vertex 6.23868 4.5137 5.5
      vertex 6.5 4.5 5.5
    endloop
  endfacet
  facet normal 0 0 1
    outer loop
      vertex 6.20892 5.63059 5.5
      vertex 6.23868 4.5137 5.5
      vertex 6.35366 5.60767 5.5
    endloop
  endfacet
  facet normal 0 0 1
    outer loop
      vertex 5.98022 4.55463 5.5
      vertex 6.20892 5.63059 5.5
      vertex 6.06738 5.66852 5.5
    endloop
  endfacet
  facet normal 0 0 1
    outer loop
      vertex 6.20892 5.63059 5.5
      vertex 5.98022 4.55463 5.5
      vertex 6.23868 4.5137 5.5
    endloop
  endfacet
  facet normal 0 0 1
    outer loop
      vertex 5.72746 4.62236 5.5
      vertex 6.06738 5.66852 5.5
      vertex 5.93057 5.72104 5.5
    endloop
  endfacet
  facet normal 0 0 1
    outer loop
      vertex 5.48316 4.71614 5.5
      vertex 5.93057 5.72104 5.5
      vertex 5.8 5.78757 5.5
    endloop
  endfacet
  facet normal 0 0 1
    outer loop
      vertex 6.06738 5.66852 5.5
      vertex 5.72746 4.62236 5.5
      vertex 5.98022 4.55463 5.5
    endloop
  endfacet
  facet normal 0 0 1
    outer loop
      vertex 5.25 4.83494 5.5
      vertex 5.8 5.78757 5.5
      vertex 5.6771 5.86738 5.5
    endloop
  endfacet
  facet normal 0 0 1
    outer loop
      vertex 5.03054 4.97746 5.5
      vertex 5.6771 5.86738 5.5
      vertex 5.56322 5.9596 5.5
    endloop
  endfacet
  facet normal 0 0 1
    outer loop
      vertex 5.93057 5.72104 5.5
      vertex 5.48316 4.71614 5.5
      vertex 5.72746 4.62236 5.5
    endloop
  endfacet
  facet normal 0 0 1
    outer loop
      vertex 4.82717 5.14214 5.5
      vertex 5.56322 5.9596 5.5
      vertex 5.4596 6.06322 5.5
    endloop
  endfacet
  facet normal 0 0 1
    outer loop
      vertex 4.64214 5.32717 5.5
      vertex 5.4596 6.06322 5.5
      vertex 5.36738 6.1771 5.5
    endloop
  endfacet
  facet normal 0 0 1
    outer loop
      vertex 4.47746 5.53054 5.5
      vertex 5.36738 6.1771 5.5
      vertex 5.28757 6.3 5.5
    endloop
  endfacet
  facet normal 0 0 1
    outer loop
      vertex 5.8 5.78757 5.5
      vertex 5.25 4.83494 5.5
      vertex 5.48316 4.71614 5.5
    endloop
  endfacet
  facet normal 0 0 1
    outer loop
      vertex 4.33494 5.75 5.5
      vertex 5.28757 6.3 5.5
      vertex 5.22104 6.43057 5.5
    endloop
  endfacet
  facet normal 0 0 1
    outer loop
      vertex 4.21614 5.98316 5.5
      vertex 5.22104 6.43057 5.5
      vertex 5.16852 6.56738 5.5
    endloop
  endfacet
  facet normal 0 0 1
    outer loop
      vertex 4.12236 6.22746 5.5
      vertex 5.16852 6.56738 5.5
      vertex 5.13059 6.70892 5.5
    endloop
  endfacet
  facet normal 0 0 1
    outer loop
      vertex 4.05463 6.48022 5.5
      vertex 5.13059 6.70892 5.5
      vertex 5.10767 6.85366 5.5
    endloop
  endfacet
  facet normal 0 0 1
    outer loop
      vertex 5.6771 5.86738 5.5
      vertex 5.03054 4.97746 5.5
      vertex 5.25 4.83494 5.5
    endloop
  endfacet
  facet normal 0 0 1
    outer loop
      vertex 4.0137 6.73868 5.5
      vertex 5.10767 6.85366 5.5
      vertex 5.1 7 5.5
    endloop
  endfacet
  facet normal -0 0 1
    outer loop
      vertex 4.21614 8.01684 5.5
      vertex 5.22104 7.56943 5.5
      vertex 4.33494 8.25 5.5
    endloop
  endfacet
  facet normal 0 0 1
    outer loop
      vertex 5.22104 7.56943 5.5
      vertex 4.21614 8.01684 5.5
      vertex 5.16852 7.43262 5.5
    endloop
  endfacet
  facet normal 0 0 1
    outer loop
      vertex 5.56322 5.9596 5.5
      vertex 4.82717 5.14214 5.5
      vertex 5.03054 4.97746 5.5
    endloop
  endfacet
  facet normal -0 0 1
    outer loop
      vertex 4.12236 7.77254 5.5
      vertex 5.16852 7.43262 5.5
      vertex 4.21614 8.01684 5.5
    endloop
  endfacet
  facet normal 0 0 1
    outer loop
      vertex 5.4596 6.06322 5.5
      vertex 4.64214 5.32717 5.5
      vertex 4.82717 5.14214 5.5
    endloop
  endfacet
  facet normal 0 0 1
    outer loop
      vertex 5.16852 7.43262 5.5
      vertex 4.12236 7.77254 5.5
      vertex 5.13059 7.29108 5.5
    endloop
  endfacet
  facet normal 0 0 1
    outer loop
      vertex 5.36738 6.1771 5.5
      vertex 4.47746 5.53054 5.5
      vertex 4.64214 5.32717 5.5
    endloop
  endfacet
  facet normal -0 0 1
    outer loop
      vertex 4.05463 7.51978 5.5
      vertex 5.13059 7.29108 5.5
      vertex 4.12236 7.77254 5.5
    endloop
  endfacet
  facet normal 0 0 1
    outer loop
      vertex 5.28757 6.3 5.5
      vertex 4.33494 5.75 5.5
      vertex 4.47746 5.53054 5.5
    endloop
  endfacet
  facet normal 0 0 1
    outer loop
      vertex 5.13059 7.29108 5.5
      vertex 4.05463 7.51978 5.5
      vertex 5.10767 7.14634 5.5
    endloop
  endfacet
  facet normal 0 0 1
    outer loop
      vertex 5.22104 6.43057 5.5
      vertex 4.21614 5.98316 5.5
      vertex 4.33494 5.75 5.5
    endloop
  endfacet
  facet normal -0 0 1
    outer loop
      vertex 4.0137 7.26132 5.5
      vertex 5.10767 7.14634 5.5
      vertex 4.05463 7.51978 5.5
    endloop
  endfacet
  facet normal 0 0 1
    outer loop
      vertex 5.16852 6.56738 5.5
      vertex 4.12236 6.22746 5.5
      vertex 4.21614 5.98316 5.5
    endloop
  endfacet
  facet normal 0 0 1
    outer loop
      vertex 5.10767 7.14634 5.5
      vertex 4.0137 7.26132 5.5
      vertex 5.1 7 5.5
    endloop
  endfacet
  facet normal 0 0 1
    outer loop
      vertex 5.13059 6.70892 5.5
      vertex 4.05463 6.48022 5.5
      vertex 4.12236 6.22746 5.5
    endloop
  endfacet
  facet normal 0 0 1
    outer loop
      vertex 4 7 5.5
      vertex 5.1 7 5.5
      vertex 4.0137 7.26132 5.5
    endloop
  endfacet
  facet normal 0 0 1
    outer loop
      vertex 5.10767 6.85366 5.5
      vertex 4.0137 6.73868 5.5
      vertex 4.05463 6.48022 5.5
    endloop
  endfacet
  facet normal 0 0 1
    outer loop
      vertex 5.1 7 5.5
      vertex 4 7 5.5
      vertex 4.0137 6.73868 5.5
    endloop
  endfacet
  facet normal 0.707107 -0.707107 0
    outer loop
      vertex 8.17283 5.14214 5.5
      vertex 8.35786 5.32717 2.5
      vertex 8.35786 5.32717 5.5
    endloop
  endfacet
  facet normal 0.707107 -0.707107 0
    outer loop
      vertex 8.35786 5.32717 2.5
      vertex 8.17283 5.14214 5.5
      vertex 8.17283 5.14214 2.5
    endloop
  endfacet
  facet normal -0.0523542 -0.998629 0
    outer loop
      vertex 6.23868 4.5137 2.5
      vertex 6.5 4.5 5.5
      vertex 6.23868 4.5137 5.5
    endloop
  endfacet
  facet normal -0.0523542 -0.998629 -0
    outer loop
      vertex 6.5 4.5 5.5
      vertex 6.23868 4.5137 2.5
      vertex 6.5 4.5 2.5
    endloop
  endfacet
  facet normal -0.891008 0.453988 0
    outer loop
      vertex 4.21614 8.01684 2.5
      vertex 4.33494 8.25 5.5
      vertex 4.33494 8.25 2.5
    endloop
  endfacet
  facet normal -0.891008 0.453988 0
    outer loop
      vertex 4.33494 8.25 5.5
      vertex 4.21614 8.01684 2.5
      vertex 4.21614 8.01684 5.5
    endloop
  endfacet
  facet normal 0.25883 0.965923 -0
    outer loop
      vertex 7.27254 9.37764 2.5
      vertex 7.01978 9.44537 5.5
      vertex 7.27254 9.37764 5.5
    endloop
  endfacet
  facet normal 0.25883 0.965923 0
    outer loop
      vertex 7.01978 9.44537 5.5
      vertex 7.27254 9.37764 2.5
      vertex 7.01978 9.44537 2.5
    endloop
  endfacet
  facet normal -0.453988 -0.891008 0
    outer loop
      vertex 5.25 4.83494 2.5
      vertex 5.48316 4.71614 5.5
      vertex 5.25 4.83494 5.5
    endloop
  endfacet
  facet normal -0.453988 -0.891008 -0
    outer loop
      vertex 5.48316 4.71614 5.5
      vertex 5.25 4.83494 2.5
      vertex 5.48316 4.71614 2.5
    endloop
  endfacet
  facet normal -0.544642 -0.838669 0
    outer loop
      vertex 5.03054 4.97746 2.5
      vertex 5.25 4.83494 5.5
      vertex 5.03054 4.97746 5.5
    endloop
  endfacet
  facet normal -0.544642 -0.838669 -0
    outer loop
      vertex 5.25 4.83494 5.5
      vertex 5.03054 4.97746 2.5
      vertex 5.25 4.83494 2.5
    endloop
  endfacet
  facet normal -0.777157 0.629307 0
    outer loop
      vertex 4.47746 8.46946 2.5
      vertex 4.64214 8.67283 5.5
      vertex 4.64214 8.67283 2.5
    endloop
  endfacet
  facet normal -0.777157 0.629307 0
    outer loop
      vertex 4.64214 8.67283 5.5
      vertex 4.47746 8.46946 2.5
      vertex 4.47746 8.46946 5.5
    endloop
  endfacet
  facet normal -0.987693 0.156404 0
    outer loop
      vertex 7.86941 6.70892 2.5
      vertex 7.89233 6.85366 5.5
      vertex 7.89233 6.85366 2.5
    endloop
  endfacet
  facet normal -0.987693 0.156404 0
    outer loop
      vertex 7.89233 6.85366 5.5
      vertex 7.86941 6.70892 2.5
      vertex 7.86941 6.70892 5.5
    endloop
  endfacet
  facet normal -0.987693 -0.156404 0
    outer loop
      vertex 7.89233 7.14634 2.5
      vertex 7.86941 7.29108 5.5
      vertex 7.86941 7.29108 2.5
    endloop
  endfacet
  facet normal -0.987693 -0.156404 0
    outer loop
      vertex 7.86941 7.29108 5.5
      vertex 7.89233 7.14634 2.5
      vertex 7.89233 7.14634 5.5
    endloop
  endfacet
  facet normal -0.998629 -0.0523403 0
    outer loop
      vertex 7.9 7 2.5
      vertex 7.89233 7.14634 5.5
      vertex 7.89233 7.14634 2.5
    endloop
  endfacet
  facet normal -0.998629 -0.0523403 0
    outer loop
      vertex 7.89233 7.14634 5.5
      vertex 7.9 7 2.5
      vertex 7.9 7 5.5
    endloop
  endfacet
  facet normal -0.965918 -0.258848 0
    outer loop
      vertex 7.86941 7.29108 2.5
      vertex 7.83148 7.43262 5.5
      vertex 7.83148 7.43262 2.5
    endloop
  endfacet
  facet normal -0.965918 -0.258848 0
    outer loop
      vertex 7.83148 7.43262 5.5
      vertex 7.86941 7.29108 2.5
      vertex 7.86941 7.29108 5.5
    endloop
  endfacet
  facet normal -0.838677 -0.544629 0
    outer loop
      vertex 7.71243 7.7 2.5
      vertex 7.63262 7.8229 5.5
      vertex 7.63262 7.8229 2.5
    endloop
  endfacet
  facet normal -0.838677 -0.544629 0
    outer loop
      vertex 7.63262 7.8229 5.5
      vertex 7.71243 7.7 2.5
      vertex 7.71243 7.7 5.5
    endloop
  endfacet
  facet normal 0.156404 -0.987693 0
    outer loop
      vertex 6.20892 8.36941 2.5
      vertex 6.35366 8.39233 5.5
      vertex 6.20892 8.36941 5.5
    endloop
  endfacet
  facet normal 0.156404 -0.987693 0
    outer loop
      vertex 6.35366 8.39233 5.5
      vertex 6.20892 8.36941 2.5
      vertex 6.35366 8.39233 2.5
    endloop
  endfacet
  facet normal 0.965918 0.258848 0
    outer loop
      vertex 5.16852 6.56738 5.5
      vertex 5.13059 6.70892 2.5
      vertex 5.13059 6.70892 5.5
    endloop
  endfacet
  facet normal 0.965918 0.258848 0
    outer loop
      vertex 5.13059 6.70892 2.5
      vertex 5.16852 6.56738 5.5
      vertex 5.16852 6.56738 2.5
    endloop
  endfacet
  facet normal 0.453997 0.891003 -0
    outer loop
      vertex 5.93057 5.72104 2.5
      vertex 5.8 5.78757 5.5
      vertex 5.93057 5.72104 5.5
    endloop
  endfacet
  facet normal 0.453997 0.891003 0
    outer loop
      vertex 5.8 5.78757 5.5
      vertex 5.93057 5.72104 2.5
      vertex 5.8 5.78757 2.5
    endloop
  endfacet
  facet normal -0.998629 0.0523403 0
    outer loop
      vertex 7.89233 6.85366 2.5
      vertex 7.9 7 5.5
      vertex 7.9 7 2.5
    endloop
  endfacet
  facet normal -0.998629 0.0523403 0
    outer loop
      vertex 7.9 7 5.5
      vertex 7.89233 6.85366 2.5
      vertex 7.89233 6.85366 5.5
    endloop
  endfacet
  facet normal -0.258848 0.965918 0
    outer loop
      vertex 6.93262 5.66852 2.5
      vertex 6.79108 5.63059 5.5
      vertex 6.93262 5.66852 5.5
    endloop
  endfacet
  facet normal -0.258848 0.965918 0
    outer loop
      vertex 6.79108 5.63059 5.5
      vertex 6.93262 5.66852 2.5
      vertex 6.79108 5.63059 2.5
    endloop
  endfacet
  facet normal 0.629328 0.77714 -0
    outer loop
      vertex 5.6771 5.86738 2.5
      vertex 5.56322 5.9596 5.5
      vertex 5.6771 5.86738 5.5
    endloop
  endfacet
  facet normal 0.629328 0.77714 0
    outer loop
      vertex 5.56322 5.9596 5.5
      vertex 5.6771 5.86738 2.5
      vertex 5.56322 5.9596 2.5
    endloop
  endfacet
  facet normal 0.707107 0.707107 0
    outer loop
      vertex 5.56322 5.9596 5.5
      vertex 5.4596 6.06322 2.5
      vertex 5.4596 6.06322 5.5
    endloop
  endfacet
  facet normal 0.707107 0.707107 0
    outer loop
      vertex 5.4596 6.06322 2.5
      vertex 5.56322 5.9596 5.5
      vertex 5.56322 5.9596 2.5
    endloop
  endfacet
  facet normal 0.965918 -0.258848 0
    outer loop
      vertex 5.13059 7.29108 5.5
      vertex 5.16852 7.43262 2.5
      vertex 5.16852 7.43262 5.5
    endloop
  endfacet
  facet normal 0.965918 -0.258848 0
    outer loop
      vertex 5.16852 7.43262 2.5
      vertex 5.13059 7.29108 5.5
      vertex 5.13059 7.29108 2.5
    endloop
  endfacet
  facet normal 0.544629 0.838677 -0
    outer loop
      vertex 5.8 5.78757 2.5
      vertex 5.6771 5.86738 5.5
      vertex 5.8 5.78757 5.5
    endloop
  endfacet
  facet normal 0.544629 0.838677 0
    outer loop
      vertex 5.6771 5.86738 5.5
      vertex 5.8 5.78757 2.5
      vertex 5.6771 5.86738 2.5
    endloop
  endfacet
  facet normal -0.933572 0.358389 0
    outer loop
      vertex 7.77896 6.43057 2.5
      vertex 7.83148 6.56738 5.5
      vertex 7.83148 6.56738 2.5
    endloop
  endfacet
  facet normal -0.933572 0.358389 0
    outer loop
      vertex 7.83148 6.56738 5.5
      vertex 7.77896 6.43057 2.5
      vertex 7.77896 6.43057 5.5
    endloop
  endfacet
  facet normal -0.156404 -0.987693 0
    outer loop
      vertex 6.64634 8.39233 2.5
      vertex 6.79108 8.36941 5.5
      vertex 6.64634 8.39233 5.5
    endloop
  endfacet
  facet normal -0.156404 -0.987693 -0
    outer loop
      vertex 6.79108 8.36941 5.5
      vertex 6.64634 8.39233 2.5
      vertex 6.79108 8.36941 2.5
    endloop
  endfacet
  facet normal -0.544629 -0.838677 0
    outer loop
      vertex 7.2 8.21243 2.5
      vertex 7.3229 8.13262 5.5
      vertex 7.2 8.21243 5.5
    endloop
  endfacet
  facet normal -0.544629 -0.838677 -0
    outer loop
      vertex 7.3229 8.13262 5.5
      vertex 7.2 8.21243 2.5
      vertex 7.3229 8.13262 2.5
    endloop
  endfacet
  facet normal -0.358389 0.933572 0
    outer loop
      vertex 7.06943 5.72104 2.5
      vertex 6.93262 5.66852 5.5
      vertex 7.06943 5.72104 5.5
    endloop
  endfacet
  facet normal -0.358389 0.933572 0
    outer loop
      vertex 6.93262 5.66852 5.5
      vertex 7.06943 5.72104 2.5
      vertex 6.93262 5.66852 2.5
    endloop
  endfacet
  facet normal 0.258848 -0.965918 0
    outer loop
      vertex 6.06738 8.33148 2.5
      vertex 6.20892 8.36941 5.5
      vertex 6.06738 8.33148 5.5
    endloop
  endfacet
  facet normal 0.258848 -0.965918 0
    outer loop
      vertex 6.20892 8.36941 5.5
      vertex 6.06738 8.33148 2.5
      vertex 6.20892 8.36941 2.5
    endloop
  endfacet
  facet normal -0.0523403 -0.998629 0
    outer loop
      vertex 6.5 8.4 2.5
      vertex 6.64634 8.39233 5.5
      vertex 6.5 8.4 5.5
    endloop
  endfacet
  facet normal -0.0523403 -0.998629 -0
    outer loop
      vertex 6.64634 8.39233 5.5
      vertex 6.5 8.4 2.5
      vertex 6.64634 8.39233 2.5
    endloop
  endfacet
  facet normal -0.358389 -0.933572 0
    outer loop
      vertex 6.93262 8.33148 2.5
      vertex 7.06943 8.27896 5.5
      vertex 6.93262 8.33148 5.5
    endloop
  endfacet
  facet normal -0.358389 -0.933572 -0
    outer loop
      vertex 7.06943 8.27896 5.5
      vertex 6.93262 8.33148 2.5
      vertex 7.06943 8.27896 2.5
    endloop
  endfacet
  facet normal -0.965918 0.258848 0
    outer loop
      vertex 7.83148 6.56738 2.5
      vertex 7.86941 6.70892 5.5
      vertex 7.86941 6.70892 2.5
    endloop
  endfacet
  facet normal -0.965918 0.258848 0
    outer loop
      vertex 7.86941 6.70892 5.5
      vertex 7.83148 6.56738 2.5
      vertex 7.83148 6.56738 5.5
    endloop
  endfacet
  facet normal -0.453997 -0.891003 0
    outer loop
      vertex 7.06943 8.27896 2.5
      vertex 7.2 8.21243 5.5
      vertex 7.06943 8.27896 5.5
    endloop
  endfacet
  facet normal -0.453997 -0.891003 -0
    outer loop
      vertex 7.2 8.21243 5.5
      vertex 7.06943 8.27896 2.5
      vertex 7.2 8.21243 2.5
    endloop
  endfacet
  facet normal 0.453997 -0.891003 0
    outer loop
      vertex 5.8 8.21243 2.5
      vertex 5.93057 8.27896 5.5
      vertex 5.8 8.21243 5.5
    endloop
  endfacet
  facet normal 0.453997 -0.891003 0
    outer loop
      vertex 5.93057 8.27896 5.5
      vertex 5.8 8.21243 2.5
      vertex 5.93057 8.27896 2.5
    endloop
  endfacet
  facet normal -0.156404 0.987693 0
    outer loop
      vertex 6.79108 5.63059 2.5
      vertex 6.64634 5.60767 5.5
      vertex 6.79108 5.63059 5.5
    endloop
  endfacet
  facet normal -0.156404 0.987693 0
    outer loop
      vertex 6.64634 5.60767 5.5
      vertex 6.79108 5.63059 2.5
      vertex 6.64634 5.60767 2.5
    endloop
  endfacet
  facet normal 0.258848 0.965918 -0
    outer loop
      vertex 6.20892 5.63059 2.5
      vertex 6.06738 5.66852 5.5
      vertex 6.20892 5.63059 5.5
    endloop
  endfacet
  facet normal 0.258848 0.965918 0
    outer loop
      vertex 6.06738 5.66852 5.5
      vertex 6.20892 5.63059 2.5
      vertex 6.06738 5.66852 2.5
    endloop
  endfacet
  facet normal -0.77714 0.629328 0
    outer loop
      vertex 7.5404 6.06322 2.5
      vertex 7.63262 6.1771 5.5
      vertex 7.63262 6.1771 2.5
    endloop
  endfacet
  facet normal -0.77714 0.629328 0
    outer loop
      vertex 7.63262 6.1771 5.5
      vertex 7.5404 6.06322 2.5
      vertex 7.5404 6.06322 5.5
    endloop
  endfacet
  facet normal -0.629328 -0.77714 0
    outer loop
      vertex 7.3229 8.13262 2.5
      vertex 7.43678 8.0404 5.5
      vertex 7.3229 8.13262 5.5
    endloop
  endfacet
  facet normal -0.629328 -0.77714 -0
    outer loop
      vertex 7.43678 8.0404 5.5
      vertex 7.3229 8.13262 2.5
      vertex 7.43678 8.0404 2.5
    endloop
  endfacet
  facet normal -0.891003 0.453997 0
    outer loop
      vertex 7.71243 6.3 2.5
      vertex 7.77896 6.43057 5.5
      vertex 7.77896 6.43057 2.5
    endloop
  endfacet
  facet normal -0.891003 0.453997 0
    outer loop
      vertex 7.77896 6.43057 5.5
      vertex 7.71243 6.3 2.5
      vertex 7.71243 6.3 5.5
    endloop
  endfacet
  facet normal 0.707107 -0.707107 0
    outer loop
      vertex 5.4596 7.93678 5.5
      vertex 5.56322 8.0404 2.5
      vertex 5.56322 8.0404 5.5
    endloop
  endfacet
  facet normal 0.707107 -0.707107 0
    outer loop
      vertex 5.56322 8.0404 2.5
      vertex 5.4596 7.93678 5.5
      vertex 5.4596 7.93678 2.5
    endloop
  endfacet
  facet normal -0.0523403 0.998629 0
    outer loop
      vertex 6.64634 5.60767 2.5
      vertex 6.5 5.6 5.5
      vertex 6.64634 5.60767 5.5
    endloop
  endfacet
  facet normal -0.0523403 0.998629 0
    outer loop
      vertex 6.5 5.6 5.5
      vertex 6.64634 5.60767 2.5
      vertex 6.5 5.6 2.5
    endloop
  endfacet
  facet normal 0.358389 -0.933572 0
    outer loop
      vertex 5.93057 8.27896 2.5
      vertex 6.06738 8.33148 5.5
      vertex 5.93057 8.27896 5.5
    endloop
  endfacet
  facet normal 0.358389 -0.933572 0
    outer loop
      vertex 6.06738 8.33148 5.5
      vertex 5.93057 8.27896 2.5
      vertex 6.06738 8.33148 2.5
    endloop
  endfacet
  facet normal 0.0523403 -0.998629 0
    outer loop
      vertex 6.35366 8.39233 2.5
      vertex 6.5 8.4 5.5
      vertex 6.35366 8.39233 5.5
    endloop
  endfacet
  facet normal 0.0523403 -0.998629 0
    outer loop
      vertex 6.5 8.4 5.5
      vertex 6.35366 8.39233 2.5
      vertex 6.5 8.4 2.5
    endloop
  endfacet
  facet normal -0.453997 0.891003 0
    outer loop
      vertex 7.2 5.78757 2.5
      vertex 7.06943 5.72104 5.5
      vertex 7.2 5.78757 5.5
    endloop
  endfacet
  facet normal -0.453997 0.891003 0
    outer loop
      vertex 7.06943 5.72104 5.5
      vertex 7.2 5.78757 2.5
      vertex 7.06943 5.72104 2.5
    endloop
  endfacet
  facet normal 0.933572 -0.358389 0
    outer loop
      vertex 5.16852 7.43262 5.5
      vertex 5.22104 7.56943 2.5
      vertex 5.22104 7.56943 5.5
    endloop
  endfacet
  facet normal 0.933572 -0.358389 0
    outer loop
      vertex 5.22104 7.56943 2.5
      vertex 5.16852 7.43262 5.5
      vertex 5.16852 7.43262 2.5
    endloop
  endfacet
  facet normal 0.891003 -0.453997 0
    outer loop
      vertex 5.22104 7.56943 5.5
      vertex 5.28757 7.7 2.5
      vertex 5.28757 7.7 5.5
    endloop
  endfacet
  facet normal 0.891003 -0.453997 0
    outer loop
      vertex 5.28757 7.7 2.5
      vertex 5.22104 7.56943 5.5
      vertex 5.22104 7.56943 2.5
    endloop
  endfacet
  facet normal -0.77714 -0.629328 0
    outer loop
      vertex 7.63262 7.8229 2.5
      vertex 7.5404 7.93678 5.5
      vertex 7.5404 7.93678 2.5
    endloop
  endfacet
  facet normal -0.77714 -0.629328 0
    outer loop
      vertex 7.5404 7.93678 5.5
      vertex 7.63262 7.8229 2.5
      vertex 7.63262 7.8229 5.5
    endloop
  endfacet
  facet normal -0.258848 -0.965918 0
    outer loop
      vertex 6.79108 8.36941 2.5
      vertex 6.93262 8.33148 5.5
      vertex 6.79108 8.36941 5.5
    endloop
  endfacet
  facet normal -0.258848 -0.965918 -0
    outer loop
      vertex 6.93262 8.33148 5.5
      vertex 6.79108 8.36941 2.5
      vertex 6.93262 8.33148 2.5
    endloop
  endfacet
  facet normal -0.933572 -0.358389 0
    outer loop
      vertex 7.83148 7.43262 2.5
      vertex 7.77896 7.56943 5.5
      vertex 7.77896 7.56943 2.5
    endloop
  endfacet
  facet normal -0.933572 -0.358389 0
    outer loop
      vertex 7.77896 7.56943 5.5
      vertex 7.83148 7.43262 2.5
      vertex 7.83148 7.43262 5.5
    endloop
  endfacet
  facet normal -0.838677 0.544629 0
    outer loop
      vertex 7.63262 6.1771 2.5
      vertex 7.71243 6.3 5.5
      vertex 7.71243 6.3 2.5
    endloop
  endfacet
  facet normal -0.838677 0.544629 0
    outer loop
      vertex 7.71243 6.3 5.5
      vertex 7.63262 6.1771 2.5
      vertex 7.63262 6.1771 5.5
    endloop
  endfacet
  facet normal 0.998629 0.0523403 0
    outer loop
      vertex 5.10767 6.85366 5.5
      vertex 5.1 7 2.5
      vertex 5.1 7 5.5
    endloop
  endfacet
  facet normal 0.998629 0.0523403 0
    outer loop
      vertex 5.1 7 2.5
      vertex 5.10767 6.85366 5.5
      vertex 5.10767 6.85366 2.5
    endloop
  endfacet
  facet normal -0.707107 -0.707107 0
    outer loop
      vertex 7.5404 7.93678 2.5
      vertex 7.43678 8.0404 5.5
      vertex 7.43678 8.0404 2.5
    endloop
  endfacet
  facet normal -0.707107 -0.707107 0
    outer loop
      vertex 7.43678 8.0404 5.5
      vertex 7.5404 7.93678 2.5
      vertex 7.5404 7.93678 5.5
    endloop
  endfacet
  facet normal -0.891003 -0.453997 0
    outer loop
      vertex 7.77896 7.56943 2.5
      vertex 7.71243 7.7 5.5
      vertex 7.71243 7.7 2.5
    endloop
  endfacet
  facet normal -0.891003 -0.453997 0
    outer loop
      vertex 7.71243 7.7 5.5
      vertex 7.77896 7.56943 2.5
      vertex 7.77896 7.56943 5.5
    endloop
  endfacet
  facet normal 0.838677 -0.544629 0
    outer loop
      vertex 5.28757 7.7 5.5
      vertex 5.36738 7.8229 2.5
      vertex 5.36738 7.8229 5.5
    endloop
  endfacet
  facet normal 0.838677 -0.544629 0
    outer loop
      vertex 5.36738 7.8229 2.5
      vertex 5.28757 7.7 5.5
      vertex 5.28757 7.7 2.5
    endloop
  endfacet
  facet normal 0.987693 -0.156404 0
    outer loop
      vertex 5.10767 7.14634 5.5
      vertex 5.13059 7.29108 2.5
      vertex 5.13059 7.29108 5.5
    endloop
  endfacet
  facet normal 0.987693 -0.156404 0
    outer loop
      vertex 5.13059 7.29108 2.5
      vertex 5.10767 7.14634 5.5
      vertex 5.10767 7.14634 2.5
    endloop
  endfacet
  facet normal 0.77714 -0.629328 0
    outer loop
      vertex 5.36738 7.8229 5.5
      vertex 5.4596 7.93678 2.5
      vertex 5.4596 7.93678 5.5
    endloop
  endfacet
  facet normal 0.77714 -0.629328 0
    outer loop
      vertex 5.4596 7.93678 2.5
      vertex 5.36738 7.8229 5.5
      vertex 5.36738 7.8229 2.5
    endloop
  endfacet
  facet normal 0.629328 -0.77714 0
    outer loop
      vertex 5.56322 8.0404 2.5
      vertex 5.6771 8.13262 5.5
      vertex 5.56322 8.0404 5.5
    endloop
  endfacet
  facet normal 0.629328 -0.77714 0
    outer loop
      vertex 5.6771 8.13262 5.5
      vertex 5.56322 8.0404 2.5
      vertex 5.6771 8.13262 2.5
    endloop
  endfacet
  facet normal 0.544629 -0.838677 0
    outer loop
      vertex 5.6771 8.13262 2.5
      vertex 5.8 8.21243 5.5
      vertex 5.6771 8.13262 5.5
    endloop
  endfacet
  facet normal 0.544629 -0.838677 0
    outer loop
      vertex 5.8 8.21243 5.5
      vertex 5.6771 8.13262 2.5
      vertex 5.8 8.21243 2.5
    endloop
  endfacet
  facet normal 0.891003 0.453997 0
    outer loop
      vertex 5.28757 6.3 5.5
      vertex 5.22104 6.43057 2.5
      vertex 5.22104 6.43057 5.5
    endloop
  endfacet
  facet normal 0.891003 0.453997 0
    outer loop
      vertex 5.22104 6.43057 2.5
      vertex 5.28757 6.3 5.5
      vertex 5.28757 6.3 2.5
    endloop
  endfacet
  facet normal -0.629328 0.77714 0
    outer loop
      vertex 7.43678 5.9596 2.5
      vertex 7.3229 5.86738 5.5
      vertex 7.43678 5.9596 5.5
    endloop
  endfacet
  facet normal -0.629328 0.77714 0
    outer loop
      vertex 7.3229 5.86738 5.5
      vertex 7.43678 5.9596 2.5
      vertex 7.3229 5.86738 2.5
    endloop
  endfacet
  facet normal 0.358389 0.933572 -0
    outer loop
      vertex 6.06738 5.66852 2.5
      vertex 5.93057 5.72104 5.5
      vertex 6.06738 5.66852 5.5
    endloop
  endfacet
  facet normal 0.358389 0.933572 0
    outer loop
      vertex 5.93057 5.72104 5.5
      vertex 6.06738 5.66852 2.5
      vertex 5.93057 5.72104 2.5
    endloop
  endfacet
  facet normal 0.838677 0.544629 0
    outer loop
      vertex 5.36738 6.1771 5.5
      vertex 5.28757 6.3 2.5
      vertex 5.28757 6.3 5.5
    endloop
  endfacet
  facet normal 0.838677 0.544629 0
    outer loop
      vertex 5.28757 6.3 2.5
      vertex 5.36738 6.1771 5.5
      vertex 5.36738 6.1771 2.5
    endloop
  endfacet
  facet normal 0.987693 0.156404 0
    outer loop
      vertex 5.13059 6.70892 5.5
      vertex 5.10767 6.85366 2.5
      vertex 5.10767 6.85366 5.5
    endloop
  endfacet
  facet normal 0.987693 0.156404 0
    outer loop
      vertex 5.10767 6.85366 2.5
      vertex 5.13059 6.70892 5.5
      vertex 5.13059 6.70892 2.5
    endloop
  endfacet
  facet normal 0.933572 0.358389 0
    outer loop
      vertex 5.22104 6.43057 5.5
      vertex 5.16852 6.56738 2.5
      vertex 5.16852 6.56738 5.5
    endloop
  endfacet
  facet normal 0.933572 0.358389 0
    outer loop
      vertex 5.16852 6.56738 2.5
      vertex 5.22104 6.43057 5.5
      vertex 5.22104 6.43057 2.5
    endloop
  endfacet
  facet normal 0.77714 0.629328 0
    outer loop
      vertex 5.4596 6.06322 5.5
      vertex 5.36738 6.1771 2.5
      vertex 5.36738 6.1771 5.5
    endloop
  endfacet
  facet normal 0.77714 0.629328 0
    outer loop
      vertex 5.36738 6.1771 2.5
      vertex 5.4596 6.06322 5.5
      vertex 5.4596 6.06322 2.5
    endloop
  endfacet
  facet normal -0.544629 0.838677 0
    outer loop
      vertex 7.3229 5.86738 2.5
      vertex 7.2 5.78757 5.5
      vertex 7.3229 5.86738 5.5
    endloop
  endfacet
  facet normal -0.544629 0.838677 0
    outer loop
      vertex 7.2 5.78757 5.5
      vertex 7.3229 5.86738 2.5
      vertex 7.2 5.78757 2.5
    endloop
  endfacet
  facet normal 0.0523403 0.998629 -0
    outer loop
      vertex 6.5 5.6 2.5
      vertex 6.35366 5.60767 5.5
      vertex 6.5 5.6 5.5
    endloop
  endfacet
  facet normal 0.0523403 0.998629 0
    outer loop
      vertex 6.35366 5.60767 5.5
      vertex 6.5 5.6 2.5
      vertex 6.35366 5.60767 2.5
    endloop
  endfacet
  facet normal 0.998629 -0.0523403 0
    outer loop
      vertex 5.1 7 5.5
      vertex 5.10767 7.14634 2.5
      vertex 5.10767 7.14634 5.5
    endloop
  endfacet
  facet normal 0.998629 -0.0523403 0
    outer loop
      vertex 5.10767 7.14634 2.5
      vertex 5.1 7 5.5
      vertex 5.1 7 2.5
    endloop
  endfacet
  facet normal 0.156404 0.987693 -0
    outer loop
      vertex 6.35366 5.60767 2.5
      vertex 6.20892 5.63059 5.5
      vertex 6.35366 5.60767 5.5
    endloop
  endfacet
  facet normal 0.156404 0.987693 0
    outer loop
      vertex 6.20892 5.63059 5.5
      vertex 6.35366 5.60767 2.5
      vertex 6.20892 5.63059 2.5
    endloop
  endfacet
  facet normal -0.707107 0.707107 0
    outer loop
      vertex 7.43678 5.9596 2.5
      vertex 7.5404 6.06322 5.5
      vertex 7.5404 6.06322 2.5
    endloop
  endfacet
  facet normal -0.707107 0.707107 0
    outer loop
      vertex 7.5404 6.06322 5.5
      vertex 7.43678 5.9596 2.5
      vertex 7.43678 5.9596 5.5
    endloop
  endfacet
  facet normal 0.777306 -0.629122 0
    outer loop
      vertex 70.3579 5.32717 5.5
      vertex 70.5225 5.53054 2.5
      vertex 70.5225 5.53054 5.5
    endloop
  endfacet
  facet normal 0.777306 -0.629122 0
    outer loop
      vertex 70.5225 5.53054 2.5
      vertex 70.3579 5.32717 5.5
      vertex 70.3579 5.32717 2.5
    endloop
  endfacet
  facet normal -0.629438 0.777051 0
    outer loop
      vertex 67.0305 9.02254 2.5
      vertex 66.8272 8.85786 5.5
      vertex 67.0305 9.02254 5.5
    endloop
  endfacet
  facet normal -0.629438 0.777051 0
    outer loop
      vertex 66.8272 8.85786 5.5
      vertex 67.0305 9.02254 2.5
      vertex 66.8272 8.85786 2.5
    endloop
  endfacet
  facet normal 0.965856 -0.25908 0
    outer loop
      vertex 70.8776 6.22746 5.5
      vertex 70.9454 6.48022 2.5
      vertex 70.9454 6.48022 5.5
    endloop
  endfacet
  facet normal 0.965856 -0.25908 0
    outer loop
      vertex 70.9454 6.48022 2.5
      vertex 70.8776 6.22746 5.5
      vertex 70.8776 6.22746 2.5
    endloop
  endfacet
  facet normal -0.777306 -0.629122 0
    outer loop
      vertex 66.6421 5.32717 2.5
      vertex 66.4775 5.53054 5.5
      vertex 66.4775 5.53054 2.5
    endloop
  endfacet
  facet normal -0.777306 -0.629122 0
    outer loop
      vertex 66.4775 5.53054 5.5
      vertex 66.6421 5.32717 2.5
      vertex 66.6421 5.32717 5.5
    endloop
  endfacet
  facet normal -0.0523582 0.998628 0
    outer loop
      vertex 68.5 9.5 2.5
      vertex 68.2387 9.4863 5.5
      vertex 68.5 9.5 5.5
    endloop
  endfacet
  facet normal -0.0523582 0.998628 0
    outer loop
      vertex 68.2387 9.4863 5.5
      vertex 68.5 9.5 2.5
      vertex 68.2387 9.4863 2.5
    endloop
  endfacet
  facet normal 0.706973 0.70724 0
    outer loop
      vertex 70.3579 8.67283 5.5
      vertex 70.1728 8.85786 2.5
      vertex 70.1728 8.85786 5.5
    endloop
  endfacet
  facet normal 0.706973 0.70724 0
    outer loop
      vertex 70.1728 8.85786 2.5
      vertex 70.3579 8.67283 5.5
      vertex 70.3579 8.67283 2.5
    endloop
  endfacet
  facet normal -0.965856 0.25908 0
    outer loop
      vertex 66.0546 7.51978 2.5
      vertex 66.1224 7.77254 5.5
      vertex 66.1224 7.77254 2.5
    endloop
  endfacet
  facet normal -0.965856 0.25908 0
    outer loop
      vertex 66.1224 7.77254 5.5
      vertex 66.0546 7.51978 2.5
      vertex 66.0546 7.51978 5.5
    endloop
  endfacet
  facet normal 0.156388 0.987696 -0
    outer loop
      vertex 69.0198 9.44537 2.5
      vertex 68.7613 9.4863 5.5
      vertex 69.0198 9.44537 5.5
    endloop
  endfacet
  facet normal 0.156388 0.987696 0
    outer loop
      vertex 68.7613 9.4863 5.5
      vertex 69.0198 9.44537 2.5
      vertex 68.7613 9.4863 2.5
    endloop
  endfacet
  facet normal 0.98771 0.1563 0
    outer loop
      vertex 70.9863 7.26132 5.5
      vertex 70.9454 7.51978 2.5
      vertex 70.9454 7.51978 5.5
    endloop
  endfacet
  facet normal 0.98771 0.1563 0
    outer loop
      vertex 70.9454 7.51978 2.5
      vertex 70.9863 7.26132 5.5
      vertex 70.9863 7.26132 2.5
    endloop
  endfacet
  facet normal 0.891008 0.453988 0
    outer loop
      vertex 70.7839 8.01684 5.5
      vertex 70.6651 8.25 2.5
      vertex 70.6651 8.25 5.5
    endloop
  endfacet
  facet normal 0.891008 0.453988 0
    outer loop
      vertex 70.6651 8.25 2.5
      vertex 70.7839 8.01684 5.5
      vertex 70.7839 8.01684 2.5
    endloop
  endfacet
  facet normal 0.965856 0.25908 0
    outer loop
      vertex 70.9454 7.51978 5.5
      vertex 70.8776 7.77254 2.5
      vertex 70.8776 7.77254 5.5
    endloop
  endfacet
  facet normal 0.965856 0.25908 0
    outer loop
      vertex 70.8776 7.77254 2.5
      vertex 70.9454 7.51978 5.5
      vertex 70.9454 7.51978 2.5
    endloop
  endfacet
  facet normal 0.998629 0.0523542 0
    outer loop
      vertex 71 7 5.5
      vertex 70.9863 7.26132 2.5
      vertex 70.9863 7.26132 5.5
    endloop
  endfacet
  facet normal 0.998629 0.0523542 0
    outer loop
      vertex 70.9863 7.26132 2.5
      vertex 71 7 5.5
      vertex 71 7 2.5
    endloop
  endfacet
  facet normal 0.93368 -0.358108 0
    outer loop
      vertex 70.7839 5.98316 5.5
      vertex 70.8776 6.22746 2.5
      vertex 70.8776 6.22746 5.5
    endloop
  endfacet
  facet normal 0.93368 -0.358108 0
    outer loop
      vertex 70.8776 6.22746 2.5
      vertex 70.7839 5.98316 5.5
      vertex 70.7839 5.98316 2.5
    endloop
  endfacet
  facet normal -0.838529 0.544857 0
    outer loop
      vertex 66.3349 8.25 2.5
      vertex 66.4775 8.46946 5.5
      vertex 66.4775 8.46946 2.5
    endloop
  endfacet
  facet normal -0.838529 0.544857 0
    outer loop
      vertex 66.4775 8.46946 5.5
      vertex 66.3349 8.25 2.5
      vertex 66.3349 8.25 5.5
    endloop
  endfacet
  facet normal -0.629438 -0.777051 0
    outer loop
      vertex 66.8272 5.14214 2.5
      vertex 67.0305 4.97746 5.5
      vertex 66.8272 5.14214 5.5
    endloop
  endfacet
  facet normal -0.629438 -0.777051 -0
    outer loop
      vertex 67.0305 4.97746 5.5
      vertex 66.8272 5.14214 2.5
      vertex 67.0305 4.97746 2.5
    endloop
  endfacet
  facet normal -0.544572 0.838714 0
    outer loop
      vertex 67.25 9.16506 2.5
      vertex 67.0305 9.02254 5.5
      vertex 67.25 9.16506 5.5
    endloop
  endfacet
  facet normal -0.544572 0.838714 0
    outer loop
      vertex 67.0305 9.02254 5.5
      vertex 67.25 9.16506 2.5
      vertex 67.0305 9.02254 2.5
    endloop
  endfacet
  facet normal 0.998629 -0.0523542 0
    outer loop
      vertex 70.9863 6.73868 5.5
      vertex 71 7 2.5
      vertex 71 7 5.5
    endloop
  endfacet
  facet normal 0.998629 -0.0523542 0
    outer loop
      vertex 71 7 2.5
      vertex 70.9863 6.73868 5.5
      vertex 70.9863 6.73868 2.5
    endloop
  endfacet
  facet normal -0.453926 0.891039 0
    outer loop
      vertex 67.4832 9.28386 2.5
      vertex 67.25 9.16506 5.5
      vertex 67.4832 9.28386 5.5
    endloop
  endfacet
  facet normal -0.453926 0.891039 0
    outer loop
      vertex 67.25 9.16506 5.5
      vertex 67.4832 9.28386 2.5
      vertex 67.25 9.16506 2.5
    endloop
  endfacet
  facet normal -0.998629 0.0523542 0
    outer loop
      vertex 66 7 2.5
      vertex 66.0137 7.26132 5.5
      vertex 66.0137 7.26132 2.5
    endloop
  endfacet
  facet normal -0.998629 0.0523542 0
    outer loop
      vertex 66.0137 7.26132 5.5
      vertex 66 7 2.5
      vertex 66 7 5.5
    endloop
  endfacet
  facet normal 0.453926 0.891039 -0
    outer loop
      vertex 69.75 9.16506 2.5
      vertex 69.5168 9.28386 5.5
      vertex 69.75 9.16506 5.5
    endloop
  endfacet
  facet normal 0.453926 0.891039 0
    outer loop
      vertex 69.5168 9.28386 5.5
      vertex 69.75 9.16506 2.5
      vertex 69.5168 9.28386 2.5
    endloop
  endfacet
  facet normal 0.93368 0.358108 0
    outer loop
      vertex 70.8776 7.77254 5.5
      vertex 70.7839 8.01684 2.5
      vertex 70.7839 8.01684 5.5
    endloop
  endfacet
  facet normal 0.93368 0.358108 0
    outer loop
      vertex 70.7839 8.01684 2.5
      vertex 70.8776 7.77254 5.5
      vertex 70.8776 7.77254 2.5
    endloop
  endfacet
  facet normal -0.93368 -0.358108 0
    outer loop
      vertex 66.2161 5.98316 2.5
      vertex 66.1224 6.22746 5.5
      vertex 66.1224 6.22746 2.5
    endloop
  endfacet
  facet normal -0.93368 -0.358108 0
    outer loop
      vertex 66.1224 6.22746 5.5
      vertex 66.2161 5.98316 2.5
      vertex 66.2161 5.98316 5.5
    endloop
  endfacet
  facet normal 0.156388 -0.987696 0
    outer loop
      vertex 68.7613 4.5137 2.5
      vertex 69.0198 4.55463 5.5
      vertex 68.7613 4.5137 5.5
    endloop
  endfacet
  facet normal 0.156388 -0.987696 0
    outer loop
      vertex 69.0198 4.55463 5.5
      vertex 68.7613 4.5137 2.5
      vertex 69.0198 4.55463 2.5
    endloop
  endfacet
  facet normal 0.838529 0.544857 0
    outer loop
      vertex 70.6651 8.25 5.5
      vertex 70.5225 8.46946 2.5
      vertex 70.5225 8.46946 5.5
    endloop
  endfacet
  facet normal 0.838529 0.544857 0
    outer loop
      vertex 70.5225 8.46946 2.5
      vertex 70.6651 8.25 5.5
      vertex 70.6651 8.25 2.5
    endloop
  endfacet
  facet normal -0.258888 0.965907 0
    outer loop
      vertex 67.9802 9.44537 2.5
      vertex 67.7275 9.37764 5.5
      vertex 67.9802 9.44537 5.5
    endloop
  endfacet
  facet normal -0.258888 0.965907 0
    outer loop
      vertex 67.7275 9.37764 5.5
      vertex 67.9802 9.44537 2.5
      vertex 67.7275 9.37764 2.5
    endloop
  endfacet
  facet normal -0.93368 0.358108 0
    outer loop
      vertex 66.1224 7.77254 2.5
      vertex 66.2161 8.01684 5.5
      vertex 66.2161 8.01684 2.5
    endloop
  endfacet
  facet normal -0.93368 0.358108 0
    outer loop
      vertex 66.2161 8.01684 5.5
      vertex 66.1224 7.77254 2.5
      vertex 66.1224 7.77254 5.5
    endloop
  endfacet
  facet normal 0.453926 -0.891039 0
    outer loop
      vertex 69.5168 4.71614 2.5
      vertex 69.75 4.83494 5.5
      vertex 69.5168 4.71614 5.5
    endloop
  endfacet
  facet normal 0.453926 -0.891039 0
    outer loop
      vertex 69.75 4.83494 5.5
      vertex 69.5168 4.71614 2.5
      vertex 69.75 4.83494 2.5
    endloop
  endfacet
  facet normal 0.358375 0.933578 -0
    outer loop
      vertex 69.5168 9.28386 2.5
      vertex 69.2725 9.37764 5.5
      vertex 69.5168 9.28386 5.5
    endloop
  endfacet
  facet normal 0.358375 0.933578 0
    outer loop
      vertex 69.2725 9.37764 5.5
      vertex 69.5168 9.28386 2.5
      vertex 69.2725 9.37764 2.5
    endloop
  endfacet
  facet normal -0.998629 -0.0523542 0
    outer loop
      vertex 66.0137 6.73868 2.5
      vertex 66 7 5.5
      vertex 66 7 2.5
    endloop
  endfacet
  facet normal -0.998629 -0.0523542 0
    outer loop
      vertex 66 7 5.5
      vertex 66.0137 6.73868 2.5
      vertex 66.0137 6.73868 5.5
    endloop
  endfacet
  facet normal 0.891008 -0.453988 0
    outer loop
      vertex 70.6651 5.75 5.5
      vertex 70.7839 5.98316 2.5
      vertex 70.7839 5.98316 5.5
    endloop
  endfacet
  facet normal 0.891008 -0.453988 0
    outer loop
      vertex 70.7839 5.98316 2.5
      vertex 70.6651 5.75 5.5
      vertex 70.6651 5.75 2.5
    endloop
  endfacet
  facet normal -0.891008 -0.453988 0
    outer loop
      vertex 66.3349 5.75 2.5
      vertex 66.2161 5.98316 5.5
      vertex 66.2161 5.98316 2.5
    endloop
  endfacet
  facet normal -0.891008 -0.453988 0
    outer loop
      vertex 66.2161 5.98316 5.5
      vertex 66.3349 5.75 2.5
      vertex 66.3349 5.75 5.5
    endloop
  endfacet
  facet normal -0.706973 -0.70724 0
    outer loop
      vertex 66.8272 5.14214 2.5
      vertex 66.6421 5.32717 5.5
      vertex 66.6421 5.32717 2.5
    endloop
  endfacet
  facet normal -0.706973 -0.70724 0
    outer loop
      vertex 66.6421 5.32717 5.5
      vertex 66.8272 5.14214 2.5
      vertex 66.8272 5.14214 5.5
    endloop
  endfacet
  facet normal -0.358375 -0.933578 0
    outer loop
      vertex 67.4832 4.71614 2.5
      vertex 67.7275 4.62236 5.5
      vertex 67.4832 4.71614 5.5
    endloop
  endfacet
  facet normal -0.358375 -0.933578 -0
    outer loop
      vertex 67.7275 4.62236 5.5
      vertex 67.4832 4.71614 2.5
      vertex 67.7275 4.62236 2.5
    endloop
  endfacet
  facet normal 0.777306 0.629122 0
    outer loop
      vertex 70.5225 8.46946 5.5
      vertex 70.3579 8.67283 2.5
      vertex 70.3579 8.67283 5.5
    endloop
  endfacet
  facet normal 0.777306 0.629122 0
    outer loop
      vertex 70.3579 8.67283 2.5
      vertex 70.5225 8.46946 5.5
      vertex 70.5225 8.46946 2.5
    endloop
  endfacet
  facet normal -0.156388 0.987696 0
    outer loop
      vertex 68.2387 9.4863 2.5
      vertex 67.9802 9.44537 5.5
      vertex 68.2387 9.4863 5.5
    endloop
  endfacet
  facet normal -0.156388 0.987696 0
    outer loop
      vertex 67.9802 9.44537 5.5
      vertex 68.2387 9.4863 2.5
      vertex 67.9802 9.44537 2.5
    endloop
  endfacet
  facet normal 0.0523582 0.998628 -0
    outer loop
      vertex 68.7613 9.4863 2.5
      vertex 68.5 9.5 5.5
      vertex 68.7613 9.4863 5.5
    endloop
  endfacet
  facet normal 0.0523582 0.998628 0
    outer loop
      vertex 68.5 9.5 5.5
      vertex 68.7613 9.4863 2.5
      vertex 68.5 9.5 2.5
    endloop
  endfacet
  facet normal -0.838529 -0.544857 0
    outer loop
      vertex 66.4775 5.53054 2.5
      vertex 66.3349 5.75 5.5
      vertex 66.3349 5.75 2.5
    endloop
  endfacet
  facet normal -0.838529 -0.544857 0
    outer loop
      vertex 66.3349 5.75 5.5
      vertex 66.4775 5.53054 2.5
      vertex 66.4775 5.53054 5.5
    endloop
  endfacet
  facet normal 0.0523582 -0.998628 0
    outer loop
      vertex 68.5 4.5 2.5
      vertex 68.7613 4.5137 5.5
      vertex 68.5 4.5 5.5
    endloop
  endfacet
  facet normal 0.0523582 -0.998628 0
    outer loop
      vertex 68.7613 4.5137 5.5
      vertex 68.5 4.5 2.5
      vertex 68.7613 4.5137 2.5
    endloop
  endfacet
  facet normal 0.629438 -0.777051 0
    outer loop
      vertex 69.9695 4.97746 2.5
      vertex 70.1728 5.14214 5.5
      vertex 69.9695 4.97746 5.5
    endloop
  endfacet
  facet normal 0.629438 -0.777051 0
    outer loop
      vertex 70.1728 5.14214 5.5
      vertex 69.9695 4.97746 2.5
      vertex 70.1728 5.14214 2.5
    endloop
  endfacet
  facet normal 0.544572 0.838714 -0
    outer loop
      vertex 69.9695 9.02254 2.5
      vertex 69.75 9.16506 5.5
      vertex 69.9695 9.02254 5.5
    endloop
  endfacet
  facet normal 0.544572 0.838714 0
    outer loop
      vertex 69.75 9.16506 5.5
      vertex 69.9695 9.02254 2.5
      vertex 69.75 9.16506 2.5
    endloop
  endfacet
  facet normal -0.965856 -0.25908 0
    outer loop
      vertex 66.1224 6.22746 2.5
      vertex 66.0546 6.48022 5.5
      vertex 66.0546 6.48022 2.5
    endloop
  endfacet
  facet normal -0.965856 -0.25908 0
    outer loop
      vertex 66.0546 6.48022 5.5
      vertex 66.1224 6.22746 2.5
      vertex 66.1224 6.22746 5.5
    endloop
  endfacet
  facet normal 0.629438 0.777051 -0
    outer loop
      vertex 70.1728 8.85786 2.5
      vertex 69.9695 9.02254 5.5
      vertex 70.1728 8.85786 5.5
    endloop
  endfacet
  facet normal 0.629438 0.777051 0
    outer loop
      vertex 69.9695 9.02254 5.5
      vertex 70.1728 8.85786 2.5
      vertex 69.9695 9.02254 2.5
    endloop
  endfacet
  facet normal 0.98771 -0.1563 0
    outer loop
      vertex 70.9454 6.48022 5.5
      vertex 70.9863 6.73868 2.5
      vertex 70.9863 6.73868 5.5
    endloop
  endfacet
  facet normal 0.98771 -0.1563 0
    outer loop
      vertex 70.9863 6.73868 2.5
      vertex 70.9454 6.48022 5.5
      vertex 70.9454 6.48022 2.5
    endloop
  endfacet
  facet normal -0.258888 -0.965907 0
    outer loop
      vertex 67.7275 4.62236 2.5
      vertex 67.9802 4.55463 5.5
      vertex 67.7275 4.62236 5.5
    endloop
  endfacet
  facet normal -0.258888 -0.965907 -0
    outer loop
      vertex 67.9802 4.55463 5.5
      vertex 67.7275 4.62236 2.5
      vertex 67.9802 4.55463 2.5
    endloop
  endfacet
  facet normal -0.98771 -0.1563 0
    outer loop
      vertex 66.0546 6.48022 2.5
      vertex 66.0137 6.73868 5.5
      vertex 66.0137 6.73868 2.5
    endloop
  endfacet
  facet normal -0.98771 -0.1563 0
    outer loop
      vertex 66.0137 6.73868 5.5
      vertex 66.0546 6.48022 2.5
      vertex 66.0546 6.48022 5.5
    endloop
  endfacet
  facet normal 0.838529 -0.544857 0
    outer loop
      vertex 70.5225 5.53054 5.5
      vertex 70.6651 5.75 2.5
      vertex 70.6651 5.75 5.5
    endloop
  endfacet
  facet normal 0.838529 -0.544857 0
    outer loop
      vertex 70.6651 5.75 2.5
      vertex 70.5225 5.53054 5.5
      vertex 70.5225 5.53054 2.5
    endloop
  endfacet
  facet normal -0.358375 0.933578 0
    outer loop
      vertex 67.7275 9.37764 2.5
      vertex 67.4832 9.28386 5.5
      vertex 67.7275 9.37764 5.5
    endloop
  endfacet
  facet normal -0.358375 0.933578 0
    outer loop
      vertex 67.4832 9.28386 5.5
      vertex 67.7275 9.37764 2.5
      vertex 67.4832 9.28386 2.5
    endloop
  endfacet
  facet normal 0.544572 -0.838714 0
    outer loop
      vertex 69.75 4.83494 2.5
      vertex 69.9695 4.97746 5.5
      vertex 69.75 4.83494 5.5
    endloop
  endfacet
  facet normal 0.544572 -0.838714 0
    outer loop
      vertex 69.9695 4.97746 5.5
      vertex 69.75 4.83494 2.5
      vertex 69.9695 4.97746 2.5
    endloop
  endfacet
  facet normal -0.98771 0.1563 0
    outer loop
      vertex 66.0137 7.26132 2.5
      vertex 66.0546 7.51978 5.5
      vertex 66.0546 7.51978 2.5
    endloop
  endfacet
  facet normal -0.98771 0.1563 0
    outer loop
      vertex 66.0546 7.51978 5.5
      vertex 66.0137 7.26132 2.5
      vertex 66.0137 7.26132 5.5
    endloop
  endfacet
  facet normal 0.358375 -0.933578 0
    outer loop
      vertex 69.2725 4.62236 2.5
      vertex 69.5168 4.71614 5.5
      vertex 69.2725 4.62236 5.5
    endloop
  endfacet
  facet normal 0.358375 -0.933578 0
    outer loop
      vertex 69.5168 4.71614 5.5
      vertex 69.2725 4.62236 2.5
      vertex 69.5168 4.71614 2.5
    endloop
  endfacet
  facet normal -0.156388 -0.987696 0
    outer loop
      vertex 67.9802 4.55463 2.5
      vertex 68.2387 4.5137 5.5
      vertex 67.9802 4.55463 5.5
    endloop
  endfacet
  facet normal -0.156388 -0.987696 -0
    outer loop
      vertex 68.2387 4.5137 5.5
      vertex 67.9802 4.55463 2.5
      vertex 68.2387 4.5137 2.5
    endloop
  endfacet
  facet normal -0.706973 0.70724 0
    outer loop
      vertex 66.6421 8.67283 2.5
      vertex 66.8272 8.85786 5.5
      vertex 66.8272 8.85786 2.5
    endloop
  endfacet
  facet normal -0.706973 0.70724 0
    outer loop
      vertex 66.8272 8.85786 5.5
      vertex 66.6421 8.67283 2.5
      vertex 66.6421 8.67283 5.5
    endloop
  endfacet
  facet normal 0.258888 -0.965907 0
    outer loop
      vertex 69.0198 4.55463 2.5
      vertex 69.2725 4.62236 5.5
      vertex 69.0198 4.55463 5.5
    endloop
  endfacet
  facet normal 0.258888 -0.965907 0
    outer loop
      vertex 69.2725 4.62236 5.5
      vertex 69.0198 4.55463 2.5
      vertex 69.2725 4.62236 2.5
    endloop
  endfacet
  facet normal 0 0 1
    outer loop
      vertex 69.9 7 5.5
      vertex 71 7 5.5
      vertex 70.9863 7.26132 5.5
    endloop
  endfacet
  facet normal 0 0 1
    outer loop
      vertex 69.8923 7.14634 5.5
      vertex 70.9863 7.26132 5.5
      vertex 70.9454 7.51978 5.5
    endloop
  endfacet
  facet normal 0 0 1
    outer loop
      vertex 71 7 5.5
      vertex 69.9 7 5.5
      vertex 70.9863 6.73868 5.5
    endloop
  endfacet
  facet normal 0 0 1
    outer loop
      vertex 69.8694 7.29108 5.5
      vertex 70.9454 7.51978 5.5
      vertex 70.8776 7.77254 5.5
    endloop
  endfacet
  facet normal -0 0 1
    outer loop
      vertex 69.8923 6.85366 5.5
      vertex 70.9863 6.73868 5.5
      vertex 69.9 7 5.5
    endloop
  endfacet
  facet normal 0 0 1
    outer loop
      vertex 69.8315 7.43262 5.5
      vertex 70.8776 7.77254 5.5
      vertex 70.7839 8.01684 5.5
    endloop
  endfacet
  facet normal 0 0 1
    outer loop
      vertex 70.9863 6.73868 5.5
      vertex 69.8923 6.85366 5.5
      vertex 70.9454 6.48022 5.5
    endloop
  endfacet
  facet normal 0 0 1
    outer loop
      vertex 69.779 7.56943 5.5
      vertex 70.7839 8.01684 5.5
      vertex 70.6651 8.25 5.5
    endloop
  endfacet
  facet normal -0 0 1
    outer loop
      vertex 69.8694 6.70892 5.5
      vertex 70.9454 6.48022 5.5
      vertex 69.8923 6.85366 5.5
    endloop
  endfacet
  facet normal 0 0 1
    outer loop
      vertex 69.7124 7.7 5.5
      vertex 70.6651 8.25 5.5
      vertex 70.5225 8.46946 5.5
    endloop
  endfacet
  facet normal 0 0 1
    outer loop
      vertex 70.9454 6.48022 5.5
      vertex 69.8694 6.70892 5.5
      vertex 70.8776 6.22746 5.5
    endloop
  endfacet
  facet normal 0 0 1
    outer loop
      vertex 69.6326 7.8229 5.5
      vertex 70.5225 8.46946 5.5
      vertex 70.3579 8.67283 5.5
    endloop
  endfacet
  facet normal -0 0 1
    outer loop
      vertex 69.8315 6.56738 5.5
      vertex 70.8776 6.22746 5.5
      vertex 69.8694 6.70892 5.5
    endloop
  endfacet
  facet normal 0 0 1
    outer loop
      vertex 69.5404 7.93678 5.5
      vertex 70.3579 8.67283 5.5
      vertex 70.1728 8.85786 5.5
    endloop
  endfacet
  facet normal 0 0 1
    outer loop
      vertex 70.8776 6.22746 5.5
      vertex 69.8315 6.56738 5.5
      vertex 70.7839 5.98316 5.5
    endloop
  endfacet
  facet normal 0 0 1
    outer loop
      vertex 69.4368 8.0404 5.5
      vertex 70.1728 8.85786 5.5
      vertex 69.9695 9.02254 5.5
    endloop
  endfacet
  facet normal -0 0 1
    outer loop
      vertex 69.779 6.43057 5.5
      vertex 70.7839 5.98316 5.5
      vertex 69.8315 6.56738 5.5
    endloop
  endfacet
  facet normal 0 0 1
    outer loop
      vertex 70.7839 5.98316 5.5
      vertex 69.779 6.43057 5.5
      vertex 70.6651 5.75 5.5
    endloop
  endfacet
  facet normal 0 0 1
    outer loop
      vertex 70.9863 7.26132 5.5
      vertex 69.8923 7.14634 5.5
      vertex 69.9 7 5.5
    endloop
  endfacet
  facet normal 0 0 1
    outer loop
      vertex 70.9454 7.51978 5.5
      vertex 69.8694 7.29108 5.5
      vertex 69.8923 7.14634 5.5
    endloop
  endfacet
  facet normal 0 0 1
    outer loop
      vertex 70.8776 7.77254 5.5
      vertex 69.8315 7.43262 5.5
      vertex 69.8694 7.29108 5.5
    endloop
  endfacet
  facet normal 0 0 1
    outer loop
      vertex 70.7839 8.01684 5.5
      vertex 69.779 7.56943 5.5
      vertex 69.8315 7.43262 5.5
    endloop
  endfacet
  facet normal 0 0 1
    outer loop
      vertex 69.3229 8.13262 5.5
      vertex 69.9695 9.02254 5.5
      vertex 69.75 9.16506 5.5
    endloop
  endfacet
  facet normal 0 0 1
    outer loop
      vertex 70.6651 8.25 5.5
      vertex 69.7124 7.7 5.5
      vertex 69.779 7.56943 5.5
    endloop
  endfacet
  facet normal 0 0 1
    outer loop
      vertex 70.5225 8.46946 5.5
      vertex 69.6326 7.8229 5.5
      vertex 69.7124 7.7 5.5
    endloop
  endfacet
  facet normal 0 0 1
    outer loop
      vertex 70.3579 8.67283 5.5
      vertex 69.5404 7.93678 5.5
      vertex 69.6326 7.8229 5.5
    endloop
  endfacet
  facet normal 0 0 1
    outer loop
      vertex 69.2 8.21243 5.5
      vertex 69.75 9.16506 5.5
      vertex 69.5168 9.28386 5.5
    endloop
  endfacet
  facet normal 0 0 1
    outer loop
      vertex 70.1728 8.85786 5.5
      vertex 69.4368 8.0404 5.5
      vertex 69.5404 7.93678 5.5
    endloop
  endfacet
  facet normal 0 0 1
    outer loop
      vertex 69.9695 9.02254 5.5
      vertex 69.3229 8.13262 5.5
      vertex 69.4368 8.0404 5.5
    endloop
  endfacet
  facet normal 0 0 1
    outer loop
      vertex 69.0694 8.27896 5.5
      vertex 69.5168 9.28386 5.5
      vertex 69.2725 9.37764 5.5
    endloop
  endfacet
  facet normal 0 0 1
    outer loop
      vertex 69.75 9.16506 5.5
      vertex 69.2 8.21243 5.5
      vertex 69.3229 8.13262 5.5
    endloop
  endfacet
  facet normal 0 0 1
    outer loop
      vertex 69.5168 9.28386 5.5
      vertex 69.0694 8.27896 5.5
      vertex 69.2 8.21243 5.5
    endloop
  endfacet
  facet normal 0 0 1
    outer loop
      vertex 68.9326 8.33148 5.5
      vertex 69.2725 9.37764 5.5
      vertex 69.0198 9.44537 5.5
    endloop
  endfacet
  facet normal 0 0 1
    outer loop
      vertex 69.2725 9.37764 5.5
      vertex 68.9326 8.33148 5.5
      vertex 69.0694 8.27896 5.5
    endloop
  endfacet
  facet normal 0 0 1
    outer loop
      vertex 69.0198 9.44537 5.5
      vertex 68.7911 8.36941 5.5
      vertex 68.9326 8.33148 5.5
    endloop
  endfacet
  facet normal 0 0 1
    outer loop
      vertex 68.7613 9.4863 5.5
      vertex 68.7911 8.36941 5.5
      vertex 69.0198 9.44537 5.5
    endloop
  endfacet
  facet normal 0 0 1
    outer loop
      vertex 68.7613 9.4863 5.5
      vertex 68.6463 8.39233 5.5
      vertex 68.7911 8.36941 5.5
    endloop
  endfacet
  facet normal 0 0 1
    outer loop
      vertex 68.5 9.5 5.5
      vertex 68.6463 8.39233 5.5
      vertex 68.7613 9.4863 5.5
    endloop
  endfacet
  facet normal 0 0 1
    outer loop
      vertex 68.5 9.5 5.5
      vertex 68.5 8.4 5.5
      vertex 68.6463 8.39233 5.5
    endloop
  endfacet
  facet normal 0 0 1
    outer loop
      vertex 68.5 9.5 5.5
      vertex 68.3537 8.39233 5.5
      vertex 68.5 8.4 5.5
    endloop
  endfacet
  facet normal -0 0 1
    outer loop
      vertex 68.2387 9.4863 5.5
      vertex 68.3537 8.39233 5.5
      vertex 68.5 9.5 5.5
    endloop
  endfacet
  facet normal 0 0 1
    outer loop
      vertex 68.2387 9.4863 5.5
      vertex 68.2089 8.36941 5.5
      vertex 68.3537 8.39233 5.5
    endloop
  endfacet
  facet normal -0 0 1
    outer loop
      vertex 67.9802 9.44537 5.5
      vertex 68.2089 8.36941 5.5
      vertex 68.2387 9.4863 5.5
    endloop
  endfacet
  facet normal 0 0 1
    outer loop
      vertex 68.2089 8.36941 5.5
      vertex 67.9802 9.44537 5.5
      vertex 68.0674 8.33148 5.5
    endloop
  endfacet
  facet normal -0 0 1
    outer loop
      vertex 67.7275 9.37764 5.5
      vertex 68.0674 8.33148 5.5
      vertex 67.9802 9.44537 5.5
    endloop
  endfacet
  facet normal 0 0 1
    outer loop
      vertex 68.0674 8.33148 5.5
      vertex 67.7275 9.37764 5.5
      vertex 67.9306 8.27896 5.5
    endloop
  endfacet
  facet normal -0 0 1
    outer loop
      vertex 67.4832 9.28386 5.5
      vertex 67.9306 8.27896 5.5
      vertex 67.7275 9.37764 5.5
    endloop
  endfacet
  facet normal 0 0 1
    outer loop
      vertex 67.9306 8.27896 5.5
      vertex 67.4832 9.28386 5.5
      vertex 67.8 8.21243 5.5
    endloop
  endfacet
  facet normal -0 0 1
    outer loop
      vertex 67.25 9.16506 5.5
      vertex 67.8 8.21243 5.5
      vertex 67.4832 9.28386 5.5
    endloop
  endfacet
  facet normal 0 0 1
    outer loop
      vertex 67.8 8.21243 5.5
      vertex 67.25 9.16506 5.5
      vertex 67.6771 8.13262 5.5
    endloop
  endfacet
  facet normal -0 0 1
    outer loop
      vertex 67.0305 9.02254 5.5
      vertex 67.6771 8.13262 5.5
      vertex 67.25 9.16506 5.5
    endloop
  endfacet
  facet normal 0 0 1
    outer loop
      vertex 67.6771 8.13262 5.5
      vertex 67.0305 9.02254 5.5
      vertex 67.5632 8.0404 5.5
    endloop
  endfacet
  facet normal -0 0 1
    outer loop
      vertex 66.8272 8.85786 5.5
      vertex 67.5632 8.0404 5.5
      vertex 67.0305 9.02254 5.5
    endloop
  endfacet
  facet normal 0 0 1
    outer loop
      vertex 67.5632 8.0404 5.5
      vertex 66.8272 8.85786 5.5
      vertex 67.4596 7.93678 5.5
    endloop
  endfacet
  facet normal -0 0 1
    outer loop
      vertex 66.6421 8.67283 5.5
      vertex 67.4596 7.93678 5.5
      vertex 66.8272 8.85786 5.5
    endloop
  endfacet
  facet normal 0 0 1
    outer loop
      vertex 67.4596 7.93678 5.5
      vertex 66.6421 8.67283 5.5
      vertex 67.3674 7.8229 5.5
    endloop
  endfacet
  facet normal -0 0 1
    outer loop
      vertex 66.4775 8.46946 5.5
      vertex 67.3674 7.8229 5.5
      vertex 66.6421 8.67283 5.5
    endloop
  endfacet
  facet normal 0 0 1
    outer loop
      vertex 67.3674 7.8229 5.5
      vertex 66.4775 8.46946 5.5
      vertex 67.2876 7.7 5.5
    endloop
  endfacet
  facet normal 0 0 1
    outer loop
      vertex 67.2876 7.7 5.5
      vertex 66.3349 8.25 5.5
      vertex 67.221 7.56943 5.5
    endloop
  endfacet
  facet normal -0 0 1
    outer loop
      vertex 66.3349 8.25 5.5
      vertex 67.2876 7.7 5.5
      vertex 66.4775 8.46946 5.5
    endloop
  endfacet
  facet normal -0 0 1
    outer loop
      vertex 69.7124 6.3 5.5
      vertex 70.6651 5.75 5.5
      vertex 69.779 6.43057 5.5
    endloop
  endfacet
  facet normal 0 0 1
    outer loop
      vertex 70.6651 5.75 5.5
      vertex 69.7124 6.3 5.5
      vertex 70.5225 5.53054 5.5
    endloop
  endfacet
  facet normal -0 0 1
    outer loop
      vertex 69.6326 6.1771 5.5
      vertex 70.5225 5.53054 5.5
      vertex 69.7124 6.3 5.5
    endloop
  endfacet
  facet normal 0 0 1
    outer loop
      vertex 70.5225 5.53054 5.5
      vertex 69.6326 6.1771 5.5
      vertex 70.3579 5.32717 5.5
    endloop
  endfacet
  facet normal -0 0 1
    outer loop
      vertex 69.5404 6.06322 5.5
      vertex 70.3579 5.32717 5.5
      vertex 69.6326 6.1771 5.5
    endloop
  endfacet
  facet normal 0 0 1
    outer loop
      vertex 70.3579 5.32717 5.5
      vertex 69.5404 6.06322 5.5
      vertex 70.1728 5.14214 5.5
    endloop
  endfacet
  facet normal -0 0 1
    outer loop
      vertex 69.4368 5.9596 5.5
      vertex 70.1728 5.14214 5.5
      vertex 69.5404 6.06322 5.5
    endloop
  endfacet
  facet normal 0 0 1
    outer loop
      vertex 70.1728 5.14214 5.5
      vertex 69.4368 5.9596 5.5
      vertex 69.9695 4.97746 5.5
    endloop
  endfacet
  facet normal -0 0 1
    outer loop
      vertex 69.3229 5.86738 5.5
      vertex 69.9695 4.97746 5.5
      vertex 69.4368 5.9596 5.5
    endloop
  endfacet
  facet normal 0 0 1
    outer loop
      vertex 69.9695 4.97746 5.5
      vertex 69.3229 5.86738 5.5
      vertex 69.75 4.83494 5.5
    endloop
  endfacet
  facet normal -0 0 1
    outer loop
      vertex 69.2 5.78757 5.5
      vertex 69.75 4.83494 5.5
      vertex 69.3229 5.86738 5.5
    endloop
  endfacet
  facet normal 0 0 1
    outer loop
      vertex 69.75 4.83494 5.5
      vertex 69.2 5.78757 5.5
      vertex 69.5168 4.71614 5.5
    endloop
  endfacet
  facet normal -0 0 1
    outer loop
      vertex 69.0694 5.72104 5.5
      vertex 69.5168 4.71614 5.5
      vertex 69.2 5.78757 5.5
    endloop
  endfacet
  facet normal 0 0 1
    outer loop
      vertex 69.5168 4.71614 5.5
      vertex 69.0694 5.72104 5.5
      vertex 69.2725 4.62236 5.5
    endloop
  endfacet
  facet normal -0 0 1
    outer loop
      vertex 68.9326 5.66852 5.5
      vertex 69.2725 4.62236 5.5
      vertex 69.0694 5.72104 5.5
    endloop
  endfacet
  facet normal 0 0 1
    outer loop
      vertex 69.2725 4.62236 5.5
      vertex 68.9326 5.66852 5.5
      vertex 69.0198 4.55463 5.5
    endloop
  endfacet
  facet normal -0 0 1
    outer loop
      vertex 68.7911 5.63059 5.5
      vertex 69.0198 4.55463 5.5
      vertex 68.9326 5.66852 5.5
    endloop
  endfacet
  facet normal 0 0 1
    outer loop
      vertex 68.7911 5.63059 5.5
      vertex 68.7613 4.5137 5.5
      vertex 69.0198 4.55463 5.5
    endloop
  endfacet
  facet normal -0 0 1
    outer loop
      vertex 68.6463 5.60767 5.5
      vertex 68.7613 4.5137 5.5
      vertex 68.7911 5.63059 5.5
    endloop
  endfacet
  facet normal -0 0 1
    outer loop
      vertex 68.5 5.6 5.5
      vertex 68.7613 4.5137 5.5
      vertex 68.6463 5.60767 5.5
    endloop
  endfacet
  facet normal 0 0 1
    outer loop
      vertex 68.5 5.6 5.5
      vertex 68.5 4.5 5.5
      vertex 68.7613 4.5137 5.5
    endloop
  endfacet
  facet normal 0 0 1
    outer loop
      vertex 68.3537 5.60767 5.5
      vertex 68.5 4.5 5.5
      vertex 68.5 5.6 5.5
    endloop
  endfacet
  facet normal 0 0 1
    outer loop
      vertex 68.3537 5.60767 5.5
      vertex 68.2387 4.5137 5.5
      vertex 68.5 4.5 5.5
    endloop
  endfacet
  facet normal 0 0 1
    outer loop
      vertex 68.2089 5.63059 5.5
      vertex 68.2387 4.5137 5.5
      vertex 68.3537 5.60767 5.5
    endloop
  endfacet
  facet normal 0 0 1
    outer loop
      vertex 67.9802 4.55463 5.5
      vertex 68.2089 5.63059 5.5
      vertex 68.0674 5.66852 5.5
    endloop
  endfacet
  facet normal 0 0 1
    outer loop
      vertex 68.2089 5.63059 5.5
      vertex 67.9802 4.55463 5.5
      vertex 68.2387 4.5137 5.5
    endloop
  endfacet
  facet normal 0 0 1
    outer loop
      vertex 67.7275 4.62236 5.5
      vertex 68.0674 5.66852 5.5
      vertex 67.9306 5.72104 5.5
    endloop
  endfacet
  facet normal 0 0 1
    outer loop
      vertex 67.4832 4.71614 5.5
      vertex 67.9306 5.72104 5.5
      vertex 67.8 5.78757 5.5
    endloop
  endfacet
  facet normal 0 0 1
    outer loop
      vertex 68.0674 5.66852 5.5
      vertex 67.7275 4.62236 5.5
      vertex 67.9802 4.55463 5.5
    endloop
  endfacet
  facet normal 0 0 1
    outer loop
      vertex 67.25 4.83494 5.5
      vertex 67.8 5.78757 5.5
      vertex 67.6771 5.86738 5.5
    endloop
  endfacet
  facet normal 0 0 1
    outer loop
      vertex 67.0305 4.97746 5.5
      vertex 67.6771 5.86738 5.5
      vertex 67.5632 5.9596 5.5
    endloop
  endfacet
  facet normal 0 0 1
    outer loop
      vertex 67.9306 5.72104 5.5
      vertex 67.4832 4.71614 5.5
      vertex 67.7275 4.62236 5.5
    endloop
  endfacet
  facet normal 0 0 1
    outer loop
      vertex 66.8272 5.14214 5.5
      vertex 67.5632 5.9596 5.5
      vertex 67.4596 6.06322 5.5
    endloop
  endfacet
  facet normal 0 0 1
    outer loop
      vertex 66.6421 5.32717 5.5
      vertex 67.4596 6.06322 5.5
      vertex 67.3674 6.1771 5.5
    endloop
  endfacet
  facet normal 0 0 1
    outer loop
      vertex 66.4775 5.53054 5.5
      vertex 67.3674 6.1771 5.5
      vertex 67.2876 6.3 5.5
    endloop
  endfacet
  facet normal 0 0 1
    outer loop
      vertex 67.8 5.78757 5.5
      vertex 67.25 4.83494 5.5
      vertex 67.4832 4.71614 5.5
    endloop
  endfacet
  facet normal 0 0 1
    outer loop
      vertex 66.3349 5.75 5.5
      vertex 67.2876 6.3 5.5
      vertex 67.221 6.43057 5.5
    endloop
  endfacet
  facet normal 0 0 1
    outer loop
      vertex 66.2161 5.98316 5.5
      vertex 67.221 6.43057 5.5
      vertex 67.1685 6.56738 5.5
    endloop
  endfacet
  facet normal 0 0 1
    outer loop
      vertex 66.1224 6.22746 5.5
      vertex 67.1685 6.56738 5.5
      vertex 67.1306 6.70892 5.5
    endloop
  endfacet
  facet normal 0 0 1
    outer loop
      vertex 66.0546 6.48022 5.5
      vertex 67.1306 6.70892 5.5
      vertex 67.1077 6.85366 5.5
    endloop
  endfacet
  facet normal 0 0 1
    outer loop
      vertex 67.6771 5.86738 5.5
      vertex 67.0305 4.97746 5.5
      vertex 67.25 4.83494 5.5
    endloop
  endfacet
  facet normal 0 0 1
    outer loop
      vertex 66.0137 6.73868 5.5
      vertex 67.1077 6.85366 5.5
      vertex 67.1 7 5.5
    endloop
  endfacet
  facet normal -0 0 1
    outer loop
      vertex 66.2161 8.01684 5.5
      vertex 67.221 7.56943 5.5
      vertex 66.3349 8.25 5.5
    endloop
  endfacet
  facet normal 0 0 1
    outer loop
      vertex 67.221 7.56943 5.5
      vertex 66.2161 8.01684 5.5
      vertex 67.1685 7.43262 5.5
    endloop
  endfacet
  facet normal 0 0 1
    outer loop
      vertex 67.5632 5.9596 5.5
      vertex 66.8272 5.14214 5.5
      vertex 67.0305 4.97746 5.5
    endloop
  endfacet
  facet normal -0 0 1
    outer loop
      vertex 66.1224 7.77254 5.5
      vertex 67.1685 7.43262 5.5
      vertex 66.2161 8.01684 5.5
    endloop
  endfacet
  facet normal 0 0 1
    outer loop
      vertex 67.4596 6.06322 5.5
      vertex 66.6421 5.32717 5.5
      vertex 66.8272 5.14214 5.5
    endloop
  endfacet
  facet normal 0 0 1
    outer loop
      vertex 67.1685 7.43262 5.5
      vertex 66.1224 7.77254 5.5
      vertex 67.1306 7.29108 5.5
    endloop
  endfacet
  facet normal 0 0 1
    outer loop
      vertex 67.3674 6.1771 5.5
      vertex 66.4775 5.53054 5.5
      vertex 66.6421 5.32717 5.5
    endloop
  endfacet
  facet normal -0 0 1
    outer loop
      vertex 66.0546 7.51978 5.5
      vertex 67.1306 7.29108 5.5
      vertex 66.1224 7.77254 5.5
    endloop
  endfacet
  facet normal 0 0 1
    outer loop
      vertex 67.2876 6.3 5.5
      vertex 66.3349 5.75 5.5
      vertex 66.4775 5.53054 5.5
    endloop
  endfacet
  facet normal 0 0 1
    outer loop
      vertex 67.1306 7.29108 5.5
      vertex 66.0546 7.51978 5.5
      vertex 67.1077 7.14634 5.5
    endloop
  endfacet
  facet normal 0 0 1
    outer loop
      vertex 67.221 6.43057 5.5
      vertex 66.2161 5.98316 5.5
      vertex 66.3349 5.75 5.5
    endloop
  endfacet
  facet normal -0 0 1
    outer loop
      vertex 66.0137 7.26132 5.5
      vertex 67.1077 7.14634 5.5
      vertex 66.0546 7.51978 5.5
    endloop
  endfacet
  facet normal 0 0 1
    outer loop
      vertex 67.1685 6.56738 5.5
      vertex 66.1224 6.22746 5.5
      vertex 66.2161 5.98316 5.5
    endloop
  endfacet
  facet normal 0 0 1
    outer loop
      vertex 67.1077 7.14634 5.5
      vertex 66.0137 7.26132 5.5
      vertex 67.1 7 5.5
    endloop
  endfacet
  facet normal 0 0 1
    outer loop
      vertex 67.1306 6.70892 5.5
      vertex 66.0546 6.48022 5.5
      vertex 66.1224 6.22746 5.5
    endloop
  endfacet
  facet normal 0 0 1
    outer loop
      vertex 66 7 5.5
      vertex 67.1 7 5.5
      vertex 66.0137 7.26132 5.5
    endloop
  endfacet
  facet normal 0 0 1
    outer loop
      vertex 67.1077 6.85366 5.5
      vertex 66.0137 6.73868 5.5
      vertex 66.0546 6.48022 5.5
    endloop
  endfacet
  facet normal 0 0 1
    outer loop
      vertex 67.1 7 5.5
      vertex 66 7 5.5
      vertex 66.0137 6.73868 5.5
    endloop
  endfacet
  facet normal 0.706973 -0.70724 0
    outer loop
      vertex 70.1728 5.14214 5.5
      vertex 70.3579 5.32717 2.5
      vertex 70.3579 5.32717 5.5
    endloop
  endfacet
  facet normal 0.706973 -0.70724 0
    outer loop
      vertex 70.3579 5.32717 2.5
      vertex 70.1728 5.14214 5.5
      vertex 70.1728 5.14214 2.5
    endloop
  endfacet
  facet normal -0.0523582 -0.998628 0
    outer loop
      vertex 68.2387 4.5137 2.5
      vertex 68.5 4.5 5.5
      vertex 68.2387 4.5137 5.5
    endloop
  endfacet
  facet normal -0.0523582 -0.998628 -0
    outer loop
      vertex 68.5 4.5 5.5
      vertex 68.2387 4.5137 2.5
      vertex 68.5 4.5 2.5
    endloop
  endfacet
  facet normal -0.891008 0.453988 0
    outer loop
      vertex 66.2161 8.01684 2.5
      vertex 66.3349 8.25 5.5
      vertex 66.3349 8.25 2.5
    endloop
  endfacet
  facet normal -0.891008 0.453988 0
    outer loop
      vertex 66.3349 8.25 5.5
      vertex 66.2161 8.01684 2.5
      vertex 66.2161 8.01684 5.5
    endloop
  endfacet
  facet normal 0.258888 0.965907 -0
    outer loop
      vertex 69.2725 9.37764 2.5
      vertex 69.0198 9.44537 5.5
      vertex 69.2725 9.37764 5.5
    endloop
  endfacet
  facet normal 0.258888 0.965907 0
    outer loop
      vertex 69.0198 9.44537 5.5
      vertex 69.2725 9.37764 2.5
      vertex 69.0198 9.44537 2.5
    endloop
  endfacet
  facet normal -0.453926 -0.891039 0
    outer loop
      vertex 67.25 4.83494 2.5
      vertex 67.4832 4.71614 5.5
      vertex 67.25 4.83494 5.5
    endloop
  endfacet
  facet normal -0.453926 -0.891039 -0
    outer loop
      vertex 67.4832 4.71614 5.5
      vertex 67.25 4.83494 2.5
      vertex 67.4832 4.71614 2.5
    endloop
  endfacet
  facet normal -0.544572 -0.838714 0
    outer loop
      vertex 67.0305 4.97746 2.5
      vertex 67.25 4.83494 5.5
      vertex 67.0305 4.97746 5.5
    endloop
  endfacet
  facet normal -0.544572 -0.838714 -0
    outer loop
      vertex 67.25 4.83494 5.5
      vertex 67.0305 4.97746 2.5
      vertex 67.25 4.83494 2.5
    endloop
  endfacet
  facet normal -0.777306 0.629122 0
    outer loop
      vertex 66.4775 8.46946 2.5
      vertex 66.6421 8.67283 5.5
      vertex 66.6421 8.67283 2.5
    endloop
  endfacet
  facet normal -0.777306 0.629122 0
    outer loop
      vertex 66.6421 8.67283 5.5
      vertex 66.4775 8.46946 2.5
      vertex 66.4775 8.46946 5.5
    endloop
  endfacet
  facet normal -0.987714 0.156271 0
    outer loop
      vertex 69.8694 6.70892 2.5
      vertex 69.8923 6.85366 5.5
      vertex 69.8923 6.85366 2.5
    endloop
  endfacet
  facet normal -0.987714 0.156271 0
    outer loop
      vertex 69.8923 6.85366 5.5
      vertex 69.8694 6.70892 2.5
      vertex 69.8694 6.70892 5.5
    endloop
  endfacet
  facet normal -0.987714 -0.156271 0
    outer loop
      vertex 69.8923 7.14634 2.5
      vertex 69.8694 7.29108 5.5
      vertex 69.8694 7.29108 2.5
    endloop
  endfacet
  facet normal -0.987714 -0.156271 0
    outer loop
      vertex 69.8694 7.29108 5.5
      vertex 69.8923 7.14634 2.5
      vertex 69.8923 7.14634 5.5
    endloop
  endfacet
  facet normal -0.998619 -0.0525445 0
    outer loop
      vertex 69.9 7 2.5
      vertex 69.8923 7.14634 5.5
      vertex 69.8923 7.14634 2.5
    endloop
  endfacet
  facet normal -0.998619 -0.0525445 0
    outer loop
      vertex 69.8923 7.14634 5.5
      vertex 69.9 7 2.5
      vertex 69.9 7 5.5
    endloop
  endfacet
  facet normal -0.965969 -0.258656 0
    outer loop
      vertex 69.8694 7.29108 2.5
      vertex 69.8315 7.43262 5.5
      vertex 69.8315 7.43262 2.5
    endloop
  endfacet
  facet normal -0.965969 -0.258656 0
    outer loop
      vertex 69.8315 7.43262 5.5
      vertex 69.8694 7.29108 2.5
      vertex 69.8694 7.29108 5.5
    endloop
  endfacet
  facet normal -0.838709 -0.544581 0
    outer loop
      vertex 69.7124 7.7 2.5
      vertex 69.6326 7.8229 5.5
      vertex 69.6326 7.8229 2.5
    endloop
  endfacet
  facet normal -0.838709 -0.544581 0
    outer loop
      vertex 69.6326 7.8229 5.5
      vertex 69.7124 7.7 2.5
      vertex 69.7124 7.7 5.5
    endloop
  endfacet
  facet normal 0.156341 -0.987703 0
    outer loop
      vertex 68.2089 8.36941 2.5
      vertex 68.3537 8.39233 5.5
      vertex 68.2089 8.36941 5.5
    endloop
  endfacet
  facet normal 0.156341 -0.987703 0
    outer loop
      vertex 68.3537 8.39233 5.5
      vertex 68.2089 8.36941 2.5
      vertex 68.3537 8.39233 2.5
    endloop
  endfacet
  facet normal 0.965969 0.258656 0
    outer loop
      vertex 67.1685 6.56738 5.5
      vertex 67.1306 6.70892 2.5
      vertex 67.1306 6.70892 5.5
    endloop
  endfacet
  facet normal 0.965969 0.258656 0
    outer loop
      vertex 67.1306 6.70892 2.5
      vertex 67.1685 6.56738 5.5
      vertex 67.1685 6.56738 2.5
    endloop
  endfacet
  facet normal 0.453915 0.891045 -0
    outer loop
      vertex 67.9306 5.72104 2.5
      vertex 67.8 5.78757 5.5
      vertex 67.9306 5.72104 5.5
    endloop
  endfacet
  facet normal 0.453915 0.891045 0
    outer loop
      vertex 67.8 5.78757 5.5
      vertex 67.9306 5.72104 2.5
      vertex 67.8 5.78757 2.5
    endloop
  endfacet
  facet normal -0.998619 0.0525445 0
    outer loop
      vertex 69.8923 6.85366 2.5
      vertex 69.9 7 5.5
      vertex 69.9 7 2.5
    endloop
  endfacet
  facet normal -0.998619 0.0525445 0
    outer loop
      vertex 69.9 7 5.5
      vertex 69.8923 6.85366 2.5
      vertex 69.8923 6.85366 5.5
    endloop
  endfacet
  facet normal -0.258916 0.9659 0
    outer loop
      vertex 68.9326 5.66852 2.5
      vertex 68.7911 5.63059 5.5
      vertex 68.9326 5.66852 5.5
    endloop
  endfacet
  facet normal -0.258916 0.9659 0
    outer loop
      vertex 68.7911 5.63059 5.5
      vertex 68.9326 5.66852 2.5
      vertex 68.7911 5.63059 2.5
    endloop
  endfacet
  facet normal 0.629261 0.777194 -0
    outer loop
      vertex 67.6771 5.86738 2.5
      vertex 67.5632 5.9596 5.5
      vertex 67.6771 5.86738 5.5
    endloop
  endfacet
  facet normal 0.629261 0.777194 0
    outer loop
      vertex 67.5632 5.9596 5.5
      vertex 67.6771 5.86738 2.5
      vertex 67.5632 5.9596 2.5
    endloop
  endfacet
  facet normal 0.707175 0.707039 -0
    outer loop
      vertex 67.5632 5.9596 2.5
      vertex 67.4596 6.06322 5.5
      vertex 67.5632 5.9596 5.5
    endloop
  endfacet
  facet normal 0.707175 0.707039 0
    outer loop
      vertex 67.4596 6.06322 5.5
      vertex 67.5632 5.9596 2.5
      vertex 67.4596 6.06322 2.5
    endloop
  endfacet
  facet normal 0.965969 -0.258656 0
    outer loop
      vertex 67.1306 7.29108 5.5
      vertex 67.1685 7.43262 2.5
      vertex 67.1685 7.43262 5.5
    endloop
  endfacet
  facet normal 0.965969 -0.258656 0
    outer loop
      vertex 67.1685 7.43262 2.5
      vertex 67.1306 7.29108 5.5
      vertex 67.1306 7.29108 2.5
    endloop
  endfacet
  facet normal 0.544629 0.838677 -0
    outer loop
      vertex 67.8 5.78757 2.5
      vertex 67.6771 5.86738 5.5
      vertex 67.8 5.78757 5.5
    endloop
  endfacet
  facet normal 0.544629 0.838677 0
    outer loop
      vertex 67.6771 5.86738 5.5
      vertex 67.8 5.78757 2.5
      vertex 67.6771 5.86738 2.5
    endloop
  endfacet
  facet normal -0.933618 0.35827 0
    outer loop
      vertex 69.779 6.43057 2.5
      vertex 69.8315 6.56738 5.5
      vertex 69.8315 6.56738 2.5
    endloop
  endfacet
  facet normal -0.933618 0.35827 0
    outer loop
      vertex 69.8315 6.56738 5.5
      vertex 69.779 6.43057 2.5
      vertex 69.779 6.43057 5.5
    endloop
  endfacet
  facet normal -0.156341 -0.987703 0
    outer loop
      vertex 68.6463 8.39233 2.5
      vertex 68.7911 8.36941 5.5
      vertex 68.6463 8.39233 5.5
    endloop
  endfacet
  facet normal -0.156341 -0.987703 -0
    outer loop
      vertex 68.7911 8.36941 5.5
      vertex 68.6463 8.39233 2.5
      vertex 68.7911 8.36941 2.5
    endloop
  endfacet
  facet normal -0.544629 -0.838677 0
    outer loop
      vertex 69.2 8.21243 2.5
      vertex 69.3229 8.13262 5.5
      vertex 69.2 8.21243 5.5
    endloop
  endfacet
  facet normal -0.544629 -0.838677 -0
    outer loop
      vertex 69.3229 8.13262 5.5
      vertex 69.2 8.21243 2.5
      vertex 69.3229 8.13262 2.5
    endloop
  endfacet
  facet normal -0.358412 0.933564 0
    outer loop
      vertex 69.0694 5.72104 2.5
      vertex 68.9326 5.66852 5.5
      vertex 69.0694 5.72104 5.5
    endloop
  endfacet
  facet normal -0.358412 0.933564 0
    outer loop
      vertex 68.9326 5.66852 5.5
      vertex 69.0694 5.72104 2.5
      vertex 68.9326 5.66852 2.5
    endloop
  endfacet
  facet normal 0.258916 -0.9659 0
    outer loop
      vertex 68.0674 8.33148 2.5
      vertex 68.2089 8.36941 5.5
      vertex 68.0674 8.33148 5.5
    endloop
  endfacet
  facet normal 0.258916 -0.9659 0
    outer loop
      vertex 68.2089 8.36941 5.5
      vertex 68.0674 8.33148 2.5
      vertex 68.2089 8.36941 2.5
    endloop
  endfacet
  facet normal -0.0523546 -0.998629 0
    outer loop
      vertex 68.5 8.4 2.5
      vertex 68.6463 8.39233 5.5
      vertex 68.5 8.4 5.5
    endloop
  endfacet
  facet normal -0.0523546 -0.998629 -0
    outer loop
      vertex 68.6463 8.39233 5.5
      vertex 68.5 8.4 2.5
      vertex 68.6463 8.39233 2.5
    endloop
  endfacet
  facet normal -0.358412 -0.933564 0
    outer loop
      vertex 68.9326 8.33148 2.5
      vertex 69.0694 8.27896 5.5
      vertex 68.9326 8.33148 5.5
    endloop
  endfacet
  facet normal -0.358412 -0.933564 -0
    outer loop
      vertex 69.0694 8.27896 5.5
      vertex 68.9326 8.33148 2.5
      vertex 69.0694 8.27896 2.5
    endloop
  endfacet
  facet normal -0.965969 0.258656 0
    outer loop
      vertex 69.8315 6.56738 2.5
      vertex 69.8694 6.70892 5.5
      vertex 69.8694 6.70892 2.5
    endloop
  endfacet
  facet normal -0.965969 0.258656 0
    outer loop
      vertex 69.8694 6.70892 5.5
      vertex 69.8315 6.56738 2.5
      vertex 69.8315 6.56738 5.5
    endloop
  endfacet
  facet normal -0.453915 -0.891045 0
    outer loop
      vertex 69.0694 8.27896 2.5
      vertex 69.2 8.21243 5.5
      vertex 69.0694 8.27896 5.5
    endloop
  endfacet
  facet normal -0.453915 -0.891045 -0
    outer loop
      vertex 69.2 8.21243 5.5
      vertex 69.0694 8.27896 2.5
      vertex 69.2 8.21243 2.5
    endloop
  endfacet
  facet normal 0.453915 -0.891045 0
    outer loop
      vertex 67.8 8.21243 2.5
      vertex 67.9306 8.27896 5.5
      vertex 67.8 8.21243 5.5
    endloop
  endfacet
  facet normal 0.453915 -0.891045 0
    outer loop
      vertex 67.9306 8.27896 5.5
      vertex 67.8 8.21243 2.5
      vertex 67.9306 8.27896 2.5
    endloop
  endfacet
  facet normal -0.156341 0.987703 0
    outer loop
      vertex 68.7911 5.63059 2.5
      vertex 68.6463 5.60767 5.5
      vertex 68.7911 5.63059 5.5
    endloop
  endfacet
  facet normal -0.156341 0.987703 0
    outer loop
      vertex 68.6463 5.60767 5.5
      vertex 68.7911 5.63059 2.5
      vertex 68.6463 5.60767 2.5
    endloop
  endfacet
  facet normal 0.258916 0.9659 -0
    outer loop
      vertex 68.2089 5.63059 2.5
      vertex 68.0674 5.66852 5.5
      vertex 68.2089 5.63059 5.5
    endloop
  endfacet
  facet normal 0.258916 0.9659 0
    outer loop
      vertex 68.0674 5.66852 5.5
      vertex 68.2089 5.63059 2.5
      vertex 68.0674 5.66852 2.5
    endloop
  endfacet
  facet normal -0.777207 0.629245 0
    outer loop
      vertex 69.5404 6.06322 2.5
      vertex 69.6326 6.1771 5.5
      vertex 69.6326 6.1771 2.5
    endloop
  endfacet
  facet normal -0.777207 0.629245 0
    outer loop
      vertex 69.6326 6.1771 5.5
      vertex 69.5404 6.06322 2.5
      vertex 69.5404 6.06322 5.5
    endloop
  endfacet
  facet normal -0.629261 -0.777194 0
    outer loop
      vertex 69.3229 8.13262 2.5
      vertex 69.4368 8.0404 5.5
      vertex 69.3229 8.13262 5.5
    endloop
  endfacet
  facet normal -0.629261 -0.777194 -0
    outer loop
      vertex 69.4368 8.0404 5.5
      vertex 69.3229 8.13262 2.5
      vertex 69.4368 8.0404 2.5
    endloop
  endfacet
  facet normal -0.89081 0.454376 0
    outer loop
      vertex 69.7124 6.3 2.5
      vertex 69.779 6.43057 5.5
      vertex 69.779 6.43057 2.5
    endloop
  endfacet
  facet normal -0.89081 0.454376 0
    outer loop
      vertex 69.779 6.43057 5.5
      vertex 69.7124 6.3 2.5
      vertex 69.7124 6.3 5.5
    endloop
  endfacet
  facet normal 0.707175 -0.707039 0
    outer loop
      vertex 67.4596 7.93678 2.5
      vertex 67.5632 8.0404 5.5
      vertex 67.4596 7.93678 5.5
    endloop
  endfacet
  facet normal 0.707175 -0.707039 0
    outer loop
      vertex 67.5632 8.0404 5.5
      vertex 67.4596 7.93678 2.5
      vertex 67.5632 8.0404 2.5
    endloop
  endfacet
  facet normal -0.0523546 0.998629 0
    outer loop
      vertex 68.6463 5.60767 2.5
      vertex 68.5 5.6 5.5
      vertex 68.6463 5.60767 5.5
    endloop
  endfacet
  facet normal -0.0523546 0.998629 0
    outer loop
      vertex 68.5 5.6 5.5
      vertex 68.6463 5.60767 2.5
      vertex 68.5 5.6 2.5
    endloop
  endfacet
  facet normal 0.358412 -0.933564 0
    outer loop
      vertex 67.9306 8.27896 2.5
      vertex 68.0674 8.33148 5.5
      vertex 67.9306 8.27896 5.5
    endloop
  endfacet
  facet normal 0.358412 -0.933564 0
    outer loop
      vertex 68.0674 8.33148 5.5
      vertex 67.9306 8.27896 2.5
      vertex 68.0674 8.33148 2.5
    endloop
  endfacet
  facet normal 0.0523546 -0.998629 0
    outer loop
      vertex 68.3537 8.39233 2.5
      vertex 68.5 8.4 5.5
      vertex 68.3537 8.39233 5.5
    endloop
  endfacet
  facet normal 0.0523546 -0.998629 0
    outer loop
      vertex 68.5 8.4 5.5
      vertex 68.3537 8.39233 2.5
      vertex 68.5 8.4 2.5
    endloop
  endfacet
  facet normal -0.453915 0.891045 0
    outer loop
      vertex 69.2 5.78757 2.5
      vertex 69.0694 5.72104 5.5
      vertex 69.2 5.78757 5.5
    endloop
  endfacet
  facet normal -0.453915 0.891045 0
    outer loop
      vertex 69.0694 5.72104 5.5
      vertex 69.2 5.78757 2.5
      vertex 69.0694 5.72104 2.5
    endloop
  endfacet
  facet normal 0.933618 -0.35827 0
    outer loop
      vertex 67.1685 7.43262 5.5
      vertex 67.221 7.56943 2.5
      vertex 67.221 7.56943 5.5
    endloop
  endfacet
  facet normal 0.933618 -0.35827 0
    outer loop
      vertex 67.221 7.56943 2.5
      vertex 67.1685 7.43262 5.5
      vertex 67.1685 7.43262 2.5
    endloop
  endfacet
  facet normal 0.89081 -0.454376 0
    outer loop
      vertex 67.221 7.56943 5.5
      vertex 67.2876 7.7 2.5
      vertex 67.2876 7.7 5.5
    endloop
  endfacet
  facet normal 0.89081 -0.454376 0
    outer loop
      vertex 67.2876 7.7 2.5
      vertex 67.221 7.56943 5.5
      vertex 67.221 7.56943 2.5
    endloop
  endfacet
  facet normal -0.777207 -0.629245 0
    outer loop
      vertex 69.6326 7.8229 2.5
      vertex 69.5404 7.93678 5.5
      vertex 69.5404 7.93678 2.5
    endloop
  endfacet
  facet normal -0.777207 -0.629245 0
    outer loop
      vertex 69.5404 7.93678 5.5
      vertex 69.6326 7.8229 2.5
      vertex 69.6326 7.8229 5.5
    endloop
  endfacet
  facet normal -0.258916 -0.9659 0
    outer loop
      vertex 68.7911 8.36941 2.5
      vertex 68.9326 8.33148 5.5
      vertex 68.7911 8.36941 5.5
    endloop
  endfacet
  facet normal -0.258916 -0.9659 -0
    outer loop
      vertex 68.9326 8.33148 5.5
      vertex 68.7911 8.36941 2.5
      vertex 68.9326 8.33148 2.5
    endloop
  endfacet
  facet normal -0.933618 -0.35827 0
    outer loop
      vertex 69.8315 7.43262 2.5
      vertex 69.779 7.56943 5.5
      vertex 69.779 7.56943 2.5
    endloop
  endfacet
  facet normal -0.933618 -0.35827 0
    outer loop
      vertex 69.779 7.56943 5.5
      vertex 69.8315 7.43262 2.5
      vertex 69.8315 7.43262 5.5
    endloop
  endfacet
  facet normal -0.838709 0.544581 0
    outer loop
      vertex 69.6326 6.1771 2.5
      vertex 69.7124 6.3 5.5
      vertex 69.7124 6.3 2.5
    endloop
  endfacet
  facet normal -0.838709 0.544581 0
    outer loop
      vertex 69.7124 6.3 5.5
      vertex 69.6326 6.1771 2.5
      vertex 69.6326 6.1771 5.5
    endloop
  endfacet
  facet normal 0.998619 0.0525445 0
    outer loop
      vertex 67.1077 6.85366 5.5
      vertex 67.1 7 2.5
      vertex 67.1 7 5.5
    endloop
  endfacet
  facet normal 0.998619 0.0525445 0
    outer loop
      vertex 67.1 7 2.5
      vertex 67.1077 6.85366 5.5
      vertex 67.1077 6.85366 2.5
    endloop
  endfacet
  facet normal -0.707175 -0.707039 0
    outer loop
      vertex 69.4368 8.0404 2.5
      vertex 69.5404 7.93678 5.5
      vertex 69.4368 8.0404 5.5
    endloop
  endfacet
  facet normal -0.707175 -0.707039 -0
    outer loop
      vertex 69.5404 7.93678 5.5
      vertex 69.4368 8.0404 2.5
      vertex 69.5404 7.93678 2.5
    endloop
  endfacet
  facet normal -0.89081 -0.454376 0
    outer loop
      vertex 69.779 7.56943 2.5
      vertex 69.7124 7.7 5.5
      vertex 69.7124 7.7 2.5
    endloop
  endfacet
  facet normal -0.89081 -0.454376 0
    outer loop
      vertex 69.7124 7.7 5.5
      vertex 69.779 7.56943 2.5
      vertex 69.779 7.56943 5.5
    endloop
  endfacet
  facet normal 0.838709 -0.544581 0
    outer loop
      vertex 67.2876 7.7 5.5
      vertex 67.3674 7.8229 2.5
      vertex 67.3674 7.8229 5.5
    endloop
  endfacet
  facet normal 0.838709 -0.544581 0
    outer loop
      vertex 67.3674 7.8229 2.5
      vertex 67.2876 7.7 5.5
      vertex 67.2876 7.7 2.5
    endloop
  endfacet
  facet normal 0.987714 -0.156271 0
    outer loop
      vertex 67.1077 7.14634 5.5
      vertex 67.1306 7.29108 2.5
      vertex 67.1306 7.29108 5.5
    endloop
  endfacet
  facet normal 0.987714 -0.156271 0
    outer loop
      vertex 67.1306 7.29108 2.5
      vertex 67.1077 7.14634 5.5
      vertex 67.1077 7.14634 2.5
    endloop
  endfacet
  facet normal 0.777207 -0.629245 0
    outer loop
      vertex 67.3674 7.8229 5.5
      vertex 67.4596 7.93678 2.5
      vertex 67.4596 7.93678 5.5
    endloop
  endfacet
  facet normal 0.777207 -0.629245 0
    outer loop
      vertex 67.4596 7.93678 2.5
      vertex 67.3674 7.8229 5.5
      vertex 67.3674 7.8229 2.5
    endloop
  endfacet
  facet normal 0.629261 -0.777194 0
    outer loop
      vertex 67.5632 8.0404 2.5
      vertex 67.6771 8.13262 5.5
      vertex 67.5632 8.0404 5.5
    endloop
  endfacet
  facet normal 0.629261 -0.777194 0
    outer loop
      vertex 67.6771 8.13262 5.5
      vertex 67.5632 8.0404 2.5
      vertex 67.6771 8.13262 2.5
    endloop
  endfacet
  facet normal 0.544629 -0.838677 0
    outer loop
      vertex 67.6771 8.13262 2.5
      vertex 67.8 8.21243 5.5
      vertex 67.6771 8.13262 5.5
    endloop
  endfacet
  facet normal 0.544629 -0.838677 0
    outer loop
      vertex 67.8 8.21243 5.5
      vertex 67.6771 8.13262 2.5
      vertex 67.8 8.21243 2.5
    endloop
  endfacet
  facet normal 0.89081 0.454376 0
    outer loop
      vertex 67.2876 6.3 5.5
      vertex 67.221 6.43057 2.5
      vertex 67.221 6.43057 5.5
    endloop
  endfacet
  facet normal 0.89081 0.454376 0
    outer loop
      vertex 67.221 6.43057 2.5
      vertex 67.2876 6.3 5.5
      vertex 67.2876 6.3 2.5
    endloop
  endfacet
  facet normal -0.629261 0.777194 0
    outer loop
      vertex 69.4368 5.9596 2.5
      vertex 69.3229 5.86738 5.5
      vertex 69.4368 5.9596 5.5
    endloop
  endfacet
  facet normal -0.629261 0.777194 0
    outer loop
      vertex 69.3229 5.86738 5.5
      vertex 69.4368 5.9596 2.5
      vertex 69.3229 5.86738 2.5
    endloop
  endfacet
  facet normal 0.358412 0.933564 -0
    outer loop
      vertex 68.0674 5.66852 2.5
      vertex 67.9306 5.72104 5.5
      vertex 68.0674 5.66852 5.5
    endloop
  endfacet
  facet normal 0.358412 0.933564 0
    outer loop
      vertex 67.9306 5.72104 5.5
      vertex 68.0674 5.66852 2.5
      vertex 67.9306 5.72104 2.5
    endloop
  endfacet
  facet normal 0.838709 0.544581 0
    outer loop
      vertex 67.3674 6.1771 5.5
      vertex 67.2876 6.3 2.5
      vertex 67.2876 6.3 5.5
    endloop
  endfacet
  facet normal 0.838709 0.544581 0
    outer loop
      vertex 67.2876 6.3 2.5
      vertex 67.3674 6.1771 5.5
      vertex 67.3674 6.1771 2.5
    endloop
  endfacet
  facet normal 0.987714 0.156271 0
    outer loop
      vertex 67.1306 6.70892 5.5
      vertex 67.1077 6.85366 2.5
      vertex 67.1077 6.85366 5.5
    endloop
  endfacet
  facet normal 0.987714 0.156271 0
    outer loop
      vertex 67.1077 6.85366 2.5
      vertex 67.1306 6.70892 5.5
      vertex 67.1306 6.70892 2.5
    endloop
  endfacet
  facet normal 0.933618 0.35827 0
    outer loop
      vertex 67.221 6.43057 5.5
      vertex 67.1685 6.56738 2.5
      vertex 67.1685 6.56738 5.5
    endloop
  endfacet
  facet normal 0.933618 0.35827 0
    outer loop
      vertex 67.1685 6.56738 2.5
      vertex 67.221 6.43057 5.5
      vertex 67.221 6.43057 2.5
    endloop
  endfacet
  facet normal 0.777207 0.629245 0
    outer loop
      vertex 67.4596 6.06322 5.5
      vertex 67.3674 6.1771 2.5
      vertex 67.3674 6.1771 5.5
    endloop
  endfacet
  facet normal 0.777207 0.629245 0
    outer loop
      vertex 67.3674 6.1771 2.5
      vertex 67.4596 6.06322 5.5
      vertex 67.4596 6.06322 2.5
    endloop
  endfacet
  facet normal -0.544629 0.838677 0
    outer loop
      vertex 69.3229 5.86738 2.5
      vertex 69.2 5.78757 5.5
      vertex 69.3229 5.86738 5.5
    endloop
  endfacet
  facet normal -0.544629 0.838677 0
    outer loop
      vertex 69.2 5.78757 5.5
      vertex 69.3229 5.86738 2.5
      vertex 69.2 5.78757 2.5
    endloop
  endfacet
  facet normal 0.0523546 0.998629 -0
    outer loop
      vertex 68.5 5.6 2.5
      vertex 68.3537 5.60767 5.5
      vertex 68.5 5.6 5.5
    endloop
  endfacet
  facet normal 0.0523546 0.998629 0
    outer loop
      vertex 68.3537 5.60767 5.5
      vertex 68.5 5.6 2.5
      vertex 68.3537 5.60767 2.5
    endloop
  endfacet
  facet normal 0.998619 -0.0525445 0
    outer loop
      vertex 67.1 7 5.5
      vertex 67.1077 7.14634 2.5
      vertex 67.1077 7.14634 5.5
    endloop
  endfacet
  facet normal 0.998619 -0.0525445 0
    outer loop
      vertex 67.1077 7.14634 2.5
      vertex 67.1 7 5.5
      vertex 67.1 7 2.5
    endloop
  endfacet
  facet normal 0.156341 0.987703 -0
    outer loop
      vertex 68.3537 5.60767 2.5
      vertex 68.2089 5.63059 5.5
      vertex 68.3537 5.60767 5.5
    endloop
  endfacet
  facet normal 0.156341 0.987703 0
    outer loop
      vertex 68.2089 5.63059 5.5
      vertex 68.3537 5.60767 2.5
      vertex 68.2089 5.63059 2.5
    endloop
  endfacet
  facet normal -0.707175 0.707039 0
    outer loop
      vertex 69.5404 6.06322 2.5
      vertex 69.4368 5.9596 5.5
      vertex 69.5404 6.06322 5.5
    endloop
  endfacet
  facet normal -0.707175 0.707039 0
    outer loop
      vertex 69.4368 5.9596 5.5
      vertex 69.5404 6.06322 2.5
      vertex 69.4368 5.9596 2.5
    endloop
  endfacet
  facet normal 0.777051 -0.629438 0
    outer loop
      vertex 8.35786 45.3272 5.5
      vertex 8.52254 45.5305 2.5
      vertex 8.52254 45.5305 5.5
    endloop
  endfacet
  facet normal 0.777051 -0.629438 0
    outer loop
      vertex 8.52254 45.5305 2.5
      vertex 8.35786 45.3272 5.5
      vertex 8.35786 45.3272 2.5
    endloop
  endfacet
  facet normal -0.629122 0.777306 0
    outer loop
      vertex 5.03054 49.0225 2.5
      vertex 4.82717 48.8579 5.5
      vertex 5.03054 49.0225 5.5
    endloop
  endfacet
  facet normal -0.629122 0.777306 0
    outer loop
      vertex 4.82717 48.8579 5.5
      vertex 5.03054 49.0225 2.5
      vertex 4.82717 48.8579 2.5
    endloop
  endfacet
  facet normal 0.965907 -0.258888 0
    outer loop
      vertex 8.87764 46.2275 5.5
      vertex 8.94537 46.4802 2.5
      vertex 8.94537 46.4802 5.5
    endloop
  endfacet
  facet normal 0.965907 -0.258888 0
    outer loop
      vertex 8.94537 46.4802 2.5
      vertex 8.87764 46.2275 5.5
      vertex 8.87764 46.2275 2.5
    endloop
  endfacet
  facet normal -0.777051 -0.629438 0
    outer loop
      vertex 4.64214 45.3272 2.5
      vertex 4.47746 45.5305 5.5
      vertex 4.47746 45.5305 2.5
    endloop
  endfacet
  facet normal -0.777051 -0.629438 0
    outer loop
      vertex 4.47746 45.5305 5.5
      vertex 4.64214 45.3272 2.5
      vertex 4.64214 45.3272 5.5
    endloop
  endfacet
  facet normal -0.0523542 0.998629 0
    outer loop
      vertex 6.5 49.5 2.5
      vertex 6.23868 49.4863 5.5
      vertex 6.5 49.5 5.5
    endloop
  endfacet
  facet normal -0.0523542 0.998629 0
    outer loop
      vertex 6.23868 49.4863 5.5
      vertex 6.5 49.5 2.5
      vertex 6.23868 49.4863 2.5
    endloop
  endfacet
  facet normal 0.70724 0.706973 0
    outer loop
      vertex 8.35786 48.6728 5.5
      vertex 8.17283 48.8579 2.5
      vertex 8.17283 48.8579 5.5
    endloop
  endfacet
  facet normal 0.70724 0.706973 0
    outer loop
      vertex 8.17283 48.8579 2.5
      vertex 8.35786 48.6728 5.5
      vertex 8.35786 48.6728 2.5
    endloop
  endfacet
  facet normal -0.965907 0.258888 0
    outer loop
      vertex 4.05463 47.5198 2.5
      vertex 4.12236 47.7725 5.5
      vertex 4.12236 47.7725 2.5
    endloop
  endfacet
  facet normal -0.965907 0.258888 0
    outer loop
      vertex 4.12236 47.7725 5.5
      vertex 4.05463 47.5198 2.5
      vertex 4.05463 47.5198 5.5
    endloop
  endfacet
  facet normal 0.1563 0.98771 -0
    outer loop
      vertex 7.01978 49.4454 2.5
      vertex 6.76132 49.4863 5.5
      vertex 7.01978 49.4454 5.5
    endloop
  endfacet
  facet normal 0.1563 0.98771 0
    outer loop
      vertex 6.76132 49.4863 5.5
      vertex 7.01978 49.4454 2.5
      vertex 6.76132 49.4863 2.5
    endloop
  endfacet
  facet normal 0.987696 0.156388 0
    outer loop
      vertex 8.9863 47.2613 5.5
      vertex 8.94537 47.5198 2.5
      vertex 8.94537 47.5198 5.5
    endloop
  endfacet
  facet normal 0.987696 0.156388 0
    outer loop
      vertex 8.94537 47.5198 2.5
      vertex 8.9863 47.2613 5.5
      vertex 8.9863 47.2613 2.5
    endloop
  endfacet
  facet normal 0.891039 0.453926 0
    outer loop
      vertex 8.78386 48.0168 5.5
      vertex 8.66506 48.25 2.5
      vertex 8.66506 48.25 5.5
    endloop
  endfacet
  facet normal 0.891039 0.453926 0
    outer loop
      vertex 8.66506 48.25 2.5
      vertex 8.78386 48.0168 5.5
      vertex 8.78386 48.0168 2.5
    endloop
  endfacet
  facet normal 0.965907 0.258888 0
    outer loop
      vertex 8.94537 47.5198 5.5
      vertex 8.87764 47.7725 2.5
      vertex 8.87764 47.7725 5.5
    endloop
  endfacet
  facet normal 0.965907 0.258888 0
    outer loop
      vertex 8.87764 47.7725 2.5
      vertex 8.94537 47.5198 5.5
      vertex 8.94537 47.5198 2.5
    endloop
  endfacet
  facet normal 0.998628 0.0523582 0
    outer loop
      vertex 9 47 5.5
      vertex 8.9863 47.2613 2.5
      vertex 8.9863 47.2613 5.5
    endloop
  endfacet
  facet normal 0.998628 0.0523582 0
    outer loop
      vertex 8.9863 47.2613 2.5
      vertex 9 47 5.5
      vertex 9 47 2.5
    endloop
  endfacet
  facet normal 0.933578 -0.358375 0
    outer loop
      vertex 8.78386 45.9832 5.5
      vertex 8.87764 46.2275 2.5
      vertex 8.87764 46.2275 5.5
    endloop
  endfacet
  facet normal 0.933578 -0.358375 0
    outer loop
      vertex 8.87764 46.2275 2.5
      vertex 8.78386 45.9832 5.5
      vertex 8.78386 45.9832 2.5
    endloop
  endfacet
  facet normal -0.838714 0.544572 0
    outer loop
      vertex 4.33494 48.25 2.5
      vertex 4.47746 48.4695 5.5
      vertex 4.47746 48.4695 2.5
    endloop
  endfacet
  facet normal -0.838714 0.544572 0
    outer loop
      vertex 4.47746 48.4695 5.5
      vertex 4.33494 48.25 2.5
      vertex 4.33494 48.25 5.5
    endloop
  endfacet
  facet normal -0.629122 -0.777306 0
    outer loop
      vertex 4.82717 45.1421 2.5
      vertex 5.03054 44.9775 5.5
      vertex 4.82717 45.1421 5.5
    endloop
  endfacet
  facet normal -0.629122 -0.777306 -0
    outer loop
      vertex 5.03054 44.9775 5.5
      vertex 4.82717 45.1421 2.5
      vertex 5.03054 44.9775 2.5
    endloop
  endfacet
  facet normal -0.544857 0.838529 0
    outer loop
      vertex 5.25 49.1651 2.5
      vertex 5.03054 49.0225 5.5
      vertex 5.25 49.1651 5.5
    endloop
  endfacet
  facet normal -0.544857 0.838529 0
    outer loop
      vertex 5.03054 49.0225 5.5
      vertex 5.25 49.1651 2.5
      vertex 5.03054 49.0225 2.5
    endloop
  endfacet
  facet normal 0.998628 -0.0523582 0
    outer loop
      vertex 8.9863 46.7387 5.5
      vertex 9 47 2.5
      vertex 9 47 5.5
    endloop
  endfacet
  facet normal 0.998628 -0.0523582 0
    outer loop
      vertex 9 47 2.5
      vertex 8.9863 46.7387 5.5
      vertex 8.9863 46.7387 2.5
    endloop
  endfacet
  facet normal -0.453988 0.891008 0
    outer loop
      vertex 5.48316 49.2839 2.5
      vertex 5.25 49.1651 5.5
      vertex 5.48316 49.2839 5.5
    endloop
  endfacet
  facet normal -0.453988 0.891008 0
    outer loop
      vertex 5.25 49.1651 5.5
      vertex 5.48316 49.2839 2.5
      vertex 5.25 49.1651 2.5
    endloop
  endfacet
  facet normal -0.998628 0.0523582 0
    outer loop
      vertex 4 47 2.5
      vertex 4.0137 47.2613 5.5
      vertex 4.0137 47.2613 2.5
    endloop
  endfacet
  facet normal -0.998628 0.0523582 0
    outer loop
      vertex 4.0137 47.2613 5.5
      vertex 4 47 2.5
      vertex 4 47 5.5
    endloop
  endfacet
  facet normal 0.453988 0.891008 -0
    outer loop
      vertex 7.75 49.1651 2.5
      vertex 7.51684 49.2839 5.5
      vertex 7.75 49.1651 5.5
    endloop
  endfacet
  facet normal 0.453988 0.891008 0
    outer loop
      vertex 7.51684 49.2839 5.5
      vertex 7.75 49.1651 2.5
      vertex 7.51684 49.2839 2.5
    endloop
  endfacet
  facet normal 0.933578 0.358375 0
    outer loop
      vertex 8.87764 47.7725 5.5
      vertex 8.78386 48.0168 2.5
      vertex 8.78386 48.0168 5.5
    endloop
  endfacet
  facet normal 0.933578 0.358375 0
    outer loop
      vertex 8.78386 48.0168 2.5
      vertex 8.87764 47.7725 5.5
      vertex 8.87764 47.7725 2.5
    endloop
  endfacet
  facet normal -0.933578 -0.358375 0
    outer loop
      vertex 4.21614 45.9832 2.5
      vertex 4.12236 46.2275 5.5
      vertex 4.12236 46.2275 2.5
    endloop
  endfacet
  facet normal -0.933578 -0.358375 0
    outer loop
      vertex 4.12236 46.2275 5.5
      vertex 4.21614 45.9832 2.5
      vertex 4.21614 45.9832 5.5
    endloop
  endfacet
  facet normal 0.1563 -0.98771 0
    outer loop
      vertex 6.76132 44.5137 2.5
      vertex 7.01978 44.5546 5.5
      vertex 6.76132 44.5137 5.5
    endloop
  endfacet
  facet normal 0.1563 -0.98771 0
    outer loop
      vertex 7.01978 44.5546 5.5
      vertex 6.76132 44.5137 2.5
      vertex 7.01978 44.5546 2.5
    endloop
  endfacet
  facet normal 0.838714 0.544572 0
    outer loop
      vertex 8.66506 48.25 5.5
      vertex 8.52254 48.4695 2.5
      vertex 8.52254 48.4695 5.5
    endloop
  endfacet
  facet normal 0.838714 0.544572 0
    outer loop
      vertex 8.52254 48.4695 2.5
      vertex 8.66506 48.25 5.5
      vertex 8.66506 48.25 2.5
    endloop
  endfacet
  facet normal -0.25908 0.965856 0
    outer loop
      vertex 5.98022 49.4454 2.5
      vertex 5.72746 49.3776 5.5
      vertex 5.98022 49.4454 5.5
    endloop
  endfacet
  facet normal -0.25908 0.965856 0
    outer loop
      vertex 5.72746 49.3776 5.5
      vertex 5.98022 49.4454 2.5
      vertex 5.72746 49.3776 2.5
    endloop
  endfacet
  facet normal -0.933578 0.358375 0
    outer loop
      vertex 4.12236 47.7725 2.5
      vertex 4.21614 48.0168 5.5
      vertex 4.21614 48.0168 2.5
    endloop
  endfacet
  facet normal -0.933578 0.358375 0
    outer loop
      vertex 4.21614 48.0168 5.5
      vertex 4.12236 47.7725 2.5
      vertex 4.12236 47.7725 5.5
    endloop
  endfacet
  facet normal 0.453988 -0.891008 0
    outer loop
      vertex 7.51684 44.7161 2.5
      vertex 7.75 44.8349 5.5
      vertex 7.51684 44.7161 5.5
    endloop
  endfacet
  facet normal 0.453988 -0.891008 0
    outer loop
      vertex 7.75 44.8349 5.5
      vertex 7.51684 44.7161 2.5
      vertex 7.75 44.8349 2.5
    endloop
  endfacet
  facet normal 0.358108 0.93368 -0
    outer loop
      vertex 7.51684 49.2839 2.5
      vertex 7.27254 49.3776 5.5
      vertex 7.51684 49.2839 5.5
    endloop
  endfacet
  facet normal 0.358108 0.93368 0
    outer loop
      vertex 7.27254 49.3776 5.5
      vertex 7.51684 49.2839 2.5
      vertex 7.27254 49.3776 2.5
    endloop
  endfacet
  facet normal -0.998628 -0.0523582 0
    outer loop
      vertex 4.0137 46.7387 2.5
      vertex 4 47 5.5
      vertex 4 47 2.5
    endloop
  endfacet
  facet normal -0.998628 -0.0523582 0
    outer loop
      vertex 4 47 5.5
      vertex 4.0137 46.7387 2.5
      vertex 4.0137 46.7387 5.5
    endloop
  endfacet
  facet normal 0.891039 -0.453926 0
    outer loop
      vertex 8.66506 45.75 5.5
      vertex 8.78386 45.9832 2.5
      vertex 8.78386 45.9832 5.5
    endloop
  endfacet
  facet normal 0.891039 -0.453926 0
    outer loop
      vertex 8.78386 45.9832 2.5
      vertex 8.66506 45.75 5.5
      vertex 8.66506 45.75 2.5
    endloop
  endfacet
  facet normal -0.891039 -0.453926 0
    outer loop
      vertex 4.33494 45.75 2.5
      vertex 4.21614 45.9832 5.5
      vertex 4.21614 45.9832 2.5
    endloop
  endfacet
  facet normal -0.891039 -0.453926 0
    outer loop
      vertex 4.21614 45.9832 5.5
      vertex 4.33494 45.75 2.5
      vertex 4.33494 45.75 5.5
    endloop
  endfacet
  facet normal -0.70724 -0.706973 0
    outer loop
      vertex 4.82717 45.1421 2.5
      vertex 4.64214 45.3272 5.5
      vertex 4.64214 45.3272 2.5
    endloop
  endfacet
  facet normal -0.70724 -0.706973 0
    outer loop
      vertex 4.64214 45.3272 5.5
      vertex 4.82717 45.1421 2.5
      vertex 4.82717 45.1421 5.5
    endloop
  endfacet
  facet normal -0.358108 -0.93368 0
    outer loop
      vertex 5.48316 44.7161 2.5
      vertex 5.72746 44.6224 5.5
      vertex 5.48316 44.7161 5.5
    endloop
  endfacet
  facet normal -0.358108 -0.93368 -0
    outer loop
      vertex 5.72746 44.6224 5.5
      vertex 5.48316 44.7161 2.5
      vertex 5.72746 44.6224 2.5
    endloop
  endfacet
  facet normal 0.777051 0.629438 0
    outer loop
      vertex 8.52254 48.4695 5.5
      vertex 8.35786 48.6728 2.5
      vertex 8.35786 48.6728 5.5
    endloop
  endfacet
  facet normal 0.777051 0.629438 0
    outer loop
      vertex 8.35786 48.6728 2.5
      vertex 8.52254 48.4695 5.5
      vertex 8.52254 48.4695 2.5
    endloop
  endfacet
  facet normal -0.1563 0.98771 0
    outer loop
      vertex 6.23868 49.4863 2.5
      vertex 5.98022 49.4454 5.5
      vertex 6.23868 49.4863 5.5
    endloop
  endfacet
  facet normal -0.1563 0.98771 0
    outer loop
      vertex 5.98022 49.4454 5.5
      vertex 6.23868 49.4863 2.5
      vertex 5.98022 49.4454 2.5
    endloop
  endfacet
  facet normal 0.0523542 0.998629 -0
    outer loop
      vertex 6.76132 49.4863 2.5
      vertex 6.5 49.5 5.5
      vertex 6.76132 49.4863 5.5
    endloop
  endfacet
  facet normal 0.0523542 0.998629 0
    outer loop
      vertex 6.5 49.5 5.5
      vertex 6.76132 49.4863 2.5
      vertex 6.5 49.5 2.5
    endloop
  endfacet
  facet normal -0.838714 -0.544572 0
    outer loop
      vertex 4.47746 45.5305 2.5
      vertex 4.33494 45.75 5.5
      vertex 4.33494 45.75 2.5
    endloop
  endfacet
  facet normal -0.838714 -0.544572 0
    outer loop
      vertex 4.33494 45.75 5.5
      vertex 4.47746 45.5305 2.5
      vertex 4.47746 45.5305 5.5
    endloop
  endfacet
  facet normal 0.0523542 -0.998629 0
    outer loop
      vertex 6.5 44.5 2.5
      vertex 6.76132 44.5137 5.5
      vertex 6.5 44.5 5.5
    endloop
  endfacet
  facet normal 0.0523542 -0.998629 0
    outer loop
      vertex 6.76132 44.5137 5.5
      vertex 6.5 44.5 2.5
      vertex 6.76132 44.5137 2.5
    endloop
  endfacet
  facet normal 0.629122 -0.777306 0
    outer loop
      vertex 7.96946 44.9775 2.5
      vertex 8.17283 45.1421 5.5
      vertex 7.96946 44.9775 5.5
    endloop
  endfacet
  facet normal 0.629122 -0.777306 0
    outer loop
      vertex 8.17283 45.1421 5.5
      vertex 7.96946 44.9775 2.5
      vertex 8.17283 45.1421 2.5
    endloop
  endfacet
  facet normal 0.544857 0.838529 -0
    outer loop
      vertex 7.96946 49.0225 2.5
      vertex 7.75 49.1651 5.5
      vertex 7.96946 49.0225 5.5
    endloop
  endfacet
  facet normal 0.544857 0.838529 0
    outer loop
      vertex 7.75 49.1651 5.5
      vertex 7.96946 49.0225 2.5
      vertex 7.75 49.1651 2.5
    endloop
  endfacet
  facet normal -0.965907 -0.258888 0
    outer loop
      vertex 4.12236 46.2275 2.5
      vertex 4.05463 46.4802 5.5
      vertex 4.05463 46.4802 2.5
    endloop
  endfacet
  facet normal -0.965907 -0.258888 0
    outer loop
      vertex 4.05463 46.4802 5.5
      vertex 4.12236 46.2275 2.5
      vertex 4.12236 46.2275 5.5
    endloop
  endfacet
  facet normal 0.629122 0.777306 -0
    outer loop
      vertex 8.17283 48.8579 2.5
      vertex 7.96946 49.0225 5.5
      vertex 8.17283 48.8579 5.5
    endloop
  endfacet
  facet normal 0.629122 0.777306 0
    outer loop
      vertex 7.96946 49.0225 5.5
      vertex 8.17283 48.8579 2.5
      vertex 7.96946 49.0225 2.5
    endloop
  endfacet
  facet normal 0.987696 -0.156388 0
    outer loop
      vertex 8.94537 46.4802 5.5
      vertex 8.9863 46.7387 2.5
      vertex 8.9863 46.7387 5.5
    endloop
  endfacet
  facet normal 0.987696 -0.156388 0
    outer loop
      vertex 8.9863 46.7387 2.5
      vertex 8.94537 46.4802 5.5
      vertex 8.94537 46.4802 2.5
    endloop
  endfacet
  facet normal -0.25908 -0.965856 0
    outer loop
      vertex 5.72746 44.6224 2.5
      vertex 5.98022 44.5546 5.5
      vertex 5.72746 44.6224 5.5
    endloop
  endfacet
  facet normal -0.25908 -0.965856 -0
    outer loop
      vertex 5.98022 44.5546 5.5
      vertex 5.72746 44.6224 2.5
      vertex 5.98022 44.5546 2.5
    endloop
  endfacet
  facet normal -0.987696 -0.156388 0
    outer loop
      vertex 4.05463 46.4802 2.5
      vertex 4.0137 46.7387 5.5
      vertex 4.0137 46.7387 2.5
    endloop
  endfacet
  facet normal -0.987696 -0.156388 0
    outer loop
      vertex 4.0137 46.7387 5.5
      vertex 4.05463 46.4802 2.5
      vertex 4.05463 46.4802 5.5
    endloop
  endfacet
  facet normal 0.838714 -0.544572 0
    outer loop
      vertex 8.52254 45.5305 5.5
      vertex 8.66506 45.75 2.5
      vertex 8.66506 45.75 5.5
    endloop
  endfacet
  facet normal 0.838714 -0.544572 0
    outer loop
      vertex 8.66506 45.75 2.5
      vertex 8.52254 45.5305 5.5
      vertex 8.52254 45.5305 2.5
    endloop
  endfacet
  facet normal -0.358108 0.93368 0
    outer loop
      vertex 5.72746 49.3776 2.5
      vertex 5.48316 49.2839 5.5
      vertex 5.72746 49.3776 5.5
    endloop
  endfacet
  facet normal -0.358108 0.93368 0
    outer loop
      vertex 5.48316 49.2839 5.5
      vertex 5.72746 49.3776 2.5
      vertex 5.48316 49.2839 2.5
    endloop
  endfacet
  facet normal 0.544857 -0.838529 0
    outer loop
      vertex 7.75 44.8349 2.5
      vertex 7.96946 44.9775 5.5
      vertex 7.75 44.8349 5.5
    endloop
  endfacet
  facet normal 0.544857 -0.838529 0
    outer loop
      vertex 7.96946 44.9775 5.5
      vertex 7.75 44.8349 2.5
      vertex 7.96946 44.9775 2.5
    endloop
  endfacet
  facet normal -0.987696 0.156388 0
    outer loop
      vertex 4.0137 47.2613 2.5
      vertex 4.05463 47.5198 5.5
      vertex 4.05463 47.5198 2.5
    endloop
  endfacet
  facet normal -0.987696 0.156388 0
    outer loop
      vertex 4.05463 47.5198 5.5
      vertex 4.0137 47.2613 2.5
      vertex 4.0137 47.2613 5.5
    endloop
  endfacet
  facet normal 0.358108 -0.93368 0
    outer loop
      vertex 7.27254 44.6224 2.5
      vertex 7.51684 44.7161 5.5
      vertex 7.27254 44.6224 5.5
    endloop
  endfacet
  facet normal 0.358108 -0.93368 0
    outer loop
      vertex 7.51684 44.7161 5.5
      vertex 7.27254 44.6224 2.5
      vertex 7.51684 44.7161 2.5
    endloop
  endfacet
  facet normal -0.1563 -0.98771 0
    outer loop
      vertex 5.98022 44.5546 2.5
      vertex 6.23868 44.5137 5.5
      vertex 5.98022 44.5546 5.5
    endloop
  endfacet
  facet normal -0.1563 -0.98771 -0
    outer loop
      vertex 6.23868 44.5137 5.5
      vertex 5.98022 44.5546 2.5
      vertex 6.23868 44.5137 2.5
    endloop
  endfacet
  facet normal -0.70724 0.706973 0
    outer loop
      vertex 4.64214 48.6728 2.5
      vertex 4.82717 48.8579 5.5
      vertex 4.82717 48.8579 2.5
    endloop
  endfacet
  facet normal -0.70724 0.706973 0
    outer loop
      vertex 4.82717 48.8579 5.5
      vertex 4.64214 48.6728 2.5
      vertex 4.64214 48.6728 5.5
    endloop
  endfacet
  facet normal 0.25908 -0.965856 0
    outer loop
      vertex 7.01978 44.5546 2.5
      vertex 7.27254 44.6224 5.5
      vertex 7.01978 44.5546 5.5
    endloop
  endfacet
  facet normal 0.25908 -0.965856 0
    outer loop
      vertex 7.27254 44.6224 5.5
      vertex 7.01978 44.5546 2.5
      vertex 7.27254 44.6224 2.5
    endloop
  endfacet
  facet normal 0 0 1
    outer loop
      vertex 7.9 47 5.5
      vertex 9 47 5.5
      vertex 8.9863 47.2613 5.5
    endloop
  endfacet
  facet normal 0 0 1
    outer loop
      vertex 7.89233 47.1463 5.5
      vertex 8.9863 47.2613 5.5
      vertex 8.94537 47.5198 5.5
    endloop
  endfacet
  facet normal 0 0 1
    outer loop
      vertex 9 47 5.5
      vertex 7.9 47 5.5
      vertex 8.9863 46.7387 5.5
    endloop
  endfacet
  facet normal 0 0 1
    outer loop
      vertex 7.86941 47.2911 5.5
      vertex 8.94537 47.5198 5.5
      vertex 8.87764 47.7725 5.5
    endloop
  endfacet
  facet normal -0 0 1
    outer loop
      vertex 7.89233 46.8537 5.5
      vertex 8.9863 46.7387 5.5
      vertex 7.9 47 5.5
    endloop
  endfacet
  facet normal 0 0 1
    outer loop
      vertex 7.83148 47.4326 5.5
      vertex 8.87764 47.7725 5.5
      vertex 8.78386 48.0168 5.5
    endloop
  endfacet
  facet normal 0 0 1
    outer loop
      vertex 8.9863 46.7387 5.5
      vertex 7.89233 46.8537 5.5
      vertex 8.94537 46.4802 5.5
    endloop
  endfacet
  facet normal 0 0 1
    outer loop
      vertex 7.77896 47.5694 5.5
      vertex 8.78386 48.0168 5.5
      vertex 8.66506 48.25 5.5
    endloop
  endfacet
  facet normal -0 0 1
    outer loop
      vertex 7.86941 46.7089 5.5
      vertex 8.94537 46.4802 5.5
      vertex 7.89233 46.8537 5.5
    endloop
  endfacet
  facet normal 0 0 1
    outer loop
      vertex 7.71243 47.7 5.5
      vertex 8.66506 48.25 5.5
      vertex 8.52254 48.4695 5.5
    endloop
  endfacet
  facet normal 0 0 1
    outer loop
      vertex 8.94537 46.4802 5.5
      vertex 7.86941 46.7089 5.5
      vertex 8.87764 46.2275 5.5
    endloop
  endfacet
  facet normal 0 0 1
    outer loop
      vertex 7.63262 47.8229 5.5
      vertex 8.52254 48.4695 5.5
      vertex 8.35786 48.6728 5.5
    endloop
  endfacet
  facet normal -0 0 1
    outer loop
      vertex 7.83148 46.5674 5.5
      vertex 8.87764 46.2275 5.5
      vertex 7.86941 46.7089 5.5
    endloop
  endfacet
  facet normal 0 0 1
    outer loop
      vertex 7.5404 47.9368 5.5
      vertex 8.35786 48.6728 5.5
      vertex 8.17283 48.8579 5.5
    endloop
  endfacet
  facet normal 0 0 1
    outer loop
      vertex 8.87764 46.2275 5.5
      vertex 7.83148 46.5674 5.5
      vertex 8.78386 45.9832 5.5
    endloop
  endfacet
  facet normal 0 0 1
    outer loop
      vertex 7.43678 48.0404 5.5
      vertex 8.17283 48.8579 5.5
      vertex 7.96946 49.0225 5.5
    endloop
  endfacet
  facet normal -0 0 1
    outer loop
      vertex 7.77896 46.4306 5.5
      vertex 8.78386 45.9832 5.5
      vertex 7.83148 46.5674 5.5
    endloop
  endfacet
  facet normal 0 0 1
    outer loop
      vertex 8.78386 45.9832 5.5
      vertex 7.77896 46.4306 5.5
      vertex 8.66506 45.75 5.5
    endloop
  endfacet
  facet normal 0 0 1
    outer loop
      vertex 8.9863 47.2613 5.5
      vertex 7.89233 47.1463 5.5
      vertex 7.9 47 5.5
    endloop
  endfacet
  facet normal 0 0 1
    outer loop
      vertex 8.94537 47.5198 5.5
      vertex 7.86941 47.2911 5.5
      vertex 7.89233 47.1463 5.5
    endloop
  endfacet
  facet normal 0 0 1
    outer loop
      vertex 8.87764 47.7725 5.5
      vertex 7.83148 47.4326 5.5
      vertex 7.86941 47.2911 5.5
    endloop
  endfacet
  facet normal 0 0 1
    outer loop
      vertex 8.78386 48.0168 5.5
      vertex 7.77896 47.5694 5.5
      vertex 7.83148 47.4326 5.5
    endloop
  endfacet
  facet normal 0 0 1
    outer loop
      vertex 7.3229 48.1326 5.5
      vertex 7.96946 49.0225 5.5
      vertex 7.75 49.1651 5.5
    endloop
  endfacet
  facet normal 0 0 1
    outer loop
      vertex 8.66506 48.25 5.5
      vertex 7.71243 47.7 5.5
      vertex 7.77896 47.5694 5.5
    endloop
  endfacet
  facet normal 0 0 1
    outer loop
      vertex 8.52254 48.4695 5.5
      vertex 7.63262 47.8229 5.5
      vertex 7.71243 47.7 5.5
    endloop
  endfacet
  facet normal 0 0 1
    outer loop
      vertex 8.35786 48.6728 5.5
      vertex 7.5404 47.9368 5.5
      vertex 7.63262 47.8229 5.5
    endloop
  endfacet
  facet normal 0 0 1
    outer loop
      vertex 7.2 48.2124 5.5
      vertex 7.75 49.1651 5.5
      vertex 7.51684 49.2839 5.5
    endloop
  endfacet
  facet normal 0 0 1
    outer loop
      vertex 8.17283 48.8579 5.5
      vertex 7.43678 48.0404 5.5
      vertex 7.5404 47.9368 5.5
    endloop
  endfacet
  facet normal 0 0 1
    outer loop
      vertex 7.96946 49.0225 5.5
      vertex 7.3229 48.1326 5.5
      vertex 7.43678 48.0404 5.5
    endloop
  endfacet
  facet normal 0 0 1
    outer loop
      vertex 7.06943 48.279 5.5
      vertex 7.51684 49.2839 5.5
      vertex 7.27254 49.3776 5.5
    endloop
  endfacet
  facet normal 0 0 1
    outer loop
      vertex 7.75 49.1651 5.5
      vertex 7.2 48.2124 5.5
      vertex 7.3229 48.1326 5.5
    endloop
  endfacet
  facet normal 0 0 1
    outer loop
      vertex 7.51684 49.2839 5.5
      vertex 7.06943 48.279 5.5
      vertex 7.2 48.2124 5.5
    endloop
  endfacet
  facet normal 0 0 1
    outer loop
      vertex 6.93262 48.3315 5.5
      vertex 7.27254 49.3776 5.5
      vertex 7.01978 49.4454 5.5
    endloop
  endfacet
  facet normal 0 0 1
    outer loop
      vertex 7.27254 49.3776 5.5
      vertex 6.93262 48.3315 5.5
      vertex 7.06943 48.279 5.5
    endloop
  endfacet
  facet normal 0 0 1
    outer loop
      vertex 7.01978 49.4454 5.5
      vertex 6.79108 48.3694 5.5
      vertex 6.93262 48.3315 5.5
    endloop
  endfacet
  facet normal 0 0 1
    outer loop
      vertex 6.76132 49.4863 5.5
      vertex 6.79108 48.3694 5.5
      vertex 7.01978 49.4454 5.5
    endloop
  endfacet
  facet normal 0 0 1
    outer loop
      vertex 6.76132 49.4863 5.5
      vertex 6.64634 48.3923 5.5
      vertex 6.79108 48.3694 5.5
    endloop
  endfacet
  facet normal 0 0 1
    outer loop
      vertex 6.5 49.5 5.5
      vertex 6.64634 48.3923 5.5
      vertex 6.76132 49.4863 5.5
    endloop
  endfacet
  facet normal 0 0 1
    outer loop
      vertex 6.5 49.5 5.5
      vertex 6.5 48.4 5.5
      vertex 6.64634 48.3923 5.5
    endloop
  endfacet
  facet normal 0 0 1
    outer loop
      vertex 6.5 49.5 5.5
      vertex 6.35366 48.3923 5.5
      vertex 6.5 48.4 5.5
    endloop
  endfacet
  facet normal -0 0 1
    outer loop
      vertex 6.23868 49.4863 5.5
      vertex 6.35366 48.3923 5.5
      vertex 6.5 49.5 5.5
    endloop
  endfacet
  facet normal 0 0 1
    outer loop
      vertex 6.23868 49.4863 5.5
      vertex 6.20892 48.3694 5.5
      vertex 6.35366 48.3923 5.5
    endloop
  endfacet
  facet normal -0 0 1
    outer loop
      vertex 5.98022 49.4454 5.5
      vertex 6.20892 48.3694 5.5
      vertex 6.23868 49.4863 5.5
    endloop
  endfacet
  facet normal 0 0 1
    outer loop
      vertex 6.20892 48.3694 5.5
      vertex 5.98022 49.4454 5.5
      vertex 6.06738 48.3315 5.5
    endloop
  endfacet
  facet normal -0 0 1
    outer loop
      vertex 5.72746 49.3776 5.5
      vertex 6.06738 48.3315 5.5
      vertex 5.98022 49.4454 5.5
    endloop
  endfacet
  facet normal 0 0 1
    outer loop
      vertex 6.06738 48.3315 5.5
      vertex 5.72746 49.3776 5.5
      vertex 5.93057 48.279 5.5
    endloop
  endfacet
  facet normal -0 0 1
    outer loop
      vertex 5.48316 49.2839 5.5
      vertex 5.93057 48.279 5.5
      vertex 5.72746 49.3776 5.5
    endloop
  endfacet
  facet normal 0 0 1
    outer loop
      vertex 5.93057 48.279 5.5
      vertex 5.48316 49.2839 5.5
      vertex 5.8 48.2124 5.5
    endloop
  endfacet
  facet normal -0 0 1
    outer loop
      vertex 5.25 49.1651 5.5
      vertex 5.8 48.2124 5.5
      vertex 5.48316 49.2839 5.5
    endloop
  endfacet
  facet normal 0 0 1
    outer loop
      vertex 5.8 48.2124 5.5
      vertex 5.25 49.1651 5.5
      vertex 5.6771 48.1326 5.5
    endloop
  endfacet
  facet normal -0 0 1
    outer loop
      vertex 5.03054 49.0225 5.5
      vertex 5.6771 48.1326 5.5
      vertex 5.25 49.1651 5.5
    endloop
  endfacet
  facet normal 0 0 1
    outer loop
      vertex 5.6771 48.1326 5.5
      vertex 5.03054 49.0225 5.5
      vertex 5.56322 48.0404 5.5
    endloop
  endfacet
  facet normal -0 0 1
    outer loop
      vertex 4.82717 48.8579 5.5
      vertex 5.56322 48.0404 5.5
      vertex 5.03054 49.0225 5.5
    endloop
  endfacet
  facet normal 0 0 1
    outer loop
      vertex 5.56322 48.0404 5.5
      vertex 4.82717 48.8579 5.5
      vertex 5.4596 47.9368 5.5
    endloop
  endfacet
  facet normal -0 0 1
    outer loop
      vertex 4.64214 48.6728 5.5
      vertex 5.4596 47.9368 5.5
      vertex 4.82717 48.8579 5.5
    endloop
  endfacet
  facet normal 0 0 1
    outer loop
      vertex 5.4596 47.9368 5.5
      vertex 4.64214 48.6728 5.5
      vertex 5.36738 47.8229 5.5
    endloop
  endfacet
  facet normal -0 0 1
    outer loop
      vertex 4.47746 48.4695 5.5
      vertex 5.36738 47.8229 5.5
      vertex 4.64214 48.6728 5.5
    endloop
  endfacet
  facet normal 0 0 1
    outer loop
      vertex 5.36738 47.8229 5.5
      vertex 4.47746 48.4695 5.5
      vertex 5.28757 47.7 5.5
    endloop
  endfacet
  facet normal 0 0 1
    outer loop
      vertex 5.28757 47.7 5.5
      vertex 4.33494 48.25 5.5
      vertex 5.22104 47.5694 5.5
    endloop
  endfacet
  facet normal -0 0 1
    outer loop
      vertex 4.33494 48.25 5.5
      vertex 5.28757 47.7 5.5
      vertex 4.47746 48.4695 5.5
    endloop
  endfacet
  facet normal -0 0 1
    outer loop
      vertex 7.71243 46.3 5.5
      vertex 8.66506 45.75 5.5
      vertex 7.77896 46.4306 5.5
    endloop
  endfacet
  facet normal 0 0 1
    outer loop
      vertex 8.66506 45.75 5.5
      vertex 7.71243 46.3 5.5
      vertex 8.52254 45.5305 5.5
    endloop
  endfacet
  facet normal -0 0 1
    outer loop
      vertex 7.63262 46.1771 5.5
      vertex 8.52254 45.5305 5.5
      vertex 7.71243 46.3 5.5
    endloop
  endfacet
  facet normal 0 0 1
    outer loop
      vertex 8.52254 45.5305 5.5
      vertex 7.63262 46.1771 5.5
      vertex 8.35786 45.3272 5.5
    endloop
  endfacet
  facet normal -0 0 1
    outer loop
      vertex 7.5404 46.0632 5.5
      vertex 8.35786 45.3272 5.5
      vertex 7.63262 46.1771 5.5
    endloop
  endfacet
  facet normal 0 0 1
    outer loop
      vertex 8.35786 45.3272 5.5
      vertex 7.5404 46.0632 5.5
      vertex 8.17283 45.1421 5.5
    endloop
  endfacet
  facet normal -0 0 1
    outer loop
      vertex 7.43678 45.9596 5.5
      vertex 8.17283 45.1421 5.5
      vertex 7.5404 46.0632 5.5
    endloop
  endfacet
  facet normal 0 0 1
    outer loop
      vertex 8.17283 45.1421 5.5
      vertex 7.43678 45.9596 5.5
      vertex 7.96946 44.9775 5.5
    endloop
  endfacet
  facet normal -0 0 1
    outer loop
      vertex 7.3229 45.8674 5.5
      vertex 7.96946 44.9775 5.5
      vertex 7.43678 45.9596 5.5
    endloop
  endfacet
  facet normal 0 0 1
    outer loop
      vertex 7.96946 44.9775 5.5
      vertex 7.3229 45.8674 5.5
      vertex 7.75 44.8349 5.5
    endloop
  endfacet
  facet normal -0 0 1
    outer loop
      vertex 7.2 45.7876 5.5
      vertex 7.75 44.8349 5.5
      vertex 7.3229 45.8674 5.5
    endloop
  endfacet
  facet normal 0 0 1
    outer loop
      vertex 7.75 44.8349 5.5
      vertex 7.2 45.7876 5.5
      vertex 7.51684 44.7161 5.5
    endloop
  endfacet
  facet normal -0 0 1
    outer loop
      vertex 7.06943 45.721 5.5
      vertex 7.51684 44.7161 5.5
      vertex 7.2 45.7876 5.5
    endloop
  endfacet
  facet normal 0 0 1
    outer loop
      vertex 7.51684 44.7161 5.5
      vertex 7.06943 45.721 5.5
      vertex 7.27254 44.6224 5.5
    endloop
  endfacet
  facet normal -0 0 1
    outer loop
      vertex 6.93262 45.6685 5.5
      vertex 7.27254 44.6224 5.5
      vertex 7.06943 45.721 5.5
    endloop
  endfacet
  facet normal 0 0 1
    outer loop
      vertex 7.27254 44.6224 5.5
      vertex 6.93262 45.6685 5.5
      vertex 7.01978 44.5546 5.5
    endloop
  endfacet
  facet normal -0 0 1
    outer loop
      vertex 6.79108 45.6306 5.5
      vertex 7.01978 44.5546 5.5
      vertex 6.93262 45.6685 5.5
    endloop
  endfacet
  facet normal 0 0 1
    outer loop
      vertex 6.79108 45.6306 5.5
      vertex 6.76132 44.5137 5.5
      vertex 7.01978 44.5546 5.5
    endloop
  endfacet
  facet normal -0 0 1
    outer loop
      vertex 6.64634 45.6077 5.5
      vertex 6.76132 44.5137 5.5
      vertex 6.79108 45.6306 5.5
    endloop
  endfacet
  facet normal -0 0 1
    outer loop
      vertex 6.5 45.6 5.5
      vertex 6.76132 44.5137 5.5
      vertex 6.64634 45.6077 5.5
    endloop
  endfacet
  facet normal 0 0 1
    outer loop
      vertex 6.5 45.6 5.5
      vertex 6.5 44.5 5.5
      vertex 6.76132 44.5137 5.5
    endloop
  endfacet
  facet normal 0 0 1
    outer loop
      vertex 6.35366 45.6077 5.5
      vertex 6.5 44.5 5.5
      vertex 6.5 45.6 5.5
    endloop
  endfacet
  facet normal 0 0 1
    outer loop
      vertex 6.35366 45.6077 5.5
      vertex 6.23868 44.5137 5.5
      vertex 6.5 44.5 5.5
    endloop
  endfacet
  facet normal 0 0 1
    outer loop
      vertex 6.20892 45.6306 5.5
      vertex 6.23868 44.5137 5.5
      vertex 6.35366 45.6077 5.5
    endloop
  endfacet
  facet normal 0 0 1
    outer loop
      vertex 5.98022 44.5546 5.5
      vertex 6.20892 45.6306 5.5
      vertex 6.06738 45.6685 5.5
    endloop
  endfacet
  facet normal 0 0 1
    outer loop
      vertex 6.20892 45.6306 5.5
      vertex 5.98022 44.5546 5.5
      vertex 6.23868 44.5137 5.5
    endloop
  endfacet
  facet normal 0 0 1
    outer loop
      vertex 5.72746 44.6224 5.5
      vertex 6.06738 45.6685 5.5
      vertex 5.93057 45.721 5.5
    endloop
  endfacet
  facet normal 0 0 1
    outer loop
      vertex 5.48316 44.7161 5.5
      vertex 5.93057 45.721 5.5
      vertex 5.8 45.7876 5.5
    endloop
  endfacet
  facet normal 0 0 1
    outer loop
      vertex 6.06738 45.6685 5.5
      vertex 5.72746 44.6224 5.5
      vertex 5.98022 44.5546 5.5
    endloop
  endfacet
  facet normal 0 0 1
    outer loop
      vertex 5.25 44.8349 5.5
      vertex 5.8 45.7876 5.5
      vertex 5.6771 45.8674 5.5
    endloop
  endfacet
  facet normal 0 0 1
    outer loop
      vertex 5.03054 44.9775 5.5
      vertex 5.6771 45.8674 5.5
      vertex 5.56322 45.9596 5.5
    endloop
  endfacet
  facet normal 0 0 1
    outer loop
      vertex 5.93057 45.721 5.5
      vertex 5.48316 44.7161 5.5
      vertex 5.72746 44.6224 5.5
    endloop
  endfacet
  facet normal 0 0 1
    outer loop
      vertex 4.82717 45.1421 5.5
      vertex 5.56322 45.9596 5.5
      vertex 5.4596 46.0632 5.5
    endloop
  endfacet
  facet normal 0 0 1
    outer loop
      vertex 4.64214 45.3272 5.5
      vertex 5.4596 46.0632 5.5
      vertex 5.36738 46.1771 5.5
    endloop
  endfacet
  facet normal 0 0 1
    outer loop
      vertex 4.47746 45.5305 5.5
      vertex 5.36738 46.1771 5.5
      vertex 5.28757 46.3 5.5
    endloop
  endfacet
  facet normal 0 0 1
    outer loop
      vertex 5.8 45.7876 5.5
      vertex 5.25 44.8349 5.5
      vertex 5.48316 44.7161 5.5
    endloop
  endfacet
  facet normal 0 0 1
    outer loop
      vertex 4.33494 45.75 5.5
      vertex 5.28757 46.3 5.5
      vertex 5.22104 46.4306 5.5
    endloop
  endfacet
  facet normal 0 0 1
    outer loop
      vertex 4.21614 45.9832 5.5
      vertex 5.22104 46.4306 5.5
      vertex 5.16852 46.5674 5.5
    endloop
  endfacet
  facet normal 0 0 1
    outer loop
      vertex 4.12236 46.2275 5.5
      vertex 5.16852 46.5674 5.5
      vertex 5.13059 46.7089 5.5
    endloop
  endfacet
  facet normal 0 0 1
    outer loop
      vertex 4.05463 46.4802 5.5
      vertex 5.13059 46.7089 5.5
      vertex 5.10767 46.8537 5.5
    endloop
  endfacet
  facet normal 0 0 1
    outer loop
      vertex 5.6771 45.8674 5.5
      vertex 5.03054 44.9775 5.5
      vertex 5.25 44.8349 5.5
    endloop
  endfacet
  facet normal 0 0 1
    outer loop
      vertex 4.0137 46.7387 5.5
      vertex 5.10767 46.8537 5.5
      vertex 5.1 47 5.5
    endloop
  endfacet
  facet normal -0 0 1
    outer loop
      vertex 4.21614 48.0168 5.5
      vertex 5.22104 47.5694 5.5
      vertex 4.33494 48.25 5.5
    endloop
  endfacet
  facet normal 0 0 1
    outer loop
      vertex 5.22104 47.5694 5.5
      vertex 4.21614 48.0168 5.5
      vertex 5.16852 47.4326 5.5
    endloop
  endfacet
  facet normal 0 0 1
    outer loop
      vertex 5.56322 45.9596 5.5
      vertex 4.82717 45.1421 5.5
      vertex 5.03054 44.9775 5.5
    endloop
  endfacet
  facet normal -0 0 1
    outer loop
      vertex 4.12236 47.7725 5.5
      vertex 5.16852 47.4326 5.5
      vertex 4.21614 48.0168 5.5
    endloop
  endfacet
  facet normal 0 0 1
    outer loop
      vertex 5.4596 46.0632 5.5
      vertex 4.64214 45.3272 5.5
      vertex 4.82717 45.1421 5.5
    endloop
  endfacet
  facet normal 0 0 1
    outer loop
      vertex 5.16852 47.4326 5.5
      vertex 4.12236 47.7725 5.5
      vertex 5.13059 47.2911 5.5
    endloop
  endfacet
  facet normal 0 0 1
    outer loop
      vertex 5.36738 46.1771 5.5
      vertex 4.47746 45.5305 5.5
      vertex 4.64214 45.3272 5.5
    endloop
  endfacet
  facet normal -0 0 1
    outer loop
      vertex 4.05463 47.5198 5.5
      vertex 5.13059 47.2911 5.5
      vertex 4.12236 47.7725 5.5
    endloop
  endfacet
  facet normal 0 0 1
    outer loop
      vertex 5.28757 46.3 5.5
      vertex 4.33494 45.75 5.5
      vertex 4.47746 45.5305 5.5
    endloop
  endfacet
  facet normal 0 0 1
    outer loop
      vertex 5.13059 47.2911 5.5
      vertex 4.05463 47.5198 5.5
      vertex 5.10767 47.1463 5.5
    endloop
  endfacet
  facet normal 0 0 1
    outer loop
      vertex 5.22104 46.4306 5.5
      vertex 4.21614 45.9832 5.5
      vertex 4.33494 45.75 5.5
    endloop
  endfacet
  facet normal -0 0 1
    outer loop
      vertex 4.0137 47.2613 5.5
      vertex 5.10767 47.1463 5.5
      vertex 4.05463 47.5198 5.5
    endloop
  endfacet
  facet normal 0 0 1
    outer loop
      vertex 5.16852 46.5674 5.5
      vertex 4.12236 46.2275 5.5
      vertex 4.21614 45.9832 5.5
    endloop
  endfacet
  facet normal 0 0 1
    outer loop
      vertex 5.10767 47.1463 5.5
      vertex 4.0137 47.2613 5.5
      vertex 5.1 47 5.5
    endloop
  endfacet
  facet normal 0 0 1
    outer loop
      vertex 5.13059 46.7089 5.5
      vertex 4.05463 46.4802 5.5
      vertex 4.12236 46.2275 5.5
    endloop
  endfacet
  facet normal 0 0 1
    outer loop
      vertex 4 47 5.5
      vertex 5.1 47 5.5
      vertex 4.0137 47.2613 5.5
    endloop
  endfacet
  facet normal 0 0 1
    outer loop
      vertex 5.10767 46.8537 5.5
      vertex 4.0137 46.7387 5.5
      vertex 4.05463 46.4802 5.5
    endloop
  endfacet
  facet normal 0 0 1
    outer loop
      vertex 5.1 47 5.5
      vertex 4 47 5.5
      vertex 4.0137 46.7387 5.5
    endloop
  endfacet
  facet normal 0.70724 -0.706973 0
    outer loop
      vertex 8.17283 45.1421 5.5
      vertex 8.35786 45.3272 2.5
      vertex 8.35786 45.3272 5.5
    endloop
  endfacet
  facet normal 0.70724 -0.706973 0
    outer loop
      vertex 8.35786 45.3272 2.5
      vertex 8.17283 45.1421 5.5
      vertex 8.17283 45.1421 2.5
    endloop
  endfacet
  facet normal -0.0523542 -0.998629 0
    outer loop
      vertex 6.23868 44.5137 2.5
      vertex 6.5 44.5 5.5
      vertex 6.23868 44.5137 5.5
    endloop
  endfacet
  facet normal -0.0523542 -0.998629 -0
    outer loop
      vertex 6.5 44.5 5.5
      vertex 6.23868 44.5137 2.5
      vertex 6.5 44.5 2.5
    endloop
  endfacet
  facet normal -0.891039 0.453926 0
    outer loop
      vertex 4.21614 48.0168 2.5
      vertex 4.33494 48.25 5.5
      vertex 4.33494 48.25 2.5
    endloop
  endfacet
  facet normal -0.891039 0.453926 0
    outer loop
      vertex 4.33494 48.25 5.5
      vertex 4.21614 48.0168 2.5
      vertex 4.21614 48.0168 5.5
    endloop
  endfacet
  facet normal 0.25908 0.965856 -0
    outer loop
      vertex 7.27254 49.3776 2.5
      vertex 7.01978 49.4454 5.5
      vertex 7.27254 49.3776 5.5
    endloop
  endfacet
  facet normal 0.25908 0.965856 0
    outer loop
      vertex 7.01978 49.4454 5.5
      vertex 7.27254 49.3776 2.5
      vertex 7.01978 49.4454 2.5
    endloop
  endfacet
  facet normal -0.453988 -0.891008 0
    outer loop
      vertex 5.25 44.8349 2.5
      vertex 5.48316 44.7161 5.5
      vertex 5.25 44.8349 5.5
    endloop
  endfacet
  facet normal -0.453988 -0.891008 -0
    outer loop
      vertex 5.48316 44.7161 5.5
      vertex 5.25 44.8349 2.5
      vertex 5.48316 44.7161 2.5
    endloop
  endfacet
  facet normal -0.544857 -0.838529 0
    outer loop
      vertex 5.03054 44.9775 2.5
      vertex 5.25 44.8349 5.5
      vertex 5.03054 44.9775 5.5
    endloop
  endfacet
  facet normal -0.544857 -0.838529 -0
    outer loop
      vertex 5.25 44.8349 5.5
      vertex 5.03054 44.9775 2.5
      vertex 5.25 44.8349 2.5
    endloop
  endfacet
  facet normal -0.777051 0.629438 0
    outer loop
      vertex 4.47746 48.4695 2.5
      vertex 4.64214 48.6728 5.5
      vertex 4.64214 48.6728 2.5
    endloop
  endfacet
  facet normal -0.777051 0.629438 0
    outer loop
      vertex 4.64214 48.6728 5.5
      vertex 4.47746 48.4695 2.5
      vertex 4.47746 48.4695 5.5
    endloop
  endfacet
  facet normal -0.987703 0.156341 0
    outer loop
      vertex 7.86941 46.7089 2.5
      vertex 7.89233 46.8537 5.5
      vertex 7.89233 46.8537 2.5
    endloop
  endfacet
  facet normal -0.987703 0.156341 0
    outer loop
      vertex 7.89233 46.8537 5.5
      vertex 7.86941 46.7089 2.5
      vertex 7.86941 46.7089 5.5
    endloop
  endfacet
  facet normal -0.987703 -0.156341 0
    outer loop
      vertex 7.89233 47.1463 2.5
      vertex 7.86941 47.2911 5.5
      vertex 7.86941 47.2911 2.5
    endloop
  endfacet
  facet normal -0.987703 -0.156341 0
    outer loop
      vertex 7.86941 47.2911 5.5
      vertex 7.89233 47.1463 2.5
      vertex 7.89233 47.1463 5.5
    endloop
  endfacet
  facet normal -0.998629 -0.0523546 0
    outer loop
      vertex 7.9 47 2.5
      vertex 7.89233 47.1463 5.5
      vertex 7.89233 47.1463 2.5
    endloop
  endfacet
  facet normal -0.998629 -0.0523546 0
    outer loop
      vertex 7.89233 47.1463 5.5
      vertex 7.9 47 2.5
      vertex 7.9 47 5.5
    endloop
  endfacet
  facet normal -0.9659 -0.258916 0
    outer loop
      vertex 7.86941 47.2911 2.5
      vertex 7.83148 47.4326 5.5
      vertex 7.83148 47.4326 2.5
    endloop
  endfacet
  facet normal -0.9659 -0.258916 0
    outer loop
      vertex 7.83148 47.4326 5.5
      vertex 7.86941 47.2911 2.5
      vertex 7.86941 47.2911 5.5
    endloop
  endfacet
  facet normal -0.838677 -0.544629 0
    outer loop
      vertex 7.71243 47.7 2.5
      vertex 7.63262 47.8229 5.5
      vertex 7.63262 47.8229 2.5
    endloop
  endfacet
  facet normal -0.838677 -0.544629 0
    outer loop
      vertex 7.63262 47.8229 5.5
      vertex 7.71243 47.7 2.5
      vertex 7.71243 47.7 5.5
    endloop
  endfacet
  facet normal 0.156271 -0.987714 0
    outer loop
      vertex 6.20892 48.3694 2.5
      vertex 6.35366 48.3923 5.5
      vertex 6.20892 48.3694 5.5
    endloop
  endfacet
  facet normal 0.156271 -0.987714 0
    outer loop
      vertex 6.35366 48.3923 5.5
      vertex 6.20892 48.3694 2.5
      vertex 6.35366 48.3923 2.5
    endloop
  endfacet
  facet normal 0.9659 0.258916 0
    outer loop
      vertex 5.16852 46.5674 5.5
      vertex 5.13059 46.7089 2.5
      vertex 5.13059 46.7089 5.5
    endloop
  endfacet
  facet normal 0.9659 0.258916 0
    outer loop
      vertex 5.13059 46.7089 2.5
      vertex 5.16852 46.5674 5.5
      vertex 5.16852 46.5674 2.5
    endloop
  endfacet
  facet normal 0.454376 0.89081 -0
    outer loop
      vertex 5.93057 45.721 2.5
      vertex 5.8 45.7876 5.5
      vertex 5.93057 45.721 5.5
    endloop
  endfacet
  facet normal 0.454376 0.89081 0
    outer loop
      vertex 5.8 45.7876 5.5
      vertex 5.93057 45.721 2.5
      vertex 5.8 45.7876 2.5
    endloop
  endfacet
  facet normal -0.998629 0.0523546 0
    outer loop
      vertex 7.89233 46.8537 2.5
      vertex 7.9 47 5.5
      vertex 7.9 47 2.5
    endloop
  endfacet
  facet normal -0.998629 0.0523546 0
    outer loop
      vertex 7.9 47 5.5
      vertex 7.89233 46.8537 2.5
      vertex 7.89233 46.8537 5.5
    endloop
  endfacet
  facet normal -0.258656 0.965969 0
    outer loop
      vertex 6.93262 45.6685 2.5
      vertex 6.79108 45.6306 5.5
      vertex 6.93262 45.6685 5.5
    endloop
  endfacet
  facet normal -0.258656 0.965969 0
    outer loop
      vertex 6.79108 45.6306 5.5
      vertex 6.93262 45.6685 2.5
      vertex 6.79108 45.6306 2.5
    endloop
  endfacet
  facet normal 0.629245 0.777207 -0
    outer loop
      vertex 5.6771 45.8674 2.5
      vertex 5.56322 45.9596 5.5
      vertex 5.6771 45.8674 5.5
    endloop
  endfacet
  facet normal 0.629245 0.777207 0
    outer loop
      vertex 5.56322 45.9596 5.5
      vertex 5.6771 45.8674 2.5
      vertex 5.56322 45.9596 2.5
    endloop
  endfacet
  facet normal 0.707039 0.707175 -0
    outer loop
      vertex 5.56322 45.9596 2.5
      vertex 5.4596 46.0632 5.5
      vertex 5.56322 45.9596 5.5
    endloop
  endfacet
  facet normal 0.707039 0.707175 0
    outer loop
      vertex 5.4596 46.0632 5.5
      vertex 5.56322 45.9596 2.5
      vertex 5.4596 46.0632 2.5
    endloop
  endfacet
  facet normal 0.9659 -0.258916 0
    outer loop
      vertex 5.13059 47.2911 5.5
      vertex 5.16852 47.4326 2.5
      vertex 5.16852 47.4326 5.5
    endloop
  endfacet
  facet normal 0.9659 -0.258916 0
    outer loop
      vertex 5.16852 47.4326 2.5
      vertex 5.13059 47.2911 5.5
      vertex 5.13059 47.2911 2.5
    endloop
  endfacet
  facet normal 0.544581 0.838709 -0
    outer loop
      vertex 5.8 45.7876 2.5
      vertex 5.6771 45.8674 5.5
      vertex 5.8 45.7876 5.5
    endloop
  endfacet
  facet normal 0.544581 0.838709 0
    outer loop
      vertex 5.6771 45.8674 5.5
      vertex 5.8 45.7876 2.5
      vertex 5.6771 45.8674 2.5
    endloop
  endfacet
  facet normal -0.933564 0.358412 0
    outer loop
      vertex 7.77896 46.4306 2.5
      vertex 7.83148 46.5674 5.5
      vertex 7.83148 46.5674 2.5
    endloop
  endfacet
  facet normal -0.933564 0.358412 0
    outer loop
      vertex 7.83148 46.5674 5.5
      vertex 7.77896 46.4306 2.5
      vertex 7.77896 46.4306 5.5
    endloop
  endfacet
  facet normal -0.156271 -0.987714 0
    outer loop
      vertex 6.64634 48.3923 2.5
      vertex 6.79108 48.3694 5.5
      vertex 6.64634 48.3923 5.5
    endloop
  endfacet
  facet normal -0.156271 -0.987714 -0
    outer loop
      vertex 6.79108 48.3694 5.5
      vertex 6.64634 48.3923 2.5
      vertex 6.79108 48.3694 2.5
    endloop
  endfacet
  facet normal -0.544581 -0.838709 0
    outer loop
      vertex 7.2 48.2124 2.5
      vertex 7.3229 48.1326 5.5
      vertex 7.2 48.2124 5.5
    endloop
  endfacet
  facet normal -0.544581 -0.838709 -0
    outer loop
      vertex 7.3229 48.1326 5.5
      vertex 7.2 48.2124 2.5
      vertex 7.3229 48.1326 2.5
    endloop
  endfacet
  facet normal -0.35827 0.933618 0
    outer loop
      vertex 7.06943 45.721 2.5
      vertex 6.93262 45.6685 5.5
      vertex 7.06943 45.721 5.5
    endloop
  endfacet
  facet normal -0.35827 0.933618 0
    outer loop
      vertex 6.93262 45.6685 5.5
      vertex 7.06943 45.721 2.5
      vertex 6.93262 45.6685 2.5
    endloop
  endfacet
  facet normal 0.258656 -0.965969 0
    outer loop
      vertex 6.06738 48.3315 2.5
      vertex 6.20892 48.3694 5.5
      vertex 6.06738 48.3315 5.5
    endloop
  endfacet
  facet normal 0.258656 -0.965969 0
    outer loop
      vertex 6.20892 48.3694 5.5
      vertex 6.06738 48.3315 2.5
      vertex 6.20892 48.3694 2.5
    endloop
  endfacet
  facet normal -0.0525445 -0.998619 0
    outer loop
      vertex 6.5 48.4 2.5
      vertex 6.64634 48.3923 5.5
      vertex 6.5 48.4 5.5
    endloop
  endfacet
  facet normal -0.0525445 -0.998619 -0
    outer loop
      vertex 6.64634 48.3923 5.5
      vertex 6.5 48.4 2.5
      vertex 6.64634 48.3923 2.5
    endloop
  endfacet
  facet normal -0.35827 -0.933618 0
    outer loop
      vertex 6.93262 48.3315 2.5
      vertex 7.06943 48.279 5.5
      vertex 6.93262 48.3315 5.5
    endloop
  endfacet
  facet normal -0.35827 -0.933618 -0
    outer loop
      vertex 7.06943 48.279 5.5
      vertex 6.93262 48.3315 2.5
      vertex 7.06943 48.279 2.5
    endloop
  endfacet
  facet normal -0.9659 0.258916 0
    outer loop
      vertex 7.83148 46.5674 2.5
      vertex 7.86941 46.7089 5.5
      vertex 7.86941 46.7089 2.5
    endloop
  endfacet
  facet normal -0.9659 0.258916 0
    outer loop
      vertex 7.86941 46.7089 5.5
      vertex 7.83148 46.5674 2.5
      vertex 7.83148 46.5674 5.5
    endloop
  endfacet
  facet normal -0.454376 -0.89081 0
    outer loop
      vertex 7.06943 48.279 2.5
      vertex 7.2 48.2124 5.5
      vertex 7.06943 48.279 5.5
    endloop
  endfacet
  facet normal -0.454376 -0.89081 -0
    outer loop
      vertex 7.2 48.2124 5.5
      vertex 7.06943 48.279 2.5
      vertex 7.2 48.2124 2.5
    endloop
  endfacet
  facet normal 0.454376 -0.89081 0
    outer loop
      vertex 5.8 48.2124 2.5
      vertex 5.93057 48.279 5.5
      vertex 5.8 48.2124 5.5
    endloop
  endfacet
  facet normal 0.454376 -0.89081 0
    outer loop
      vertex 5.93057 48.279 5.5
      vertex 5.8 48.2124 2.5
      vertex 5.93057 48.279 2.5
    endloop
  endfacet
  facet normal -0.156271 0.987714 0
    outer loop
      vertex 6.79108 45.6306 2.5
      vertex 6.64634 45.6077 5.5
      vertex 6.79108 45.6306 5.5
    endloop
  endfacet
  facet normal -0.156271 0.987714 0
    outer loop
      vertex 6.64634 45.6077 5.5
      vertex 6.79108 45.6306 2.5
      vertex 6.64634 45.6077 2.5
    endloop
  endfacet
  facet normal 0.258656 0.965969 -0
    outer loop
      vertex 6.20892 45.6306 2.5
      vertex 6.06738 45.6685 5.5
      vertex 6.20892 45.6306 5.5
    endloop
  endfacet
  facet normal 0.258656 0.965969 0
    outer loop
      vertex 6.06738 45.6685 5.5
      vertex 6.20892 45.6306 2.5
      vertex 6.06738 45.6685 2.5
    endloop
  endfacet
  facet normal -0.777194 0.629261 0
    outer loop
      vertex 7.5404 46.0632 2.5
      vertex 7.63262 46.1771 5.5
      vertex 7.63262 46.1771 2.5
    endloop
  endfacet
  facet normal -0.777194 0.629261 0
    outer loop
      vertex 7.63262 46.1771 5.5
      vertex 7.5404 46.0632 2.5
      vertex 7.5404 46.0632 5.5
    endloop
  endfacet
  facet normal -0.629245 -0.777207 0
    outer loop
      vertex 7.3229 48.1326 2.5
      vertex 7.43678 48.0404 5.5
      vertex 7.3229 48.1326 5.5
    endloop
  endfacet
  facet normal -0.629245 -0.777207 -0
    outer loop
      vertex 7.43678 48.0404 5.5
      vertex 7.3229 48.1326 2.5
      vertex 7.43678 48.0404 2.5
    endloop
  endfacet
  facet normal -0.891045 0.453915 0
    outer loop
      vertex 7.71243 46.3 2.5
      vertex 7.77896 46.4306 5.5
      vertex 7.77896 46.4306 2.5
    endloop
  endfacet
  facet normal -0.891045 0.453915 0
    outer loop
      vertex 7.77896 46.4306 5.5
      vertex 7.71243 46.3 2.5
      vertex 7.71243 46.3 5.5
    endloop
  endfacet
  facet normal 0.707039 -0.707175 0
    outer loop
      vertex 5.4596 47.9368 2.5
      vertex 5.56322 48.0404 5.5
      vertex 5.4596 47.9368 5.5
    endloop
  endfacet
  facet normal 0.707039 -0.707175 0
    outer loop
      vertex 5.56322 48.0404 5.5
      vertex 5.4596 47.9368 2.5
      vertex 5.56322 48.0404 2.5
    endloop
  endfacet
  facet normal -0.0525445 0.998619 0
    outer loop
      vertex 6.64634 45.6077 2.5
      vertex 6.5 45.6 5.5
      vertex 6.64634 45.6077 5.5
    endloop
  endfacet
  facet normal -0.0525445 0.998619 0
    outer loop
      vertex 6.5 45.6 5.5
      vertex 6.64634 45.6077 2.5
      vertex 6.5 45.6 2.5
    endloop
  endfacet
  facet normal 0.35827 -0.933618 0
    outer loop
      vertex 5.93057 48.279 2.5
      vertex 6.06738 48.3315 5.5
      vertex 5.93057 48.279 5.5
    endloop
  endfacet
  facet normal 0.35827 -0.933618 0
    outer loop
      vertex 6.06738 48.3315 5.5
      vertex 5.93057 48.279 2.5
      vertex 6.06738 48.3315 2.5
    endloop
  endfacet
  facet normal 0.0525445 -0.998619 0
    outer loop
      vertex 6.35366 48.3923 2.5
      vertex 6.5 48.4 5.5
      vertex 6.35366 48.3923 5.5
    endloop
  endfacet
  facet normal 0.0525445 -0.998619 0
    outer loop
      vertex 6.5 48.4 5.5
      vertex 6.35366 48.3923 2.5
      vertex 6.5 48.4 2.5
    endloop
  endfacet
  facet normal -0.454376 0.89081 0
    outer loop
      vertex 7.2 45.7876 2.5
      vertex 7.06943 45.721 5.5
      vertex 7.2 45.7876 5.5
    endloop
  endfacet
  facet normal -0.454376 0.89081 0
    outer loop
      vertex 7.06943 45.721 5.5
      vertex 7.2 45.7876 2.5
      vertex 7.06943 45.721 2.5
    endloop
  endfacet
  facet normal 0.933564 -0.358412 0
    outer loop
      vertex 5.16852 47.4326 5.5
      vertex 5.22104 47.5694 2.5
      vertex 5.22104 47.5694 5.5
    endloop
  endfacet
  facet normal 0.933564 -0.358412 0
    outer loop
      vertex 5.22104 47.5694 2.5
      vertex 5.16852 47.4326 5.5
      vertex 5.16852 47.4326 2.5
    endloop
  endfacet
  facet normal 0.891045 -0.453915 0
    outer loop
      vertex 5.22104 47.5694 5.5
      vertex 5.28757 47.7 2.5
      vertex 5.28757 47.7 5.5
    endloop
  endfacet
  facet normal 0.891045 -0.453915 0
    outer loop
      vertex 5.28757 47.7 2.5
      vertex 5.22104 47.5694 5.5
      vertex 5.22104 47.5694 2.5
    endloop
  endfacet
  facet normal -0.777194 -0.629261 0
    outer loop
      vertex 7.63262 47.8229 2.5
      vertex 7.5404 47.9368 5.5
      vertex 7.5404 47.9368 2.5
    endloop
  endfacet
  facet normal -0.777194 -0.629261 0
    outer loop
      vertex 7.5404 47.9368 5.5
      vertex 7.63262 47.8229 2.5
      vertex 7.63262 47.8229 5.5
    endloop
  endfacet
  facet normal -0.258656 -0.965969 0
    outer loop
      vertex 6.79108 48.3694 2.5
      vertex 6.93262 48.3315 5.5
      vertex 6.79108 48.3694 5.5
    endloop
  endfacet
  facet normal -0.258656 -0.965969 -0
    outer loop
      vertex 6.93262 48.3315 5.5
      vertex 6.79108 48.3694 2.5
      vertex 6.93262 48.3315 2.5
    endloop
  endfacet
  facet normal -0.933564 -0.358412 0
    outer loop
      vertex 7.83148 47.4326 2.5
      vertex 7.77896 47.5694 5.5
      vertex 7.77896 47.5694 2.5
    endloop
  endfacet
  facet normal -0.933564 -0.358412 0
    outer loop
      vertex 7.77896 47.5694 5.5
      vertex 7.83148 47.4326 2.5
      vertex 7.83148 47.4326 5.5
    endloop
  endfacet
  facet normal -0.838677 0.544629 0
    outer loop
      vertex 7.63262 46.1771 2.5
      vertex 7.71243 46.3 5.5
      vertex 7.71243 46.3 2.5
    endloop
  endfacet
  facet normal -0.838677 0.544629 0
    outer loop
      vertex 7.71243 46.3 5.5
      vertex 7.63262 46.1771 2.5
      vertex 7.63262 46.1771 5.5
    endloop
  endfacet
  facet normal 0.998629 0.0523546 0
    outer loop
      vertex 5.10767 46.8537 5.5
      vertex 5.1 47 2.5
      vertex 5.1 47 5.5
    endloop
  endfacet
  facet normal 0.998629 0.0523546 0
    outer loop
      vertex 5.1 47 2.5
      vertex 5.10767 46.8537 5.5
      vertex 5.10767 46.8537 2.5
    endloop
  endfacet
  facet normal -0.707039 -0.707175 0
    outer loop
      vertex 7.43678 48.0404 2.5
      vertex 7.5404 47.9368 5.5
      vertex 7.43678 48.0404 5.5
    endloop
  endfacet
  facet normal -0.707039 -0.707175 -0
    outer loop
      vertex 7.5404 47.9368 5.5
      vertex 7.43678 48.0404 2.5
      vertex 7.5404 47.9368 2.5
    endloop
  endfacet
  facet normal -0.891045 -0.453915 0
    outer loop
      vertex 7.77896 47.5694 2.5
      vertex 7.71243 47.7 5.5
      vertex 7.71243 47.7 2.5
    endloop
  endfacet
  facet normal -0.891045 -0.453915 0
    outer loop
      vertex 7.71243 47.7 5.5
      vertex 7.77896 47.5694 2.5
      vertex 7.77896 47.5694 5.5
    endloop
  endfacet
  facet normal 0.838677 -0.544629 0
    outer loop
      vertex 5.28757 47.7 5.5
      vertex 5.36738 47.8229 2.5
      vertex 5.36738 47.8229 5.5
    endloop
  endfacet
  facet normal 0.838677 -0.544629 0
    outer loop
      vertex 5.36738 47.8229 2.5
      vertex 5.28757 47.7 5.5
      vertex 5.28757 47.7 2.5
    endloop
  endfacet
  facet normal 0.987703 -0.156341 0
    outer loop
      vertex 5.10767 47.1463 5.5
      vertex 5.13059 47.2911 2.5
      vertex 5.13059 47.2911 5.5
    endloop
  endfacet
  facet normal 0.987703 -0.156341 0
    outer loop
      vertex 5.13059 47.2911 2.5
      vertex 5.10767 47.1463 5.5
      vertex 5.10767 47.1463 2.5
    endloop
  endfacet
  facet normal 0.777194 -0.629261 0
    outer loop
      vertex 5.36738 47.8229 5.5
      vertex 5.4596 47.9368 2.5
      vertex 5.4596 47.9368 5.5
    endloop
  endfacet
  facet normal 0.777194 -0.629261 0
    outer loop
      vertex 5.4596 47.9368 2.5
      vertex 5.36738 47.8229 5.5
      vertex 5.36738 47.8229 2.5
    endloop
  endfacet
  facet normal 0.629245 -0.777207 0
    outer loop
      vertex 5.56322 48.0404 2.5
      vertex 5.6771 48.1326 5.5
      vertex 5.56322 48.0404 5.5
    endloop
  endfacet
  facet normal 0.629245 -0.777207 0
    outer loop
      vertex 5.6771 48.1326 5.5
      vertex 5.56322 48.0404 2.5
      vertex 5.6771 48.1326 2.5
    endloop
  endfacet
  facet normal 0.544581 -0.838709 0
    outer loop
      vertex 5.6771 48.1326 2.5
      vertex 5.8 48.2124 5.5
      vertex 5.6771 48.1326 5.5
    endloop
  endfacet
  facet normal 0.544581 -0.838709 0
    outer loop
      vertex 5.8 48.2124 5.5
      vertex 5.6771 48.1326 2.5
      vertex 5.8 48.2124 2.5
    endloop
  endfacet
  facet normal 0.891045 0.453915 0
    outer loop
      vertex 5.28757 46.3 5.5
      vertex 5.22104 46.4306 2.5
      vertex 5.22104 46.4306 5.5
    endloop
  endfacet
  facet normal 0.891045 0.453915 0
    outer loop
      vertex 5.22104 46.4306 2.5
      vertex 5.28757 46.3 5.5
      vertex 5.28757 46.3 2.5
    endloop
  endfacet
  facet normal -0.629245 0.777207 0
    outer loop
      vertex 7.43678 45.9596 2.5
      vertex 7.3229 45.8674 5.5
      vertex 7.43678 45.9596 5.5
    endloop
  endfacet
  facet normal -0.629245 0.777207 0
    outer loop
      vertex 7.3229 45.8674 5.5
      vertex 7.43678 45.9596 2.5
      vertex 7.3229 45.8674 2.5
    endloop
  endfacet
  facet normal 0.35827 0.933618 -0
    outer loop
      vertex 6.06738 45.6685 2.5
      vertex 5.93057 45.721 5.5
      vertex 6.06738 45.6685 5.5
    endloop
  endfacet
  facet normal 0.35827 0.933618 0
    outer loop
      vertex 5.93057 45.721 5.5
      vertex 6.06738 45.6685 2.5
      vertex 5.93057 45.721 2.5
    endloop
  endfacet
  facet normal 0.838677 0.544629 0
    outer loop
      vertex 5.36738 46.1771 5.5
      vertex 5.28757 46.3 2.5
      vertex 5.28757 46.3 5.5
    endloop
  endfacet
  facet normal 0.838677 0.544629 0
    outer loop
      vertex 5.28757 46.3 2.5
      vertex 5.36738 46.1771 5.5
      vertex 5.36738 46.1771 2.5
    endloop
  endfacet
  facet normal 0.987703 0.156341 0
    outer loop
      vertex 5.13059 46.7089 5.5
      vertex 5.10767 46.8537 2.5
      vertex 5.10767 46.8537 5.5
    endloop
  endfacet
  facet normal 0.987703 0.156341 0
    outer loop
      vertex 5.10767 46.8537 2.5
      vertex 5.13059 46.7089 5.5
      vertex 5.13059 46.7089 2.5
    endloop
  endfacet
  facet normal 0.933564 0.358412 0
    outer loop
      vertex 5.22104 46.4306 5.5
      vertex 5.16852 46.5674 2.5
      vertex 5.16852 46.5674 5.5
    endloop
  endfacet
  facet normal 0.933564 0.358412 0
    outer loop
      vertex 5.16852 46.5674 2.5
      vertex 5.22104 46.4306 5.5
      vertex 5.22104 46.4306 2.5
    endloop
  endfacet
  facet normal 0.777194 0.629261 0
    outer loop
      vertex 5.4596 46.0632 5.5
      vertex 5.36738 46.1771 2.5
      vertex 5.36738 46.1771 5.5
    endloop
  endfacet
  facet normal 0.777194 0.629261 0
    outer loop
      vertex 5.36738 46.1771 2.5
      vertex 5.4596 46.0632 5.5
      vertex 5.4596 46.0632 2.5
    endloop
  endfacet
  facet normal -0.544581 0.838709 0
    outer loop
      vertex 7.3229 45.8674 2.5
      vertex 7.2 45.7876 5.5
      vertex 7.3229 45.8674 5.5
    endloop
  endfacet
  facet normal -0.544581 0.838709 0
    outer loop
      vertex 7.2 45.7876 5.5
      vertex 7.3229 45.8674 2.5
      vertex 7.2 45.7876 2.5
    endloop
  endfacet
  facet normal 0.0525445 0.998619 -0
    outer loop
      vertex 6.5 45.6 2.5
      vertex 6.35366 45.6077 5.5
      vertex 6.5 45.6 5.5
    endloop
  endfacet
  facet normal 0.0525445 0.998619 0
    outer loop
      vertex 6.35366 45.6077 5.5
      vertex 6.5 45.6 2.5
      vertex 6.35366 45.6077 2.5
    endloop
  endfacet
  facet normal 0.998629 -0.0523546 0
    outer loop
      vertex 5.1 47 5.5
      vertex 5.10767 47.1463 2.5
      vertex 5.10767 47.1463 5.5
    endloop
  endfacet
  facet normal 0.998629 -0.0523546 0
    outer loop
      vertex 5.10767 47.1463 2.5
      vertex 5.1 47 5.5
      vertex 5.1 47 2.5
    endloop
  endfacet
  facet normal 0.156271 0.987714 -0
    outer loop
      vertex 6.35366 45.6077 2.5
      vertex 6.20892 45.6306 5.5
      vertex 6.35366 45.6077 5.5
    endloop
  endfacet
  facet normal 0.156271 0.987714 0
    outer loop
      vertex 6.20892 45.6306 5.5
      vertex 6.35366 45.6077 2.5
      vertex 6.20892 45.6306 2.5
    endloop
  endfacet
  facet normal -0.707039 0.707175 0
    outer loop
      vertex 7.5404 46.0632 2.5
      vertex 7.43678 45.9596 5.5
      vertex 7.5404 46.0632 5.5
    endloop
  endfacet
  facet normal -0.707039 0.707175 0
    outer loop
      vertex 7.43678 45.9596 5.5
      vertex 7.5404 46.0632 2.5
      vertex 7.43678 45.9596 2.5
    endloop
  endfacet
  facet normal 0.7772 -0.629253 0
    outer loop
      vertex 70.3579 45.3272 5.5
      vertex 70.5225 45.5305 2.5
      vertex 70.5225 45.5305 5.5
    endloop
  endfacet
  facet normal 0.7772 -0.629253 0
    outer loop
      vertex 70.5225 45.5305 2.5
      vertex 70.3579 45.3272 5.5
      vertex 70.3579 45.3272 2.5
    endloop
  endfacet
  facet normal -0.629253 0.7772 0
    outer loop
      vertex 67.0305 49.0225 2.5
      vertex 66.8272 48.8579 5.5
      vertex 67.0305 49.0225 5.5
    endloop
  endfacet
  facet normal -0.629253 0.7772 0
    outer loop
      vertex 66.8272 48.8579 5.5
      vertex 67.0305 49.0225 2.5
      vertex 66.8272 48.8579 2.5
    endloop
  endfacet
  facet normal 0.965841 -0.259137 0
    outer loop
      vertex 70.8776 46.2275 5.5
      vertex 70.9454 46.4802 2.5
      vertex 70.9454 46.4802 5.5
    endloop
  endfacet
  facet normal 0.965841 -0.259137 0
    outer loop
      vertex 70.9454 46.4802 2.5
      vertex 70.8776 46.2275 5.5
      vertex 70.8776 46.2275 2.5
    endloop
  endfacet
  facet normal -0.7772 -0.629253 0
    outer loop
      vertex 66.6421 45.3272 2.5
      vertex 66.4775 45.5305 5.5
      vertex 66.4775 45.5305 2.5
    endloop
  endfacet
  facet normal -0.7772 -0.629253 0
    outer loop
      vertex 66.4775 45.5305 5.5
      vertex 66.6421 45.3272 2.5
      vertex 66.6421 45.3272 5.5
    endloop
  endfacet
  facet normal -0.0523582 0.998628 0
    outer loop
      vertex 68.5 49.5 2.5
      vertex 68.2387 49.4863 5.5
      vertex 68.5 49.5 5.5
    endloop
  endfacet
  facet normal -0.0523582 0.998628 0
    outer loop
      vertex 68.2387 49.4863 5.5
      vertex 68.5 49.5 2.5
      vertex 68.2387 49.4863 2.5
    endloop
  endfacet
  facet normal 0.707107 0.707107 0
    outer loop
      vertex 70.3579 48.6728 5.5
      vertex 70.1728 48.8579 2.5
      vertex 70.1728 48.8579 5.5
    endloop
  endfacet
  facet normal 0.707107 0.707107 0
    outer loop
      vertex 70.1728 48.8579 2.5
      vertex 70.3579 48.6728 5.5
      vertex 70.3579 48.6728 2.5
    endloop
  endfacet
  facet normal -0.965841 0.259137 0
    outer loop
      vertex 66.0546 47.5198 2.5
      vertex 66.1224 47.7725 5.5
      vertex 66.1224 47.7725 2.5
    endloop
  endfacet
  facet normal -0.965841 0.259137 0
    outer loop
      vertex 66.1224 47.7725 5.5
      vertex 66.0546 47.5198 2.5
      vertex 66.0546 47.5198 5.5
    endloop
  endfacet
  facet normal 0.156277 0.987713 -0
    outer loop
      vertex 69.0198 49.4454 2.5
      vertex 68.7613 49.4863 5.5
      vertex 69.0198 49.4454 5.5
    endloop
  endfacet
  facet normal 0.156277 0.987713 0
    outer loop
      vertex 68.7613 49.4863 5.5
      vertex 69.0198 49.4454 2.5
      vertex 68.7613 49.4863 2.5
    endloop
  endfacet
  facet normal 0.987713 0.156277 0
    outer loop
      vertex 70.9863 47.2613 5.5
      vertex 70.9454 47.5198 2.5
      vertex 70.9454 47.5198 5.5
    endloop
  endfacet
  facet normal 0.987713 0.156277 0
    outer loop
      vertex 70.9454 47.5198 2.5
      vertex 70.9863 47.2613 5.5
      vertex 70.9863 47.2613 2.5
    endloop
  endfacet
  facet normal 0.891039 0.453926 0
    outer loop
      vertex 70.7839 48.0168 5.5
      vertex 70.6651 48.25 2.5
      vertex 70.6651 48.25 5.5
    endloop
  endfacet
  facet normal 0.891039 0.453926 0
    outer loop
      vertex 70.6651 48.25 2.5
      vertex 70.7839 48.0168 5.5
      vertex 70.7839 48.0168 2.5
    endloop
  endfacet
  facet normal 0.965841 0.259137 0
    outer loop
      vertex 70.9454 47.5198 5.5
      vertex 70.8776 47.7725 2.5
      vertex 70.8776 47.7725 5.5
    endloop
  endfacet
  facet normal 0.965841 0.259137 0
    outer loop
      vertex 70.8776 47.7725 2.5
      vertex 70.9454 47.5198 5.5
      vertex 70.9454 47.5198 2.5
    endloop
  endfacet
  facet normal 0.998628 0.0523582 0
    outer loop
      vertex 71 47 5.5
      vertex 70.9863 47.2613 2.5
      vertex 70.9863 47.2613 5.5
    endloop
  endfacet
  facet normal 0.998628 0.0523582 0
    outer loop
      vertex 70.9863 47.2613 2.5
      vertex 71 47 5.5
      vertex 71 47 2.5
    endloop
  endfacet
  facet normal 0.93368 -0.358108 0
    outer loop
      vertex 70.7839 45.9832 5.5
      vertex 70.8776 46.2275 2.5
      vertex 70.8776 46.2275 5.5
    endloop
  endfacet
  facet normal 0.93368 -0.358108 0
    outer loop
      vertex 70.8776 46.2275 2.5
      vertex 70.7839 45.9832 5.5
      vertex 70.7839 45.9832 2.5
    endloop
  endfacet
  facet normal -0.838575 0.544787 0
    outer loop
      vertex 66.3349 48.25 2.5
      vertex 66.4775 48.4695 5.5
      vertex 66.4775 48.4695 2.5
    endloop
  endfacet
  facet normal -0.838575 0.544787 0
    outer loop
      vertex 66.4775 48.4695 5.5
      vertex 66.3349 48.25 2.5
      vertex 66.3349 48.25 5.5
    endloop
  endfacet
  facet normal -0.629253 -0.7772 0
    outer loop
      vertex 66.8272 45.1421 2.5
      vertex 67.0305 44.9775 5.5
      vertex 66.8272 45.1421 5.5
    endloop
  endfacet
  facet normal -0.629253 -0.7772 -0
    outer loop
      vertex 67.0305 44.9775 5.5
      vertex 66.8272 45.1421 2.5
      vertex 67.0305 44.9775 2.5
    endloop
  endfacet
  facet normal -0.544787 0.838575 0
    outer loop
      vertex 67.25 49.1651 2.5
      vertex 67.0305 49.0225 5.5
      vertex 67.25 49.1651 5.5
    endloop
  endfacet
  facet normal -0.544787 0.838575 0
    outer loop
      vertex 67.0305 49.0225 5.5
      vertex 67.25 49.1651 2.5
      vertex 67.0305 49.0225 2.5
    endloop
  endfacet
  facet normal 0.998628 -0.0523582 0
    outer loop
      vertex 70.9863 46.7387 5.5
      vertex 71 47 2.5
      vertex 71 47 5.5
    endloop
  endfacet
  facet normal 0.998628 -0.0523582 0
    outer loop
      vertex 71 47 2.5
      vertex 70.9863 46.7387 5.5
      vertex 70.9863 46.7387 2.5
    endloop
  endfacet
  facet normal -0.453926 0.891039 0
    outer loop
      vertex 67.4832 49.2839 2.5
      vertex 67.25 49.1651 5.5
      vertex 67.4832 49.2839 5.5
    endloop
  endfacet
  facet normal -0.453926 0.891039 0
    outer loop
      vertex 67.25 49.1651 5.5
      vertex 67.4832 49.2839 2.5
      vertex 67.25 49.1651 2.5
    endloop
  endfacet
  facet normal -0.998628 0.0523582 0
    outer loop
      vertex 66 47 2.5
      vertex 66.0137 47.2613 5.5
      vertex 66.0137 47.2613 2.5
    endloop
  endfacet
  facet normal -0.998628 0.0523582 0
    outer loop
      vertex 66.0137 47.2613 5.5
      vertex 66 47 2.5
      vertex 66 47 5.5
    endloop
  endfacet
  facet normal 0.453926 0.891039 -0
    outer loop
      vertex 69.75 49.1651 2.5
      vertex 69.5168 49.2839 5.5
      vertex 69.75 49.1651 5.5
    endloop
  endfacet
  facet normal 0.453926 0.891039 0
    outer loop
      vertex 69.5168 49.2839 5.5
      vertex 69.75 49.1651 2.5
      vertex 69.5168 49.2839 2.5
    endloop
  endfacet
  facet normal 0.93368 0.358108 0
    outer loop
      vertex 70.8776 47.7725 5.5
      vertex 70.7839 48.0168 2.5
      vertex 70.7839 48.0168 5.5
    endloop
  endfacet
  facet normal 0.93368 0.358108 0
    outer loop
      vertex 70.7839 48.0168 2.5
      vertex 70.8776 47.7725 5.5
      vertex 70.8776 47.7725 2.5
    endloop
  endfacet
  facet normal -0.93368 -0.358108 0
    outer loop
      vertex 66.2161 45.9832 2.5
      vertex 66.1224 46.2275 5.5
      vertex 66.1224 46.2275 2.5
    endloop
  endfacet
  facet normal -0.93368 -0.358108 0
    outer loop
      vertex 66.1224 46.2275 5.5
      vertex 66.2161 45.9832 2.5
      vertex 66.2161 45.9832 5.5
    endloop
  endfacet
  facet normal 0.156277 -0.987713 0
    outer loop
      vertex 68.7613 44.5137 2.5
      vertex 69.0198 44.5546 5.5
      vertex 68.7613 44.5137 5.5
    endloop
  endfacet
  facet normal 0.156277 -0.987713 0
    outer loop
      vertex 69.0198 44.5546 5.5
      vertex 68.7613 44.5137 2.5
      vertex 69.0198 44.5546 2.5
    endloop
  endfacet
  facet normal 0.838575 0.544787 0
    outer loop
      vertex 70.6651 48.25 5.5
      vertex 70.5225 48.4695 2.5
      vertex 70.5225 48.4695 5.5
    endloop
  endfacet
  facet normal 0.838575 0.544787 0
    outer loop
      vertex 70.5225 48.4695 2.5
      vertex 70.6651 48.25 5.5
      vertex 70.6651 48.25 2.5
    endloop
  endfacet
  facet normal -0.259137 0.965841 0
    outer loop
      vertex 67.9802 49.4454 2.5
      vertex 67.7275 49.3776 5.5
      vertex 67.9802 49.4454 5.5
    endloop
  endfacet
  facet normal -0.259137 0.965841 0
    outer loop
      vertex 67.7275 49.3776 5.5
      vertex 67.9802 49.4454 2.5
      vertex 67.7275 49.3776 2.5
    endloop
  endfacet
  facet normal -0.93368 0.358108 0
    outer loop
      vertex 66.1224 47.7725 2.5
      vertex 66.2161 48.0168 5.5
      vertex 66.2161 48.0168 2.5
    endloop
  endfacet
  facet normal -0.93368 0.358108 0
    outer loop
      vertex 66.2161 48.0168 5.5
      vertex 66.1224 47.7725 2.5
      vertex 66.1224 47.7725 5.5
    endloop
  endfacet
  facet normal 0.453926 -0.891039 0
    outer loop
      vertex 69.5168 44.7161 2.5
      vertex 69.75 44.8349 5.5
      vertex 69.5168 44.7161 5.5
    endloop
  endfacet
  facet normal 0.453926 -0.891039 0
    outer loop
      vertex 69.75 44.8349 5.5
      vertex 69.5168 44.7161 2.5
      vertex 69.75 44.8349 2.5
    endloop
  endfacet
  facet normal 0.358108 0.93368 -0
    outer loop
      vertex 69.5168 49.2839 2.5
      vertex 69.2725 49.3776 5.5
      vertex 69.5168 49.2839 5.5
    endloop
  endfacet
  facet normal 0.358108 0.93368 0
    outer loop
      vertex 69.2725 49.3776 5.5
      vertex 69.5168 49.2839 2.5
      vertex 69.2725 49.3776 2.5
    endloop
  endfacet
  facet normal -0.998628 -0.0523582 0
    outer loop
      vertex 66.0137 46.7387 2.5
      vertex 66 47 5.5
      vertex 66 47 2.5
    endloop
  endfacet
  facet normal -0.998628 -0.0523582 0
    outer loop
      vertex 66 47 5.5
      vertex 66.0137 46.7387 2.5
      vertex 66.0137 46.7387 5.5
    endloop
  endfacet
  facet normal 0.891039 -0.453926 0
    outer loop
      vertex 70.6651 45.75 5.5
      vertex 70.7839 45.9832 2.5
      vertex 70.7839 45.9832 5.5
    endloop
  endfacet
  facet normal 0.891039 -0.453926 0
    outer loop
      vertex 70.7839 45.9832 2.5
      vertex 70.6651 45.75 5.5
      vertex 70.6651 45.75 2.5
    endloop
  endfacet
  facet normal -0.891039 -0.453926 0
    outer loop
      vertex 66.3349 45.75 2.5
      vertex 66.2161 45.9832 5.5
      vertex 66.2161 45.9832 2.5
    endloop
  endfacet
  facet normal -0.891039 -0.453926 0
    outer loop
      vertex 66.2161 45.9832 5.5
      vertex 66.3349 45.75 2.5
      vertex 66.3349 45.75 5.5
    endloop
  endfacet
  facet normal -0.707107 -0.707107 0
    outer loop
      vertex 66.8272 45.1421 2.5
      vertex 66.6421 45.3272 5.5
      vertex 66.6421 45.3272 2.5
    endloop
  endfacet
  facet normal -0.707107 -0.707107 0
    outer loop
      vertex 66.6421 45.3272 5.5
      vertex 66.8272 45.1421 2.5
      vertex 66.8272 45.1421 5.5
    endloop
  endfacet
  facet normal -0.358108 -0.93368 0
    outer loop
      vertex 67.4832 44.7161 2.5
      vertex 67.7275 44.6224 5.5
      vertex 67.4832 44.7161 5.5
    endloop
  endfacet
  facet normal -0.358108 -0.93368 -0
    outer loop
      vertex 67.7275 44.6224 5.5
      vertex 67.4832 44.7161 2.5
      vertex 67.7275 44.6224 2.5
    endloop
  endfacet
  facet normal 0.7772 0.629253 0
    outer loop
      vertex 70.5225 48.4695 5.5
      vertex 70.3579 48.6728 2.5
      vertex 70.3579 48.6728 5.5
    endloop
  endfacet
  facet normal 0.7772 0.629253 0
    outer loop
      vertex 70.3579 48.6728 2.5
      vertex 70.5225 48.4695 5.5
      vertex 70.5225 48.4695 2.5
    endloop
  endfacet
  facet normal -0.156277 0.987713 0
    outer loop
      vertex 68.2387 49.4863 2.5
      vertex 67.9802 49.4454 5.5
      vertex 68.2387 49.4863 5.5
    endloop
  endfacet
  facet normal -0.156277 0.987713 0
    outer loop
      vertex 67.9802 49.4454 5.5
      vertex 68.2387 49.4863 2.5
      vertex 67.9802 49.4454 2.5
    endloop
  endfacet
  facet normal 0.0523582 0.998628 -0
    outer loop
      vertex 68.7613 49.4863 2.5
      vertex 68.5 49.5 5.5
      vertex 68.7613 49.4863 5.5
    endloop
  endfacet
  facet normal 0.0523582 0.998628 0
    outer loop
      vertex 68.5 49.5 5.5
      vertex 68.7613 49.4863 2.5
      vertex 68.5 49.5 2.5
    endloop
  endfacet
  facet normal -0.838575 -0.544787 0
    outer loop
      vertex 66.4775 45.5305 2.5
      vertex 66.3349 45.75 5.5
      vertex 66.3349 45.75 2.5
    endloop
  endfacet
  facet normal -0.838575 -0.544787 0
    outer loop
      vertex 66.3349 45.75 5.5
      vertex 66.4775 45.5305 2.5
      vertex 66.4775 45.5305 5.5
    endloop
  endfacet
  facet normal 0.0523582 -0.998628 0
    outer loop
      vertex 68.5 44.5 2.5
      vertex 68.7613 44.5137 5.5
      vertex 68.5 44.5 5.5
    endloop
  endfacet
  facet normal 0.0523582 -0.998628 0
    outer loop
      vertex 68.7613 44.5137 5.5
      vertex 68.5 44.5 2.5
      vertex 68.7613 44.5137 2.5
    endloop
  endfacet
  facet normal 0.629253 -0.7772 0
    outer loop
      vertex 69.9695 44.9775 2.5
      vertex 70.1728 45.1421 5.5
      vertex 69.9695 44.9775 5.5
    endloop
  endfacet
  facet normal 0.629253 -0.7772 0
    outer loop
      vertex 70.1728 45.1421 5.5
      vertex 69.9695 44.9775 2.5
      vertex 70.1728 45.1421 2.5
    endloop
  endfacet
  facet normal 0.544787 0.838575 -0
    outer loop
      vertex 69.9695 49.0225 2.5
      vertex 69.75 49.1651 5.5
      vertex 69.9695 49.0225 5.5
    endloop
  endfacet
  facet normal 0.544787 0.838575 0
    outer loop
      vertex 69.75 49.1651 5.5
      vertex 69.9695 49.0225 2.5
      vertex 69.75 49.1651 2.5
    endloop
  endfacet
  facet normal -0.965841 -0.259137 0
    outer loop
      vertex 66.1224 46.2275 2.5
      vertex 66.0546 46.4802 5.5
      vertex 66.0546 46.4802 2.5
    endloop
  endfacet
  facet normal -0.965841 -0.259137 0
    outer loop
      vertex 66.0546 46.4802 5.5
      vertex 66.1224 46.2275 2.5
      vertex 66.1224 46.2275 5.5
    endloop
  endfacet
  facet normal 0.629253 0.7772 -0
    outer loop
      vertex 70.1728 48.8579 2.5
      vertex 69.9695 49.0225 5.5
      vertex 70.1728 48.8579 5.5
    endloop
  endfacet
  facet normal 0.629253 0.7772 0
    outer loop
      vertex 69.9695 49.0225 5.5
      vertex 70.1728 48.8579 2.5
      vertex 69.9695 49.0225 2.5
    endloop
  endfacet
  facet normal 0.987713 -0.156277 0
    outer loop
      vertex 70.9454 46.4802 5.5
      vertex 70.9863 46.7387 2.5
      vertex 70.9863 46.7387 5.5
    endloop
  endfacet
  facet normal 0.987713 -0.156277 0
    outer loop
      vertex 70.9863 46.7387 2.5
      vertex 70.9454 46.4802 5.5
      vertex 70.9454 46.4802 2.5
    endloop
  endfacet
  facet normal -0.259137 -0.965841 0
    outer loop
      vertex 67.7275 44.6224 2.5
      vertex 67.9802 44.5546 5.5
      vertex 67.7275 44.6224 5.5
    endloop
  endfacet
  facet normal -0.259137 -0.965841 -0
    outer loop
      vertex 67.9802 44.5546 5.5
      vertex 67.7275 44.6224 2.5
      vertex 67.9802 44.5546 2.5
    endloop
  endfacet
  facet normal -0.987713 -0.156277 0
    outer loop
      vertex 66.0546 46.4802 2.5
      vertex 66.0137 46.7387 5.5
      vertex 66.0137 46.7387 2.5
    endloop
  endfacet
  facet normal -0.987713 -0.156277 0
    outer loop
      vertex 66.0137 46.7387 5.5
      vertex 66.0546 46.4802 2.5
      vertex 66.0546 46.4802 5.5
    endloop
  endfacet
  facet normal 0.838575 -0.544787 0
    outer loop
      vertex 70.5225 45.5305 5.5
      vertex 70.6651 45.75 2.5
      vertex 70.6651 45.75 5.5
    endloop
  endfacet
  facet normal 0.838575 -0.544787 0
    outer loop
      vertex 70.6651 45.75 2.5
      vertex 70.5225 45.5305 5.5
      vertex 70.5225 45.5305 2.5
    endloop
  endfacet
  facet normal -0.358108 0.93368 0
    outer loop
      vertex 67.7275 49.3776 2.5
      vertex 67.4832 49.2839 5.5
      vertex 67.7275 49.3776 5.5
    endloop
  endfacet
  facet normal -0.358108 0.93368 0
    outer loop
      vertex 67.4832 49.2839 5.5
      vertex 67.7275 49.3776 2.5
      vertex 67.4832 49.2839 2.5
    endloop
  endfacet
  facet normal 0.544787 -0.838575 0
    outer loop
      vertex 69.75 44.8349 2.5
      vertex 69.9695 44.9775 5.5
      vertex 69.75 44.8349 5.5
    endloop
  endfacet
  facet normal 0.544787 -0.838575 0
    outer loop
      vertex 69.9695 44.9775 5.5
      vertex 69.75 44.8349 2.5
      vertex 69.9695 44.9775 2.5
    endloop
  endfacet
  facet normal -0.987713 0.156277 0
    outer loop
      vertex 66.0137 47.2613 2.5
      vertex 66.0546 47.5198 5.5
      vertex 66.0546 47.5198 2.5
    endloop
  endfacet
  facet normal -0.987713 0.156277 0
    outer loop
      vertex 66.0546 47.5198 5.5
      vertex 66.0137 47.2613 2.5
      vertex 66.0137 47.2613 5.5
    endloop
  endfacet
  facet normal 0.358108 -0.93368 0
    outer loop
      vertex 69.2725 44.6224 2.5
      vertex 69.5168 44.7161 5.5
      vertex 69.2725 44.6224 5.5
    endloop
  endfacet
  facet normal 0.358108 -0.93368 0
    outer loop
      vertex 69.5168 44.7161 5.5
      vertex 69.2725 44.6224 2.5
      vertex 69.5168 44.7161 2.5
    endloop
  endfacet
  facet normal -0.156277 -0.987713 0
    outer loop
      vertex 67.9802 44.5546 2.5
      vertex 68.2387 44.5137 5.5
      vertex 67.9802 44.5546 5.5
    endloop
  endfacet
  facet normal -0.156277 -0.987713 -0
    outer loop
      vertex 68.2387 44.5137 5.5
      vertex 67.9802 44.5546 2.5
      vertex 68.2387 44.5137 2.5
    endloop
  endfacet
  facet normal -0.707107 0.707107 0
    outer loop
      vertex 66.6421 48.6728 2.5
      vertex 66.8272 48.8579 5.5
      vertex 66.8272 48.8579 2.5
    endloop
  endfacet
  facet normal -0.707107 0.707107 0
    outer loop
      vertex 66.8272 48.8579 5.5
      vertex 66.6421 48.6728 2.5
      vertex 66.6421 48.6728 5.5
    endloop
  endfacet
  facet normal 0.259137 -0.965841 0
    outer loop
      vertex 69.0198 44.5546 2.5
      vertex 69.2725 44.6224 5.5
      vertex 69.0198 44.5546 5.5
    endloop
  endfacet
  facet normal 0.259137 -0.965841 0
    outer loop
      vertex 69.2725 44.6224 5.5
      vertex 69.0198 44.5546 2.5
      vertex 69.2725 44.6224 2.5
    endloop
  endfacet
  facet normal 0 0 1
    outer loop
      vertex 69.9 47 5.5
      vertex 71 47 5.5
      vertex 70.9863 47.2613 5.5
    endloop
  endfacet
  facet normal 0 0 1
    outer loop
      vertex 69.8923 47.1463 5.5
      vertex 70.9863 47.2613 5.5
      vertex 70.9454 47.5198 5.5
    endloop
  endfacet
  facet normal 0 0 1
    outer loop
      vertex 71 47 5.5
      vertex 69.9 47 5.5
      vertex 70.9863 46.7387 5.5
    endloop
  endfacet
  facet normal 0 0 1
    outer loop
      vertex 69.8694 47.2911 5.5
      vertex 70.9454 47.5198 5.5
      vertex 70.8776 47.7725 5.5
    endloop
  endfacet
  facet normal -0 0 1
    outer loop
      vertex 69.8923 46.8537 5.5
      vertex 70.9863 46.7387 5.5
      vertex 69.9 47 5.5
    endloop
  endfacet
  facet normal 0 0 1
    outer loop
      vertex 69.8315 47.4326 5.5
      vertex 70.8776 47.7725 5.5
      vertex 70.7839 48.0168 5.5
    endloop
  endfacet
  facet normal 0 0 1
    outer loop
      vertex 70.9863 46.7387 5.5
      vertex 69.8923 46.8537 5.5
      vertex 70.9454 46.4802 5.5
    endloop
  endfacet
  facet normal 0 0 1
    outer loop
      vertex 69.779 47.5694 5.5
      vertex 70.7839 48.0168 5.5
      vertex 70.6651 48.25 5.5
    endloop
  endfacet
  facet normal -0 0 1
    outer loop
      vertex 69.8694 46.7089 5.5
      vertex 70.9454 46.4802 5.5
      vertex 69.8923 46.8537 5.5
    endloop
  endfacet
  facet normal 0 0 1
    outer loop
      vertex 69.7124 47.7 5.5
      vertex 70.6651 48.25 5.5
      vertex 70.5225 48.4695 5.5
    endloop
  endfacet
  facet normal 0 0 1
    outer loop
      vertex 70.9454 46.4802 5.5
      vertex 69.8694 46.7089 5.5
      vertex 70.8776 46.2275 5.5
    endloop
  endfacet
  facet normal 0 0 1
    outer loop
      vertex 69.6326 47.8229 5.5
      vertex 70.5225 48.4695 5.5
      vertex 70.3579 48.6728 5.5
    endloop
  endfacet
  facet normal -0 0 1
    outer loop
      vertex 69.8315 46.5674 5.5
      vertex 70.8776 46.2275 5.5
      vertex 69.8694 46.7089 5.5
    endloop
  endfacet
  facet normal 0 0 1
    outer loop
      vertex 69.5404 47.9368 5.5
      vertex 70.3579 48.6728 5.5
      vertex 70.1728 48.8579 5.5
    endloop
  endfacet
  facet normal 0 0 1
    outer loop
      vertex 70.8776 46.2275 5.5
      vertex 69.8315 46.5674 5.5
      vertex 70.7839 45.9832 5.5
    endloop
  endfacet
  facet normal 0 0 1
    outer loop
      vertex 69.4368 48.0404 5.5
      vertex 70.1728 48.8579 5.5
      vertex 69.9695 49.0225 5.5
    endloop
  endfacet
  facet normal -0 0 1
    outer loop
      vertex 69.779 46.4306 5.5
      vertex 70.7839 45.9832 5.5
      vertex 69.8315 46.5674 5.5
    endloop
  endfacet
  facet normal 0 0 1
    outer loop
      vertex 70.7839 45.9832 5.5
      vertex 69.779 46.4306 5.5
      vertex 70.6651 45.75 5.5
    endloop
  endfacet
  facet normal 0 0 1
    outer loop
      vertex 70.9863 47.2613 5.5
      vertex 69.8923 47.1463 5.5
      vertex 69.9 47 5.5
    endloop
  endfacet
  facet normal 0 0 1
    outer loop
      vertex 70.9454 47.5198 5.5
      vertex 69.8694 47.2911 5.5
      vertex 69.8923 47.1463 5.5
    endloop
  endfacet
  facet normal 0 0 1
    outer loop
      vertex 70.8776 47.7725 5.5
      vertex 69.8315 47.4326 5.5
      vertex 69.8694 47.2911 5.5
    endloop
  endfacet
  facet normal 0 0 1
    outer loop
      vertex 70.7839 48.0168 5.5
      vertex 69.779 47.5694 5.5
      vertex 69.8315 47.4326 5.5
    endloop
  endfacet
  facet normal 0 0 1
    outer loop
      vertex 69.3229 48.1326 5.5
      vertex 69.9695 49.0225 5.5
      vertex 69.75 49.1651 5.5
    endloop
  endfacet
  facet normal 0 0 1
    outer loop
      vertex 70.6651 48.25 5.5
      vertex 69.7124 47.7 5.5
      vertex 69.779 47.5694 5.5
    endloop
  endfacet
  facet normal 0 0 1
    outer loop
      vertex 70.5225 48.4695 5.5
      vertex 69.6326 47.8229 5.5
      vertex 69.7124 47.7 5.5
    endloop
  endfacet
  facet normal 0 0 1
    outer loop
      vertex 70.3579 48.6728 5.5
      vertex 69.5404 47.9368 5.5
      vertex 69.6326 47.8229 5.5
    endloop
  endfacet
  facet normal 0 0 1
    outer loop
      vertex 69.2 48.2124 5.5
      vertex 69.75 49.1651 5.5
      vertex 69.5168 49.2839 5.5
    endloop
  endfacet
  facet normal 0 0 1
    outer loop
      vertex 70.1728 48.8579 5.5
      vertex 69.4368 48.0404 5.5
      vertex 69.5404 47.9368 5.5
    endloop
  endfacet
  facet normal 0 0 1
    outer loop
      vertex 69.9695 49.0225 5.5
      vertex 69.3229 48.1326 5.5
      vertex 69.4368 48.0404 5.5
    endloop
  endfacet
  facet normal 0 0 1
    outer loop
      vertex 69.0694 48.279 5.5
      vertex 69.5168 49.2839 5.5
      vertex 69.2725 49.3776 5.5
    endloop
  endfacet
  facet normal 0 0 1
    outer loop
      vertex 69.75 49.1651 5.5
      vertex 69.2 48.2124 5.5
      vertex 69.3229 48.1326 5.5
    endloop
  endfacet
  facet normal 0 0 1
    outer loop
      vertex 69.5168 49.2839 5.5
      vertex 69.0694 48.279 5.5
      vertex 69.2 48.2124 5.5
    endloop
  endfacet
  facet normal 0 0 1
    outer loop
      vertex 68.9326 48.3315 5.5
      vertex 69.2725 49.3776 5.5
      vertex 69.0198 49.4454 5.5
    endloop
  endfacet
  facet normal 0 0 1
    outer loop
      vertex 69.2725 49.3776 5.5
      vertex 68.9326 48.3315 5.5
      vertex 69.0694 48.279 5.5
    endloop
  endfacet
  facet normal 0 0 1
    outer loop
      vertex 69.0198 49.4454 5.5
      vertex 68.7911 48.3694 5.5
      vertex 68.9326 48.3315 5.5
    endloop
  endfacet
  facet normal 0 0 1
    outer loop
      vertex 68.7613 49.4863 5.5
      vertex 68.7911 48.3694 5.5
      vertex 69.0198 49.4454 5.5
    endloop
  endfacet
  facet normal 0 0 1
    outer loop
      vertex 68.7613 49.4863 5.5
      vertex 68.6463 48.3923 5.5
      vertex 68.7911 48.3694 5.5
    endloop
  endfacet
  facet normal 0 0 1
    outer loop
      vertex 68.5 49.5 5.5
      vertex 68.6463 48.3923 5.5
      vertex 68.7613 49.4863 5.5
    endloop
  endfacet
  facet normal 0 0 1
    outer loop
      vertex 68.5 49.5 5.5
      vertex 68.5 48.4 5.5
      vertex 68.6463 48.3923 5.5
    endloop
  endfacet
  facet normal 0 0 1
    outer loop
      vertex 68.5 49.5 5.5
      vertex 68.3537 48.3923 5.5
      vertex 68.5 48.4 5.5
    endloop
  endfacet
  facet normal -0 0 1
    outer loop
      vertex 68.2387 49.4863 5.5
      vertex 68.3537 48.3923 5.5
      vertex 68.5 49.5 5.5
    endloop
  endfacet
  facet normal 0 0 1
    outer loop
      vertex 68.2387 49.4863 5.5
      vertex 68.2089 48.3694 5.5
      vertex 68.3537 48.3923 5.5
    endloop
  endfacet
  facet normal -0 0 1
    outer loop
      vertex 67.9802 49.4454 5.5
      vertex 68.2089 48.3694 5.5
      vertex 68.2387 49.4863 5.5
    endloop
  endfacet
  facet normal 0 0 1
    outer loop
      vertex 68.2089 48.3694 5.5
      vertex 67.9802 49.4454 5.5
      vertex 68.0674 48.3315 5.5
    endloop
  endfacet
  facet normal -0 0 1
    outer loop
      vertex 67.7275 49.3776 5.5
      vertex 68.0674 48.3315 5.5
      vertex 67.9802 49.4454 5.5
    endloop
  endfacet
  facet normal 0 0 1
    outer loop
      vertex 68.0674 48.3315 5.5
      vertex 67.7275 49.3776 5.5
      vertex 67.9306 48.279 5.5
    endloop
  endfacet
  facet normal -0 0 1
    outer loop
      vertex 67.4832 49.2839 5.5
      vertex 67.9306 48.279 5.5
      vertex 67.7275 49.3776 5.5
    endloop
  endfacet
  facet normal 0 0 1
    outer loop
      vertex 67.9306 48.279 5.5
      vertex 67.4832 49.2839 5.5
      vertex 67.8 48.2124 5.5
    endloop
  endfacet
  facet normal -0 0 1
    outer loop
      vertex 67.25 49.1651 5.5
      vertex 67.8 48.2124 5.5
      vertex 67.4832 49.2839 5.5
    endloop
  endfacet
  facet normal 0 0 1
    outer loop
      vertex 67.8 48.2124 5.5
      vertex 67.25 49.1651 5.5
      vertex 67.6771 48.1326 5.5
    endloop
  endfacet
  facet normal -0 0 1
    outer loop
      vertex 67.0305 49.0225 5.5
      vertex 67.6771 48.1326 5.5
      vertex 67.25 49.1651 5.5
    endloop
  endfacet
  facet normal 0 0 1
    outer loop
      vertex 67.6771 48.1326 5.5
      vertex 67.0305 49.0225 5.5
      vertex 67.5632 48.0404 5.5
    endloop
  endfacet
  facet normal -0 0 1
    outer loop
      vertex 66.8272 48.8579 5.5
      vertex 67.5632 48.0404 5.5
      vertex 67.0305 49.0225 5.5
    endloop
  endfacet
  facet normal 0 0 1
    outer loop
      vertex 67.5632 48.0404 5.5
      vertex 66.8272 48.8579 5.5
      vertex 67.4596 47.9368 5.5
    endloop
  endfacet
  facet normal -0 0 1
    outer loop
      vertex 66.6421 48.6728 5.5
      vertex 67.4596 47.9368 5.5
      vertex 66.8272 48.8579 5.5
    endloop
  endfacet
  facet normal 0 0 1
    outer loop
      vertex 67.4596 47.9368 5.5
      vertex 66.6421 48.6728 5.5
      vertex 67.3674 47.8229 5.5
    endloop
  endfacet
  facet normal -0 0 1
    outer loop
      vertex 66.4775 48.4695 5.5
      vertex 67.3674 47.8229 5.5
      vertex 66.6421 48.6728 5.5
    endloop
  endfacet
  facet normal 0 0 1
    outer loop
      vertex 67.3674 47.8229 5.5
      vertex 66.4775 48.4695 5.5
      vertex 67.2876 47.7 5.5
    endloop
  endfacet
  facet normal 0 0 1
    outer loop
      vertex 67.2876 47.7 5.5
      vertex 66.3349 48.25 5.5
      vertex 67.221 47.5694 5.5
    endloop
  endfacet
  facet normal -0 0 1
    outer loop
      vertex 66.3349 48.25 5.5
      vertex 67.2876 47.7 5.5
      vertex 66.4775 48.4695 5.5
    endloop
  endfacet
  facet normal -0 0 1
    outer loop
      vertex 69.7124 46.3 5.5
      vertex 70.6651 45.75 5.5
      vertex 69.779 46.4306 5.5
    endloop
  endfacet
  facet normal 0 0 1
    outer loop
      vertex 70.6651 45.75 5.5
      vertex 69.7124 46.3 5.5
      vertex 70.5225 45.5305 5.5
    endloop
  endfacet
  facet normal -0 0 1
    outer loop
      vertex 69.6326 46.1771 5.5
      vertex 70.5225 45.5305 5.5
      vertex 69.7124 46.3 5.5
    endloop
  endfacet
  facet normal 0 0 1
    outer loop
      vertex 70.5225 45.5305 5.5
      vertex 69.6326 46.1771 5.5
      vertex 70.3579 45.3272 5.5
    endloop
  endfacet
  facet normal -0 0 1
    outer loop
      vertex 69.5404 46.0632 5.5
      vertex 70.3579 45.3272 5.5
      vertex 69.6326 46.1771 5.5
    endloop
  endfacet
  facet normal 0 0 1
    outer loop
      vertex 70.3579 45.3272 5.5
      vertex 69.5404 46.0632 5.5
      vertex 70.1728 45.1421 5.5
    endloop
  endfacet
  facet normal -0 0 1
    outer loop
      vertex 69.4368 45.9596 5.5
      vertex 70.1728 45.1421 5.5
      vertex 69.5404 46.0632 5.5
    endloop
  endfacet
  facet normal 0 0 1
    outer loop
      vertex 70.1728 45.1421 5.5
      vertex 69.4368 45.9596 5.5
      vertex 69.9695 44.9775 5.5
    endloop
  endfacet
  facet normal -0 0 1
    outer loop
      vertex 69.3229 45.8674 5.5
      vertex 69.9695 44.9775 5.5
      vertex 69.4368 45.9596 5.5
    endloop
  endfacet
  facet normal 0 0 1
    outer loop
      vertex 69.9695 44.9775 5.5
      vertex 69.3229 45.8674 5.5
      vertex 69.75 44.8349 5.5
    endloop
  endfacet
  facet normal -0 0 1
    outer loop
      vertex 69.2 45.7876 5.5
      vertex 69.75 44.8349 5.5
      vertex 69.3229 45.8674 5.5
    endloop
  endfacet
  facet normal 0 0 1
    outer loop
      vertex 69.75 44.8349 5.5
      vertex 69.2 45.7876 5.5
      vertex 69.5168 44.7161 5.5
    endloop
  endfacet
  facet normal -0 0 1
    outer loop
      vertex 69.0694 45.721 5.5
      vertex 69.5168 44.7161 5.5
      vertex 69.2 45.7876 5.5
    endloop
  endfacet
  facet normal 0 0 1
    outer loop
      vertex 69.5168 44.7161 5.5
      vertex 69.0694 45.721 5.5
      vertex 69.2725 44.6224 5.5
    endloop
  endfacet
  facet normal -0 0 1
    outer loop
      vertex 68.9326 45.6685 5.5
      vertex 69.2725 44.6224 5.5
      vertex 69.0694 45.721 5.5
    endloop
  endfacet
  facet normal 0 0 1
    outer loop
      vertex 69.2725 44.6224 5.5
      vertex 68.9326 45.6685 5.5
      vertex 69.0198 44.5546 5.5
    endloop
  endfacet
  facet normal -0 0 1
    outer loop
      vertex 68.7911 45.6306 5.5
      vertex 69.0198 44.5546 5.5
      vertex 68.9326 45.6685 5.5
    endloop
  endfacet
  facet normal 0 0 1
    outer loop
      vertex 68.7911 45.6306 5.5
      vertex 68.7613 44.5137 5.5
      vertex 69.0198 44.5546 5.5
    endloop
  endfacet
  facet normal -0 0 1
    outer loop
      vertex 68.6463 45.6077 5.5
      vertex 68.7613 44.5137 5.5
      vertex 68.7911 45.6306 5.5
    endloop
  endfacet
  facet normal -0 0 1
    outer loop
      vertex 68.5 45.6 5.5
      vertex 68.7613 44.5137 5.5
      vertex 68.6463 45.6077 5.5
    endloop
  endfacet
  facet normal 0 0 1
    outer loop
      vertex 68.5 45.6 5.5
      vertex 68.5 44.5 5.5
      vertex 68.7613 44.5137 5.5
    endloop
  endfacet
  facet normal 0 0 1
    outer loop
      vertex 68.3537 45.6077 5.5
      vertex 68.5 44.5 5.5
      vertex 68.5 45.6 5.5
    endloop
  endfacet
  facet normal 0 0 1
    outer loop
      vertex 68.3537 45.6077 5.5
      vertex 68.2387 44.5137 5.5
      vertex 68.5 44.5 5.5
    endloop
  endfacet
  facet normal 0 0 1
    outer loop
      vertex 68.2089 45.6306 5.5
      vertex 68.2387 44.5137 5.5
      vertex 68.3537 45.6077 5.5
    endloop
  endfacet
  facet normal 0 0 1
    outer loop
      vertex 67.9802 44.5546 5.5
      vertex 68.2089 45.6306 5.5
      vertex 68.0674 45.6685 5.5
    endloop
  endfacet
  facet normal 0 0 1
    outer loop
      vertex 68.2089 45.6306 5.5
      vertex 67.9802 44.5546 5.5
      vertex 68.2387 44.5137 5.5
    endloop
  endfacet
  facet normal 0 0 1
    outer loop
      vertex 67.7275 44.6224 5.5
      vertex 68.0674 45.6685 5.5
      vertex 67.9306 45.721 5.5
    endloop
  endfacet
  facet normal 0 0 1
    outer loop
      vertex 67.4832 44.7161 5.5
      vertex 67.9306 45.721 5.5
      vertex 67.8 45.7876 5.5
    endloop
  endfacet
  facet normal 0 0 1
    outer loop
      vertex 68.0674 45.6685 5.5
      vertex 67.7275 44.6224 5.5
      vertex 67.9802 44.5546 5.5
    endloop
  endfacet
  facet normal 0 0 1
    outer loop
      vertex 67.25 44.8349 5.5
      vertex 67.8 45.7876 5.5
      vertex 67.6771 45.8674 5.5
    endloop
  endfacet
  facet normal 0 0 1
    outer loop
      vertex 67.0305 44.9775 5.5
      vertex 67.6771 45.8674 5.5
      vertex 67.5632 45.9596 5.5
    endloop
  endfacet
  facet normal 0 0 1
    outer loop
      vertex 67.9306 45.721 5.5
      vertex 67.4832 44.7161 5.5
      vertex 67.7275 44.6224 5.5
    endloop
  endfacet
  facet normal 0 0 1
    outer loop
      vertex 66.8272 45.1421 5.5
      vertex 67.5632 45.9596 5.5
      vertex 67.4596 46.0632 5.5
    endloop
  endfacet
  facet normal 0 0 1
    outer loop
      vertex 66.6421 45.3272 5.5
      vertex 67.4596 46.0632 5.5
      vertex 67.3674 46.1771 5.5
    endloop
  endfacet
  facet normal 0 0 1
    outer loop
      vertex 66.4775 45.5305 5.5
      vertex 67.3674 46.1771 5.5
      vertex 67.2876 46.3 5.5
    endloop
  endfacet
  facet normal 0 0 1
    outer loop
      vertex 67.8 45.7876 5.5
      vertex 67.25 44.8349 5.5
      vertex 67.4832 44.7161 5.5
    endloop
  endfacet
  facet normal 0 0 1
    outer loop
      vertex 66.3349 45.75 5.5
      vertex 67.2876 46.3 5.5
      vertex 67.221 46.4306 5.5
    endloop
  endfacet
  facet normal 0 0 1
    outer loop
      vertex 66.2161 45.9832 5.5
      vertex 67.221 46.4306 5.5
      vertex 67.1685 46.5674 5.5
    endloop
  endfacet
  facet normal 0 0 1
    outer loop
      vertex 66.1224 46.2275 5.5
      vertex 67.1685 46.5674 5.5
      vertex 67.1306 46.7089 5.5
    endloop
  endfacet
  facet normal 0 0 1
    outer loop
      vertex 66.0546 46.4802 5.5
      vertex 67.1306 46.7089 5.5
      vertex 67.1077 46.8537 5.5
    endloop
  endfacet
  facet normal 0 0 1
    outer loop
      vertex 67.6771 45.8674 5.5
      vertex 67.0305 44.9775 5.5
      vertex 67.25 44.8349 5.5
    endloop
  endfacet
  facet normal 0 0 1
    outer loop
      vertex 66.0137 46.7387 5.5
      vertex 67.1077 46.8537 5.5
      vertex 67.1 47 5.5
    endloop
  endfacet
  facet normal -0 0 1
    outer loop
      vertex 66.2161 48.0168 5.5
      vertex 67.221 47.5694 5.5
      vertex 66.3349 48.25 5.5
    endloop
  endfacet
  facet normal 0 0 1
    outer loop
      vertex 67.221 47.5694 5.5
      vertex 66.2161 48.0168 5.5
      vertex 67.1685 47.4326 5.5
    endloop
  endfacet
  facet normal 0 0 1
    outer loop
      vertex 67.5632 45.9596 5.5
      vertex 66.8272 45.1421 5.5
      vertex 67.0305 44.9775 5.5
    endloop
  endfacet
  facet normal -0 0 1
    outer loop
      vertex 66.1224 47.7725 5.5
      vertex 67.1685 47.4326 5.5
      vertex 66.2161 48.0168 5.5
    endloop
  endfacet
  facet normal 0 0 1
    outer loop
      vertex 67.4596 46.0632 5.5
      vertex 66.6421 45.3272 5.5
      vertex 66.8272 45.1421 5.5
    endloop
  endfacet
  facet normal 0 0 1
    outer loop
      vertex 67.1685 47.4326 5.5
      vertex 66.1224 47.7725 5.5
      vertex 67.1306 47.2911 5.5
    endloop
  endfacet
  facet normal 0 0 1
    outer loop
      vertex 67.3674 46.1771 5.5
      vertex 66.4775 45.5305 5.5
      vertex 66.6421 45.3272 5.5
    endloop
  endfacet
  facet normal -0 0 1
    outer loop
      vertex 66.0546 47.5198 5.5
      vertex 67.1306 47.2911 5.5
      vertex 66.1224 47.7725 5.5
    endloop
  endfacet
  facet normal 0 0 1
    outer loop
      vertex 67.2876 46.3 5.5
      vertex 66.3349 45.75 5.5
      vertex 66.4775 45.5305 5.5
    endloop
  endfacet
  facet normal 0 0 1
    outer loop
      vertex 67.1306 47.2911 5.5
      vertex 66.0546 47.5198 5.5
      vertex 67.1077 47.1463 5.5
    endloop
  endfacet
  facet normal 0 0 1
    outer loop
      vertex 67.221 46.4306 5.5
      vertex 66.2161 45.9832 5.5
      vertex 66.3349 45.75 5.5
    endloop
  endfacet
  facet normal -0 0 1
    outer loop
      vertex 66.0137 47.2613 5.5
      vertex 67.1077 47.1463 5.5
      vertex 66.0546 47.5198 5.5
    endloop
  endfacet
  facet normal 0 0 1
    outer loop
      vertex 67.1685 46.5674 5.5
      vertex 66.1224 46.2275 5.5
      vertex 66.2161 45.9832 5.5
    endloop
  endfacet
  facet normal 0 0 1
    outer loop
      vertex 67.1077 47.1463 5.5
      vertex 66.0137 47.2613 5.5
      vertex 67.1 47 5.5
    endloop
  endfacet
  facet normal 0 0 1
    outer loop
      vertex 67.1306 46.7089 5.5
      vertex 66.0546 46.4802 5.5
      vertex 66.1224 46.2275 5.5
    endloop
  endfacet
  facet normal 0 0 1
    outer loop
      vertex 66 47 5.5
      vertex 67.1 47 5.5
      vertex 66.0137 47.2613 5.5
    endloop
  endfacet
  facet normal 0 0 1
    outer loop
      vertex 67.1077 46.8537 5.5
      vertex 66.0137 46.7387 5.5
      vertex 66.0546 46.4802 5.5
    endloop
  endfacet
  facet normal 0 0 1
    outer loop
      vertex 67.1 47 5.5
      vertex 66 47 5.5
      vertex 66.0137 46.7387 5.5
    endloop
  endfacet
  facet normal 0.707107 -0.707107 0
    outer loop
      vertex 70.1728 45.1421 5.5
      vertex 70.3579 45.3272 2.5
      vertex 70.3579 45.3272 5.5
    endloop
  endfacet
  facet normal 0.707107 -0.707107 0
    outer loop
      vertex 70.3579 45.3272 2.5
      vertex 70.1728 45.1421 5.5
      vertex 70.1728 45.1421 2.5
    endloop
  endfacet
  facet normal -0.0523582 -0.998628 0
    outer loop
      vertex 68.2387 44.5137 2.5
      vertex 68.5 44.5 5.5
      vertex 68.2387 44.5137 5.5
    endloop
  endfacet
  facet normal -0.0523582 -0.998628 -0
    outer loop
      vertex 68.5 44.5 5.5
      vertex 68.2387 44.5137 2.5
      vertex 68.5 44.5 2.5
    endloop
  endfacet
  facet normal -0.891039 0.453926 0
    outer loop
      vertex 66.2161 48.0168 2.5
      vertex 66.3349 48.25 5.5
      vertex 66.3349 48.25 2.5
    endloop
  endfacet
  facet normal -0.891039 0.453926 0
    outer loop
      vertex 66.3349 48.25 5.5
      vertex 66.2161 48.0168 2.5
      vertex 66.2161 48.0168 5.5
    endloop
  endfacet
  facet normal 0.259137 0.965841 -0
    outer loop
      vertex 69.2725 49.3776 2.5
      vertex 69.0198 49.4454 5.5
      vertex 69.2725 49.3776 5.5
    endloop
  endfacet
  facet normal 0.259137 0.965841 0
    outer loop
      vertex 69.0198 49.4454 5.5
      vertex 69.2725 49.3776 2.5
      vertex 69.0198 49.4454 2.5
    endloop
  endfacet
  facet normal -0.453926 -0.891039 0
    outer loop
      vertex 67.25 44.8349 2.5
      vertex 67.4832 44.7161 5.5
      vertex 67.25 44.8349 5.5
    endloop
  endfacet
  facet normal -0.453926 -0.891039 -0
    outer loop
      vertex 67.4832 44.7161 5.5
      vertex 67.25 44.8349 2.5
      vertex 67.4832 44.7161 2.5
    endloop
  endfacet
  facet normal -0.544787 -0.838575 0
    outer loop
      vertex 67.0305 44.9775 2.5
      vertex 67.25 44.8349 5.5
      vertex 67.0305 44.9775 5.5
    endloop
  endfacet
  facet normal -0.544787 -0.838575 -0
    outer loop
      vertex 67.25 44.8349 5.5
      vertex 67.0305 44.9775 2.5
      vertex 67.25 44.8349 2.5
    endloop
  endfacet
  facet normal -0.7772 0.629253 0
    outer loop
      vertex 66.4775 48.4695 2.5
      vertex 66.6421 48.6728 5.5
      vertex 66.6421 48.6728 2.5
    endloop
  endfacet
  facet normal -0.7772 0.629253 0
    outer loop
      vertex 66.6421 48.6728 5.5
      vertex 66.4775 48.4695 2.5
      vertex 66.4775 48.4695 5.5
    endloop
  endfacet
  facet normal -0.987724 0.156208 0
    outer loop
      vertex 69.8694 46.7089 2.5
      vertex 69.8923 46.8537 5.5
      vertex 69.8923 46.8537 2.5
    endloop
  endfacet
  facet normal -0.987724 0.156208 0
    outer loop
      vertex 69.8923 46.8537 5.5
      vertex 69.8694 46.7089 2.5
      vertex 69.8694 46.7089 5.5
    endloop
  endfacet
  facet normal -0.987724 -0.156208 0
    outer loop
      vertex 69.8923 47.1463 2.5
      vertex 69.8694 47.2911 5.5
      vertex 69.8694 47.2911 2.5
    endloop
  endfacet
  facet normal -0.987724 -0.156208 0
    outer loop
      vertex 69.8694 47.2911 5.5
      vertex 69.8923 47.1463 2.5
      vertex 69.8923 47.1463 5.5
    endloop
  endfacet
  facet normal -0.998618 -0.0525588 0
    outer loop
      vertex 69.9 47 2.5
      vertex 69.8923 47.1463 5.5
      vertex 69.8923 47.1463 2.5
    endloop
  endfacet
  facet normal -0.998618 -0.0525588 0
    outer loop
      vertex 69.8923 47.1463 5.5
      vertex 69.9 47 2.5
      vertex 69.9 47 5.5
    endloop
  endfacet
  facet normal -0.965951 -0.258725 0
    outer loop
      vertex 69.8694 47.2911 2.5
      vertex 69.8315 47.4326 5.5
      vertex 69.8315 47.4326 2.5
    endloop
  endfacet
  facet normal -0.965951 -0.258725 0
    outer loop
      vertex 69.8315 47.4326 5.5
      vertex 69.8694 47.2911 2.5
      vertex 69.8694 47.2911 5.5
    endloop
  endfacet
  facet normal -0.838709 -0.544581 0
    outer loop
      vertex 69.7124 47.7 2.5
      vertex 69.6326 47.8229 5.5
      vertex 69.6326 47.8229 2.5
    endloop
  endfacet
  facet normal -0.838709 -0.544581 0
    outer loop
      vertex 69.6326 47.8229 5.5
      vertex 69.7124 47.7 2.5
      vertex 69.7124 47.7 5.5
    endloop
  endfacet
  facet normal 0.156208 -0.987724 0
    outer loop
      vertex 68.2089 48.3694 2.5
      vertex 68.3537 48.3923 5.5
      vertex 68.2089 48.3694 5.5
    endloop
  endfacet
  facet normal 0.156208 -0.987724 0
    outer loop
      vertex 68.3537 48.3923 5.5
      vertex 68.2089 48.3694 2.5
      vertex 68.3537 48.3923 2.5
    endloop
  endfacet
  facet normal 0.965951 0.258725 0
    outer loop
      vertex 67.1685 46.5674 5.5
      vertex 67.1306 46.7089 2.5
      vertex 67.1306 46.7089 5.5
    endloop
  endfacet
  facet normal 0.965951 0.258725 0
    outer loop
      vertex 67.1306 46.7089 2.5
      vertex 67.1685 46.5674 5.5
      vertex 67.1685 46.5674 2.5
    endloop
  endfacet
  facet normal 0.454294 0.890852 -0
    outer loop
      vertex 67.9306 45.721 2.5
      vertex 67.8 45.7876 5.5
      vertex 67.9306 45.721 5.5
    endloop
  endfacet
  facet normal 0.454294 0.890852 0
    outer loop
      vertex 67.8 45.7876 5.5
      vertex 67.9306 45.721 2.5
      vertex 67.8 45.7876 2.5
    endloop
  endfacet
  facet normal -0.998618 0.0525588 0
    outer loop
      vertex 69.8923 46.8537 2.5
      vertex 69.9 47 5.5
      vertex 69.9 47 2.5
    endloop
  endfacet
  facet normal -0.998618 0.0525588 0
    outer loop
      vertex 69.9 47 5.5
      vertex 69.8923 46.8537 2.5
      vertex 69.8923 46.8537 5.5
    endloop
  endfacet
  facet normal -0.258725 0.965951 0
    outer loop
      vertex 68.9326 45.6685 2.5
      vertex 68.7911 45.6306 5.5
      vertex 68.9326 45.6685 5.5
    endloop
  endfacet
  facet normal -0.258725 0.965951 0
    outer loop
      vertex 68.7911 45.6306 5.5
      vertex 68.9326 45.6685 2.5
      vertex 68.7911 45.6306 2.5
    endloop
  endfacet
  facet normal 0.629179 0.777261 -0
    outer loop
      vertex 67.6771 45.8674 2.5
      vertex 67.5632 45.9596 5.5
      vertex 67.6771 45.8674 5.5
    endloop
  endfacet
  facet normal 0.629179 0.777261 0
    outer loop
      vertex 67.5632 45.9596 5.5
      vertex 67.6771 45.8674 2.5
      vertex 67.5632 45.9596 2.5
    endloop
  endfacet
  facet normal 0.707107 0.707107 -0
    outer loop
      vertex 67.5632 45.9596 2.5
      vertex 67.4596 46.0632 5.5
      vertex 67.5632 45.9596 5.5
    endloop
  endfacet
  facet normal 0.707107 0.707107 0
    outer loop
      vertex 67.4596 46.0632 5.5
      vertex 67.5632 45.9596 2.5
      vertex 67.4596 46.0632 2.5
    endloop
  endfacet
  facet normal 0.965951 -0.258725 0
    outer loop
      vertex 67.1306 47.2911 5.5
      vertex 67.1685 47.4326 2.5
      vertex 67.1685 47.4326 5.5
    endloop
  endfacet
  facet normal 0.965951 -0.258725 0
    outer loop
      vertex 67.1685 47.4326 2.5
      vertex 67.1306 47.2911 5.5
      vertex 67.1306 47.2911 2.5
    endloop
  endfacet
  facet normal 0.544581 0.838709 -0
    outer loop
      vertex 67.8 45.7876 2.5
      vertex 67.6771 45.8674 5.5
      vertex 67.8 45.7876 5.5
    endloop
  endfacet
  facet normal 0.544581 0.838709 0
    outer loop
      vertex 67.6771 45.8674 5.5
      vertex 67.8 45.7876 2.5
      vertex 67.6771 45.8674 2.5
    endloop
  endfacet
  facet normal -0.933609 0.358293 0
    outer loop
      vertex 69.779 46.4306 2.5
      vertex 69.8315 46.5674 5.5
      vertex 69.8315 46.5674 2.5
    endloop
  endfacet
  facet normal -0.933609 0.358293 0
    outer loop
      vertex 69.8315 46.5674 5.5
      vertex 69.779 46.4306 2.5
      vertex 69.779 46.4306 5.5
    endloop
  endfacet
  facet normal -0.156208 -0.987724 0
    outer loop
      vertex 68.6463 48.3923 2.5
      vertex 68.7911 48.3694 5.5
      vertex 68.6463 48.3923 5.5
    endloop
  endfacet
  facet normal -0.156208 -0.987724 -0
    outer loop
      vertex 68.7911 48.3694 5.5
      vertex 68.6463 48.3923 2.5
      vertex 68.7911 48.3694 2.5
    endloop
  endfacet
  facet normal -0.544581 -0.838709 0
    outer loop
      vertex 69.2 48.2124 2.5
      vertex 69.3229 48.1326 5.5
      vertex 69.2 48.2124 5.5
    endloop
  endfacet
  facet normal -0.544581 -0.838709 -0
    outer loop
      vertex 69.3229 48.1326 5.5
      vertex 69.2 48.2124 2.5
      vertex 69.3229 48.1326 2.5
    endloop
  endfacet
  facet normal -0.358293 0.933609 0
    outer loop
      vertex 69.0694 45.721 2.5
      vertex 68.9326 45.6685 5.5
      vertex 69.0694 45.721 5.5
    endloop
  endfacet
  facet normal -0.358293 0.933609 0
    outer loop
      vertex 68.9326 45.6685 5.5
      vertex 69.0694 45.721 2.5
      vertex 68.9326 45.6685 2.5
    endloop
  endfacet
  facet normal 0.258725 -0.965951 0
    outer loop
      vertex 68.0674 48.3315 2.5
      vertex 68.2089 48.3694 5.5
      vertex 68.0674 48.3315 5.5
    endloop
  endfacet
  facet normal 0.258725 -0.965951 0
    outer loop
      vertex 68.2089 48.3694 5.5
      vertex 68.0674 48.3315 2.5
      vertex 68.2089 48.3694 2.5
    endloop
  endfacet
  facet normal -0.0525588 -0.998618 0
    outer loop
      vertex 68.5 48.4 2.5
      vertex 68.6463 48.3923 5.5
      vertex 68.5 48.4 5.5
    endloop
  endfacet
  facet normal -0.0525588 -0.998618 -0
    outer loop
      vertex 68.6463 48.3923 5.5
      vertex 68.5 48.4 2.5
      vertex 68.6463 48.3923 2.5
    endloop
  endfacet
  facet normal -0.358293 -0.933609 0
    outer loop
      vertex 68.9326 48.3315 2.5
      vertex 69.0694 48.279 5.5
      vertex 68.9326 48.3315 5.5
    endloop
  endfacet
  facet normal -0.358293 -0.933609 -0
    outer loop
      vertex 69.0694 48.279 5.5
      vertex 68.9326 48.3315 2.5
      vertex 69.0694 48.279 2.5
    endloop
  endfacet
  facet normal -0.965951 0.258725 0
    outer loop
      vertex 69.8315 46.5674 2.5
      vertex 69.8694 46.7089 5.5
      vertex 69.8694 46.7089 2.5
    endloop
  endfacet
  facet normal -0.965951 0.258725 0
    outer loop
      vertex 69.8694 46.7089 5.5
      vertex 69.8315 46.5674 2.5
      vertex 69.8315 46.5674 5.5
    endloop
  endfacet
  facet normal -0.454294 -0.890852 0
    outer loop
      vertex 69.0694 48.279 2.5
      vertex 69.2 48.2124 5.5
      vertex 69.0694 48.279 5.5
    endloop
  endfacet
  facet normal -0.454294 -0.890852 -0
    outer loop
      vertex 69.2 48.2124 5.5
      vertex 69.0694 48.279 2.5
      vertex 69.2 48.2124 2.5
    endloop
  endfacet
  facet normal 0.454294 -0.890852 0
    outer loop
      vertex 67.8 48.2124 2.5
      vertex 67.9306 48.279 5.5
      vertex 67.8 48.2124 5.5
    endloop
  endfacet
  facet normal 0.454294 -0.890852 0
    outer loop
      vertex 67.9306 48.279 5.5
      vertex 67.8 48.2124 2.5
      vertex 67.9306 48.279 2.5
    endloop
  endfacet
  facet normal -0.156208 0.987724 0
    outer loop
      vertex 68.7911 45.6306 2.5
      vertex 68.6463 45.6077 5.5
      vertex 68.7911 45.6306 5.5
    endloop
  endfacet
  facet normal -0.156208 0.987724 0
    outer loop
      vertex 68.6463 45.6077 5.5
      vertex 68.7911 45.6306 2.5
      vertex 68.6463 45.6077 2.5
    endloop
  endfacet
  facet normal 0.258725 0.965951 -0
    outer loop
      vertex 68.2089 45.6306 2.5
      vertex 68.0674 45.6685 5.5
      vertex 68.2089 45.6306 5.5
    endloop
  endfacet
  facet normal 0.258725 0.965951 0
    outer loop
      vertex 68.0674 45.6685 5.5
      vertex 68.2089 45.6306 2.5
      vertex 68.0674 45.6685 2.5
    endloop
  endfacet
  facet normal -0.777261 0.629179 0
    outer loop
      vertex 69.5404 46.0632 2.5
      vertex 69.6326 46.1771 5.5
      vertex 69.6326 46.1771 2.5
    endloop
  endfacet
  facet normal -0.777261 0.629179 0
    outer loop
      vertex 69.6326 46.1771 5.5
      vertex 69.5404 46.0632 2.5
      vertex 69.5404 46.0632 5.5
    endloop
  endfacet
  facet normal -0.629179 -0.777261 0
    outer loop
      vertex 69.3229 48.1326 2.5
      vertex 69.4368 48.0404 5.5
      vertex 69.3229 48.1326 5.5
    endloop
  endfacet
  facet normal -0.629179 -0.777261 -0
    outer loop
      vertex 69.4368 48.0404 5.5
      vertex 69.3229 48.1326 2.5
      vertex 69.4368 48.0404 2.5
    endloop
  endfacet
  facet normal -0.890852 0.454294 0
    outer loop
      vertex 69.7124 46.3 2.5
      vertex 69.779 46.4306 5.5
      vertex 69.779 46.4306 2.5
    endloop
  endfacet
  facet normal -0.890852 0.454294 0
    outer loop
      vertex 69.779 46.4306 5.5
      vertex 69.7124 46.3 2.5
      vertex 69.7124 46.3 5.5
    endloop
  endfacet
  facet normal 0.707107 -0.707107 0
    outer loop
      vertex 67.4596 47.9368 2.5
      vertex 67.5632 48.0404 5.5
      vertex 67.4596 47.9368 5.5
    endloop
  endfacet
  facet normal 0.707107 -0.707107 0
    outer loop
      vertex 67.5632 48.0404 5.5
      vertex 67.4596 47.9368 2.5
      vertex 67.5632 48.0404 2.5
    endloop
  endfacet
  facet normal -0.0525588 0.998618 0
    outer loop
      vertex 68.6463 45.6077 2.5
      vertex 68.5 45.6 5.5
      vertex 68.6463 45.6077 5.5
    endloop
  endfacet
  facet normal -0.0525588 0.998618 0
    outer loop
      vertex 68.5 45.6 5.5
      vertex 68.6463 45.6077 2.5
      vertex 68.5 45.6 2.5
    endloop
  endfacet
  facet normal 0.358293 -0.933609 0
    outer loop
      vertex 67.9306 48.279 2.5
      vertex 68.0674 48.3315 5.5
      vertex 67.9306 48.279 5.5
    endloop
  endfacet
  facet normal 0.358293 -0.933609 0
    outer loop
      vertex 68.0674 48.3315 5.5
      vertex 67.9306 48.279 2.5
      vertex 68.0674 48.3315 2.5
    endloop
  endfacet
  facet normal 0.0525588 -0.998618 0
    outer loop
      vertex 68.3537 48.3923 2.5
      vertex 68.5 48.4 5.5
      vertex 68.3537 48.3923 5.5
    endloop
  endfacet
  facet normal 0.0525588 -0.998618 0
    outer loop
      vertex 68.5 48.4 5.5
      vertex 68.3537 48.3923 2.5
      vertex 68.5 48.4 2.5
    endloop
  endfacet
  facet normal -0.454294 0.890852 0
    outer loop
      vertex 69.2 45.7876 2.5
      vertex 69.0694 45.721 5.5
      vertex 69.2 45.7876 5.5
    endloop
  endfacet
  facet normal -0.454294 0.890852 0
    outer loop
      vertex 69.0694 45.721 5.5
      vertex 69.2 45.7876 2.5
      vertex 69.0694 45.721 2.5
    endloop
  endfacet
  facet normal 0.933609 -0.358293 0
    outer loop
      vertex 67.1685 47.4326 5.5
      vertex 67.221 47.5694 2.5
      vertex 67.221 47.5694 5.5
    endloop
  endfacet
  facet normal 0.933609 -0.358293 0
    outer loop
      vertex 67.221 47.5694 2.5
      vertex 67.1685 47.4326 5.5
      vertex 67.1685 47.4326 2.5
    endloop
  endfacet
  facet normal 0.890852 -0.454294 0
    outer loop
      vertex 67.221 47.5694 5.5
      vertex 67.2876 47.7 2.5
      vertex 67.2876 47.7 5.5
    endloop
  endfacet
  facet normal 0.890852 -0.454294 0
    outer loop
      vertex 67.2876 47.7 2.5
      vertex 67.221 47.5694 5.5
      vertex 67.221 47.5694 2.5
    endloop
  endfacet
  facet normal -0.777261 -0.629179 0
    outer loop
      vertex 69.6326 47.8229 2.5
      vertex 69.5404 47.9368 5.5
      vertex 69.5404 47.9368 2.5
    endloop
  endfacet
  facet normal -0.777261 -0.629179 0
    outer loop
      vertex 69.5404 47.9368 5.5
      vertex 69.6326 47.8229 2.5
      vertex 69.6326 47.8229 5.5
    endloop
  endfacet
  facet normal -0.258725 -0.965951 0
    outer loop
      vertex 68.7911 48.3694 2.5
      vertex 68.9326 48.3315 5.5
      vertex 68.7911 48.3694 5.5
    endloop
  endfacet
  facet normal -0.258725 -0.965951 -0
    outer loop
      vertex 68.9326 48.3315 5.5
      vertex 68.7911 48.3694 2.5
      vertex 68.9326 48.3315 2.5
    endloop
  endfacet
  facet normal -0.933609 -0.358293 0
    outer loop
      vertex 69.8315 47.4326 2.5
      vertex 69.779 47.5694 5.5
      vertex 69.779 47.5694 2.5
    endloop
  endfacet
  facet normal -0.933609 -0.358293 0
    outer loop
      vertex 69.779 47.5694 5.5
      vertex 69.8315 47.4326 2.5
      vertex 69.8315 47.4326 5.5
    endloop
  endfacet
  facet normal -0.838709 0.544581 0
    outer loop
      vertex 69.6326 46.1771 2.5
      vertex 69.7124 46.3 5.5
      vertex 69.7124 46.3 2.5
    endloop
  endfacet
  facet normal -0.838709 0.544581 0
    outer loop
      vertex 69.7124 46.3 5.5
      vertex 69.6326 46.1771 2.5
      vertex 69.6326 46.1771 5.5
    endloop
  endfacet
  facet normal 0.998618 0.0525588 0
    outer loop
      vertex 67.1077 46.8537 5.5
      vertex 67.1 47 2.5
      vertex 67.1 47 5.5
    endloop
  endfacet
  facet normal 0.998618 0.0525588 0
    outer loop
      vertex 67.1 47 2.5
      vertex 67.1077 46.8537 5.5
      vertex 67.1077 46.8537 2.5
    endloop
  endfacet
  facet normal -0.707107 -0.707107 0
    outer loop
      vertex 69.4368 48.0404 2.5
      vertex 69.5404 47.9368 5.5
      vertex 69.4368 48.0404 5.5
    endloop
  endfacet
  facet normal -0.707107 -0.707107 -0
    outer loop
      vertex 69.5404 47.9368 5.5
      vertex 69.4368 48.0404 2.5
      vertex 69.5404 47.9368 2.5
    endloop
  endfacet
  facet normal -0.890852 -0.454294 0
    outer loop
      vertex 69.779 47.5694 2.5
      vertex 69.7124 47.7 5.5
      vertex 69.7124 47.7 2.5
    endloop
  endfacet
  facet normal -0.890852 -0.454294 0
    outer loop
      vertex 69.7124 47.7 5.5
      vertex 69.779 47.5694 2.5
      vertex 69.779 47.5694 5.5
    endloop
  endfacet
  facet normal 0.838709 -0.544581 0
    outer loop
      vertex 67.2876 47.7 5.5
      vertex 67.3674 47.8229 2.5
      vertex 67.3674 47.8229 5.5
    endloop
  endfacet
  facet normal 0.838709 -0.544581 0
    outer loop
      vertex 67.3674 47.8229 2.5
      vertex 67.2876 47.7 5.5
      vertex 67.2876 47.7 2.5
    endloop
  endfacet
  facet normal 0.987724 -0.156208 0
    outer loop
      vertex 67.1077 47.1463 5.5
      vertex 67.1306 47.2911 2.5
      vertex 67.1306 47.2911 5.5
    endloop
  endfacet
  facet normal 0.987724 -0.156208 0
    outer loop
      vertex 67.1306 47.2911 2.5
      vertex 67.1077 47.1463 5.5
      vertex 67.1077 47.1463 2.5
    endloop
  endfacet
  facet normal 0.777261 -0.629179 0
    outer loop
      vertex 67.3674 47.8229 5.5
      vertex 67.4596 47.9368 2.5
      vertex 67.4596 47.9368 5.5
    endloop
  endfacet
  facet normal 0.777261 -0.629179 0
    outer loop
      vertex 67.4596 47.9368 2.5
      vertex 67.3674 47.8229 5.5
      vertex 67.3674 47.8229 2.5
    endloop
  endfacet
  facet normal 0.629179 -0.777261 0
    outer loop
      vertex 67.5632 48.0404 2.5
      vertex 67.6771 48.1326 5.5
      vertex 67.5632 48.0404 5.5
    endloop
  endfacet
  facet normal 0.629179 -0.777261 0
    outer loop
      vertex 67.6771 48.1326 5.5
      vertex 67.5632 48.0404 2.5
      vertex 67.6771 48.1326 2.5
    endloop
  endfacet
  facet normal 0.544581 -0.838709 0
    outer loop
      vertex 67.6771 48.1326 2.5
      vertex 67.8 48.2124 5.5
      vertex 67.6771 48.1326 5.5
    endloop
  endfacet
  facet normal 0.544581 -0.838709 0
    outer loop
      vertex 67.8 48.2124 5.5
      vertex 67.6771 48.1326 2.5
      vertex 67.8 48.2124 2.5
    endloop
  endfacet
  facet normal 0.890852 0.454294 0
    outer loop
      vertex 67.2876 46.3 5.5
      vertex 67.221 46.4306 2.5
      vertex 67.221 46.4306 5.5
    endloop
  endfacet
  facet normal 0.890852 0.454294 0
    outer loop
      vertex 67.221 46.4306 2.5
      vertex 67.2876 46.3 5.5
      vertex 67.2876 46.3 2.5
    endloop
  endfacet
  facet normal -0.629179 0.777261 0
    outer loop
      vertex 69.4368 45.9596 2.5
      vertex 69.3229 45.8674 5.5
      vertex 69.4368 45.9596 5.5
    endloop
  endfacet
  facet normal -0.629179 0.777261 0
    outer loop
      vertex 69.3229 45.8674 5.5
      vertex 69.4368 45.9596 2.5
      vertex 69.3229 45.8674 2.5
    endloop
  endfacet
  facet normal 0.358293 0.933609 -0
    outer loop
      vertex 68.0674 45.6685 2.5
      vertex 67.9306 45.721 5.5
      vertex 68.0674 45.6685 5.5
    endloop
  endfacet
  facet normal 0.358293 0.933609 0
    outer loop
      vertex 67.9306 45.721 5.5
      vertex 68.0674 45.6685 2.5
      vertex 67.9306 45.721 2.5
    endloop
  endfacet
  facet normal 0.838709 0.544581 0
    outer loop
      vertex 67.3674 46.1771 5.5
      vertex 67.2876 46.3 2.5
      vertex 67.2876 46.3 5.5
    endloop
  endfacet
  facet normal 0.838709 0.544581 0
    outer loop
      vertex 67.2876 46.3 2.5
      vertex 67.3674 46.1771 5.5
      vertex 67.3674 46.1771 2.5
    endloop
  endfacet
  facet normal 0.987724 0.156208 0
    outer loop
      vertex 67.1306 46.7089 5.5
      vertex 67.1077 46.8537 2.5
      vertex 67.1077 46.8537 5.5
    endloop
  endfacet
  facet normal 0.987724 0.156208 0
    outer loop
      vertex 67.1077 46.8537 2.5
      vertex 67.1306 46.7089 5.5
      vertex 67.1306 46.7089 2.5
    endloop
  endfacet
  facet normal 0.933609 0.358293 0
    outer loop
      vertex 67.221 46.4306 5.5
      vertex 67.1685 46.5674 2.5
      vertex 67.1685 46.5674 5.5
    endloop
  endfacet
  facet normal 0.933609 0.358293 0
    outer loop
      vertex 67.1685 46.5674 2.5
      vertex 67.221 46.4306 5.5
      vertex 67.221 46.4306 2.5
    endloop
  endfacet
  facet normal 0.777261 0.629179 0
    outer loop
      vertex 67.4596 46.0632 5.5
      vertex 67.3674 46.1771 2.5
      vertex 67.3674 46.1771 5.5
    endloop
  endfacet
  facet normal 0.777261 0.629179 0
    outer loop
      vertex 67.3674 46.1771 2.5
      vertex 67.4596 46.0632 5.5
      vertex 67.4596 46.0632 2.5
    endloop
  endfacet
  facet normal -0.544581 0.838709 0
    outer loop
      vertex 69.3229 45.8674 2.5
      vertex 69.2 45.7876 5.5
      vertex 69.3229 45.8674 5.5
    endloop
  endfacet
  facet normal -0.544581 0.838709 0
    outer loop
      vertex 69.2 45.7876 5.5
      vertex 69.3229 45.8674 2.5
      vertex 69.2 45.7876 2.5
    endloop
  endfacet
  facet normal 0.0525588 0.998618 -0
    outer loop
      vertex 68.5 45.6 2.5
      vertex 68.3537 45.6077 5.5
      vertex 68.5 45.6 5.5
    endloop
  endfacet
  facet normal 0.0525588 0.998618 0
    outer loop
      vertex 68.3537 45.6077 5.5
      vertex 68.5 45.6 2.5
      vertex 68.3537 45.6077 2.5
    endloop
  endfacet
  facet normal 0.998618 -0.0525588 0
    outer loop
      vertex 67.1 47 5.5
      vertex 67.1077 47.1463 2.5
      vertex 67.1077 47.1463 5.5
    endloop
  endfacet
  facet normal 0.998618 -0.0525588 0
    outer loop
      vertex 67.1077 47.1463 2.5
      vertex 67.1 47 5.5
      vertex 67.1 47 2.5
    endloop
  endfacet
  facet normal 0.156208 0.987724 -0
    outer loop
      vertex 68.3537 45.6077 2.5
      vertex 68.2089 45.6306 5.5
      vertex 68.3537 45.6077 5.5
    endloop
  endfacet
  facet normal 0.156208 0.987724 0
    outer loop
      vertex 68.2089 45.6306 5.5
      vertex 68.3537 45.6077 2.5
      vertex 68.2089 45.6306 2.5
    endloop
  endfacet
  facet normal -0.707107 0.707107 0
    outer loop
      vertex 69.5404 46.0632 2.5
      vertex 69.4368 45.9596 5.5
      vertex 69.5404 46.0632 5.5
    endloop
  endfacet
  facet normal -0.707107 0.707107 0
    outer loop
      vertex 69.4368 45.9596 5.5
      vertex 69.5404 46.0632 2.5
      vertex 69.4368 45.9596 2.5
    endloop
  endfacet
endsolid OpenSCAD_Model
