solid OpenSCAD_Model
  facet normal -0.406695 -0.0674865 0.911068
    outer loop
      vertex -106.25 0 32
      vertex -106.25 -27 30
      vertex -68.25 -40 46
    endloop
  endfacet
  facet normal -0.306903 -0.936389 0.170253
    outer loop
      vertex -68.25 -40 46
      vertex -106.25 -33 16
      vertex -68.25 -44 24
    endloop
  endfacet
  facet normal -0.397632 -0.0572349 0.915758
    outer loop
      vertex -68.25 0 48.5
      vertex -106.25 0 32
      vertex -68.25 -40 46
    endloop
  endfacet
  facet normal -0.319637 -0.915546 -0.244146
    outer loop
      vertex -106.25 -29 1
      vertex -86.1944 -37.75 7.55556
      vertex -106.25 -33 16
    endloop
  endfacet
  facet normal -0.319642 -0.915548 -0.244135
    outer loop
      vertex -86.1944 -37.75 7.55556
      vertex -106.25 -29 1
      vertex -85.0063 -37.75 6
    endloop
  endfacet
  facet normal -0.319638 -0.915546 -0.244147
    outer loop
      vertex -68.25 -42 0
      vertex -85.0063 -37.75 6
      vertex -106.25 -29 1
    endloop
  endfacet
  facet normal -0.319628 -0.915559 -0.244108
    outer loop
      vertex -85.0063 -37.75 6
      vertex -68.25 -42 0
      vertex -82.3808 -38.6532 5.94982
    endloop
  endfacet
  facet normal 0 0 -1
    outer loop
      vertex -68.25 -42 0
      vertex 67.75 -22.6606 0
      vertex 67.75 -42 0
    endloop
  endfacet
  facet normal -0 0 -1
    outer loop
      vertex 67.75 -22.6606 0
      vertex -68.25 -42 0
      vertex -68.25 -22.6606 0
    endloop
  endfacet
  facet normal 0 0 -1
    outer loop
      vertex -68.25 22.6606 0
      vertex 67.75 42 0
      vertex 67.75 22.6606 0
    endloop
  endfacet
  facet normal -0 0 -1
    outer loop
      vertex 67.75 42 0
      vertex -68.25 22.6606 0
      vertex -68.25 42 0
    endloop
  endfacet
  facet normal -0.0263067 0 -0.999654
    outer loop
      vertex -106.25 -29 1
      vertex -68.25 -22.6606 0
      vertex -68.25 -42 0
    endloop
  endfacet
  facet normal -0.0263067 0 -0.999654
    outer loop
      vertex -68.25 -22.6606 0
      vertex -106.25 -29 1
      vertex -106.25 -15.9192 1
    endloop
  endfacet
  facet normal -0.0263067 -0 -0.999654
    outer loop
      vertex -106.25 29 1
      vertex -68.25 22.6606 0
      vertex -106.25 15.9192 1
    endloop
  endfacet
  facet normal -0.0263067 0 -0.999654
    outer loop
      vertex -68.25 22.6606 0
      vertex -106.25 29 1
      vertex -68.25 42 0
    endloop
  endfacet
  facet normal 0 -0.0623783 0.998053
    outer loop
      vertex -68 0 48.5
      vertex -68.25 0 48.5
      vertex -68 -35.4 46.2875
    endloop
  endfacet
  facet normal 0 -0.0623982 0.998051
    outer loop
      vertex 66 -35.4 46.2875
      vertex -68 -35.4 46.2875
      vertex 66 -37.9 46.1312
    endloop
  endfacet
  facet normal 0 -0.0623546 0.998054
    outer loop
      vertex 66 -37.9 46.1312
      vertex 67.75 -40 46
      vertex 67.75 -37.9 46.1312
    endloop
  endfacet
  facet normal 3.7203e-07 -0.0623783 0.998053
    outer loop
      vertex -68.25 -40 46
      vertex 66 -37.9 46.1312
      vertex -68 -35.4 46.2875
    endloop
  endfacet
  facet normal 0 -0.0623546 0.998054
    outer loop
      vertex 66 -37.9 46.1312
      vertex -68.25 -40 46
      vertex 67.75 -40 46
    endloop
  endfacet
  facet normal -5.31869e-15 -0.0623783 0.998053
    outer loop
      vertex -68.25 -40 46
      vertex -68 -35.4 46.2875
      vertex -68.25 0 48.5
    endloop
  endfacet
  facet normal -0.261554 -0.961854 -0.0801619
    outer loop
      vertex -68.25 -44 24
      vertex -87.6329 -38.25 18.2494
      vertex -68.25 -43.5455 18.5465
    endloop
  endfacet
  facet normal -0.261555 -0.961854 -0.0801597
    outer loop
      vertex -68.25 -44 24
      vertex -89.4308 -37.75 18.1162
      vertex -87.6329 -38.25 18.2494
    endloop
  endfacet
  facet normal -0.261558 -0.961854 -0.0801492
    outer loop
      vertex -106.25 -33 16
      vertex -89.4308 -37.75 18.1162
      vertex -68.25 -44 24
    endloop
  endfacet
  facet normal -0.261557 -0.961854 -0.0801564
    outer loop
      vertex -89.4308 -37.75 18.1162
      vertex -106.25 -33 16
      vertex -86.1944 -37.75 7.55556
    endloop
  endfacet
  facet normal -0.261558 -0.961854 -0.0801527
    outer loop
      vertex -68.25 -42.4781 5.73733
      vertex -82.3808 -38.6532 5.94982
      vertex -68.25 -42 0
    endloop
  endfacet
  facet normal -0.261554 0.961854 -0.0801619
    outer loop
      vertex -87.6329 38.25 18.2494
      vertex -68.25 44 24
      vertex -68.25 43.5455 18.5465
    endloop
  endfacet
  facet normal -0.261555 0.961854 -0.0801597
    outer loop
      vertex -89.4308 37.75 18.1162
      vertex -68.25 44 24
      vertex -87.6329 38.25 18.2494
    endloop
  endfacet
  facet normal -0.261558 0.961854 -0.0801492
    outer loop
      vertex -89.4308 37.75 18.1162
      vertex -106.25 33 16
      vertex -68.25 44 24
    endloop
  endfacet
  facet normal -0.261557 0.961854 -0.0801564
    outer loop
      vertex -106.25 33 16
      vertex -89.4308 37.75 18.1162
      vertex -86.1944 37.75 7.55556
    endloop
  endfacet
  facet normal -0.261558 0.961854 -0.0801527
    outer loop
      vertex -68.25 42 0
      vertex -82.3808 38.6532 5.94982
      vertex -68.25 42.4781 5.73733
    endloop
  endfacet
  facet normal -0.397632 0.0572349 0.915758
    outer loop
      vertex -68.25 40 46
      vertex -106.25 0 32
      vertex -68.25 0 48.5
    endloop
  endfacet
  facet normal -0.319642 0.915548 -0.244135
    outer loop
      vertex -106.25 29 1
      vertex -86.1944 37.75 7.55556
      vertex -85.0063 37.75 6
    endloop
  endfacet
  facet normal -0.319637 0.915546 -0.244146
    outer loop
      vertex -86.1944 37.75 7.55556
      vertex -106.25 29 1
      vertex -106.25 33 16
    endloop
  endfacet
  facet normal -0.319628 0.915559 -0.244108
    outer loop
      vertex -68.25 42 0
      vertex -85.0063 37.75 6
      vertex -82.3808 38.6532 5.94982
    endloop
  endfacet
  facet normal -0.319638 0.915546 -0.244147
    outer loop
      vertex -85.0063 37.75 6
      vertex -68.25 42 0
      vertex -106.25 29 1
    endloop
  endfacet
  facet normal 0 0.996545 -0.0830605
    outer loop
      vertex 67.75 44 24
      vertex -8.42825 43.9083 22.8998
      vertex -68.25 44 24
    endloop
  endfacet
  facet normal -2.0459e-08 0.996545 -0.0830591
    outer loop
      vertex 67.75 44 24
      vertex -4.39278 43.8572 22.2867
      vertex -8.42825 43.9083 22.8998
    endloop
  endfacet
  facet normal -4.56028e-07 0.996546 -0.0830409
    outer loop
      vertex 67.75 44 24
      vertex 36.3172 43.2983 15.5793
      vertex -4.39278 43.8572 22.2867
    endloop
  endfacet
  facet normal 7.926e-07 0.996546 -0.0830455
    outer loop
      vertex 67.75 42 0
      vertex 36.3172 43.2983 15.5793
      vertex 67.75 44 24
    endloop
  endfacet
  facet normal -1.23753e-06 0.996545 -0.0830495
    outer loop
      vertex 36.3172 43.2983 15.5793
      vertex 67.75 42 0
      vertex 36.5899 42.4804 5.76498
    endloop
  endfacet
  facet normal 1.29399e-05 0.996552 -0.0829734
    outer loop
      vertex 67.75 42 0
      vertex 36.424 42.4781 5.73733
      vertex 36.5899 42.4804 5.76498
    endloop
  endfacet
  facet normal 0 0.996546 -0.0830436
    outer loop
      vertex -68.25 42 0
      vertex 36.424 42.4781 5.73733
      vertex 67.75 42 0
    endloop
  endfacet
  facet normal 0 0.996546 -0.0830436
    outer loop
      vertex 36.424 42.4781 5.73733
      vertex -68.25 42 0
      vertex -68.25 42.4781 5.73733
    endloop
  endfacet
  facet normal 1.37612e-07 0.996545 -0.083053
    outer loop
      vertex -68.25 44 24
      vertex -8.42825 43.9083 22.8998
      vertex -68.25 43.5455 18.5465
    endloop
  endfacet
  facet normal 0 0.0623546 0.998054
    outer loop
      vertex 67.75 40 46
      vertex 66 37.9 46.1312
      vertex 67.75 37.9 46.1312
    endloop
  endfacet
  facet normal 0 0.0623982 0.998051
    outer loop
      vertex 66 37.9 46.1312
      vertex -68 35.4 46.2875
      vertex 66 35.4 46.2875
    endloop
  endfacet
  facet normal -0 0.0623546 0.998054
    outer loop
      vertex -68.25 40 46
      vertex 66 37.9 46.1312
      vertex 67.75 40 46
    endloop
  endfacet
  facet normal 3.7203e-07 0.0623783 0.998053
    outer loop
      vertex 66 37.9 46.1312
      vertex -68.25 40 46
      vertex -68 35.4 46.2875
    endloop
  endfacet
  facet normal -5.67327e-15 0.0623783 0.998053
    outer loop
      vertex -68.25 0 48.5
      vertex -68 35.4 46.2875
      vertex -68.25 40 46
    endloop
  endfacet
  facet normal 0 0.0623783 0.998053
    outer loop
      vertex -68 35.4 46.2875
      vertex -68.25 0 48.5
      vertex -68 0 48.5
    endloop
  endfacet
  facet normal -0.432955 -0.828532 0.355085
    outer loop
      vertex -106.25 -27 30
      vertex -106.25 -33 16
      vertex -68.25 -40 46
    endloop
  endfacet
  facet normal -0.432955 0.828532 0.355085
    outer loop
      vertex -106.25 33 16
      vertex -106.25 27 30
      vertex -68.25 40 46
    endloop
  endfacet
  facet normal -0.406695 0.0674865 0.911068
    outer loop
      vertex -106.25 27 30
      vertex -106.25 0 32
      vertex -68.25 40 46
    endloop
  endfacet
  facet normal 0 -0.98387 0.178885
    outer loop
      vertex -68.25 -44 24
      vertex 67.75 -40 46
      vertex -68.25 -40 46
    endloop
  endfacet
  facet normal 0 -0.98387 0.178885
    outer loop
      vertex 67.75 -40 46
      vertex -68.25 -44 24
      vertex 67.75 -44 24
    endloop
  endfacet
  facet normal 0 -0.996546 -0.0830436
    outer loop
      vertex -68.25 -42.4781 5.73733
      vertex -68.25 -42 0
      vertex 36.424 -42.4781 5.73733
    endloop
  endfacet
  facet normal 0 -0.996545 -0.0830605
    outer loop
      vertex -68.25 -44 24
      vertex -8.42825 -43.9083 22.8998
      vertex 67.75 -44 24
    endloop
  endfacet
  facet normal 1.37612e-07 -0.996545 -0.083053
    outer loop
      vertex -8.42825 -43.9083 22.8998
      vertex -68.25 -44 24
      vertex -68.25 -43.5455 18.5465
    endloop
  endfacet
  facet normal -2.0459e-08 -0.996545 -0.0830591
    outer loop
      vertex -4.39278 -43.8572 22.2867
      vertex 67.75 -44 24
      vertex -8.42825 -43.9083 22.8998
    endloop
  endfacet
  facet normal -4.56028e-07 -0.996546 -0.0830409
    outer loop
      vertex 36.3172 -43.2983 15.5793
      vertex 67.75 -44 24
      vertex -4.39278 -43.8572 22.2867
    endloop
  endfacet
  facet normal -1.23753e-06 -0.996545 -0.0830495
    outer loop
      vertex 67.75 -42 0
      vertex 36.3172 -43.2983 15.5793
      vertex 36.5899 -42.4804 5.76498
    endloop
  endfacet
  facet normal 7.926e-07 -0.996546 -0.0830455
    outer loop
      vertex 36.3172 -43.2983 15.5793
      vertex 67.75 -42 0
      vertex 67.75 -44 24
    endloop
  endfacet
  facet normal 1.29399e-05 -0.996552 -0.0829734
    outer loop
      vertex 36.424 -42.4781 5.73733
      vertex 67.75 -42 0
      vertex 36.5899 -42.4804 5.76498
    endloop
  endfacet
  facet normal -0 -0.996546 -0.0830436
    outer loop
      vertex 67.75 -42 0
      vertex 36.424 -42.4781 5.73733
      vertex -68.25 -42 0
    endloop
  endfacet
  facet normal -0.306903 0.936389 0.170253
    outer loop
      vertex -68.25 44 24
      vertex -106.25 33 16
      vertex -68.25 40 46
    endloop
  endfacet
  facet normal 0 0.98387 0.178885
    outer loop
      vertex 67.75 44 24
      vertex -68.25 40 46
      vertex 67.75 40 46
    endloop
  endfacet
  facet normal 0 0.98387 0.178885
    outer loop
      vertex -68.25 40 46
      vertex 67.75 44 24
      vertex -68.25 44 24
    endloop
  endfacet
  facet normal -0.41852 0.877542 -0.234011
    outer loop
      vertex -106.25 29 1
      vertex -132.25 19 10
      vertex -106.25 33 16
    endloop
  endfacet
  facet normal -0.505477 0.793075 0.339889
    outer loop
      vertex -106.25 33 16
      vertex -132.25 19 10
      vertex -106.25 27 30
    endloop
  endfacet
  facet normal -0.432332 -0.0666112 0.899251
    outer loop
      vertex -106.25 0 32
      vertex -132.25 0 19.5
      vertex -106.25 -27 30
    endloop
  endfacet
  facet normal -0.436868 0.835189 -0.334075
    outer loop
      vertex -106.25 29 1
      vertex -132.25 16 2.5
      vertex -132.25 19 10
    endloop
  endfacet
  facet normal -0.41852 -0.877542 -0.234011
    outer loop
      vertex -106.25 -33 16
      vertex -132.25 -19 10
      vertex -106.25 -29 1
    endloop
  endfacet
  facet normal -0.432332 0.0666112 0.899251
    outer loop
      vertex -106.25 27 30
      vertex -132.25 0 19.5
      vertex -106.25 0 32
    endloop
  endfacet
  facet normal -0.455864 0.0948197 0.884984
    outer loop
      vertex -132.25 14 18
      vertex -132.25 0 19.5
      vertex -106.25 27 30
    endloop
  endfacet
  facet normal -0.057599 0 -0.99834
    outer loop
      vertex -106.25 -29 1
      vertex -111.898 -13.7224 1.32586
      vertex -106.25 -15.9192 1
    endloop
  endfacet
  facet normal -0.057596 1.10997e-06 -0.99834
    outer loop
      vertex -132.25 -16 2.5
      vertex -111.898 -13.7224 1.32586
      vertex -106.25 -29 1
    endloop
  endfacet
  facet normal -0.057596 8.85703e-07 -0.99834
    outer loop
      vertex -111.898 -13.7224 1.32586
      vertex -132.25 -16 2.5
      vertex -123.583 0 2
    endloop
  endfacet
  facet normal -0.057599 0 -0.99834
    outer loop
      vertex -111.898 13.7224 1.32586
      vertex -106.25 29 1
      vertex -106.25 15.9192 1
    endloop
  endfacet
  facet normal -0.057596 -8.85703e-07 -0.99834
    outer loop
      vertex -132.25 16 2.5
      vertex -111.898 13.7224 1.32586
      vertex -123.583 0 2
    endloop
  endfacet
  facet normal -0.057596 -1.10997e-06 -0.99834
    outer loop
      vertex -111.898 13.7224 1.32586
      vertex -132.25 16 2.5
      vertex -106.25 29 1
    endloop
  endfacet
  facet normal -0.0575943 -0 -0.99834
    outer loop
      vertex -132.25 16 2.5
      vertex -123.583 0 2
      vertex -132.25 -16 2.5
    endloop
  endfacet
  facet normal -0.505477 -0.793075 0.339889
    outer loop
      vertex -106.25 -27 30
      vertex -132.25 -19 10
      vertex -106.25 -33 16
    endloop
  endfacet
  facet normal -0.455864 -0.0948197 0.884984
    outer loop
      vertex -132.25 0 19.5
      vertex -132.25 -14 18
      vertex -106.25 -27 30
    endloop
  endfacet
  facet normal -0.55582 0.704943 0.440589
    outer loop
      vertex -132.25 19 10
      vertex -132.25 14 18
      vertex -106.25 27 30
    endloop
  endfacet
  facet normal -0.436868 -0.835189 -0.334075
    outer loop
      vertex -106.25 -29 1
      vertex -132.25 -19 10
      vertex -132.25 -16 2.5
    endloop
  endfacet
  facet normal -0.55582 -0.704943 0.440589
    outer loop
      vertex -132.25 -14 18
      vertex -132.25 -19 10
      vertex -106.25 -27 30
    endloop
  endfacet
  facet normal -0.704886 -0.601503 0.375939
    outer loop
      vertex -132.25 -14 18
      vertex -148.25 -4 4
      vertex -132.25 -19 10
    endloop
  endfacet
  facet normal -0.59023 0.749499 -0.2998
    outer loop
      vertex -132.25 16 2.5
      vertex -148.25 4 4
      vertex -132.25 19 10
    endloop
  endfacet
  facet normal -0.619528 -0.0836258 0.780507
    outer loop
      vertex -132.25 0 19.5
      vertex -148.25 0 6.79999
      vertex -132.25 -14 18
    endloop
  endfacet
  facet normal -0.0312348 0 -0.999512
    outer loop
      vertex -148.25 -3 3
      vertex -132.25 16 2.5
      vertex -132.25 -16 2.5
    endloop
  endfacet
  facet normal -0.0312348 0 -0.999512
    outer loop
      vertex -132.25 16 2.5
      vertex -148.25 -3 3
      vertex -148.25 3 3
    endloop
  endfacet
  facet normal -0.727607 0.485071 0.485071
    outer loop
      vertex -148.25 4 4
      vertex -148.25 2 6
      vertex -132.25 14 18
    endloop
  endfacet
  facet normal -1 0 0
    outer loop
      vertex -148.25 3 3
      vertex -148.25 2 6
      vertex -148.25 4 4
    endloop
  endfacet
  facet normal -1 0 0
    outer loop
      vertex -148.25 -2 6
      vertex -148.25 2 6
      vertex -148.25 3 3
    endloop
  endfacet
  facet normal -1 0 0
    outer loop
      vertex -148.25 2 6
      vertex -148.25 -2 6
      vertex -148.25 0 6.79999
    endloop
  endfacet
  facet normal -1 0 0
    outer loop
      vertex -148.25 -3 3
      vertex -148.25 -2 6
      vertex -148.25 3 3
    endloop
  endfacet
  facet normal -1 0 0
    outer loop
      vertex -148.25 -2 6
      vertex -148.25 -3 3
      vertex -148.25 -4 4
    endloop
  endfacet
  facet normal -0.704886 0.601503 0.375939
    outer loop
      vertex -132.25 19 10
      vertex -148.25 4 4
      vertex -132.25 14 18
    endloop
  endfacet
  facet normal -0.619528 0.0836258 0.780507
    outer loop
      vertex -132.25 14 18
      vertex -148.25 0 6.79999
      vertex -132.25 0 19.5
    endloop
  endfacet
  facet normal -0.698063 0.265926 0.664824
    outer loop
      vertex -148.25 2 6
      vertex -148.25 0 6.79999
      vertex -132.25 14 18
    endloop
  endfacet
  facet normal -0.512361 -0.607242 -0.607242
    outer loop
      vertex -132.25 -16 2.5
      vertex -148.25 -4 4
      vertex -148.25 -3 3
    endloop
  endfacet
  facet normal -0.512361 0.607242 -0.607242
    outer loop
      vertex -132.25 16 2.5
      vertex -148.25 3 3
      vertex -148.25 4 4
    endloop
  endfacet
  facet normal -0.59023 -0.749499 -0.2998
    outer loop
      vertex -132.25 -19 10
      vertex -148.25 -4 4
      vertex -132.25 -16 2.5
    endloop
  endfacet
  facet normal -0.727607 -0.485071 0.485071
    outer loop
      vertex -148.25 -2 6
      vertex -148.25 -4 4
      vertex -132.25 -14 18
    endloop
  endfacet
  facet normal -0.698063 -0.265926 0.664824
    outer loop
      vertex -148.25 0 6.79999
      vertex -148.25 -2 6
      vertex -132.25 -14 18
    endloop
  endfacet
  facet normal 0.436978 -0.0560862 0.897722
    outer loop
      vertex 67.75 -37.9 46.1312
      vertex 67.75 -40 46
      vertex 75.8636 -37.9 42.1818
    endloop
  endfacet
  facet normal 0.436982 -0.0561053 0.897719
    outer loop
      vertex 96 -32.6882 32.7059
      vertex 103.723 -28.6318 29.2001
      vertex 96 -19.2765 33.5441
    endloop
  endfacet
  facet normal 0.436428 -0.0566705 0.897953
    outer loop
      vertex 103.864 -28.3683 29.1482
      vertex 96 -19.2765 33.5441
      vertex 103.723 -28.6318 29.2001
    endloop
  endfacet
  facet normal 0.436996 -0.0560647 0.897715
    outer loop
      vertex 104.409 -27.683 28.9257
      vertex 96 -19.2765 33.5441
      vertex 103.864 -28.3683 29.1482
    endloop
  endfacet
  facet normal 0.437016 -0.0560396 0.897706
    outer loop
      vertex 96 -19.2765 33.5441
      vertex 104.409 -27.683 28.9257
      vertex 106.758 -26.6173 27.8487
    endloop
  endfacet
  facet normal 0.436909 -0.0559267 0.897765
    outer loop
      vertex 103.723 -28.6318 29.2001
      vertex 96 -32.6882 32.7059
      vertex 103.534 -30.0168 29.2058
    endloop
  endfacet
  facet normal 0.43712 -0.0567214 0.897613
    outer loop
      vertex 103.534 -30.0168 29.2058
      vertex 96 -32.6882 32.7059
      vertex 103.569 -30.4861 29.1591
    endloop
  endfacet
  facet normal 0.436949 -0.0559182 0.897747
    outer loop
      vertex 103.569 -30.4861 29.1591
      vertex 96 -32.6882 32.7059
      vertex 103.601 -30.7209 29.1289
    endloop
  endfacet
  facet normal 0.260108 -0.950005 0.172728
    outer loop
      vertex 67.75 -44 24
      vertex 82.625 -37.9 35.15
      vertex 67.75 -40 46
    endloop
  endfacet
  facet normal 0.260108 -0.950005 0.172728
    outer loop
      vertex 82.625 -37.9 35.15
      vertex 67.75 -44 24
      vertex 93.675 -37.9 18.51
    endloop
  endfacet
  facet normal 0.260104 -0.950008 0.172718
    outer loop
      vertex 96 -36.0118 25.3941
      vertex 96 -37.3529 18.0176
      vertex 110.25 -34 15
    endloop
  endfacet
  facet normal 0.436978 0.0560862 0.897722
    outer loop
      vertex 67.75 40 46
      vertex 67.75 37.9 46.1312
      vertex 75.8636 37.9 42.1818
    endloop
  endfacet
  facet normal 0.43712 0.0567214 0.897613
    outer loop
      vertex 103.569 30.4861 29.1591
      vertex 96 32.6882 32.7059
      vertex 103.534 30.0168 29.2058
    endloop
  endfacet
  facet normal 0.436949 0.0559182 0.897747
    outer loop
      vertex 96 32.6882 32.7059
      vertex 103.569 30.4861 29.1591
      vertex 103.601 30.7209 29.1289
    endloop
  endfacet
  facet normal 0.436909 0.0559267 0.897765
    outer loop
      vertex 96 32.6882 32.7059
      vertex 103.723 28.6318 29.2001
      vertex 103.534 30.0168 29.2058
    endloop
  endfacet
  facet normal 0.436982 0.0561053 0.897719
    outer loop
      vertex 96 19.2765 33.5441
      vertex 103.723 28.6318 29.2001
      vertex 96 32.6882 32.7059
    endloop
  endfacet
  facet normal 0.436428 0.0566705 0.897953
    outer loop
      vertex 103.723 28.6318 29.2001
      vertex 96 19.2765 33.5441
      vertex 103.864 28.3683 29.1482
    endloop
  endfacet
  facet normal 0.437016 0.0560396 0.897706
    outer loop
      vertex 104.409 27.683 28.9257
      vertex 96 19.2765 33.5441
      vertex 106.758 26.6173 27.8487
    endloop
  endfacet
  facet normal 0.436996 0.0560647 0.897715
    outer loop
      vertex 103.864 28.3683 29.1482
      vertex 96 19.2765 33.5441
      vertex 104.409 27.683 28.9257
    endloop
  endfacet
  facet normal 0.260108 0.950005 0.172728
    outer loop
      vertex 82.625 37.9 35.15
      vertex 67.75 44 24
      vertex 67.75 40 46
    endloop
  endfacet
  facet normal 0.260108 0.950005 0.172728
    outer loop
      vertex 67.75 44 24
      vertex 82.625 37.9 35.15
      vertex 93.675 37.9 18.51
    endloop
  endfacet
  facet normal 0.260104 0.950008 0.172718
    outer loop
      vertex 96 37.3529 18.0176
      vertex 96 36.0118 25.3941
      vertex 110.25 34 15
    endloop
  endfacet
  facet normal 0.249834 0.946792 -0.202898
    outer loop
      vertex 110.25 34 15
      vertex 96 35.8315 6
      vertex 96 36.6824 9.97059
    endloop
  endfacet
  facet normal 0.249828 0.946797 -0.202881
    outer loop
      vertex 96 35.8315 6
      vertex 110.25 31 1
      vertex 88.1608 37.9 6
    endloop
  endfacet
  facet normal 0.249826 0.946797 -0.202885
    outer loop
      vertex 110.25 31 1
      vertex 96 35.8315 6
      vertex 110.25 34 15
    endloop
  endfacet
  facet normal 0.249826 0.946798 -0.202881
    outer loop
      vertex 88.1608 37.9 6
      vertex 67.75 42 0
      vertex 89.5312 37.9 7.6875
    endloop
  endfacet
  facet normal 0.249827 0.946797 -0.202884
    outer loop
      vertex 67.75 42 0
      vertex 88.1608 37.9 6
      vertex 110.25 31 1
    endloop
  endfacet
  facet normal 0.437199 0.0557183 0.897637
    outer loop
      vertex 96 19.2765 33.5441
      vertex 110.25 25.0321 26.2463
      vertex 106.758 26.6173 27.8487
    endloop
  endfacet
  facet normal 0.4372 0.0557148 0.897637
    outer loop
      vertex 110.25 25.0321 26.2463
      vertex 96 19.2765 33.5441
      vertex 110.25 0 27.8
    endloop
  endfacet
  facet normal 0.437202 0.0557166 0.897636
    outer loop
      vertex 110.25 0 27.8
      vertex 96 19.2765 33.5441
      vertex 96 0 34.7406
    endloop
  endfacet
  facet normal 0.4372 -0.0557148 0.897637
    outer loop
      vertex 96 -19.2765 33.5441
      vertex 110.25 -25.0321 26.2463
      vertex 110.25 0 27.8
    endloop
  endfacet
  facet normal 0.437202 -0.0557166 0.897636
    outer loop
      vertex 96 -19.2765 33.5441
      vertex 110.25 0 27.8
      vertex 96 0 34.7406
    endloop
  endfacet
  facet normal 0.437199 -0.0557183 0.897637
    outer loop
      vertex 110.25 -25.0321 26.2463
      vertex 96 -19.2765 33.5441
      vertex 106.758 -26.6173 27.8487
    endloop
  endfacet
  facet normal 0.0235229 0 -0.999723
    outer loop
      vertex 67.75 -22.6606 0
      vertex 110.25 -31 1
      vertex 67.75 -42 0
    endloop
  endfacet
  facet normal 0.0235229 0 -0.999723
    outer loop
      vertex 110.25 -31 1
      vertex 67.75 -22.6606 0
      vertex 110.25 -15.9192 1
    endloop
  endfacet
  facet normal 0.0235229 0 -0.999723
    outer loop
      vertex 67.75 22.6606 0
      vertex 110.25 31 1
      vertex 110.25 15.9192 1
    endloop
  endfacet
  facet normal 0.0235229 0 -0.999723
    outer loop
      vertex 110.25 31 1
      vertex 67.75 22.6606 0
      vertex 67.75 42 0
    endloop
  endfacet
  facet normal 0.395308 0.836212 0.380107
    outer loop
      vertex 82.625 37.9 35.15
      vertex 67.75 40 46
      vertex 75.8636 37.9 42.1818
    endloop
  endfacet
  facet normal 0.395326 0.836174 0.380171
    outer loop
      vertex 103.062 31.5365 27.8955
      vertex 96 32.6882 32.7059
      vertex 103.601 30.7209 29.1289
    endloop
  endfacet
  facet normal 0.395351 0.836248 0.379984
    outer loop
      vertex 96 36.0118 25.3941
      vertex 103.062 31.5365 27.8955
      vertex 102.818 32.3802 26.2926
    endloop
  endfacet
  facet normal 0.395323 0.836218 0.380078
    outer loop
      vertex 96 36.0118 25.3941
      vertex 102.818 32.3802 26.2926
      vertex 102.787 32.5673 25.9132
    endloop
  endfacet
  facet normal 0.39529 0.836221 0.380106
    outer loop
      vertex 103.062 31.5365 27.8955
      vertex 96 36.0118 25.3941
      vertex 96 32.6882 32.7059
    endloop
  endfacet
  facet normal 0.395306 0.836196 0.380145
    outer loop
      vertex 103.013 33.0425 24.6329
      vertex 96 36.0118 25.3941
      vertex 102.787 32.5673 25.9132
    endloop
  endfacet
  facet normal 0.395333 0.836357 0.379762
    outer loop
      vertex 103.152 33.0687 24.4305
      vertex 96 36.0118 25.3941
      vertex 103.013 33.0425 24.6329
    endloop
  endfacet
  facet normal 0.395319 0.836215 0.38009
    outer loop
      vertex 103.772 33.044 23.84
      vertex 96 36.0118 25.3941
      vertex 103.152 33.0687 24.4305
    endloop
  endfacet
  facet normal 0.395293 0.836219 0.380106
    outer loop
      vertex 110.25 34 15
      vertex 103.772 33.044 23.84
      vertex 110.25 31.7601 19.9277
    endloop
  endfacet
  facet normal 0.395319 0.836199 0.380123
    outer loop
      vertex 103.772 33.044 23.84
      vertex 110.25 34 15
      vertex 96 36.0118 25.3941
    endloop
  endfacet
  facet normal 0.395308 -0.836212 0.380107
    outer loop
      vertex 75.8636 -37.9 42.1818
      vertex 67.75 -40 46
      vertex 82.625 -37.9 35.15
    endloop
  endfacet
  facet normal 0.395308 -0.83621 0.380111
    outer loop
      vertex 96 -32.6882 32.7059
      vertex 103.252 -31.2489 28.3303
      vertex 103.601 -30.7209 29.1289
    endloop
  endfacet
  facet normal 0.395145 -0.836265 0.380159
    outer loop
      vertex 103.865 -30.9523 28.3451
      vertex 104.218 -32.0269 25.6143
      vertex 104.625 -30.6797 28.1548
    endloop
  endfacet
  facet normal 0.39525 -0.836232 0.380124
    outer loop
      vertex 104.924 -31.5907 25.8398
      vertex 104.625 -30.6797 28.1548
      vertex 104.218 -32.0269 25.6143
    endloop
  endfacet
  facet normal 0.395547 -0.836098 0.38011
    outer loop
      vertex 104.625 -30.6797 28.1548
      vertex 104.924 -31.5907 25.8398
      vertex 105.235 -30.5596 27.7842
    endloop
  endfacet
  facet normal 0.395304 -0.836215 0.380104
    outer loop
      vertex 96 -36.0118 25.3941
      vertex 103.252 -31.2489 28.3303
      vertex 96 -32.6882 32.7059
    endloop
  endfacet
  facet normal 0.394883 -0.836371 0.380199
    outer loop
      vertex 103.425 -32.4105 25.5953
      vertex 103.252 -31.2489 28.3303
      vertex 102.816 -32.6288 25.7476
    endloop
  endfacet
  facet normal 0.395372 -0.836165 0.380142
    outer loop
      vertex 104.218 -32.0269 25.6143
      vertex 103.252 -31.2489 28.3303
      vertex 103.425 -32.4105 25.5953
    endloop
  endfacet
  facet normal 0.395375 -0.836153 0.380166
    outer loop
      vertex 105.435 -31.1683 26.2374
      vertex 105.235 -30.5596 27.7842
      vertex 104.924 -31.5907 25.8398
    endloop
  endfacet
  facet normal 0.395336 -0.836227 0.380045
    outer loop
      vertex 103.252 -31.2489 28.3303
      vertex 96 -36.0118 25.3941
      vertex 102.816 -32.6288 25.7476
    endloop
  endfacet
  facet normal 0.395303 -0.836176 0.380192
    outer loop
      vertex 96 -36.0118 25.3941
      vertex 103.013 -33.0425 24.6329
      vertex 102.816 -32.6288 25.7476
    endloop
  endfacet
  facet normal 0.395333 -0.836357 0.379762
    outer loop
      vertex 96 -36.0118 25.3941
      vertex 103.152 -33.0687 24.4305
      vertex 103.013 -33.0425 24.6329
    endloop
  endfacet
  facet normal 0.395319 -0.836215 0.38009
    outer loop
      vertex 96 -36.0118 25.3941
      vertex 103.772 -33.044 23.84
      vertex 103.152 -33.0687 24.4305
    endloop
  endfacet
  facet normal 0.395319 -0.836199 0.380123
    outer loop
      vertex 110.25 -34 15
      vertex 103.772 -33.044 23.84
      vertex 96 -36.0118 25.3941
    endloop
  endfacet
  facet normal 0.395293 -0.836219 0.380106
    outer loop
      vertex 103.772 -33.044 23.84
      vertex 110.25 -34 15
      vertex 110.25 -31.7601 19.9277
    endloop
  endfacet
  facet normal 0.395394 -0.836153 0.380147
    outer loop
      vertex 104.218 -32.0269 25.6143
      vertex 103.865 -30.9523 28.3451
      vertex 103.252 -31.2489 28.3303
    endloop
  endfacet
  facet normal 0.395375 -0.836255 0.379941
    outer loop
      vertex 105.604 -30.6103 27.2897
      vertex 105.435 -31.1683 26.2374
      vertex 105.674 -30.824 26.7465
    endloop
  endfacet
  facet normal 0.39458 -0.836511 0.380205
    outer loop
      vertex 105.235 -30.5596 27.7842
      vertex 105.435 -31.1683 26.2374
      vertex 105.604 -30.6103 27.2897
    endloop
  endfacet
  facet normal 0.249828 -0.946797 -0.202881
    outer loop
      vertex 88.1608 -37.9 6
      vertex 110.25 -31 1
      vertex 96 -35.8315 6
    endloop
  endfacet
  facet normal 0.249827 -0.946797 -0.202884
    outer loop
      vertex 88.1608 -37.9 6
      vertex 67.75 -42 0
      vertex 110.25 -31 1
    endloop
  endfacet
  facet normal 0.249826 -0.946798 -0.202881
    outer loop
      vertex 67.75 -42 0
      vertex 88.1608 -37.9 6
      vertex 89.5312 -37.9 7.6875
    endloop
  endfacet
  facet normal 0.249834 -0.946792 -0.202898
    outer loop
      vertex 96 -35.8315 6
      vertex 110.25 -34 15
      vertex 96 -36.6824 9.97059
    endloop
  endfacet
  facet normal 0.249826 -0.946797 -0.202885
    outer loop
      vertex 110.25 -34 15
      vertex 96 -35.8315 6
      vertex 110.25 -31 1
    endloop
  endfacet
  facet normal 0.211967 -0.973901 -0.0811593
    outer loop
      vertex 67.75 -44 24
      vertex 89.5312 -37.9 7.6875
      vertex 93.675 -37.9 18.51
    endloop
  endfacet
  facet normal 0.211967 -0.973901 -0.0811584
    outer loop
      vertex 89.5312 -37.9 7.6875
      vertex 67.75 -44 24
      vertex 67.75 -42 0
    endloop
  endfacet
  facet normal 0.211967 -0.973902 -0.0811483
    outer loop
      vertex 110.25 -34 15
      vertex 96 -37.3529 18.0176
      vertex 96 -36.6824 9.97059
    endloop
  endfacet
  facet normal 0.211967 0.973901 -0.0811593
    outer loop
      vertex 89.5312 37.9 7.6875
      vertex 67.75 44 24
      vertex 93.675 37.9 18.51
    endloop
  endfacet
  facet normal 0.211967 0.973901 -0.0811584
    outer loop
      vertex 67.75 44 24
      vertex 89.5312 37.9 7.6875
      vertex 67.75 42 0
    endloop
  endfacet
  facet normal 0.211967 0.973902 -0.0811483
    outer loop
      vertex 110.25 34 15
      vertex 96 36.6824 9.97059
      vertex 96 37.3529 18.0176
    endloop
  endfacet
  facet normal 0.471451 -0.0548456 0.880185
    outer loop
      vertex 145.25 -17 8
      vertex 133.787 -19.656 13.9744
      vertex 135.12 -20.473 13.2095
    endloop
  endfacet
  facet normal 0.4714 -0.0545183 0.880233
    outer loop
      vertex 145.25 -17 8
      vertex 129.252 -18.7547 16.4589
      vertex 133.787 -19.656 13.9744
    endloop
  endfacet
  facet normal 0.471408 -0.054651 0.88022
    outer loop
      vertex 110.25 0 27.8
      vertex 129.252 -18.7547 16.4589
      vertex 145.25 -17 8
    endloop
  endfacet
  facet normal 0.471477 -0.054562 0.880189
    outer loop
      vertex 129.252 -18.7547 16.4589
      vertex 110.25 0 27.8
      vertex 127 -18.9482 17.6532
    endloop
  endfacet
  facet normal 0.471405 -0.0546444 0.880222
    outer loop
      vertex 110.25 0 27.8
      vertex 124.133 -19.4947 19.1547
      vertex 127 -18.9482 17.6532
    endloop
  endfacet
  facet normal 0.471426 -0.054625 0.880212
    outer loop
      vertex 110.25 0 27.8
      vertex 114.508 -22.9539 24.095
      vertex 124.133 -19.4947 19.1547
    endloop
  endfacet
  facet normal 0.471391 -0.0546344 0.880231
    outer loop
      vertex 114.508 -22.9539 24.095
      vertex 110.25 0 27.8
      vertex 110.25 -25.0321 26.2463
    endloop
  endfacet
  facet normal 0.415175 -0.828196 0.376459
    outer loop
      vertex 110.25 -34 15
      vertex 114.272 -30.9028 17.3781
      vertex 110.25 -31.7601 19.9277
    endloop
  endfacet
  facet normal 0.415166 -0.828195 0.376472
    outer loop
      vertex 110.25 -34 15
      vertex 123.165 -28.5053 12.8453
      vertex 114.272 -30.9028 17.3781
    endloop
  endfacet
  facet normal 0.415173 -0.828336 0.376153
    outer loop
      vertex 110.25 -34 15
      vertex 127 -27.1135 11.6774
      vertex 123.165 -28.5053 12.8453
    endloop
  endfacet
  facet normal 0.415176 -0.828194 0.376463
    outer loop
      vertex 145.25 -21 5
      vertex 127 -27.1135 11.6774
      vertex 110.25 -34 15
    endloop
  endfacet
  facet normal 0.415203 -0.828112 0.376613
    outer loop
      vertex 127 -27.1135 11.6774
      vertex 145.25 -21 5
      vertex 129.179 -26.2285 11.2211
    endloop
  endfacet
  facet normal 0.41532 -0.827972 0.376791
    outer loop
      vertex 134.387 -23.5877 11.2875
      vertex 145.25 -21 5
      vertex 134.63 -23.4274 11.3719
    endloop
  endfacet
  facet normal 0.415163 -0.82822 0.376419
    outer loop
      vertex 145.25 -21 5
      vertex 134.387 -23.5877 11.2875
      vertex 129.179 -26.2285 11.2211
    endloop
  endfacet
  facet normal 0.472565 0.0517515 0.879775
    outer loop
      vertex 145.25 17 8
      vertex 110.25 0 27.8
      vertex 145.25 0 9
    endloop
  endfacet
  facet normal 0.415122 0.828332 0.376218
    outer loop
      vertex 129.527 26.0521 11.2255
      vertex 145.25 21 5
      vertex 129.179 26.2285 11.2211
    endloop
  endfacet
  facet normal 0.415167 0.828214 0.376428
    outer loop
      vertex 134.387 23.5877 11.2875
      vertex 145.25 21 5
      vertex 129.527 26.0521 11.2255
    endloop
  endfacet
  facet normal 0.41532 0.827972 0.376791
    outer loop
      vertex 145.25 21 5
      vertex 134.387 23.5877 11.2875
      vertex 134.63 23.4274 11.3719
    endloop
  endfacet
  facet normal 0.415175 0.828196 0.376459
    outer loop
      vertex 114.272 30.9028 17.3781
      vertex 110.25 34 15
      vertex 110.25 31.7601 19.9277
    endloop
  endfacet
  facet normal 0.415166 0.828195 0.376472
    outer loop
      vertex 123.165 28.5053 12.8453
      vertex 110.25 34 15
      vertex 114.272 30.9028 17.3781
    endloop
  endfacet
  facet normal 0.415173 0.828336 0.376153
    outer loop
      vertex 127 27.1135 11.6774
      vertex 110.25 34 15
      vertex 123.165 28.5053 12.8453
    endloop
  endfacet
  facet normal 0.415161 0.828239 0.376381
    outer loop
      vertex 145.25 21 5
      vertex 127 27.1135 11.6774
      vertex 128.917 26.335 11.276
    endloop
  endfacet
  facet normal 0.415508 0.827282 0.378098
    outer loop
      vertex 145.25 21 5
      vertex 128.917 26.335 11.276
      vertex 129.179 26.2285 11.2211
    endloop
  endfacet
  facet normal 0.415176 0.828194 0.376463
    outer loop
      vertex 127 27.1135 11.6774
      vertex 145.25 21 5
      vertex 110.25 34 15
    endloop
  endfacet
  facet normal 0.525197 0.510588 0.680784
    outer loop
      vertex 145.25 21 5
      vertex 135.541 21.3556 12.2234
      vertex 145.25 17 8
    endloop
  endfacet
  facet normal 0.525185 0.510626 0.680766
    outer loop
      vertex 145.25 21 5
      vertex 134.766 23.119 11.4986
      vertex 135.541 21.3556 12.2234
    endloop
  endfacet
  facet normal 0.525098 0.511116 0.680465
    outer loop
      vertex 134.766 23.119 11.4986
      vertex 145.25 21 5
      vertex 134.63 23.4274 11.3719
    endloop
  endfacet
  facet normal 0.525175 0.510339 0.680989
    outer loop
      vertex 145.25 17 8
      vertex 135.541 21.3556 12.2234
      vertex 135.12 20.473 13.2095
    endloop
  endfacet
  facet normal 0.29026 0.935706 -0.200508
    outer loop
      vertex 145.25 21 5
      vertex 110.25 31 1
      vertex 110.25 34 15
    endloop
  endfacet
  facet normal 0.272166 0.680414 -0.680414
    outer loop
      vertex 145.25 18 2
      vertex 110.25 31 1
      vertex 145.25 21 5
    endloop
  endfacet
  facet normal 0.272166 -0.680414 -0.680414
    outer loop
      vertex 145.25 -21 5
      vertex 110.25 -31 1
      vertex 145.25 -18 2
    endloop
  endfacet
  facet normal 0.472565 -0.0517515 0.879775
    outer loop
      vertex 145.25 0 9
      vertex 110.25 0 27.8
      vertex 145.25 -17 8
    endloop
  endfacet
  facet normal 0.525197 -0.510588 0.680784
    outer loop
      vertex 145.25 -17 8
      vertex 135.541 -21.3556 12.2234
      vertex 145.25 -21 5
    endloop
  endfacet
  facet normal 0.525167 -0.510254 0.681058
    outer loop
      vertex 145.25 -17 8
      vertex 135.37 -20.9973 12.6237
      vertex 135.541 -21.3556 12.2234
    endloop
  endfacet
  facet normal 0.525173 -0.510401 0.680943
    outer loop
      vertex 135.37 -20.9973 12.6237
      vertex 145.25 -17 8
      vertex 135.12 -20.473 13.2095
    endloop
  endfacet
  facet normal 0.525127 -0.5108 0.68068
    outer loop
      vertex 135.324 -21.8488 12.0207
      vertex 145.25 -21 5
      vertex 135.541 -21.3556 12.2234
    endloop
  endfacet
  facet normal 0.525166 -0.510665 0.680751
    outer loop
      vertex 145.25 -21 5
      vertex 135.324 -21.8488 12.0207
      vertex 134.63 -23.4274 11.3719
    endloop
  endfacet
  facet normal 0.29026 -0.935706 -0.200508
    outer loop
      vertex 145.25 -21 5
      vertex 110.25 -34 15
      vertex 110.25 -31 1
    endloop
  endfacet
  facet normal 0.471453 0.0548509 0.880184
    outer loop
      vertex 134.379 20.0189 13.6347
      vertex 145.25 17 8
      vertex 135.12 20.473 13.2095
    endloop
  endfacet
  facet normal 0.47145 0.054838 0.880186
    outer loop
      vertex 133.787 19.656 13.9744
      vertex 145.25 17 8
      vertex 134.379 20.0189 13.6347
    endloop
  endfacet
  facet normal 0.471316 0.0539756 0.880311
    outer loop
      vertex 133.127 19.5249 14.3358
      vertex 145.25 17 8
      vertex 133.787 19.656 13.9744
    endloop
  endfacet
  facet normal 0.471408 0.0546476 0.88022
    outer loop
      vertex 129.252 18.7547 16.4589
      vertex 145.25 17 8
      vertex 133.127 19.5249 14.3358
    endloop
  endfacet
  facet normal 0.471957 0.0539437 0.87997
    outer loop
      vertex 110.25 0 27.8
      vertex 129.252 18.7547 16.4589
      vertex 129.017 18.7749 16.5837
    endloop
  endfacet
  facet normal 0.471421 0.0546258 0.880215
    outer loop
      vertex 110.25 0 27.8
      vertex 129.017 18.7749 16.5837
      vertex 127 18.9482 17.6532
    endloop
  endfacet
  facet normal 0.471408 0.054651 0.88022
    outer loop
      vertex 129.252 18.7547 16.4589
      vertex 110.25 0 27.8
      vertex 145.25 17 8
    endloop
  endfacet
  facet normal 0.471405 0.0546444 0.880222
    outer loop
      vertex 124.133 19.4947 19.1547
      vertex 110.25 0 27.8
      vertex 127 18.9482 17.6532
    endloop
  endfacet
  facet normal 0.471426 0.054625 0.880212
    outer loop
      vertex 114.508 22.9539 24.095
      vertex 110.25 0 27.8
      vertex 124.133 19.4947 19.1547
    endloop
  endfacet
  facet normal 0.471391 0.0546344 0.880231
    outer loop
      vertex 110.25 0 27.8
      vertex 114.508 22.9539 24.095
      vertex 110.25 25.0321 26.2463
    endloop
  endfacet
  facet normal 1 0 0
    outer loop
      vertex 145.25 17 8
      vertex 145.25 18 2
      vertex 145.25 21 5
    endloop
  endfacet
  facet normal 1 0 0
    outer loop
      vertex 145.25 0 2
      vertex 145.25 17 8
      vertex 145.25 0 9
    endloop
  endfacet
  facet normal 1 0 0
    outer loop
      vertex 145.25 17 8
      vertex 145.25 0 2
      vertex 145.25 18 2
    endloop
  endfacet
  facet normal 1 -0 0
    outer loop
      vertex 145.25 -17 8
      vertex 145.25 0 2
      vertex 145.25 0 9
    endloop
  endfacet
  facet normal 1 0 0
    outer loop
      vertex 145.25 -17 8
      vertex 145.25 -18 2
      vertex 145.25 0 2
    endloop
  endfacet
  facet normal 1 0 -0
    outer loop
      vertex 145.25 -18 2
      vertex 145.25 -17 8
      vertex 145.25 -21 5
    endloop
  endfacet
  facet normal 0.0285597 0 -0.999592
    outer loop
      vertex 121.655 13.7224 1.32586
      vertex 145.25 18 2
      vertex 145.25 0 2
    endloop
  endfacet
  facet normal 0.02856 0 -0.999592
    outer loop
      vertex 110.25 31 1
      vertex 121.655 13.7224 1.32586
      vertex 110.25 15.9192 1
    endloop
  endfacet
  facet normal 0.0285597 -2.18992e-07 -0.999592
    outer loop
      vertex 121.655 13.7224 1.32586
      vertex 110.25 31 1
      vertex 145.25 18 2
    endloop
  endfacet
  facet normal 0.0285597 0 -0.999592
    outer loop
      vertex 145.25 -18 2
      vertex 121.655 -13.7224 1.32586
      vertex 145.25 0 2
    endloop
  endfacet
  facet normal 0.0285597 2.18992e-07 -0.999592
    outer loop
      vertex 110.25 -31 1
      vertex 121.655 -13.7224 1.32586
      vertex 145.25 -18 2
    endloop
  endfacet
  facet normal 0.02856 0 -0.999592
    outer loop
      vertex 121.655 -13.7224 1.32586
      vertex 110.25 -31 1
      vertex 110.25 -15.9192 1
    endloop
  endfacet
  facet normal -0.853159 -0.177818 0.490409
    outer loop
      vertex 103.329 -31.3955 28.4111
      vertex 103.601 -30.7209 29.1289
      vertex 103.252 -31.2489 28.3303
    endloop
  endfacet
  facet normal -0.852512 -0.178869 0.491151
    outer loop
      vertex 103.459 -31.88 28.4603
      vertex 103.601 -30.7209 29.1289
      vertex 103.329 -31.3955 28.4111
    endloop
  endfacet
  facet normal -0.852714 -0.179319 0.490637
    outer loop
      vertex 103.601 -30.7209 29.1289
      vertex 125 -50.5082 59.0879
      vertex 103.569 -30.4861 29.1591
    endloop
  endfacet
  facet normal -0.852644 -0.178746 0.490966
    outer loop
      vertex 125 -50.5082 59.0879
      vertex 103.601 -30.7209 29.1289
      vertex 103.459 -31.88 28.4603
    endloop
  endfacet
  facet normal -0.844395 -0.410522 0.344193
    outer loop
      vertex 103.554 -32.0474 28.4937
      vertex 125 -50.5082 59.0879
      vertex 103.459 -31.88 28.4603
    endloop
  endfacet
  facet normal -0.844331 -0.410863 0.343943
    outer loop
      vertex 103.78 -32.6405 28.34
      vertex 125 -50.5082 59.0879
      vertex 103.554 -32.0474 28.4937
    endloop
  endfacet
  facet normal -0.844426 -0.410377 0.344291
    outer loop
      vertex 103.805 -33.0459 27.9181
      vertex 125 -50.5082 59.0879
      vertex 103.78 -32.6405 28.34
    endloop
  endfacet
  facet normal -0.844933 -0.407837 0.346059
    outer loop
      vertex 125 -50.5082 59.0879
      vertex 103.805 -33.0459 27.9181
      vertex 103.721 -33.1182 27.6278
    endloop
  endfacet
  facet normal 0 -0.976299 -0.216427
    outer loop
      vertex 125 -51.1221 55.6061
      vertex 131 -51.5362 57.4741
      vertex 125 -51.5362 57.4741
    endloop
  endfacet
  facet normal 0 -0.976299 -0.216427
    outer loop
      vertex 131 -51.5362 57.4741
      vertex 125 -51.1221 55.6061
      vertex 131 -51.1221 55.6061
    endloop
  endfacet
  facet normal -0.570631 0.441705 0.692298
    outer loop
      vertex 103.723 -28.6318 29.2001
      vertex 125 -47.0263 58.474
      vertex 103.864 -28.3683 29.1482
    endloop
  endfacet
  facet normal -0.571221 0.440982 0.692273
    outer loop
      vertex 125 -47.0263 58.474
      vertex 103.723 -28.6318 29.2001
      vertex 125 -48.6401 59.502
    endloop
  endfacet
  facet normal 0 -0.642801 -0.766033
    outer loop
      vertex 127 -27.1135 11.6774
      vertex 127 -28.5053 12.8453
      vertex 123.165 -28.5053 12.8453
    endloop
  endfacet
  facet normal 0.103574 0.828368 0.550526
    outer loop
      vertex 143 -47.4359 58.1872
      vertex 151 -21.5425 17.7207
      vertex 127 -19.4947 19.1547
    endloop
  endfacet
  facet normal -0.778346 0.10876 0.618343
    outer loop
      vertex 125 -48.6401 59.502
      vertex 103.723 -28.6318 29.2001
      vertex 103.534 -30.0168 29.2058
    endloop
  endfacet
  facet normal 0 0.939693 0.342019
    outer loop
      vertex 127 -19.4947 19.1547
      vertex 127 -18.9482 17.6532
      vertex 124.133 -19.4947 19.1547
    endloop
  endfacet
  facet normal 0.100116 0.979857 -0.172792
    outer loop
      vertex 133.787 -19.656 13.9744
      vertex 151 -21.0114 16.2615
      vertex 151 -21.2811 14.7321
    endloop
  endfacet
  facet normal 0.100109 0.979868 -0.172735
    outer loop
      vertex 151 -21.0114 16.2615
      vertex 133.787 -19.656 13.9744
      vertex 129.252 -18.7547 16.4589
    endloop
  endfacet
  facet normal 0 0.819153 0.573575
    outer loop
      vertex 127 -19.4947 19.1547
      vertex 125 -47.0263 58.474
      vertex 131 -47.0263 58.474
    endloop
  endfacet
  facet normal 1.77162e-06 0.819153 0.573576
    outer loop
      vertex 125 -47.0263 58.474
      vertex 127 -19.4947 19.1547
      vertex 114.508 -22.9539 24.095
    endloop
  endfacet
  facet normal 0 0.819155 0.573573
    outer loop
      vertex 114.508 -22.9539 24.095
      vertex 127 -19.4947 19.1547
      vertex 124.133 -19.4947 19.1547
    endloop
  endfacet
  facet normal 0.10011 -0.172792 -0.979858
    outer loop
      vertex 151 -25.2679 13.2811
      vertex 134.387 -23.5877 11.2875
      vertex 151 -23.7385 13.0114
    endloop
  endfacet
  facet normal 0.10011 -0.172792 -0.979858
    outer loop
      vertex 134.387 -23.5877 11.2875
      vertex 151 -25.2679 13.2811
      vertex 129.179 -26.2285 11.2211
    endloop
  endfacet
  facet normal 0.100108 0.340266 -0.934985
    outer loop
      vertex 151 -23.7385 13.0114
      vertex 134.63 -23.4274 11.3719
      vertex 135.324 -21.8488 12.0207
    endloop
  endfacet
  facet normal 0.100104 0.340491 -0.934904
    outer loop
      vertex 134.63 -23.4274 11.3719
      vertex 151 -23.7385 13.0114
      vertex 134.387 -23.5877 11.2875
    endloop
  endfacet
  facet normal -0.443975 0.575945 0.686421
    outer loop
      vertex 125 -47.0263 58.474
      vertex 104.409 -27.683 28.9257
      vertex 103.864 -28.3683 29.1482
    endloop
  endfacet
  facet normal -0.0933176 0.801973 0.590027
    outer loop
      vertex 125 -47.0263 58.474
      vertex 106.758 -26.6173 27.8487
      vertex 104.409 -27.683 28.9257
    endloop
  endfacet
  facet normal -0.0933095 0.801976 0.590024
    outer loop
      vertex 125 -47.0263 58.474
      vertex 110.25 -25.0321 26.2463
      vertex 106.758 -26.6173 27.8487
    endloop
  endfacet
  facet normal -0.0933158 0.801974 0.590026
    outer loop
      vertex 110.25 -25.0321 26.2463
      vertex 125 -47.0263 58.474
      vertex 114.508 -22.9539 24.095
    endloop
  endfacet
  facet normal 0.873511 0.312913 0.372913
    outer loop
      vertex 151 -22.7321 18.7189
      vertex 151 -21.5425 17.7207
      vertex 143 -47.4359 58.1872
    endloop
  endfacet
  facet normal 0.103059 -0.867852 -0.486015
    outer loop
      vertex 143 -50.7125 55.8929
      vertex 139.103 -41.3888 38.4177
      vertex 140.51 -41.7408 39.3446
    endloop
  endfacet
  facet normal 0.102898 -0.867883 -0.485996
    outer loop
      vertex 143 -50.7125 55.8929
      vertex 138.745 -41.0443 37.7267
      vertex 139.103 -41.3888 38.4177
    endloop
  endfacet
  facet normal 0.103011 -0.867839 -0.486049
    outer loop
      vertex 138.745 -41.0443 37.7267
      vertex 151 -26.4575 14.2793
      vertex 139.964 -40.8781 37.6883
    endloop
  endfacet
  facet normal 0.103089 -0.867849 -0.486015
    outer loop
      vertex 138.745 -41.0443 37.7267
      vertex 127 -28.5053 12.8453
      vertex 151 -26.4575 14.2793
    endloop
  endfacet
  facet normal 0.103118 -0.86784 -0.486025
    outer loop
      vertex 127 -28.5053 12.8453
      vertex 138.745 -41.0443 37.7267
      vertex 143 -50.7125 55.8929
    endloop
  endfacet
  facet normal 0.101715 -0.868061 -0.485926
    outer loop
      vertex 140.543 -41.6987 39.2763
      vertex 143 -50.7125 55.8929
      vertex 140.51 -41.7408 39.3446
    endloop
  endfacet
  facet normal 0.103108 -0.867846 -0.486016
    outer loop
      vertex 141.021 -41.0769 38.2674
      vertex 143 -50.7125 55.8929
      vertex 140.543 -41.6987 39.2763
    endloop
  endfacet
  facet normal 0.103478 -0.867795 -0.486029
    outer loop
      vertex 141.134 -40.9294 38.0281
      vertex 143 -50.7125 55.8929
      vertex 141.021 -41.0769 38.2674
    endloop
  endfacet
  facet normal 0.103897 -0.867738 -0.486042
    outer loop
      vertex 141.16 -40.8952 37.9726
      vertex 143 -50.7125 55.8929
      vertex 141.134 -40.9294 38.0281
    endloop
  endfacet
  facet normal 0.103084 -0.867848 -0.486018
    outer loop
      vertex 141.16 -40.8952 37.9726
      vertex 151 -26.4575 14.2793
      vertex 143 -50.7125 55.8929
    endloop
  endfacet
  facet normal 0.10312 -0.867851 -0.486005
    outer loop
      vertex 151 -26.4575 14.2793
      vertex 141.16 -40.8952 37.9726
      vertex 139.964 -40.8781 37.6883
    endloop
  endfacet
  facet normal -0.27707 -0.902886 -0.328678
    outer loop
      vertex 103.772 -33.044 23.84
      vertex 125 -51.1221 55.6061
      vertex 103.152 -33.0687 24.4305
    endloop
  endfacet
  facet normal 0.0416325 0.820428 0.570233
    outer loop
      vertex 131 -47.0263 58.474
      vertex 143 -47.4359 58.1872
      vertex 127 -19.4947 19.1547
    endloop
  endfacet
  facet normal 0.100114 0.340299 -0.934973
    outer loop
      vertex 151 -23.7385 13.0114
      vertex 135.541 -21.3556 12.2234
      vertex 151 -22.2793 13.5425
    endloop
  endfacet
  facet normal 0.100104 0.34023 -0.934999
    outer loop
      vertex 135.541 -21.3556 12.2234
      vertex 151 -23.7385 13.0114
      vertex 135.324 -21.8488 12.0207
    endloop
  endfacet
  facet normal -0.73556 -0.667172 0.117614
    outer loop
      vertex 103.013 -33.0425 24.6329
      vertex 102.945 -32.748 25.8782
      vertex 102.816 -32.6288 25.7476
    endloop
  endfacet
  facet normal -0.736205 -0.666494 0.117418
    outer loop
      vertex 103.013 -33.0425 24.6329
      vertex 103.39 -33.1127 26.5982
      vertex 102.945 -32.748 25.8782
    endloop
  endfacet
  facet normal -0.724342 -0.679838 0.114666
    outer loop
      vertex 103.013 -33.0425 24.6329
      vertex 103.462 -33.1433 26.8716
      vertex 103.39 -33.1127 26.5982
    endloop
  endfacet
  facet normal -0.736261 -0.66639 0.117662
    outer loop
      vertex 103.462 -33.1433 26.8716
      vertex 103.013 -33.0425 24.6329
      vertex 125 -51.5362 57.4741
    endloop
  endfacet
  facet normal -0.82911 -0.471807 0.299958
    outer loop
      vertex 125 -51.5362 57.4741
      vertex 103.655 -33.2087 27.3022
      vertex 103.462 -33.1433 26.8716
    endloop
  endfacet
  facet normal -0.829223 -0.471401 0.300285
    outer loop
      vertex 103.655 -33.2087 27.3022
      vertex 125 -51.5362 57.4741
      vertex 125 -50.5082 59.0879
    endloop
  endfacet
  facet normal -0.828857 -0.47262 0.299376
    outer loop
      vertex 103.721 -33.1182 27.6278
      vertex 103.655 -33.2087 27.3022
      vertex 125 -50.5082 59.0879
    endloop
  endfacet
  facet normal 0.0384683 -0.216256 0.975579
    outer loop
      vertex 143 -50.2214 58.6783
      vertex 131 -48.6401 59.502
      vertex 131 -50.5082 59.0879
    endloop
  endfacet
  facet normal 0.0384656 -0.842784 0.536875
    outer loop
      vertex 143 -51.0438 57.3873
      vertex 143 -50.2214 58.6783
      vertex 131 -51.5362 57.4741
    endloop
  endfacet
  facet normal 0.730589 -0.641639 -0.233535
    outer loop
      vertex 151 -26.4575 14.2793
      vertex 151 -26.9886 15.7385
      vertex 143 -50.7125 55.8929
    endloop
  endfacet
  facet normal -0 0.537261 0.843416
    outer loop
      vertex 125 -47.0263 58.474
      vertex 131 -48.6401 59.502
      vertex 131 -47.0263 58.474
    endloop
  endfacet
  facet normal 0 0.537261 0.843416
    outer loop
      vertex 131 -48.6401 59.502
      vertex 125 -47.0263 58.474
      vertex 125 -48.6401 59.502
    endloop
  endfacet
  facet normal 0.0384677 0.536863 0.842792
    outer loop
      vertex 143 -47.4359 58.1872
      vertex 131 -47.0263 58.474
      vertex 131 -48.6401 59.502
    endloop
  endfacet
  facet normal -0.842545 -0.115195 0.526164
    outer loop
      vertex 103.569 -30.4861 29.1591
      vertex 125 -48.6401 59.502
      vertex 103.534 -30.0168 29.2058
    endloop
  endfacet
  facet normal -0.842758 -0.116495 0.525536
    outer loop
      vertex 125 -48.6401 59.502
      vertex 103.569 -30.4861 29.1591
      vertex 125 -50.5082 59.0879
    endloop
  endfacet
  facet normal 0.0384684 -0.975576 -0.216267
    outer loop
      vertex 131 -51.1221 55.6061
      vertex 143 -50.7125 55.8929
      vertex 131 -51.5362 57.4741
    endloop
  endfacet
  facet normal 0.0413292 -0.881611 -0.470163
    outer loop
      vertex 143 -50.7125 55.8929
      vertex 131 -51.1221 55.6061
      vertex 127 -28.5053 12.8453
    endloop
  endfacet
  facet normal 0.100111 0.762157 -0.639605
    outer loop
      vertex 151 -21.2811 14.7321
      vertex 135.12 -20.473 13.2095
      vertex 133.787 -19.656 13.9744
    endloop
  endfacet
  facet normal 0.100105 0.762246 -0.6395
    outer loop
      vertex 135.12 -20.473 13.2095
      vertex 151 -21.2811 14.7321
      vertex 135.37 -20.9973 12.6237
    endloop
  endfacet
  facet normal 0.0384666 -0.975574 -0.216279
    outer loop
      vertex 143 -50.7125 55.8929
      vertex 143 -51.0438 57.3873
      vertex 131 -51.5362 57.4741
    endloop
  endfacet
  facet normal -0.44572 -0.873956 -0.193739
    outer loop
      vertex 103.013 -33.0425 24.6329
      vertex 125 -51.1221 55.6061
      vertex 125 -51.5362 57.4741
    endloop
  endfacet
  facet normal -0.446194 -0.873808 -0.193316
    outer loop
      vertex 125 -51.1221 55.6061
      vertex 103.013 -33.0425 24.6329
      vertex 103.152 -33.0687 24.4305
    endloop
  endfacet
  facet normal 0.0384677 -0.842792 0.536863
    outer loop
      vertex 143 -50.2214 58.6783
      vertex 131 -50.5082 59.0879
      vertex 131 -51.5362 57.4741
    endloop
  endfacet
  facet normal 0.100112 -0.639561 -0.762194
    outer loop
      vertex 151 -25.2679 13.2811
      vertex 151 -26.4575 14.2793
      vertex 127 -28.5053 12.8453
    endloop
  endfacet
  facet normal 0.928574 0.199407 0.313029
    outer loop
      vertex 151 -22.7321 18.7189
      vertex 143 -47.4359 58.1872
      vertex 143 -48.7269 59.0096
    endloop
  endfacet
  facet normal 0 -0.216416 0.976301
    outer loop
      vertex 125 -48.6401 59.502
      vertex 131 -50.5082 59.0879
      vertex 131 -48.6401 59.502
    endloop
  endfacet
  facet normal 0 -0.216416 0.976301
    outer loop
      vertex 131 -50.5082 59.0879
      vertex 125 -48.6401 59.502
      vertex 125 -50.5082 59.0879
    endloop
  endfacet
  facet normal 2.62115e-06 -0.88397 -0.467544
    outer loop
      vertex 127 -28.5053 12.8453
      vertex 125 -51.1221 55.6061
      vertex 114.272 -30.9028 17.3781
    endloop
  endfacet
  facet normal -0 -0.883967 -0.46755
    outer loop
      vertex 127 -28.5053 12.8453
      vertex 114.272 -30.9028 17.3781
      vertex 123.165 -28.5053 12.8453
    endloop
  endfacet
  facet normal 0 -0.88397 -0.467544
    outer loop
      vertex 125 -51.1221 55.6061
      vertex 127 -28.5053 12.8453
      vertex 131 -51.1221 55.6061
    endloop
  endfacet
  facet normal -0.0923336 -0.890669 -0.445177
    outer loop
      vertex 110.25 -31.7601 19.9277
      vertex 125 -51.1221 55.6061
      vertex 103.772 -33.044 23.84
    endloop
  endfacet
  facet normal -0.092351 -0.890671 -0.445171
    outer loop
      vertex 125 -51.1221 55.6061
      vertex 110.25 -31.7601 19.9277
      vertex 114.272 -30.9028 17.3781
    endloop
  endfacet
  facet normal 0.10011 -0.639545 -0.762207
    outer loop
      vertex 127 -28.5053 12.8453
      vertex 129.179 -26.2285 11.2211
      vertex 151 -25.2679 13.2811
    endloop
  endfacet
  facet normal 0.100154 -0.639569 -0.762182
    outer loop
      vertex 129.179 -26.2285 11.2211
      vertex 127 -28.5053 12.8453
      vertex 127 -27.1135 11.6774
    endloop
  endfacet
  facet normal 0.982396 -0.157555 0.100367
    outer loop
      vertex 151 -26.7189 17.2679
      vertex 143 -50.2214 58.6783
      vertex 143 -51.0438 57.3873
    endloop
  endfacet
  facet normal 0.100115 0.762193 -0.639561
    outer loop
      vertex 135.541 -21.3556 12.2234
      vertex 151 -21.2811 14.7321
      vertex 151 -22.2793 13.5425
    endloop
  endfacet
  facet normal 0.100106 0.762243 -0.639504
    outer loop
      vertex 151 -21.2811 14.7321
      vertex 135.541 -21.3556 12.2234
      vertex 135.37 -20.9973 12.6237
    endloop
  endfacet
  facet normal 0.0384668 -0.216265 0.975577
    outer loop
      vertex 143 -50.2214 58.6783
      vertex 143 -48.7269 59.0096
      vertex 131 -48.6401 59.502
    endloop
  endfacet
  facet normal 0.0384656 0.536875 0.842784
    outer loop
      vertex 143 -48.7269 59.0096
      vertex 143 -47.4359 58.1872
      vertex 131 -48.6401 59.502
    endloop
  endfacet
  facet normal 0 -0.843416 0.537261
    outer loop
      vertex 125 -51.5362 57.4741
      vertex 131 -50.5082 59.0879
      vertex 125 -50.5082 59.0879
    endloop
  endfacet
  facet normal 0 -0.843416 0.537261
    outer loop
      vertex 131 -50.5082 59.0879
      vertex 125 -51.5362 57.4741
      vertex 131 -51.5362 57.4741
    endloop
  endfacet
  facet normal 0.100109 0.934973 0.340299
    outer loop
      vertex 151 -21.5425 17.7207
      vertex 151 -21.0114 16.2615
      vertex 127 -19.4947 19.1547
    endloop
  endfacet
  facet normal 0.968126 -0.246659 0.0434967
    outer loop
      vertex 151 -26.9886 15.7385
      vertex 151 -26.7189 17.2679
      vertex 143 -51.0438 57.3873
    endloop
  endfacet
  facet normal 1 0 0
    outer loop
      vertex 151 -21.5425 17.7207
      vertex 151 -21.2811 14.7321
      vertex 151 -21.0114 16.2615
    endloop
  endfacet
  facet normal 1 0 0
    outer loop
      vertex 151 -21.5425 17.7207
      vertex 151 -22.2793 13.5425
      vertex 151 -21.2811 14.7321
    endloop
  endfacet
  facet normal 1 0 0
    outer loop
      vertex 151 -22.7321 18.7189
      vertex 151 -22.2793 13.5425
      vertex 151 -21.5425 17.7207
    endloop
  endfacet
  facet normal 1 0 0
    outer loop
      vertex 151 -22.7321 18.7189
      vertex 151 -23.7385 13.0114
      vertex 151 -22.2793 13.5425
    endloop
  endfacet
  facet normal 1 0 0
    outer loop
      vertex 151 -24.2615 18.9886
      vertex 151 -23.7385 13.0114
      vertex 151 -22.7321 18.7189
    endloop
  endfacet
  facet normal 1 0 0
    outer loop
      vertex 151 -24.2615 18.9886
      vertex 151 -25.2679 13.2811
      vertex 151 -23.7385 13.0114
    endloop
  endfacet
  facet normal 1 -0 0
    outer loop
      vertex 151 -25.7207 18.4575
      vertex 151 -25.2679 13.2811
      vertex 151 -24.2615 18.9886
    endloop
  endfacet
  facet normal 1 0 0
    outer loop
      vertex 151 -25.7207 18.4575
      vertex 151 -26.4575 14.2793
      vertex 151 -25.2679 13.2811
    endloop
  endfacet
  facet normal 1 -0 0
    outer loop
      vertex 151 -26.7189 17.2679
      vertex 151 -26.4575 14.2793
      vertex 151 -25.7207 18.4575
    endloop
  endfacet
  facet normal 1 0 0
    outer loop
      vertex 151 -26.4575 14.2793
      vertex 151 -26.7189 17.2679
      vertex 151 -26.9886 15.7385
    endloop
  endfacet
  facet normal 0.875162 -0.472362 -0.10472
    outer loop
      vertex 143 -50.7125 55.8929
      vertex 151 -26.9886 15.7385
      vertex 143 -51.0438 57.3873
    endloop
  endfacet
  facet normal 0.100135 0.93497 0.3403
    outer loop
      vertex 127 -19.4947 19.1547
      vertex 129.252 -18.7547 16.4589
      vertex 127 -18.9482 17.6532
    endloop
  endfacet
  facet normal 0.100108 0.93498 0.34028
    outer loop
      vertex 129.252 -18.7547 16.4589
      vertex 127 -19.4947 19.1547
      vertex 151 -21.0114 16.2615
    endloop
  endfacet
  facet normal 0.984306 -0.135183 0.113433
    outer loop
      vertex 151 -26.7189 17.2679
      vertex 151 -25.7207 18.4575
      vertex 143 -50.2214 58.6783
    endloop
  endfacet
  facet normal 0.985321 -0.0583861 0.160416
    outer loop
      vertex 151 -25.7207 18.4575
      vertex 151 -24.2615 18.9886
      vertex 143 -50.2214 58.6783
    endloop
  endfacet
  facet normal 0.98413 -0.0384049 0.173245
    outer loop
      vertex 151 -24.2615 18.9886
      vertex 143 -48.7269 59.0096
      vertex 143 -50.2214 58.6783
    endloop
  endfacet
  facet normal 0.975084 0.038525 0.218465
    outer loop
      vertex 151 -24.2615 18.9886
      vertex 151 -22.7321 18.7189
      vertex 143 -48.7269 59.0096
    endloop
  endfacet
  facet normal -0.367393 -0.36164 0.856877
    outer loop
      vertex 105.435 -31.1683 26.2374
      vertex 141.381 -40.0392 37.9056
      vertex 141.424 -39.5083 38.1481
    endloop
  endfacet
  facet normal -0.367422 -0.361945 0.856736
    outer loop
      vertex 141.381 -40.0392 37.9056
      vertex 105.435 -31.1683 26.2374
      vertex 104.924 -31.5907 25.8398
    endloop
  endfacet
  facet normal -0.925931 0.218164 -0.308312
    outer loop
      vertex 140.342 -41.5132 40.0107
      vertex 140.3 -41.1037 40.4266
      vertex 140.464 -41.7389 39.4846
    endloop
  endfacet
  facet normal -0.208122 0.385933 0.898744
    outer loop
      vertex 141.259 -40.6108 37.8734
      vertex 139.964 -40.8781 37.6883
      vertex 141.16 -40.8952 37.9726
    endloop
  endfacet
  facet normal -0.208092 0.385725 0.89884
    outer loop
      vertex 104.218 -32.0269 25.6143
      vertex 139.964 -40.8781 37.6883
      vertex 141.259 -40.6108 37.8734
    endloop
  endfacet
  facet normal -0.208106 0.385688 0.898853
    outer loop
      vertex 139.964 -40.8781 37.6883
      vertex 104.218 -32.0269 25.6143
      vertex 103.425 -32.4105 25.5953
    endloop
  endfacet
  facet normal -0.92719 0.21462 -0.307014
    outer loop
      vertex 140.543 -41.6987 39.2763
      vertex 141.381 -40.0392 37.9056
      vertex 141.021 -41.0769 38.2674
    endloop
  endfacet
  facet normal -0.926719 0.211355 -0.310678
    outer loop
      vertex 141.381 -40.0392 37.9056
      vertex 140.543 -41.6987 39.2763
      vertex 140.464 -41.7389 39.4846
    endloop
  endfacet
  facet normal -0.927711 0.213052 -0.306532
    outer loop
      vertex 141.381 -39.0988 38.5641
      vertex 141.077 -38.8655 39.6463
      vertex 141.259 -38.8731 39.0902
    endloop
  endfacet
  facet normal -0.367398 -0.681517 0.632892
    outer loop
      vertex 105.674 -30.824 26.7465
      vertex 141.424 -39.5083 38.1481
      vertex 141.381 -39.0988 38.5641
    endloop
  endfacet
  facet normal -0.367423 -0.681223 0.633194
    outer loop
      vertex 141.424 -39.5083 38.1481
      vertex 105.674 -30.824 26.7465
      vertex 105.435 -31.1683 26.2374
    endloop
  endfacet
  facet normal 0.208026 -0.385899 -0.898781
    outer loop
      vertex 140.464 -40.0012 40.7013
      vertex 103.865 -30.9523 28.3451
      vertex 140.647 -39.4761 40.5182
    endloop
  endfacet
  facet normal 0.208141 -0.385583 -0.89889
    outer loop
      vertex 103.329 -31.3955 28.4111
      vertex 103.865 -30.9523 28.3451
      vertex 140.464 -40.0012 40.7013
    endloop
  endfacet
  facet normal 0.208401 -0.38587 -0.898706
    outer loop
      vertex 103.865 -30.9523 28.3451
      vertex 103.329 -31.3955 28.4111
      vertex 103.252 -31.2489 28.3303
    endloop
  endfacet
  facet normal -0.0730224 0.699773 0.710623
    outer loop
      vertex 103.425 -32.4105 25.5953
      vertex 138.745 -41.0443 37.7267
      vertex 139.964 -40.8781 37.6883
    endloop
  endfacet
  facet normal -0.073079 0.699673 0.710716
    outer loop
      vertex 103.425 -32.4105 25.5953
      vertex 102.945 -32.748 25.8782
      vertex 138.745 -41.0443 37.7267
    endloop
  endfacet
  facet normal -0.0730523 0.699653 0.710738
    outer loop
      vertex 102.945 -32.748 25.8782
      vertex 103.425 -32.4105 25.5953
      vertex 102.816 -32.6288 25.7476
    endloop
  endfacet
  facet normal -0.928477 0.218438 -0.300357
    outer loop
      vertex 141.134 -40.9294 38.0281
      vertex 141.259 -40.6108 37.8734
      vertex 141.16 -40.8952 37.9726
    endloop
  endfacet
  facet normal -0.927343 0.215175 -0.30616
    outer loop
      vertex 141.259 -40.6108 37.8734
      vertex 141.134 -40.9294 38.0281
      vertex 141.381 -40.0392 37.9056
    endloop
  endfacet
  facet normal -0.927188 0.214866 -0.306849
    outer loop
      vertex 141.381 -40.0392 37.9056
      vertex 140.3 -41.1037 40.4266
      vertex 141.381 -39.0988 38.5641
    endloop
  endfacet
  facet normal -0.311466 0.0129521 0.950169
    outer loop
      vertex 104.924 -31.5907 25.8398
      vertex 141.259 -40.6108 37.8734
      vertex 141.381 -40.0392 37.9056
    endloop
  endfacet
  facet normal -0.311473 0.0129232 0.950167
    outer loop
      vertex 141.259 -40.6108 37.8734
      vertex 104.924 -31.5907 25.8398
      vertex 104.218 -32.0269 25.6143
    endloop
  endfacet
  facet normal -0.927217 0.214837 -0.306778
    outer loop
      vertex 141.381 -39.0988 38.5641
      vertex 140.862 -39.0773 40.1478
      vertex 141.077 -38.8655 39.6463
    endloop
  endfacet
  facet normal -0.311453 -0.897326 0.312734
    outer loop
      vertex 105.604 -30.6103 27.2897
      vertex 141.381 -39.0988 38.5641
      vertex 141.259 -38.8731 39.0902
    endloop
  endfacet
  facet normal -0.311479 -0.897274 0.312857
    outer loop
      vertex 141.381 -39.0988 38.5641
      vertex 105.604 -30.6103 27.2897
      vertex 105.674 -30.824 26.7465
    endloop
  endfacet
  facet normal 0.0731191 -0.699593 -0.710791
    outer loop
      vertex 140.647 -39.4761 40.5182
      vertex 104.625 -30.6797 28.1548
      vertex 140.862 -39.0773 40.1478
    endloop
  endfacet
  facet normal 0.0730388 -0.699735 -0.710659
    outer loop
      vertex 104.625 -30.6797 28.1548
      vertex 140.647 -39.4761 40.5182
      vertex 103.865 -30.9523 28.3451
    endloop
  endfacet
  facet normal 0.367451 0.681003 -0.633416
    outer loop
      vertex 140.342 -41.5132 40.0107
      vertex 103.78 -32.6405 28.34
      vertex 140.3 -41.1037 40.4266
    endloop
  endfacet
  facet normal 0.367416 0.681414 -0.632993
    outer loop
      vertex 103.78 -32.6405 28.34
      vertex 140.342 -41.5132 40.0107
      vertex 103.805 -33.0459 27.9181
    endloop
  endfacet
  facet normal -0.927148 0.21535 -0.306627
    outer loop
      vertex 140.464 -41.7389 39.4846
      vertex 140.3 -41.1037 40.4266
      vertex 141.381 -40.0392 37.9056
    endloop
  endfacet
  facet normal -0.926505 0.215832 -0.308228
    outer loop
      vertex 141.424 -39.5083 38.1481
      vertex 141.381 -40.0392 37.9056
      vertex 141.381 -39.0988 38.5641
    endloop
  endfacet
  facet normal -0.0731076 -0.907188 -0.414325
    outer loop
      vertex 105.235 -30.5596 27.7842
      vertex 140.862 -39.0773 40.1478
      vertex 104.625 -30.6797 28.1548
    endloop
  endfacet
  facet normal -0.0730578 -0.907141 -0.414436
    outer loop
      vertex 140.862 -39.0773 40.1478
      vertex 105.235 -30.5596 27.7842
      vertex 141.077 -38.8655 39.6463
    endloop
  endfacet
  facet normal -0.927401 0.216944 -0.304735
    outer loop
      vertex 140.862 -39.0773 40.1478
      vertex 140.464 -40.0012 40.7013
      vertex 140.647 -39.4761 40.5182
    endloop
  endfacet
  facet normal 0.311436 -0.0131114 -0.950177
    outer loop
      vertex 103.554 -32.0474 28.4937
      vertex 140.464 -40.0012 40.7013
      vertex 140.342 -40.5728 40.6692
    endloop
  endfacet
  facet normal 0.311182 -0.0130015 -0.950261
    outer loop
      vertex 103.329 -31.3955 28.4111
      vertex 103.554 -32.0474 28.4937
      vertex 103.459 -31.88 28.4603
    endloop
  endfacet
  facet normal 0.31148 -0.0128863 -0.950165
    outer loop
      vertex 103.554 -32.0474 28.4937
      vertex 103.329 -31.3955 28.4111
      vertex 140.464 -40.0012 40.7013
    endloop
  endfacet
  facet normal -0.924351 0.226831 -0.306794
    outer loop
      vertex 140.51 -41.7408 39.3446
      vertex 140.464 -41.7389 39.4846
      vertex 140.543 -41.6987 39.2763
    endloop
  endfacet
  facet normal 0.20802 0.976572 0.0550961
    outer loop
      vertex 139.103 -41.3888 38.4177
      vertex 140.464 -41.7389 39.4846
      vertex 140.51 -41.7408 39.3446
    endloop
  endfacet
  facet normal 0.208117 0.976558 0.0549677
    outer loop
      vertex 139.103 -41.3888 38.4177
      vertex 103.655 -33.2087 27.3022
      vertex 140.464 -41.7389 39.4846
    endloop
  endfacet
  facet normal 0.208167 0.976556 0.0548084
    outer loop
      vertex 103.39 -33.1127 26.5982
      vertex 103.655 -33.2087 27.3022
      vertex 139.103 -41.3888 38.4177
    endloop
  endfacet
  facet normal 0.210963 0.976019 0.0536826
    outer loop
      vertex 103.655 -33.2087 27.3022
      vertex 103.39 -33.1127 26.5982
      vertex 103.462 -33.1433 26.8716
    endloop
  endfacet
  facet normal 0.311456 0.897326 -0.312733
    outer loop
      vertex 140.464 -41.7389 39.4846
      vertex 103.805 -33.0459 27.9181
      vertex 140.342 -41.5132 40.0107
    endloop
  endfacet
  facet normal 0.311519 0.897202 -0.313025
    outer loop
      vertex 103.655 -33.2087 27.3022
      vertex 103.805 -33.0459 27.9181
      vertex 140.464 -41.7389 39.4846
    endloop
  endfacet
  facet normal 0.300601 0.901451 -0.311489
    outer loop
      vertex 103.805 -33.0459 27.9181
      vertex 103.655 -33.2087 27.3022
      vertex 103.721 -33.1182 27.6278
    endloop
  endfacet
  facet normal -0.927055 0.215597 -0.306735
    outer loop
      vertex 141.381 -39.0988 38.5641
      vertex 140.464 -40.0012 40.7013
      vertex 140.862 -39.0773 40.1478
    endloop
  endfacet
  facet normal -0.927146 0.21447 -0.30725
    outer loop
      vertex 141.381 -39.0988 38.5641
      vertex 140.3 -41.1037 40.4266
      vertex 140.464 -40.0012 40.7013
    endloop
  endfacet
  facet normal -0.208059 -0.976561 -0.0551307
    outer loop
      vertex 105.604 -30.6103 27.2897
      vertex 141.077 -38.8655 39.6463
      vertex 105.235 -30.5596 27.7842
    endloop
  endfacet
  facet normal -0.208178 -0.976555 -0.0547861
    outer loop
      vertex 141.077 -38.8655 39.6463
      vertex 105.604 -30.6103 27.2897
      vertex 141.259 -38.8731 39.0902
    endloop
  endfacet
  facet normal -0.927592 0.215367 -0.305271
    outer loop
      vertex 141.134 -40.9294 38.0281
      vertex 141.021 -41.0769 38.2674
      vertex 141.381 -40.0392 37.9056
    endloop
  endfacet
  facet normal 0.073072 0.907154 0.414406
    outer loop
      vertex 138.745 -41.0443 37.7267
      vertex 103.39 -33.1127 26.5982
      vertex 139.103 -41.3888 38.4177
    endloop
  endfacet
  facet normal 0.0731019 0.907185 0.414333
    outer loop
      vertex 103.39 -33.1127 26.5982
      vertex 138.745 -41.0443 37.7267
      vertex 102.945 -32.748 25.8782
    endloop
  endfacet
  facet normal -0.92598 0.215065 -0.310334
    outer loop
      vertex 140.464 -40.0012 40.7013
      vertex 140.3 -41.1037 40.4266
      vertex 140.342 -40.5728 40.6692
    endloop
  endfacet
  facet normal 0.367454 0.362342 -0.856555
    outer loop
      vertex 103.78 -32.6405 28.34
      vertex 140.342 -40.5728 40.6692
      vertex 140.3 -41.1037 40.4266
    endloop
  endfacet
  facet normal 0.367433 0.362021 -0.8567
    outer loop
      vertex 140.342 -40.5728 40.6692
      vertex 103.78 -32.6405 28.34
      vertex 103.554 -32.0474 28.4937
    endloop
  endfacet
  facet normal -0.852659 0.17887 0.490895
    outer loop
      vertex 103.601 30.7209 29.1289
      vertex 125 50.5082 59.0879
      vertex 103.062 31.5365 27.8955
    endloop
  endfacet
  facet normal -0.852714 0.179319 0.490637
    outer loop
      vertex 125 50.5082 59.0879
      vertex 103.601 30.7209 29.1289
      vertex 103.569 30.4861 29.1591
    endloop
  endfacet
  facet normal -0.844461 0.410174 0.344446
    outer loop
      vertex 125 50.5082 59.0879
      vertex 102.818 32.3802 26.2926
      vertex 103.062 31.5365 27.8955
    endloop
  endfacet
  facet normal 0.0384679 -0.536875 0.842784
    outer loop
      vertex 143 48.7269 59.0096
      vertex 131 47.0263 58.474
      vertex 143 47.4359 58.1872
    endloop
  endfacet
  facet normal 0.103574 -0.828368 0.550526
    outer loop
      vertex 143 47.4359 58.1872
      vertex 127 19.4947 19.1547
      vertex 151 21.5425 17.7207
    endloop
  endfacet
  facet normal 0.100145 -0.935104 0.33993
    outer loop
      vertex 129.252 18.7547 16.4589
      vertex 151 21.5425 17.7207
      vertex 129.017 18.7749 16.5837
    endloop
  endfacet
  facet normal 0.100107 -0.934973 0.340299
    outer loop
      vertex 151 21.5425 17.7207
      vertex 129.252 18.7547 16.4589
      vertex 151 21.0114 16.2615
    endloop
  endfacet
  facet normal 0.100114 -0.340297 -0.934973
    outer loop
      vertex 135.541 21.3556 12.2234
      vertex 134.766 23.119 11.4986
      vertex 151 22.2793 13.5425
    endloop
  endfacet
  facet normal 0 -0.939693 0.342019
    outer loop
      vertex 127 19.4947 19.1547
      vertex 124.133 19.4947 19.1547
      vertex 127 18.9482 17.6532
    endloop
  endfacet
  facet normal 0.0384684 0.975576 -0.216267
    outer loop
      vertex 143 50.7125 55.8929
      vertex 131 51.1221 55.6061
      vertex 131 51.5362 57.4741
    endloop
  endfacet
  facet normal 0.984306 0.135183 0.113433
    outer loop
      vertex 151 26.7189 17.2679
      vertex 143 50.2214 58.6783
      vertex 151 25.7207 18.4575
    endloop
  endfacet
  facet normal 0.0416325 -0.820428 0.570233
    outer loop
      vertex 131 47.0263 58.474
      vertex 127 19.4947 19.1547
      vertex 143 47.4359 58.1872
    endloop
  endfacet
  facet normal 0.10011 -0.762205 -0.639548
    outer loop
      vertex 135.12 20.473 13.2095
      vertex 151 22.2793 13.5425
      vertex 134.379 20.0189 13.6347
    endloop
  endfacet
  facet normal 0.100113 -0.762245 -0.639499
    outer loop
      vertex 151 22.2793 13.5425
      vertex 135.12 20.473 13.2095
      vertex 135.541 21.3556 12.2234
    endloop
  endfacet
  facet normal -0.736125 0.666575 0.117466
    outer loop
      vertex 103.013 33.0425 24.6329
      vertex 102.787 32.5673 25.9132
      vertex 125 51.5362 57.4741
    endloop
  endfacet
  facet normal -0.829205 0.471455 0.300249
    outer loop
      vertex 102.818 32.3802 26.2926
      vertex 125 51.5362 57.4741
      vertex 102.787 32.5673 25.9132
    endloop
  endfacet
  facet normal -0.829218 0.471407 0.300289
    outer loop
      vertex 125 51.5362 57.4741
      vertex 102.818 32.3802 26.2926
      vertex 125 50.5082 59.0879
    endloop
  endfacet
  facet normal 0.98413 0.0384049 0.173245
    outer loop
      vertex 143 50.2214 58.6783
      vertex 143 48.7269 59.0096
      vertex 151 24.2615 18.9886
    endloop
  endfacet
  facet normal 0.100113 -0.340299 -0.934973
    outer loop
      vertex 134.766 23.119 11.4986
      vertex 151 23.7385 13.0114
      vertex 151 22.2793 13.5425
    endloop
  endfacet
  facet normal 0.100112 -0.34001 -0.935078
    outer loop
      vertex 134.63 23.4274 11.3719
      vertex 151 23.7385 13.0114
      vertex 134.766 23.119 11.4986
    endloop
  endfacet
  facet normal 0.100104 -0.340491 -0.934904
    outer loop
      vertex 151 23.7385 13.0114
      vertex 134.63 23.4274 11.3719
      vertex 134.387 23.5877 11.2875
    endloop
  endfacet
  facet normal 0.873511 -0.312913 0.372913
    outer loop
      vertex 151 22.7321 18.7189
      vertex 143 47.4359 58.1872
      vertex 151 21.5425 17.7207
    endloop
  endfacet
  facet normal -0 0.216416 0.976301
    outer loop
      vertex 125 50.5082 59.0879
      vertex 131 48.6401 59.502
      vertex 131 50.5082 59.0879
    endloop
  endfacet
  facet normal 0 0.216416 0.976301
    outer loop
      vertex 131 48.6401 59.502
      vertex 125 50.5082 59.0879
      vertex 125 48.6401 59.502
    endloop
  endfacet
  facet normal -0.0933176 -0.801973 0.590027
    outer loop
      vertex 106.758 26.6173 27.8487
      vertex 125 47.0263 58.474
      vertex 104.409 27.683 28.9257
    endloop
  endfacet
  facet normal -0.0933095 -0.801976 0.590024
    outer loop
      vertex 110.25 25.0321 26.2463
      vertex 125 47.0263 58.474
      vertex 106.758 26.6173 27.8487
    endloop
  endfacet
  facet normal -0.0933158 -0.801974 0.590026
    outer loop
      vertex 125 47.0263 58.474
      vertex 110.25 25.0321 26.2463
      vertex 114.508 22.9539 24.095
    endloop
  endfacet
  facet normal 0.928574 -0.199407 0.313029
    outer loop
      vertex 143 48.7269 59.0096
      vertex 143 47.4359 58.1872
      vertex 151 22.7321 18.7189
    endloop
  endfacet
  facet normal 0.0384683 0.216256 0.975579
    outer loop
      vertex 131 50.5082 59.0879
      vertex 131 48.6401 59.502
      vertex 143 50.2214 58.6783
    endloop
  endfacet
  facet normal 1.77162e-06 -0.819153 0.573576
    outer loop
      vertex 127 19.4947 19.1547
      vertex 125 47.0263 58.474
      vertex 114.508 22.9539 24.095
    endloop
  endfacet
  facet normal 0 -0.819155 0.573573
    outer loop
      vertex 127 19.4947 19.1547
      vertex 114.508 22.9539 24.095
      vertex 124.133 19.4947 19.1547
    endloop
  endfacet
  facet normal 0 -0.819153 0.573575
    outer loop
      vertex 125 47.0263 58.474
      vertex 127 19.4947 19.1547
      vertex 131 47.0263 58.474
    endloop
  endfacet
  facet normal 0.10011 -0.934972 0.340301
    outer loop
      vertex 129.017 18.7749 16.5837
      vertex 127 19.4947 19.1547
      vertex 127 18.9482 17.6532
    endloop
  endfacet
  facet normal 0.10011 -0.934972 0.340301
    outer loop
      vertex 127 19.4947 19.1547
      vertex 129.017 18.7749 16.5837
      vertex 151 21.5425 17.7207
    endloop
  endfacet
  facet normal 0 0.843416 0.537261
    outer loop
      vertex 131 51.5362 57.4741
      vertex 125 50.5082 59.0879
      vertex 131 50.5082 59.0879
    endloop
  endfacet
  facet normal 0 0.843416 0.537261
    outer loop
      vertex 125 50.5082 59.0879
      vertex 131 51.5362 57.4741
      vertex 125 51.5362 57.4741
    endloop
  endfacet
  facet normal 0.100108 -0.762094 -0.639681
    outer loop
      vertex 134.379 20.0189 13.6347
      vertex 151 21.2811 14.7321
      vertex 133.787 19.656 13.9744
    endloop
  endfacet
  facet normal 0.100108 -0.762194 -0.639561
    outer loop
      vertex 151 21.2811 14.7321
      vertex 134.379 20.0189 13.6347
      vertex 151 22.2793 13.5425
    endloop
  endfacet
  facet normal -0.443975 -0.575945 0.686421
    outer loop
      vertex 125 47.0263 58.474
      vertex 103.864 28.3683 29.1482
      vertex 104.409 27.683 28.9257
    endloop
  endfacet
  facet normal 0.10011 0.172774 -0.979861
    outer loop
      vertex 134.387 23.5877 11.2875
      vertex 129.527 26.0521 11.2255
      vertex 151 23.7385 13.0114
    endloop
  endfacet
  facet normal -0.0923336 0.890669 -0.445177
    outer loop
      vertex 125 51.1221 55.6061
      vertex 110.25 31.7601 19.9277
      vertex 103.772 33.044 23.84
    endloop
  endfacet
  facet normal -0.092351 0.890671 -0.445171
    outer loop
      vertex 110.25 31.7601 19.9277
      vertex 125 51.1221 55.6061
      vertex 114.272 30.9028 17.3781
    endloop
  endfacet
  facet normal 0.0413292 0.881611 -0.470163
    outer loop
      vertex 143 50.7125 55.8929
      vertex 127 28.5053 12.8453
      vertex 131 51.1221 55.6061
    endloop
  endfacet
  facet normal -0.571221 -0.440982 0.692273
    outer loop
      vertex 103.723 28.6318 29.2001
      vertex 125 47.0263 58.474
      vertex 125 48.6401 59.502
    endloop
  endfacet
  facet normal -0.570631 -0.441705 0.692298
    outer loop
      vertex 125 47.0263 58.474
      vertex 103.723 28.6318 29.2001
      vertex 103.864 28.3683 29.1482
    endloop
  endfacet
  facet normal 0 -0.537261 0.843416
    outer loop
      vertex 125 48.6401 59.502
      vertex 131 47.0263 58.474
      vertex 131 48.6401 59.502
    endloop
  endfacet
  facet normal 0 -0.537261 0.843416
    outer loop
      vertex 131 47.0263 58.474
      vertex 125 48.6401 59.502
      vertex 125 47.0263 58.474
    endloop
  endfacet
  facet normal 0.100138 0.63957 -0.762183
    outer loop
      vertex 127 28.5053 12.8453
      vertex 128.917 26.335 11.276
      vertex 127 27.1135 11.6774
    endloop
  endfacet
  facet normal 0.100111 0.639557 -0.762197
    outer loop
      vertex 128.917 26.335 11.276
      vertex 127 28.5053 12.8453
      vertex 151 26.4575 14.2793
    endloop
  endfacet
  facet normal 0.975084 -0.038525 0.218465
    outer loop
      vertex 151 24.2615 18.9886
      vertex 143 48.7269 59.0096
      vertex 151 22.7321 18.7189
    endloop
  endfacet
  facet normal 0.985321 0.0583861 0.160416
    outer loop
      vertex 151 25.7207 18.4575
      vertex 143 50.2214 58.6783
      vertex 151 24.2615 18.9886
    endloop
  endfacet
  facet normal 0.100108 -0.979865 -0.172753
    outer loop
      vertex 151 21.0114 16.2615
      vertex 129.252 18.7547 16.4589
      vertex 133.127 19.5249 14.3358
    endloop
  endfacet
  facet normal 0 0.642801 -0.766033
    outer loop
      vertex 127 27.1135 11.6774
      vertex 123.165 28.5053 12.8453
      vertex 127 28.5053 12.8453
    endloop
  endfacet
  facet normal 0.0384677 0.842792 0.536863
    outer loop
      vertex 131 51.5362 57.4741
      vertex 131 50.5082 59.0879
      vertex 143 50.2214 58.6783
    endloop
  endfacet
  facet normal -0.27707 0.902886 -0.328678
    outer loop
      vertex 103.772 33.044 23.84
      vertex 103.152 33.0687 24.4305
      vertex 125 51.1221 55.6061
    endloop
  endfacet
  facet normal -0.44572 0.873956 -0.193739
    outer loop
      vertex 125 51.1221 55.6061
      vertex 103.013 33.0425 24.6329
      vertex 125 51.5362 57.4741
    endloop
  endfacet
  facet normal -0.446194 0.873808 -0.193316
    outer loop
      vertex 103.013 33.0425 24.6329
      vertex 125 51.1221 55.6061
      vertex 103.152 33.0687 24.4305
    endloop
  endfacet
  facet normal 0.0384668 0.216265 0.975577
    outer loop
      vertex 143 50.2214 58.6783
      vertex 131 48.6401 59.502
      vertex 143 48.7269 59.0096
    endloop
  endfacet
  facet normal 0.0384659 -0.536863 0.842792
    outer loop
      vertex 131 48.6401 59.502
      vertex 131 47.0263 58.474
      vertex 143 48.7269 59.0096
    endloop
  endfacet
  facet normal -0.842758 0.116495 0.525536
    outer loop
      vertex 103.569 30.4861 29.1591
      vertex 125 48.6401 59.502
      vertex 125 50.5082 59.0879
    endloop
  endfacet
  facet normal -0.842545 0.115195 0.526164
    outer loop
      vertex 125 48.6401 59.502
      vertex 103.569 30.4861 29.1591
      vertex 103.534 30.0168 29.2058
    endloop
  endfacet
  facet normal -0.778346 -0.10876 0.618343
    outer loop
      vertex 125 48.6401 59.502
      vertex 103.534 30.0168 29.2058
      vertex 103.723 28.6318 29.2001
    endloop
  endfacet
  facet normal 0.100112 0.172792 -0.979857
    outer loop
      vertex 129.527 26.0521 11.2255
      vertex 151 25.2679 13.2811
      vertex 151 23.7385 13.0114
    endloop
  endfacet
  facet normal 0.100117 0.17307 -0.979808
    outer loop
      vertex 151 25.2679 13.2811
      vertex 129.527 26.0521 11.2255
      vertex 129.179 26.2285 11.2211
    endloop
  endfacet
  facet normal 0.100099 -0.979883 -0.172654
    outer loop
      vertex 133.787 19.656 13.9744
      vertex 151 21.0114 16.2615
      vertex 133.127 19.5249 14.3358
    endloop
  endfacet
  facet normal 0.100116 -0.979857 -0.172792
    outer loop
      vertex 151 21.0114 16.2615
      vertex 133.787 19.656 13.9744
      vertex 151 21.2811 14.7321
    endloop
  endfacet
  facet normal 0.103089 0.867848 -0.486018
    outer loop
      vertex 151 26.4575 14.2793
      vertex 127 28.5053 12.8453
      vertex 143 50.7125 55.8929
    endloop
  endfacet
  facet normal 0.0384666 0.975574 -0.216279
    outer loop
      vertex 143 50.7125 55.8929
      vertex 131 51.5362 57.4741
      vertex 143 51.0438 57.3873
    endloop
  endfacet
  facet normal 0.0384656 0.842784 0.536875
    outer loop
      vertex 143 51.0438 57.3873
      vertex 131 51.5362 57.4741
      vertex 143 50.2214 58.6783
    endloop
  endfacet
  facet normal 0.982396 0.157555 0.100367
    outer loop
      vertex 143 51.0438 57.3873
      vertex 143 50.2214 58.6783
      vertex 151 26.7189 17.2679
    endloop
  endfacet
  facet normal 0.730589 0.641639 -0.233535
    outer loop
      vertex 151 26.4575 14.2793
      vertex 143 50.7125 55.8929
      vertex 151 26.9886 15.7385
    endloop
  endfacet
  facet normal 0 0.88397 -0.467544
    outer loop
      vertex 127 28.5053 12.8453
      vertex 125 51.1221 55.6061
      vertex 131 51.1221 55.6061
    endloop
  endfacet
  facet normal 2.62115e-06 0.88397 -0.467544
    outer loop
      vertex 125 51.1221 55.6061
      vertex 127 28.5053 12.8453
      vertex 114.272 30.9028 17.3781
    endloop
  endfacet
  facet normal 0 0.883967 -0.46755
    outer loop
      vertex 114.272 30.9028 17.3781
      vertex 127 28.5053 12.8453
      vertex 123.165 28.5053 12.8453
    endloop
  endfacet
  facet normal 0 0.976299 -0.216427
    outer loop
      vertex 131 51.1221 55.6061
      vertex 125 51.5362 57.4741
      vertex 131 51.5362 57.4741
    endloop
  endfacet
  facet normal 0 0.976299 -0.216427
    outer loop
      vertex 125 51.5362 57.4741
      vertex 131 51.1221 55.6061
      vertex 125 51.1221 55.6061
    endloop
  endfacet
  facet normal 1 0 0
    outer loop
      vertex 151 26.7189 17.2679
      vertex 151 26.4575 14.2793
      vertex 151 26.9886 15.7385
    endloop
  endfacet
  facet normal 1 0 0
    outer loop
      vertex 151 25.7207 18.4575
      vertex 151 26.4575 14.2793
      vertex 151 26.7189 17.2679
    endloop
  endfacet
  facet normal 1 0 0
    outer loop
      vertex 151 25.7207 18.4575
      vertex 151 25.2679 13.2811
      vertex 151 26.4575 14.2793
    endloop
  endfacet
  facet normal 1 0 0
    outer loop
      vertex 151 24.2615 18.9886
      vertex 151 25.2679 13.2811
      vertex 151 25.7207 18.4575
    endloop
  endfacet
  facet normal 1 0 0
    outer loop
      vertex 151 24.2615 18.9886
      vertex 151 23.7385 13.0114
      vertex 151 25.2679 13.2811
    endloop
  endfacet
  facet normal 1 -0 0
    outer loop
      vertex 151 22.7321 18.7189
      vertex 151 23.7385 13.0114
      vertex 151 24.2615 18.9886
    endloop
  endfacet
  facet normal 1 0 0
    outer loop
      vertex 151 22.7321 18.7189
      vertex 151 22.2793 13.5425
      vertex 151 23.7385 13.0114
    endloop
  endfacet
  facet normal 1 -0 0
    outer loop
      vertex 151 21.5425 17.7207
      vertex 151 22.2793 13.5425
      vertex 151 22.7321 18.7189
    endloop
  endfacet
  facet normal 1 0 0
    outer loop
      vertex 151 21.5425 17.7207
      vertex 151 21.2811 14.7321
      vertex 151 22.2793 13.5425
    endloop
  endfacet
  facet normal 1 0 -0
    outer loop
      vertex 151 21.2811 14.7321
      vertex 151 21.5425 17.7207
      vertex 151 21.0114 16.2615
    endloop
  endfacet
  facet normal 0.100109 0.639561 -0.762194
    outer loop
      vertex 129.179 26.2285 11.2211
      vertex 151 26.4575 14.2793
      vertex 151 25.2679 13.2811
    endloop
  endfacet
  facet normal 0.100137 0.639343 -0.762373
    outer loop
      vertex 151 26.4575 14.2793
      vertex 129.179 26.2285 11.2211
      vertex 128.917 26.335 11.276
    endloop
  endfacet
  facet normal 0.875162 0.472362 -0.10472
    outer loop
      vertex 151 26.9886 15.7385
      vertex 143 50.7125 55.8929
      vertex 143 51.0438 57.3873
    endloop
  endfacet
  facet normal 0.968126 0.246659 0.0434967
    outer loop
      vertex 151 26.9886 15.7385
      vertex 143 51.0438 57.3873
      vertex 151 26.7189 17.2679
    endloop
  endfacet
  facet normal 0.162878 -0.135731 0.977265
    outer loop
      vertex 26 -74.25 13
      vertex 36.3172 -43.2983 15.5793
      vertex -4.39278 -43.8572 22.2867
    endloop
  endfacet
  facet normal 0 1 0
    outer loop
      vertex -118 -37.75 6
      vertex -89.4308 -37.75 18.1162
      vertex -86.1944 -37.75 7.55556
    endloop
  endfacet
  facet normal 0 1 0
    outer loop
      vertex -118 -37.75 6
      vertex -86.1944 -37.75 7.55556
      vertex -85.0063 -37.75 6
    endloop
  endfacet
  facet normal 0 1 0
    outer loop
      vertex -89.4308 -37.75 18.1162
      vertex -118 -37.75 6
      vertex -118 -37.75 16
    endloop
  endfacet
  facet normal -0.115984 -0.354396 0.927874
    outer loop
      vertex -32 -74.25 13
      vertex 0 -74.25 17
      vertex -118 -38.25 16
    endloop
  endfacet
  facet normal -0.0722308 -0.209668 0.975101
    outer loop
      vertex -68.25 -43.5455 18.5465
      vertex 0 -74.25 17
      vertex -8.42825 -43.9083 22.8998
    endloop
  endfacet
  facet normal -0.0722292 -0.20967 0.975101
    outer loop
      vertex -118 -38.25 16
      vertex -68.25 -43.5455 18.5465
      vertex -87.6329 -38.25 18.2494
    endloop
  endfacet
  facet normal -0.0722285 -0.209663 0.975102
    outer loop
      vertex -68.25 -43.5455 18.5465
      vertex -118 -38.25 16
      vertex 0 -74.25 17
    endloop
  endfacet
  facet normal 0.150376 -0.148288 0.977444
    outer loop
      vertex -4.39278 -43.8572 22.2867
      vertex 0 -74.25 17
      vertex 26 -74.25 13
    endloop
  endfacet
  facet normal 0.150379 -0.148288 0.977444
    outer loop
      vertex 0 -74.25 17
      vertex -4.39278 -43.8572 22.2867
      vertex -8.42825 -43.9083 22.8998
    endloop
  endfacet
  facet normal -0.0738704 0 0.997268
    outer loop
      vertex -118 -38.25 16
      vertex -89.4308 -37.75 18.1162
      vertex -118 -37.75 16
    endloop
  endfacet
  facet normal -0.0738712 4.60725e-05 0.997268
    outer loop
      vertex -89.4308 -37.75 18.1162
      vertex -118 -38.25 16
      vertex -87.6329 -38.25 18.2494
    endloop
  endfacet
  facet normal 0.948683 -0.316227 6.48432e-06
    outer loop
      vertex 26 -74.25 13
      vertex 36.5899 -42.4804 5.76498
      vertex 36.3172 -43.2983 15.5793
    endloop
  endfacet
  facet normal 0.948683 -0.316229 0
    outer loop
      vertex 36.5899 -42.4804 5.76498
      vertex 26 -74.25 13
      vertex 26 -74.25 4
    endloop
  endfacet
  facet normal 0.164399 0 -0.986394
    outer loop
      vertex 26 -73.75 4
      vertex 36.5899 -42.4804 5.76498
      vertex 26 -74.25 4
    endloop
  endfacet
  facet normal 0.164399 -1.04658e-07 -0.986394
    outer loop
      vertex 36.5899 -42.4804 5.76498
      vertex 26 -73.75 4
      vertex 36.424 -42.4781 5.73733
    endloop
  endfacet
  facet normal -1 0 0
    outer loop
      vertex -118 -38.25 6
      vertex -118 -37.75 16
      vertex -118 -37.75 6
    endloop
  endfacet
  facet normal -1 -0 0
    outer loop
      vertex -118 -37.75 16
      vertex -118 -38.25 6
      vertex -118 -38.25 16
    endloop
  endfacet
  facet normal 0 0.0554701 -0.99846
    outer loop
      vertex -32 -73.75 4
      vertex 36.424 -42.4781 5.73733
      vertex 26 -73.75 4
    endloop
  endfacet
  facet normal 0 0.0554701 -0.99846
    outer loop
      vertex -32 -73.75 4
      vertex -68.25 -42.4781 5.73733
      vertex 36.424 -42.4781 5.73733
    endloop
  endfacet
  facet normal 4.85611e-07 0.0554707 -0.99846
    outer loop
      vertex -32 -73.75 4
      vertex -82.3808 -38.6532 5.94982
      vertex -68.25 -42.4781 5.73733
    endloop
  endfacet
  facet normal -6.6309e-08 0.0554699 -0.99846
    outer loop
      vertex -118 -37.75 6
      vertex -82.3808 -38.6532 5.94982
      vertex -32 -73.75 4
    endloop
  endfacet
  facet normal 0 0.0554725 -0.99846
    outer loop
      vertex -82.3808 -38.6532 5.94982
      vertex -118 -37.75 6
      vertex -85.0063 -37.75 6
    endloop
  endfacet
  facet normal -0.0232495 0 -0.99973
    outer loop
      vertex -118 -38.25 6
      vertex -32 -73.75 4
      vertex -32 -74.25 4
    endloop
  endfacet
  facet normal -0.0232495 0 -0.99973
    outer loop
      vertex -32 -73.75 4
      vertex -118 -38.25 6
      vertex -118 -37.75 6
    endloop
  endfacet
  facet normal -0.386138 -0.922441 0
    outer loop
      vertex -118 -38.25 6
      vertex -32 -74.25 13
      vertex -118 -38.25 16
    endloop
  endfacet
  facet normal -0.386138 -0.922441 -0
    outer loop
      vertex -32 -74.25 13
      vertex -118 -38.25 6
      vertex -32 -74.25 4
    endloop
  endfacet
  facet normal 0.149117 -0.195715 0.969257
    outer loop
      vertex 24 -130.25 2
      vertex 26 -74.25 13
      vertex 0 -74.25 17
    endloop
  endfacet
  facet normal -0.121322 -0.207981 0.97058
    outer loop
      vertex -24 -130.25 2
      vertex 0 -74.25 17
      vertex -32 -74.25 13
    endloop
  endfacet
  facet normal 0 0.175791 -0.984428
    outer loop
      vertex -24 -129.75 -6
      vertex 26 -73.75 4
      vertex 24 -129.75 -6
    endloop
  endfacet
  facet normal 0 0.175791 -0.984428
    outer loop
      vertex 26 -73.75 4
      vertex -24 -129.75 -6
      vertex -32 -73.75 4
    endloop
  endfacet
  facet normal 0 0 1
    outer loop
      vertex 27 -122 -6
      vertex 24 -129.75 -6
      vertex 27 -130 -6
    endloop
  endfacet
  facet normal 0 0 1
    outer loop
      vertex 27 -122 -6
      vertex -24 -129.75 -6
      vertex 24 -129.75 -6
    endloop
  endfacet
  facet normal -0 0 1
    outer loop
      vertex -27 -122 -6
      vertex -24 -129.75 -6
      vertex 27 -122 -6
    endloop
  endfacet
  facet normal 0 0 1
    outer loop
      vertex -27 -130 -6
      vertex -24 -129.75 -6
      vertex -27 -122 -6
    endloop
  endfacet
  facet normal 0 0 1
    outer loop
      vertex -24 -129.75 -6
      vertex -27 -130 -6
      vertex -24 -130 -6
    endloop
  endfacet
  facet normal 0 0 1
    outer loop
      vertex 27 -130 -6
      vertex 24 -129.75 -6
      vertex 24 -130 -6
    endloop
  endfacet
  facet normal 0 0 -1
    outer loop
      vertex -24 -130.25 -6
      vertex 24 -130 -6
      vertex 24 -130.25 -6
    endloop
  endfacet
  facet normal -0 0 -1
    outer loop
      vertex 24 -130 -6
      vertex -24 -130.25 -6
      vertex -24 -130 -6
    endloop
  endfacet
  facet normal 0.980581 0 -0.196116
    outer loop
      vertex 26 -74.25 4
      vertex 24 -129.75 -6
      vertex 26 -73.75 4
    endloop
  endfacet
  facet normal 0.980581 0 -0.196116
    outer loop
      vertex 26 -74.25 4
      vertex 24 -130 -6
      vertex 24 -129.75 -6
    endloop
  endfacet
  facet normal 0.980581 0 -0.196116
    outer loop
      vertex 24 -130 -6
      vertex 26 -74.25 4
      vertex 24 -130.25 -6
    endloop
  endfacet
  facet normal -0.989949 -0.141421 -0
    outer loop
      vertex -24 -130.25 2
      vertex -32 -74.25 4
      vertex -24 -130.25 -6
    endloop
  endfacet
  facet normal -0.989949 -0.141421 0
    outer loop
      vertex -32 -74.25 4
      vertex -24 -130.25 2
      vertex -32 -74.25 13
    endloop
  endfacet
  facet normal -0.0809086 -0.225388 0.970904
    outer loop
      vertex 0 -130.25 4
      vertex 0 -74.25 17
      vertex -24 -130.25 2
    endloop
  endfacet
  facet normal 0.0809086 -0.225388 0.970904
    outer loop
      vertex 24 -130.25 2
      vertex 0 -74.25 17
      vertex 0 -130.25 4
    endloop
  endfacet
  facet normal 0 -1 0
    outer loop
      vertex -24 -130.25 -6
      vertex 0 -130.25 4
      vertex -24 -130.25 2
    endloop
  endfacet
  facet normal 0 -1 0
    outer loop
      vertex 24 -130.25 -6
      vertex 0 -130.25 4
      vertex -24 -130.25 -6
    endloop
  endfacet
  facet normal 0 -1 0
    outer loop
      vertex 0 -130.25 4
      vertex 24 -130.25 -6
      vertex 24 -130.25 2
    endloop
  endfacet
  facet normal 0.999363 -0.0356915 0
    outer loop
      vertex 24 -130.25 2
      vertex 26 -74.25 4
      vertex 26 -74.25 13
    endloop
  endfacet
  facet normal 0.999363 -0.0356915 0
    outer loop
      vertex 26 -74.25 4
      vertex 24 -130.25 2
      vertex 24 -130.25 -6
    endloop
  endfacet
  facet normal -0.780869 0 -0.624695
    outer loop
      vertex -24 -129.75 -6
      vertex -32 -74.25 4
      vertex -32 -73.75 4
    endloop
  endfacet
  facet normal -0.780869 0 -0.624695
    outer loop
      vertex -24 -130 -6
      vertex -32 -74.25 4
      vertex -24 -129.75 -6
    endloop
  endfacet
  facet normal -0.780869 0 -0.624695
    outer loop
      vertex -32 -74.25 4
      vertex -24 -130 -6
      vertex -24 -130.25 -6
    endloop
  endfacet
  facet normal 1 -0 0
    outer loop
      vertex 27 -130 -6
      vertex 27 -122 -16
      vertex 27 -122 -6
    endloop
  endfacet
  facet normal 1 0 0
    outer loop
      vertex 27 -122 -16
      vertex 27 -130 -6
      vertex 27 -122 -20
    endloop
  endfacet
  facet normal 1 0 0
    outer loop
      vertex 27 -130 -32
      vertex 27 -122 -20
      vertex 27 -130 -6
    endloop
  endfacet
  facet normal 1 0 0
    outer loop
      vertex 27 -122 -20
      vertex 27 -130 -32
      vertex 27 -122 -32
    endloop
  endfacet
  facet normal 0 0 -1
    outer loop
      vertex -27 -130 -32
      vertex 27 -122 -32
      vertex 27 -130 -32
    endloop
  endfacet
  facet normal -0 0 -1
    outer loop
      vertex 27 -122 -32
      vertex -27 -130 -32
      vertex -27 -122 -32
    endloop
  endfacet
  facet normal -1 0 0
    outer loop
      vertex -27 -130 -32
      vertex -27 -122 -20
      vertex -27 -122 -32
    endloop
  endfacet
  facet normal -1 0 0
    outer loop
      vertex -27 -130 -6
      vertex -27 -122 -20
      vertex -27 -130 -32
    endloop
  endfacet
  facet normal -1 0 0
    outer loop
      vertex -27 -122 -20
      vertex -27 -130 -6
      vertex -27 -122 -16
    endloop
  endfacet
  facet normal -1 0 0
    outer loop
      vertex -27 -122 -16
      vertex -27 -130 -6
      vertex -27 -122 -6
    endloop
  endfacet
  facet normal 0 1 0
    outer loop
      vertex 27 -122 -6
      vertex 24 -122 -8
      vertex -27 -122 -6
    endloop
  endfacet
  facet normal -0 1 0
    outer loop
      vertex 24 -122 -8
      vertex 27 -122 -6
      vertex 27 -122 -16
    endloop
  endfacet
  facet normal 0 1 -0
    outer loop
      vertex -24 -122 -8
      vertex -27 -122 -6
      vertex 24 -122 -8
    endloop
  endfacet
  facet normal 0 1 0
    outer loop
      vertex -27 -122 -6
      vertex -24 -122 -8
      vertex -27 -122 -16
    endloop
  endfacet
  facet normal 0 1 0
    outer loop
      vertex 27 -122 -20
      vertex 22.1 -122 -21
      vertex 22.1 -122 -20
    endloop
  endfacet
  facet normal 0 1 0
    outer loop
      vertex 22.1 -122 -21
      vertex 20.7527 -122 -21.2527
      vertex 20.9466 -122 -21
    endloop
  endfacet
  facet normal 0 1 0
    outer loop
      vertex 22.1 -122 -21
      vertex 19.8 -122 -21.9837
      vertex 20.7527 -122 -21.2527
    endloop
  endfacet
  facet normal 0 1 -0
    outer loop
      vertex 27 -122 -32
      vertex 22.1 -122 -21
      vertex 27 -122 -20
    endloop
  endfacet
  facet normal 0 1 0
    outer loop
      vertex 22.1 -122 -21
      vertex 27 -122 -32
      vertex 19.8 -122 -21.9837
    endloop
  endfacet
  facet normal 0 1 0
    outer loop
      vertex -15.2 -122 -21.9837
      vertex -27 -122 -32
      vertex -16.3094 -122 -22.4433
    endloop
  endfacet
  facet normal 0 1 0
    outer loop
      vertex 18.6906 -122 -22.4433
      vertex 27 -122 -32
      vertex 17.5 -122 -22.6
    endloop
  endfacet
  facet normal 0 1 0
    outer loop
      vertex 19.8 -122 -21.9837
      vertex 27 -122 -32
      vertex 18.6906 -122 -22.4433
    endloop
  endfacet
  facet normal 0 1 0
    outer loop
      vertex 14.2473 -122 -21.2527
      vertex 12.9 -122 -21
      vertex 14.0534 -122 -21
    endloop
  endfacet
  facet normal 0 1 0
    outer loop
      vertex 15.2 -122 -21.9837
      vertex 12.9 -122 -21
      vertex 14.2473 -122 -21.2527
    endloop
  endfacet
  facet normal 0 1 0
    outer loop
      vertex 27 -122 -32
      vertex 12.9 -122 -21
      vertex 15.2 -122 -21.9837
    endloop
  endfacet
  facet normal 0 1 0
    outer loop
      vertex -12.9 -122 -21
      vertex -14.2473 -122 -21.2527
      vertex -14.0534 -122 -21
    endloop
  endfacet
  facet normal 0 1 0
    outer loop
      vertex 12.9 -122 -21
      vertex 27 -122 -32
      vertex -12.9 -122 -21
    endloop
  endfacet
  facet normal 0 1 0
    outer loop
      vertex -12.9 -122 -21
      vertex -15.2 -122 -21.9837
      vertex -14.2473 -122 -21.2527
    endloop
  endfacet
  facet normal 0 1 0
    outer loop
      vertex 27 -122 -32
      vertex 15.2 -122 -21.9837
      vertex 16.3094 -122 -22.4433
    endloop
  endfacet
  facet normal 0 1 0
    outer loop
      vertex -27 -122 -32
      vertex -12.9 -122 -21
      vertex 27 -122 -32
    endloop
  endfacet
  facet normal 0 1 0
    outer loop
      vertex 27 -122 -32
      vertex 16.3094 -122 -22.4433
      vertex 17.5 -122 -22.6
    endloop
  endfacet
  facet normal 0 1 0
    outer loop
      vertex -12.9 -122 -21
      vertex -27 -122 -32
      vertex -15.2 -122 -21.9837
    endloop
  endfacet
  facet normal 0 1 -0
    outer loop
      vertex 12.9 -122 -21
      vertex -12.9 -122 -20
      vertex 12.9 -122 -20
    endloop
  endfacet
  facet normal 0 1 0
    outer loop
      vertex -12.9 -122 -20
      vertex 12.9 -122 -21
      vertex -12.9 -122 -21
    endloop
  endfacet
  facet normal 0 1 0
    outer loop
      vertex -20.9466 -122 -21
      vertex -20.7527 -122 -21.2527
      vertex -22.1 -122 -21
    endloop
  endfacet
  facet normal 0 1 -0
    outer loop
      vertex -22.1 -122 -21
      vertex -27 -122 -20
      vertex -22.1 -122 -20
    endloop
  endfacet
  facet normal 0 1 0
    outer loop
      vertex -19.8 -122 -21.9837
      vertex -22.1 -122 -21
      vertex -20.7527 -122 -21.2527
    endloop
  endfacet
  facet normal 0 1 0
    outer loop
      vertex -27 -122 -32
      vertex -22.1 -122 -21
      vertex -19.8 -122 -21.9837
    endloop
  endfacet
  facet normal 0 1 0
    outer loop
      vertex -27 -122 -32
      vertex -19.8 -122 -21.9837
      vertex -18.6906 -122 -22.4433
    endloop
  endfacet
  facet normal 0 1 0
    outer loop
      vertex -16.3094 -122 -22.4433
      vertex -27 -122 -32
      vertex -17.5 -122 -22.6
    endloop
  endfacet
  facet normal 0 1 0
    outer loop
      vertex -22.1 -122 -21
      vertex -27 -122 -32
      vertex -27 -122 -20
    endloop
  endfacet
  facet normal 0 1 0
    outer loop
      vertex -17.5 -122 -22.6
      vertex -27 -122 -32
      vertex -18.6906 -122 -22.4433
    endloop
  endfacet
  facet normal 0 -1 -0
    outer loop
      vertex 20.9466 -130 -21
      vertex 20.7527 -130 -21.2527
      vertex 22.1 -130 -21
    endloop
  endfacet
  facet normal 0 -1 0
    outer loop
      vertex -14.2473 -130 -21.2527
      vertex -12.9 -130 -21
      vertex -14.0534 -130 -21
    endloop
  endfacet
  facet normal 0 -1 0
    outer loop
      vertex -15.2 -130 -21.9837
      vertex -12.9 -130 -21
      vertex -14.2473 -130 -21.2527
    endloop
  endfacet
  facet normal 0 -1 0
    outer loop
      vertex -27 -130 -32
      vertex -12.9 -130 -21
      vertex -15.2 -130 -21.9837
    endloop
  endfacet
  facet normal 0 -1 0
    outer loop
      vertex 12.9 -130 -21
      vertex 14.2473 -130 -21.2527
      vertex 14.0534 -130 -21
    endloop
  endfacet
  facet normal 0 -1 -0
    outer loop
      vertex -12.9 -130 -21
      vertex -27 -130 -32
      vertex 12.9 -130 -21
    endloop
  endfacet
  facet normal 0 -1 0
    outer loop
      vertex 12.9 -130 -21
      vertex 15.2 -130 -21.9837
      vertex 14.2473 -130 -21.2527
    endloop
  endfacet
  facet normal 0 -1 0
    outer loop
      vertex -27 -130 -32
      vertex -15.2 -130 -21.9837
      vertex -16.3094 -130 -22.4433
    endloop
  endfacet
  facet normal 0 -1 0
    outer loop
      vertex 27 -130 -32
      vertex 12.9 -130 -21
      vertex -27 -130 -32
    endloop
  endfacet
  facet normal 0 -1 0
    outer loop
      vertex -27 -130 -32
      vertex -16.3094 -130 -22.4433
      vertex -17.5 -130 -22.6
    endloop
  endfacet
  facet normal 0 -1 0
    outer loop
      vertex 12.9 -130 -21
      vertex 27 -130 -32
      vertex 15.2 -130 -21.9837
    endloop
  endfacet
  facet normal 0 -1 0
    outer loop
      vertex -12.9 -130 -21
      vertex 12.9 -130 -15
      vertex -12.9 -130 -15
    endloop
  endfacet
  facet normal 0 -1 -0
    outer loop
      vertex 12.9 -130 -15
      vertex -12.9 -130 -21
      vertex 12.9 -130 -21
    endloop
  endfacet
  facet normal 0 -1 0
    outer loop
      vertex -12.9 -130 -15
      vertex -24 -130 -6
      vertex -15.2 -130 -14.0163
    endloop
  endfacet
  facet normal 0 -1 0
    outer loop
      vertex 24 -130 -6
      vertex 16.3094 -130 -13.5567
      vertex 17.5 -130 -13.4
    endloop
  endfacet
  facet normal 0 -1 0
    outer loop
      vertex -24 -130 -6
      vertex -12.9 -130 -15
      vertex 24 -130 -6
    endloop
  endfacet
  facet normal 0 -1 0
    outer loop
      vertex 24 -130 -6
      vertex 15.2 -130 -14.0163
      vertex 16.3094 -130 -13.5567
    endloop
  endfacet
  facet normal 0 -1 0
    outer loop
      vertex -12.9 -130 -15
      vertex -15.2 -130 -14.0163
      vertex -14.2473 -130 -14.7473
    endloop
  endfacet
  facet normal 0 -1 0
    outer loop
      vertex 12.9 -130 -15
      vertex 24 -130 -6
      vertex -12.9 -130 -15
    endloop
  endfacet
  facet normal 0 -1 0
    outer loop
      vertex -12.9 -130 -15
      vertex -14.2473 -130 -14.7473
      vertex -14.0534 -130 -15
    endloop
  endfacet
  facet normal 0 -1 0
    outer loop
      vertex 24 -130 -6
      vertex 12.9 -130 -15
      vertex 15.2 -130 -14.0163
    endloop
  endfacet
  facet normal 0 -1 0
    outer loop
      vertex 15.2 -130 -14.0163
      vertex 12.9 -130 -15
      vertex 14.2473 -130 -14.7473
    endloop
  endfacet
  facet normal 0 -1 0
    outer loop
      vertex 14.2473 -130 -14.7473
      vertex 12.9 -130 -15
      vertex 14.0534 -130 -15
    endloop
  endfacet
  facet normal 0 -1 0
    outer loop
      vertex -22.1 -130 -15
      vertex -24 -130 -6
      vertex -27 -130 -6
    endloop
  endfacet
  facet normal 0 -1 0
    outer loop
      vertex -16.3094 -130 -13.5567
      vertex -24 -130 -6
      vertex -17.5 -130 -13.4
    endloop
  endfacet
  facet normal 0 -1 0
    outer loop
      vertex -15.2 -130 -14.0163
      vertex -24 -130 -6
      vertex -16.3094 -130 -13.5567
    endloop
  endfacet
  facet normal 0 -1 0
    outer loop
      vertex -24 -130 -6
      vertex -18.6906 -130 -13.5567
      vertex -17.5 -130 -13.4
    endloop
  endfacet
  facet normal 0 -1 0
    outer loop
      vertex -24 -130 -6
      vertex -19.8 -130 -14.0163
      vertex -18.6906 -130 -13.5567
    endloop
  endfacet
  facet normal 0 -1 0
    outer loop
      vertex -24 -130 -6
      vertex -22.1 -130 -15
      vertex -19.8 -130 -14.0163
    endloop
  endfacet
  facet normal 0 -1 0
    outer loop
      vertex -19.8 -130 -14.0163
      vertex -22.1 -130 -15
      vertex -20.7527 -130 -14.7473
    endloop
  endfacet
  facet normal 0 -1 0
    outer loop
      vertex -27 -130 -6
      vertex -22.1 -130 -21
      vertex -22.1 -130 -15
    endloop
  endfacet
  facet normal 0 -1 0
    outer loop
      vertex -22.1 -130 -21
      vertex -20.7527 -130 -21.2527
      vertex -20.9466 -130 -21
    endloop
  endfacet
  facet normal 0 -1 0
    outer loop
      vertex -22.1 -130 -21
      vertex -19.8 -130 -21.9837
      vertex -20.7527 -130 -21.2527
    endloop
  endfacet
  facet normal 0 -1 0
    outer loop
      vertex 15.2 -130 -21.9837
      vertex 27 -130 -32
      vertex 16.3094 -130 -22.4433
    endloop
  endfacet
  facet normal 0 -1 -0
    outer loop
      vertex -18.6906 -130 -22.4433
      vertex -27 -130 -32
      vertex -17.5 -130 -22.6
    endloop
  endfacet
  facet normal 0 -1 -0
    outer loop
      vertex -19.8 -130 -21.9837
      vertex -27 -130 -32
      vertex -18.6906 -130 -22.4433
    endloop
  endfacet
  facet normal 0 -1 -0
    outer loop
      vertex -22.1 -130 -21
      vertex -27 -130 -32
      vertex -19.8 -130 -21.9837
    endloop
  endfacet
  facet normal 0 -1 0
    outer loop
      vertex -27 -130 -32
      vertex -22.1 -130 -21
      vertex -27 -130 -6
    endloop
  endfacet
  facet normal 0 -1 0
    outer loop
      vertex 18.6906 -130 -13.5567
      vertex 24 -130 -6
      vertex 17.5 -130 -13.4
    endloop
  endfacet
  facet normal 0 -1 0
    outer loop
      vertex 19.8 -130 -14.0163
      vertex 24 -130 -6
      vertex 18.6906 -130 -13.5567
    endloop
  endfacet
  facet normal 0 -1 0
    outer loop
      vertex 22.1 -130 -15
      vertex 24 -130 -6
      vertex 19.8 -130 -14.0163
    endloop
  endfacet
  facet normal 0 -1 0
    outer loop
      vertex 22.1 -130 -15
      vertex 19.8 -130 -14.0163
      vertex 20.7527 -130 -14.7473
    endloop
  endfacet
  facet normal 0 -1 0
    outer loop
      vertex 22.1 -130 -15
      vertex 20.7527 -130 -14.7473
      vertex 20.9466 -130 -15
    endloop
  endfacet
  facet normal 0 -1 -0
    outer loop
      vertex 24 -130 -6
      vertex 22.1 -130 -15
      vertex 27 -130 -6
    endloop
  endfacet
  facet normal 0 -1 0
    outer loop
      vertex 22.1 -130 -21
      vertex 27 -130 -6
      vertex 22.1 -130 -15
    endloop
  endfacet
  facet normal 0 -1 0
    outer loop
      vertex 19.8 -130 -21.9837
      vertex 22.1 -130 -21
      vertex 20.7527 -130 -21.2527
    endloop
  endfacet
  facet normal 0 -1 0
    outer loop
      vertex 16.3094 -130 -22.4433
      vertex 27 -130 -32
      vertex 17.5 -130 -22.6
    endloop
  endfacet
  facet normal 0 -1 0
    outer loop
      vertex 22.1 -130 -21
      vertex 27 -130 -32
      vertex 27 -130 -6
    endloop
  endfacet
  facet normal 0 -1 0
    outer loop
      vertex 19.8 -130 -21.9837
      vertex 27 -130 -32
      vertex 22.1 -130 -21
    endloop
  endfacet
  facet normal 0 -1 0
    outer loop
      vertex 18.6906 -130 -22.4433
      vertex 27 -130 -32
      vertex 19.8 -130 -21.9837
    endloop
  endfacet
  facet normal 0 -1 0
    outer loop
      vertex 17.5 -130 -22.6
      vertex 27 -130 -32
      vertex 18.6906 -130 -22.4433
    endloop
  endfacet
  facet normal 0 -1 0
    outer loop
      vertex -20.7527 -130 -14.7473
      vertex -22.1 -130 -15
      vertex -20.9466 -130 -15
    endloop
  endfacet
  facet normal -0.936329 0 0.351123
    outer loop
      vertex -24 -118 -8
      vertex -27 -122 -16
      vertex -24 -122 -8
    endloop
  endfacet
  facet normal -0 0 1
    outer loop
      vertex -24 -118 -8
      vertex 24 -122 -8
      vertex 24 -118 -8
    endloop
  endfacet
  facet normal 0 0 1
    outer loop
      vertex 24 -122 -8
      vertex -24 -118 -8
      vertex -24 -122 -8
    endloop
  endfacet
  facet normal -0.8 0.6 0
    outer loop
      vertex -27 -122 -16
      vertex -24 -118 -12
      vertex -27 -122 -20
    endloop
  endfacet
  facet normal -0.8 0.6 0
    outer loop
      vertex -24 -118 -12
      vertex -27 -122 -16
      vertex -24 -118 -8
    endloop
  endfacet
  facet normal 0 0.894427 -0.447214
    outer loop
      vertex 12.9 -122 -20
      vertex -12.9 -119.5 -15
      vertex 12.9 -119.5 -15
    endloop
  endfacet
  facet normal 0 0.894427 -0.447214
    outer loop
      vertex -12.9 -119.5 -15
      vertex 12.9 -122 -20
      vertex -12.9 -122 -20
    endloop
  endfacet
  facet normal 0 0.894508 -0.447053
    outer loop
      vertex -16.3094 -118.778 -13.5567
      vertex -24 -118 -12
      vertex 16.3094 -118.778 -13.5567
    endloop
  endfacet
  facet normal -0.000675089 0.89317 -0.449719
    outer loop
      vertex -24 -118 -12
      vertex -16.3094 -118.778 -13.5567
      vertex -17.5 -118.7 -13.4
    endloop
  endfacet
  facet normal 0 0.894271 -0.447525
    outer loop
      vertex 15.2 -119.008 -14.0163
      vertex -16.3094 -118.778 -13.5567
      vertex 16.3094 -118.778 -13.5567
    endloop
  endfacet
  facet normal 0 0.894271 -0.447525
    outer loop
      vertex 15.2 -119.008 -14.0163
      vertex -15.2 -119.008 -14.0163
      vertex -16.3094 -118.778 -13.5567
    endloop
  endfacet
  facet normal 0.000459147 0.893943 -0.448181
    outer loop
      vertex 12.9 -119.5 -15
      vertex 15.2 -119.008 -14.0163
      vertex 14.2473 -119.374 -14.7473
    endloop
  endfacet
  facet normal 0 0.894373 -0.447323
    outer loop
      vertex 15.2 -119.008 -14.0163
      vertex 12.9 -119.5 -15
      vertex -15.2 -119.008 -14.0163
    endloop
  endfacet
  facet normal 0 0.894922 -0.446222
    outer loop
      vertex 12.9 -119.5 -15
      vertex 14.2473 -119.374 -14.7473
      vertex 14.0534 -119.5 -15
    endloop
  endfacet
  facet normal 0 0.894373 -0.447323
    outer loop
      vertex -12.9 -119.5 -15
      vertex -15.2 -119.008 -14.0163
      vertex 12.9 -119.5 -15
    endloop
  endfacet
  facet normal -0.000459147 0.893943 -0.448181
    outer loop
      vertex -15.2 -119.008 -14.0163
      vertex -12.9 -119.5 -15
      vertex -14.2473 -119.374 -14.7473
    endloop
  endfacet
  facet normal 0 0.894922 -0.446222
    outer loop
      vertex -14.2473 -119.374 -14.7473
      vertex -12.9 -119.5 -15
      vertex -14.0534 -119.5 -15
    endloop
  endfacet
  facet normal 0.000675089 0.89317 -0.449719
    outer loop
      vertex 16.3094 -118.778 -13.5567
      vertex 24 -118 -12
      vertex 17.5 -118.7 -13.4
    endloop
  endfacet
  facet normal -0.00016326 0.89473 -0.446607
    outer loop
      vertex 24 -118 -12
      vertex 18.6906 -118.778 -13.5567
      vertex 17.5 -118.7 -13.4
    endloop
  endfacet
  facet normal 0.000101344 0.894369 -0.447329
    outer loop
      vertex 24 -118 -12
      vertex 19.8 -119.008 -14.0163
      vertex 18.6906 -118.778 -13.5567
    endloop
  endfacet
  facet normal 0.000200282 0.894287 -0.447494
    outer loop
      vertex 24 -118 -12
      vertex 20.7527 -119.374 -14.7473
      vertex 19.8 -119.008 -14.0163
    endloop
  endfacet
  facet normal -0.000207695 0.89448 -0.447108
    outer loop
      vertex 24 -118 -12
      vertex 22.1 -119.5 -15
      vertex 20.7527 -119.374 -14.7473
    endloop
  endfacet
  facet normal 0 0.894427 -0.447214
    outer loop
      vertex 27 -122 -20
      vertex 22.1 -119.5 -15
      vertex 24 -118 -12
    endloop
  endfacet
  facet normal 0 0.894427 -0.447214
    outer loop
      vertex 22.1 -119.5 -15
      vertex 27 -122 -20
      vertex 22.1 -122 -20
    endloop
  endfacet
  facet normal 0 0.894508 -0.447053
    outer loop
      vertex 24 -118 -12
      vertex 16.3094 -118.778 -13.5567
      vertex -24 -118 -12
    endloop
  endfacet
  facet normal 0.00016326 0.89473 -0.446607
    outer loop
      vertex -18.6906 -118.778 -13.5567
      vertex -24 -118 -12
      vertex -17.5 -118.7 -13.4
    endloop
  endfacet
  facet normal -0.000101344 0.894369 -0.447329
    outer loop
      vertex -19.8 -119.008 -14.0163
      vertex -24 -118 -12
      vertex -18.6906 -118.778 -13.5567
    endloop
  endfacet
  facet normal -0.000200282 0.894287 -0.447494
    outer loop
      vertex -20.7527 -119.374 -14.7473
      vertex -24 -118 -12
      vertex -19.8 -119.008 -14.0163
    endloop
  endfacet
  facet normal 0 0.894922 -0.446222
    outer loop
      vertex -22.1 -119.5 -15
      vertex -20.7527 -119.374 -14.7473
      vertex -20.9466 -119.5 -15
    endloop
  endfacet
  facet normal 0.000207695 0.89448 -0.447108
    outer loop
      vertex -20.7527 -119.374 -14.7473
      vertex -22.1 -119.5 -15
      vertex -24 -118 -12
    endloop
  endfacet
  facet normal 0 0.894427 -0.447214
    outer loop
      vertex -27 -122 -20
      vertex -22.1 -119.5 -15
      vertex -22.1 -122 -20
    endloop
  endfacet
  facet normal 0 0.894427 -0.447214
    outer loop
      vertex -22.1 -119.5 -15
      vertex -27 -122 -20
      vertex -24 -118 -12
    endloop
  endfacet
  facet normal 0 0.894922 -0.446222
    outer loop
      vertex 20.7527 -119.374 -14.7473
      vertex 22.1 -119.5 -15
      vertex 20.9466 -119.5 -15
    endloop
  endfacet
  facet normal 0.8 0.6 0
    outer loop
      vertex 27 -122 -16
      vertex 24 -118 -12
      vertex 24 -118 -8
    endloop
  endfacet
  facet normal 0.8 0.6 0
    outer loop
      vertex 24 -118 -12
      vertex 27 -122 -16
      vertex 27 -122 -20
    endloop
  endfacet
  facet normal 0 1 -0
    outer loop
      vertex 24 -118 -12
      vertex -24 -118 -8
      vertex 24 -118 -8
    endloop
  endfacet
  facet normal 0 1 0
    outer loop
      vertex -24 -118 -8
      vertex 24 -118 -12
      vertex -24 -118 -12
    endloop
  endfacet
  facet normal 0.936329 0 0.351123
    outer loop
      vertex 24 -118 -8
      vertex 24 -122 -8
      vertex 27 -122 -16
    endloop
  endfacet
  facet normal 0.162878 0.135731 0.977265
    outer loop
      vertex 26 74.25 13
      vertex -4.39278 43.8572 22.2867
      vertex 36.3172 43.2983 15.5793
    endloop
  endfacet
  facet normal 0 -1 0
    outer loop
      vertex -118 37.75 6
      vertex -89.4308 37.75 18.1162
      vertex -118 37.75 16
    endloop
  endfacet
  facet normal 0 -1 -0
    outer loop
      vertex -89.4308 37.75 18.1162
      vertex -118 37.75 6
      vertex -86.1944 37.75 7.55556
    endloop
  endfacet
  facet normal 0 -1 -0
    outer loop
      vertex -86.1944 37.75 7.55556
      vertex -118 37.75 6
      vertex -85.0063 37.75 6
    endloop
  endfacet
  facet normal -0.115984 0.354396 0.927874
    outer loop
      vertex -32 74.25 13
      vertex -118 38.25 16
      vertex 0 74.25 17
    endloop
  endfacet
  facet normal -0.386138 0.922441 0
    outer loop
      vertex -32 74.25 13
      vertex -118 38.25 6
      vertex -118 38.25 16
    endloop
  endfacet
  facet normal -0.386138 0.922441 0
    outer loop
      vertex -118 38.25 6
      vertex -32 74.25 13
      vertex -32 74.25 4
    endloop
  endfacet
  facet normal 0.164399 1.04658e-07 -0.986394
    outer loop
      vertex 26 73.75 4
      vertex 36.5899 42.4804 5.76498
      vertex 36.424 42.4781 5.73733
    endloop
  endfacet
  facet normal 0.164399 0 -0.986394
    outer loop
      vertex 36.5899 42.4804 5.76498
      vertex 26 73.75 4
      vertex 26 74.25 4
    endloop
  endfacet
  facet normal -0.0738712 -4.60725e-05 0.997268
    outer loop
      vertex -118 38.25 16
      vertex -89.4308 37.75 18.1162
      vertex -87.6329 38.25 18.2494
    endloop
  endfacet
  facet normal -0.0738704 0 0.997268
    outer loop
      vertex -89.4308 37.75 18.1162
      vertex -118 38.25 16
      vertex -118 37.75 16
    endloop
  endfacet
  facet normal 0.948683 0.316227 6.48432e-06
    outer loop
      vertex 36.5899 42.4804 5.76498
      vertex 26 74.25 13
      vertex 36.3172 43.2983 15.5793
    endloop
  endfacet
  facet normal 0.948683 0.316229 0
    outer loop
      vertex 26 74.25 13
      vertex 36.5899 42.4804 5.76498
      vertex 26 74.25 4
    endloop
  endfacet
  facet normal -1 0 0
    outer loop
      vertex -118 37.75 6
      vertex -118 38.25 16
      vertex -118 38.25 6
    endloop
  endfacet
  facet normal -1 -0 0
    outer loop
      vertex -118 38.25 16
      vertex -118 37.75 6
      vertex -118 37.75 16
    endloop
  endfacet
  facet normal 0 -0.0554701 -0.99846
    outer loop
      vertex 36.424 42.4781 5.73733
      vertex -32 73.75 4
      vertex 26 73.75 4
    endloop
  endfacet
  facet normal 0 -0.0554701 -0.99846
    outer loop
      vertex -68.25 42.4781 5.73733
      vertex -32 73.75 4
      vertex 36.424 42.4781 5.73733
    endloop
  endfacet
  facet normal 4.85611e-07 -0.0554707 -0.99846
    outer loop
      vertex -82.3808 38.6532 5.94982
      vertex -32 73.75 4
      vertex -68.25 42.4781 5.73733
    endloop
  endfacet
  facet normal 0 -0.0554725 -0.99846
    outer loop
      vertex -118 37.75 6
      vertex -82.3808 38.6532 5.94982
      vertex -85.0063 37.75 6
    endloop
  endfacet
  facet normal -6.6309e-08 -0.0554699 -0.99846
    outer loop
      vertex -82.3808 38.6532 5.94982
      vertex -118 37.75 6
      vertex -32 73.75 4
    endloop
  endfacet
  facet normal -0.0232495 -0 -0.99973
    outer loop
      vertex -118 38.25 6
      vertex -32 73.75 4
      vertex -118 37.75 6
    endloop
  endfacet
  facet normal -0.0232495 0 -0.99973
    outer loop
      vertex -32 73.75 4
      vertex -118 38.25 6
      vertex -32 74.25 4
    endloop
  endfacet
  facet normal -0.0722308 0.209668 0.975101
    outer loop
      vertex 0 74.25 17
      vertex -68.25 43.5455 18.5465
      vertex -8.42825 43.9083 22.8998
    endloop
  endfacet
  facet normal -0.0722285 0.209663 0.975102
    outer loop
      vertex -118 38.25 16
      vertex -68.25 43.5455 18.5465
      vertex 0 74.25 17
    endloop
  endfacet
  facet normal -0.0722292 0.20967 0.975101
    outer loop
      vertex -68.25 43.5455 18.5465
      vertex -118 38.25 16
      vertex -87.6329 38.25 18.2494
    endloop
  endfacet
  facet normal 0.150376 0.148288 0.977444
    outer loop
      vertex 0 74.25 17
      vertex -4.39278 43.8572 22.2867
      vertex 26 74.25 13
    endloop
  endfacet
  facet normal 0.150379 0.148288 0.977444
    outer loop
      vertex -4.39278 43.8572 22.2867
      vertex 0 74.25 17
      vertex -8.42825 43.9083 22.8998
    endloop
  endfacet
  facet normal 0.149117 0.195715 0.969257
    outer loop
      vertex 24 130.25 2
      vertex 0 74.25 17
      vertex 26 74.25 13
    endloop
  endfacet
  facet normal 0.999363 0.0356915 -0
    outer loop
      vertex 26 74.25 4
      vertex 24 130.25 2
      vertex 26 74.25 13
    endloop
  endfacet
  facet normal 0.999363 0.0356915 0
    outer loop
      vertex 24 130.25 2
      vertex 26 74.25 4
      vertex 24 130.25 -6
    endloop
  endfacet
  facet normal -0.121322 0.207981 0.97058
    outer loop
      vertex -24 130.25 2
      vertex -32 74.25 13
      vertex 0 74.25 17
    endloop
  endfacet
  facet normal 0 -0.175791 -0.984428
    outer loop
      vertex 26 73.75 4
      vertex -24 129.75 -6
      vertex 24 129.75 -6
    endloop
  endfacet
  facet normal 0 -0.175791 -0.984428
    outer loop
      vertex -24 129.75 -6
      vertex 26 73.75 4
      vertex -32 73.75 4
    endloop
  endfacet
  facet normal 0 0 1
    outer loop
      vertex -24 130 -6
      vertex -27 130 -6
      vertex -24 129.75 -6
    endloop
  endfacet
  facet normal 0 0 1
    outer loop
      vertex 24 129.75 -6
      vertex 27 130 -6
      vertex 24 130 -6
    endloop
  endfacet
  facet normal 0 0 1
    outer loop
      vertex 27 130 -6
      vertex 24 129.75 -6
      vertex 27 122 -6
    endloop
  endfacet
  facet normal -0 0 1
    outer loop
      vertex -24 129.75 -6
      vertex 27 122 -6
      vertex 24 129.75 -6
    endloop
  endfacet
  facet normal 0 0 1
    outer loop
      vertex -27 122 -6
      vertex -24 129.75 -6
      vertex -27 130 -6
    endloop
  endfacet
  facet normal 0 0 1
    outer loop
      vertex -24 129.75 -6
      vertex -27 122 -6
      vertex 27 122 -6
    endloop
  endfacet
  facet normal 0 0 -1
    outer loop
      vertex -24 130 -6
      vertex 24 130.25 -6
      vertex 24 130 -6
    endloop
  endfacet
  facet normal -0 0 -1
    outer loop
      vertex 24 130.25 -6
      vertex -24 130 -6
      vertex -24 130.25 -6
    endloop
  endfacet
  facet normal 0 0 0
    outer loop
      vertex 24 130.25 -6
      vertex 24 129.75 -6
      vertex 24 130 -6
    endloop
  endfacet
  facet normal 0.980581 0 -0.196116
    outer loop
      vertex 26 74.25 4
      vertex 24 129.75 -6
      vertex 24 130.25 -6
    endloop
  endfacet
  facet normal 0.980581 0 -0.196116
    outer loop
      vertex 24 129.75 -6
      vertex 26 74.25 4
      vertex 26 73.75 4
    endloop
  endfacet
  facet normal -0.989949 0.141421 0
    outer loop
      vertex -32 74.25 4
      vertex -24 130.25 2
      vertex -24 130.25 -6
    endloop
  endfacet
  facet normal -0.989949 0.141421 0
    outer loop
      vertex -24 130.25 2
      vertex -32 74.25 4
      vertex -32 74.25 13
    endloop
  endfacet
  facet normal -0.0809086 0.225388 0.970904
    outer loop
      vertex 0 130.25 4
      vertex -24 130.25 2
      vertex 0 74.25 17
    endloop
  endfacet
  facet normal 0.0809086 0.225388 0.970904
    outer loop
      vertex 0 130.25 4
      vertex 0 74.25 17
      vertex 24 130.25 2
    endloop
  endfacet
  facet normal 0 1 -0
    outer loop
      vertex 24 130.25 -6
      vertex 0 130.25 4
      vertex 24 130.25 2
    endloop
  endfacet
  facet normal 0 1 0
    outer loop
      vertex -24 130.25 -6
      vertex 0 130.25 4
      vertex 24 130.25 -6
    endloop
  endfacet
  facet normal 0 1 0
    outer loop
      vertex 0 130.25 4
      vertex -24 130.25 -6
      vertex -24 130.25 2
    endloop
  endfacet
  facet normal 0 0 0
    outer loop
      vertex -24 129.75 -6
      vertex -24 130.25 -6
      vertex -24 130 -6
    endloop
  endfacet
  facet normal -0.780869 0 -0.624695
    outer loop
      vertex -24 129.75 -6
      vertex -32 74.25 4
      vertex -24 130.25 -6
    endloop
  endfacet
  facet normal -0.780869 -0 -0.624695
    outer loop
      vertex -32 74.25 4
      vertex -24 129.75 -6
      vertex -32 73.75 4
    endloop
  endfacet
  facet normal 1 0 0
    outer loop
      vertex 27 122 -16
      vertex 27 130 -6
      vertex 27 122 -6
    endloop
  endfacet
  facet normal 1 0 0
    outer loop
      vertex 27 122 -20
      vertex 27 130 -6
      vertex 27 122 -16
    endloop
  endfacet
  facet normal 1 0 0
    outer loop
      vertex 27 130 -6
      vertex 27 122 -20
      vertex 27 130 -32
    endloop
  endfacet
  facet normal 1 0 0
    outer loop
      vertex 27 130 -32
      vertex 27 122 -20
      vertex 27 122 -32
    endloop
  endfacet
  facet normal 0 0 -1
    outer loop
      vertex -27 122 -32
      vertex 27 130 -32
      vertex 27 122 -32
    endloop
  endfacet
  facet normal -0 0 -1
    outer loop
      vertex 27 130 -32
      vertex -27 122 -32
      vertex -27 130 -32
    endloop
  endfacet
  facet normal -1 0 0
    outer loop
      vertex -27 122 -20
      vertex -27 130 -32
      vertex -27 122 -32
    endloop
  endfacet
  facet normal -1 0 0
    outer loop
      vertex -27 130 -32
      vertex -27 122 -20
      vertex -27 130 -6
    endloop
  endfacet
  facet normal -1 0 0
    outer loop
      vertex -27 122 -16
      vertex -27 130 -6
      vertex -27 122 -20
    endloop
  endfacet
  facet normal -1 -0 0
    outer loop
      vertex -27 130 -6
      vertex -27 122 -16
      vertex -27 122 -6
    endloop
  endfacet
  facet normal 0 1 0
    outer loop
      vertex -20.9466 130 -21
      vertex -20.7527 130 -21.2527
      vertex -22.1 130 -21
    endloop
  endfacet
  facet normal 0 1 0
    outer loop
      vertex 14.2473 130 -21.2527
      vertex 12.9 130 -21
      vertex 14.0534 130 -21
    endloop
  endfacet
  facet normal 0 1 0
    outer loop
      vertex 15.2 130 -21.9837
      vertex 12.9 130 -21
      vertex 14.2473 130 -21.2527
    endloop
  endfacet
  facet normal 0 1 0
    outer loop
      vertex 27 130 -32
      vertex 12.9 130 -21
      vertex 15.2 130 -21.9837
    endloop
  endfacet
  facet normal 0 1 0
    outer loop
      vertex -12.9 130 -21
      vertex -14.2473 130 -21.2527
      vertex -14.0534 130 -21
    endloop
  endfacet
  facet normal 0 1 0
    outer loop
      vertex 12.9 130 -21
      vertex 27 130 -32
      vertex -12.9 130 -21
    endloop
  endfacet
  facet normal 0 1 0
    outer loop
      vertex -12.9 130 -21
      vertex -15.2 130 -21.9837
      vertex -14.2473 130 -21.2527
    endloop
  endfacet
  facet normal 0 1 0
    outer loop
      vertex 27 130 -32
      vertex 15.2 130 -21.9837
      vertex 16.3094 130 -22.4433
    endloop
  endfacet
  facet normal 0 1 0
    outer loop
      vertex -27 130 -32
      vertex -12.9 130 -21
      vertex 27 130 -32
    endloop
  endfacet
  facet normal 0 1 0
    outer loop
      vertex 27 130 -32
      vertex 16.3094 130 -22.4433
      vertex 17.5 130 -22.6
    endloop
  endfacet
  facet normal 0 1 0
    outer loop
      vertex -12.9 130 -21
      vertex -27 130 -32
      vertex -15.2 130 -21.9837
    endloop
  endfacet
  facet normal 0 1 -0
    outer loop
      vertex 12.9 130 -21
      vertex -12.9 130 -15
      vertex 12.9 130 -15
    endloop
  endfacet
  facet normal 0 1 0
    outer loop
      vertex -12.9 130 -15
      vertex 12.9 130 -21
      vertex -12.9 130 -21
    endloop
  endfacet
  facet normal 0 1 0
    outer loop
      vertex 12.9 130 -15
      vertex 24 130 -6
      vertex 15.2 130 -14.0163
    endloop
  endfacet
  facet normal 0 1 0
    outer loop
      vertex -24 130 -6
      vertex -16.3094 130 -13.5567
      vertex -17.5 130 -13.4
    endloop
  endfacet
  facet normal 0 1 0
    outer loop
      vertex 24 130 -6
      vertex 12.9 130 -15
      vertex -24 130 -6
    endloop
  endfacet
  facet normal 0 1 0
    outer loop
      vertex -24 130 -6
      vertex -15.2 130 -14.0163
      vertex -16.3094 130 -13.5567
    endloop
  endfacet
  facet normal 0 1 0
    outer loop
      vertex 12.9 130 -15
      vertex 15.2 130 -14.0163
      vertex 14.2473 130 -14.7473
    endloop
  endfacet
  facet normal 0 1 -0
    outer loop
      vertex -12.9 130 -15
      vertex -24 130 -6
      vertex 12.9 130 -15
    endloop
  endfacet
  facet normal 0 1 0
    outer loop
      vertex 12.9 130 -15
      vertex 14.2473 130 -14.7473
      vertex 14.0534 130 -15
    endloop
  endfacet
  facet normal 0 1 0
    outer loop
      vertex -24 130 -6
      vertex -12.9 130 -15
      vertex -15.2 130 -14.0163
    endloop
  endfacet
  facet normal 0 1 0
    outer loop
      vertex -15.2 130 -14.0163
      vertex -12.9 130 -15
      vertex -14.2473 130 -14.7473
    endloop
  endfacet
  facet normal 0 1 0
    outer loop
      vertex -14.2473 130 -14.7473
      vertex -12.9 130 -15
      vertex -14.0534 130 -15
    endloop
  endfacet
  facet normal 0 1 0
    outer loop
      vertex 22.1 130 -15
      vertex 24 130 -6
      vertex 27 130 -6
    endloop
  endfacet
  facet normal 0 1 0
    outer loop
      vertex 16.3094 130 -13.5567
      vertex 24 130 -6
      vertex 17.5 130 -13.4
    endloop
  endfacet
  facet normal 0 1 0
    outer loop
      vertex 15.2 130 -14.0163
      vertex 24 130 -6
      vertex 16.3094 130 -13.5567
    endloop
  endfacet
  facet normal 0 1 0
    outer loop
      vertex 24 130 -6
      vertex 18.6906 130 -13.5567
      vertex 17.5 130 -13.4
    endloop
  endfacet
  facet normal 0 1 0
    outer loop
      vertex 24 130 -6
      vertex 19.8 130 -14.0163
      vertex 18.6906 130 -13.5567
    endloop
  endfacet
  facet normal 0 1 0
    outer loop
      vertex 24 130 -6
      vertex 22.1 130 -15
      vertex 19.8 130 -14.0163
    endloop
  endfacet
  facet normal 0 1 0
    outer loop
      vertex 19.8 130 -14.0163
      vertex 22.1 130 -15
      vertex 20.7527 130 -14.7473
    endloop
  endfacet
  facet normal 0 1 0
    outer loop
      vertex 27 130 -6
      vertex 22.1 130 -21
      vertex 22.1 130 -15
    endloop
  endfacet
  facet normal 0 1 0
    outer loop
      vertex 22.1 130 -21
      vertex 20.7527 130 -21.2527
      vertex 20.9466 130 -21
    endloop
  endfacet
  facet normal 0 1 0
    outer loop
      vertex 22.1 130 -21
      vertex 19.8 130 -21.9837
      vertex 20.7527 130 -21.2527
    endloop
  endfacet
  facet normal 0 1 0
    outer loop
      vertex -15.2 130 -21.9837
      vertex -27 130 -32
      vertex -16.3094 130 -22.4433
    endloop
  endfacet
  facet normal 0 1 0
    outer loop
      vertex 18.6906 130 -22.4433
      vertex 27 130 -32
      vertex 17.5 130 -22.6
    endloop
  endfacet
  facet normal 0 1 0
    outer loop
      vertex 19.8 130 -21.9837
      vertex 27 130 -32
      vertex 18.6906 130 -22.4433
    endloop
  endfacet
  facet normal 0 1 0
    outer loop
      vertex 22.1 130 -21
      vertex 27 130 -32
      vertex 19.8 130 -21.9837
    endloop
  endfacet
  facet normal 0 1 -0
    outer loop
      vertex 27 130 -32
      vertex 22.1 130 -21
      vertex 27 130 -6
    endloop
  endfacet
  facet normal 0 1 -0
    outer loop
      vertex -18.6906 130 -13.5567
      vertex -24 130 -6
      vertex -17.5 130 -13.4
    endloop
  endfacet
  facet normal 0 1 -0
    outer loop
      vertex -19.8 130 -14.0163
      vertex -24 130 -6
      vertex -18.6906 130 -13.5567
    endloop
  endfacet
  facet normal 0 1 -0
    outer loop
      vertex -22.1 130 -15
      vertex -24 130 -6
      vertex -19.8 130 -14.0163
    endloop
  endfacet
  facet normal 0 1 0
    outer loop
      vertex -22.1 130 -15
      vertex -19.8 130 -14.0163
      vertex -20.7527 130 -14.7473
    endloop
  endfacet
  facet normal 0 1 0
    outer loop
      vertex -22.1 130 -15
      vertex -20.7527 130 -14.7473
      vertex -20.9466 130 -15
    endloop
  endfacet
  facet normal 0 1 0
    outer loop
      vertex -24 130 -6
      vertex -22.1 130 -15
      vertex -27 130 -6
    endloop
  endfacet
  facet normal 0 1 -0
    outer loop
      vertex -22.1 130 -21
      vertex -27 130 -6
      vertex -22.1 130 -15
    endloop
  endfacet
  facet normal 0 1 0
    outer loop
      vertex -19.8 130 -21.9837
      vertex -22.1 130 -21
      vertex -20.7527 130 -21.2527
    endloop
  endfacet
  facet normal 0 1 0
    outer loop
      vertex -16.3094 130 -22.4433
      vertex -27 130 -32
      vertex -17.5 130 -22.6
    endloop
  endfacet
  facet normal 0 1 0
    outer loop
      vertex -22.1 130 -21
      vertex -27 130 -32
      vertex -27 130 -6
    endloop
  endfacet
  facet normal 0 1 0
    outer loop
      vertex -19.8 130 -21.9837
      vertex -27 130 -32
      vertex -22.1 130 -21
    endloop
  endfacet
  facet normal 0 1 0
    outer loop
      vertex -18.6906 130 -22.4433
      vertex -27 130 -32
      vertex -19.8 130 -21.9837
    endloop
  endfacet
  facet normal 0 1 0
    outer loop
      vertex -17.5 130 -22.6
      vertex -27 130 -32
      vertex -18.6906 130 -22.4433
    endloop
  endfacet
  facet normal 0 1 0
    outer loop
      vertex 20.7527 130 -14.7473
      vertex 22.1 130 -15
      vertex 20.9466 130 -15
    endloop
  endfacet
  facet normal 0 -1 0
    outer loop
      vertex -27 122 -6
      vertex -24 122 -8
      vertex 27 122 -6
    endloop
  endfacet
  facet normal -0 -1 0
    outer loop
      vertex -24 122 -8
      vertex -27 122 -6
      vertex -27 122 -16
    endloop
  endfacet
  facet normal 0 -1 0
    outer loop
      vertex 24 122 -8
      vertex 27 122 -6
      vertex -24 122 -8
    endloop
  endfacet
  facet normal 0 -1 -0
    outer loop
      vertex 27 122 -6
      vertex 24 122 -8
      vertex 27 122 -16
    endloop
  endfacet
  facet normal 0 -1 0
    outer loop
      vertex -27 122 -20
      vertex -22.1 122 -21
      vertex -22.1 122 -20
    endloop
  endfacet
  facet normal 0 -1 0
    outer loop
      vertex -22.1 122 -21
      vertex -20.7527 122 -21.2527
      vertex -20.9466 122 -21
    endloop
  endfacet
  facet normal 0 -1 0
    outer loop
      vertex -22.1 122 -21
      vertex -19.8 122 -21.9837
      vertex -20.7527 122 -21.2527
    endloop
  endfacet
  facet normal 0 -1 0
    outer loop
      vertex -27 122 -32
      vertex -22.1 122 -21
      vertex -27 122 -20
    endloop
  endfacet
  facet normal 0 -1 -0
    outer loop
      vertex -22.1 122 -21
      vertex -27 122 -32
      vertex -19.8 122 -21.9837
    endloop
  endfacet
  facet normal 0 -1 0
    outer loop
      vertex 15.2 122 -21.9837
      vertex 27 122 -32
      vertex 16.3094 122 -22.4433
    endloop
  endfacet
  facet normal 0 -1 -0
    outer loop
      vertex -18.6906 122 -22.4433
      vertex -27 122 -32
      vertex -17.5 122 -22.6
    endloop
  endfacet
  facet normal 0 -1 -0
    outer loop
      vertex -19.8 122 -21.9837
      vertex -27 122 -32
      vertex -18.6906 122 -22.4433
    endloop
  endfacet
  facet normal 0 -1 0
    outer loop
      vertex -14.2473 122 -21.2527
      vertex -12.9 122 -21
      vertex -14.0534 122 -21
    endloop
  endfacet
  facet normal 0 -1 0
    outer loop
      vertex -15.2 122 -21.9837
      vertex -12.9 122 -21
      vertex -14.2473 122 -21.2527
    endloop
  endfacet
  facet normal 0 -1 0
    outer loop
      vertex -27 122 -32
      vertex -12.9 122 -21
      vertex -15.2 122 -21.9837
    endloop
  endfacet
  facet normal 0 -1 0
    outer loop
      vertex 12.9 122 -21
      vertex 14.2473 122 -21.2527
      vertex 14.0534 122 -21
    endloop
  endfacet
  facet normal 0 -1 -0
    outer loop
      vertex -12.9 122 -21
      vertex -27 122 -32
      vertex 12.9 122 -21
    endloop
  endfacet
  facet normal 0 -1 0
    outer loop
      vertex 12.9 122 -21
      vertex 15.2 122 -21.9837
      vertex 14.2473 122 -21.2527
    endloop
  endfacet
  facet normal 0 -1 0
    outer loop
      vertex -27 122 -32
      vertex -15.2 122 -21.9837
      vertex -16.3094 122 -22.4433
    endloop
  endfacet
  facet normal 0 -1 0
    outer loop
      vertex 27 122 -32
      vertex 12.9 122 -21
      vertex -27 122 -32
    endloop
  endfacet
  facet normal 0 -1 0
    outer loop
      vertex -27 122 -32
      vertex -16.3094 122 -22.4433
      vertex -17.5 122 -22.6
    endloop
  endfacet
  facet normal 0 -1 0
    outer loop
      vertex 12.9 122 -21
      vertex 27 122 -32
      vertex 15.2 122 -21.9837
    endloop
  endfacet
  facet normal 0 -1 0
    outer loop
      vertex -12.9 122 -21
      vertex 12.9 122 -20
      vertex -12.9 122 -20
    endloop
  endfacet
  facet normal 0 -1 -0
    outer loop
      vertex 12.9 122 -20
      vertex -12.9 122 -21
      vertex 12.9 122 -21
    endloop
  endfacet
  facet normal 0 -1 -0
    outer loop
      vertex 20.9466 122 -21
      vertex 20.7527 122 -21.2527
      vertex 22.1 122 -21
    endloop
  endfacet
  facet normal 0 -1 0
    outer loop
      vertex 22.1 122 -21
      vertex 27 122 -20
      vertex 22.1 122 -20
    endloop
  endfacet
  facet normal 0 -1 0
    outer loop
      vertex 19.8 122 -21.9837
      vertex 22.1 122 -21
      vertex 20.7527 122 -21.2527
    endloop
  endfacet
  facet normal 0 -1 0
    outer loop
      vertex 27 122 -32
      vertex 22.1 122 -21
      vertex 19.8 122 -21.9837
    endloop
  endfacet
  facet normal 0 -1 0
    outer loop
      vertex 27 122 -32
      vertex 19.8 122 -21.9837
      vertex 18.6906 122 -22.4433
    endloop
  endfacet
  facet normal 0 -1 0
    outer loop
      vertex 16.3094 122 -22.4433
      vertex 27 122 -32
      vertex 17.5 122 -22.6
    endloop
  endfacet
  facet normal 0 -1 0
    outer loop
      vertex 22.1 122 -21
      vertex 27 122 -32
      vertex 27 122 -20
    endloop
  endfacet
  facet normal 0 -1 0
    outer loop
      vertex 17.5 122 -22.6
      vertex 27 122 -32
      vertex 18.6906 122 -22.4433
    endloop
  endfacet
  facet normal 0.936329 0 0.351123
    outer loop
      vertex 24 122 -8
      vertex 24 118 -8
      vertex 27 122 -16
    endloop
  endfacet
  facet normal -0 0 1
    outer loop
      vertex -24 122 -8
      vertex 24 118 -8
      vertex 24 122 -8
    endloop
  endfacet
  facet normal 0 0 1
    outer loop
      vertex 24 118 -8
      vertex -24 122 -8
      vertex -24 118 -8
    endloop
  endfacet
  facet normal -0.936329 0 0.351123
    outer loop
      vertex -24 122 -8
      vertex -27 122 -16
      vertex -24 118 -8
    endloop
  endfacet
  facet normal 0 -1 0
    outer loop
      vertex -24 118 -12
      vertex 24 118 -8
      vertex -24 118 -8
    endloop
  endfacet
  facet normal 0 -1 -0
    outer loop
      vertex 24 118 -8
      vertex -24 118 -12
      vertex 24 118 -12
    endloop
  endfacet
  facet normal 0.8 -0.6 0
    outer loop
      vertex 24 118 -12
      vertex 27 122 -16
      vertex 24 118 -8
    endloop
  endfacet
  facet normal 0.8 -0.6 0
    outer loop
      vertex 27 122 -16
      vertex 24 118 -12
      vertex 27 122 -20
    endloop
  endfacet
  facet normal -0.8 -0.6 0
    outer loop
      vertex -24 118 -12
      vertex -27 122 -16
      vertex -27 122 -20
    endloop
  endfacet
  facet normal -0.8 -0.6 0
    outer loop
      vertex -27 122 -16
      vertex -24 118 -12
      vertex -24 118 -8
    endloop
  endfacet
  facet normal 0 -0.894427 -0.447214
    outer loop
      vertex -12.9 122 -20
      vertex 12.9 119.5 -15
      vertex -12.9 119.5 -15
    endloop
  endfacet
  facet normal 0 -0.894427 -0.447214
    outer loop
      vertex 12.9 119.5 -15
      vertex -12.9 122 -20
      vertex 12.9 122 -20
    endloop
  endfacet
  facet normal -0 -0.894508 -0.447053
    outer loop
      vertex 16.3094 118.778 -13.5567
      vertex 24 118 -12
      vertex -16.3094 118.778 -13.5567
    endloop
  endfacet
  facet normal 0.000675089 -0.89317 -0.449719
    outer loop
      vertex 24 118 -12
      vertex 16.3094 118.778 -13.5567
      vertex 17.5 118.7 -13.4
    endloop
  endfacet
  facet normal 0 -0.894271 -0.447525
    outer loop
      vertex -15.2 119.008 -14.0163
      vertex 16.3094 118.778 -13.5567
      vertex -16.3094 118.778 -13.5567
    endloop
  endfacet
  facet normal 0 -0.894271 -0.447525
    outer loop
      vertex -15.2 119.008 -14.0163
      vertex 15.2 119.008 -14.0163
      vertex 16.3094 118.778 -13.5567
    endloop
  endfacet
  facet normal -0.000459147 -0.893943 -0.448181
    outer loop
      vertex -12.9 119.5 -15
      vertex -15.2 119.008 -14.0163
      vertex -14.2473 119.374 -14.7473
    endloop
  endfacet
  facet normal 0 -0.894373 -0.447323
    outer loop
      vertex -15.2 119.008 -14.0163
      vertex -12.9 119.5 -15
      vertex 15.2 119.008 -14.0163
    endloop
  endfacet
  facet normal -0 -0.894922 -0.446222
    outer loop
      vertex -12.9 119.5 -15
      vertex -14.2473 119.374 -14.7473
      vertex -14.0534 119.5 -15
    endloop
  endfacet
  facet normal -0 -0.894373 -0.447323
    outer loop
      vertex 12.9 119.5 -15
      vertex 15.2 119.008 -14.0163
      vertex -12.9 119.5 -15
    endloop
  endfacet
  facet normal 0.000459147 -0.893943 -0.448181
    outer loop
      vertex 15.2 119.008 -14.0163
      vertex 12.9 119.5 -15
      vertex 14.2473 119.374 -14.7473
    endloop
  endfacet
  facet normal 0 -0.894922 -0.446222
    outer loop
      vertex 14.2473 119.374 -14.7473
      vertex 12.9 119.5 -15
      vertex 14.0534 119.5 -15
    endloop
  endfacet
  facet normal -0.000675089 -0.89317 -0.449719
    outer loop
      vertex -16.3094 118.778 -13.5567
      vertex -24 118 -12
      vertex -17.5 118.7 -13.4
    endloop
  endfacet
  facet normal 0.00016326 -0.89473 -0.446607
    outer loop
      vertex -24 118 -12
      vertex -18.6906 118.778 -13.5567
      vertex -17.5 118.7 -13.4
    endloop
  endfacet
  facet normal -0.000101344 -0.894369 -0.447329
    outer loop
      vertex -24 118 -12
      vertex -19.8 119.008 -14.0163
      vertex -18.6906 118.778 -13.5567
    endloop
  endfacet
  facet normal -0.000200282 -0.894287 -0.447494
    outer loop
      vertex -24 118 -12
      vertex -20.7527 119.374 -14.7473
      vertex -19.8 119.008 -14.0163
    endloop
  endfacet
  facet normal 0.000207695 -0.89448 -0.447108
    outer loop
      vertex -24 118 -12
      vertex -22.1 119.5 -15
      vertex -20.7527 119.374 -14.7473
    endloop
  endfacet
  facet normal 0 -0.894427 -0.447214
    outer loop
      vertex -27 122 -20
      vertex -22.1 119.5 -15
      vertex -24 118 -12
    endloop
  endfacet
  facet normal 0 -0.894427 -0.447214
    outer loop
      vertex -22.1 119.5 -15
      vertex -27 122 -20
      vertex -22.1 122 -20
    endloop
  endfacet
  facet normal 0 -0.894508 -0.447053
    outer loop
      vertex -24 118 -12
      vertex -16.3094 118.778 -13.5567
      vertex 24 118 -12
    endloop
  endfacet
  facet normal -0.00016326 -0.89473 -0.446607
    outer loop
      vertex 18.6906 118.778 -13.5567
      vertex 24 118 -12
      vertex 17.5 118.7 -13.4
    endloop
  endfacet
  facet normal 0.000101344 -0.894369 -0.447329
    outer loop
      vertex 19.8 119.008 -14.0163
      vertex 24 118 -12
      vertex 18.6906 118.778 -13.5567
    endloop
  endfacet
  facet normal 0.000200282 -0.894287 -0.447494
    outer loop
      vertex 20.7527 119.374 -14.7473
      vertex 24 118 -12
      vertex 19.8 119.008 -14.0163
    endloop
  endfacet
  facet normal -0 -0.894922 -0.446222
    outer loop
      vertex 22.1 119.5 -15
      vertex 20.7527 119.374 -14.7473
      vertex 20.9466 119.5 -15
    endloop
  endfacet
  facet normal -0.000207695 -0.89448 -0.447108
    outer loop
      vertex 20.7527 119.374 -14.7473
      vertex 22.1 119.5 -15
      vertex 24 118 -12
    endloop
  endfacet
  facet normal -0 -0.894427 -0.447214
    outer loop
      vertex 27 122 -20
      vertex 22.1 119.5 -15
      vertex 22.1 122 -20
    endloop
  endfacet
  facet normal 0 -0.894427 -0.447214
    outer loop
      vertex 22.1 119.5 -15
      vertex 27 122 -20
      vertex 24 118 -12
    endloop
  endfacet
  facet normal 0 -0.894922 -0.446222
    outer loop
      vertex -20.7527 119.374 -14.7473
      vertex -22.1 119.5 -15
      vertex -20.9466 119.5 -15
    endloop
  endfacet
  facet normal -1 0 0
    outer loop
      vertex -36 35.4 6
      vertex -36 39.9 16
      vertex -36 39.9 6
    endloop
  endfacet
  facet normal -1 -0 0
    outer loop
      vertex -36 39.9 16
      vertex -36 35.4 6
      vertex -36 35.4 16
    endloop
  endfacet
  facet normal 0 0 -1
    outer loop
      vertex -50 35.4 16
      vertex -36 39.9 16
      vertex -36 35.4 16
    endloop
  endfacet
  facet normal -0 0 -1
    outer loop
      vertex -36 39.9 16
      vertex -50 35.4 16
      vertex -50 39.9 16
    endloop
  endfacet
  facet normal -0 0 1
    outer loop
      vertex -68 35.4 6
      vertex -50 -35.4 6
      vertex -50 35.4 6
    endloop
  endfacet
  facet normal 0 0 1
    outer loop
      vertex -50 -35.4 6
      vertex -68 35.4 6
      vertex -68 -35.4 6
    endloop
  endfacet
  facet normal 0 0 1
    outer loop
      vertex -50 35.4 6
      vertex -36 35.4 6
      vertex -36 39.9 6
    endloop
  endfacet
  facet normal 0 0 1
    outer loop
      vertex -36 35.4 6
      vertex -50 35.4 6
      vertex -36 -35.4 6
    endloop
  endfacet
  facet normal 0 0 1
    outer loop
      vertex -50 35.4 6
      vertex -36 39.9 6
      vertex -50 39.9 6
    endloop
  endfacet
  facet normal 0 0 1
    outer loop
      vertex -50 -35.4 6
      vertex -36 -35.4 6
      vertex -50 35.4 6
    endloop
  endfacet
  facet normal 0 0 1
    outer loop
      vertex -36 -35.4 6
      vertex -50 -35.4 6
      vertex -36 -39.9 6
    endloop
  endfacet
  facet normal 0 0 1
    outer loop
      vertex -36 -39.9 6
      vertex -50 -35.4 6
      vertex -50 -39.9 6
    endloop
  endfacet
  facet normal -0 0 1
    outer loop
      vertex -36 35.4 6
      vertex 35 -35.4 6
      vertex 35 35.4 6
    endloop
  endfacet
  facet normal 0 0 1
    outer loop
      vertex 35 -35.4 6
      vertex -36 35.4 6
      vertex -36 -35.4 6
    endloop
  endfacet
  facet normal 0 0 1
    outer loop
      vertex 35 35.4 6
      vertex 49 35.4 6
      vertex 49 39.9 6
    endloop
  endfacet
  facet normal 0 0 1
    outer loop
      vertex 49 35.4 6
      vertex 35 35.4 6
      vertex 49 -35.4 6
    endloop
  endfacet
  facet normal 0 0 1
    outer loop
      vertex 35 35.4 6
      vertex 49 39.9 6
      vertex 35 39.9 6
    endloop
  endfacet
  facet normal 0 0 1
    outer loop
      vertex 35 -35.4 6
      vertex 49 -35.4 6
      vertex 35 35.4 6
    endloop
  endfacet
  facet normal 0 0 1
    outer loop
      vertex 49 -35.4 6
      vertex 35 -35.4 6
      vertex 49 -39.9 6
    endloop
  endfacet
  facet normal 0 0 1
    outer loop
      vertex 49 -39.9 6
      vertex 35 -35.4 6
      vertex 35 -39.9 6
    endloop
  endfacet
  facet normal -0 0 1
    outer loop
      vertex 49 35.4 6
      vertex 66 -35.4 6
      vertex 66 35.4 6
    endloop
  endfacet
  facet normal 0 0 1
    outer loop
      vertex 66 -35.4 6
      vertex 49 35.4 6
      vertex 49 -35.4 6
    endloop
  endfacet
  facet normal 0 0 1
    outer loop
      vertex 88.1608 37.9 6
      vertex 96 -35.8315 6
      vertex 96 35.8315 6
    endloop
  endfacet
  facet normal 0 0 1
    outer loop
      vertex 88.1608 37.9 6
      vertex 88.1608 -37.9 6
      vertex 96 -35.8315 6
    endloop
  endfacet
  facet normal 0 0 1
    outer loop
      vertex 66 35.4 6
      vertex 88.1608 37.9 6
      vertex 66 37.9 6
    endloop
  endfacet
  facet normal 0 0 1
    outer loop
      vertex 88.1608 37.9 6
      vertex 66 35.4 6
      vertex 88.1608 -37.9 6
    endloop
  endfacet
  facet normal -0 0 1
    outer loop
      vertex 66 -35.4 6
      vertex 88.1608 -37.9 6
      vertex 66 35.4 6
    endloop
  endfacet
  facet normal 0 0 1
    outer loop
      vertex 88.1608 -37.9 6
      vertex 66 -35.4 6
      vertex 66 -37.9 6
    endloop
  endfacet
  facet normal 1 -0 0
    outer loop
      vertex -50 35.4 16
      vertex -50 39.9 6
      vertex -50 39.9 16
    endloop
  endfacet
  facet normal 1 0 0
    outer loop
      vertex -50 39.9 6
      vertex -50 35.4 16
      vertex -50 35.4 6
    endloop
  endfacet
  facet normal 0 -1 0
    outer loop
      vertex -50 39.9 6
      vertex -36 39.9 16
      vertex -50 39.9 16
    endloop
  endfacet
  facet normal 0 -1 -0
    outer loop
      vertex -36 39.9 16
      vertex -50 39.9 6
      vertex -36 39.9 6
    endloop
  endfacet
  facet normal -1 0 0
    outer loop
      vertex -36 -39.9 6
      vertex -36 -35.4 16
      vertex -36 -35.4 6
    endloop
  endfacet
  facet normal -1 -0 0
    outer loop
      vertex -36 -35.4 16
      vertex -36 -39.9 6
      vertex -36 -39.9 16
    endloop
  endfacet
  facet normal 0 0 -1
    outer loop
      vertex -50 -39.9 16
      vertex -36 -35.4 16
      vertex -36 -39.9 16
    endloop
  endfacet
  facet normal -0 0 -1
    outer loop
      vertex -36 -35.4 16
      vertex -50 -39.9 16
      vertex -50 -35.4 16
    endloop
  endfacet
  facet normal 1 -0 0
    outer loop
      vertex -50 -39.9 16
      vertex -50 -35.4 6
      vertex -50 -35.4 16
    endloop
  endfacet
  facet normal 1 0 0
    outer loop
      vertex -50 -35.4 6
      vertex -50 -39.9 16
      vertex -50 -39.9 6
    endloop
  endfacet
  facet normal 0 1 -0
    outer loop
      vertex -36 -39.9 6
      vertex -50 -39.9 16
      vertex -36 -39.9 16
    endloop
  endfacet
  facet normal 0 1 0
    outer loop
      vertex -50 -39.9 16
      vertex -36 -39.9 6
      vertex -50 -39.9 6
    endloop
  endfacet
  facet normal -1 0 0
    outer loop
      vertex 49 35.4 6
      vertex 49 39.9 16
      vertex 49 39.9 6
    endloop
  endfacet
  facet normal -1 -0 0
    outer loop
      vertex 49 39.9 16
      vertex 49 35.4 6
      vertex 49 35.4 16
    endloop
  endfacet
  facet normal 0 0 -1
    outer loop
      vertex 35 35.4 16
      vertex 49 39.9 16
      vertex 49 35.4 16
    endloop
  endfacet
  facet normal -0 0 -1
    outer loop
      vertex 49 39.9 16
      vertex 35 35.4 16
      vertex 35 39.9 16
    endloop
  endfacet
  facet normal 1 -0 0
    outer loop
      vertex 35 35.4 16
      vertex 35 39.9 6
      vertex 35 39.9 16
    endloop
  endfacet
  facet normal 1 0 0
    outer loop
      vertex 35 39.9 6
      vertex 35 35.4 16
      vertex 35 35.4 6
    endloop
  endfacet
  facet normal 0 -1 0
    outer loop
      vertex 35 39.9 6
      vertex 49 39.9 16
      vertex 35 39.9 16
    endloop
  endfacet
  facet normal 0 -1 -0
    outer loop
      vertex 49 39.9 16
      vertex 35 39.9 6
      vertex 49 39.9 6
    endloop
  endfacet
  facet normal -1 0 0
    outer loop
      vertex 49 -39.9 6
      vertex 49 -35.4 16
      vertex 49 -35.4 6
    endloop
  endfacet
  facet normal -1 -0 0
    outer loop
      vertex 49 -35.4 16
      vertex 49 -39.9 6
      vertex 49 -39.9 16
    endloop
  endfacet
  facet normal 0 0 -1
    outer loop
      vertex 35 -39.9 16
      vertex 49 -35.4 16
      vertex 49 -39.9 16
    endloop
  endfacet
  facet normal -0 0 -1
    outer loop
      vertex 49 -35.4 16
      vertex 35 -39.9 16
      vertex 35 -35.4 16
    endloop
  endfacet
  facet normal 1 -0 0
    outer loop
      vertex 35 -39.9 16
      vertex 35 -35.4 6
      vertex 35 -35.4 16
    endloop
  endfacet
  facet normal 1 0 0
    outer loop
      vertex 35 -35.4 6
      vertex 35 -39.9 16
      vertex 35 -39.9 6
    endloop
  endfacet
  facet normal 0 1 -0
    outer loop
      vertex 49 -39.9 6
      vertex 35 -39.9 16
      vertex 49 -39.9 16
    endloop
  endfacet
  facet normal 0 1 0
    outer loop
      vertex 35 -39.9 16
      vertex 49 -39.9 6
      vertex 35 -39.9 6
    endloop
  endfacet
  facet normal 1 0 0
    outer loop
      vertex -68 8 17
      vertex -68 35.4 46.2875
      vertex -68 8 37
    endloop
  endfacet
  facet normal 1 0 0
    outer loop
      vertex -68 0 48.5
      vertex -68 8 37
      vertex -68 35.4 46.2875
    endloop
  endfacet
  facet normal 1 0 0
    outer loop
      vertex -68 0 48.5
      vertex -68 -8 37
      vertex -68 8 37
    endloop
  endfacet
  facet normal 1 0 0
    outer loop
      vertex -68 -8 37
      vertex -68 -35.4 46.2875
      vertex -68 -8 17
    endloop
  endfacet
  facet normal 1 -0 0
    outer loop
      vertex -68 -35.4 46.2875
      vertex -68 -8 37
      vertex -68 0 48.5
    endloop
  endfacet
  facet normal 1 0 0
    outer loop
      vertex -68 35.4 46.2875
      vertex -68 8 17
      vertex -68 35.4 6
    endloop
  endfacet
  facet normal 1 0 0
    outer loop
      vertex -68 1.16469 16.9465
      vertex -68 8 17
      vertex -68 1.25118 17
    endloop
  endfacet
  facet normal 1 0 0
    outer loop
      vertex -68 0.60308 16.836
      vertex -68 8 17
      vertex -68 1.16469 16.9465
    endloop
  endfacet
  facet normal 1 0 0
    outer loop
      vertex -68 0 16.7173
      vertex -68 8 17
      vertex -68 0.60308 16.836
    endloop
  endfacet
  facet normal 1 0 0
    outer loop
      vertex -68 8 17
      vertex -68 0 16.7173
      vertex -68 35.4 6
    endloop
  endfacet
  facet normal 1 0 0
    outer loop
      vertex -68 -8 17
      vertex -68 0 16.7173
      vertex -68 -0.60308 16.836
    endloop
  endfacet
  facet normal 1 0 0
    outer loop
      vertex -68 -8 17
      vertex -68 -0.60308 16.836
      vertex -68 -1.16469 16.9465
    endloop
  endfacet
  facet normal 1 -0 0
    outer loop
      vertex -68 -8 17
      vertex -68 -1.16469 16.9465
      vertex -68 -1.25118 17
    endloop
  endfacet
  facet normal 1 0 0
    outer loop
      vertex -68 0 16.7173
      vertex -68 -8 17
      vertex -68 -35.4 6
    endloop
  endfacet
  facet normal 1 0 0
    outer loop
      vertex -68 0 16.7173
      vertex -68 -35.4 6
      vertex -68 35.4 6
    endloop
  endfacet
  facet normal 1 0 0
    outer loop
      vertex -68 -35.4 6
      vertex -68 -8 17
      vertex -68 -35.4 46.2875
    endloop
  endfacet
  facet normal 0 -1 0
    outer loop
      vertex -36 35.4 6
      vertex 35 35.4 16
      vertex -36 35.4 16
    endloop
  endfacet
  facet normal 0 -1 -0
    outer loop
      vertex 35 35.4 16
      vertex -36 35.4 6
      vertex 35 35.4 6
    endloop
  endfacet
  facet normal 0 -1 0
    outer loop
      vertex -36 35.4 16
      vertex -68 35.4 46.2875
      vertex -50 35.4 16
    endloop
  endfacet
  facet normal 0 -1 0
    outer loop
      vertex -68 35.4 6
      vertex -50 35.4 16
      vertex -68 35.4 46.2875
    endloop
  endfacet
  facet normal 0 -1 -0
    outer loop
      vertex -50 35.4 16
      vertex -68 35.4 6
      vertex -50 35.4 6
    endloop
  endfacet
  facet normal 0 -1 0
    outer loop
      vertex -68 35.4 46.2875
      vertex -36 35.4 16
      vertex 66 35.4 46.2875
    endloop
  endfacet
  facet normal 0 -1 0
    outer loop
      vertex 35 35.4 16
      vertex 66 35.4 46.2875
      vertex -36 35.4 16
    endloop
  endfacet
  facet normal 0 -1 0
    outer loop
      vertex 49 35.4 16
      vertex 66 35.4 46.2875
      vertex 35 35.4 16
    endloop
  endfacet
  facet normal 0 -1 0
    outer loop
      vertex 66 35.4 6
      vertex 49 35.4 16
      vertex 49 35.4 6
    endloop
  endfacet
  facet normal 0 -1 0
    outer loop
      vertex 49 35.4 16
      vertex 66 35.4 6
      vertex 66 35.4 46.2875
    endloop
  endfacet
  facet normal 0 1 -0
    outer loop
      vertex 35 -35.4 6
      vertex -36 -35.4 16
      vertex 35 -35.4 16
    endloop
  endfacet
  facet normal 0 1 0
    outer loop
      vertex -36 -35.4 16
      vertex 35 -35.4 6
      vertex -36 -35.4 6
    endloop
  endfacet
  facet normal 0 1 0
    outer loop
      vertex 35 -35.4 16
      vertex 66 -35.4 46.2875
      vertex 49 -35.4 16
    endloop
  endfacet
  facet normal 0 1 -0
    outer loop
      vertex 66 -35.4 6
      vertex 49 -35.4 16
      vertex 66 -35.4 46.2875
    endloop
  endfacet
  facet normal 0 1 0
    outer loop
      vertex 49 -35.4 16
      vertex 66 -35.4 6
      vertex 49 -35.4 6
    endloop
  endfacet
  facet normal 0 1 0
    outer loop
      vertex -36 -35.4 16
      vertex 66 -35.4 46.2875
      vertex 35 -35.4 16
    endloop
  endfacet
  facet normal 0 1 0
    outer loop
      vertex 66 -35.4 46.2875
      vertex -36 -35.4 16
      vertex -68 -35.4 46.2875
    endloop
  endfacet
  facet normal 0 1 -0
    outer loop
      vertex -50 -35.4 16
      vertex -68 -35.4 46.2875
      vertex -36 -35.4 16
    endloop
  endfacet
  facet normal 0 1 0
    outer loop
      vertex -68 -35.4 6
      vertex -50 -35.4 16
      vertex -50 -35.4 6
    endloop
  endfacet
  facet normal 0 1 0
    outer loop
      vertex -50 -35.4 16
      vertex -68 -35.4 6
      vertex -68 -35.4 46.2875
    endloop
  endfacet
  facet normal 0 0 -1
    outer loop
      vertex -83 -8 37
      vertex -68 8 37
      vertex -68 -8 37
    endloop
  endfacet
  facet normal -0 0 -1
    outer loop
      vertex -68 8 37
      vertex -83 -8 37
      vertex -83 8 37
    endloop
  endfacet
  facet normal 0 0 1
    outer loop
      vertex -68 8 17
      vertex -68.5567 2.25 17
      vertex -68 1.25118 17
    endloop
  endfacet
  facet normal 0 0 1
    outer loop
      vertex -68 8 17
      vertex -69.0298 2.70821 17
      vertex -68.5567 2.25 17
    endloop
  endfacet
  facet normal 0 0 1
    outer loop
      vertex -68 8 17
      vertex -69.519 3.18198 17
      vertex -69.0298 2.70821 17
    endloop
  endfacet
  facet normal 0 0 1
    outer loop
      vertex -68 8 17
      vertex -70.7731 3.89711 17
      vertex -69.519 3.18198 17
    endloop
  endfacet
  facet normal 0 0 1
    outer loop
      vertex -68 8 17
      vertex -71.5319 4.13068 17
      vertex -70.7731 3.89711 17
    endloop
  endfacet
  facet normal 0 0 1
    outer loop
      vertex -68 8 17
      vertex -72.2336 4.34667 17
      vertex -71.5319 4.13068 17
    endloop
  endfacet
  facet normal 0 0 1
    outer loop
      vertex -68 8 17
      vertex -72.9616 4.41789 17
      vertex -72.2336 4.34667 17
    endloop
  endfacet
  facet normal 0 0 1
    outer loop
      vertex -68 8 17
      vertex -73.8008 4.5 17
      vertex -72.9616 4.41789 17
    endloop
  endfacet
  facet normal 0 0 1
    outer loop
      vertex -68 8 17
      vertex -74.5019 4.43141 17
      vertex -73.8008 4.5 17
    endloop
  endfacet
  facet normal -0 0 1
    outer loop
      vertex -83 8 17
      vertex -74.5019 4.43141 17
      vertex -68 8 17
    endloop
  endfacet
  facet normal 0 0 1
    outer loop
      vertex -74.5019 4.43141 17
      vertex -83 8 17
      vertex -75.368 4.34667 17
    endloop
  endfacet
  facet normal 0 0 1
    outer loop
      vertex -75.368 4.34667 17
      vertex -83 8 17
      vertex -76.2029 4.08968 17
    endloop
  endfacet
  facet normal 0 0 1
    outer loop
      vertex -79.7301 0.711598 17
      vertex -83 8 17
      vertex -79.8562 0 17
    endloop
  endfacet
  facet normal 0 0 1
    outer loop
      vertex -79.6498 1.16469 17
      vertex -83 8 17
      vertex -79.7301 0.711598 17
    endloop
  endfacet
  facet normal 0 0 1
    outer loop
      vertex -79.0449 2.25 17
      vertex -83 8 17
      vertex -79.6498 1.16469 17
    endloop
  endfacet
  facet normal 0 0 1
    outer loop
      vertex -78.659 2.62369 17
      vertex -83 8 17
      vertex -79.0449 2.25 17
    endloop
  endfacet
  facet normal 0 0 1
    outer loop
      vertex -78.0826 3.18198 17
      vertex -83 8 17
      vertex -78.659 2.62369 17
    endloop
  endfacet
  facet normal 0 0 1
    outer loop
      vertex -76.8285 3.89711 17
      vertex -83 8 17
      vertex -78.0826 3.18198 17
    endloop
  endfacet
  facet normal 0 0 1
    outer loop
      vertex -76.2029 4.08968 17
      vertex -83 8 17
      vertex -76.8285 3.89711 17
    endloop
  endfacet
  facet normal -0 0 1
    outer loop
      vertex -68.5567 -2.25 17
      vertex -68 -8 17
      vertex -68 -1.25118 17
    endloop
  endfacet
  facet normal -0 0 1
    outer loop
      vertex -69.0298 -2.70821 17
      vertex -68 -8 17
      vertex -68.5567 -2.25 17
    endloop
  endfacet
  facet normal -0 0 1
    outer loop
      vertex -69.519 -3.18198 17
      vertex -68 -8 17
      vertex -69.0298 -2.70821 17
    endloop
  endfacet
  facet normal -0 0 1
    outer loop
      vertex -70.7731 -3.89711 17
      vertex -68 -8 17
      vertex -69.519 -3.18198 17
    endloop
  endfacet
  facet normal -0 0 1
    outer loop
      vertex -71.5319 -4.13068 17
      vertex -68 -8 17
      vertex -70.7731 -3.89711 17
    endloop
  endfacet
  facet normal -0 0 1
    outer loop
      vertex -72.2336 -4.34667 17
      vertex -68 -8 17
      vertex -71.5319 -4.13068 17
    endloop
  endfacet
  facet normal -0 0 1
    outer loop
      vertex -72.9616 -4.41789 17
      vertex -68 -8 17
      vertex -72.2336 -4.34667 17
    endloop
  endfacet
  facet normal -0 0 1
    outer loop
      vertex -73.8008 -4.5 17
      vertex -68 -8 17
      vertex -72.9616 -4.41789 17
    endloop
  endfacet
  facet normal 0 0 1
    outer loop
      vertex -74.5019 -4.43141 17
      vertex -68 -8 17
      vertex -73.8008 -4.5 17
    endloop
  endfacet
  facet normal 0 0 1
    outer loop
      vertex -83 -8 17
      vertex -74.5019 -4.43141 17
      vertex -75.368 -4.34667 17
    endloop
  endfacet
  facet normal 0 0 1
    outer loop
      vertex -83 -8 17
      vertex -75.368 -4.34667 17
      vertex -76.2029 -4.08968 17
    endloop
  endfacet
  facet normal 0 0 1
    outer loop
      vertex -83 -8 17
      vertex -76.2029 -4.08968 17
      vertex -76.8285 -3.89711 17
    endloop
  endfacet
  facet normal 0 0 1
    outer loop
      vertex -83 -8 17
      vertex -79.8562 0 17
      vertex -83 8 17
    endloop
  endfacet
  facet normal 0 0 1
    outer loop
      vertex -79.8562 0 17
      vertex -83 -8 17
      vertex -79.7301 -0.711598 17
    endloop
  endfacet
  facet normal 0 0 1
    outer loop
      vertex -74.5019 -4.43141 17
      vertex -83 -8 17
      vertex -68 -8 17
    endloop
  endfacet
  facet normal 0 0 1
    outer loop
      vertex -78.0826 -3.18198 17
      vertex -83 -8 17
      vertex -76.8285 -3.89711 17
    endloop
  endfacet
  facet normal 0 0 1
    outer loop
      vertex -78.659 -2.62369 17
      vertex -83 -8 17
      vertex -78.0826 -3.18198 17
    endloop
  endfacet
  facet normal 0 0 1
    outer loop
      vertex -79.0449 -2.25 17
      vertex -83 -8 17
      vertex -78.659 -2.62369 17
    endloop
  endfacet
  facet normal 0 0 1
    outer loop
      vertex -79.6498 -1.16469 17
      vertex -83 -8 17
      vertex -79.0449 -2.25 17
    endloop
  endfacet
  facet normal 0 0 1
    outer loop
      vertex -79.7301 -0.711598 17
      vertex -83 -8 17
      vertex -79.6498 -1.16469 17
    endloop
  endfacet
  facet normal 1 -0 0
    outer loop
      vertex -83 -8 37
      vertex -83 8 17
      vertex -83 8 37
    endloop
  endfacet
  facet normal 1 0 0
    outer loop
      vertex -83 8 17
      vertex -83 -8 37
      vertex -83 -8 17
    endloop
  endfacet
  facet normal 0 -1 0
    outer loop
      vertex -83 8 17
      vertex -68 8 37
      vertex -83 8 37
    endloop
  endfacet
  facet normal 0 -1 -0
    outer loop
      vertex -68 8 37
      vertex -83 8 17
      vertex -68 8 17
    endloop
  endfacet
  facet normal 0 1 -0
    outer loop
      vertex -68 -8 17
      vertex -83 -8 37
      vertex -68 -8 37
    endloop
  endfacet
  facet normal 0 1 0
    outer loop
      vertex -83 -8 37
      vertex -68 -8 17
      vertex -83 -8 17
    endloop
  endfacet
  facet normal -1 0 0
    outer loop
      vertex 96 19.2765 33.5441
      vertex 96 37.3529 18.0176
      vertex 96 36.6824 9.97059
    endloop
  endfacet
  facet normal -1 0 0
    outer loop
      vertex 96 19.2765 33.5441
      vertex 96 36.6824 9.97059
      vertex 96 35.8315 6
    endloop
  endfacet
  facet normal -1 0 0
    outer loop
      vertex 96 37.3529 18.0176
      vertex 96 19.2765 33.5441
      vertex 96 36.0118 25.3941
    endloop
  endfacet
  facet normal -1 0 0
    outer loop
      vertex 96 36.0118 25.3941
      vertex 96 19.2765 33.5441
      vertex 96 32.6882 32.7059
    endloop
  endfacet
  facet normal -1 0 0
    outer loop
      vertex 96 35.8315 6
      vertex 96 0 34.7406
      vertex 96 19.2765 33.5441
    endloop
  endfacet
  facet normal -1 0 0
    outer loop
      vertex 96 -35.8315 6
      vertex 96 0 34.7406
      vertex 96 35.8315 6
    endloop
  endfacet
  facet normal -1 0 0
    outer loop
      vertex 96 0 34.7406
      vertex 96 -35.8315 6
      vertex 96 -19.2765 33.5441
    endloop
  endfacet
  facet normal -1 0 0
    outer loop
      vertex 96 -36.6824 9.97059
      vertex 96 -19.2765 33.5441
      vertex 96 -35.8315 6
    endloop
  endfacet
  facet normal -1 0 0
    outer loop
      vertex 96 -37.3529 18.0176
      vertex 96 -19.2765 33.5441
      vertex 96 -36.6824 9.97059
    endloop
  endfacet
  facet normal -1 0 0
    outer loop
      vertex 96 -19.2765 33.5441
      vertex 96 -36.0118 25.3941
      vertex 96 -32.6882 32.7059
    endloop
  endfacet
  facet normal -1 0 0
    outer loop
      vertex 96 -19.2765 33.5441
      vertex 96 -37.3529 18.0176
      vertex 96 -36.0118 25.3941
    endloop
  endfacet
  facet normal 1 0 0
    outer loop
      vertex 66 35.4 6
      vertex 66 37.9 46.1312
      vertex 66 35.4 46.2875
    endloop
  endfacet
  facet normal 1 0 0
    outer loop
      vertex 66 37.9 46.1312
      vertex 66 35.4 6
      vertex 66 37.9 6
    endloop
  endfacet
  facet normal 1 -0 0
    outer loop
      vertex 66 -37.9 46.1312
      vertex 66 -35.4 6
      vertex 66 -35.4 46.2875
    endloop
  endfacet
  facet normal 1 0 0
    outer loop
      vertex 66 -35.4 6
      vertex 66 -37.9 46.1312
      vertex 66 -37.9 6
    endloop
  endfacet
  facet normal 0 -1 0
    outer loop
      vertex 66 37.9 46.1312
      vertex 75.8636 37.9 42.1818
      vertex 67.75 37.9 46.1312
    endloop
  endfacet
  facet normal 0 -1 0
    outer loop
      vertex 66 37.9 6
      vertex 75.8636 37.9 42.1818
      vertex 66 37.9 46.1312
    endloop
  endfacet
  facet normal 0 -1 -0
    outer loop
      vertex 75.8636 37.9 42.1818
      vertex 66 37.9 6
      vertex 82.625 37.9 35.15
    endloop
  endfacet
  facet normal 0 -1 -0
    outer loop
      vertex 82.625 37.9 35.15
      vertex 66 37.9 6
      vertex 93.675 37.9 18.51
    endloop
  endfacet
  facet normal 0 -1 0
    outer loop
      vertex 93.675 37.9 18.51
      vertex 66 37.9 6
      vertex 89.5312 37.9 7.6875
    endloop
  endfacet
  facet normal 0 -1 0
    outer loop
      vertex 89.5312 37.9 7.6875
      vertex 66 37.9 6
      vertex 88.1608 37.9 6
    endloop
  endfacet
  facet normal 0 1 0
    outer loop
      vertex 75.8636 -37.9 42.1818
      vertex 66 -37.9 46.1312
      vertex 67.75 -37.9 46.1312
    endloop
  endfacet
  facet normal 0 1 0
    outer loop
      vertex 66 -37.9 6
      vertex 75.8636 -37.9 42.1818
      vertex 82.625 -37.9 35.15
    endloop
  endfacet
  facet normal 0 1 0
    outer loop
      vertex 66 -37.9 6
      vertex 82.625 -37.9 35.15
      vertex 93.675 -37.9 18.51
    endloop
  endfacet
  facet normal 0 1 0
    outer loop
      vertex 66 -37.9 6
      vertex 93.675 -37.9 18.51
      vertex 89.5312 -37.9 7.6875
    endloop
  endfacet
  facet normal 0 1 0
    outer loop
      vertex 66 -37.9 6
      vertex 89.5312 -37.9 7.6875
      vertex 88.1608 -37.9 6
    endloop
  endfacet
  facet normal 0 1 0
    outer loop
      vertex 75.8636 -37.9 42.1818
      vertex 66 -37.9 6
      vertex 66 -37.9 46.1312
    endloop
  endfacet
  facet normal -0.608744 0 -0.793366
    outer loop
      vertex -15.2 -130 -14.0163
      vertex -14.2473 -119.374 -14.7473
      vertex -14.2473 -130 -14.7473
    endloop
  endfacet
  facet normal -0.608744 0 -0.793366
    outer loop
      vertex -14.2473 -119.374 -14.7473
      vertex -15.2 -130 -14.0163
      vertex -15.2 -119.008 -14.0163
    endloop
  endfacet
  facet normal -0.793359 0 -0.608754
    outer loop
      vertex -14.2473 -130 -14.7473
      vertex -14.0534 -119.5 -15
      vertex -14.0534 -130 -15
    endloop
  endfacet
  facet normal -0.793359 0 -0.608754
    outer loop
      vertex -14.0534 -119.5 -15
      vertex -14.2473 -130 -14.7473
      vertex -14.2473 -119.374 -14.7473
    endloop
  endfacet
  facet normal -0.130489 0 -0.99145
    outer loop
      vertex -17.5 -130 -13.4
      vertex -16.3094 -118.778 -13.5567
      vertex -16.3094 -130 -13.5567
    endloop
  endfacet
  facet normal -0.130489 0 -0.99145
    outer loop
      vertex -16.3094 -118.778 -13.5567
      vertex -17.5 -130 -13.4
      vertex -17.5 -118.7 -13.4
    endloop
  endfacet
  facet normal -0.608744 0 0.793366
    outer loop
      vertex -15.2 -122 -21.9837
      vertex -14.2473 -130 -21.2527
      vertex -14.2473 -122 -21.2527
    endloop
  endfacet
  facet normal -0.608744 0 0.793366
    outer loop
      vertex -14.2473 -130 -21.2527
      vertex -15.2 -122 -21.9837
      vertex -15.2 -130 -21.9837
    endloop
  endfacet
  facet normal 0.382734 0 0.923858
    outer loop
      vertex -19.8 -122 -21.9837
      vertex -18.6906 -130 -22.4433
      vertex -18.6906 -122 -22.4433
    endloop
  endfacet
  facet normal 0.382734 0 0.923858
    outer loop
      vertex -18.6906 -130 -22.4433
      vertex -19.8 -122 -21.9837
      vertex -19.8 -130 -21.9837
    endloop
  endfacet
  facet normal -0.793359 0 0.608754
    outer loop
      vertex -14.2473 -130 -21.2527
      vertex -14.0534 -122 -21
      vertex -14.2473 -122 -21.2527
    endloop
  endfacet
  facet normal -0.793359 0 0.608754
    outer loop
      vertex -14.0534 -122 -21
      vertex -14.2473 -130 -21.2527
      vertex -14.0534 -130 -21
    endloop
  endfacet
  facet normal -0.130489 0 0.99145
    outer loop
      vertex -17.5 -122 -22.6
      vertex -16.3094 -130 -22.4433
      vertex -16.3094 -122 -22.4433
    endloop
  endfacet
  facet normal -0.130489 0 0.99145
    outer loop
      vertex -16.3094 -130 -22.4433
      vertex -17.5 -122 -22.6
      vertex -17.5 -130 -22.6
    endloop
  endfacet
  facet normal 0.382734 0 -0.923858
    outer loop
      vertex -19.8 -119.008 -14.0163
      vertex -18.6906 -130 -13.5567
      vertex -19.8 -130 -14.0163
    endloop
  endfacet
  facet normal 0.382734 0 -0.923858
    outer loop
      vertex -18.6906 -130 -13.5567
      vertex -19.8 -119.008 -14.0163
      vertex -18.6906 -118.778 -13.5567
    endloop
  endfacet
  facet normal -0.382734 0 0.923858
    outer loop
      vertex -16.3094 -122 -22.4433
      vertex -15.2 -130 -21.9837
      vertex -15.2 -122 -21.9837
    endloop
  endfacet
  facet normal -0.382734 0 0.923858
    outer loop
      vertex -15.2 -130 -21.9837
      vertex -16.3094 -122 -22.4433
      vertex -16.3094 -130 -22.4433
    endloop
  endfacet
  facet normal 0.793359 -0 0.608754
    outer loop
      vertex -20.9466 -130 -21
      vertex -20.7527 -122 -21.2527
      vertex -20.9466 -122 -21
    endloop
  endfacet
  facet normal 0.793359 0 0.608754
    outer loop
      vertex -20.7527 -122 -21.2527
      vertex -20.9466 -130 -21
      vertex -20.7527 -130 -21.2527
    endloop
  endfacet
  facet normal 0.130489 0 0.99145
    outer loop
      vertex -18.6906 -122 -22.4433
      vertex -17.5 -130 -22.6
      vertex -17.5 -122 -22.6
    endloop
  endfacet
  facet normal 0.130489 0 0.99145
    outer loop
      vertex -17.5 -130 -22.6
      vertex -18.6906 -122 -22.4433
      vertex -18.6906 -130 -22.4433
    endloop
  endfacet
  facet normal -0.382734 0 -0.923858
    outer loop
      vertex -16.3094 -130 -13.5567
      vertex -15.2 -119.008 -14.0163
      vertex -15.2 -130 -14.0163
    endloop
  endfacet
  facet normal -0.382734 0 -0.923858
    outer loop
      vertex -15.2 -119.008 -14.0163
      vertex -16.3094 -130 -13.5567
      vertex -16.3094 -118.778 -13.5567
    endloop
  endfacet
  facet normal 0.608744 0 -0.793366
    outer loop
      vertex -20.7527 -119.374 -14.7473
      vertex -19.8 -130 -14.0163
      vertex -20.7527 -130 -14.7473
    endloop
  endfacet
  facet normal 0.608744 0 -0.793366
    outer loop
      vertex -19.8 -130 -14.0163
      vertex -20.7527 -119.374 -14.7473
      vertex -19.8 -119.008 -14.0163
    endloop
  endfacet
  facet normal 0.793359 0 -0.608754
    outer loop
      vertex -20.7527 -130 -14.7473
      vertex -20.9466 -119.5 -15
      vertex -20.7527 -119.374 -14.7473
    endloop
  endfacet
  facet normal 0.793359 0 -0.608754
    outer loop
      vertex -20.9466 -119.5 -15
      vertex -20.7527 -130 -14.7473
      vertex -20.9466 -130 -15
    endloop
  endfacet
  facet normal 0.608744 0 0.793366
    outer loop
      vertex -20.7527 -122 -21.2527
      vertex -19.8 -130 -21.9837
      vertex -19.8 -122 -21.9837
    endloop
  endfacet
  facet normal 0.608744 0 0.793366
    outer loop
      vertex -19.8 -130 -21.9837
      vertex -20.7527 -122 -21.2527
      vertex -20.7527 -130 -21.2527
    endloop
  endfacet
  facet normal 0.130489 0 -0.99145
    outer loop
      vertex -18.6906 -118.778 -13.5567
      vertex -17.5 -130 -13.4
      vertex -18.6906 -130 -13.5567
    endloop
  endfacet
  facet normal 0.130489 0 -0.99145
    outer loop
      vertex -17.5 -130 -13.4
      vertex -18.6906 -118.778 -13.5567
      vertex -17.5 -118.7 -13.4
    endloop
  endfacet
  facet normal -1 0 0
    outer loop
      vertex -12.9 -122 -21
      vertex -12.9 -130 -21
      vertex -12.9 -122 -20
    endloop
  endfacet
  facet normal -1 0 0
    outer loop
      vertex -12.9 -130 -15
      vertex -12.9 -122 -20
      vertex -12.9 -130 -21
    endloop
  endfacet
  facet normal -1 0 0
    outer loop
      vertex -12.9 -122 -20
      vertex -12.9 -130 -15
      vertex -12.9 -119.5 -15
    endloop
  endfacet
  facet normal 0 0 -1
    outer loop
      vertex -22.1 -130 -15
      vertex -20.9466 -119.5 -15
      vertex -20.9466 -130 -15
    endloop
  endfacet
  facet normal -0 0 -1
    outer loop
      vertex -20.9466 -119.5 -15
      vertex -22.1 -130 -15
      vertex -22.1 -119.5 -15
    endloop
  endfacet
  facet normal 0 0 -1
    outer loop
      vertex -14.0534 -130 -15
      vertex -12.9 -119.5 -15
      vertex -12.9 -130 -15
    endloop
  endfacet
  facet normal -0 0 -1
    outer loop
      vertex -12.9 -119.5 -15
      vertex -14.0534 -130 -15
      vertex -14.0534 -119.5 -15
    endloop
  endfacet
  facet normal -0 0 1
    outer loop
      vertex -22.1 -122 -21
      vertex -20.9466 -130 -21
      vertex -20.9466 -122 -21
    endloop
  endfacet
  facet normal 0 0 1
    outer loop
      vertex -20.9466 -130 -21
      vertex -22.1 -122 -21
      vertex -22.1 -130 -21
    endloop
  endfacet
  facet normal -0 0 1
    outer loop
      vertex -14.0534 -122 -21
      vertex -12.9 -130 -21
      vertex -12.9 -122 -21
    endloop
  endfacet
  facet normal 0 0 1
    outer loop
      vertex -12.9 -130 -21
      vertex -14.0534 -122 -21
      vertex -14.0534 -130 -21
    endloop
  endfacet
  facet normal 1 -0 0
    outer loop
      vertex -22.1 -130 -15
      vertex -22.1 -122 -20
      vertex -22.1 -119.5 -15
    endloop
  endfacet
  facet normal 1 0 0
    outer loop
      vertex -22.1 -130 -21
      vertex -22.1 -122 -20
      vertex -22.1 -130 -15
    endloop
  endfacet
  facet normal 1 0 0
    outer loop
      vertex -22.1 -122 -20
      vertex -22.1 -130 -21
      vertex -22.1 -122 -21
    endloop
  endfacet
  facet normal -0.608744 -0 -0.793366
    outer loop
      vertex -15.2 130 -14.0163
      vertex -14.2473 119.374 -14.7473
      vertex -15.2 119.008 -14.0163
    endloop
  endfacet
  facet normal -0.608744 0 -0.793366
    outer loop
      vertex -14.2473 119.374 -14.7473
      vertex -15.2 130 -14.0163
      vertex -14.2473 130 -14.7473
    endloop
  endfacet
  facet normal -0.793359 0 -0.608754
    outer loop
      vertex -14.0534 119.5 -15
      vertex -14.2473 130 -14.7473
      vertex -14.0534 130 -15
    endloop
  endfacet
  facet normal -0.793359 -0 -0.608754
    outer loop
      vertex -14.2473 130 -14.7473
      vertex -14.0534 119.5 -15
      vertex -14.2473 119.374 -14.7473
    endloop
  endfacet
  facet normal -0.382734 -0 -0.923858
    outer loop
      vertex -16.3094 130 -13.5567
      vertex -15.2 119.008 -14.0163
      vertex -16.3094 118.778 -13.5567
    endloop
  endfacet
  facet normal -0.382734 0 -0.923858
    outer loop
      vertex -15.2 119.008 -14.0163
      vertex -16.3094 130 -13.5567
      vertex -15.2 130 -14.0163
    endloop
  endfacet
  facet normal -0.608744 0 0.793366
    outer loop
      vertex -15.2 130 -21.9837
      vertex -14.2473 122 -21.2527
      vertex -14.2473 130 -21.2527
    endloop
  endfacet
  facet normal -0.608744 0 0.793366
    outer loop
      vertex -14.2473 122 -21.2527
      vertex -15.2 130 -21.9837
      vertex -15.2 122 -21.9837
    endloop
  endfacet
  facet normal 0.382734 0 0.923858
    outer loop
      vertex -19.8 130 -21.9837
      vertex -18.6906 122 -22.4433
      vertex -18.6906 130 -22.4433
    endloop
  endfacet
  facet normal 0.382734 0 0.923858
    outer loop
      vertex -18.6906 122 -22.4433
      vertex -19.8 130 -21.9837
      vertex -19.8 122 -21.9837
    endloop
  endfacet
  facet normal -0.793359 0 0.608754
    outer loop
      vertex -14.2473 122 -21.2527
      vertex -14.0534 130 -21
      vertex -14.2473 130 -21.2527
    endloop
  endfacet
  facet normal -0.793359 0 0.608754
    outer loop
      vertex -14.0534 130 -21
      vertex -14.2473 122 -21.2527
      vertex -14.0534 122 -21
    endloop
  endfacet
  facet normal -0.130489 0 0.99145
    outer loop
      vertex -17.5 130 -22.6
      vertex -16.3094 122 -22.4433
      vertex -16.3094 130 -22.4433
    endloop
  endfacet
  facet normal -0.130489 0 0.99145
    outer loop
      vertex -16.3094 122 -22.4433
      vertex -17.5 130 -22.6
      vertex -17.5 122 -22.6
    endloop
  endfacet
  facet normal 0.382734 0 -0.923858
    outer loop
      vertex -19.8 119.008 -14.0163
      vertex -18.6906 130 -13.5567
      vertex -18.6906 118.778 -13.5567
    endloop
  endfacet
  facet normal 0.382734 0 -0.923858
    outer loop
      vertex -18.6906 130 -13.5567
      vertex -19.8 119.008 -14.0163
      vertex -19.8 130 -14.0163
    endloop
  endfacet
  facet normal -0.382734 0 0.923858
    outer loop
      vertex -16.3094 130 -22.4433
      vertex -15.2 122 -21.9837
      vertex -15.2 130 -21.9837
    endloop
  endfacet
  facet normal -0.382734 0 0.923858
    outer loop
      vertex -15.2 122 -21.9837
      vertex -16.3094 130 -22.4433
      vertex -16.3094 122 -22.4433
    endloop
  endfacet
  facet normal 0.793359 -0 0.608754
    outer loop
      vertex -20.9466 122 -21
      vertex -20.7527 130 -21.2527
      vertex -20.9466 130 -21
    endloop
  endfacet
  facet normal 0.793359 0 0.608754
    outer loop
      vertex -20.7527 130 -21.2527
      vertex -20.9466 122 -21
      vertex -20.7527 122 -21.2527
    endloop
  endfacet
  facet normal 0.130489 0 0.99145
    outer loop
      vertex -18.6906 130 -22.4433
      vertex -17.5 122 -22.6
      vertex -17.5 130 -22.6
    endloop
  endfacet
  facet normal 0.130489 0 0.99145
    outer loop
      vertex -17.5 122 -22.6
      vertex -18.6906 130 -22.4433
      vertex -18.6906 122 -22.4433
    endloop
  endfacet
  facet normal 0.608744 0 -0.793366
    outer loop
      vertex -20.7527 119.374 -14.7473
      vertex -19.8 130 -14.0163
      vertex -19.8 119.008 -14.0163
    endloop
  endfacet
  facet normal 0.608744 0 -0.793366
    outer loop
      vertex -19.8 130 -14.0163
      vertex -20.7527 119.374 -14.7473
      vertex -20.7527 130 -14.7473
    endloop
  endfacet
  facet normal 0.793359 0 -0.608754
    outer loop
      vertex -20.7527 130 -14.7473
      vertex -20.9466 119.5 -15
      vertex -20.9466 130 -15
    endloop
  endfacet
  facet normal 0.793359 0 -0.608754
    outer loop
      vertex -20.9466 119.5 -15
      vertex -20.7527 130 -14.7473
      vertex -20.7527 119.374 -14.7473
    endloop
  endfacet
  facet normal -0.130489 -0 -0.99145
    outer loop
      vertex -17.5 130 -13.4
      vertex -16.3094 118.778 -13.5567
      vertex -17.5 118.7 -13.4
    endloop
  endfacet
  facet normal -0.130489 0 -0.99145
    outer loop
      vertex -16.3094 118.778 -13.5567
      vertex -17.5 130 -13.4
      vertex -16.3094 130 -13.5567
    endloop
  endfacet
  facet normal 0.608744 0 0.793366
    outer loop
      vertex -20.7527 130 -21.2527
      vertex -19.8 122 -21.9837
      vertex -19.8 130 -21.9837
    endloop
  endfacet
  facet normal 0.608744 0 0.793366
    outer loop
      vertex -19.8 122 -21.9837
      vertex -20.7527 130 -21.2527
      vertex -20.7527 122 -21.2527
    endloop
  endfacet
  facet normal 0.130489 0 -0.99145
    outer loop
      vertex -18.6906 118.778 -13.5567
      vertex -17.5 130 -13.4
      vertex -17.5 118.7 -13.4
    endloop
  endfacet
  facet normal 0.130489 0 -0.99145
    outer loop
      vertex -17.5 130 -13.4
      vertex -18.6906 118.778 -13.5567
      vertex -18.6906 130 -13.5567
    endloop
  endfacet
  facet normal -1 0 0
    outer loop
      vertex -12.9 122 -20
      vertex -12.9 130 -21
      vertex -12.9 122 -21
    endloop
  endfacet
  facet normal -1 0 0
    outer loop
      vertex -12.9 130 -21
      vertex -12.9 122 -20
      vertex -12.9 130 -15
    endloop
  endfacet
  facet normal -1 -0 0
    outer loop
      vertex -12.9 130 -15
      vertex -12.9 122 -20
      vertex -12.9 119.5 -15
    endloop
  endfacet
  facet normal 0 0 -1
    outer loop
      vertex -22.1 119.5 -15
      vertex -20.9466 130 -15
      vertex -20.9466 119.5 -15
    endloop
  endfacet
  facet normal -0 0 -1
    outer loop
      vertex -20.9466 130 -15
      vertex -22.1 119.5 -15
      vertex -22.1 130 -15
    endloop
  endfacet
  facet normal 0 0 -1
    outer loop
      vertex -14.0534 119.5 -15
      vertex -12.9 130 -15
      vertex -12.9 119.5 -15
    endloop
  endfacet
  facet normal -0 0 -1
    outer loop
      vertex -12.9 130 -15
      vertex -14.0534 119.5 -15
      vertex -14.0534 130 -15
    endloop
  endfacet
  facet normal -0 0 1
    outer loop
      vertex -22.1 130 -21
      vertex -20.9466 122 -21
      vertex -20.9466 130 -21
    endloop
  endfacet
  facet normal 0 0 1
    outer loop
      vertex -20.9466 122 -21
      vertex -22.1 130 -21
      vertex -22.1 122 -21
    endloop
  endfacet
  facet normal -0 0 1
    outer loop
      vertex -14.0534 130 -21
      vertex -12.9 122 -21
      vertex -12.9 130 -21
    endloop
  endfacet
  facet normal 0 0 1
    outer loop
      vertex -12.9 122 -21
      vertex -14.0534 130 -21
      vertex -14.0534 122 -21
    endloop
  endfacet
  facet normal 1 0 0
    outer loop
      vertex -22.1 130 -15
      vertex -22.1 122 -20
      vertex -22.1 130 -21
    endloop
  endfacet
  facet normal 1 0 -0
    outer loop
      vertex -22.1 122 -20
      vertex -22.1 130 -15
      vertex -22.1 119.5 -15
    endloop
  endfacet
  facet normal 1 0 0
    outer loop
      vertex -22.1 130 -21
      vertex -22.1 122 -20
      vertex -22.1 122 -21
    endloop
  endfacet
  facet normal -0.608744 0 -0.793366
    outer loop
      vertex 19.8 -130 -14.0163
      vertex 20.7527 -119.374 -14.7473
      vertex 20.7527 -130 -14.7473
    endloop
  endfacet
  facet normal -0.608744 0 -0.793366
    outer loop
      vertex 20.7527 -119.374 -14.7473
      vertex 19.8 -130 -14.0163
      vertex 19.8 -119.008 -14.0163
    endloop
  endfacet
  facet normal -0.793359 0 -0.608754
    outer loop
      vertex 20.7527 -130 -14.7473
      vertex 20.9466 -119.5 -15
      vertex 20.9466 -130 -15
    endloop
  endfacet
  facet normal -0.793359 0 -0.608754
    outer loop
      vertex 20.9466 -119.5 -15
      vertex 20.7527 -130 -14.7473
      vertex 20.7527 -119.374 -14.7473
    endloop
  endfacet
  facet normal -0.382734 0 -0.923858
    outer loop
      vertex 18.6906 -130 -13.5567
      vertex 19.8 -119.008 -14.0163
      vertex 19.8 -130 -14.0163
    endloop
  endfacet
  facet normal -0.382734 0 -0.923858
    outer loop
      vertex 19.8 -119.008 -14.0163
      vertex 18.6906 -130 -13.5567
      vertex 18.6906 -118.778 -13.5567
    endloop
  endfacet
  facet normal -0.608744 0 0.793366
    outer loop
      vertex 19.8 -122 -21.9837
      vertex 20.7527 -130 -21.2527
      vertex 20.7527 -122 -21.2527
    endloop
  endfacet
  facet normal -0.608744 0 0.793366
    outer loop
      vertex 20.7527 -130 -21.2527
      vertex 19.8 -122 -21.9837
      vertex 19.8 -130 -21.9837
    endloop
  endfacet
  facet normal 0.382734 0 0.923858
    outer loop
      vertex 15.2 -122 -21.9837
      vertex 16.3094 -130 -22.4433
      vertex 16.3094 -122 -22.4433
    endloop
  endfacet
  facet normal 0.382734 0 0.923858
    outer loop
      vertex 16.3094 -130 -22.4433
      vertex 15.2 -122 -21.9837
      vertex 15.2 -130 -21.9837
    endloop
  endfacet
  facet normal -0.793359 0 0.608754
    outer loop
      vertex 20.7527 -130 -21.2527
      vertex 20.9466 -122 -21
      vertex 20.7527 -122 -21.2527
    endloop
  endfacet
  facet normal -0.793359 0 0.608754
    outer loop
      vertex 20.9466 -122 -21
      vertex 20.7527 -130 -21.2527
      vertex 20.9466 -130 -21
    endloop
  endfacet
  facet normal -0.130489 0 0.99145
    outer loop
      vertex 17.5 -122 -22.6
      vertex 18.6906 -130 -22.4433
      vertex 18.6906 -122 -22.4433
    endloop
  endfacet
  facet normal -0.130489 0 0.99145
    outer loop
      vertex 18.6906 -130 -22.4433
      vertex 17.5 -122 -22.6
      vertex 17.5 -130 -22.6
    endloop
  endfacet
  facet normal 0.382734 0 -0.923858
    outer loop
      vertex 15.2 -119.008 -14.0163
      vertex 16.3094 -130 -13.5567
      vertex 15.2 -130 -14.0163
    endloop
  endfacet
  facet normal 0.382734 0 -0.923858
    outer loop
      vertex 16.3094 -130 -13.5567
      vertex 15.2 -119.008 -14.0163
      vertex 16.3094 -118.778 -13.5567
    endloop
  endfacet
  facet normal -0.382734 0 0.923858
    outer loop
      vertex 18.6906 -122 -22.4433
      vertex 19.8 -130 -21.9837
      vertex 19.8 -122 -21.9837
    endloop
  endfacet
  facet normal -0.382734 0 0.923858
    outer loop
      vertex 19.8 -130 -21.9837
      vertex 18.6906 -122 -22.4433
      vertex 18.6906 -130 -22.4433
    endloop
  endfacet
  facet normal 0.793359 -0 0.608754
    outer loop
      vertex 14.0534 -130 -21
      vertex 14.2473 -122 -21.2527
      vertex 14.0534 -122 -21
    endloop
  endfacet
  facet normal 0.793359 0 0.608754
    outer loop
      vertex 14.2473 -122 -21.2527
      vertex 14.0534 -130 -21
      vertex 14.2473 -130 -21.2527
    endloop
  endfacet
  facet normal 0.130489 0 0.99145
    outer loop
      vertex 16.3094 -122 -22.4433
      vertex 17.5 -130 -22.6
      vertex 17.5 -122 -22.6
    endloop
  endfacet
  facet normal 0.130489 0 0.99145
    outer loop
      vertex 17.5 -130 -22.6
      vertex 16.3094 -122 -22.4433
      vertex 16.3094 -130 -22.4433
    endloop
  endfacet
  facet normal 0.608744 0 -0.793366
    outer loop
      vertex 14.2473 -119.374 -14.7473
      vertex 15.2 -130 -14.0163
      vertex 14.2473 -130 -14.7473
    endloop
  endfacet
  facet normal 0.608744 0 -0.793366
    outer loop
      vertex 15.2 -130 -14.0163
      vertex 14.2473 -119.374 -14.7473
      vertex 15.2 -119.008 -14.0163
    endloop
  endfacet
  facet normal 0.793359 0 -0.608754
    outer loop
      vertex 14.2473 -130 -14.7473
      vertex 14.0534 -119.5 -15
      vertex 14.2473 -119.374 -14.7473
    endloop
  endfacet
  facet normal 0.793359 0 -0.608754
    outer loop
      vertex 14.0534 -119.5 -15
      vertex 14.2473 -130 -14.7473
      vertex 14.0534 -130 -15
    endloop
  endfacet
  facet normal -0.130489 0 -0.99145
    outer loop
      vertex 17.5 -130 -13.4
      vertex 18.6906 -118.778 -13.5567
      vertex 18.6906 -130 -13.5567
    endloop
  endfacet
  facet normal -0.130489 0 -0.99145
    outer loop
      vertex 18.6906 -118.778 -13.5567
      vertex 17.5 -130 -13.4
      vertex 17.5 -118.7 -13.4
    endloop
  endfacet
  facet normal 0.608744 0 0.793366
    outer loop
      vertex 14.2473 -122 -21.2527
      vertex 15.2 -130 -21.9837
      vertex 15.2 -122 -21.9837
    endloop
  endfacet
  facet normal 0.608744 0 0.793366
    outer loop
      vertex 15.2 -130 -21.9837
      vertex 14.2473 -122 -21.2527
      vertex 14.2473 -130 -21.2527
    endloop
  endfacet
  facet normal 0.130489 0 -0.99145
    outer loop
      vertex 16.3094 -118.778 -13.5567
      vertex 17.5 -130 -13.4
      vertex 16.3094 -130 -13.5567
    endloop
  endfacet
  facet normal 0.130489 0 -0.99145
    outer loop
      vertex 17.5 -130 -13.4
      vertex 16.3094 -118.778 -13.5567
      vertex 17.5 -118.7 -13.4
    endloop
  endfacet
  facet normal -1 0 0
    outer loop
      vertex 22.1 -122 -21
      vertex 22.1 -130 -21
      vertex 22.1 -122 -20
    endloop
  endfacet
  facet normal -1 0 0
    outer loop
      vertex 22.1 -130 -15
      vertex 22.1 -122 -20
      vertex 22.1 -130 -21
    endloop
  endfacet
  facet normal -1 0 0
    outer loop
      vertex 22.1 -122 -20
      vertex 22.1 -130 -15
      vertex 22.1 -119.5 -15
    endloop
  endfacet
  facet normal 0 0 -1
    outer loop
      vertex 12.9 -130 -15
      vertex 14.0534 -119.5 -15
      vertex 14.0534 -130 -15
    endloop
  endfacet
  facet normal -0 0 -1
    outer loop
      vertex 14.0534 -119.5 -15
      vertex 12.9 -130 -15
      vertex 12.9 -119.5 -15
    endloop
  endfacet
  facet normal 0 0 -1
    outer loop
      vertex 20.9466 -130 -15
      vertex 22.1 -119.5 -15
      vertex 22.1 -130 -15
    endloop
  endfacet
  facet normal -0 0 -1
    outer loop
      vertex 22.1 -119.5 -15
      vertex 20.9466 -130 -15
      vertex 20.9466 -119.5 -15
    endloop
  endfacet
  facet normal -0 0 1
    outer loop
      vertex 12.9 -122 -21
      vertex 14.0534 -130 -21
      vertex 14.0534 -122 -21
    endloop
  endfacet
  facet normal 0 0 1
    outer loop
      vertex 14.0534 -130 -21
      vertex 12.9 -122 -21
      vertex 12.9 -130 -21
    endloop
  endfacet
  facet normal -0 0 1
    outer loop
      vertex 20.9466 -122 -21
      vertex 22.1 -130 -21
      vertex 22.1 -122 -21
    endloop
  endfacet
  facet normal 0 0 1
    outer loop
      vertex 22.1 -130 -21
      vertex 20.9466 -122 -21
      vertex 20.9466 -130 -21
    endloop
  endfacet
  facet normal 1 -0 0
    outer loop
      vertex 12.9 -130 -15
      vertex 12.9 -122 -20
      vertex 12.9 -119.5 -15
    endloop
  endfacet
  facet normal 1 0 0
    outer loop
      vertex 12.9 -130 -21
      vertex 12.9 -122 -20
      vertex 12.9 -130 -15
    endloop
  endfacet
  facet normal 1 0 0
    outer loop
      vertex 12.9 -122 -20
      vertex 12.9 -130 -21
      vertex 12.9 -122 -21
    endloop
  endfacet
  facet normal -0.608744 -0 -0.793366
    outer loop
      vertex 19.8 130 -14.0163
      vertex 20.7527 119.374 -14.7473
      vertex 19.8 119.008 -14.0163
    endloop
  endfacet
  facet normal -0.608744 0 -0.793366
    outer loop
      vertex 20.7527 119.374 -14.7473
      vertex 19.8 130 -14.0163
      vertex 20.7527 130 -14.7473
    endloop
  endfacet
  facet normal -0.793359 0 -0.608754
    outer loop
      vertex 20.9466 119.5 -15
      vertex 20.7527 130 -14.7473
      vertex 20.9466 130 -15
    endloop
  endfacet
  facet normal -0.793359 -0 -0.608754
    outer loop
      vertex 20.7527 130 -14.7473
      vertex 20.9466 119.5 -15
      vertex 20.7527 119.374 -14.7473
    endloop
  endfacet
  facet normal -0.382734 -0 -0.923858
    outer loop
      vertex 18.6906 130 -13.5567
      vertex 19.8 119.008 -14.0163
      vertex 18.6906 118.778 -13.5567
    endloop
  endfacet
  facet normal -0.382734 0 -0.923858
    outer loop
      vertex 19.8 119.008 -14.0163
      vertex 18.6906 130 -13.5567
      vertex 19.8 130 -14.0163
    endloop
  endfacet
  facet normal -0.608744 0 0.793366
    outer loop
      vertex 19.8 130 -21.9837
      vertex 20.7527 122 -21.2527
      vertex 20.7527 130 -21.2527
    endloop
  endfacet
  facet normal -0.608744 0 0.793366
    outer loop
      vertex 20.7527 122 -21.2527
      vertex 19.8 130 -21.9837
      vertex 19.8 122 -21.9837
    endloop
  endfacet
  facet normal 0.382734 0 0.923858
    outer loop
      vertex 15.2 130 -21.9837
      vertex 16.3094 122 -22.4433
      vertex 16.3094 130 -22.4433
    endloop
  endfacet
  facet normal 0.382734 0 0.923858
    outer loop
      vertex 16.3094 122 -22.4433
      vertex 15.2 130 -21.9837
      vertex 15.2 122 -21.9837
    endloop
  endfacet
  facet normal -0.793359 0 0.608754
    outer loop
      vertex 20.7527 122 -21.2527
      vertex 20.9466 130 -21
      vertex 20.7527 130 -21.2527
    endloop
  endfacet
  facet normal -0.793359 0 0.608754
    outer loop
      vertex 20.9466 130 -21
      vertex 20.7527 122 -21.2527
      vertex 20.9466 122 -21
    endloop
  endfacet
  facet normal -0.130489 0 0.99145
    outer loop
      vertex 17.5 130 -22.6
      vertex 18.6906 122 -22.4433
      vertex 18.6906 130 -22.4433
    endloop
  endfacet
  facet normal -0.130489 0 0.99145
    outer loop
      vertex 18.6906 122 -22.4433
      vertex 17.5 130 -22.6
      vertex 17.5 122 -22.6
    endloop
  endfacet
  facet normal 0.382734 0 -0.923858
    outer loop
      vertex 15.2 119.008 -14.0163
      vertex 16.3094 130 -13.5567
      vertex 16.3094 118.778 -13.5567
    endloop
  endfacet
  facet normal 0.382734 0 -0.923858
    outer loop
      vertex 16.3094 130 -13.5567
      vertex 15.2 119.008 -14.0163
      vertex 15.2 130 -14.0163
    endloop
  endfacet
  facet normal -0.382734 0 0.923858
    outer loop
      vertex 18.6906 130 -22.4433
      vertex 19.8 122 -21.9837
      vertex 19.8 130 -21.9837
    endloop
  endfacet
  facet normal -0.382734 0 0.923858
    outer loop
      vertex 19.8 122 -21.9837
      vertex 18.6906 130 -22.4433
      vertex 18.6906 122 -22.4433
    endloop
  endfacet
  facet normal 0.793359 -0 0.608754
    outer loop
      vertex 14.0534 122 -21
      vertex 14.2473 130 -21.2527
      vertex 14.0534 130 -21
    endloop
  endfacet
  facet normal 0.793359 0 0.608754
    outer loop
      vertex 14.2473 130 -21.2527
      vertex 14.0534 122 -21
      vertex 14.2473 122 -21.2527
    endloop
  endfacet
  facet normal 0.130489 0 0.99145
    outer loop
      vertex 16.3094 130 -22.4433
      vertex 17.5 122 -22.6
      vertex 17.5 130 -22.6
    endloop
  endfacet
  facet normal 0.130489 0 0.99145
    outer loop
      vertex 17.5 122 -22.6
      vertex 16.3094 130 -22.4433
      vertex 16.3094 122 -22.4433
    endloop
  endfacet
  facet normal 0.608744 0 -0.793366
    outer loop
      vertex 14.2473 119.374 -14.7473
      vertex 15.2 130 -14.0163
      vertex 15.2 119.008 -14.0163
    endloop
  endfacet
  facet normal 0.608744 0 -0.793366
    outer loop
      vertex 15.2 130 -14.0163
      vertex 14.2473 119.374 -14.7473
      vertex 14.2473 130 -14.7473
    endloop
  endfacet
  facet normal 0.793359 0 -0.608754
    outer loop
      vertex 14.2473 130 -14.7473
      vertex 14.0534 119.5 -15
      vertex 14.0534 130 -15
    endloop
  endfacet
  facet normal 0.793359 0 -0.608754
    outer loop
      vertex 14.0534 119.5 -15
      vertex 14.2473 130 -14.7473
      vertex 14.2473 119.374 -14.7473
    endloop
  endfacet
  facet normal -0.130489 -0 -0.99145
    outer loop
      vertex 17.5 130 -13.4
      vertex 18.6906 118.778 -13.5567
      vertex 17.5 118.7 -13.4
    endloop
  endfacet
  facet normal -0.130489 0 -0.99145
    outer loop
      vertex 18.6906 118.778 -13.5567
      vertex 17.5 130 -13.4
      vertex 18.6906 130 -13.5567
    endloop
  endfacet
  facet normal 0.608744 0 0.793366
    outer loop
      vertex 14.2473 130 -21.2527
      vertex 15.2 122 -21.9837
      vertex 15.2 130 -21.9837
    endloop
  endfacet
  facet normal 0.608744 0 0.793366
    outer loop
      vertex 15.2 122 -21.9837
      vertex 14.2473 130 -21.2527
      vertex 14.2473 122 -21.2527
    endloop
  endfacet
  facet normal 0.130489 0 -0.99145
    outer loop
      vertex 16.3094 118.778 -13.5567
      vertex 17.5 130 -13.4
      vertex 17.5 118.7 -13.4
    endloop
  endfacet
  facet normal 0.130489 0 -0.99145
    outer loop
      vertex 17.5 130 -13.4
      vertex 16.3094 118.778 -13.5567
      vertex 16.3094 130 -13.5567
    endloop
  endfacet
  facet normal -1 0 0
    outer loop
      vertex 22.1 122 -20
      vertex 22.1 130 -21
      vertex 22.1 122 -21
    endloop
  endfacet
  facet normal -1 0 0
    outer loop
      vertex 22.1 130 -21
      vertex 22.1 122 -20
      vertex 22.1 130 -15
    endloop
  endfacet
  facet normal -1 -0 0
    outer loop
      vertex 22.1 130 -15
      vertex 22.1 122 -20
      vertex 22.1 119.5 -15
    endloop
  endfacet
  facet normal 0 0 -1
    outer loop
      vertex 12.9 119.5 -15
      vertex 14.0534 130 -15
      vertex 14.0534 119.5 -15
    endloop
  endfacet
  facet normal -0 0 -1
    outer loop
      vertex 14.0534 130 -15
      vertex 12.9 119.5 -15
      vertex 12.9 130 -15
    endloop
  endfacet
  facet normal 0 0 -1
    outer loop
      vertex 20.9466 119.5 -15
      vertex 22.1 130 -15
      vertex 22.1 119.5 -15
    endloop
  endfacet
  facet normal -0 0 -1
    outer loop
      vertex 22.1 130 -15
      vertex 20.9466 119.5 -15
      vertex 20.9466 130 -15
    endloop
  endfacet
  facet normal -0 0 1
    outer loop
      vertex 12.9 130 -21
      vertex 14.0534 122 -21
      vertex 14.0534 130 -21
    endloop
  endfacet
  facet normal 0 0 1
    outer loop
      vertex 14.0534 122 -21
      vertex 12.9 130 -21
      vertex 12.9 122 -21
    endloop
  endfacet
  facet normal -0 0 1
    outer loop
      vertex 20.9466 130 -21
      vertex 22.1 122 -21
      vertex 22.1 130 -21
    endloop
  endfacet
  facet normal 0 0 1
    outer loop
      vertex 22.1 122 -21
      vertex 20.9466 130 -21
      vertex 20.9466 122 -21
    endloop
  endfacet
  facet normal 1 0 0
    outer loop
      vertex 12.9 130 -15
      vertex 12.9 122 -20
      vertex 12.9 130 -21
    endloop
  endfacet
  facet normal 1 0 -0
    outer loop
      vertex 12.9 122 -20
      vertex 12.9 130 -15
      vertex 12.9 119.5 -15
    endloop
  endfacet
  facet normal 1 0 0
    outer loop
      vertex 12.9 130 -21
      vertex 12.9 122 -20
      vertex 12.9 122 -21
    endloop
  endfacet
  facet normal -0.736787 -0.130529 0.663406
    outer loop
      vertex -81.5094 1.16469 1.94278
      vertex -68 0.60308 16.836
      vertex -68 1.16469 16.9465
    endloop
  endfacet
  facet normal -0.736787 -0.13053 0.663405
    outer loop
      vertex -68 0.60308 16.836
      vertex -81.5094 1.16469 1.94278
      vertex -81.2994 0.216168 1.98938
    endloop
  endfacet
  facet normal -0.736774 -0.130668 0.663393
    outer loop
      vertex -68 0 16.7173
      vertex -81.2994 0.216168 1.98938
      vertex -81.2515 0 2
    endloop
  endfacet
  facet normal -0.736782 -0.130573 0.663402
    outer loop
      vertex -81.2994 0.216168 1.98938
      vertex -68 0 16.7173
      vertex -68 0.60308 16.836
    endloop
  endfacet
  facet normal 0.736785 -0.130563 -0.663401
    outer loop
      vertex -93.3622 0 2
      vertex -79.7301 0.711598 17
      vertex -79.8562 0 17
    endloop
  endfacet
  facet normal 0.73679 -0.130502 -0.663408
    outer loop
      vertex -79.7301 0.711598 17
      vertex -93.3622 0 2
      vertex -93.2155 1.10392 1.94577
    endloop
  endfacet
  facet normal -0.452397 -0.793354 0.40734
    outer loop
      vertex -70.7731 3.89711 17
      vertex -83.1658 3.18198 1.84368
      vertex -69.519 3.18198 17
    endloop
  endfacet
  facet normal -0.452381 -0.79337 0.407328
    outer loop
      vertex -83.1658 3.18198 1.84368
      vertex -70.7731 3.89711 17
      vertex -84.4516 3.89711 1.80855
    endloop
  endfacet
  facet normal 0.284354 -0.923899 -0.256033
    outer loop
      vertex -90.3888 3.93396 1.80674
      vertex -76.8285 3.89711 17
      vertex -90.5069 3.89711 1.80855
    endloop
  endfacet
  facet normal 0.284386 -0.923882 -0.256061
    outer loop
      vertex -76.8285 3.89711 17
      vertex -90.3888 3.93396 1.80674
      vertex -76.2029 4.08968 17
    endloop
  endfacet
  facet normal 0.736781 0.130577 -0.663403
    outer loop
      vertex -79.6498 -1.16469 17
      vertex -93.2155 -1.10392 1.94577
      vertex -79.7301 -0.711598 17
    endloop
  endfacet
  facet normal 0.736756 0.130841 -0.663379
    outer loop
      vertex -93.2155 -1.10392 1.94577
      vertex -79.6498 -1.16469 17
      vertex -93.2074 -1.16469 1.94278
    endloop
  endfacet
  facet normal -0.736787 0.13053 0.663405
    outer loop
      vertex -81.5094 -1.16469 1.94278
      vertex -68 -0.60308 16.836
      vertex -81.2994 -0.216168 1.98938
    endloop
  endfacet
  facet normal -0.736787 0.130529 0.663406
    outer loop
      vertex -68 -0.60308 16.836
      vertex -81.5094 -1.16469 1.94278
      vertex -68 -1.16469 16.9465
    endloop
  endfacet
  facet normal 0.284386 0.923882 -0.256061
    outer loop
      vertex -90.3888 -3.93396 1.80674
      vertex -76.8285 -3.89711 17
      vertex -76.2029 -4.08968 17
    endloop
  endfacet
  facet normal 0.284354 0.923899 -0.256033
    outer loop
      vertex -76.8285 -3.89711 17
      vertex -90.3888 -3.93396 1.80674
      vertex -90.5069 -3.89711 1.80855
    endloop
  endfacet
  facet normal 0.45239 -0.793362 -0.407334
    outer loop
      vertex -90.5069 3.89711 1.80855
      vertex -78.0826 3.18198 17
      vertex -91.7294 3.18198 1.84368
    endloop
  endfacet
  facet normal 0.452397 -0.793355 -0.407339
    outer loop
      vertex -78.0826 3.18198 17
      vertex -90.5069 3.89711 1.80855
      vertex -76.8285 3.89711 17
    endloop
  endfacet
  facet normal -0.589586 0.608745 0.530866
    outer loop
      vertex -82.1623 -2.25 1.88946
      vertex -69.0298 -2.70821 17
      vertex -68.5567 -2.25 17
    endloop
  endfacet
  facet normal -0.589584 0.608748 0.530864
    outer loop
      vertex -69.0298 -2.70821 17
      vertex -82.1623 -2.25 1.88946
      vertex -83.0003 -3.02828 1.85123
    endloop
  endfacet
  facet normal 0.686581 -0.382667 -0.618201
    outer loop
      vertex -93.2074 1.16469 1.94278
      vertex -79.0449 2.25 17
      vertex -79.6498 1.16469 17
    endloop
  endfacet
  facet normal 0.686579 -0.382673 -0.618199
    outer loop
      vertex -79.0449 2.25 17
      vertex -93.2074 1.16469 1.94278
      vertex -92.6505 2.25 1.88946
    endloop
  endfacet
  facet normal 0.0969647 -0.991451 -0.0873088
    outer loop
      vertex -87.5059 4.5 1.77893
      vertex -74.5019 4.43141 17
      vertex -87.6805 4.48285 1.77977
    endloop
  endfacet
  facet normal 0.0969951 -0.991446 -0.0873347
    outer loop
      vertex -74.5019 4.43141 17
      vertex -87.5059 4.5 1.77893
      vertex -73.8008 4.5 17
    endloop
  endfacet
  facet normal -0.589586 -0.608745 0.530866
    outer loop
      vertex -69.0298 2.70821 17
      vertex -82.1623 2.25 1.88946
      vertex -68.5567 2.25 17
    endloop
  endfacet
  facet normal -0.589584 -0.608748 0.530864
    outer loop
      vertex -82.1623 2.25 1.88946
      vertex -69.0298 2.70821 17
      vertex -83.0003 3.02828 1.85123
    endloop
  endfacet
  facet normal -0.589571 0.608772 0.530851
    outer loop
      vertex -83.0003 -3.02828 1.85123
      vertex -69.519 -3.18198 17
      vertex -69.0298 -2.70821 17
    endloop
  endfacet
  facet normal -0.589576 0.608763 0.530856
    outer loop
      vertex -69.519 -3.18198 17
      vertex -83.0003 -3.02828 1.85123
      vertex -83.1658 -3.18198 1.84368
    endloop
  endfacet
  facet normal -0.589571 -0.608772 0.530851
    outer loop
      vertex -69.519 3.18198 17
      vertex -83.0003 3.02828 1.85123
      vertex -69.0298 2.70821 17
    endloop
  endfacet
  facet normal -0.589576 -0.608763 0.530856
    outer loop
      vertex -83.0003 3.02828 1.85123
      vertex -69.519 3.18198 17
      vertex -83.1658 3.18198 1.84368
    endloop
  endfacet
  facet normal 0.589549 0.608812 -0.53083
    outer loop
      vertex -92.5967 -2.30437 1.88679
      vertex -79.0449 -2.25 17
      vertex -78.659 -2.62369 17
    endloop
  endfacet
  facet normal 0.589324 0.609204 -0.53063
    outer loop
      vertex -79.0449 -2.25 17
      vertex -92.5967 -2.30437 1.88679
      vertex -92.6505 -2.25 1.88946
    endloop
  endfacet
  facet normal 0.284405 -0.923871 -0.256079
    outer loop
      vertex -89.0664 4.34667 1.78646
      vertex -76.2029 4.08968 17
      vertex -90.3888 3.93396 1.80674
    endloop
  endfacet
  facet normal 0.28438 -0.923884 -0.256058
    outer loop
      vertex -76.2029 4.08968 17
      vertex -89.0664 4.34667 1.78646
      vertex -75.368 4.34667 17
    endloop
  endfacet
  facet normal -0.284385 -0.923882 0.256062
    outer loop
      vertex -71.5319 4.13068 17
      vertex -84.4516 3.89711 1.80855
      vertex -70.7731 3.89711 17
    endloop
  endfacet
  facet normal -0.284399 -0.923874 0.256074
    outer loop
      vertex -84.4516 3.89711 1.80855
      vertex -71.5319 4.13068 17
      vertex -85.734 4.28657 1.78941
    endloop
  endfacet
  facet normal 0.686581 0.382667 -0.618201
    outer loop
      vertex -79.0449 -2.25 17
      vertex -93.2074 -1.16469 1.94278
      vertex -79.6498 -1.16469 17
    endloop
  endfacet
  facet normal 0.686579 0.382673 -0.618199
    outer loop
      vertex -93.2074 -1.16469 1.94278
      vertex -79.0449 -2.25 17
      vertex -92.6505 -2.25 1.88946
    endloop
  endfacet
  facet normal -0.097006 0.991444 0.0873442
    outer loop
      vertex -86.1352 -4.36647 1.78549
      vertex -73.8008 -4.5 17
      vertex -72.9616 -4.41789 17
    endloop
  endfacet
  facet normal -0.0970019 0.991445 0.0873408
    outer loop
      vertex -73.8008 -4.5 17
      vertex -86.1352 -4.36647 1.78549
      vertex -87.5059 -4.5 1.77893
    endloop
  endfacet
  facet normal -0.686586 0.382652 0.618204
    outer loop
      vertex -68.5567 -2.25 17
      vertex -68 -1.16469 16.9465
      vertex -81.5094 -1.16469 1.94278
    endloop
  endfacet
  facet normal -0.686583 0.382662 0.618202
    outer loop
      vertex -68.5567 -2.25 17
      vertex -81.5094 -1.16469 1.94278
      vertex -82.1623 -2.25 1.88946
    endloop
  endfacet
  facet normal -0.686394 0.382567 0.618471
    outer loop
      vertex -68 -1.16469 16.9465
      vertex -68.5567 -2.25 17
      vertex -68 -1.25118 17
    endloop
  endfacet
  facet normal -0.686586 -0.382652 0.618205
    outer loop
      vertex -68 1.16469 16.9465
      vertex -68.5567 2.25 17
      vertex -82.1623 2.25 1.88946
    endloop
  endfacet
  facet normal -0.686583 -0.382663 0.618202
    outer loop
      vertex -68 1.16469 16.9465
      vertex -82.1623 2.25 1.88946
      vertex -81.5094 1.16469 1.94278
    endloop
  endfacet
  facet normal -0.686394 -0.382567 0.618471
    outer loop
      vertex -68.5567 2.25 17
      vertex -68 1.16469 16.9465
      vertex -68 1.25118 17
    endloop
  endfacet
  facet normal -0.284385 0.923882 0.256062
    outer loop
      vertex -84.4516 -3.89711 1.80855
      vertex -71.5319 -4.13068 17
      vertex -70.7731 -3.89711 17
    endloop
  endfacet
  facet normal -0.284399 0.923874 0.256074
    outer loop
      vertex -71.5319 -4.13068 17
      vertex -84.4516 -3.89711 1.80855
      vertex -85.734 -4.28657 1.78941
    endloop
  endfacet
  facet normal 0.0969988 -0.991445 -0.0873386
    outer loop
      vertex -87.6805 4.48285 1.77977
      vertex -75.368 4.34667 17
      vertex -89.0664 4.34667 1.78646
    endloop
  endfacet
  facet normal 0.0970038 -0.991444 -0.0873426
    outer loop
      vertex -75.368 4.34667 17
      vertex -87.6805 4.48285 1.77977
      vertex -74.5019 4.43141 17
    endloop
  endfacet
  facet normal -0.097006 -0.991444 0.0873442
    outer loop
      vertex -73.8008 4.5 17
      vertex -86.1352 4.36647 1.78549
      vertex -72.9616 4.41789 17
    endloop
  endfacet
  facet normal -0.0970019 -0.991445 0.0873408
    outer loop
      vertex -86.1352 4.36647 1.78549
      vertex -73.8008 4.5 17
      vertex -87.5059 4.5 1.77893
    endloop
  endfacet
  facet normal -0.284381 -0.923885 0.256057
    outer loop
      vertex -72.2336 4.34667 17
      vertex -85.734 4.28657 1.78941
      vertex -71.5319 4.13068 17
    endloop
  endfacet
  facet normal -0.284389 -0.92388 0.256064
    outer loop
      vertex -85.734 4.28657 1.78941
      vertex -72.2336 4.34667 17
      vertex -85.9319 4.34667 1.78646
    endloop
  endfacet
  facet normal -0.0969928 -0.991446 0.0873325
    outer loop
      vertex -72.9616 4.41789 17
      vertex -85.9319 4.34667 1.78646
      vertex -72.2336 4.34667 17
    endloop
  endfacet
  facet normal -0.0969768 -0.991449 0.0873189
    outer loop
      vertex -85.9319 4.34667 1.78646
      vertex -72.9616 4.41789 17
      vertex -86.1352 4.36647 1.78549
    endloop
  endfacet
  facet normal -0.284381 0.923885 0.256057
    outer loop
      vertex -85.734 -4.28657 1.78941
      vertex -72.2336 -4.34667 17
      vertex -71.5319 -4.13068 17
    endloop
  endfacet
  facet normal -0.284389 0.92388 0.256064
    outer loop
      vertex -72.2336 -4.34667 17
      vertex -85.734 -4.28657 1.78941
      vertex -85.9319 -4.34667 1.78646
    endloop
  endfacet
  facet normal -0.0969928 0.991446 0.0873325
    outer loop
      vertex -85.9319 -4.34667 1.78646
      vertex -72.9616 -4.41789 17
      vertex -72.2336 -4.34667 17
    endloop
  endfacet
  facet normal -0.0969768 0.991449 0.0873189
    outer loop
      vertex -72.9616 -4.41789 17
      vertex -85.9319 -4.34667 1.78646
      vertex -86.1352 -4.36647 1.78549
    endloop
  endfacet
  facet normal -0.452397 0.793354 0.40734
    outer loop
      vertex -83.1658 -3.18198 1.84368
      vertex -70.7731 -3.89711 17
      vertex -69.519 -3.18198 17
    endloop
  endfacet
  facet normal -0.452381 0.79337 0.407328
    outer loop
      vertex -70.7731 -3.89711 17
      vertex -83.1658 -3.18198 1.84368
      vertex -84.4516 -3.89711 1.80855
    endloop
  endfacet
  facet normal 0.0969951 0.991446 -0.0873347
    outer loop
      vertex -87.5059 -4.5 1.77893
      vertex -74.5019 -4.43141 17
      vertex -73.8008 -4.5 17
    endloop
  endfacet
  facet normal 0.0969647 0.991451 -0.0873088
    outer loop
      vertex -74.5019 -4.43141 17
      vertex -87.5059 -4.5 1.77893
      vertex -87.6805 -4.48285 1.77977
    endloop
  endfacet
  facet normal -0.736774 0.130668 0.663393
    outer loop
      vertex -81.2994 -0.216168 1.98938
      vertex -68 0 16.7173
      vertex -81.2515 0 2
    endloop
  endfacet
  facet normal -0.736782 0.130573 0.663402
    outer loop
      vertex -68 0 16.7173
      vertex -81.2994 -0.216168 1.98938
      vertex -68 -0.60308 16.836
    endloop
  endfacet
  facet normal 0.736756 -0.130841 -0.663379
    outer loop
      vertex -79.6498 1.16469 17
      vertex -93.2155 1.10392 1.94577
      vertex -93.2074 1.16469 1.94278
    endloop
  endfacet
  facet normal 0.736781 -0.130577 -0.663403
    outer loop
      vertex -93.2155 1.10392 1.94577
      vertex -79.6498 1.16469 17
      vertex -79.7301 0.711598 17
    endloop
  endfacet
  facet normal 0.589324 -0.609204 -0.53063
    outer loop
      vertex -92.5967 2.30437 1.88679
      vertex -79.0449 2.25 17
      vertex -92.6505 2.25 1.88946
    endloop
  endfacet
  facet normal 0.589549 -0.608812 -0.53083
    outer loop
      vertex -79.0449 2.25 17
      vertex -92.5967 2.30437 1.88679
      vertex -78.659 2.62369 17
    endloop
  endfacet
  facet normal 0.589589 -0.60874 -0.530868
    outer loop
      vertex -91.7294 3.18198 1.84368
      vertex -78.659 2.62369 17
      vertex -92.5967 2.30437 1.88679
    endloop
  endfacet
  facet normal 0.589598 -0.608724 -0.530876
    outer loop
      vertex -78.659 2.62369 17
      vertex -91.7294 3.18198 1.84368
      vertex -78.0826 3.18198 17
    endloop
  endfacet
  facet normal 0.589598 0.608724 -0.530876
    outer loop
      vertex -91.7294 -3.18198 1.84368
      vertex -78.659 -2.62369 17
      vertex -78.0826 -3.18198 17
    endloop
  endfacet
  facet normal 0.589589 0.60874 -0.530868
    outer loop
      vertex -78.659 -2.62369 17
      vertex -91.7294 -3.18198 1.84368
      vertex -92.5967 -2.30437 1.88679
    endloop
  endfacet
  facet normal 0.452397 0.793355 -0.407339
    outer loop
      vertex -90.5069 -3.89711 1.80855
      vertex -78.0826 -3.18198 17
      vertex -76.8285 -3.89711 17
    endloop
  endfacet
  facet normal 0.45239 0.793362 -0.407334
    outer loop
      vertex -78.0826 -3.18198 17
      vertex -90.5069 -3.89711 1.80855
      vertex -91.7294 -3.18198 1.84368
    endloop
  endfacet
  facet normal 0.736785 0.130563 -0.663401
    outer loop
      vertex -79.7301 -0.711598 17
      vertex -93.3622 0 2
      vertex -79.8562 0 17
    endloop
  endfacet
  facet normal 0.73679 0.130502 -0.663408
    outer loop
      vertex -93.3622 0 2
      vertex -79.7301 -0.711598 17
      vertex -93.2155 -1.10392 1.94577
    endloop
  endfacet
  facet normal 0.0970038 0.991444 -0.0873426
    outer loop
      vertex -87.6805 -4.48285 1.77977
      vertex -75.368 -4.34667 17
      vertex -74.5019 -4.43141 17
    endloop
  endfacet
  facet normal 0.0969988 0.991445 -0.0873386
    outer loop
      vertex -75.368 -4.34667 17
      vertex -87.6805 -4.48285 1.77977
      vertex -89.0664 -4.34667 1.78646
    endloop
  endfacet
  facet normal 0.28438 0.923884 -0.256058
    outer loop
      vertex -89.0664 -4.34667 1.78646
      vertex -76.2029 -4.08968 17
      vertex -75.368 -4.34667 17
    endloop
  endfacet
  facet normal 0.284405 0.923871 -0.256079
    outer loop
      vertex -76.2029 -4.08968 17
      vertex -89.0664 -4.34667 1.78646
      vertex -90.3888 -3.93396 1.80674
    endloop
  endfacet
  facet normal 0 -0.146728 -0.989177
    outer loop
      vertex -111.898 13.7224 1.32586
      vertex 110.25 15.9192 1
      vertex 121.655 13.7224 1.32586
    endloop
  endfacet
  facet normal 2.94685e-08 -0.146731 -0.989176
    outer loop
      vertex 110.25 15.9192 1
      vertex -111.898 13.7224 1.32586
      vertex 67.75 22.6606 0
    endloop
  endfacet
  facet normal -0 -0.146731 -0.989176
    outer loop
      vertex 67.75 22.6606 0
      vertex -111.898 13.7224 1.32586
      vertex -68.25 22.6606 0
    endloop
  endfacet
  facet normal -1.0326e-06 -0.146726 -0.989177
    outer loop
      vertex -68.25 22.6606 0
      vertex -111.898 13.7224 1.32586
      vertex -106.25 15.9192 1
    endloop
  endfacet
  facet normal 2.94685e-08 0.146731 -0.989176
    outer loop
      vertex -111.898 -13.7224 1.32586
      vertex 110.25 -15.9192 1
      vertex 67.75 -22.6606 0
    endloop
  endfacet
  facet normal 0 0.146731 -0.989176
    outer loop
      vertex -111.898 -13.7224 1.32586
      vertex 67.75 -22.6606 0
      vertex -68.25 -22.6606 0
    endloop
  endfacet
  facet normal -1.0326e-06 0.146726 -0.989177
    outer loop
      vertex -111.898 -13.7224 1.32586
      vertex -68.25 -22.6606 0
      vertex -106.25 -15.9192 1
    endloop
  endfacet
  facet normal 0 0.146728 -0.989177
    outer loop
      vertex 110.25 -15.9192 1
      vertex -111.898 -13.7224 1.32586
      vertex 121.655 -13.7224 1.32586
    endloop
  endfacet
  facet normal 0 -0.0490678 -0.998795
    outer loop
      vertex -81.2515 0 2
      vertex 121.655 13.7224 1.32586
      vertex 145.25 0 2
    endloop
  endfacet
  facet normal 9.8546e-08 -0.0490693 -0.998795
    outer loop
      vertex -81.2994 0.216168 1.98938
      vertex 121.655 13.7224 1.32586
      vertex -81.2515 0 2
    endloop
  endfacet
  facet normal 1.38531e-07 -0.0490699 -0.998795
    outer loop
      vertex -81.5094 1.16469 1.94278
      vertex 121.655 13.7224 1.32586
      vertex -81.2994 0.216168 1.98938
    endloop
  endfacet
  facet normal 1.20766e-07 -0.0490696 -0.998795
    outer loop
      vertex -82.1623 2.25 1.88946
      vertex 121.655 13.7224 1.32586
      vertex -81.5094 1.16469 1.94278
    endloop
  endfacet
  facet normal -2.8945e-07 -0.0490623 -0.998796
    outer loop
      vertex -83.0003 3.02828 1.85123
      vertex 121.655 13.7224 1.32586
      vertex -82.1623 2.25 1.88946
    endloop
  endfacet
  facet normal -2.63426e-07 -0.0490628 -0.998796
    outer loop
      vertex -83.1658 3.18198 1.84368
      vertex 121.655 13.7224 1.32586
      vertex -83.0003 3.02828 1.85123
    endloop
  endfacet
  facet normal -1.47685e-07 -0.049065 -0.998796
    outer loop
      vertex -84.4516 3.89711 1.80855
      vertex 121.655 13.7224 1.32586
      vertex -83.1658 3.18198 1.84368
    endloop
  endfacet
  facet normal 7.27054e-07 -0.0490833 -0.998795
    outer loop
      vertex -85.734 4.28657 1.78941
      vertex 121.655 13.7224 1.32586
      vertex -84.4516 3.89711 1.80855
    endloop
  endfacet
  facet normal -1.64869e-06 -0.0490313 -0.998797
    outer loop
      vertex -85.9319 4.34667 1.78646
      vertex 121.655 13.7224 1.32586
      vertex -85.734 4.28657 1.78941
    endloop
  endfacet
  facet normal -1.82414e-05 -0.0491181 -0.998793
    outer loop
      vertex -111.898 13.7224 1.32586
      vertex -85.9319 4.34667 1.78646
      vertex -86.1352 4.36647 1.78549
    endloop
  endfacet
  facet normal 5.3952e-08 -0.0490678 -0.998795
    outer loop
      vertex -111.898 13.7224 1.32586
      vertex -86.1352 4.36647 1.78549
      vertex -87.5059 4.5 1.77893
    endloop
  endfacet
  facet normal 1.71791e-06 -0.0490644 -0.998796
    outer loop
      vertex -111.898 13.7224 1.32586
      vertex -90.3888 3.93396 1.80674
      vertex -90.5069 3.89711 1.80855
    endloop
  endfacet
  facet normal 6.97842e-06 -0.0490557 -0.998796
    outer loop
      vertex -111.898 13.7224 1.32586
      vertex -92.5967 2.30437 1.88679
      vertex -92.6505 2.25 1.88946
    endloop
  endfacet
  facet normal 1.37217e-06 -0.0490659 -0.998796
    outer loop
      vertex -111.898 13.7224 1.32586
      vertex -93.2155 1.10392 1.94577
      vertex -93.3622 0 2
    endloop
  endfacet
  facet normal 0 -0.0490677 -0.998795
    outer loop
      vertex -85.9319 4.34667 1.78646
      vertex -111.898 13.7224 1.32586
      vertex 121.655 13.7224 1.32586
    endloop
  endfacet
  facet normal 1.14892e-05 -0.0490376 -0.998797
    outer loop
      vertex -87.6805 4.48285 1.77977
      vertex -111.898 13.7224 1.32586
      vertex -87.5059 4.5 1.77893
    endloop
  endfacet
  facet normal 5.42287e-08 -0.0490675 -0.998795
    outer loop
      vertex -89.0664 4.34667 1.78646
      vertex -111.898 13.7224 1.32586
      vertex -87.6805 4.48285 1.77977
    endloop
  endfacet
  facet normal -2.0862e-06 -0.0490727 -0.998795
    outer loop
      vertex -90.3888 3.93396 1.80674
      vertex -111.898 13.7224 1.32586
      vertex -89.0664 4.34667 1.78646
    endloop
  endfacet
  facet normal 8.65416e-07 -0.0490662 -0.998796
    outer loop
      vertex -91.7294 3.18198 1.84368
      vertex -111.898 13.7224 1.32586
      vertex -90.5069 3.89711 1.80855
    endloop
  endfacet
  facet normal 1.73043e-06 -0.0490646 -0.998796
    outer loop
      vertex -92.5967 2.30437 1.88679
      vertex -111.898 13.7224 1.32586
      vertex -91.7294 3.18198 1.84368
    endloop
  endfacet
  facet normal -1.01247e-06 -0.0490691 -0.998795
    outer loop
      vertex -93.2074 1.16469 1.94278
      vertex -111.898 13.7224 1.32586
      vertex -92.6505 2.25 1.88946
    endloop
  endfacet
  facet normal -4.62652e-05 -0.0491363 -0.998792
    outer loop
      vertex -93.2155 1.10392 1.94577
      vertex -111.898 13.7224 1.32586
      vertex -93.2074 1.16469 1.94278
    endloop
  endfacet
  facet normal 0 -0.0490678 -0.998795
    outer loop
      vertex -111.898 13.7224 1.32586
      vertex -93.3622 0 2
      vertex -123.583 0 2
    endloop
  endfacet
  facet normal 0 0.0490678 -0.998795
    outer loop
      vertex 121.655 -13.7224 1.32586
      vertex -81.2515 0 2
      vertex 145.25 0 2
    endloop
  endfacet
  facet normal 9.8546e-08 0.0490693 -0.998795
    outer loop
      vertex 121.655 -13.7224 1.32586
      vertex -81.2994 -0.216168 1.98938
      vertex -81.2515 0 2
    endloop
  endfacet
  facet normal 1.38531e-07 0.0490699 -0.998795
    outer loop
      vertex 121.655 -13.7224 1.32586
      vertex -81.5094 -1.16469 1.94278
      vertex -81.2994 -0.216168 1.98938
    endloop
  endfacet
  facet normal 1.20766e-07 0.0490696 -0.998795
    outer loop
      vertex 121.655 -13.7224 1.32586
      vertex -82.1623 -2.25 1.88946
      vertex -81.5094 -1.16469 1.94278
    endloop
  endfacet
  facet normal -2.8945e-07 0.0490623 -0.998796
    outer loop
      vertex 121.655 -13.7224 1.32586
      vertex -83.0003 -3.02828 1.85123
      vertex -82.1623 -2.25 1.88946
    endloop
  endfacet
  facet normal -2.63426e-07 0.0490628 -0.998796
    outer loop
      vertex 121.655 -13.7224 1.32586
      vertex -83.1658 -3.18198 1.84368
      vertex -83.0003 -3.02828 1.85123
    endloop
  endfacet
  facet normal -1.47685e-07 0.049065 -0.998796
    outer loop
      vertex 121.655 -13.7224 1.32586
      vertex -84.4516 -3.89711 1.80855
      vertex -83.1658 -3.18198 1.84368
    endloop
  endfacet
  facet normal 7.27054e-07 0.0490833 -0.998795
    outer loop
      vertex 121.655 -13.7224 1.32586
      vertex -85.734 -4.28657 1.78941
      vertex -84.4516 -3.89711 1.80855
    endloop
  endfacet
  facet normal -1.64869e-06 0.0490313 -0.998797
    outer loop
      vertex 121.655 -13.7224 1.32586
      vertex -85.9319 -4.34667 1.78646
      vertex -85.734 -4.28657 1.78941
    endloop
  endfacet
  facet normal 0 0.0490677 -0.998795
    outer loop
      vertex -111.898 -13.7224 1.32586
      vertex -85.9319 -4.34667 1.78646
      vertex 121.655 -13.7224 1.32586
    endloop
  endfacet
  facet normal -1.82414e-05 0.0491181 -0.998793
    outer loop
      vertex -85.9319 -4.34667 1.78646
      vertex -111.898 -13.7224 1.32586
      vertex -86.1352 -4.36647 1.78549
    endloop
  endfacet
  facet normal -2.0862e-06 0.0490727 -0.998795
    outer loop
      vertex -111.898 -13.7224 1.32586
      vertex -90.3888 -3.93396 1.80674
      vertex -89.0664 -4.34667 1.78646
    endloop
  endfacet
  facet normal 1.73043e-06 0.0490646 -0.998796
    outer loop
      vertex -111.898 -13.7224 1.32586
      vertex -92.5967 -2.30437 1.88679
      vertex -91.7294 -3.18198 1.84368
    endloop
  endfacet
  facet normal -4.62652e-05 0.0491363 -0.998792
    outer loop
      vertex -111.898 -13.7224 1.32586
      vertex -93.2155 -1.10392 1.94577
      vertex -93.2074 -1.16469 1.94278
    endloop
  endfacet
  facet normal 5.3952e-08 0.0490678 -0.998795
    outer loop
      vertex -86.1352 -4.36647 1.78549
      vertex -111.898 -13.7224 1.32586
      vertex -87.5059 -4.5 1.77893
    endloop
  endfacet
  facet normal 1.14892e-05 0.0490376 -0.998797
    outer loop
      vertex -111.898 -13.7224 1.32586
      vertex -87.6805 -4.48285 1.77977
      vertex -87.5059 -4.5 1.77893
    endloop
  endfacet
  facet normal 5.42287e-08 0.0490675 -0.998795
    outer loop
      vertex -111.898 -13.7224 1.32586
      vertex -89.0664 -4.34667 1.78646
      vertex -87.6805 -4.48285 1.77977
    endloop
  endfacet
  facet normal 1.71791e-06 0.0490644 -0.998796
    outer loop
      vertex -90.3888 -3.93396 1.80674
      vertex -111.898 -13.7224 1.32586
      vertex -90.5069 -3.89711 1.80855
    endloop
  endfacet
  facet normal 8.65416e-07 0.0490662 -0.998796
    outer loop
      vertex -111.898 -13.7224 1.32586
      vertex -91.7294 -3.18198 1.84368
      vertex -90.5069 -3.89711 1.80855
    endloop
  endfacet
  facet normal 6.97842e-06 0.0490557 -0.998796
    outer loop
      vertex -92.5967 -2.30437 1.88679
      vertex -111.898 -13.7224 1.32586
      vertex -92.6505 -2.25 1.88946
    endloop
  endfacet
  facet normal -1.01247e-06 0.0490691 -0.998795
    outer loop
      vertex -111.898 -13.7224 1.32586
      vertex -93.2074 -1.16469 1.94278
      vertex -92.6505 -2.25 1.88946
    endloop
  endfacet
  facet normal 1.37217e-06 0.0490659 -0.998796
    outer loop
      vertex -93.2155 -1.10392 1.94577
      vertex -111.898 -13.7224 1.32586
      vertex -93.3622 0 2
    endloop
  endfacet
  facet normal 0 0.0490678 -0.998795
    outer loop
      vertex -93.3622 0 2
      vertex -111.898 -13.7224 1.32586
      vertex -123.583 0 2
    endloop
  endfacet
endsolid OpenSCAD_Model
