solid OpenSCAD_Model
  facet normal 1 0 0
    outer loop
      vertex 110 74 17
      vertex 110 68 5
      vertex 110 74 5
    endloop
  endfacet
  facet normal 1 0 0
    outer loop
      vertex 110 68 5
      vertex 110 18 5
      vertex 110 68 0
    endloop
  endfacet
  facet normal 1 0 0
    outer loop
      vertex 110 74 17
      vertex 110 18 5
      vertex 110 68 5
    endloop
  endfacet
  facet normal 1 -0 0
    outer loop
      vertex 110 0 17
      vertex 110 18 5
      vertex 110 74 17
    endloop
  endfacet
  facet normal 1 0 0
    outer loop
      vertex 110 18 5
      vertex 110 0 17
      vertex 110 6 5
    endloop
  endfacet
  facet normal 1 0 0
    outer loop
      vertex 110 0 0
      vertex 110 6 5
      vertex 110 0 17
    endloop
  endfacet
  facet normal 1 0 0
    outer loop
      vertex 110 6 5
      vertex 110 0 0
      vertex 110 6 0
    endloop
  endfacet
  facet normal 1 0 0
    outer loop
      vertex 110 68 0
      vertex 110 18 5
      vertex 110 18 0
    endloop
  endfacet
  facet normal -1 0 0
    outer loop
      vertex 110 74 0
      vertex 110 80 5
      vertex 110 80 0
    endloop
  endfacet
  facet normal -1 -0 0
    outer loop
      vertex 110 80 5
      vertex 110 74 0
      vertex 110 74 5
    endloop
  endfacet
  facet normal -0 0 1
    outer loop
      vertex 4.6366 3.2 17
      vertex 6 2.5 17
      vertex 6 6 17
    endloop
  endfacet
  facet normal 0 0 1
    outer loop
      vertex 6 2.5 17
      vertex 4.64096 3.17247 17
      vertex 4.65 3 17
    endloop
  endfacet
  facet normal 0 0 1
    outer loop
      vertex 6 2.5 17
      vertex 4.6366 3.2 17
      vertex 4.64096 3.17247 17
    endloop
  endfacet
  facet normal -0 0 1
    outer loop
      vertex 3.72619 3.60406 17
      vertex 4.6366 3.2 17
      vertex 6 6 17
    endloop
  endfacet
  facet normal 0 0 1
    outer loop
      vertex 4.6366 3.2 17
      vertex 3.92894 3.325 17
      vertex 3.99263 3.2 17
    endloop
  endfacet
  facet normal 0 0 1
    outer loop
      vertex 4.6366 3.2 17
      vertex 3.83488 3.46984 17
      vertex 3.92894 3.325 17
    endloop
  endfacet
  facet normal 0 0 1
    outer loop
      vertex 4.6366 3.2 17
      vertex 3.72619 3.60406 17
      vertex 3.83488 3.46984 17
    endloop
  endfacet
  facet normal 0 0 1
    outer loop
      vertex 6 6 17
      vertex 3.60406 3.72619 17
      vertex 3.72619 3.60406 17
    endloop
  endfacet
  facet normal -0 0 1
    outer loop
      vertex 3.2 4.6366 17
      vertex 3.60406 3.72619 17
      vertex 6 6 17
    endloop
  endfacet
  facet normal 0 0 1
    outer loop
      vertex 3.60406 3.72619 17
      vertex 3.2 4.6366 17
      vertex 3.46984 3.83488 17
    endloop
  endfacet
  facet normal 0 0 1
    outer loop
      vertex 3.46984 3.83488 17
      vertex 3.2 4.6366 17
      vertex 3.325 3.92894 17
    endloop
  endfacet
  facet normal -0 0 1
    outer loop
      vertex 2.5 6 17
      vertex 3.2 4.6366 17
      vertex 6 6 17
    endloop
  endfacet
  facet normal 0 0 1
    outer loop
      vertex 3.2 4.6366 17
      vertex 2.5 6 17
      vertex 3.17247 4.64096 17
    endloop
  endfacet
  facet normal 0 0 1
    outer loop
      vertex 3.17247 4.64096 17
      vertex 2.5 6 17
      vertex 3 4.65 17
    endloop
  endfacet
  facet normal 0 0 1
    outer loop
      vertex 3 4.65 17
      vertex 2.5 6 17
      vertex 2.82753 4.64096 17
    endloop
  endfacet
  facet normal 0 0 1
    outer loop
      vertex 2.82753 4.64096 17
      vertex 2.5 6 17
      vertex 2.65695 4.61394 17
    endloop
  endfacet
  facet normal 0 0 1
    outer loop
      vertex 2.65695 4.61394 17
      vertex 2.5 6 17
      vertex 2.5 4.57189 17
    endloop
  endfacet
  facet normal 0 0 1
    outer loop
      vertex 4.6366 70.8 17
      vertex 6 71.5 17
      vertex 4.64096 70.8275 17
    endloop
  endfacet
  facet normal 0 0 1
    outer loop
      vertex 6 71.5 17
      vertex 4.6366 70.8 17
      vertex 6 68 17
    endloop
  endfacet
  facet normal 0 0 1
    outer loop
      vertex 3.92894 70.675 17
      vertex 4.6366 70.8 17
      vertex 3.99263 70.8 17
    endloop
  endfacet
  facet normal 0 0 1
    outer loop
      vertex 3.83488 70.5302 17
      vertex 4.6366 70.8 17
      vertex 3.92894 70.675 17
    endloop
  endfacet
  facet normal 0 0 1
    outer loop
      vertex 3.72619 70.3959 17
      vertex 4.6366 70.8 17
      vertex 3.83488 70.5302 17
    endloop
  endfacet
  facet normal 0 0 1
    outer loop
      vertex 4.6366 70.8 17
      vertex 3.72619 70.3959 17
      vertex 6 68 17
    endloop
  endfacet
  facet normal -0 0 1
    outer loop
      vertex 3.60406 70.2738 17
      vertex 6 68 17
      vertex 3.72619 70.3959 17
    endloop
  endfacet
  facet normal 0 0 1
    outer loop
      vertex 3.2 69.3634 17
      vertex 3.60406 70.2738 17
      vertex 3.46984 70.1651 17
    endloop
  endfacet
  facet normal 0 0 1
    outer loop
      vertex 3.2 69.3634 17
      vertex 3.46984 70.1651 17
      vertex 3.325 70.0711 17
    endloop
  endfacet
  facet normal 0 0 1
    outer loop
      vertex 3.2 69.3634 17
      vertex 3.325 70.0711 17
      vertex 3.2 70.0074 17
    endloop
  endfacet
  facet normal 0 0 1
    outer loop
      vertex 3.60406 70.2738 17
      vertex 3.2 69.3634 17
      vertex 6 68 17
    endloop
  endfacet
  facet normal 0 0 1
    outer loop
      vertex 2.5 68 17
      vertex 3.2 69.3634 17
      vertex 3.17247 69.359 17
    endloop
  endfacet
  facet normal 0 0 1
    outer loop
      vertex 2.5 68 17
      vertex 3.17247 69.359 17
      vertex 3 69.35 17
    endloop
  endfacet
  facet normal 0 0 1
    outer loop
      vertex 2.5 68 17
      vertex 3 69.35 17
      vertex 2.82753 69.359 17
    endloop
  endfacet
  facet normal 0 0 1
    outer loop
      vertex 2.5 68 17
      vertex 2.82753 69.359 17
      vertex 2.65695 69.3861 17
    endloop
  endfacet
  facet normal 0 0 1
    outer loop
      vertex 2.5 68 17
      vertex 2.65695 69.3861 17
      vertex 2.5 69.4281 17
    endloop
  endfacet
  facet normal 0 0 1
    outer loop
      vertex 3.2 69.3634 17
      vertex 2.5 68 17
      vertex 6 68 17
    endloop
  endfacet
  facet normal 0 0 1
    outer loop
      vertex 3.325 3.92894 17
      vertex 3.2 4.6366 17
      vertex 3.2 3.99263 17
    endloop
  endfacet
  facet normal 0 0 1
    outer loop
      vertex 106.8 70.0074 17
      vertex 106.675 70.0711 17
      vertex 106.8 69.3634 17
    endloop
  endfacet
  facet normal 0 0 1
    outer loop
      vertex 107.5 6 17
      vertex 107.343 4.61394 17
      vertex 107.5 4.57189 17
    endloop
  endfacet
  facet normal 0 0 1
    outer loop
      vertex 107.5 6 17
      vertex 107.172 4.64096 17
      vertex 107.343 4.61394 17
    endloop
  endfacet
  facet normal 0 0 1
    outer loop
      vertex 107.5 6 17
      vertex 107 4.65 17
      vertex 107.172 4.64096 17
    endloop
  endfacet
  facet normal 0 0 1
    outer loop
      vertex 107.5 6 17
      vertex 106.828 4.64096 17
      vertex 107 4.65 17
    endloop
  endfacet
  facet normal 0 0 1
    outer loop
      vertex 107.5 6 17
      vertex 106.8 4.6366 17
      vertex 106.828 4.64096 17
    endloop
  endfacet
  facet normal 0 0 1
    outer loop
      vertex 106.8 4.6366 17
      vertex 106.675 3.92894 17
      vertex 106.8 3.99263 17
    endloop
  endfacet
  facet normal 0 0 1
    outer loop
      vertex 106.8 4.6366 17
      vertex 106.53 3.83488 17
      vertex 106.675 3.92894 17
    endloop
  endfacet
  facet normal 0 0 1
    outer loop
      vertex 106.8 4.6366 17
      vertex 106.396 3.72619 17
      vertex 106.53 3.83488 17
    endloop
  endfacet
  facet normal 0 0 1
    outer loop
      vertex 106.8 4.6366 17
      vertex 106.274 3.60406 17
      vertex 106.396 3.72619 17
    endloop
  endfacet
  facet normal 0 0 1
    outer loop
      vertex 105.363 3.2 17
      vertex 106.274 3.60406 17
      vertex 106.8 4.6366 17
    endloop
  endfacet
  facet normal -0 0 1
    outer loop
      vertex 104 6 17
      vertex 106.8 4.6366 17
      vertex 107.5 6 17
    endloop
  endfacet
  facet normal 0 -0 1
    outer loop
      vertex 105.363 3.2 17
      vertex 106.8 4.6366 17
      vertex 104 6 17
    endloop
  endfacet
  facet normal 0 0 1
    outer loop
      vertex 106.071 3.325 17
      vertex 105.363 3.2 17
      vertex 106.007 3.2 17
    endloop
  endfacet
  facet normal 0 0 1
    outer loop
      vertex 106.274 3.60406 17
      vertex 105.363 3.2 17
      vertex 106.165 3.46984 17
    endloop
  endfacet
  facet normal 0 0 1
    outer loop
      vertex 105.363 3.2 17
      vertex 104 2.5 17
      vertex 105.359 3.17247 17
    endloop
  endfacet
  facet normal 0 0 1
    outer loop
      vertex 104 2.5 17
      vertex 105.363 3.2 17
      vertex 104 6 17
    endloop
  endfacet
  facet normal 0 0 1
    outer loop
      vertex 106.165 3.46984 17
      vertex 105.363 3.2 17
      vertex 106.071 3.325 17
    endloop
  endfacet
  facet normal -0 0 1
    outer loop
      vertex 107.343 69.3861 17
      vertex 107.5 68 17
      vertex 107.5 69.4281 17
    endloop
  endfacet
  facet normal -0 0 1
    outer loop
      vertex 107.172 69.359 17
      vertex 107.5 68 17
      vertex 107.343 69.3861 17
    endloop
  endfacet
  facet normal -0 0 1
    outer loop
      vertex 107 69.35 17
      vertex 107.5 68 17
      vertex 107.172 69.359 17
    endloop
  endfacet
  facet normal 0 0 1
    outer loop
      vertex 106.828 69.359 17
      vertex 107.5 68 17
      vertex 107 69.35 17
    endloop
  endfacet
  facet normal 0 0 1
    outer loop
      vertex 106.8 69.3634 17
      vertex 107.5 68 17
      vertex 106.828 69.359 17
    endloop
  endfacet
  facet normal 0 0 1
    outer loop
      vertex 106.53 70.1651 17
      vertex 106.8 69.3634 17
      vertex 106.675 70.0711 17
    endloop
  endfacet
  facet normal 0 0 1
    outer loop
      vertex 106.396 70.2738 17
      vertex 106.8 69.3634 17
      vertex 106.53 70.1651 17
    endloop
  endfacet
  facet normal 0 0 1
    outer loop
      vertex 106.274 70.3959 17
      vertex 106.8 69.3634 17
      vertex 106.396 70.2738 17
    endloop
  endfacet
  facet normal 0 0 1
    outer loop
      vertex 105.363 70.8 17
      vertex 106.274 70.3959 17
      vertex 106.165 70.5302 17
    endloop
  endfacet
  facet normal 0 0 1
    outer loop
      vertex 106.274 70.3959 17
      vertex 105.363 70.8 17
      vertex 106.8 69.3634 17
    endloop
  endfacet
  facet normal 0 0 1
    outer loop
      vertex 105.363 70.8 17
      vertex 106.165 70.5302 17
      vertex 106.071 70.675 17
    endloop
  endfacet
  facet normal -0 0 1
    outer loop
      vertex 105.363 70.8 17
      vertex 106.071 70.675 17
      vertex 106.007 70.8 17
    endloop
  endfacet
  facet normal 0 0 1
    outer loop
      vertex 106.8 69.3634 17
      vertex 105.363 70.8 17
      vertex 104 68 17
    endloop
  endfacet
  facet normal 0 0 1
    outer loop
      vertex 104 71.5 17
      vertex 105.359 70.8275 17
      vertex 105.35 71 17
    endloop
  endfacet
  facet normal 0 0 1
    outer loop
      vertex 104 71.5 17
      vertex 105.363 70.8 17
      vertex 105.359 70.8275 17
    endloop
  endfacet
  facet normal 0 0 1
    outer loop
      vertex 104 68 17
      vertex 105.363 70.8 17
      vertex 104 71.5 17
    endloop
  endfacet
  facet normal 0 0 1
    outer loop
      vertex 106.8 69.3634 17
      vertex 104 68 17
      vertex 107.5 68 17
    endloop
  endfacet
  facet normal 0 0 1
    outer loop
      vertex 107.5 69.4281 17
      vertex 110 74 17
      vertex 107.5 71.5 17
    endloop
  endfacet
  facet normal 0 0 1
    outer loop
      vertex 110 74 17
      vertex 105.428 71.5 17
      vertex 107.5 71.5 17
    endloop
  endfacet
  facet normal 0 0 1
    outer loop
      vertex 105.359 71.1725 17
      vertex 104 71.5 17
      vertex 105.35 71 17
    endloop
  endfacet
  facet normal 0 0 1
    outer loop
      vertex 105.386 71.3431 17
      vertex 104 71.5 17
      vertex 105.359 71.1725 17
    endloop
  endfacet
  facet normal 0 0 1
    outer loop
      vertex 105.428 71.5 17
      vertex 104 71.5 17
      vertex 105.386 71.3431 17
    endloop
  endfacet
  facet normal 0 0 1
    outer loop
      vertex 110 74 17
      vertex 104 71.5 17
      vertex 105.428 71.5 17
    endloop
  endfacet
  facet normal 0 0 1
    outer loop
      vertex 110 74 17
      vertex 6 71.5 17
      vertex 104 71.5 17
    endloop
  endfacet
  facet normal 0 0 1
    outer loop
      vertex 4.64096 70.8275 17
      vertex 6 71.5 17
      vertex 4.65 71 17
    endloop
  endfacet
  facet normal 0 0 1
    outer loop
      vertex 6 71.5 17
      vertex 4.64096 71.1725 17
      vertex 4.65 71 17
    endloop
  endfacet
  facet normal 0 0 1
    outer loop
      vertex 6 71.5 17
      vertex 4.61394 71.3431 17
      vertex 4.64096 71.1725 17
    endloop
  endfacet
  facet normal 0 0 1
    outer loop
      vertex 6 71.5 17
      vertex 4.57189 71.5 17
      vertex 4.61394 71.3431 17
    endloop
  endfacet
  facet normal -0 0 1
    outer loop
      vertex 0 74 17
      vertex 6 71.5 17
      vertex 110 74 17
    endloop
  endfacet
  facet normal 0 0 1
    outer loop
      vertex 6 71.5 17
      vertex 0 74 17
      vertex 4.57189 71.5 17
    endloop
  endfacet
  facet normal 0 0 1
    outer loop
      vertex 0 74 17
      vertex 2.5 69.4281 17
      vertex 2.5 71.5 17
    endloop
  endfacet
  facet normal 0 0 1
    outer loop
      vertex 2.5 69.4281 17
      vertex 0 74 17
      vertex 2.5 68 17
    endloop
  endfacet
  facet normal 0 0 1
    outer loop
      vertex 2.5 68 17
      vertex 0 74 17
      vertex 2.5 6 17
    endloop
  endfacet
  facet normal 0 0 1
    outer loop
      vertex 0 0 17
      vertex 2.5 6 17
      vertex 0 74 17
    endloop
  endfacet
  facet normal 0 0 1
    outer loop
      vertex 2.5 6 17
      vertex 0 0 17
      vertex 2.5 4.57189 17
    endloop
  endfacet
  facet normal 0 0 1
    outer loop
      vertex 4.57189 71.5 17
      vertex 0 74 17
      vertex 2.5 71.5 17
    endloop
  endfacet
  facet normal 0 0 1
    outer loop
      vertex 107.5 68 17
      vertex 110 74 17
      vertex 107.5 69.4281 17
    endloop
  endfacet
  facet normal 0 0 1
    outer loop
      vertex 110 74 17
      vertex 107.5 68 17
      vertex 110 0 17
    endloop
  endfacet
  facet normal -0 0 1
    outer loop
      vertex 107.5 6 17
      vertex 110 0 17
      vertex 107.5 68 17
    endloop
  endfacet
  facet normal -0 0 1
    outer loop
      vertex 107.5 4.57189 17
      vertex 110 0 17
      vertex 107.5 6 17
    endloop
  endfacet
  facet normal -0 0 1
    outer loop
      vertex 107.5 2.5 17
      vertex 110 0 17
      vertex 107.5 4.57189 17
    endloop
  endfacet
  facet normal -0 0 1
    outer loop
      vertex 105.428 2.5 17
      vertex 110 0 17
      vertex 107.5 2.5 17
    endloop
  endfacet
  facet normal 0 0 1
    outer loop
      vertex 105.359 3.17247 17
      vertex 104 2.5 17
      vertex 105.35 3 17
    endloop
  endfacet
  facet normal 0 0 1
    outer loop
      vertex 105.35 3 17
      vertex 104 2.5 17
      vertex 105.359 2.82753 17
    endloop
  endfacet
  facet normal 0 0 1
    outer loop
      vertex 105.359 2.82753 17
      vertex 104 2.5 17
      vertex 105.386 2.65695 17
    endloop
  endfacet
  facet normal 0 0 1
    outer loop
      vertex 105.386 2.65695 17
      vertex 104 2.5 17
      vertex 105.428 2.5 17
    endloop
  endfacet
  facet normal -0 0 1
    outer loop
      vertex 104 2.5 17
      vertex 110 0 17
      vertex 105.428 2.5 17
    endloop
  endfacet
  facet normal -0 0 1
    outer loop
      vertex 6 2.5 17
      vertex 110 0 17
      vertex 104 2.5 17
    endloop
  endfacet
  facet normal -0 0 1
    outer loop
      vertex 4.64096 2.82753 17
      vertex 6 2.5 17
      vertex 4.65 3 17
    endloop
  endfacet
  facet normal -0 0 1
    outer loop
      vertex 4.61394 2.65695 17
      vertex 6 2.5 17
      vertex 4.64096 2.82753 17
    endloop
  endfacet
  facet normal 0 0 1
    outer loop
      vertex 4.57189 2.5 17
      vertex 6 2.5 17
      vertex 4.61394 2.65695 17
    endloop
  endfacet
  facet normal 0 0 1
    outer loop
      vertex 0 0 17
      vertex 6 2.5 17
      vertex 4.57189 2.5 17
    endloop
  endfacet
  facet normal 0 0 1
    outer loop
      vertex 0 0 17
      vertex 4.57189 2.5 17
      vertex 2.5 2.5 17
    endloop
  endfacet
  facet normal 0 0 1
    outer loop
      vertex 6 2.5 17
      vertex 0 0 17
      vertex 110 0 17
    endloop
  endfacet
  facet normal 0 0 1
    outer loop
      vertex 2.5 4.57189 17
      vertex 0 0 17
      vertex 2.5 2.5 17
    endloop
  endfacet
  facet normal 0 0 -1
    outer loop
      vertex 0 56 0
      vertex -5.8 62 0
      vertex 0 68 0
    endloop
  endfacet
  facet normal 0 0 -1
    outer loop
      vertex 0 56 0
      vertex -5.81205 61.77 0
      vertex -5.8 62 0
    endloop
  endfacet
  facet normal 0 0 -1
    outer loop
      vertex 0 56 0
      vertex -5.84807 61.5426 0
      vertex -5.81205 61.77 0
    endloop
  endfacet
  facet normal 0 0 -1
    outer loop
      vertex 0 56 0
      vertex -5.90767 61.3202 0
      vertex -5.84807 61.5426 0
    endloop
  endfacet
  facet normal 0 0 -1
    outer loop
      vertex 0 56 0
      vertex -5.9902 61.1052 0
      vertex -5.90767 61.3202 0
    endloop
  endfacet
  facet normal 0 0 -1
    outer loop
      vertex 0 56 0
      vertex -6.09474 60.9 0
      vertex -5.9902 61.1052 0
    endloop
  endfacet
  facet normal 0 0 -1
    outer loop
      vertex 0 56 0
      vertex -6.22016 60.7069 0
      vertex -6.09474 60.9 0
    endloop
  endfacet
  facet normal 0 0 -1
    outer loop
      vertex 0 56 0
      vertex -6.36508 60.5279 0
      vertex -6.22016 60.7069 0
    endloop
  endfacet
  facet normal 0 0 -1
    outer loop
      vertex 0 56 0
      vertex -6.52791 60.3651 0
      vertex -6.36508 60.5279 0
    endloop
  endfacet
  facet normal 0 0 -1
    outer loop
      vertex 0 56 0
      vertex -6.70687 60.2202 0
      vertex -6.52791 60.3651 0
    endloop
  endfacet
  facet normal 0 0 -1
    outer loop
      vertex -8 56 0
      vertex -6.70687 60.2202 0
      vertex 0 56 0
    endloop
  endfacet
  facet normal 0 0 -1
    outer loop
      vertex -6.70687 60.2202 0
      vertex -8 56 0
      vertex -6.9 60.0947 0
    endloop
  endfacet
  facet normal 0 0 -1
    outer loop
      vertex -6.9 60.0947 0
      vertex -8 56 0
      vertex -7.10518 59.9902 0
    endloop
  endfacet
  facet normal 0 0 -1
    outer loop
      vertex -7.10518 59.9902 0
      vertex -8 56 0
      vertex -7.32016 59.9077 0
    endloop
  endfacet
  facet normal 0 0 -1
    outer loop
      vertex -7.32016 59.9077 0
      vertex -8 56 0
      vertex -7.54259 59.8481 0
    endloop
  endfacet
  facet normal 0 0 -1
    outer loop
      vertex -7.54259 59.8481 0
      vertex -8 56 0
      vertex -7.77004 59.8121 0
    endloop
  endfacet
  facet normal 0 0 -1
    outer loop
      vertex -8 56 0
      vertex -8 59.8 0
      vertex -7.77004 59.8121 0
    endloop
  endfacet
  facet normal 0 0 -1
    outer loop
      vertex -8 56 0
      vertex -8.22996 59.8121 0
      vertex -8 59.8 0
    endloop
  endfacet
  facet normal 0 0 -1
    outer loop
      vertex -8.62717 56.0329 0
      vertex -8.22996 59.8121 0
      vertex -8 56 0
    endloop
  endfacet
  facet normal -0 0 -1
    outer loop
      vertex -8.22996 59.8121 0
      vertex -8.62717 56.0329 0
      vertex -8.45741 59.8481 0
    endloop
  endfacet
  facet normal 0 0 -1
    outer loop
      vertex -9.24747 56.1311 0
      vertex -8.45741 59.8481 0
      vertex -8.62717 56.0329 0
    endloop
  endfacet
  facet normal -0 0 -1
    outer loop
      vertex -8.45741 59.8481 0
      vertex -9.24747 56.1311 0
      vertex -8.67984 59.9077 0
    endloop
  endfacet
  facet normal 0 0 -1
    outer loop
      vertex -9.8541 56.2937 0
      vertex -8.67984 59.9077 0
      vertex -9.24747 56.1311 0
    endloop
  endfacet
  facet normal -0 0 -1
    outer loop
      vertex -8.67984 59.9077 0
      vertex -9.8541 56.2937 0
      vertex -8.89482 59.9902 0
    endloop
  endfacet
  facet normal 0 0 -1
    outer loop
      vertex -10.4404 56.5187 0
      vertex -8.89482 59.9902 0
      vertex -9.8541 56.2937 0
    endloop
  endfacet
  facet normal -0 0 -1
    outer loop
      vertex -8.89482 59.9902 0
      vertex -10.4404 56.5187 0
      vertex -9.1 60.0947 0
    endloop
  endfacet
  facet normal 0 0 -1
    outer loop
      vertex -11 56.8038 0
      vertex -9.1 60.0947 0
      vertex -10.4404 56.5187 0
    endloop
  endfacet
  facet normal -0 0 -1
    outer loop
      vertex -9.1 60.0947 0
      vertex -11 56.8038 0
      vertex -9.29313 60.2202 0
    endloop
  endfacet
  facet normal 0 0 -1
    outer loop
      vertex -11.5267 57.1459 0
      vertex -9.29313 60.2202 0
      vertex -11 56.8038 0
    endloop
  endfacet
  facet normal -0 0 -1
    outer loop
      vertex -9.29313 60.2202 0
      vertex -11.5267 57.1459 0
      vertex -9.47209 60.3651 0
    endloop
  endfacet
  facet normal 0 0 -1
    outer loop
      vertex -12.0148 57.5411 0
      vertex -9.47209 60.3651 0
      vertex -11.5267 57.1459 0
    endloop
  endfacet
  facet normal -0 0 -1
    outer loop
      vertex -9.47209 60.3651 0
      vertex -12.0148 57.5411 0
      vertex -9.63492 60.5279 0
    endloop
  endfacet
  facet normal 0 0 -1
    outer loop
      vertex -12.4589 57.9852 0
      vertex -9.63492 60.5279 0
      vertex -12.0148 57.5411 0
    endloop
  endfacet
  facet normal -0 0 -1
    outer loop
      vertex -9.63492 60.5279 0
      vertex -12.4589 57.9852 0
      vertex -9.77984 60.7069 0
    endloop
  endfacet
  facet normal -0 0 -1
    outer loop
      vertex -9.77984 60.7069 0
      vertex -12.8541 58.4733 0
      vertex -9.90526 60.9 0
    endloop
  endfacet
  facet normal 0 0 -1
    outer loop
      vertex -12.8541 58.4733 0
      vertex -9.77984 60.7069 0
      vertex -12.4589 57.9852 0
    endloop
  endfacet
  facet normal 0 0 -1
    outer loop
      vertex 0 6 0
      vertex 110 6 0
      vertex 110 0 0
    endloop
  endfacet
  facet normal 0 0 -1
    outer loop
      vertex 110 6 0
      vertex 0 6 0
      vertex 110 18 0
    endloop
  endfacet
  facet normal 0 0 -1
    outer loop
      vertex 110 18 0
      vertex 0 56 0
      vertex 110 68 0
    endloop
  endfacet
  facet normal 0 0 -1
    outer loop
      vertex 0 6 0
      vertex 110 0 0
      vertex 0 0 0
    endloop
  endfacet
  facet normal -0 0 -1
    outer loop
      vertex 110 18 0
      vertex 0 6 0
      vertex 0 56 0
    endloop
  endfacet
  facet normal 0 0 -1
    outer loop
      vertex 0 68 0
      vertex 110 68 0
      vertex 0 56 0
    endloop
  endfacet
  facet normal 0 0 -1
    outer loop
      vertex 110 68 0
      vertex 0 68 0
      vertex 110 74 0
    endloop
  endfacet
  facet normal -0 0 -1
    outer loop
      vertex 110 74 0
      vertex 0 68 0
      vertex 0 74 0
    endloop
  endfacet
  facet normal 0 0 -1
    outer loop
      vertex -6.09474 -1.1 0
      vertex 0 0 0
      vertex 0 -6 0
    endloop
  endfacet
  facet normal 0 0 -1
    outer loop
      vertex -5.81205 0.229963 0
      vertex 0 0 0
      vertex -5.8 0 0
    endloop
  endfacet
  facet normal -0 0 -1
    outer loop
      vertex 0 0 0
      vertex -5.81205 -0.229962 0
      vertex -5.8 0 0
    endloop
  endfacet
  facet normal 0 0 -1
    outer loop
      vertex 0 0 0
      vertex -5.84807 -0.457405 0
      vertex -5.81205 -0.229962 0
    endloop
  endfacet
  facet normal 0 0 -1
    outer loop
      vertex 0 0 0
      vertex -5.90767 -0.679837 0
      vertex -5.84807 -0.457405 0
    endloop
  endfacet
  facet normal 0 0 -1
    outer loop
      vertex 0 0 0
      vertex -5.9902 -0.89482 0
      vertex -5.90767 -0.679837 0
    endloop
  endfacet
  facet normal 0 0 -1
    outer loop
      vertex 0 0 0
      vertex -6.09474 -1.1 0
      vertex -5.9902 -0.89482 0
    endloop
  endfacet
  facet normal 0 0 -1
    outer loop
      vertex 0 -6 0
      vertex -6.22016 -1.29313 0
      vertex -6.09474 -1.1 0
    endloop
  endfacet
  facet normal 0 0 -1
    outer loop
      vertex 0 -6 0
      vertex -6.36508 -1.47209 0
      vertex -6.22016 -1.29313 0
    endloop
  endfacet
  facet normal 0 0 -1
    outer loop
      vertex 0 -6 0
      vertex -6.52791 -1.63492 0
      vertex -6.36508 -1.47209 0
    endloop
  endfacet
  facet normal 0 0 -1
    outer loop
      vertex 0 -6 0
      vertex -6.70687 -1.77984 0
      vertex -6.52791 -1.63492 0
    endloop
  endfacet
  facet normal 0 0 -1
    outer loop
      vertex -8 -6 0
      vertex -6.70687 -1.77984 0
      vertex 0 -6 0
    endloop
  endfacet
  facet normal 0 0 -1
    outer loop
      vertex -6.70687 -1.77984 0
      vertex -8 -6 0
      vertex -6.9 -1.90526 0
    endloop
  endfacet
  facet normal 0 0 -1
    outer loop
      vertex -6.9 -1.90526 0
      vertex -8 -6 0
      vertex -7.10518 -2.0098 0
    endloop
  endfacet
  facet normal 0 0 -1
    outer loop
      vertex -7.10518 -2.0098 0
      vertex -8 -6 0
      vertex -7.32016 -2.09232 0
    endloop
  endfacet
  facet normal 0 0 -1
    outer loop
      vertex -7.32016 -2.09232 0
      vertex -8 -6 0
      vertex -7.54259 -2.15192 0
    endloop
  endfacet
  facet normal 0 0 -1
    outer loop
      vertex -7.54259 -2.15192 0
      vertex -8 -6 0
      vertex -7.77004 -2.18795 0
    endloop
  endfacet
  facet normal 0 0 -1
    outer loop
      vertex -8 -6 0
      vertex -8 -2.2 0
      vertex -7.77004 -2.18795 0
    endloop
  endfacet
  facet normal 0 0 -1
    outer loop
      vertex -8 -6 0
      vertex -8.22996 -2.18795 0
      vertex -8 -2.2 0
    endloop
  endfacet
  facet normal 0 0 -1
    outer loop
      vertex -8.62717 -5.96713 0
      vertex -8.22996 -2.18795 0
      vertex -8 -6 0
    endloop
  endfacet
  facet normal -0 0 -1
    outer loop
      vertex -8.22996 -2.18795 0
      vertex -8.62717 -5.96713 0
      vertex -8.45741 -2.15192 0
    endloop
  endfacet
  facet normal 0 0 -1
    outer loop
      vertex -9.24747 -5.86889 0
      vertex -8.45741 -2.15192 0
      vertex -8.62717 -5.96713 0
    endloop
  endfacet
  facet normal -0 0 -1
    outer loop
      vertex -8.45741 -2.15192 0
      vertex -9.24747 -5.86889 0
      vertex -8.67984 -2.09232 0
    endloop
  endfacet
  facet normal 0 0 -1
    outer loop
      vertex -9.8541 -5.70634 0
      vertex -8.67984 -2.09232 0
      vertex -9.24747 -5.86889 0
    endloop
  endfacet
  facet normal -0 0 -1
    outer loop
      vertex -8.67984 -2.09232 0
      vertex -9.8541 -5.70634 0
      vertex -8.89482 -2.0098 0
    endloop
  endfacet
  facet normal 0 0 -1
    outer loop
      vertex -10.4404 -5.48127 0
      vertex -8.89482 -2.0098 0
      vertex -9.8541 -5.70634 0
    endloop
  endfacet
  facet normal -0 0 -1
    outer loop
      vertex -8.89482 -2.0098 0
      vertex -10.4404 -5.48127 0
      vertex -9.1 -1.90526 0
    endloop
  endfacet
  facet normal 0 0 -1
    outer loop
      vertex -11 -5.19615 0
      vertex -9.1 -1.90526 0
      vertex -10.4404 -5.48127 0
    endloop
  endfacet
  facet normal -0 0 -1
    outer loop
      vertex -9.1 -1.90526 0
      vertex -11 -5.19615 0
      vertex -9.29313 -1.77984 0
    endloop
  endfacet
  facet normal 0 0 -1
    outer loop
      vertex -11.5267 -4.8541 0
      vertex -9.29313 -1.77984 0
      vertex -11 -5.19615 0
    endloop
  endfacet
  facet normal -0 0 -1
    outer loop
      vertex -9.29313 -1.77984 0
      vertex -11.5267 -4.8541 0
      vertex -9.47209 -1.63492 0
    endloop
  endfacet
  facet normal 0 0 -1
    outer loop
      vertex -12.0148 -4.45887 0
      vertex -9.47209 -1.63492 0
      vertex -11.5267 -4.8541 0
    endloop
  endfacet
  facet normal -0 0 -1
    outer loop
      vertex -9.47209 -1.63492 0
      vertex -12.0148 -4.45887 0
      vertex -9.63492 -1.47209 0
    endloop
  endfacet
  facet normal 0 0 -1
    outer loop
      vertex -12.4589 -4.01478 0
      vertex -9.63492 -1.47209 0
      vertex -12.0148 -4.45887 0
    endloop
  endfacet
  facet normal -0 0 -1
    outer loop
      vertex -9.63492 -1.47209 0
      vertex -12.4589 -4.01478 0
      vertex -9.77984 -1.29313 0
    endloop
  endfacet
  facet normal -0 0 -1
    outer loop
      vertex -9.77984 -1.29313 0
      vertex -12.8541 -3.52671 0
      vertex -9.90526 -1.1 0
    endloop
  endfacet
  facet normal 0 0 -1
    outer loop
      vertex -12.8541 -3.52671 0
      vertex -9.77984 -1.29313 0
      vertex -12.4589 -4.01478 0
    endloop
  endfacet
  facet normal 0 0 -1
    outer loop
      vertex -5.84807 0.457406 0
      vertex 0 0 0
      vertex -5.81205 0.229963 0
    endloop
  endfacet
  facet normal 0 0 -1
    outer loop
      vertex -5.90767 0.679838 0
      vertex 0 0 0
      vertex -5.84807 0.457406 0
    endloop
  endfacet
  facet normal 0 0 -1
    outer loop
      vertex -5.9902 0.894821 0
      vertex 0 0 0
      vertex -5.90767 0.679838 0
    endloop
  endfacet
  facet normal 0 0 -1
    outer loop
      vertex -6.09474 1.1 0
      vertex 0 0 0
      vertex -5.9902 0.894821 0
    endloop
  endfacet
  facet normal 0 0 -1
    outer loop
      vertex 0 0 0
      vertex -6.09474 1.1 0
      vertex 0 6 0
    endloop
  endfacet
  facet normal 0 0 -1
    outer loop
      vertex -6.22016 1.29313 0
      vertex 0 6 0
      vertex -6.09474 1.1 0
    endloop
  endfacet
  facet normal 0 0 -1
    outer loop
      vertex -6.36508 1.47209 0
      vertex 0 6 0
      vertex -6.22016 1.29313 0
    endloop
  endfacet
  facet normal 0 0 -1
    outer loop
      vertex -6.52791 1.63492 0
      vertex 0 6 0
      vertex -6.36508 1.47209 0
    endloop
  endfacet
  facet normal 0 0 -1
    outer loop
      vertex -6.70687 1.77984 0
      vertex 0 6 0
      vertex -6.52791 1.63492 0
    endloop
  endfacet
  facet normal 0 0 -1
    outer loop
      vertex -8 6 0
      vertex -6.70687 1.77984 0
      vertex -6.9 1.90526 0
    endloop
  endfacet
  facet normal 0 0 -1
    outer loop
      vertex -8 6 0
      vertex -6.9 1.90526 0
      vertex -7.10518 2.0098 0
    endloop
  endfacet
  facet normal 0 0 -1
    outer loop
      vertex -8 6 0
      vertex -7.10518 2.0098 0
      vertex -7.32016 2.09233 0
    endloop
  endfacet
  facet normal 0 0 -1
    outer loop
      vertex -8 6 0
      vertex -7.32016 2.09233 0
      vertex -7.54259 2.15193 0
    endloop
  endfacet
  facet normal 0 0 -1
    outer loop
      vertex -8 6 0
      vertex -7.54259 2.15193 0
      vertex -7.77004 2.18795 0
    endloop
  endfacet
  facet normal 0 0 -1
    outer loop
      vertex -8 6 0
      vertex -7.77004 2.18795 0
      vertex -8 2.2 0
    endloop
  endfacet
  facet normal 0 0 -1
    outer loop
      vertex -6.70687 1.77984 0
      vertex -8 6 0
      vertex 0 6 0
    endloop
  endfacet
  facet normal 0 0 -1
    outer loop
      vertex -8.22996 2.18795 0
      vertex -8 6 0
      vertex -8 2.2 0
    endloop
  endfacet
  facet normal 0 0 -1
    outer loop
      vertex -8.62717 5.96713 0
      vertex -8.22996 2.18795 0
      vertex -8.45741 2.15193 0
    endloop
  endfacet
  facet normal 0 0 -1
    outer loop
      vertex -8.22996 2.18795 0
      vertex -8.62717 5.96713 0
      vertex -8 6 0
    endloop
  endfacet
  facet normal 0 0 -1
    outer loop
      vertex -9.24747 5.86889 0
      vertex -8.45741 2.15193 0
      vertex -8.67984 2.09233 0
    endloop
  endfacet
  facet normal 0 0 -1
    outer loop
      vertex -9.8541 5.70634 0
      vertex -8.67984 2.09233 0
      vertex -8.89482 2.0098 0
    endloop
  endfacet
  facet normal 0 0 -1
    outer loop
      vertex -10.4404 5.48127 0
      vertex -8.89482 2.0098 0
      vertex -9.1 1.90526 0
    endloop
  endfacet
  facet normal 0 0 -1
    outer loop
      vertex -8.45741 2.15193 0
      vertex -9.24747 5.86889 0
      vertex -8.62717 5.96713 0
    endloop
  endfacet
  facet normal 0 0 -1
    outer loop
      vertex -11 5.19615 0
      vertex -9.1 1.90526 0
      vertex -9.29313 1.77984 0
    endloop
  endfacet
  facet normal 0 0 -1
    outer loop
      vertex -11.5267 4.8541 0
      vertex -9.29313 1.77984 0
      vertex -9.47209 1.63492 0
    endloop
  endfacet
  facet normal 0 0 -1
    outer loop
      vertex -12.0148 4.45887 0
      vertex -9.47209 1.63492 0
      vertex -9.63492 1.47209 0
    endloop
  endfacet
  facet normal 0 0 -1
    outer loop
      vertex -12.4589 4.01478 0
      vertex -9.63492 1.47209 0
      vertex -9.77984 1.29313 0
    endloop
  endfacet
  facet normal 0 0 -1
    outer loop
      vertex -8.67984 2.09233 0
      vertex -9.8541 5.70634 0
      vertex -9.24747 5.86889 0
    endloop
  endfacet
  facet normal 0 0 -1
    outer loop
      vertex -12.8541 3.52671 0
      vertex -9.77984 1.29313 0
      vertex -9.90526 1.1 0
    endloop
  endfacet
  facet normal 0 0 -1
    outer loop
      vertex -13.1962 3 0
      vertex -9.90526 1.1 0
      vertex -10.0098 0.894821 0
    endloop
  endfacet
  facet normal 0 0 -1
    outer loop
      vertex -13.4813 2.44042 0
      vertex -10.0098 0.894821 0
      vertex -10.0923 0.679838 0
    endloop
  endfacet
  facet normal 0 0 -1
    outer loop
      vertex -13.7063 1.8541 0
      vertex -10.0923 0.679838 0
      vertex -10.1519 0.457406 0
    endloop
  endfacet
  facet normal 0 0 -1
    outer loop
      vertex -13.8689 1.24747 0
      vertex -10.1519 0.457406 0
      vertex -10.1879 0.229963 0
    endloop
  endfacet
  facet normal 0 0 -1
    outer loop
      vertex -8.89482 2.0098 0
      vertex -10.4404 5.48127 0
      vertex -9.8541 5.70634 0
    endloop
  endfacet
  facet normal 0 0 -1
    outer loop
      vertex -13.9671 0.627172 0
      vertex -10.1879 0.229963 0
      vertex -10.2 0 0
    endloop
  endfacet
  facet normal 0 0 -1
    outer loop
      vertex -13.1962 -3 0
      vertex -9.90526 -1.1 0
      vertex -12.8541 -3.52671 0
    endloop
  endfacet
  facet normal -0 0 -1
    outer loop
      vertex -9.90526 -1.1 0
      vertex -13.1962 -3 0
      vertex -10.0098 -0.89482 0
    endloop
  endfacet
  facet normal 0 0 -1
    outer loop
      vertex -9.1 1.90526 0
      vertex -11 5.19615 0
      vertex -10.4404 5.48127 0
    endloop
  endfacet
  facet normal 0 0 -1
    outer loop
      vertex -13.4813 -2.44042 0
      vertex -10.0098 -0.89482 0
      vertex -13.1962 -3 0
    endloop
  endfacet
  facet normal 0 0 -1
    outer loop
      vertex -9.29313 1.77984 0
      vertex -11.5267 4.8541 0
      vertex -11 5.19615 0
    endloop
  endfacet
  facet normal -0 0 -1
    outer loop
      vertex -10.0098 -0.89482 0
      vertex -13.4813 -2.44042 0
      vertex -10.0923 -0.679837 0
    endloop
  endfacet
  facet normal 0 0 -1
    outer loop
      vertex -9.47209 1.63492 0
      vertex -12.0148 4.45887 0
      vertex -11.5267 4.8541 0
    endloop
  endfacet
  facet normal 0 0 -1
    outer loop
      vertex -13.7063 -1.8541 0
      vertex -10.0923 -0.679837 0
      vertex -13.4813 -2.44042 0
    endloop
  endfacet
  facet normal 0 0 -1
    outer loop
      vertex -9.63492 1.47209 0
      vertex -12.4589 4.01478 0
      vertex -12.0148 4.45887 0
    endloop
  endfacet
  facet normal -0 0 -1
    outer loop
      vertex -10.0923 -0.679837 0
      vertex -13.7063 -1.8541 0
      vertex -10.1519 -0.457405 0
    endloop
  endfacet
  facet normal 0 0 -1
    outer loop
      vertex -9.77984 1.29313 0
      vertex -12.8541 3.52671 0
      vertex -12.4589 4.01478 0
    endloop
  endfacet
  facet normal 0 0 -1
    outer loop
      vertex -13.8689 -1.24747 0
      vertex -10.1519 -0.457405 0
      vertex -13.7063 -1.8541 0
    endloop
  endfacet
  facet normal 0 0 -1
    outer loop
      vertex -9.90526 1.1 0
      vertex -13.1962 3 0
      vertex -12.8541 3.52671 0
    endloop
  endfacet
  facet normal -0 0 -1
    outer loop
      vertex -10.1519 -0.457405 0
      vertex -13.8689 -1.24747 0
      vertex -10.1879 -0.229962 0
    endloop
  endfacet
  facet normal 0 0 -1
    outer loop
      vertex -10.0098 0.894821 0
      vertex -13.4813 2.44042 0
      vertex -13.1962 3 0
    endloop
  endfacet
  facet normal 0 0 -1
    outer loop
      vertex -13.9671 -0.627171 0
      vertex -10.1879 -0.229962 0
      vertex -13.8689 -1.24747 0
    endloop
  endfacet
  facet normal 0 0 -1
    outer loop
      vertex -10.0923 0.679838 0
      vertex -13.7063 1.8541 0
      vertex -13.4813 2.44042 0
    endloop
  endfacet
  facet normal -0 0 -1
    outer loop
      vertex -10.1879 -0.229962 0
      vertex -13.9671 -0.627171 0
      vertex -10.2 0 0
    endloop
  endfacet
  facet normal 0 0 -1
    outer loop
      vertex -10.1519 0.457406 0
      vertex -13.8689 1.24747 0
      vertex -13.7063 1.8541 0
    endloop
  endfacet
  facet normal 0 0 -1
    outer loop
      vertex -14 0 0
      vertex -10.2 0 0
      vertex -13.9671 -0.627171 0
    endloop
  endfacet
  facet normal 0 0 -1
    outer loop
      vertex -10.1879 0.229963 0
      vertex -13.9671 0.627172 0
      vertex -13.8689 1.24747 0
    endloop
  endfacet
  facet normal 0 0 -1
    outer loop
      vertex -10.2 0 0
      vertex -14 0 0
      vertex -13.9671 0.627172 0
    endloop
  endfacet
  facet normal 0 0 -1
    outer loop
      vertex -5.81205 62.23 0
      vertex 0 68 0
      vertex -5.8 62 0
    endloop
  endfacet
  facet normal 0 0 -1
    outer loop
      vertex -5.84807 62.4574 0
      vertex 0 68 0
      vertex -5.81205 62.23 0
    endloop
  endfacet
  facet normal 0 0 -1
    outer loop
      vertex -5.90767 62.6798 0
      vertex 0 68 0
      vertex -5.84807 62.4574 0
    endloop
  endfacet
  facet normal 0 0 -1
    outer loop
      vertex -5.9902 62.8948 0
      vertex 0 68 0
      vertex -5.90767 62.6798 0
    endloop
  endfacet
  facet normal 0 0 -1
    outer loop
      vertex -6.09474 63.1 0
      vertex 0 68 0
      vertex -5.9902 62.8948 0
    endloop
  endfacet
  facet normal 0 0 -1
    outer loop
      vertex -6.22016 63.2931 0
      vertex 0 68 0
      vertex -6.09474 63.1 0
    endloop
  endfacet
  facet normal 0 0 -1
    outer loop
      vertex -6.36508 63.4721 0
      vertex 0 68 0
      vertex -6.22016 63.2931 0
    endloop
  endfacet
  facet normal 0 0 -1
    outer loop
      vertex -6.52791 63.6349 0
      vertex 0 68 0
      vertex -6.36508 63.4721 0
    endloop
  endfacet
  facet normal 0 0 -1
    outer loop
      vertex -6.70687 63.7798 0
      vertex 0 68 0
      vertex -6.52791 63.6349 0
    endloop
  endfacet
  facet normal 0 0 -1
    outer loop
      vertex -8 68 0
      vertex -6.70687 63.7798 0
      vertex -6.9 63.9053 0
    endloop
  endfacet
  facet normal 0 0 -1
    outer loop
      vertex -8 68 0
      vertex -6.9 63.9053 0
      vertex -7.10518 64.0098 0
    endloop
  endfacet
  facet normal 0 0 -1
    outer loop
      vertex -8 68 0
      vertex -7.10518 64.0098 0
      vertex -7.32016 64.0923 0
    endloop
  endfacet
  facet normal 0 0 -1
    outer loop
      vertex -8 68 0
      vertex -7.32016 64.0923 0
      vertex -7.54259 64.1519 0
    endloop
  endfacet
  facet normal 0 0 -1
    outer loop
      vertex -8 68 0
      vertex -7.54259 64.1519 0
      vertex -7.77004 64.188 0
    endloop
  endfacet
  facet normal 0 0 -1
    outer loop
      vertex -8 68 0
      vertex -7.77004 64.188 0
      vertex -8 64.2 0
    endloop
  endfacet
  facet normal 0 0 -1
    outer loop
      vertex -6.70687 63.7798 0
      vertex -8 68 0
      vertex 0 68 0
    endloop
  endfacet
  facet normal 0 0 -1
    outer loop
      vertex -8.22996 64.188 0
      vertex -8 68 0
      vertex -8 64.2 0
    endloop
  endfacet
  facet normal 0 0 -1
    outer loop
      vertex -8.62717 67.9671 0
      vertex -8.22996 64.188 0
      vertex -8.45741 64.1519 0
    endloop
  endfacet
  facet normal 0 0 -1
    outer loop
      vertex -8.22996 64.188 0
      vertex -8.62717 67.9671 0
      vertex -8 68 0
    endloop
  endfacet
  facet normal 0 0 -1
    outer loop
      vertex -9.24747 67.8689 0
      vertex -8.45741 64.1519 0
      vertex -8.67984 64.0923 0
    endloop
  endfacet
  facet normal 0 0 -1
    outer loop
      vertex -9.8541 67.7063 0
      vertex -8.67984 64.0923 0
      vertex -8.89482 64.0098 0
    endloop
  endfacet
  facet normal 0 0 -1
    outer loop
      vertex -10.4404 67.4813 0
      vertex -8.89482 64.0098 0
      vertex -9.1 63.9053 0
    endloop
  endfacet
  facet normal 0 0 -1
    outer loop
      vertex -8.45741 64.1519 0
      vertex -9.24747 67.8689 0
      vertex -8.62717 67.9671 0
    endloop
  endfacet
  facet normal 0 0 -1
    outer loop
      vertex -11 67.1962 0
      vertex -9.1 63.9053 0
      vertex -9.29313 63.7798 0
    endloop
  endfacet
  facet normal 0 0 -1
    outer loop
      vertex -11.5267 66.8541 0
      vertex -9.29313 63.7798 0
      vertex -9.47209 63.6349 0
    endloop
  endfacet
  facet normal 0 0 -1
    outer loop
      vertex -12.0148 66.4589 0
      vertex -9.47209 63.6349 0
      vertex -9.63492 63.4721 0
    endloop
  endfacet
  facet normal 0 0 -1
    outer loop
      vertex -12.4589 66.0148 0
      vertex -9.63492 63.4721 0
      vertex -9.77984 63.2931 0
    endloop
  endfacet
  facet normal 0 0 -1
    outer loop
      vertex -8.67984 64.0923 0
      vertex -9.8541 67.7063 0
      vertex -9.24747 67.8689 0
    endloop
  endfacet
  facet normal 0 0 -1
    outer loop
      vertex -12.8541 65.5267 0
      vertex -9.77984 63.2931 0
      vertex -9.90526 63.1 0
    endloop
  endfacet
  facet normal 0 0 -1
    outer loop
      vertex -13.1962 65 0
      vertex -9.90526 63.1 0
      vertex -10.0098 62.8948 0
    endloop
  endfacet
  facet normal 0 0 -1
    outer loop
      vertex -13.4813 64.4404 0
      vertex -10.0098 62.8948 0
      vertex -10.0923 62.6798 0
    endloop
  endfacet
  facet normal 0 0 -1
    outer loop
      vertex -13.7063 63.8541 0
      vertex -10.0923 62.6798 0
      vertex -10.1519 62.4574 0
    endloop
  endfacet
  facet normal 0 0 -1
    outer loop
      vertex -13.8689 63.2475 0
      vertex -10.1519 62.4574 0
      vertex -10.1879 62.23 0
    endloop
  endfacet
  facet normal 0 0 -1
    outer loop
      vertex -8.89482 64.0098 0
      vertex -10.4404 67.4813 0
      vertex -9.8541 67.7063 0
    endloop
  endfacet
  facet normal 0 0 -1
    outer loop
      vertex -13.9671 62.6272 0
      vertex -10.1879 62.23 0
      vertex -10.2 62 0
    endloop
  endfacet
  facet normal 0 0 -1
    outer loop
      vertex -13.1962 59 0
      vertex -9.90526 60.9 0
      vertex -12.8541 58.4733 0
    endloop
  endfacet
  facet normal -0 0 -1
    outer loop
      vertex -9.90526 60.9 0
      vertex -13.1962 59 0
      vertex -10.0098 61.1052 0
    endloop
  endfacet
  facet normal 0 0 -1
    outer loop
      vertex -9.1 63.9053 0
      vertex -11 67.1962 0
      vertex -10.4404 67.4813 0
    endloop
  endfacet
  facet normal 0 0 -1
    outer loop
      vertex -13.4813 59.5596 0
      vertex -10.0098 61.1052 0
      vertex -13.1962 59 0
    endloop
  endfacet
  facet normal 0 0 -1
    outer loop
      vertex -9.29313 63.7798 0
      vertex -11.5267 66.8541 0
      vertex -11 67.1962 0
    endloop
  endfacet
  facet normal -0 0 -1
    outer loop
      vertex -10.0098 61.1052 0
      vertex -13.4813 59.5596 0
      vertex -10.0923 61.3202 0
    endloop
  endfacet
  facet normal 0 0 -1
    outer loop
      vertex -9.47209 63.6349 0
      vertex -12.0148 66.4589 0
      vertex -11.5267 66.8541 0
    endloop
  endfacet
  facet normal 0 0 -1
    outer loop
      vertex -13.7063 60.1459 0
      vertex -10.0923 61.3202 0
      vertex -13.4813 59.5596 0
    endloop
  endfacet
  facet normal 0 0 -1
    outer loop
      vertex -9.63492 63.4721 0
      vertex -12.4589 66.0148 0
      vertex -12.0148 66.4589 0
    endloop
  endfacet
  facet normal -0 0 -1
    outer loop
      vertex -10.0923 61.3202 0
      vertex -13.7063 60.1459 0
      vertex -10.1519 61.5426 0
    endloop
  endfacet
  facet normal 0 0 -1
    outer loop
      vertex -9.77984 63.2931 0
      vertex -12.8541 65.5267 0
      vertex -12.4589 66.0148 0
    endloop
  endfacet
  facet normal 0 0 -1
    outer loop
      vertex -13.8689 60.7525 0
      vertex -10.1519 61.5426 0
      vertex -13.7063 60.1459 0
    endloop
  endfacet
  facet normal 0 0 -1
    outer loop
      vertex -9.90526 63.1 0
      vertex -13.1962 65 0
      vertex -12.8541 65.5267 0
    endloop
  endfacet
  facet normal -0 0 -1
    outer loop
      vertex -10.1519 61.5426 0
      vertex -13.8689 60.7525 0
      vertex -10.1879 61.77 0
    endloop
  endfacet
  facet normal 0 0 -1
    outer loop
      vertex -10.0098 62.8948 0
      vertex -13.4813 64.4404 0
      vertex -13.1962 65 0
    endloop
  endfacet
  facet normal 0 0 -1
    outer loop
      vertex -13.9671 61.3728 0
      vertex -10.1879 61.77 0
      vertex -13.8689 60.7525 0
    endloop
  endfacet
  facet normal 0 0 -1
    outer loop
      vertex -10.0923 62.6798 0
      vertex -13.7063 63.8541 0
      vertex -13.4813 64.4404 0
    endloop
  endfacet
  facet normal -0 0 -1
    outer loop
      vertex -10.1879 61.77 0
      vertex -13.9671 61.3728 0
      vertex -10.2 62 0
    endloop
  endfacet
  facet normal 0 0 -1
    outer loop
      vertex -10.1519 62.4574 0
      vertex -13.8689 63.2475 0
      vertex -13.7063 63.8541 0
    endloop
  endfacet
  facet normal 0 0 -1
    outer loop
      vertex -14 62 0
      vertex -10.2 62 0
      vertex -13.9671 61.3728 0
    endloop
  endfacet
  facet normal 0 0 -1
    outer loop
      vertex -10.1879 62.23 0
      vertex -13.9671 62.6272 0
      vertex -13.8689 63.2475 0
    endloop
  endfacet
  facet normal 0 0 -1
    outer loop
      vertex -10.2 62 0
      vertex -14 62 0
      vertex -13.9671 62.6272 0
    endloop
  endfacet
  facet normal 0 0 -1
    outer loop
      vertex 120.2 12 0
      vertex 124 12 0
      vertex 123.967 11.3728 0
    endloop
  endfacet
  facet normal 0 0 -1
    outer loop
      vertex 120.188 11.77 0
      vertex 123.967 11.3728 0
      vertex 123.869 10.7525 0
    endloop
  endfacet
  facet normal 0 0 -1
    outer loop
      vertex 124 12 0
      vertex 120.2 12 0
      vertex 123.967 12.6272 0
    endloop
  endfacet
  facet normal 0 0 -1
    outer loop
      vertex 120.152 11.5426 0
      vertex 123.869 10.7525 0
      vertex 123.706 10.1459 0
    endloop
  endfacet
  facet normal 0 0 -1
    outer loop
      vertex 120.188 12.23 0
      vertex 123.967 12.6272 0
      vertex 120.2 12 0
    endloop
  endfacet
  facet normal 0 0 -1
    outer loop
      vertex 120.092 11.3202 0
      vertex 123.706 10.1459 0
      vertex 123.481 9.55958 0
    endloop
  endfacet
  facet normal -0 0 -1
    outer loop
      vertex 123.967 12.6272 0
      vertex 120.188 12.23 0
      vertex 123.869 13.2475 0
    endloop
  endfacet
  facet normal 0 0 -1
    outer loop
      vertex 120.01 11.1052 0
      vertex 123.481 9.55958 0
      vertex 123.196 9 0
    endloop
  endfacet
  facet normal 0 0 -1
    outer loop
      vertex 120.152 12.4574 0
      vertex 123.869 13.2475 0
      vertex 120.188 12.23 0
    endloop
  endfacet
  facet normal 0 0 -1
    outer loop
      vertex 119.905 10.9 0
      vertex 123.196 9 0
      vertex 122.854 8.47329 0
    endloop
  endfacet
  facet normal -0 0 -1
    outer loop
      vertex 123.869 13.2475 0
      vertex 120.152 12.4574 0
      vertex 123.706 13.8541 0
    endloop
  endfacet
  facet normal 0 0 -1
    outer loop
      vertex 119.78 10.7069 0
      vertex 122.854 8.47329 0
      vertex 122.459 7.98522 0
    endloop
  endfacet
  facet normal 0 0 -1
    outer loop
      vertex 120.092 12.6798 0
      vertex 123.706 13.8541 0
      vertex 120.152 12.4574 0
    endloop
  endfacet
  facet normal 0 0 -1
    outer loop
      vertex 119.635 10.5279 0
      vertex 122.459 7.98522 0
      vertex 122.015 7.54113 0
    endloop
  endfacet
  facet normal -0 0 -1
    outer loop
      vertex 123.706 13.8541 0
      vertex 120.092 12.6798 0
      vertex 123.481 14.4404 0
    endloop
  endfacet
  facet normal 0 0 -1
    outer loop
      vertex 119.472 10.3651 0
      vertex 122.015 7.54113 0
      vertex 121.527 7.1459 0
    endloop
  endfacet
  facet normal 0 0 -1
    outer loop
      vertex 120.01 12.8948 0
      vertex 123.481 14.4404 0
      vertex 120.092 12.6798 0
    endloop
  endfacet
  facet normal 0 0 -1
    outer loop
      vertex 119.293 10.2202 0
      vertex 121.527 7.1459 0
      vertex 121 6.80385 0
    endloop
  endfacet
  facet normal -0 0 -1
    outer loop
      vertex 123.481 14.4404 0
      vertex 120.01 12.8948 0
      vertex 123.196 15 0
    endloop
  endfacet
  facet normal 0 0 -1
    outer loop
      vertex 119.1 10.0947 0
      vertex 121 6.80385 0
      vertex 120.44 6.51873 0
    endloop
  endfacet
  facet normal 0 0 -1
    outer loop
      vertex 119.905 13.1 0
      vertex 123.196 15 0
      vertex 120.01 12.8948 0
    endloop
  endfacet
  facet normal -0 0 -1
    outer loop
      vertex 123.196 15 0
      vertex 119.905 13.1 0
      vertex 122.854 15.5267 0
    endloop
  endfacet
  facet normal 0 0 -1
    outer loop
      vertex 123.967 11.3728 0
      vertex 120.188 11.77 0
      vertex 120.2 12 0
    endloop
  endfacet
  facet normal 0 0 -1
    outer loop
      vertex 123.869 10.7525 0
      vertex 120.152 11.5426 0
      vertex 120.188 11.77 0
    endloop
  endfacet
  facet normal 0 0 -1
    outer loop
      vertex 123.706 10.1459 0
      vertex 120.092 11.3202 0
      vertex 120.152 11.5426 0
    endloop
  endfacet
  facet normal 0 0 -1
    outer loop
      vertex 123.481 9.55958 0
      vertex 120.01 11.1052 0
      vertex 120.092 11.3202 0
    endloop
  endfacet
  facet normal 0 0 -1
    outer loop
      vertex 123.196 9 0
      vertex 119.905 10.9 0
      vertex 120.01 11.1052 0
    endloop
  endfacet
  facet normal 0 0 -1
    outer loop
      vertex 118.895 9.9902 0
      vertex 120.44 6.51873 0
      vertex 119.854 6.29366 0
    endloop
  endfacet
  facet normal 0 0 -1
    outer loop
      vertex 122.854 8.47329 0
      vertex 119.78 10.7069 0
      vertex 119.905 10.9 0
    endloop
  endfacet
  facet normal 0 0 -1
    outer loop
      vertex 122.459 7.98522 0
      vertex 119.635 10.5279 0
      vertex 119.78 10.7069 0
    endloop
  endfacet
  facet normal 0 0 -1
    outer loop
      vertex 122.015 7.54113 0
      vertex 119.472 10.3651 0
      vertex 119.635 10.5279 0
    endloop
  endfacet
  facet normal 0 0 -1
    outer loop
      vertex 121.527 7.1459 0
      vertex 119.293 10.2202 0
      vertex 119.472 10.3651 0
    endloop
  endfacet
  facet normal 0 0 -1
    outer loop
      vertex 118.68 9.90767 0
      vertex 119.854 6.29366 0
      vertex 119.247 6.13111 0
    endloop
  endfacet
  facet normal 0 0 -1
    outer loop
      vertex 121 6.80385 0
      vertex 119.1 10.0947 0
      vertex 119.293 10.2202 0
    endloop
  endfacet
  facet normal 0 0 -1
    outer loop
      vertex 120.44 6.51873 0
      vertex 118.895 9.9902 0
      vertex 119.1 10.0947 0
    endloop
  endfacet
  facet normal 0 0 -1
    outer loop
      vertex 119.854 6.29366 0
      vertex 118.68 9.90767 0
      vertex 118.895 9.9902 0
    endloop
  endfacet
  facet normal 0 0 -1
    outer loop
      vertex 118.457 9.84807 0
      vertex 119.247 6.13111 0
      vertex 118.627 6.03287 0
    endloop
  endfacet
  facet normal 0 0 -1
    outer loop
      vertex 119.247 6.13111 0
      vertex 118.457 9.84807 0
      vertex 118.68 9.90767 0
    endloop
  endfacet
  facet normal 0 0 -1
    outer loop
      vertex 118.627 6.03287 0
      vertex 118.23 9.81205 0
      vertex 118.457 9.84807 0
    endloop
  endfacet
  facet normal 0 0 -1
    outer loop
      vertex 118 6 0
      vertex 118.23 9.81205 0
      vertex 118.627 6.03287 0
    endloop
  endfacet
  facet normal 0 0 -1
    outer loop
      vertex 118 6 0
      vertex 118 9.8 0
      vertex 118.23 9.81205 0
    endloop
  endfacet
  facet normal 0 0 -1
    outer loop
      vertex 118 6 0
      vertex 117.77 9.81205 0
      vertex 118 9.8 0
    endloop
  endfacet
  facet normal 0 0 -1
    outer loop
      vertex 118 6 0
      vertex 117.543 9.84807 0
      vertex 117.77 9.81205 0
    endloop
  endfacet
  facet normal 0 0 -1
    outer loop
      vertex 118 6 0
      vertex 117.32 9.90767 0
      vertex 117.543 9.84807 0
    endloop
  endfacet
  facet normal 0 0 -1
    outer loop
      vertex 118 6 0
      vertex 117.105 9.9902 0
      vertex 117.32 9.90767 0
    endloop
  endfacet
  facet normal 0 0 -1
    outer loop
      vertex 118 6 0
      vertex 116.9 10.0947 0
      vertex 117.105 9.9902 0
    endloop
  endfacet
  facet normal 0 0 -1
    outer loop
      vertex 118 6 0
      vertex 116.707 10.2202 0
      vertex 116.9 10.0947 0
    endloop
  endfacet
  facet normal 0 0 -1
    outer loop
      vertex 118 6 0
      vertex 116.528 10.3651 0
      vertex 116.707 10.2202 0
    endloop
  endfacet
  facet normal 0 0 -1
    outer loop
      vertex 110 6 0
      vertex 116.528 10.3651 0
      vertex 118 6 0
    endloop
  endfacet
  facet normal -0 0 -1
    outer loop
      vertex 116.528 10.3651 0
      vertex 110 6 0
      vertex 116.365 10.5279 0
    endloop
  endfacet
  facet normal -0 0 -1
    outer loop
      vertex 116.365 10.5279 0
      vertex 110 6 0
      vertex 116.22 10.7069 0
    endloop
  endfacet
  facet normal -0 0 -1
    outer loop
      vertex 116.22 10.7069 0
      vertex 110 6 0
      vertex 116.095 10.9 0
    endloop
  endfacet
  facet normal -0 0 -1
    outer loop
      vertex 115.812 11.77 0
      vertex 110 6 0
      vertex 115.8 12 0
    endloop
  endfacet
  facet normal -0 0 -1
    outer loop
      vertex 115.848 11.5426 0
      vertex 110 6 0
      vertex 115.812 11.77 0
    endloop
  endfacet
  facet normal -0 0 -1
    outer loop
      vertex 115.908 11.3202 0
      vertex 110 6 0
      vertex 115.848 11.5426 0
    endloop
  endfacet
  facet normal -0 0 -1
    outer loop
      vertex 115.99 11.1052 0
      vertex 110 6 0
      vertex 115.908 11.3202 0
    endloop
  endfacet
  facet normal -0 0 -1
    outer loop
      vertex 116.095 10.9 0
      vertex 110 6 0
      vertex 115.99 11.1052 0
    endloop
  endfacet
  facet normal 0 0 -1
    outer loop
      vertex 119.78 13.2931 0
      vertex 122.854 15.5267 0
      vertex 119.905 13.1 0
    endloop
  endfacet
  facet normal -0 0 -1
    outer loop
      vertex 122.854 15.5267 0
      vertex 119.78 13.2931 0
      vertex 122.459 16.0148 0
    endloop
  endfacet
  facet normal 0 0 -1
    outer loop
      vertex 119.635 13.4721 0
      vertex 122.459 16.0148 0
      vertex 119.78 13.2931 0
    endloop
  endfacet
  facet normal -0 0 -1
    outer loop
      vertex 122.459 16.0148 0
      vertex 119.635 13.4721 0
      vertex 122.015 16.4589 0
    endloop
  endfacet
  facet normal 0 0 -1
    outer loop
      vertex 119.472 13.6349 0
      vertex 122.015 16.4589 0
      vertex 119.635 13.4721 0
    endloop
  endfacet
  facet normal -0 0 -1
    outer loop
      vertex 122.015 16.4589 0
      vertex 119.472 13.6349 0
      vertex 121.527 16.8541 0
    endloop
  endfacet
  facet normal 0 0 -1
    outer loop
      vertex 119.293 13.7798 0
      vertex 121.527 16.8541 0
      vertex 119.472 13.6349 0
    endloop
  endfacet
  facet normal -0 0 -1
    outer loop
      vertex 121.527 16.8541 0
      vertex 119.293 13.7798 0
      vertex 121 17.1962 0
    endloop
  endfacet
  facet normal 0 0 -1
    outer loop
      vertex 119.1 13.9053 0
      vertex 121 17.1962 0
      vertex 119.293 13.7798 0
    endloop
  endfacet
  facet normal -0 0 -1
    outer loop
      vertex 121 17.1962 0
      vertex 119.1 13.9053 0
      vertex 120.44 17.4813 0
    endloop
  endfacet
  facet normal 0 0 -1
    outer loop
      vertex 118.895 14.0098 0
      vertex 120.44 17.4813 0
      vertex 119.1 13.9053 0
    endloop
  endfacet
  facet normal -0 0 -1
    outer loop
      vertex 120.44 17.4813 0
      vertex 118.895 14.0098 0
      vertex 119.854 17.7063 0
    endloop
  endfacet
  facet normal 0 0 -1
    outer loop
      vertex 118.68 14.0923 0
      vertex 119.854 17.7063 0
      vertex 118.895 14.0098 0
    endloop
  endfacet
  facet normal -0 0 -1
    outer loop
      vertex 119.854 17.7063 0
      vertex 118.68 14.0923 0
      vertex 119.247 17.8689 0
    endloop
  endfacet
  facet normal 0 0 -1
    outer loop
      vertex 118.457 14.1519 0
      vertex 119.247 17.8689 0
      vertex 118.68 14.0923 0
    endloop
  endfacet
  facet normal -0 0 -1
    outer loop
      vertex 119.247 17.8689 0
      vertex 118.457 14.1519 0
      vertex 118.627 17.9671 0
    endloop
  endfacet
  facet normal 0 0 -1
    outer loop
      vertex 118.23 14.1879 0
      vertex 118.627 17.9671 0
      vertex 118.457 14.1519 0
    endloop
  endfacet
  facet normal 0 0 -1
    outer loop
      vertex 118 14.2 0
      vertex 118.627 17.9671 0
      vertex 118.23 14.1879 0
    endloop
  endfacet
  facet normal 0 0 -1
    outer loop
      vertex 118 14.2 0
      vertex 118 18 0
      vertex 118.627 17.9671 0
    endloop
  endfacet
  facet normal 0 0 -1
    outer loop
      vertex 117.77 14.1879 0
      vertex 118 18 0
      vertex 118 14.2 0
    endloop
  endfacet
  facet normal 0 0 -1
    outer loop
      vertex 117.543 14.1519 0
      vertex 118 18 0
      vertex 117.77 14.1879 0
    endloop
  endfacet
  facet normal 0 0 -1
    outer loop
      vertex 117.32 14.0923 0
      vertex 118 18 0
      vertex 117.543 14.1519 0
    endloop
  endfacet
  facet normal 0 0 -1
    outer loop
      vertex 117.105 14.0098 0
      vertex 118 18 0
      vertex 117.32 14.0923 0
    endloop
  endfacet
  facet normal 0 0 -1
    outer loop
      vertex 116.9 13.9053 0
      vertex 118 18 0
      vertex 117.105 14.0098 0
    endloop
  endfacet
  facet normal 0 0 -1
    outer loop
      vertex 116.707 13.7798 0
      vertex 118 18 0
      vertex 116.9 13.9053 0
    endloop
  endfacet
  facet normal 0 0 -1
    outer loop
      vertex 116.528 13.6349 0
      vertex 118 18 0
      vertex 116.707 13.7798 0
    endloop
  endfacet
  facet normal 0 0 -1
    outer loop
      vertex 110 18 0
      vertex 116.528 13.6349 0
      vertex 116.365 13.4721 0
    endloop
  endfacet
  facet normal 0 0 -1
    outer loop
      vertex 110 18 0
      vertex 116.365 13.4721 0
      vertex 116.22 13.2931 0
    endloop
  endfacet
  facet normal 0 0 -1
    outer loop
      vertex 110 18 0
      vertex 116.22 13.2931 0
      vertex 116.095 13.1 0
    endloop
  endfacet
  facet normal 0 0 -1
    outer loop
      vertex 110 18 0
      vertex 116.095 13.1 0
      vertex 115.99 12.8948 0
    endloop
  endfacet
  facet normal 0 0 -1
    outer loop
      vertex 110 18 0
      vertex 115.8 12 0
      vertex 110 6 0
    endloop
  endfacet
  facet normal 0 0 -1
    outer loop
      vertex 115.8 12 0
      vertex 110 18 0
      vertex 115.812 12.23 0
    endloop
  endfacet
  facet normal 0 0 -1
    outer loop
      vertex 115.812 12.23 0
      vertex 110 18 0
      vertex 115.848 12.4574 0
    endloop
  endfacet
  facet normal 0 0 -1
    outer loop
      vertex 115.848 12.4574 0
      vertex 110 18 0
      vertex 115.908 12.6798 0
    endloop
  endfacet
  facet normal 0 0 -1
    outer loop
      vertex 115.908 12.6798 0
      vertex 110 18 0
      vertex 115.99 12.8948 0
    endloop
  endfacet
  facet normal 0 0 -1
    outer loop
      vertex 116.528 13.6349 0
      vertex 110 18 0
      vertex 118 18 0
    endloop
  endfacet
  facet normal 0 0 -1
    outer loop
      vertex 120.2 74 0
      vertex 124 74 0
      vertex 123.967 73.3728 0
    endloop
  endfacet
  facet normal 0 0 -1
    outer loop
      vertex 120.188 73.77 0
      vertex 123.967 73.3728 0
      vertex 123.869 72.7525 0
    endloop
  endfacet
  facet normal 0 0 -1
    outer loop
      vertex 124 74 0
      vertex 120.2 74 0
      vertex 123.967 74.6272 0
    endloop
  endfacet
  facet normal 0 0 -1
    outer loop
      vertex 120.152 73.5426 0
      vertex 123.869 72.7525 0
      vertex 123.706 72.1459 0
    endloop
  endfacet
  facet normal 0 0 -1
    outer loop
      vertex 120.188 74.23 0
      vertex 123.967 74.6272 0
      vertex 120.2 74 0
    endloop
  endfacet
  facet normal 0 0 -1
    outer loop
      vertex 120.092 73.3202 0
      vertex 123.706 72.1459 0
      vertex 123.481 71.5596 0
    endloop
  endfacet
  facet normal -0 0 -1
    outer loop
      vertex 123.967 74.6272 0
      vertex 120.188 74.23 0
      vertex 123.869 75.2475 0
    endloop
  endfacet
  facet normal 0 0 -1
    outer loop
      vertex 120.01 73.1052 0
      vertex 123.481 71.5596 0
      vertex 123.196 71 0
    endloop
  endfacet
  facet normal 0 0 -1
    outer loop
      vertex 120.152 74.4574 0
      vertex 123.869 75.2475 0
      vertex 120.188 74.23 0
    endloop
  endfacet
  facet normal 0 0 -1
    outer loop
      vertex 119.905 72.9 0
      vertex 123.196 71 0
      vertex 122.854 70.4733 0
    endloop
  endfacet
  facet normal -0 0 -1
    outer loop
      vertex 123.869 75.2475 0
      vertex 120.152 74.4574 0
      vertex 123.706 75.8541 0
    endloop
  endfacet
  facet normal 0 0 -1
    outer loop
      vertex 119.78 72.7069 0
      vertex 122.854 70.4733 0
      vertex 122.459 69.9852 0
    endloop
  endfacet
  facet normal 0 0 -1
    outer loop
      vertex 120.092 74.6798 0
      vertex 123.706 75.8541 0
      vertex 120.152 74.4574 0
    endloop
  endfacet
  facet normal 0 0 -1
    outer loop
      vertex 119.635 72.5279 0
      vertex 122.459 69.9852 0
      vertex 122.015 69.5411 0
    endloop
  endfacet
  facet normal -0 0 -1
    outer loop
      vertex 123.706 75.8541 0
      vertex 120.092 74.6798 0
      vertex 123.481 76.4404 0
    endloop
  endfacet
  facet normal 0 0 -1
    outer loop
      vertex 119.472 72.3651 0
      vertex 122.015 69.5411 0
      vertex 121.527 69.1459 0
    endloop
  endfacet
  facet normal 0 0 -1
    outer loop
      vertex 120.01 74.8948 0
      vertex 123.481 76.4404 0
      vertex 120.092 74.6798 0
    endloop
  endfacet
  facet normal 0 0 -1
    outer loop
      vertex 119.293 72.2202 0
      vertex 121.527 69.1459 0
      vertex 121 68.8038 0
    endloop
  endfacet
  facet normal -0 0 -1
    outer loop
      vertex 123.481 76.4404 0
      vertex 120.01 74.8948 0
      vertex 123.196 77 0
    endloop
  endfacet
  facet normal 0 0 -1
    outer loop
      vertex 119.1 72.0947 0
      vertex 121 68.8038 0
      vertex 120.44 68.5187 0
    endloop
  endfacet
  facet normal 0 0 -1
    outer loop
      vertex 119.905 75.1 0
      vertex 123.196 77 0
      vertex 120.01 74.8948 0
    endloop
  endfacet
  facet normal -0 0 -1
    outer loop
      vertex 123.196 77 0
      vertex 119.905 75.1 0
      vertex 122.854 77.5267 0
    endloop
  endfacet
  facet normal 0 0 -1
    outer loop
      vertex 123.967 73.3728 0
      vertex 120.188 73.77 0
      vertex 120.2 74 0
    endloop
  endfacet
  facet normal 0 0 -1
    outer loop
      vertex 123.869 72.7525 0
      vertex 120.152 73.5426 0
      vertex 120.188 73.77 0
    endloop
  endfacet
  facet normal 0 0 -1
    outer loop
      vertex 123.706 72.1459 0
      vertex 120.092 73.3202 0
      vertex 120.152 73.5426 0
    endloop
  endfacet
  facet normal 0 0 -1
    outer loop
      vertex 123.481 71.5596 0
      vertex 120.01 73.1052 0
      vertex 120.092 73.3202 0
    endloop
  endfacet
  facet normal 0 0 -1
    outer loop
      vertex 123.196 71 0
      vertex 119.905 72.9 0
      vertex 120.01 73.1052 0
    endloop
  endfacet
  facet normal 0 0 -1
    outer loop
      vertex 118.895 71.9902 0
      vertex 120.44 68.5187 0
      vertex 119.854 68.2937 0
    endloop
  endfacet
  facet normal 0 0 -1
    outer loop
      vertex 122.854 70.4733 0
      vertex 119.78 72.7069 0
      vertex 119.905 72.9 0
    endloop
  endfacet
  facet normal 0 0 -1
    outer loop
      vertex 122.459 69.9852 0
      vertex 119.635 72.5279 0
      vertex 119.78 72.7069 0
    endloop
  endfacet
  facet normal 0 0 -1
    outer loop
      vertex 122.015 69.5411 0
      vertex 119.472 72.3651 0
      vertex 119.635 72.5279 0
    endloop
  endfacet
  facet normal 0 0 -1
    outer loop
      vertex 121.527 69.1459 0
      vertex 119.293 72.2202 0
      vertex 119.472 72.3651 0
    endloop
  endfacet
  facet normal 0 0 -1
    outer loop
      vertex 118.68 71.9077 0
      vertex 119.854 68.2937 0
      vertex 119.247 68.1311 0
    endloop
  endfacet
  facet normal 0 0 -1
    outer loop
      vertex 121 68.8038 0
      vertex 119.1 72.0947 0
      vertex 119.293 72.2202 0
    endloop
  endfacet
  facet normal 0 0 -1
    outer loop
      vertex 120.44 68.5187 0
      vertex 118.895 71.9902 0
      vertex 119.1 72.0947 0
    endloop
  endfacet
  facet normal 0 0 -1
    outer loop
      vertex 119.854 68.2937 0
      vertex 118.68 71.9077 0
      vertex 118.895 71.9902 0
    endloop
  endfacet
  facet normal 0 0 -1
    outer loop
      vertex 118.457 71.8481 0
      vertex 119.247 68.1311 0
      vertex 118.627 68.0329 0
    endloop
  endfacet
  facet normal 0 0 -1
    outer loop
      vertex 119.247 68.1311 0
      vertex 118.457 71.8481 0
      vertex 118.68 71.9077 0
    endloop
  endfacet
  facet normal 0 0 -1
    outer loop
      vertex 118.627 68.0329 0
      vertex 118.23 71.812 0
      vertex 118.457 71.8481 0
    endloop
  endfacet
  facet normal 0 0 -1
    outer loop
      vertex 118 68 0
      vertex 118.23 71.812 0
      vertex 118.627 68.0329 0
    endloop
  endfacet
  facet normal 0 0 -1
    outer loop
      vertex 118 68 0
      vertex 118 71.8 0
      vertex 118.23 71.812 0
    endloop
  endfacet
  facet normal 0 0 -1
    outer loop
      vertex 118 68 0
      vertex 117.77 71.812 0
      vertex 118 71.8 0
    endloop
  endfacet
  facet normal 0 0 -1
    outer loop
      vertex 118 68 0
      vertex 117.543 71.8481 0
      vertex 117.77 71.812 0
    endloop
  endfacet
  facet normal 0 0 -1
    outer loop
      vertex 118 68 0
      vertex 117.32 71.9077 0
      vertex 117.543 71.8481 0
    endloop
  endfacet
  facet normal 0 0 -1
    outer loop
      vertex 118 68 0
      vertex 117.105 71.9902 0
      vertex 117.32 71.9077 0
    endloop
  endfacet
  facet normal 0 0 -1
    outer loop
      vertex 118 68 0
      vertex 116.9 72.0947 0
      vertex 117.105 71.9902 0
    endloop
  endfacet
  facet normal 0 0 -1
    outer loop
      vertex 118 68 0
      vertex 116.707 72.2202 0
      vertex 116.9 72.0947 0
    endloop
  endfacet
  facet normal 0 0 -1
    outer loop
      vertex 118 68 0
      vertex 116.528 72.3651 0
      vertex 116.707 72.2202 0
    endloop
  endfacet
  facet normal 0 0 -1
    outer loop
      vertex 110 68 0
      vertex 116.528 72.3651 0
      vertex 118 68 0
    endloop
  endfacet
  facet normal -0 0 -1
    outer loop
      vertex 116.528 72.3651 0
      vertex 110 68 0
      vertex 116.365 72.5279 0
    endloop
  endfacet
  facet normal -0 0 -1
    outer loop
      vertex 116.365 72.5279 0
      vertex 110 68 0
      vertex 116.22 72.7069 0
    endloop
  endfacet
  facet normal -0 0 -1
    outer loop
      vertex 116.22 72.7069 0
      vertex 110 68 0
      vertex 116.095 72.9 0
    endloop
  endfacet
  facet normal 0 0 -1
    outer loop
      vertex 115.848 73.5426 0
      vertex 110 74 0
      vertex 115.812 73.77 0
    endloop
  endfacet
  facet normal 0 0 -1
    outer loop
      vertex 115.908 73.3202 0
      vertex 110 74 0
      vertex 115.848 73.5426 0
    endloop
  endfacet
  facet normal 0 0 -1
    outer loop
      vertex 115.99 73.1052 0
      vertex 110 74 0
      vertex 115.908 73.3202 0
    endloop
  endfacet
  facet normal 0 0 -1
    outer loop
      vertex 116.095 72.9 0
      vertex 110 74 0
      vertex 115.99 73.1052 0
    endloop
  endfacet
  facet normal 0 0 -1
    outer loop
      vertex 110 74 0
      vertex 116.095 72.9 0
      vertex 110 68 0
    endloop
  endfacet
  facet normal 0 0 -1
    outer loop
      vertex 119.78 75.2931 0
      vertex 122.854 77.5267 0
      vertex 119.905 75.1 0
    endloop
  endfacet
  facet normal -0 0 -1
    outer loop
      vertex 122.854 77.5267 0
      vertex 119.78 75.2931 0
      vertex 122.459 78.0148 0
    endloop
  endfacet
  facet normal 0 0 -1
    outer loop
      vertex 119.635 75.4721 0
      vertex 122.459 78.0148 0
      vertex 119.78 75.2931 0
    endloop
  endfacet
  facet normal -0 0 -1
    outer loop
      vertex 122.459 78.0148 0
      vertex 119.635 75.4721 0
      vertex 122.015 78.4589 0
    endloop
  endfacet
  facet normal 0 0 -1
    outer loop
      vertex 119.472 75.6349 0
      vertex 122.015 78.4589 0
      vertex 119.635 75.4721 0
    endloop
  endfacet
  facet normal -0 0 -1
    outer loop
      vertex 122.015 78.4589 0
      vertex 119.472 75.6349 0
      vertex 121.527 78.8541 0
    endloop
  endfacet
  facet normal 0 0 -1
    outer loop
      vertex 119.293 75.7798 0
      vertex 121.527 78.8541 0
      vertex 119.472 75.6349 0
    endloop
  endfacet
  facet normal -0 0 -1
    outer loop
      vertex 121.527 78.8541 0
      vertex 119.293 75.7798 0
      vertex 121 79.1962 0
    endloop
  endfacet
  facet normal 0 0 -1
    outer loop
      vertex 119.1 75.9053 0
      vertex 121 79.1962 0
      vertex 119.293 75.7798 0
    endloop
  endfacet
  facet normal -0 0 -1
    outer loop
      vertex 121 79.1962 0
      vertex 119.1 75.9053 0
      vertex 120.44 79.4813 0
    endloop
  endfacet
  facet normal 0 0 -1
    outer loop
      vertex 118.895 76.0098 0
      vertex 120.44 79.4813 0
      vertex 119.1 75.9053 0
    endloop
  endfacet
  facet normal -0 0 -1
    outer loop
      vertex 120.44 79.4813 0
      vertex 118.895 76.0098 0
      vertex 119.854 79.7063 0
    endloop
  endfacet
  facet normal 0 0 -1
    outer loop
      vertex 118.68 76.0923 0
      vertex 119.854 79.7063 0
      vertex 118.895 76.0098 0
    endloop
  endfacet
  facet normal -0 0 -1
    outer loop
      vertex 119.854 79.7063 0
      vertex 118.68 76.0923 0
      vertex 119.247 79.8689 0
    endloop
  endfacet
  facet normal 0 0 -1
    outer loop
      vertex 118.457 76.1519 0
      vertex 119.247 79.8689 0
      vertex 118.68 76.0923 0
    endloop
  endfacet
  facet normal -0 0 -1
    outer loop
      vertex 119.247 79.8689 0
      vertex 118.457 76.1519 0
      vertex 118.627 79.9671 0
    endloop
  endfacet
  facet normal 0 0 -1
    outer loop
      vertex 118.23 76.188 0
      vertex 118.627 79.9671 0
      vertex 118.457 76.1519 0
    endloop
  endfacet
  facet normal 0 0 -1
    outer loop
      vertex 118 76.2 0
      vertex 118.627 79.9671 0
      vertex 118.23 76.188 0
    endloop
  endfacet
  facet normal 0 0 -1
    outer loop
      vertex 118 76.2 0
      vertex 118 80 0
      vertex 118.627 79.9671 0
    endloop
  endfacet
  facet normal 0 0 -1
    outer loop
      vertex 117.77 76.188 0
      vertex 118 80 0
      vertex 118 76.2 0
    endloop
  endfacet
  facet normal 0 0 -1
    outer loop
      vertex 117.543 76.1519 0
      vertex 118 80 0
      vertex 117.77 76.188 0
    endloop
  endfacet
  facet normal 0 0 -1
    outer loop
      vertex 117.32 76.0923 0
      vertex 118 80 0
      vertex 117.543 76.1519 0
    endloop
  endfacet
  facet normal 0 0 -1
    outer loop
      vertex 117.105 76.0098 0
      vertex 118 80 0
      vertex 117.32 76.0923 0
    endloop
  endfacet
  facet normal 0 0 -1
    outer loop
      vertex 116.9 75.9053 0
      vertex 118 80 0
      vertex 117.105 76.0098 0
    endloop
  endfacet
  facet normal 0 0 -1
    outer loop
      vertex 116.707 75.7798 0
      vertex 118 80 0
      vertex 116.9 75.9053 0
    endloop
  endfacet
  facet normal 0 0 -1
    outer loop
      vertex 116.528 75.6349 0
      vertex 118 80 0
      vertex 116.707 75.7798 0
    endloop
  endfacet
  facet normal 0 0 -1
    outer loop
      vertex 110 80 0
      vertex 116.528 75.6349 0
      vertex 116.365 75.4721 0
    endloop
  endfacet
  facet normal 0 0 -1
    outer loop
      vertex 110 80 0
      vertex 116.365 75.4721 0
      vertex 116.22 75.2931 0
    endloop
  endfacet
  facet normal 0 0 -1
    outer loop
      vertex 110 80 0
      vertex 116.22 75.2931 0
      vertex 116.095 75.1 0
    endloop
  endfacet
  facet normal 0 0 -1
    outer loop
      vertex 110 74 0
      vertex 116.095 75.1 0
      vertex 115.99 74.8948 0
    endloop
  endfacet
  facet normal 0 0 -1
    outer loop
      vertex 115.812 73.77 0
      vertex 110 74 0
      vertex 115.8 74 0
    endloop
  endfacet
  facet normal 0 0 -1
    outer loop
      vertex 115.8 74 0
      vertex 110 74 0
      vertex 115.812 74.23 0
    endloop
  endfacet
  facet normal -0 0 -1
    outer loop
      vertex 115.812 74.23 0
      vertex 110 74 0
      vertex 115.848 74.4574 0
    endloop
  endfacet
  facet normal -0 0 -1
    outer loop
      vertex 115.848 74.4574 0
      vertex 110 74 0
      vertex 115.908 74.6798 0
    endloop
  endfacet
  facet normal -0 0 -1
    outer loop
      vertex 115.908 74.6798 0
      vertex 110 74 0
      vertex 115.99 74.8948 0
    endloop
  endfacet
  facet normal -0 0 -1
    outer loop
      vertex 116.095 75.1 0
      vertex 110 74 0
      vertex 110 80 0
    endloop
  endfacet
  facet normal 0 0 -1
    outer loop
      vertex 116.528 75.6349 0
      vertex 110 80 0
      vertex 118 80 0
    endloop
  endfacet
  facet normal -1 0 0
    outer loop
      vertex 0 56 0
      vertex 0 6 0
      vertex 0 56 5
    endloop
  endfacet
  facet normal -1 0 0
    outer loop
      vertex 0 68 5
      vertex 0 74 0
      vertex 0 68 0
    endloop
  endfacet
  facet normal -1 0 0
    outer loop
      vertex 0 74 0
      vertex 0 68 5
      vertex 0 74 17
    endloop
  endfacet
  facet normal -1 0 0
    outer loop
      vertex 0 56 5
      vertex 0 74 17
      vertex 0 68 5
    endloop
  endfacet
  facet normal -1 0 0
    outer loop
      vertex 0 6 5
      vertex 0 56 5
      vertex 0 6 0
    endloop
  endfacet
  facet normal -1 0 0
    outer loop
      vertex 0 0 17
      vertex 0 56 5
      vertex 0 6 5
    endloop
  endfacet
  facet normal -1 0 0
    outer loop
      vertex 0 0 17
      vertex 0 6 5
      vertex 0 0 5
    endloop
  endfacet
  facet normal -1 0 0
    outer loop
      vertex 0 56 5
      vertex 0 0 17
      vertex 0 74 17
    endloop
  endfacet
  facet normal 1 -0 0
    outer loop
      vertex 0 -6 5
      vertex 0 0 0
      vertex 0 0 5
    endloop
  endfacet
  facet normal 1 0 0
    outer loop
      vertex 0 0 0
      vertex 0 -6 5
      vertex 0 -6 0
    endloop
  endfacet
  facet normal 0 1 -0
    outer loop
      vertex 110 74 5
      vertex 0 74 17
      vertex 110 74 17
    endloop
  endfacet
  facet normal 0 1 0
    outer loop
      vertex 0 74 0
      vertex 110 74 5
      vertex 110 74 0
    endloop
  endfacet
  facet normal 0 1 0
    outer loop
      vertex 110 74 5
      vertex 0 74 0
      vertex 0 74 17
    endloop
  endfacet
  facet normal 0 -1 0
    outer loop
      vertex 0 0 5
      vertex 110 0 17
      vertex 0 0 17
    endloop
  endfacet
  facet normal 0 -1 0
    outer loop
      vertex 110 0 0
      vertex 0 0 5
      vertex 0 0 0
    endloop
  endfacet
  facet normal 0 -1 0
    outer loop
      vertex 0 0 5
      vertex 110 0 0
      vertex 110 0 17
    endloop
  endfacet
  facet normal -1 0 0
    outer loop
      vertex 107.5 69.85 15.2
      vertex 107.5 71.5 2.5
      vertex 107.5 69.85 2.5
    endloop
  endfacet
  facet normal -1 0 0
    outer loop
      vertex 107.5 71.5 2.5
      vertex 107.5 69.85 15.2
      vertex 107.5 71.5 17
    endloop
  endfacet
  facet normal -1 0 0
    outer loop
      vertex 107.5 69.4281 17
      vertex 107.5 69.85 15.2
      vertex 107.5 69.4281 15.2
    endloop
  endfacet
  facet normal -1 0 0
    outer loop
      vertex 107.5 69.85 15.2
      vertex 107.5 69.4281 17
      vertex 107.5 71.5 17
    endloop
  endfacet
  facet normal -1 0 0
    outer loop
      vertex 107.5 4.15 2.5
      vertex 107.5 2.5 2.5
      vertex 107.5 4.15 15.2
    endloop
  endfacet
  facet normal -1 0 0
    outer loop
      vertex 107.5 4.15 15.2
      vertex 107.5 4.57189 17
      vertex 107.5 4.57189 15.2
    endloop
  endfacet
  facet normal -1 0 0
    outer loop
      vertex 107.5 4.15 15.2
      vertex 107.5 2.5 17
      vertex 107.5 4.57189 17
    endloop
  endfacet
  facet normal -1 0 0
    outer loop
      vertex 107.5 2.5 17
      vertex 107.5 4.15 15.2
      vertex 107.5 2.5 2.5
    endloop
  endfacet
  facet normal -1 0 0
    outer loop
      vertex 107.5 6 2.5
      vertex 107.5 68 17
      vertex 107.5 68 2.5
    endloop
  endfacet
  facet normal -1 -0 0
    outer loop
      vertex 107.5 68 17
      vertex 107.5 6 2.5
      vertex 107.5 6 17
    endloop
  endfacet
  facet normal 0 0 1
    outer loop
      vertex 107.5 71.5 2.5
      vertex 107.328 69.859 2.5
      vertex 107.5 69.85 2.5
    endloop
  endfacet
  facet normal 0 0 1
    outer loop
      vertex 107.5 71.5 2.5
      vertex 107.157 69.8861 2.5
      vertex 107.328 69.859 2.5
    endloop
  endfacet
  facet normal 0 0 1
    outer loop
      vertex 107.5 71.5 2.5
      vertex 106.99 69.9308 2.5
      vertex 107.157 69.8861 2.5
    endloop
  endfacet
  facet normal 0 0 1
    outer loop
      vertex 107.5 71.5 2.5
      vertex 106.829 69.9926 2.5
      vertex 106.99 69.9308 2.5
    endloop
  endfacet
  facet normal 0 0 1
    outer loop
      vertex 107.5 71.5 2.5
      vertex 106.675 70.0711 2.5
      vertex 106.829 69.9926 2.5
    endloop
  endfacet
  facet normal 0 0 1
    outer loop
      vertex 107.5 71.5 2.5
      vertex 106.53 70.1651 2.5
      vertex 106.675 70.0711 2.5
    endloop
  endfacet
  facet normal 0 0 1
    outer loop
      vertex 107.5 71.5 2.5
      vertex 106.396 70.2738 2.5
      vertex 106.53 70.1651 2.5
    endloop
  endfacet
  facet normal 0 0 1
    outer loop
      vertex 107.5 71.5 2.5
      vertex 106.274 70.3959 2.5
      vertex 106.396 70.2738 2.5
    endloop
  endfacet
  facet normal 0 0 1
    outer loop
      vertex 107.5 71.5 2.5
      vertex 106.165 70.5302 2.5
      vertex 106.274 70.3959 2.5
    endloop
  endfacet
  facet normal 0 0 1
    outer loop
      vertex 107.5 71.5 2.5
      vertex 106.071 70.675 2.5
      vertex 106.165 70.5302 2.5
    endloop
  endfacet
  facet normal 0 0 1
    outer loop
      vertex 107.5 71.5 2.5
      vertex 105.993 70.8289 2.5
      vertex 106.071 70.675 2.5
    endloop
  endfacet
  facet normal 0 0 1
    outer loop
      vertex 107.5 71.5 2.5
      vertex 105.931 70.9901 2.5
      vertex 105.993 70.8289 2.5
    endloop
  endfacet
  facet normal 0 0 1
    outer loop
      vertex 107.5 71.5 2.5
      vertex 105.886 71.1569 2.5
      vertex 105.931 70.9901 2.5
    endloop
  endfacet
  facet normal 0 0 1
    outer loop
      vertex 107.5 71.5 2.5
      vertex 105.859 71.3275 2.5
      vertex 105.886 71.1569 2.5
    endloop
  endfacet
  facet normal 0 -0 1
    outer loop
      vertex 105.859 71.3275 2.5
      vertex 107.5 71.5 2.5
      vertex 105.85 71.5 2.5
    endloop
  endfacet
  facet normal -0 0 1
    outer loop
      vertex 107.328 4.14096 2.5
      vertex 107.5 2.5 2.5
      vertex 107.5 4.15 2.5
    endloop
  endfacet
  facet normal -0 0 1
    outer loop
      vertex 107.157 4.11394 2.5
      vertex 107.5 2.5 2.5
      vertex 107.328 4.14096 2.5
    endloop
  endfacet
  facet normal -0 0 1
    outer loop
      vertex 106.99 4.06924 2.5
      vertex 107.5 2.5 2.5
      vertex 107.157 4.11394 2.5
    endloop
  endfacet
  facet normal -0 0 1
    outer loop
      vertex 106.829 4.00735 2.5
      vertex 107.5 2.5 2.5
      vertex 106.99 4.06924 2.5
    endloop
  endfacet
  facet normal -0 0 1
    outer loop
      vertex 106.675 3.92894 2.5
      vertex 107.5 2.5 2.5
      vertex 106.829 4.00735 2.5
    endloop
  endfacet
  facet normal -0 0 1
    outer loop
      vertex 106.53 3.83488 2.5
      vertex 107.5 2.5 2.5
      vertex 106.675 3.92894 2.5
    endloop
  endfacet
  facet normal -0 0 1
    outer loop
      vertex 106.396 3.72619 2.5
      vertex 107.5 2.5 2.5
      vertex 106.53 3.83488 2.5
    endloop
  endfacet
  facet normal -0 0 1
    outer loop
      vertex 106.274 3.60406 2.5
      vertex 107.5 2.5 2.5
      vertex 106.396 3.72619 2.5
    endloop
  endfacet
  facet normal -0 0 1
    outer loop
      vertex 106.165 3.46984 2.5
      vertex 107.5 2.5 2.5
      vertex 106.274 3.60406 2.5
    endloop
  endfacet
  facet normal -0 0 1
    outer loop
      vertex 106.071 3.325 2.5
      vertex 107.5 2.5 2.5
      vertex 106.165 3.46984 2.5
    endloop
  endfacet
  facet normal -0 0 1
    outer loop
      vertex 105.993 3.17111 2.5
      vertex 107.5 2.5 2.5
      vertex 106.071 3.325 2.5
    endloop
  endfacet
  facet normal -0 0 1
    outer loop
      vertex 105.931 3.00988 2.5
      vertex 107.5 2.5 2.5
      vertex 105.993 3.17111 2.5
    endloop
  endfacet
  facet normal -0 0 1
    outer loop
      vertex 105.886 2.84305 2.5
      vertex 107.5 2.5 2.5
      vertex 105.931 3.00988 2.5
    endloop
  endfacet
  facet normal -0 0 1
    outer loop
      vertex 105.859 2.67247 2.5
      vertex 107.5 2.5 2.5
      vertex 105.886 2.84305 2.5
    endloop
  endfacet
  facet normal 0 0 1
    outer loop
      vertex 107.5 2.5 2.5
      vertex 105.859 2.67247 2.5
      vertex 105.85 2.5 2.5
    endloop
  endfacet
  facet normal 0 0 1
    outer loop
      vertex 2.5 2.5 2.5
      vertex 4.14096 2.67247 2.5
      vertex 4.11394 2.84305 2.5
    endloop
  endfacet
  facet normal 0 0 1
    outer loop
      vertex 2.5 2.5 2.5
      vertex 4.11394 2.84305 2.5
      vertex 4.06924 3.00988 2.5
    endloop
  endfacet
  facet normal 0 0 1
    outer loop
      vertex 2.5 2.5 2.5
      vertex 4.06924 3.00988 2.5
      vertex 4.00735 3.17111 2.5
    endloop
  endfacet
  facet normal 0 0 1
    outer loop
      vertex 2.5 2.5 2.5
      vertex 4.00735 3.17111 2.5
      vertex 3.92894 3.325 2.5
    endloop
  endfacet
  facet normal 0 0 1
    outer loop
      vertex 2.5 2.5 2.5
      vertex 3.92894 3.325 2.5
      vertex 3.83488 3.46984 2.5
    endloop
  endfacet
  facet normal 0 0 1
    outer loop
      vertex 2.5 2.5 2.5
      vertex 3.83488 3.46984 2.5
      vertex 3.72619 3.60406 2.5
    endloop
  endfacet
  facet normal 0 0 1
    outer loop
      vertex 2.5 2.5 2.5
      vertex 3.72619 3.60406 2.5
      vertex 3.60406 3.72619 2.5
    endloop
  endfacet
  facet normal 0 0 1
    outer loop
      vertex 2.5 2.5 2.5
      vertex 3.60406 3.72619 2.5
      vertex 3.46984 3.83488 2.5
    endloop
  endfacet
  facet normal 0 0 1
    outer loop
      vertex 2.5 2.5 2.5
      vertex 3.46984 3.83488 2.5
      vertex 3.325 3.92894 2.5
    endloop
  endfacet
  facet normal 0 0 1
    outer loop
      vertex 2.5 2.5 2.5
      vertex 3.325 3.92894 2.5
      vertex 3.17111 4.00735 2.5
    endloop
  endfacet
  facet normal 0 0 1
    outer loop
      vertex 2.5 2.5 2.5
      vertex 3.17111 4.00735 2.5
      vertex 3.00988 4.06924 2.5
    endloop
  endfacet
  facet normal 0 0 1
    outer loop
      vertex 2.5 2.5 2.5
      vertex 3.00988 4.06924 2.5
      vertex 2.84305 4.11394 2.5
    endloop
  endfacet
  facet normal 0 0 1
    outer loop
      vertex 2.5 2.5 2.5
      vertex 2.84305 4.11394 2.5
      vertex 2.67247 4.14096 2.5
    endloop
  endfacet
  facet normal 0 0 1
    outer loop
      vertex 2.5 2.5 2.5
      vertex 2.67247 4.14096 2.5
      vertex 2.5 4.15 2.5
    endloop
  endfacet
  facet normal 0 0 1
    outer loop
      vertex 4.14096 2.67247 2.5
      vertex 2.5 2.5 2.5
      vertex 4.15 2.5 2.5
    endloop
  endfacet
  facet normal -0 0 1
    outer loop
      vertex 2.5 71.5 2.5
      vertex 4.14096 71.3275 2.5
      vertex 4.15 71.5 2.5
    endloop
  endfacet
  facet normal 0 0 1
    outer loop
      vertex 4.14096 71.3275 2.5
      vertex 2.5 71.5 2.5
      vertex 4.11394 71.1569 2.5
    endloop
  endfacet
  facet normal 0 0 1
    outer loop
      vertex 4.11394 71.1569 2.5
      vertex 2.5 71.5 2.5
      vertex 4.06924 70.9901 2.5
    endloop
  endfacet
  facet normal 0 0 1
    outer loop
      vertex 4.06924 70.9901 2.5
      vertex 2.5 71.5 2.5
      vertex 4.00735 70.8289 2.5
    endloop
  endfacet
  facet normal 0 0 1
    outer loop
      vertex 4.00735 70.8289 2.5
      vertex 2.5 71.5 2.5
      vertex 3.92894 70.675 2.5
    endloop
  endfacet
  facet normal 0 0 1
    outer loop
      vertex 3.92894 70.675 2.5
      vertex 2.5 71.5 2.5
      vertex 3.83488 70.5302 2.5
    endloop
  endfacet
  facet normal 0 0 1
    outer loop
      vertex 3.83488 70.5302 2.5
      vertex 2.5 71.5 2.5
      vertex 3.72619 70.3959 2.5
    endloop
  endfacet
  facet normal 0 0 1
    outer loop
      vertex 3.72619 70.3959 2.5
      vertex 2.5 71.5 2.5
      vertex 3.60406 70.2738 2.5
    endloop
  endfacet
  facet normal 0 0 1
    outer loop
      vertex 3.60406 70.2738 2.5
      vertex 2.5 71.5 2.5
      vertex 3.46984 70.1651 2.5
    endloop
  endfacet
  facet normal 0 0 1
    outer loop
      vertex 3.46984 70.1651 2.5
      vertex 2.5 71.5 2.5
      vertex 3.325 70.0711 2.5
    endloop
  endfacet
  facet normal 0 0 1
    outer loop
      vertex 3.325 70.0711 2.5
      vertex 2.5 71.5 2.5
      vertex 3.17111 69.9926 2.5
    endloop
  endfacet
  facet normal 0 0 1
    outer loop
      vertex 3.17111 69.9926 2.5
      vertex 2.5 71.5 2.5
      vertex 3.00988 69.9308 2.5
    endloop
  endfacet
  facet normal 0 0 1
    outer loop
      vertex 3.00988 69.9308 2.5
      vertex 2.5 71.5 2.5
      vertex 2.84305 69.8861 2.5
    endloop
  endfacet
  facet normal 0 0 1
    outer loop
      vertex 2.84305 69.8861 2.5
      vertex 2.5 71.5 2.5
      vertex 2.67247 69.859 2.5
    endloop
  endfacet
  facet normal 0 0 1
    outer loop
      vertex 2.67247 69.859 2.5
      vertex 2.5 71.5 2.5
      vertex 2.5 69.85 2.5
    endloop
  endfacet
  facet normal 0 0 1
    outer loop
      vertex 12.8923 8.64634 2.5
      vertex 12.8923 8.35366 2.5
      vertex 12.9 8.5 2.5
    endloop
  endfacet
  facet normal 0 0 1
    outer loop
      vertex 12.8694 8.79108 2.5
      vertex 12.8923 8.35366 2.5
      vertex 12.8923 8.64634 2.5
    endloop
  endfacet
  facet normal 0 0 1
    outer loop
      vertex 12.8694 8.79108 2.5
      vertex 12.8694 8.20892 2.5
      vertex 12.8923 8.35366 2.5
    endloop
  endfacet
  facet normal 0 0 1
    outer loop
      vertex 12.8315 8.93262 2.5
      vertex 12.8694 8.20892 2.5
      vertex 12.8694 8.79108 2.5
    endloop
  endfacet
  facet normal 0 0 1
    outer loop
      vertex 12.8315 8.93262 2.5
      vertex 12.8315 8.06738 2.5
      vertex 12.8694 8.20892 2.5
    endloop
  endfacet
  facet normal 0 0 1
    outer loop
      vertex 12.779 9.06943 2.5
      vertex 12.8315 8.06738 2.5
      vertex 12.8315 8.93262 2.5
    endloop
  endfacet
  facet normal 0 0 1
    outer loop
      vertex 12.779 9.06943 2.5
      vertex 12.779 7.93057 2.5
      vertex 12.8315 8.06738 2.5
    endloop
  endfacet
  facet normal 0 0 1
    outer loop
      vertex 12.7124 9.2 2.5
      vertex 12.779 7.93057 2.5
      vertex 12.779 9.06943 2.5
    endloop
  endfacet
  facet normal 0 0 1
    outer loop
      vertex 12.7124 9.2 2.5
      vertex 12.7124 7.8 2.5
      vertex 12.779 7.93057 2.5
    endloop
  endfacet
  facet normal 0 0 1
    outer loop
      vertex 12.6326 9.3229 2.5
      vertex 12.7124 7.8 2.5
      vertex 12.7124 9.2 2.5
    endloop
  endfacet
  facet normal 0 0 1
    outer loop
      vertex 12.6326 9.3229 2.5
      vertex 12.6326 7.6771 2.5
      vertex 12.7124 7.8 2.5
    endloop
  endfacet
  facet normal 0 0 1
    outer loop
      vertex 12.5404 9.43678 2.5
      vertex 12.6326 7.6771 2.5
      vertex 12.6326 9.3229 2.5
    endloop
  endfacet
  facet normal 0 0 1
    outer loop
      vertex 12.5404 9.43678 2.5
      vertex 12.5404 7.56322 2.5
      vertex 12.6326 7.6771 2.5
    endloop
  endfacet
  facet normal 0 0 1
    outer loop
      vertex 12.4368 9.5404 2.5
      vertex 12.5404 7.56322 2.5
      vertex 12.5404 9.43678 2.5
    endloop
  endfacet
  facet normal 0 0 1
    outer loop
      vertex 12.4368 9.5404 2.5
      vertex 12.4368 7.4596 2.5
      vertex 12.5404 7.56322 2.5
    endloop
  endfacet
  facet normal 0 0 1
    outer loop
      vertex 12.3229 9.63262 2.5
      vertex 12.4368 7.4596 2.5
      vertex 12.4368 9.5404 2.5
    endloop
  endfacet
  facet normal 0 0 1
    outer loop
      vertex 12.3229 9.63262 2.5
      vertex 12.3229 7.36738 2.5
      vertex 12.4368 7.4596 2.5
    endloop
  endfacet
  facet normal 0 0 1
    outer loop
      vertex 12.2 9.71243 2.5
      vertex 12.3229 7.36738 2.5
      vertex 12.3229 9.63262 2.5
    endloop
  endfacet
  facet normal 0 0 1
    outer loop
      vertex 12.2 9.71243 2.5
      vertex 12.2 7.28757 2.5
      vertex 12.3229 7.36738 2.5
    endloop
  endfacet
  facet normal 0 0 1
    outer loop
      vertex 12.0694 9.77896 2.5
      vertex 12.2 7.28757 2.5
      vertex 12.2 9.71243 2.5
    endloop
  endfacet
  facet normal 0 0 1
    outer loop
      vertex 12.0694 9.77896 2.5
      vertex 12.0694 7.22104 2.5
      vertex 12.2 7.28757 2.5
    endloop
  endfacet
  facet normal 0 0 1
    outer loop
      vertex 11.9326 9.83148 2.5
      vertex 12.0694 7.22104 2.5
      vertex 12.0694 9.77896 2.5
    endloop
  endfacet
  facet normal 0 0 1
    outer loop
      vertex 11.9326 9.83148 2.5
      vertex 11.9326 7.16852 2.5
      vertex 12.0694 7.22104 2.5
    endloop
  endfacet
  facet normal 0 0 1
    outer loop
      vertex 11.7911 9.86941 2.5
      vertex 11.9326 7.16852 2.5
      vertex 11.9326 9.83148 2.5
    endloop
  endfacet
  facet normal 0 0 1
    outer loop
      vertex 11.7911 9.86941 2.5
      vertex 11.7911 7.13059 2.5
      vertex 11.9326 7.16852 2.5
    endloop
  endfacet
  facet normal 0 0 1
    outer loop
      vertex 11.6463 9.89233 2.5
      vertex 11.7911 7.13059 2.5
      vertex 11.7911 9.86941 2.5
    endloop
  endfacet
  facet normal 0 0 1
    outer loop
      vertex 11.6463 9.89233 2.5
      vertex 11.6463 7.10767 2.5
      vertex 11.7911 7.13059 2.5
    endloop
  endfacet
  facet normal 0 0 1
    outer loop
      vertex 11.5 9.9 2.5
      vertex 11.6463 7.10767 2.5
      vertex 11.6463 9.89233 2.5
    endloop
  endfacet
  facet normal 0 0 1
    outer loop
      vertex 11.5 9.9 2.5
      vertex 11.5 7.1 2.5
      vertex 11.6463 7.10767 2.5
    endloop
  endfacet
  facet normal -0 0 1
    outer loop
      vertex 11.3537 9.89233 2.5
      vertex 11.5 7.1 2.5
      vertex 11.5 9.9 2.5
    endloop
  endfacet
  facet normal 0 0 1
    outer loop
      vertex 11.3537 9.89233 2.5
      vertex 11.3537 7.10767 2.5
      vertex 11.5 7.1 2.5
    endloop
  endfacet
  facet normal -0 0 1
    outer loop
      vertex 11.2089 9.86941 2.5
      vertex 11.3537 7.10767 2.5
      vertex 11.3537 9.89233 2.5
    endloop
  endfacet
  facet normal 0 0 1
    outer loop
      vertex 11.2089 9.86941 2.5
      vertex 11.2089 7.13059 2.5
      vertex 11.3537 7.10767 2.5
    endloop
  endfacet
  facet normal -0 0 1
    outer loop
      vertex 11.0674 9.83148 2.5
      vertex 11.2089 7.13059 2.5
      vertex 11.2089 9.86941 2.5
    endloop
  endfacet
  facet normal 0 0 1
    outer loop
      vertex 11.0674 9.83148 2.5
      vertex 11.0674 7.16852 2.5
      vertex 11.2089 7.13059 2.5
    endloop
  endfacet
  facet normal -0 0 1
    outer loop
      vertex 10.9306 9.77896 2.5
      vertex 11.0674 7.16852 2.5
      vertex 11.0674 9.83148 2.5
    endloop
  endfacet
  facet normal 0 0 1
    outer loop
      vertex 10.9306 9.77896 2.5
      vertex 10.9306 7.22104 2.5
      vertex 11.0674 7.16852 2.5
    endloop
  endfacet
  facet normal -0 0 1
    outer loop
      vertex 10.8 9.71243 2.5
      vertex 10.9306 7.22104 2.5
      vertex 10.9306 9.77896 2.5
    endloop
  endfacet
  facet normal 0 0 1
    outer loop
      vertex 10.8 9.71243 2.5
      vertex 10.8 7.28757 2.5
      vertex 10.9306 7.22104 2.5
    endloop
  endfacet
  facet normal -0 0 1
    outer loop
      vertex 10.6771 9.63262 2.5
      vertex 10.8 7.28757 2.5
      vertex 10.8 9.71243 2.5
    endloop
  endfacet
  facet normal 0 0 1
    outer loop
      vertex 10.6771 9.63262 2.5
      vertex 10.6771 7.36738 2.5
      vertex 10.8 7.28757 2.5
    endloop
  endfacet
  facet normal -0 0 1
    outer loop
      vertex 10.5632 9.5404 2.5
      vertex 10.6771 7.36738 2.5
      vertex 10.6771 9.63262 2.5
    endloop
  endfacet
  facet normal 0 0 1
    outer loop
      vertex 10.5632 9.5404 2.5
      vertex 10.5632 7.4596 2.5
      vertex 10.6771 7.36738 2.5
    endloop
  endfacet
  facet normal -0 0 1
    outer loop
      vertex 10.4596 9.43678 2.5
      vertex 10.5632 7.4596 2.5
      vertex 10.5632 9.5404 2.5
    endloop
  endfacet
  facet normal 0 0 1
    outer loop
      vertex 10.4596 9.43678 2.5
      vertex 10.4596 7.56322 2.5
      vertex 10.5632 7.4596 2.5
    endloop
  endfacet
  facet normal -0 0 1
    outer loop
      vertex 10.3674 9.3229 2.5
      vertex 10.4596 7.56322 2.5
      vertex 10.4596 9.43678 2.5
    endloop
  endfacet
  facet normal 0 0 1
    outer loop
      vertex 10.3674 9.3229 2.5
      vertex 10.3674 7.6771 2.5
      vertex 10.4596 7.56322 2.5
    endloop
  endfacet
  facet normal -0 0 1
    outer loop
      vertex 10.2876 9.2 2.5
      vertex 10.3674 7.6771 2.5
      vertex 10.3674 9.3229 2.5
    endloop
  endfacet
  facet normal 0 0 1
    outer loop
      vertex 10.2876 9.2 2.5
      vertex 10.2876 7.8 2.5
      vertex 10.3674 7.6771 2.5
    endloop
  endfacet
  facet normal -0 0 1
    outer loop
      vertex 10.221 9.06943 2.5
      vertex 10.2876 7.8 2.5
      vertex 10.2876 9.2 2.5
    endloop
  endfacet
  facet normal 0 0 1
    outer loop
      vertex 10.221 9.06943 2.5
      vertex 10.221 7.93057 2.5
      vertex 10.2876 7.8 2.5
    endloop
  endfacet
  facet normal -0 0 1
    outer loop
      vertex 10.1685 8.93262 2.5
      vertex 10.221 7.93057 2.5
      vertex 10.221 9.06943 2.5
    endloop
  endfacet
  facet normal 0 0 1
    outer loop
      vertex 10.1685 8.93262 2.5
      vertex 10.1685 8.06738 2.5
      vertex 10.221 7.93057 2.5
    endloop
  endfacet
  facet normal -0 0 1
    outer loop
      vertex 10.1306 8.79108 2.5
      vertex 10.1685 8.06738 2.5
      vertex 10.1685 8.93262 2.5
    endloop
  endfacet
  facet normal 0 0 1
    outer loop
      vertex 10.1306 8.79108 2.5
      vertex 10.1306 8.20892 2.5
      vertex 10.1685 8.06738 2.5
    endloop
  endfacet
  facet normal -0 0 1
    outer loop
      vertex 10.1077 8.64634 2.5
      vertex 10.1306 8.20892 2.5
      vertex 10.1306 8.79108 2.5
    endloop
  endfacet
  facet normal 0 0 1
    outer loop
      vertex 10.1077 8.64634 2.5
      vertex 10.1077 8.35366 2.5
      vertex 10.1306 8.20892 2.5
    endloop
  endfacet
  facet normal 0 -0 1
    outer loop
      vertex 10.1077 8.35366 2.5
      vertex 10.1077 8.64634 2.5
      vertex 10.1 8.5 2.5
    endloop
  endfacet
  facet normal 0 0 1
    outer loop
      vertex 99.8923 8.64634 2.5
      vertex 99.8923 8.35366 2.5
      vertex 99.9 8.5 2.5
    endloop
  endfacet
  facet normal 0 0 1
    outer loop
      vertex 99.8694 8.79108 2.5
      vertex 99.8923 8.35366 2.5
      vertex 99.8923 8.64634 2.5
    endloop
  endfacet
  facet normal 0 0 1
    outer loop
      vertex 99.8694 8.79108 2.5
      vertex 99.8694 8.20892 2.5
      vertex 99.8923 8.35366 2.5
    endloop
  endfacet
  facet normal 0 0 1
    outer loop
      vertex 99.8315 8.93262 2.5
      vertex 99.8694 8.20892 2.5
      vertex 99.8694 8.79108 2.5
    endloop
  endfacet
  facet normal 0 0 1
    outer loop
      vertex 99.8315 8.93262 2.5
      vertex 99.8315 8.06738 2.5
      vertex 99.8694 8.20892 2.5
    endloop
  endfacet
  facet normal 0 0 1
    outer loop
      vertex 99.779 9.06943 2.5
      vertex 99.8315 8.06738 2.5
      vertex 99.8315 8.93262 2.5
    endloop
  endfacet
  facet normal 0 0 1
    outer loop
      vertex 99.779 9.06943 2.5
      vertex 99.779 7.93057 2.5
      vertex 99.8315 8.06738 2.5
    endloop
  endfacet
  facet normal 0 0 1
    outer loop
      vertex 99.7124 9.2 2.5
      vertex 99.779 7.93057 2.5
      vertex 99.779 9.06943 2.5
    endloop
  endfacet
  facet normal 0 0 1
    outer loop
      vertex 99.7124 9.2 2.5
      vertex 99.7124 7.8 2.5
      vertex 99.779 7.93057 2.5
    endloop
  endfacet
  facet normal 0 0 1
    outer loop
      vertex 99.6326 9.3229 2.5
      vertex 99.7124 7.8 2.5
      vertex 99.7124 9.2 2.5
    endloop
  endfacet
  facet normal 0 0 1
    outer loop
      vertex 99.6326 9.3229 2.5
      vertex 99.6326 7.6771 2.5
      vertex 99.7124 7.8 2.5
    endloop
  endfacet
  facet normal 0 0 1
    outer loop
      vertex 99.5404 9.43678 2.5
      vertex 99.6326 7.6771 2.5
      vertex 99.6326 9.3229 2.5
    endloop
  endfacet
  facet normal 0 0 1
    outer loop
      vertex 99.5404 9.43678 2.5
      vertex 99.5404 7.56322 2.5
      vertex 99.6326 7.6771 2.5
    endloop
  endfacet
  facet normal 0 0 1
    outer loop
      vertex 99.4368 9.5404 2.5
      vertex 99.5404 7.56322 2.5
      vertex 99.5404 9.43678 2.5
    endloop
  endfacet
  facet normal 0 0 1
    outer loop
      vertex 99.4368 9.5404 2.5
      vertex 99.4368 7.4596 2.5
      vertex 99.5404 7.56322 2.5
    endloop
  endfacet
  facet normal 0 0 1
    outer loop
      vertex 99.3229 9.63262 2.5
      vertex 99.4368 7.4596 2.5
      vertex 99.4368 9.5404 2.5
    endloop
  endfacet
  facet normal 0 0 1
    outer loop
      vertex 99.3229 9.63262 2.5
      vertex 99.3229 7.36738 2.5
      vertex 99.4368 7.4596 2.5
    endloop
  endfacet
  facet normal 0 0 1
    outer loop
      vertex 99.2 9.71243 2.5
      vertex 99.3229 7.36738 2.5
      vertex 99.3229 9.63262 2.5
    endloop
  endfacet
  facet normal 0 0 1
    outer loop
      vertex 99.2 9.71243 2.5
      vertex 99.2 7.28757 2.5
      vertex 99.3229 7.36738 2.5
    endloop
  endfacet
  facet normal 0 0 1
    outer loop
      vertex 99.0694 9.77896 2.5
      vertex 99.2 7.28757 2.5
      vertex 99.2 9.71243 2.5
    endloop
  endfacet
  facet normal 0 0 1
    outer loop
      vertex 99.0694 9.77896 2.5
      vertex 99.0694 7.22104 2.5
      vertex 99.2 7.28757 2.5
    endloop
  endfacet
  facet normal 0 0 1
    outer loop
      vertex 98.9326 9.83148 2.5
      vertex 99.0694 7.22104 2.5
      vertex 99.0694 9.77896 2.5
    endloop
  endfacet
  facet normal 0 0 1
    outer loop
      vertex 98.9326 9.83148 2.5
      vertex 98.9326 7.16852 2.5
      vertex 99.0694 7.22104 2.5
    endloop
  endfacet
  facet normal 0 0 1
    outer loop
      vertex 98.7911 9.86941 2.5
      vertex 98.9326 7.16852 2.5
      vertex 98.9326 9.83148 2.5
    endloop
  endfacet
  facet normal 0 0 1
    outer loop
      vertex 98.7911 9.86941 2.5
      vertex 98.7911 7.13059 2.5
      vertex 98.9326 7.16852 2.5
    endloop
  endfacet
  facet normal 0 0 1
    outer loop
      vertex 98.6463 9.89233 2.5
      vertex 98.7911 7.13059 2.5
      vertex 98.7911 9.86941 2.5
    endloop
  endfacet
  facet normal 0 0 1
    outer loop
      vertex 98.6463 9.89233 2.5
      vertex 98.6463 7.10767 2.5
      vertex 98.7911 7.13059 2.5
    endloop
  endfacet
  facet normal 0 0 1
    outer loop
      vertex 98.5 9.9 2.5
      vertex 98.6463 7.10767 2.5
      vertex 98.6463 9.89233 2.5
    endloop
  endfacet
  facet normal 0 0 1
    outer loop
      vertex 98.5 9.9 2.5
      vertex 98.5 7.1 2.5
      vertex 98.6463 7.10767 2.5
    endloop
  endfacet
  facet normal -0 0 1
    outer loop
      vertex 98.3537 9.89233 2.5
      vertex 98.5 7.1 2.5
      vertex 98.5 9.9 2.5
    endloop
  endfacet
  facet normal 0 0 1
    outer loop
      vertex 98.3537 9.89233 2.5
      vertex 98.3537 7.10767 2.5
      vertex 98.5 7.1 2.5
    endloop
  endfacet
  facet normal -0 0 1
    outer loop
      vertex 98.2089 9.86941 2.5
      vertex 98.3537 7.10767 2.5
      vertex 98.3537 9.89233 2.5
    endloop
  endfacet
  facet normal 0 0 1
    outer loop
      vertex 98.2089 9.86941 2.5
      vertex 98.2089 7.13059 2.5
      vertex 98.3537 7.10767 2.5
    endloop
  endfacet
  facet normal -0 0 1
    outer loop
      vertex 98.0674 9.83148 2.5
      vertex 98.2089 7.13059 2.5
      vertex 98.2089 9.86941 2.5
    endloop
  endfacet
  facet normal 0 0 1
    outer loop
      vertex 98.0674 9.83148 2.5
      vertex 98.0674 7.16852 2.5
      vertex 98.2089 7.13059 2.5
    endloop
  endfacet
  facet normal -0 0 1
    outer loop
      vertex 97.9306 9.77896 2.5
      vertex 98.0674 7.16852 2.5
      vertex 98.0674 9.83148 2.5
    endloop
  endfacet
  facet normal 0 0 1
    outer loop
      vertex 97.9306 9.77896 2.5
      vertex 97.9306 7.22104 2.5
      vertex 98.0674 7.16852 2.5
    endloop
  endfacet
  facet normal -0 0 1
    outer loop
      vertex 97.8 9.71243 2.5
      vertex 97.9306 7.22104 2.5
      vertex 97.9306 9.77896 2.5
    endloop
  endfacet
  facet normal 0 0 1
    outer loop
      vertex 97.8 9.71243 2.5
      vertex 97.8 7.28757 2.5
      vertex 97.9306 7.22104 2.5
    endloop
  endfacet
  facet normal -0 0 1
    outer loop
      vertex 97.6771 9.63262 2.5
      vertex 97.8 7.28757 2.5
      vertex 97.8 9.71243 2.5
    endloop
  endfacet
  facet normal 0 0 1
    outer loop
      vertex 97.6771 9.63262 2.5
      vertex 97.6771 7.36738 2.5
      vertex 97.8 7.28757 2.5
    endloop
  endfacet
  facet normal -0 0 1
    outer loop
      vertex 97.5632 9.5404 2.5
      vertex 97.6771 7.36738 2.5
      vertex 97.6771 9.63262 2.5
    endloop
  endfacet
  facet normal 0 0 1
    outer loop
      vertex 97.5632 9.5404 2.5
      vertex 97.5632 7.4596 2.5
      vertex 97.6771 7.36738 2.5
    endloop
  endfacet
  facet normal -0 0 1
    outer loop
      vertex 97.4596 9.43678 2.5
      vertex 97.5632 7.4596 2.5
      vertex 97.5632 9.5404 2.5
    endloop
  endfacet
  facet normal 0 0 1
    outer loop
      vertex 97.4596 9.43678 2.5
      vertex 97.4596 7.56322 2.5
      vertex 97.5632 7.4596 2.5
    endloop
  endfacet
  facet normal -0 0 1
    outer loop
      vertex 97.3674 9.3229 2.5
      vertex 97.4596 7.56322 2.5
      vertex 97.4596 9.43678 2.5
    endloop
  endfacet
  facet normal 0 0 1
    outer loop
      vertex 97.3674 9.3229 2.5
      vertex 97.3674 7.6771 2.5
      vertex 97.4596 7.56322 2.5
    endloop
  endfacet
  facet normal -0 0 1
    outer loop
      vertex 97.2876 9.2 2.5
      vertex 97.3674 7.6771 2.5
      vertex 97.3674 9.3229 2.5
    endloop
  endfacet
  facet normal 0 0 1
    outer loop
      vertex 97.2876 9.2 2.5
      vertex 97.2876 7.8 2.5
      vertex 97.3674 7.6771 2.5
    endloop
  endfacet
  facet normal -0 0 1
    outer loop
      vertex 97.221 9.06943 2.5
      vertex 97.2876 7.8 2.5
      vertex 97.2876 9.2 2.5
    endloop
  endfacet
  facet normal 0 0 1
    outer loop
      vertex 97.221 9.06943 2.5
      vertex 97.221 7.93057 2.5
      vertex 97.2876 7.8 2.5
    endloop
  endfacet
  facet normal -0 0 1
    outer loop
      vertex 97.1685 8.93262 2.5
      vertex 97.221 7.93057 2.5
      vertex 97.221 9.06943 2.5
    endloop
  endfacet
  facet normal 0 0 1
    outer loop
      vertex 97.1685 8.93262 2.5
      vertex 97.1685 8.06738 2.5
      vertex 97.221 7.93057 2.5
    endloop
  endfacet
  facet normal -0 0 1
    outer loop
      vertex 97.1306 8.79108 2.5
      vertex 97.1685 8.06738 2.5
      vertex 97.1685 8.93262 2.5
    endloop
  endfacet
  facet normal 0 0 1
    outer loop
      vertex 97.1306 8.79108 2.5
      vertex 97.1306 8.20892 2.5
      vertex 97.1685 8.06738 2.5
    endloop
  endfacet
  facet normal -0 0 1
    outer loop
      vertex 97.1077 8.64634 2.5
      vertex 97.1306 8.20892 2.5
      vertex 97.1306 8.79108 2.5
    endloop
  endfacet
  facet normal 0 0 1
    outer loop
      vertex 97.1077 8.64634 2.5
      vertex 97.1077 8.35366 2.5
      vertex 97.1306 8.20892 2.5
    endloop
  endfacet
  facet normal 0 -0 1
    outer loop
      vertex 97.1077 8.35366 2.5
      vertex 97.1077 8.64634 2.5
      vertex 97.1 8.5 2.5
    endloop
  endfacet
  facet normal 0 0 1
    outer loop
      vertex 99.8923 65.6463 2.5
      vertex 99.8923 65.3537 2.5
      vertex 99.9 65.5 2.5
    endloop
  endfacet
  facet normal 0 0 1
    outer loop
      vertex 99.8694 65.7911 2.5
      vertex 99.8923 65.3537 2.5
      vertex 99.8923 65.6463 2.5
    endloop
  endfacet
  facet normal 0 0 1
    outer loop
      vertex 99.8694 65.7911 2.5
      vertex 99.8694 65.2089 2.5
      vertex 99.8923 65.3537 2.5
    endloop
  endfacet
  facet normal 0 0 1
    outer loop
      vertex 99.8315 65.9326 2.5
      vertex 99.8694 65.2089 2.5
      vertex 99.8694 65.7911 2.5
    endloop
  endfacet
  facet normal 0 0 1
    outer loop
      vertex 99.8315 65.9326 2.5
      vertex 99.8315 65.0674 2.5
      vertex 99.8694 65.2089 2.5
    endloop
  endfacet
  facet normal 0 0 1
    outer loop
      vertex 99.779 66.0694 2.5
      vertex 99.8315 65.0674 2.5
      vertex 99.8315 65.9326 2.5
    endloop
  endfacet
  facet normal 0 0 1
    outer loop
      vertex 99.779 66.0694 2.5
      vertex 99.779 64.9306 2.5
      vertex 99.8315 65.0674 2.5
    endloop
  endfacet
  facet normal 0 0 1
    outer loop
      vertex 99.7124 66.2 2.5
      vertex 99.779 64.9306 2.5
      vertex 99.779 66.0694 2.5
    endloop
  endfacet
  facet normal 0 0 1
    outer loop
      vertex 99.7124 66.2 2.5
      vertex 99.7124 64.8 2.5
      vertex 99.779 64.9306 2.5
    endloop
  endfacet
  facet normal 0 0 1
    outer loop
      vertex 99.6326 66.3229 2.5
      vertex 99.7124 64.8 2.5
      vertex 99.7124 66.2 2.5
    endloop
  endfacet
  facet normal 0 0 1
    outer loop
      vertex 99.6326 66.3229 2.5
      vertex 99.6326 64.6771 2.5
      vertex 99.7124 64.8 2.5
    endloop
  endfacet
  facet normal 0 0 1
    outer loop
      vertex 99.5404 66.4368 2.5
      vertex 99.6326 64.6771 2.5
      vertex 99.6326 66.3229 2.5
    endloop
  endfacet
  facet normal 0 0 1
    outer loop
      vertex 99.5404 66.4368 2.5
      vertex 99.5404 64.5632 2.5
      vertex 99.6326 64.6771 2.5
    endloop
  endfacet
  facet normal 0 0 1
    outer loop
      vertex 99.4368 66.5404 2.5
      vertex 99.5404 64.5632 2.5
      vertex 99.5404 66.4368 2.5
    endloop
  endfacet
  facet normal 0 0 1
    outer loop
      vertex 99.4368 66.5404 2.5
      vertex 99.4368 64.4596 2.5
      vertex 99.5404 64.5632 2.5
    endloop
  endfacet
  facet normal 0 0 1
    outer loop
      vertex 99.3229 66.6326 2.5
      vertex 99.4368 64.4596 2.5
      vertex 99.4368 66.5404 2.5
    endloop
  endfacet
  facet normal 0 0 1
    outer loop
      vertex 99.3229 66.6326 2.5
      vertex 99.3229 64.3674 2.5
      vertex 99.4368 64.4596 2.5
    endloop
  endfacet
  facet normal 0 0 1
    outer loop
      vertex 99.2 66.7124 2.5
      vertex 99.3229 64.3674 2.5
      vertex 99.3229 66.6326 2.5
    endloop
  endfacet
  facet normal 0 0 1
    outer loop
      vertex 99.2 66.7124 2.5
      vertex 99.2 64.2876 2.5
      vertex 99.3229 64.3674 2.5
    endloop
  endfacet
  facet normal 0 0 1
    outer loop
      vertex 99.0694 66.779 2.5
      vertex 99.2 64.2876 2.5
      vertex 99.2 66.7124 2.5
    endloop
  endfacet
  facet normal 0 0 1
    outer loop
      vertex 99.0694 66.779 2.5
      vertex 99.0694 64.221 2.5
      vertex 99.2 64.2876 2.5
    endloop
  endfacet
  facet normal 0 0 1
    outer loop
      vertex 98.9326 66.8315 2.5
      vertex 99.0694 64.221 2.5
      vertex 99.0694 66.779 2.5
    endloop
  endfacet
  facet normal 0 0 1
    outer loop
      vertex 98.9326 66.8315 2.5
      vertex 98.9326 64.1685 2.5
      vertex 99.0694 64.221 2.5
    endloop
  endfacet
  facet normal 0 0 1
    outer loop
      vertex 98.7911 66.8694 2.5
      vertex 98.9326 64.1685 2.5
      vertex 98.9326 66.8315 2.5
    endloop
  endfacet
  facet normal 0 0 1
    outer loop
      vertex 98.7911 66.8694 2.5
      vertex 98.7911 64.1306 2.5
      vertex 98.9326 64.1685 2.5
    endloop
  endfacet
  facet normal 0 0 1
    outer loop
      vertex 98.6463 66.8923 2.5
      vertex 98.7911 64.1306 2.5
      vertex 98.7911 66.8694 2.5
    endloop
  endfacet
  facet normal 0 0 1
    outer loop
      vertex 98.6463 66.8923 2.5
      vertex 98.6463 64.1077 2.5
      vertex 98.7911 64.1306 2.5
    endloop
  endfacet
  facet normal 0 0 1
    outer loop
      vertex 98.5 66.9 2.5
      vertex 98.6463 64.1077 2.5
      vertex 98.6463 66.8923 2.5
    endloop
  endfacet
  facet normal 0 0 1
    outer loop
      vertex 98.5 66.9 2.5
      vertex 98.5 64.1 2.5
      vertex 98.6463 64.1077 2.5
    endloop
  endfacet
  facet normal -0 0 1
    outer loop
      vertex 98.3537 66.8923 2.5
      vertex 98.5 64.1 2.5
      vertex 98.5 66.9 2.5
    endloop
  endfacet
  facet normal 0 0 1
    outer loop
      vertex 98.3537 66.8923 2.5
      vertex 98.3537 64.1077 2.5
      vertex 98.5 64.1 2.5
    endloop
  endfacet
  facet normal -0 0 1
    outer loop
      vertex 98.2089 66.8694 2.5
      vertex 98.3537 64.1077 2.5
      vertex 98.3537 66.8923 2.5
    endloop
  endfacet
  facet normal 0 0 1
    outer loop
      vertex 98.2089 66.8694 2.5
      vertex 98.2089 64.1306 2.5
      vertex 98.3537 64.1077 2.5
    endloop
  endfacet
  facet normal -0 0 1
    outer loop
      vertex 98.0674 66.8315 2.5
      vertex 98.2089 64.1306 2.5
      vertex 98.2089 66.8694 2.5
    endloop
  endfacet
  facet normal 0 0 1
    outer loop
      vertex 98.0674 66.8315 2.5
      vertex 98.0674 64.1685 2.5
      vertex 98.2089 64.1306 2.5
    endloop
  endfacet
  facet normal -0 0 1
    outer loop
      vertex 97.9306 66.779 2.5
      vertex 98.0674 64.1685 2.5
      vertex 98.0674 66.8315 2.5
    endloop
  endfacet
  facet normal 0 0 1
    outer loop
      vertex 97.9306 66.779 2.5
      vertex 97.9306 64.221 2.5
      vertex 98.0674 64.1685 2.5
    endloop
  endfacet
  facet normal -0 0 1
    outer loop
      vertex 97.8 66.7124 2.5
      vertex 97.9306 64.221 2.5
      vertex 97.9306 66.779 2.5
    endloop
  endfacet
  facet normal 0 0 1
    outer loop
      vertex 97.8 66.7124 2.5
      vertex 97.8 64.2876 2.5
      vertex 97.9306 64.221 2.5
    endloop
  endfacet
  facet normal -0 0 1
    outer loop
      vertex 97.6771 66.6326 2.5
      vertex 97.8 64.2876 2.5
      vertex 97.8 66.7124 2.5
    endloop
  endfacet
  facet normal 0 0 1
    outer loop
      vertex 97.6771 66.6326 2.5
      vertex 97.6771 64.3674 2.5
      vertex 97.8 64.2876 2.5
    endloop
  endfacet
  facet normal -0 0 1
    outer loop
      vertex 97.5632 66.5404 2.5
      vertex 97.6771 64.3674 2.5
      vertex 97.6771 66.6326 2.5
    endloop
  endfacet
  facet normal 0 0 1
    outer loop
      vertex 97.5632 66.5404 2.5
      vertex 97.5632 64.4596 2.5
      vertex 97.6771 64.3674 2.5
    endloop
  endfacet
  facet normal -0 0 1
    outer loop
      vertex 97.4596 66.4368 2.5
      vertex 97.5632 64.4596 2.5
      vertex 97.5632 66.5404 2.5
    endloop
  endfacet
  facet normal 0 0 1
    outer loop
      vertex 97.4596 66.4368 2.5
      vertex 97.4596 64.5632 2.5
      vertex 97.5632 64.4596 2.5
    endloop
  endfacet
  facet normal -0 0 1
    outer loop
      vertex 97.3674 66.3229 2.5
      vertex 97.4596 64.5632 2.5
      vertex 97.4596 66.4368 2.5
    endloop
  endfacet
  facet normal 0 0 1
    outer loop
      vertex 97.3674 66.3229 2.5
      vertex 97.3674 64.6771 2.5
      vertex 97.4596 64.5632 2.5
    endloop
  endfacet
  facet normal -0 0 1
    outer loop
      vertex 97.2876 66.2 2.5
      vertex 97.3674 64.6771 2.5
      vertex 97.3674 66.3229 2.5
    endloop
  endfacet
  facet normal 0 0 1
    outer loop
      vertex 97.2876 66.2 2.5
      vertex 97.2876 64.8 2.5
      vertex 97.3674 64.6771 2.5
    endloop
  endfacet
  facet normal -0 0 1
    outer loop
      vertex 97.221 66.0694 2.5
      vertex 97.2876 64.8 2.5
      vertex 97.2876 66.2 2.5
    endloop
  endfacet
  facet normal 0 0 1
    outer loop
      vertex 97.221 66.0694 2.5
      vertex 97.221 64.9306 2.5
      vertex 97.2876 64.8 2.5
    endloop
  endfacet
  facet normal -0 0 1
    outer loop
      vertex 97.1685 65.9326 2.5
      vertex 97.221 64.9306 2.5
      vertex 97.221 66.0694 2.5
    endloop
  endfacet
  facet normal 0 0 1
    outer loop
      vertex 97.1685 65.9326 2.5
      vertex 97.1685 65.0674 2.5
      vertex 97.221 64.9306 2.5
    endloop
  endfacet
  facet normal -0 0 1
    outer loop
      vertex 97.1306 65.7911 2.5
      vertex 97.1685 65.0674 2.5
      vertex 97.1685 65.9326 2.5
    endloop
  endfacet
  facet normal 0 0 1
    outer loop
      vertex 97.1306 65.7911 2.5
      vertex 97.1306 65.2089 2.5
      vertex 97.1685 65.0674 2.5
    endloop
  endfacet
  facet normal -0 0 1
    outer loop
      vertex 97.1077 65.6463 2.5
      vertex 97.1306 65.2089 2.5
      vertex 97.1306 65.7911 2.5
    endloop
  endfacet
  facet normal 0 0 1
    outer loop
      vertex 97.1077 65.6463 2.5
      vertex 97.1077 65.3537 2.5
      vertex 97.1306 65.2089 2.5
    endloop
  endfacet
  facet normal 0 -0 1
    outer loop
      vertex 97.1077 65.3537 2.5
      vertex 97.1077 65.6463 2.5
      vertex 97.1 65.5 2.5
    endloop
  endfacet
  facet normal 0 0 1
    outer loop
      vertex 12.8923 65.6463 2.5
      vertex 12.8923 65.3537 2.5
      vertex 12.9 65.5 2.5
    endloop
  endfacet
  facet normal 0 0 1
    outer loop
      vertex 12.8694 65.7911 2.5
      vertex 12.8923 65.3537 2.5
      vertex 12.8923 65.6463 2.5
    endloop
  endfacet
  facet normal 0 0 1
    outer loop
      vertex 12.8694 65.7911 2.5
      vertex 12.8694 65.2089 2.5
      vertex 12.8923 65.3537 2.5
    endloop
  endfacet
  facet normal 0 0 1
    outer loop
      vertex 12.8315 65.9326 2.5
      vertex 12.8694 65.2089 2.5
      vertex 12.8694 65.7911 2.5
    endloop
  endfacet
  facet normal 0 0 1
    outer loop
      vertex 12.8315 65.9326 2.5
      vertex 12.8315 65.0674 2.5
      vertex 12.8694 65.2089 2.5
    endloop
  endfacet
  facet normal 0 0 1
    outer loop
      vertex 12.779 66.0694 2.5
      vertex 12.8315 65.0674 2.5
      vertex 12.8315 65.9326 2.5
    endloop
  endfacet
  facet normal 0 0 1
    outer loop
      vertex 12.779 66.0694 2.5
      vertex 12.779 64.9306 2.5
      vertex 12.8315 65.0674 2.5
    endloop
  endfacet
  facet normal 0 0 1
    outer loop
      vertex 12.7124 66.2 2.5
      vertex 12.779 64.9306 2.5
      vertex 12.779 66.0694 2.5
    endloop
  endfacet
  facet normal 0 0 1
    outer loop
      vertex 12.7124 66.2 2.5
      vertex 12.7124 64.8 2.5
      vertex 12.779 64.9306 2.5
    endloop
  endfacet
  facet normal 0 0 1
    outer loop
      vertex 12.6326 66.3229 2.5
      vertex 12.7124 64.8 2.5
      vertex 12.7124 66.2 2.5
    endloop
  endfacet
  facet normal 0 0 1
    outer loop
      vertex 12.6326 66.3229 2.5
      vertex 12.6326 64.6771 2.5
      vertex 12.7124 64.8 2.5
    endloop
  endfacet
  facet normal 0 0 1
    outer loop
      vertex 12.5404 66.4368 2.5
      vertex 12.6326 64.6771 2.5
      vertex 12.6326 66.3229 2.5
    endloop
  endfacet
  facet normal 0 0 1
    outer loop
      vertex 12.5404 66.4368 2.5
      vertex 12.5404 64.5632 2.5
      vertex 12.6326 64.6771 2.5
    endloop
  endfacet
  facet normal 0 0 1
    outer loop
      vertex 12.4368 66.5404 2.5
      vertex 12.5404 64.5632 2.5
      vertex 12.5404 66.4368 2.5
    endloop
  endfacet
  facet normal 0 0 1
    outer loop
      vertex 12.4368 66.5404 2.5
      vertex 12.4368 64.4596 2.5
      vertex 12.5404 64.5632 2.5
    endloop
  endfacet
  facet normal 0 0 1
    outer loop
      vertex 12.3229 66.6326 2.5
      vertex 12.4368 64.4596 2.5
      vertex 12.4368 66.5404 2.5
    endloop
  endfacet
  facet normal 0 0 1
    outer loop
      vertex 12.3229 66.6326 2.5
      vertex 12.3229 64.3674 2.5
      vertex 12.4368 64.4596 2.5
    endloop
  endfacet
  facet normal 0 0 1
    outer loop
      vertex 12.2 66.7124 2.5
      vertex 12.3229 64.3674 2.5
      vertex 12.3229 66.6326 2.5
    endloop
  endfacet
  facet normal 0 0 1
    outer loop
      vertex 12.2 66.7124 2.5
      vertex 12.2 64.2876 2.5
      vertex 12.3229 64.3674 2.5
    endloop
  endfacet
  facet normal 0 0 1
    outer loop
      vertex 12.0694 66.779 2.5
      vertex 12.2 64.2876 2.5
      vertex 12.2 66.7124 2.5
    endloop
  endfacet
  facet normal 0 0 1
    outer loop
      vertex 12.0694 66.779 2.5
      vertex 12.0694 64.221 2.5
      vertex 12.2 64.2876 2.5
    endloop
  endfacet
  facet normal 0 0 1
    outer loop
      vertex 11.9326 66.8315 2.5
      vertex 12.0694 64.221 2.5
      vertex 12.0694 66.779 2.5
    endloop
  endfacet
  facet normal 0 0 1
    outer loop
      vertex 11.9326 66.8315 2.5
      vertex 11.9326 64.1685 2.5
      vertex 12.0694 64.221 2.5
    endloop
  endfacet
  facet normal 0 0 1
    outer loop
      vertex 11.7911 66.8694 2.5
      vertex 11.9326 64.1685 2.5
      vertex 11.9326 66.8315 2.5
    endloop
  endfacet
  facet normal 0 0 1
    outer loop
      vertex 11.7911 66.8694 2.5
      vertex 11.7911 64.1306 2.5
      vertex 11.9326 64.1685 2.5
    endloop
  endfacet
  facet normal 0 0 1
    outer loop
      vertex 11.6463 66.8923 2.5
      vertex 11.7911 64.1306 2.5
      vertex 11.7911 66.8694 2.5
    endloop
  endfacet
  facet normal 0 0 1
    outer loop
      vertex 11.6463 66.8923 2.5
      vertex 11.6463 64.1077 2.5
      vertex 11.7911 64.1306 2.5
    endloop
  endfacet
  facet normal 0 0 1
    outer loop
      vertex 11.5 66.9 2.5
      vertex 11.6463 64.1077 2.5
      vertex 11.6463 66.8923 2.5
    endloop
  endfacet
  facet normal 0 0 1
    outer loop
      vertex 11.5 66.9 2.5
      vertex 11.5 64.1 2.5
      vertex 11.6463 64.1077 2.5
    endloop
  endfacet
  facet normal -0 0 1
    outer loop
      vertex 11.3537 66.8923 2.5
      vertex 11.5 64.1 2.5
      vertex 11.5 66.9 2.5
    endloop
  endfacet
  facet normal 0 0 1
    outer loop
      vertex 11.3537 66.8923 2.5
      vertex 11.3537 64.1077 2.5
      vertex 11.5 64.1 2.5
    endloop
  endfacet
  facet normal -0 0 1
    outer loop
      vertex 11.2089 66.8694 2.5
      vertex 11.3537 64.1077 2.5
      vertex 11.3537 66.8923 2.5
    endloop
  endfacet
  facet normal 0 0 1
    outer loop
      vertex 11.2089 66.8694 2.5
      vertex 11.2089 64.1306 2.5
      vertex 11.3537 64.1077 2.5
    endloop
  endfacet
  facet normal -0 0 1
    outer loop
      vertex 11.0674 66.8315 2.5
      vertex 11.2089 64.1306 2.5
      vertex 11.2089 66.8694 2.5
    endloop
  endfacet
  facet normal 0 0 1
    outer loop
      vertex 11.0674 66.8315 2.5
      vertex 11.0674 64.1685 2.5
      vertex 11.2089 64.1306 2.5
    endloop
  endfacet
  facet normal -0 0 1
    outer loop
      vertex 10.9306 66.779 2.5
      vertex 11.0674 64.1685 2.5
      vertex 11.0674 66.8315 2.5
    endloop
  endfacet
  facet normal 0 0 1
    outer loop
      vertex 10.9306 66.779 2.5
      vertex 10.9306 64.221 2.5
      vertex 11.0674 64.1685 2.5
    endloop
  endfacet
  facet normal -0 0 1
    outer loop
      vertex 10.8 66.7124 2.5
      vertex 10.9306 64.221 2.5
      vertex 10.9306 66.779 2.5
    endloop
  endfacet
  facet normal 0 0 1
    outer loop
      vertex 10.8 66.7124 2.5
      vertex 10.8 64.2876 2.5
      vertex 10.9306 64.221 2.5
    endloop
  endfacet
  facet normal -0 0 1
    outer loop
      vertex 10.6771 66.6326 2.5
      vertex 10.8 64.2876 2.5
      vertex 10.8 66.7124 2.5
    endloop
  endfacet
  facet normal 0 0 1
    outer loop
      vertex 10.6771 66.6326 2.5
      vertex 10.6771 64.3674 2.5
      vertex 10.8 64.2876 2.5
    endloop
  endfacet
  facet normal -0 0 1
    outer loop
      vertex 10.5632 66.5404 2.5
      vertex 10.6771 64.3674 2.5
      vertex 10.6771 66.6326 2.5
    endloop
  endfacet
  facet normal 0 0 1
    outer loop
      vertex 10.5632 66.5404 2.5
      vertex 10.5632 64.4596 2.5
      vertex 10.6771 64.3674 2.5
    endloop
  endfacet
  facet normal -0 0 1
    outer loop
      vertex 10.4596 66.4368 2.5
      vertex 10.5632 64.4596 2.5
      vertex 10.5632 66.5404 2.5
    endloop
  endfacet
  facet normal 0 0 1
    outer loop
      vertex 10.4596 66.4368 2.5
      vertex 10.4596 64.5632 2.5
      vertex 10.5632 64.4596 2.5
    endloop
  endfacet
  facet normal -0 0 1
    outer loop
      vertex 10.3674 66.3229 2.5
      vertex 10.4596 64.5632 2.5
      vertex 10.4596 66.4368 2.5
    endloop
  endfacet
  facet normal 0 0 1
    outer loop
      vertex 10.3674 66.3229 2.5
      vertex 10.3674 64.6771 2.5
      vertex 10.4596 64.5632 2.5
    endloop
  endfacet
  facet normal -0 0 1
    outer loop
      vertex 10.2876 66.2 2.5
      vertex 10.3674 64.6771 2.5
      vertex 10.3674 66.3229 2.5
    endloop
  endfacet
  facet normal 0 0 1
    outer loop
      vertex 10.2876 66.2 2.5
      vertex 10.2876 64.8 2.5
      vertex 10.3674 64.6771 2.5
    endloop
  endfacet
  facet normal -0 0 1
    outer loop
      vertex 10.221 66.0694 2.5
      vertex 10.2876 64.8 2.5
      vertex 10.2876 66.2 2.5
    endloop
  endfacet
  facet normal 0 0 1
    outer loop
      vertex 10.221 66.0694 2.5
      vertex 10.221 64.9306 2.5
      vertex 10.2876 64.8 2.5
    endloop
  endfacet
  facet normal -0 0 1
    outer loop
      vertex 10.1685 65.9326 2.5
      vertex 10.221 64.9306 2.5
      vertex 10.221 66.0694 2.5
    endloop
  endfacet
  facet normal 0 0 1
    outer loop
      vertex 10.1685 65.9326 2.5
      vertex 10.1685 65.0674 2.5
      vertex 10.221 64.9306 2.5
    endloop
  endfacet
  facet normal -0 0 1
    outer loop
      vertex 10.1306 65.7911 2.5
      vertex 10.1685 65.0674 2.5
      vertex 10.1685 65.9326 2.5
    endloop
  endfacet
  facet normal 0 0 1
    outer loop
      vertex 10.1306 65.7911 2.5
      vertex 10.1306 65.2089 2.5
      vertex 10.1685 65.0674 2.5
    endloop
  endfacet
  facet normal -0 0 1
    outer loop
      vertex 10.1077 65.6463 2.5
      vertex 10.1306 65.2089 2.5
      vertex 10.1306 65.7911 2.5
    endloop
  endfacet
  facet normal 0 0 1
    outer loop
      vertex 10.1077 65.6463 2.5
      vertex 10.1077 65.3537 2.5
      vertex 10.1306 65.2089 2.5
    endloop
  endfacet
  facet normal 0 -0 1
    outer loop
      vertex 10.1077 65.3537 2.5
      vertex 10.1077 65.6463 2.5
      vertex 10.1 65.5 2.5
    endloop
  endfacet
  facet normal 0 0 1
    outer loop
      vertex 9.64214 10.1728 2.5
      vertex 2.5 6 2.5
      vertex 9.47746 9.96946 2.5
    endloop
  endfacet
  facet normal 0 0 1
    outer loop
      vertex 9.47746 9.96946 2.5
      vertex 2.5 6 2.5
      vertex 6 6 2.5
    endloop
  endfacet
  facet normal -0 0 1
    outer loop
      vertex 12.75 63.3349 2.5
      vertex 26.5359 50 2.5
      vertex 12.9695 63.4775 2.5
    endloop
  endfacet
  facet normal 0 0 1
    outer loop
      vertex 26.1958 46.7639 2.5
      vertex 13.9863 8.76132 2.5
      vertex 14 8.5 2.5
    endloop
  endfacet
  facet normal 0 0 1
    outer loop
      vertex 26.5359 50 2.5
      vertex 12.75 63.3349 2.5
      vertex 26.3458 49.6269 2.5
    endloop
  endfacet
  facet normal 0 0 1
    outer loop
      vertex 26.1958 46.7639 2.5
      vertex 13.9454 9.01978 2.5
      vertex 13.9863 8.76132 2.5
    endloop
  endfacet
  facet normal -0 0 1
    outer loop
      vertex 12.5168 63.2161 2.5
      vertex 26.3458 49.6269 2.5
      vertex 12.75 63.3349 2.5
    endloop
  endfacet
  facet normal 0 0 1
    outer loop
      vertex 26.1958 46.7639 2.5
      vertex 13.8776 9.27254 2.5
      vertex 13.9454 9.01978 2.5
    endloop
  endfacet
  facet normal 0 0 1
    outer loop
      vertex 26.3458 49.6269 2.5
      vertex 12.5168 63.2161 2.5
      vertex 26.1958 49.2361 2.5
    endloop
  endfacet
  facet normal 0 0 1
    outer loop
      vertex 26.1958 46.7639 2.5
      vertex 13.7839 9.51684 2.5
      vertex 13.8776 9.27254 2.5
    endloop
  endfacet
  facet normal -0 0 1
    outer loop
      vertex 12.2725 63.1224 2.5
      vertex 26.1958 49.2361 2.5
      vertex 12.5168 63.2161 2.5
    endloop
  endfacet
  facet normal 0 0 1
    outer loop
      vertex 26.1958 46.7639 2.5
      vertex 13.6651 9.75 2.5
      vertex 13.7839 9.51684 2.5
    endloop
  endfacet
  facet normal 0 0 1
    outer loop
      vertex 26.1958 49.2361 2.5
      vertex 12.2725 63.1224 2.5
      vertex 26.0874 48.8316 2.5
    endloop
  endfacet
  facet normal 0 0 1
    outer loop
      vertex 26.1958 46.7639 2.5
      vertex 13.5225 9.96946 2.5
      vertex 13.6651 9.75 2.5
    endloop
  endfacet
  facet normal -0 0 1
    outer loop
      vertex 12.0198 63.0546 2.5
      vertex 26.0874 48.8316 2.5
      vertex 12.2725 63.1224 2.5
    endloop
  endfacet
  facet normal 0 0 1
    outer loop
      vertex 26.1958 46.7639 2.5
      vertex 13.3579 10.1728 2.5
      vertex 13.5225 9.96946 2.5
    endloop
  endfacet
  facet normal -0 0 1
    outer loop
      vertex 11.7613 63.0137 2.5
      vertex 26.0874 48.8316 2.5
      vertex 12.0198 63.0546 2.5
    endloop
  endfacet
  facet normal 0 0 1
    outer loop
      vertex 26.1958 46.7639 2.5
      vertex 13.1728 10.3579 2.5
      vertex 13.3579 10.1728 2.5
    endloop
  endfacet
  facet normal 0 0 1
    outer loop
      vertex 26.0874 48.8316 2.5
      vertex 11.7613 63.0137 2.5
      vertex 26.0219 48.4181 2.5
    endloop
  endfacet
  facet normal 0 0 1
    outer loop
      vertex 26.1958 46.7639 2.5
      vertex 12.9695 10.5225 2.5
      vertex 13.1728 10.3579 2.5
    endloop
  endfacet
  facet normal -0 0 1
    outer loop
      vertex 11.5 63 2.5
      vertex 26.0219 48.4181 2.5
      vertex 11.7613 63.0137 2.5
    endloop
  endfacet
  facet normal 0 0 1
    outer loop
      vertex 26.1958 46.7639 2.5
      vertex 12.75 10.6651 2.5
      vertex 12.9695 10.5225 2.5
    endloop
  endfacet
  facet normal 0 0 1
    outer loop
      vertex 26.0219 48.4181 2.5
      vertex 11.5 63 2.5
      vertex 26 48 2.5
    endloop
  endfacet
  facet normal 0 0 1
    outer loop
      vertex 26.1958 46.7639 2.5
      vertex 12.5168 10.7839 2.5
      vertex 12.75 10.6651 2.5
    endloop
  endfacet
  facet normal 0 0 1
    outer loop
      vertex 11.2387 63.0137 2.5
      vertex 26 48 2.5
      vertex 11.5 63 2.5
    endloop
  endfacet
  facet normal 0 0 1
    outer loop
      vertex 26.1958 46.7639 2.5
      vertex 12.2725 10.8776 2.5
      vertex 12.5168 10.7839 2.5
    endloop
  endfacet
  facet normal 0 0 1
    outer loop
      vertex 26 48 2.5
      vertex 11.2387 63.0137 2.5
      vertex 26.0219 47.5819 2.5
    endloop
  endfacet
  facet normal 0 0 1
    outer loop
      vertex 26.1958 46.7639 2.5
      vertex 12.0198 10.9454 2.5
      vertex 12.2725 10.8776 2.5
    endloop
  endfacet
  facet normal 0 0 1
    outer loop
      vertex 10.9802 63.0546 2.5
      vertex 26.0219 47.5819 2.5
      vertex 11.2387 63.0137 2.5
    endloop
  endfacet
  facet normal 0 0 1
    outer loop
      vertex 26.1958 46.7639 2.5
      vertex 11.7613 10.9863 2.5
      vertex 12.0198 10.9454 2.5
    endloop
  endfacet
  facet normal 0 0 1
    outer loop
      vertex 26.0219 47.5819 2.5
      vertex 10.9802 63.0546 2.5
      vertex 26.0874 47.1684 2.5
    endloop
  endfacet
  facet normal 0 0 1
    outer loop
      vertex 26.1958 46.7639 2.5
      vertex 11.5 11 2.5
      vertex 11.7613 10.9863 2.5
    endloop
  endfacet
  facet normal 0 0 1
    outer loop
      vertex 10.7275 63.1224 2.5
      vertex 26.0874 47.1684 2.5
      vertex 10.9802 63.0546 2.5
    endloop
  endfacet
  facet normal 0 0 1
    outer loop
      vertex 26.1958 46.7639 2.5
      vertex 11.2387 10.9863 2.5
      vertex 11.5 11 2.5
    endloop
  endfacet
  facet normal 0 0 1
    outer loop
      vertex 26.0874 47.1684 2.5
      vertex 10.7275 63.1224 2.5
      vertex 26.1958 46.7639 2.5
    endloop
  endfacet
  facet normal 0 0 1
    outer loop
      vertex 26.1958 46.7639 2.5
      vertex 10.9802 10.9454 2.5
      vertex 11.2387 10.9863 2.5
    endloop
  endfacet
  facet normal 0 0 1
    outer loop
      vertex 10.4832 63.2161 2.5
      vertex 26.1958 46.7639 2.5
      vertex 10.7275 63.1224 2.5
    endloop
  endfacet
  facet normal 0 0 1
    outer loop
      vertex 26.1958 46.7639 2.5
      vertex 10.7275 10.8776 2.5
      vertex 10.9802 10.9454 2.5
    endloop
  endfacet
  facet normal 0 0 1
    outer loop
      vertex 10.4832 10.7839 2.5
      vertex 26.1958 46.7639 2.5
      vertex 10.4832 63.2161 2.5
    endloop
  endfacet
  facet normal 0 0 1
    outer loop
      vertex 26.1958 46.7639 2.5
      vertex 10.4832 10.7839 2.5
      vertex 10.7275 10.8776 2.5
    endloop
  endfacet
  facet normal 0 0 1
    outer loop
      vertex 10.25 63.3349 2.5
      vertex 10.4832 10.7839 2.5
      vertex 10.4832 63.2161 2.5
    endloop
  endfacet
  facet normal 0 0 1
    outer loop
      vertex 10.25 63.3349 2.5
      vertex 10.25 10.6651 2.5
      vertex 10.4832 10.7839 2.5
    endloop
  endfacet
  facet normal 0 0 1
    outer loop
      vertex 10.0305 63.4775 2.5
      vertex 10.25 10.6651 2.5
      vertex 10.25 63.3349 2.5
    endloop
  endfacet
  facet normal 0 0 1
    outer loop
      vertex 10.0305 63.4775 2.5
      vertex 10.0305 10.5225 2.5
      vertex 10.25 10.6651 2.5
    endloop
  endfacet
  facet normal 0 0 1
    outer loop
      vertex 2.5 68 2.5
      vertex 10.0305 63.4775 2.5
      vertex 9.82717 63.6421 2.5
    endloop
  endfacet
  facet normal 0 0 1
    outer loop
      vertex 10.0305 63.4775 2.5
      vertex 2.5 68 2.5
      vertex 10.0305 10.5225 2.5
    endloop
  endfacet
  facet normal 0 0 1
    outer loop
      vertex 2.5 68 2.5
      vertex 9.82717 63.6421 2.5
      vertex 9.64214 63.8272 2.5
    endloop
  endfacet
  facet normal 0 0 1
    outer loop
      vertex 2.5 6 2.5
      vertex 10.0305 10.5225 2.5
      vertex 2.5 68 2.5
    endloop
  endfacet
  facet normal 0 0 1
    outer loop
      vertex 2.5 68 2.5
      vertex 9.64214 63.8272 2.5
      vertex 9.47746 64.0305 2.5
    endloop
  endfacet
  facet normal 0 0 1
    outer loop
      vertex 10.0305 10.5225 2.5
      vertex 2.5 6 2.5
      vertex 9.82717 10.3579 2.5
    endloop
  endfacet
  facet normal 0 0 1
    outer loop
      vertex 9.21614 64.4832 2.5
      vertex 2.5 68 2.5
      vertex 9.33494 64.25 2.5
    endloop
  endfacet
  facet normal 0 0 1
    outer loop
      vertex 9.33494 64.25 2.5
      vertex 2.5 68 2.5
      vertex 9.47746 64.0305 2.5
    endloop
  endfacet
  facet normal 0 0 1
    outer loop
      vertex 9.12236 64.7275 2.5
      vertex 2.5 68 2.5
      vertex 9.21614 64.4832 2.5
    endloop
  endfacet
  facet normal 0 0 1
    outer loop
      vertex 9.82717 10.3579 2.5
      vertex 2.5 6 2.5
      vertex 9.64214 10.1728 2.5
    endloop
  endfacet
  facet normal -0 0 1
    outer loop
      vertex 2.5 68 2.5
      vertex 9.12236 64.7275 2.5
      vertex 6 68 2.5
    endloop
  endfacet
  facet normal 0 0 1
    outer loop
      vertex 9.47746 9.96946 2.5
      vertex 6 6 2.5
      vertex 9.33494 9.75 2.5
    endloop
  endfacet
  facet normal 0 0 1
    outer loop
      vertex 6 68 2.5
      vertex 9.12236 64.7275 2.5
      vertex 9.05463 64.9802 2.5
    endloop
  endfacet
  facet normal 0 0 1
    outer loop
      vertex 9.33494 9.75 2.5
      vertex 6 6 2.5
      vertex 9.21614 9.51684 2.5
    endloop
  endfacet
  facet normal 0 0 1
    outer loop
      vertex 6 68 2.5
      vertex 9.05463 64.9802 2.5
      vertex 9.0137 65.2387 2.5
    endloop
  endfacet
  facet normal 0 0 1
    outer loop
      vertex 9.21614 9.51684 2.5
      vertex 6 6 2.5
      vertex 9.12236 9.27254 2.5
    endloop
  endfacet
  facet normal 0 0 1
    outer loop
      vertex 6 68 2.5
      vertex 9.0137 65.2387 2.5
      vertex 9 65.5 2.5
    endloop
  endfacet
  facet normal 0 0 1
    outer loop
      vertex 9.12236 9.27254 2.5
      vertex 6 6 2.5
      vertex 9.05463 9.01978 2.5
    endloop
  endfacet
  facet normal 0 0 1
    outer loop
      vertex 107.5 6 2.5
      vertex 101 8.5 2.5
      vertex 104 6 2.5
    endloop
  endfacet
  facet normal 0 0 1
    outer loop
      vertex 107.5 6 2.5
      vertex 100.986 8.76132 2.5
      vertex 101 8.5 2.5
    endloop
  endfacet
  facet normal 0 0 1
    outer loop
      vertex 100.784 64.4832 2.5
      vertex 107.5 68 2.5
      vertex 100.878 64.7275 2.5
    endloop
  endfacet
  facet normal 0 0 1
    outer loop
      vertex 107.5 6 2.5
      vertex 100.945 9.01978 2.5
      vertex 100.986 8.76132 2.5
    endloop
  endfacet
  facet normal 0 0 1
    outer loop
      vertex 100.665 64.25 2.5
      vertex 107.5 68 2.5
      vertex 100.784 64.4832 2.5
    endloop
  endfacet
  facet normal 0 0 1
    outer loop
      vertex 107.5 6 2.5
      vertex 100.878 9.27254 2.5
      vertex 100.945 9.01978 2.5
    endloop
  endfacet
  facet normal 0 0 1
    outer loop
      vertex 100.523 64.0305 2.5
      vertex 107.5 68 2.5
      vertex 100.665 64.25 2.5
    endloop
  endfacet
  facet normal 0 0 1
    outer loop
      vertex 107.5 6 2.5
      vertex 100.784 9.51684 2.5
      vertex 100.878 9.27254 2.5
    endloop
  endfacet
  facet normal 0 0 1
    outer loop
      vertex 100.358 63.8272 2.5
      vertex 107.5 68 2.5
      vertex 100.523 64.0305 2.5
    endloop
  endfacet
  facet normal 0 0 1
    outer loop
      vertex 107.5 6 2.5
      vertex 100.665 9.75 2.5
      vertex 100.784 9.51684 2.5
    endloop
  endfacet
  facet normal 0 0 1
    outer loop
      vertex 100.173 63.6421 2.5
      vertex 107.5 68 2.5
      vertex 100.358 63.8272 2.5
    endloop
  endfacet
  facet normal 0 0 1
    outer loop
      vertex 107.5 6 2.5
      vertex 100.523 9.96946 2.5
      vertex 100.665 9.75 2.5
    endloop
  endfacet
  facet normal 0 0 1
    outer loop
      vertex 99.9695 63.4775 2.5
      vertex 107.5 68 2.5
      vertex 100.173 63.6421 2.5
    endloop
  endfacet
  facet normal 0 0 1
    outer loop
      vertex 107.5 6 2.5
      vertex 100.358 10.1728 2.5
      vertex 100.523 9.96946 2.5
    endloop
  endfacet
  facet normal 0 0 1
    outer loop
      vertex 107.5 68 2.5
      vertex 99.9695 63.4775 2.5
      vertex 107.5 6 2.5
    endloop
  endfacet
  facet normal 0 0 1
    outer loop
      vertex 107.5 6 2.5
      vertex 100.173 10.3579 2.5
      vertex 100.358 10.1728 2.5
    endloop
  endfacet
  facet normal -0 0 1
    outer loop
      vertex 99.9695 10.5225 2.5
      vertex 107.5 6 2.5
      vertex 99.9695 63.4775 2.5
    endloop
  endfacet
  facet normal 0 0 1
    outer loop
      vertex 107.5 6 2.5
      vertex 99.9695 10.5225 2.5
      vertex 100.173 10.3579 2.5
    endloop
  endfacet
  facet normal -0 0 1
    outer loop
      vertex 99.75 63.3349 2.5
      vertex 99.9695 10.5225 2.5
      vertex 99.9695 63.4775 2.5
    endloop
  endfacet
  facet normal 0 0 1
    outer loop
      vertex 99.75 63.3349 2.5
      vertex 99.75 10.6651 2.5
      vertex 99.9695 10.5225 2.5
    endloop
  endfacet
  facet normal -0 0 1
    outer loop
      vertex 99.5168 63.2161 2.5
      vertex 99.75 10.6651 2.5
      vertex 99.75 63.3349 2.5
    endloop
  endfacet
  facet normal 0 0 1
    outer loop
      vertex 99.5168 63.2161 2.5
      vertex 99.5168 10.7839 2.5
      vertex 99.75 10.6651 2.5
    endloop
  endfacet
  facet normal -0 0 1
    outer loop
      vertex 99.2725 63.1224 2.5
      vertex 99.5168 10.7839 2.5
      vertex 99.5168 63.2161 2.5
    endloop
  endfacet
  facet normal 0 0 1
    outer loop
      vertex 99.2725 63.1224 2.5
      vertex 99.2725 10.8776 2.5
      vertex 99.5168 10.7839 2.5
    endloop
  endfacet
  facet normal -0 0 1
    outer loop
      vertex 99.0198 63.0546 2.5
      vertex 99.2725 10.8776 2.5
      vertex 99.2725 63.1224 2.5
    endloop
  endfacet
  facet normal 0 0 1
    outer loop
      vertex 99.0198 63.0546 2.5
      vertex 99.0198 10.9454 2.5
      vertex 99.2725 10.8776 2.5
    endloop
  endfacet
  facet normal -0 0 1
    outer loop
      vertex 98.7613 63.0137 2.5
      vertex 99.0198 10.9454 2.5
      vertex 99.0198 63.0546 2.5
    endloop
  endfacet
  facet normal 0 0 1
    outer loop
      vertex 98.7613 63.0137 2.5
      vertex 98.7613 10.9863 2.5
      vertex 99.0198 10.9454 2.5
    endloop
  endfacet
  facet normal -0 0 1
    outer loop
      vertex 98.5 63 2.5
      vertex 98.7613 10.9863 2.5
      vertex 98.7613 63.0137 2.5
    endloop
  endfacet
  facet normal 0 0 1
    outer loop
      vertex 98.5 63 2.5
      vertex 98.5 11 2.5
      vertex 98.7613 10.9863 2.5
    endloop
  endfacet
  facet normal 0 0 1
    outer loop
      vertex 74 40 2.5
      vertex 98.5 63 2.5
      vertex 98.2387 63.0137 2.5
    endloop
  endfacet
  facet normal 0 0 1
    outer loop
      vertex 98.5 63 2.5
      vertex 73.9781 39.5819 2.5
      vertex 98.5 11 2.5
    endloop
  endfacet
  facet normal 0 0 1
    outer loop
      vertex 73.9781 40.4181 2.5
      vertex 98.2387 63.0137 2.5
      vertex 97.9802 63.0546 2.5
    endloop
  endfacet
  facet normal -0 0 1
    outer loop
      vertex 73.9126 39.1684 2.5
      vertex 98.5 11 2.5
      vertex 73.9781 39.5819 2.5
    endloop
  endfacet
  facet normal 0 0 1
    outer loop
      vertex 73.9126 40.8316 2.5
      vertex 97.9802 63.0546 2.5
      vertex 97.7275 63.1224 2.5
    endloop
  endfacet
  facet normal 0 0 1
    outer loop
      vertex 98.5 11 2.5
      vertex 73.9126 39.1684 2.5
      vertex 98.2387 10.9863 2.5
    endloop
  endfacet
  facet normal 0 0 1
    outer loop
      vertex 73.8042 41.2361 2.5
      vertex 97.7275 63.1224 2.5
      vertex 97.4832 63.2161 2.5
    endloop
  endfacet
  facet normal -0 0 1
    outer loop
      vertex 73.8042 38.7639 2.5
      vertex 98.2387 10.9863 2.5
      vertex 73.9126 39.1684 2.5
    endloop
  endfacet
  facet normal 0 0 1
    outer loop
      vertex 73.6542 41.6269 2.5
      vertex 97.4832 63.2161 2.5
      vertex 97.25 63.3349 2.5
    endloop
  endfacet
  facet normal 0 0 1
    outer loop
      vertex 98.2387 10.9863 2.5
      vertex 73.8042 38.7639 2.5
      vertex 97.9802 10.9454 2.5
    endloop
  endfacet
  facet normal 0 0 1
    outer loop
      vertex 73.4641 42 2.5
      vertex 97.25 63.3349 2.5
      vertex 97.0305 63.4775 2.5
    endloop
  endfacet
  facet normal -0 0 1
    outer loop
      vertex 73.6542 38.3731 2.5
      vertex 97.9802 10.9454 2.5
      vertex 73.8042 38.7639 2.5
    endloop
  endfacet
  facet normal 0 0 1
    outer loop
      vertex 73.4641 42 2.5
      vertex 97.0305 63.4775 2.5
      vertex 96.8272 63.6421 2.5
    endloop
  endfacet
  facet normal 0 0 1
    outer loop
      vertex 97.9802 10.9454 2.5
      vertex 73.6542 38.3731 2.5
      vertex 97.7275 10.8776 2.5
    endloop
  endfacet
  facet normal 0 0 1
    outer loop
      vertex 73.2361 42.3511 2.5
      vertex 96.8272 63.6421 2.5
      vertex 96.6421 63.8272 2.5
    endloop
  endfacet
  facet normal -0 0 1
    outer loop
      vertex 73.4641 38 2.5
      vertex 97.7275 10.8776 2.5
      vertex 73.6542 38.3731 2.5
    endloop
  endfacet
  facet normal 0 0 1
    outer loop
      vertex 72.9726 42.6765 2.5
      vertex 96.6421 63.8272 2.5
      vertex 96.4775 64.0305 2.5
    endloop
  endfacet
  facet normal 0 0 1
    outer loop
      vertex 97.7275 10.8776 2.5
      vertex 73.4641 38 2.5
      vertex 97.4832 10.7839 2.5
    endloop
  endfacet
  facet normal 0 0 1
    outer loop
      vertex 72.6765 42.9726 2.5
      vertex 96.4775 64.0305 2.5
      vertex 96.3349 64.25 2.5
    endloop
  endfacet
  facet normal -0 0 1
    outer loop
      vertex 73.2361 37.6489 2.5
      vertex 97.4832 10.7839 2.5
      vertex 73.4641 38 2.5
    endloop
  endfacet
  facet normal 0 0 1
    outer loop
      vertex 72.3511 43.2361 2.5
      vertex 96.3349 64.25 2.5
      vertex 96.2161 64.4832 2.5
    endloop
  endfacet
  facet normal 0 0 1
    outer loop
      vertex 97.4832 10.7839 2.5
      vertex 73.2361 37.6489 2.5
      vertex 97.25 10.6651 2.5
    endloop
  endfacet
  facet normal 0 0 1
    outer loop
      vertex 72 43.4641 2.5
      vertex 96.2161 64.4832 2.5
      vertex 96.1224 64.7275 2.5
    endloop
  endfacet
  facet normal 0 0 1
    outer loop
      vertex 97.25 10.6651 2.5
      vertex 73.2361 37.6489 2.5
      vertex 97.0305 10.5225 2.5
    endloop
  endfacet
  facet normal 0 0 1
    outer loop
      vertex 71.6269 43.6542 2.5
      vertex 96.1224 64.7275 2.5
      vertex 96.0546 64.9802 2.5
    endloop
  endfacet
  facet normal -0 0 1
    outer loop
      vertex 72.9726 37.3235 2.5
      vertex 97.0305 10.5225 2.5
      vertex 73.2361 37.6489 2.5
    endloop
  endfacet
  facet normal 0 0 1
    outer loop
      vertex 71.2361 43.8042 2.5
      vertex 96.0546 64.9802 2.5
      vertex 96.0137 65.2387 2.5
    endloop
  endfacet
  facet normal 0 0 1
    outer loop
      vertex 97.0305 10.5225 2.5
      vertex 72.9726 37.3235 2.5
      vertex 96.8272 10.3579 2.5
    endloop
  endfacet
  facet normal 0 0 1
    outer loop
      vertex 70.8316 43.9126 2.5
      vertex 96.0137 65.2387 2.5
      vertex 96 65.5 2.5
    endloop
  endfacet
  facet normal -0 0 1
    outer loop
      vertex 72.6765 37.0274 2.5
      vertex 96.8272 10.3579 2.5
      vertex 72.9726 37.3235 2.5
    endloop
  endfacet
  facet normal 0 0 1
    outer loop
      vertex 99.9695 67.5225 2.5
      vertex 104 68 2.5
      vertex 104 71.5 2.5
    endloop
  endfacet
  facet normal 0 0 1
    outer loop
      vertex 100.986 65.2387 2.5
      vertex 104 68 2.5
      vertex 101 65.5 2.5
    endloop
  endfacet
  facet normal -0 0 1
    outer loop
      vertex 104 68 2.5
      vertex 100.878 64.7275 2.5
      vertex 107.5 68 2.5
    endloop
  endfacet
  facet normal 0 0 1
    outer loop
      vertex 104 68 2.5
      vertex 100.986 65.7613 2.5
      vertex 101 65.5 2.5
    endloop
  endfacet
  facet normal 0 0 1
    outer loop
      vertex 104 68 2.5
      vertex 100.945 66.0198 2.5
      vertex 100.986 65.7613 2.5
    endloop
  endfacet
  facet normal 0 0 1
    outer loop
      vertex 104 68 2.5
      vertex 100.878 66.2725 2.5
      vertex 100.945 66.0198 2.5
    endloop
  endfacet
  facet normal 0 0 1
    outer loop
      vertex 104 68 2.5
      vertex 100.784 66.5168 2.5
      vertex 100.878 66.2725 2.5
    endloop
  endfacet
  facet normal 0 0 1
    outer loop
      vertex 104 68 2.5
      vertex 100.665 66.75 2.5
      vertex 100.784 66.5168 2.5
    endloop
  endfacet
  facet normal 0 0 1
    outer loop
      vertex 104 68 2.5
      vertex 100.523 66.9695 2.5
      vertex 100.665 66.75 2.5
    endloop
  endfacet
  facet normal 0 0 1
    outer loop
      vertex 104 68 2.5
      vertex 100.358 67.1728 2.5
      vertex 100.523 66.9695 2.5
    endloop
  endfacet
  facet normal 0 0 1
    outer loop
      vertex 104 68 2.5
      vertex 100.173 67.3579 2.5
      vertex 100.358 67.1728 2.5
    endloop
  endfacet
  facet normal 0 0 1
    outer loop
      vertex 104 68 2.5
      vertex 99.9695 67.5225 2.5
      vertex 100.173 67.3579 2.5
    endloop
  endfacet
  facet normal 0 0 1
    outer loop
      vertex 104 71.5 2.5
      vertex 99.75 67.6651 2.5
      vertex 99.9695 67.5225 2.5
    endloop
  endfacet
  facet normal 0 0 1
    outer loop
      vertex 104 71.5 2.5
      vertex 99.5168 67.7839 2.5
      vertex 99.75 67.6651 2.5
    endloop
  endfacet
  facet normal 0 0 1
    outer loop
      vertex 104 71.5 2.5
      vertex 99.2725 67.8776 2.5
      vertex 99.5168 67.7839 2.5
    endloop
  endfacet
  facet normal 0 0 1
    outer loop
      vertex 104 71.5 2.5
      vertex 99.0198 67.9454 2.5
      vertex 99.2725 67.8776 2.5
    endloop
  endfacet
  facet normal 0 0 1
    outer loop
      vertex 104 71.5 2.5
      vertex 98.7613 67.9863 2.5
      vertex 99.0198 67.9454 2.5
    endloop
  endfacet
  facet normal 0 0 1
    outer loop
      vertex 104 71.5 2.5
      vertex 98.5 68 2.5
      vertex 98.7613 67.9863 2.5
    endloop
  endfacet
  facet normal 0 0 1
    outer loop
      vertex 104 71.5 2.5
      vertex 98.2387 67.9863 2.5
      vertex 98.5 68 2.5
    endloop
  endfacet
  facet normal 0 0 1
    outer loop
      vertex 104 71.5 2.5
      vertex 97.9802 67.9454 2.5
      vertex 98.2387 67.9863 2.5
    endloop
  endfacet
  facet normal 0 0 1
    outer loop
      vertex 104 71.5 2.5
      vertex 97.7275 67.8776 2.5
      vertex 97.9802 67.9454 2.5
    endloop
  endfacet
  facet normal 0 0 1
    outer loop
      vertex 104 71.5 2.5
      vertex 97.4832 67.7839 2.5
      vertex 97.7275 67.8776 2.5
    endloop
  endfacet
  facet normal 0 0 1
    outer loop
      vertex 104 71.5 2.5
      vertex 97.25 67.6651 2.5
      vertex 97.4832 67.7839 2.5
    endloop
  endfacet
  facet normal 0 0 1
    outer loop
      vertex 98.5 63 2.5
      vertex 74 40 2.5
      vertex 73.9781 39.5819 2.5
    endloop
  endfacet
  facet normal 0 0 1
    outer loop
      vertex 70.4181 43.9781 2.5
      vertex 96 65.5 2.5
      vertex 96.0137 65.7613 2.5
    endloop
  endfacet
  facet normal 0 0 1
    outer loop
      vertex 70 44 2.5
      vertex 96.0137 65.7613 2.5
      vertex 96.0546 66.0198 2.5
    endloop
  endfacet
  facet normal 0 0 1
    outer loop
      vertex 69.5819 43.9781 2.5
      vertex 96.0546 66.0198 2.5
      vertex 96.1224 66.2725 2.5
    endloop
  endfacet
  facet normal 0 0 1
    outer loop
      vertex 69.1684 43.9126 2.5
      vertex 96.1224 66.2725 2.5
      vertex 96.2161 66.5168 2.5
    endloop
  endfacet
  facet normal 0 0 1
    outer loop
      vertex 32.3511 51.2361 2.5
      vertex 96.2161 66.5168 2.5
      vertex 96.3349 66.75 2.5
    endloop
  endfacet
  facet normal 0 0 1
    outer loop
      vertex 32 51.4641 2.5
      vertex 96.3349 66.75 2.5
      vertex 96.4775 66.9695 2.5
    endloop
  endfacet
  facet normal 0 0 1
    outer loop
      vertex 13.5225 66.9695 2.5
      vertex 96.4775 66.9695 2.5
      vertex 96.6421 67.1728 2.5
    endloop
  endfacet
  facet normal 0 0 1
    outer loop
      vertex 98.2387 63.0137 2.5
      vertex 73.9781 40.4181 2.5
      vertex 74 40 2.5
    endloop
  endfacet
  facet normal 0 0 1
    outer loop
      vertex 97.9802 63.0546 2.5
      vertex 73.9126 40.8316 2.5
      vertex 73.9781 40.4181 2.5
    endloop
  endfacet
  facet normal 0 0 1
    outer loop
      vertex 97.7275 63.1224 2.5
      vertex 73.8042 41.2361 2.5
      vertex 73.9126 40.8316 2.5
    endloop
  endfacet
  facet normal 0 0 1
    outer loop
      vertex 97.4832 63.2161 2.5
      vertex 73.6542 41.6269 2.5
      vertex 73.8042 41.2361 2.5
    endloop
  endfacet
  facet normal 0 0 1
    outer loop
      vertex 97.25 63.3349 2.5
      vertex 73.4641 42 2.5
      vertex 73.6542 41.6269 2.5
    endloop
  endfacet
  facet normal 0 0 1
    outer loop
      vertex 96.8272 63.6421 2.5
      vertex 73.2361 42.3511 2.5
      vertex 73.4641 42 2.5
    endloop
  endfacet
  facet normal 0 0 1
    outer loop
      vertex 96.6421 63.8272 2.5
      vertex 72.9726 42.6765 2.5
      vertex 73.2361 42.3511 2.5
    endloop
  endfacet
  facet normal 0 0 1
    outer loop
      vertex 96.4775 64.0305 2.5
      vertex 72.6765 42.9726 2.5
      vertex 72.9726 42.6765 2.5
    endloop
  endfacet
  facet normal 0 0 1
    outer loop
      vertex 96.3349 64.25 2.5
      vertex 72.3511 43.2361 2.5
      vertex 72.6765 42.9726 2.5
    endloop
  endfacet
  facet normal 0 0 1
    outer loop
      vertex 13.3579 67.1728 2.5
      vertex 96.6421 67.1728 2.5
      vertex 96.8272 67.3579 2.5
    endloop
  endfacet
  facet normal 0 0 1
    outer loop
      vertex 96.2161 64.4832 2.5
      vertex 72 43.4641 2.5
      vertex 72.3511 43.2361 2.5
    endloop
  endfacet
  facet normal 0 0 1
    outer loop
      vertex 96.1224 64.7275 2.5
      vertex 71.6269 43.6542 2.5
      vertex 72 43.4641 2.5
    endloop
  endfacet
  facet normal 0 0 1
    outer loop
      vertex 96.0546 64.9802 2.5
      vertex 71.2361 43.8042 2.5
      vertex 71.6269 43.6542 2.5
    endloop
  endfacet
  facet normal 0 0 1
    outer loop
      vertex 96.0137 65.2387 2.5
      vertex 70.8316 43.9126 2.5
      vertex 71.2361 43.8042 2.5
    endloop
  endfacet
  facet normal 0 0 1
    outer loop
      vertex 96 65.5 2.5
      vertex 70.4181 43.9781 2.5
      vertex 70.8316 43.9126 2.5
    endloop
  endfacet
  facet normal 0 0 1
    outer loop
      vertex 96.0137 65.7613 2.5
      vertex 70 44 2.5
      vertex 70.4181 43.9781 2.5
    endloop
  endfacet
  facet normal 0 0 1
    outer loop
      vertex 96.0546 66.0198 2.5
      vertex 69.5819 43.9781 2.5
      vertex 70 44 2.5
    endloop
  endfacet
  facet normal 0 0 1
    outer loop
      vertex 96.1224 66.2725 2.5
      vertex 69.1684 43.9126 2.5
      vertex 69.5819 43.9781 2.5
    endloop
  endfacet
  facet normal 0 0 1
    outer loop
      vertex 96.2161 66.5168 2.5
      vertex 68.7639 43.8042 2.5
      vertex 69.1684 43.9126 2.5
    endloop
  endfacet
  facet normal 0 0 1
    outer loop
      vertex 96.2161 66.5168 2.5
      vertex 32.3511 51.2361 2.5
      vertex 68.7639 43.8042 2.5
    endloop
  endfacet
  facet normal -0 -0 1
    outer loop
      vertex 32.6765 50.9726 2.5
      vertex 68.7639 43.8042 2.5
      vertex 32.3511 51.2361 2.5
    endloop
  endfacet
  facet normal 0 0 1
    outer loop
      vertex 68.7639 43.8042 2.5
      vertex 32.6765 50.9726 2.5
      vertex 68.3731 43.6542 2.5
    endloop
  endfacet
  facet normal -0 -0 1
    outer loop
      vertex 32.9726 50.6765 2.5
      vertex 68.3731 43.6542 2.5
      vertex 32.6765 50.9726 2.5
    endloop
  endfacet
  facet normal 0 0 1
    outer loop
      vertex 46.6269 28.6542 2.5
      vertex 66 40 2.5
      vertex 66.0219 40.4181 2.5
    endloop
  endfacet
  facet normal 0 0 1
    outer loop
      vertex 46.2361 28.8042 2.5
      vertex 66.0219 40.4181 2.5
      vertex 66.0874 40.8316 2.5
    endloop
  endfacet
  facet normal 0 0 1
    outer loop
      vertex 33.9781 47.5819 2.5
      vertex 66.0874 40.8316 2.5
      vertex 66.1958 41.2361 2.5
    endloop
  endfacet
  facet normal 0 0 1
    outer loop
      vertex 34 48 2.5
      vertex 66.1958 41.2361 2.5
      vertex 66.3458 41.6269 2.5
    endloop
  endfacet
  facet normal 0 0 1
    outer loop
      vertex 33.9781 48.4181 2.5
      vertex 66.3458 41.6269 2.5
      vertex 66.5359 42 2.5
    endloop
  endfacet
  facet normal 0 0 1
    outer loop
      vertex 33.9126 48.8316 2.5
      vertex 66.5359 42 2.5
      vertex 66.7639 42.3511 2.5
    endloop
  endfacet
  facet normal 0 0 1
    outer loop
      vertex 33.8042 49.2361 2.5
      vertex 66.7639 42.3511 2.5
      vertex 67.0274 42.6765 2.5
    endloop
  endfacet
  facet normal 0 0 1
    outer loop
      vertex 33.6542 49.6269 2.5
      vertex 67.0274 42.6765 2.5
      vertex 67.3235 42.9726 2.5
    endloop
  endfacet
  facet normal 0 0 1
    outer loop
      vertex 66 40 2.5
      vertex 48.9781 25.4181 2.5
      vertex 49 25 2.5
    endloop
  endfacet
  facet normal 0 0 1
    outer loop
      vertex 66 40 2.5
      vertex 48.9126 25.8316 2.5
      vertex 48.9781 25.4181 2.5
    endloop
  endfacet
  facet normal 0 0 1
    outer loop
      vertex 66 40 2.5
      vertex 48.8042 26.2361 2.5
      vertex 48.9126 25.8316 2.5
    endloop
  endfacet
  facet normal 0 0 1
    outer loop
      vertex 66 40 2.5
      vertex 48.6542 26.6269 2.5
      vertex 48.8042 26.2361 2.5
    endloop
  endfacet
  facet normal 0 0 1
    outer loop
      vertex 66 40 2.5
      vertex 48.4641 27 2.5
      vertex 48.6542 26.6269 2.5
    endloop
  endfacet
  facet normal 0 0 1
    outer loop
      vertex 66 40 2.5
      vertex 48.2361 27.3511 2.5
      vertex 48.4641 27 2.5
    endloop
  endfacet
  facet normal -0 -0 1
    outer loop
      vertex 33.2361 50.3511 2.5
      vertex 68 43.4641 2.5
      vertex 32.9726 50.6765 2.5
    endloop
  endfacet
  facet normal 0 0 1
    outer loop
      vertex 66 40 2.5
      vertex 47.9726 27.6765 2.5
      vertex 48.2361 27.3511 2.5
    endloop
  endfacet
  facet normal 0 0 1
    outer loop
      vertex 66 40 2.5
      vertex 47.6765 27.9726 2.5
      vertex 47.9726 27.6765 2.5
    endloop
  endfacet
  facet normal 0 0 1
    outer loop
      vertex 13.1728 67.3579 2.5
      vertex 96.8272 67.3579 2.5
      vertex 97.0305 67.5225 2.5
    endloop
  endfacet
  facet normal 0 0 1
    outer loop
      vertex 66 40 2.5
      vertex 47.3511 28.2361 2.5
      vertex 47.6765 27.9726 2.5
    endloop
  endfacet
  facet normal 0 0 1
    outer loop
      vertex 66.5359 42 2.5
      vertex 33.9126 48.8316 2.5
      vertex 33.9781 48.4181 2.5
    endloop
  endfacet
  facet normal 0 0 1
    outer loop
      vertex 66 40 2.5
      vertex 47 28.4641 2.5
      vertex 47.3511 28.2361 2.5
    endloop
  endfacet
  facet normal 0 0 1
    outer loop
      vertex 66.3458 41.6269 2.5
      vertex 33.9781 48.4181 2.5
      vertex 34 48 2.5
    endloop
  endfacet
  facet normal 0 0 1
    outer loop
      vertex 66 40 2.5
      vertex 46.6269 28.6542 2.5
      vertex 47 28.4641 2.5
    endloop
  endfacet
  facet normal 0 0 1
    outer loop
      vertex 66.1958 41.2361 2.5
      vertex 34 48 2.5
      vertex 33.9781 47.5819 2.5
    endloop
  endfacet
  facet normal 0 0 1
    outer loop
      vertex 66.0219 40.4181 2.5
      vertex 46.2361 28.8042 2.5
      vertex 46.6269 28.6542 2.5
    endloop
  endfacet
  facet normal 0 0 1
    outer loop
      vertex 46.2361 28.8042 2.5
      vertex 33.9781 47.5819 2.5
      vertex 45.8316 28.9126 2.5
    endloop
  endfacet
  facet normal -0 0 1
    outer loop
      vertex 33.9126 47.1684 2.5
      vertex 45.8316 28.9126 2.5
      vertex 33.9781 47.5819 2.5
    endloop
  endfacet
  facet normal 0 0 1
    outer loop
      vertex 45.8316 28.9126 2.5
      vertex 33.9126 47.1684 2.5
      vertex 45.4181 28.9781 2.5
    endloop
  endfacet
  facet normal -0 0 1
    outer loop
      vertex 33.8042 46.7639 2.5
      vertex 45.4181 28.9781 2.5
      vertex 33.9126 47.1684 2.5
    endloop
  endfacet
  facet normal 0 0 1
    outer loop
      vertex 45.4181 28.9781 2.5
      vertex 33.8042 46.7639 2.5
      vertex 45 29 2.5
    endloop
  endfacet
  facet normal -0 0 1
    outer loop
      vertex 33.6542 46.3731 2.5
      vertex 45 29 2.5
      vertex 33.8042 46.7639 2.5
    endloop
  endfacet
  facet normal 0 0 1
    outer loop
      vertex 41.0219 25.4181 2.5
      vertex 39 25 2.5
      vertex 41 25 2.5
    endloop
  endfacet
  facet normal 0 0 1
    outer loop
      vertex 38.9781 25.4181 2.5
      vertex 41.0219 25.4181 2.5
      vertex 41.0874 25.8316 2.5
    endloop
  endfacet
  facet normal 0 0 1
    outer loop
      vertex 38.9126 25.8316 2.5
      vertex 41.0874 25.8316 2.5
      vertex 41.1958 26.2361 2.5
    endloop
  endfacet
  facet normal 0 0 1
    outer loop
      vertex 38.8042 26.2361 2.5
      vertex 41.1958 26.2361 2.5
      vertex 41.3458 26.6269 2.5
    endloop
  endfacet
  facet normal 0 0 1
    outer loop
      vertex 38.6542 26.6269 2.5
      vertex 41.3458 26.6269 2.5
      vertex 41.5359 27 2.5
    endloop
  endfacet
  facet normal 0 0 1
    outer loop
      vertex 38.4641 27 2.5
      vertex 41.5359 27 2.5
      vertex 41.7639 27.3511 2.5
    endloop
  endfacet
  facet normal 0 0 1
    outer loop
      vertex 38.2361 27.3511 2.5
      vertex 41.7639 27.3511 2.5
      vertex 42.0274 27.6765 2.5
    endloop
  endfacet
  facet normal 0 0 1
    outer loop
      vertex 37.9726 27.6765 2.5
      vertex 42.0274 27.6765 2.5
      vertex 42.3235 27.9726 2.5
    endloop
  endfacet
  facet normal 0 0 1
    outer loop
      vertex 41.0219 25.4181 2.5
      vertex 38.9781 25.4181 2.5
      vertex 39 25 2.5
    endloop
  endfacet
  facet normal 0 0 1
    outer loop
      vertex 37.6765 27.9726 2.5
      vertex 42.3235 27.9726 2.5
      vertex 42.6489 28.2361 2.5
    endloop
  endfacet
  facet normal 0 0 1
    outer loop
      vertex 41.0874 25.8316 2.5
      vertex 38.9126 25.8316 2.5
      vertex 38.9781 25.4181 2.5
    endloop
  endfacet
  facet normal 0 0 1
    outer loop
      vertex 45 29 2.5
      vertex 33.6542 46.3731 2.5
      vertex 44.5819 28.9781 2.5
    endloop
  endfacet
  facet normal 0 0 1
    outer loop
      vertex 41.1958 26.2361 2.5
      vertex 38.8042 26.2361 2.5
      vertex 38.9126 25.8316 2.5
    endloop
  endfacet
  facet normal 0 0 1
    outer loop
      vertex 41.3458 26.6269 2.5
      vertex 38.6542 26.6269 2.5
      vertex 38.8042 26.2361 2.5
    endloop
  endfacet
  facet normal 0 0 1
    outer loop
      vertex 41.5359 27 2.5
      vertex 38.4641 27 2.5
      vertex 38.6542 26.6269 2.5
    endloop
  endfacet
  facet normal -0 0 1
    outer loop
      vertex 33.2361 45.6489 2.5
      vertex 44.1684 28.9126 2.5
      vertex 33.4641 46 2.5
    endloop
  endfacet
  facet normal 0 0 1
    outer loop
      vertex 41.7639 27.3511 2.5
      vertex 38.2361 27.3511 2.5
      vertex 38.4641 27 2.5
    endloop
  endfacet
  facet normal 0 0 1
    outer loop
      vertex 44.1684 28.9126 2.5
      vertex 33.2361 45.6489 2.5
      vertex 43.7639 28.8042 2.5
    endloop
  endfacet
  facet normal 0 0 1
    outer loop
      vertex 42.0274 27.6765 2.5
      vertex 37.9726 27.6765 2.5
      vertex 38.2361 27.3511 2.5
    endloop
  endfacet
  facet normal -0 0 1
    outer loop
      vertex 32.9726 45.3235 2.5
      vertex 43.7639 28.8042 2.5
      vertex 33.2361 45.6489 2.5
    endloop
  endfacet
  facet normal 0 0 1
    outer loop
      vertex 42.3235 27.9726 2.5
      vertex 37.6765 27.9726 2.5
      vertex 37.9726 27.6765 2.5
    endloop
  endfacet
  facet normal 0 0 1
    outer loop
      vertex 12.9695 67.5225 2.5
      vertex 97.0305 67.5225 2.5
      vertex 97.25 67.6651 2.5
    endloop
  endfacet
  facet normal 0 0 1
    outer loop
      vertex 43.7639 28.8042 2.5
      vertex 32.9726 45.3235 2.5
      vertex 43.3731 28.6542 2.5
    endloop
  endfacet
  facet normal 0 0 1
    outer loop
      vertex 42.6489 28.2361 2.5
      vertex 37.3511 28.2361 2.5
      vertex 37.6765 27.9726 2.5
    endloop
  endfacet
  facet normal 0 0 1
    outer loop
      vertex 42.6489 28.2361 2.5
      vertex 37 28.4641 2.5
      vertex 37.3511 28.2361 2.5
    endloop
  endfacet
  facet normal 0 0 1
    outer loop
      vertex 43.3731 28.6542 2.5
      vertex 36.6269 28.6542 2.5
      vertex 43 28.4641 2.5
    endloop
  endfacet
  facet normal 0 0 1
    outer loop
      vertex 43 28.4641 2.5
      vertex 37 28.4641 2.5
      vertex 42.6489 28.2361 2.5
    endloop
  endfacet
  facet normal 0 -0 1
    outer loop
      vertex 37 28.4641 2.5
      vertex 43 28.4641 2.5
      vertex 36.6269 28.6542 2.5
    endloop
  endfacet
  facet normal 0 0 1
    outer loop
      vertex 44.5819 28.9781 2.5
      vertex 33.4641 46 2.5
      vertex 44.1684 28.9126 2.5
    endloop
  endfacet
  facet normal 0 0 1
    outer loop
      vertex 12.75 67.6651 2.5
      vertex 97.25 67.6651 2.5
      vertex 104 71.5 2.5
    endloop
  endfacet
  facet normal -0 0 1
    outer loop
      vertex 33.4641 46 2.5
      vertex 44.5819 28.9781 2.5
      vertex 33.6542 46.3731 2.5
    endloop
  endfacet
  facet normal 0 0 1
    outer loop
      vertex 66.0874 40.8316 2.5
      vertex 33.9781 47.5819 2.5
      vertex 46.2361 28.8042 2.5
    endloop
  endfacet
  facet normal 0 0 1
    outer loop
      vertex 66.7639 42.3511 2.5
      vertex 33.8042 49.2361 2.5
      vertex 33.9126 48.8316 2.5
    endloop
  endfacet
  facet normal 0 0 1
    outer loop
      vertex 67.0274 42.6765 2.5
      vertex 33.6542 49.6269 2.5
      vertex 33.8042 49.2361 2.5
    endloop
  endfacet
  facet normal 0 0 1
    outer loop
      vertex 67.3235 42.9726 2.5
      vertex 33.4641 50 2.5
      vertex 33.6542 49.6269 2.5
    endloop
  endfacet
  facet normal 0 0 1
    outer loop
      vertex 67.6489 43.2361 2.5
      vertex 33.4641 50 2.5
      vertex 67.3235 42.9726 2.5
    endloop
  endfacet
  facet normal -0 -0 1
    outer loop
      vertex 33.4641 50 2.5
      vertex 67.6489 43.2361 2.5
      vertex 33.2361 50.3511 2.5
    endloop
  endfacet
  facet normal 0 0 1
    outer loop
      vertex 68 43.4641 2.5
      vertex 33.2361 50.3511 2.5
      vertex 67.6489 43.2361 2.5
    endloop
  endfacet
  facet normal 0 0 1
    outer loop
      vertex 68.3731 43.6542 2.5
      vertex 32.9726 50.6765 2.5
      vertex 68 43.4641 2.5
    endloop
  endfacet
  facet normal 0 0 1
    outer loop
      vertex 96.3349 66.75 2.5
      vertex 32 51.4641 2.5
      vertex 32.3511 51.2361 2.5
    endloop
  endfacet
  facet normal 0 0 1
    outer loop
      vertex 96.4775 66.9695 2.5
      vertex 31.6269 51.6542 2.5
      vertex 32 51.4641 2.5
    endloop
  endfacet
  facet normal 0 0 1
    outer loop
      vertex 96.4775 66.9695 2.5
      vertex 13.5225 66.9695 2.5
      vertex 31.6269 51.6542 2.5
    endloop
  endfacet
  facet normal -0 -0 1
    outer loop
      vertex 13.6651 66.75 2.5
      vertex 31.6269 51.6542 2.5
      vertex 13.5225 66.9695 2.5
    endloop
  endfacet
  facet normal 0 0 1
    outer loop
      vertex 31.6269 51.6542 2.5
      vertex 13.6651 66.75 2.5
      vertex 31.2361 51.8042 2.5
    endloop
  endfacet
  facet normal -0 -0 1
    outer loop
      vertex 13.7839 66.5168 2.5
      vertex 31.2361 51.8042 2.5
      vertex 13.6651 66.75 2.5
    endloop
  endfacet
  facet normal 0 0 1
    outer loop
      vertex 31.2361 51.8042 2.5
      vertex 13.7839 66.5168 2.5
      vertex 30.8316 51.9126 2.5
    endloop
  endfacet
  facet normal -0 -0 1
    outer loop
      vertex 13.8776 66.2725 2.5
      vertex 30.8316 51.9126 2.5
      vertex 13.7839 66.5168 2.5
    endloop
  endfacet
  facet normal 0 0 1
    outer loop
      vertex 27.3235 50.9726 2.5
      vertex 13.3579 63.8272 2.5
      vertex 27.0274 50.6765 2.5
    endloop
  endfacet
  facet normal -0 0 1
    outer loop
      vertex 13.3579 63.8272 2.5
      vertex 27.3235 50.9726 2.5
      vertex 13.5225 64.0305 2.5
    endloop
  endfacet
  facet normal 0 0 1
    outer loop
      vertex 27.6489 51.2361 2.5
      vertex 13.5225 64.0305 2.5
      vertex 27.3235 50.9726 2.5
    endloop
  endfacet
  facet normal -0 0 1
    outer loop
      vertex 13.5225 64.0305 2.5
      vertex 27.6489 51.2361 2.5
      vertex 13.6651 64.25 2.5
    endloop
  endfacet
  facet normal 0 0 1
    outer loop
      vertex 28 51.4641 2.5
      vertex 13.6651 64.25 2.5
      vertex 27.6489 51.2361 2.5
    endloop
  endfacet
  facet normal -0 0 1
    outer loop
      vertex 13.6651 64.25 2.5
      vertex 28 51.4641 2.5
      vertex 13.7839 64.4832 2.5
    endloop
  endfacet
  facet normal -0 0 1
    outer loop
      vertex 13.7839 64.4832 2.5
      vertex 28 51.4641 2.5
      vertex 13.8776 64.7275 2.5
    endloop
  endfacet
  facet normal 0 0 1
    outer loop
      vertex 28.3731 51.6542 2.5
      vertex 13.8776 64.7275 2.5
      vertex 28 51.4641 2.5
    endloop
  endfacet
  facet normal -0 0 1
    outer loop
      vertex 13.8776 64.7275 2.5
      vertex 28.3731 51.6542 2.5
      vertex 13.9454 64.9802 2.5
    endloop
  endfacet
  facet normal 0 0 1
    outer loop
      vertex 28.7639 51.8042 2.5
      vertex 13.9454 64.9802 2.5
      vertex 28.3731 51.6542 2.5
    endloop
  endfacet
  facet normal -0 0 1
    outer loop
      vertex 13.9454 64.9802 2.5
      vertex 28.7639 51.8042 2.5
      vertex 13.9863 65.2387 2.5
    endloop
  endfacet
  facet normal 0 0 1
    outer loop
      vertex 29.1684 51.9126 2.5
      vertex 13.9863 65.2387 2.5
      vertex 28.7639 51.8042 2.5
    endloop
  endfacet
  facet normal -0 0 1
    outer loop
      vertex 13.9863 65.2387 2.5
      vertex 29.1684 51.9126 2.5
      vertex 14 65.5 2.5
    endloop
  endfacet
  facet normal 0 0 1
    outer loop
      vertex 30.8316 51.9126 2.5
      vertex 13.8776 66.2725 2.5
      vertex 30.4181 51.9781 2.5
    endloop
  endfacet
  facet normal 0 0 1
    outer loop
      vertex 29.5819 51.9781 2.5
      vertex 14 65.5 2.5
      vertex 29.1684 51.9126 2.5
    endloop
  endfacet
  facet normal -0 -0 1
    outer loop
      vertex 14 65.5 2.5
      vertex 29.5819 51.9781 2.5
      vertex 13.9863 65.7613 2.5
    endloop
  endfacet
  facet normal 0 0 1
    outer loop
      vertex 30 52 2.5
      vertex 13.9863 65.7613 2.5
      vertex 29.5819 51.9781 2.5
    endloop
  endfacet
  facet normal -0 -0 1
    outer loop
      vertex 13.9863 65.7613 2.5
      vertex 30 52 2.5
      vertex 13.9454 66.0198 2.5
    endloop
  endfacet
  facet normal 0 0 1
    outer loop
      vertex 30.4181 51.9781 2.5
      vertex 13.9454 66.0198 2.5
      vertex 30 52 2.5
    endloop
  endfacet
  facet normal -0 -0 1
    outer loop
      vertex 13.9454 66.0198 2.5
      vertex 30.4181 51.9781 2.5
      vertex 13.8776 66.2725 2.5
    endloop
  endfacet
  facet normal 0 0 1
    outer loop
      vertex 96.6421 67.1728 2.5
      vertex 13.3579 67.1728 2.5
      vertex 13.5225 66.9695 2.5
    endloop
  endfacet
  facet normal 0 0 1
    outer loop
      vertex 96.8272 67.3579 2.5
      vertex 13.1728 67.3579 2.5
      vertex 13.3579 67.1728 2.5
    endloop
  endfacet
  facet normal 0 0 1
    outer loop
      vertex 97.0305 67.5225 2.5
      vertex 12.9695 67.5225 2.5
      vertex 13.1728 67.3579 2.5
    endloop
  endfacet
  facet normal 0 0 1
    outer loop
      vertex 97.25 67.6651 2.5
      vertex 12.75 67.6651 2.5
      vertex 12.9695 67.5225 2.5
    endloop
  endfacet
  facet normal 0 0 1
    outer loop
      vertex 104 71.5 2.5
      vertex 12.5168 67.7839 2.5
      vertex 12.75 67.6651 2.5
    endloop
  endfacet
  facet normal -0 0 1
    outer loop
      vertex 6 71.5 2.5
      vertex 12.5168 67.7839 2.5
      vertex 104 71.5 2.5
    endloop
  endfacet
  facet normal 0 0 1
    outer loop
      vertex 12.5168 67.7839 2.5
      vertex 6 71.5 2.5
      vertex 12.2725 67.8776 2.5
    endloop
  endfacet
  facet normal 0 0 1
    outer loop
      vertex 12.2725 67.8776 2.5
      vertex 6 71.5 2.5
      vertex 12.0198 67.9454 2.5
    endloop
  endfacet
  facet normal 0 0 1
    outer loop
      vertex 12.0198 67.9454 2.5
      vertex 6 71.5 2.5
      vertex 11.7613 67.9863 2.5
    endloop
  endfacet
  facet normal 0 0 1
    outer loop
      vertex 9.0137 65.7613 2.5
      vertex 6 68 2.5
      vertex 9 65.5 2.5
    endloop
  endfacet
  facet normal 0 0 1
    outer loop
      vertex 9.05463 66.0198 2.5
      vertex 6 68 2.5
      vertex 9.0137 65.7613 2.5
    endloop
  endfacet
  facet normal 0 0 1
    outer loop
      vertex 9.12236 66.2725 2.5
      vertex 6 68 2.5
      vertex 9.05463 66.0198 2.5
    endloop
  endfacet
  facet normal 0 0 1
    outer loop
      vertex 9.21614 66.5168 2.5
      vertex 6 68 2.5
      vertex 9.12236 66.2725 2.5
    endloop
  endfacet
  facet normal 0 0 1
    outer loop
      vertex 9.33494 66.75 2.5
      vertex 6 68 2.5
      vertex 9.21614 66.5168 2.5
    endloop
  endfacet
  facet normal 0 0 1
    outer loop
      vertex 9.47746 66.9695 2.5
      vertex 6 68 2.5
      vertex 9.33494 66.75 2.5
    endloop
  endfacet
  facet normal 0 0 1
    outer loop
      vertex 9.64214 67.1728 2.5
      vertex 6 68 2.5
      vertex 9.47746 66.9695 2.5
    endloop
  endfacet
  facet normal 0 0 1
    outer loop
      vertex 9.82717 67.3579 2.5
      vertex 6 68 2.5
      vertex 9.64214 67.1728 2.5
    endloop
  endfacet
  facet normal 0 0 1
    outer loop
      vertex 10.0305 67.5225 2.5
      vertex 6 68 2.5
      vertex 9.82717 67.3579 2.5
    endloop
  endfacet
  facet normal -0 0 1
    outer loop
      vertex 6 68 2.5
      vertex 10.0305 67.5225 2.5
      vertex 6 71.5 2.5
    endloop
  endfacet
  facet normal 0 0 1
    outer loop
      vertex 10.25 67.6651 2.5
      vertex 6 71.5 2.5
      vertex 10.0305 67.5225 2.5
    endloop
  endfacet
  facet normal 0 0 1
    outer loop
      vertex 10.4832 67.7839 2.5
      vertex 6 71.5 2.5
      vertex 10.25 67.6651 2.5
    endloop
  endfacet
  facet normal 0 0 1
    outer loop
      vertex 10.7275 67.8776 2.5
      vertex 6 71.5 2.5
      vertex 10.4832 67.7839 2.5
    endloop
  endfacet
  facet normal 0 0 1
    outer loop
      vertex 10.9802 67.9454 2.5
      vertex 6 71.5 2.5
      vertex 10.7275 67.8776 2.5
    endloop
  endfacet
  facet normal 0 0 1
    outer loop
      vertex 11.2387 67.9863 2.5
      vertex 6 71.5 2.5
      vertex 10.9802 67.9454 2.5
    endloop
  endfacet
  facet normal 0 0 1
    outer loop
      vertex 11.5 68 2.5
      vertex 6 71.5 2.5
      vertex 11.2387 67.9863 2.5
    endloop
  endfacet
  facet normal 0 0 1
    outer loop
      vertex 11.7613 67.9863 2.5
      vertex 6 71.5 2.5
      vertex 11.5 68 2.5
    endloop
  endfacet
  facet normal 0 0 1
    outer loop
      vertex 100.945 64.9802 2.5
      vertex 104 68 2.5
      vertex 100.986 65.2387 2.5
    endloop
  endfacet
  facet normal 0 0 1
    outer loop
      vertex 100.878 64.7275 2.5
      vertex 104 68 2.5
      vertex 100.945 64.9802 2.5
    endloop
  endfacet
  facet normal -0 0 1
    outer loop
      vertex 100.986 8.23868 2.5
      vertex 104 6 2.5
      vertex 101 8.5 2.5
    endloop
  endfacet
  facet normal -0 0 1
    outer loop
      vertex 100.945 7.98022 2.5
      vertex 104 6 2.5
      vertex 100.986 8.23868 2.5
    endloop
  endfacet
  facet normal -0 0 1
    outer loop
      vertex 100.878 7.72746 2.5
      vertex 104 6 2.5
      vertex 100.945 7.98022 2.5
    endloop
  endfacet
  facet normal -0 0 1
    outer loop
      vertex 100.784 7.48316 2.5
      vertex 104 6 2.5
      vertex 100.878 7.72746 2.5
    endloop
  endfacet
  facet normal -0 0 1
    outer loop
      vertex 100.665 7.25 2.5
      vertex 104 6 2.5
      vertex 100.784 7.48316 2.5
    endloop
  endfacet
  facet normal -0 0 1
    outer loop
      vertex 100.523 7.03054 2.5
      vertex 104 6 2.5
      vertex 100.665 7.25 2.5
    endloop
  endfacet
  facet normal -0 0 1
    outer loop
      vertex 100.358 6.82717 2.5
      vertex 104 6 2.5
      vertex 100.523 7.03054 2.5
    endloop
  endfacet
  facet normal -0 0 1
    outer loop
      vertex 100.173 6.64214 2.5
      vertex 104 6 2.5
      vertex 100.358 6.82717 2.5
    endloop
  endfacet
  facet normal -0 0 1
    outer loop
      vertex 99.9695 6.47746 2.5
      vertex 104 6 2.5
      vertex 100.173 6.64214 2.5
    endloop
  endfacet
  facet normal 0 0 1
    outer loop
      vertex 104 6 2.5
      vertex 99.9695 6.47746 2.5
      vertex 104 2.5 2.5
    endloop
  endfacet
  facet normal -0 0 1
    outer loop
      vertex 99.75 6.33494 2.5
      vertex 104 2.5 2.5
      vertex 99.9695 6.47746 2.5
    endloop
  endfacet
  facet normal -0 0 1
    outer loop
      vertex 99.5168 6.21614 2.5
      vertex 104 2.5 2.5
      vertex 99.75 6.33494 2.5
    endloop
  endfacet
  facet normal -0 0 1
    outer loop
      vertex 99.2725 6.12236 2.5
      vertex 104 2.5 2.5
      vertex 99.5168 6.21614 2.5
    endloop
  endfacet
  facet normal -0 0 1
    outer loop
      vertex 99.0198 6.05463 2.5
      vertex 104 2.5 2.5
      vertex 99.2725 6.12236 2.5
    endloop
  endfacet
  facet normal -0 0 1
    outer loop
      vertex 98.7613 6.0137 2.5
      vertex 104 2.5 2.5
      vertex 99.0198 6.05463 2.5
    endloop
  endfacet
  facet normal -0 0 1
    outer loop
      vertex 98.5 6 2.5
      vertex 104 2.5 2.5
      vertex 98.7613 6.0137 2.5
    endloop
  endfacet
  facet normal 0 0 1
    outer loop
      vertex 98.2387 6.0137 2.5
      vertex 104 2.5 2.5
      vertex 98.5 6 2.5
    endloop
  endfacet
  facet normal 0 0 1
    outer loop
      vertex 97.9802 6.05463 2.5
      vertex 104 2.5 2.5
      vertex 98.2387 6.0137 2.5
    endloop
  endfacet
  facet normal 0 0 1
    outer loop
      vertex 97.7275 6.12236 2.5
      vertex 104 2.5 2.5
      vertex 97.9802 6.05463 2.5
    endloop
  endfacet
  facet normal 0 0 1
    outer loop
      vertex 97.4832 6.21614 2.5
      vertex 104 2.5 2.5
      vertex 97.7275 6.12236 2.5
    endloop
  endfacet
  facet normal 0 0 1
    outer loop
      vertex 97.25 6.33494 2.5
      vertex 104 2.5 2.5
      vertex 97.4832 6.21614 2.5
    endloop
  endfacet
  facet normal 0 0 1
    outer loop
      vertex 96.8272 10.3579 2.5
      vertex 72.6765 37.0274 2.5
      vertex 96.6421 10.1728 2.5
    endloop
  endfacet
  facet normal -0 0 1
    outer loop
      vertex 72.3511 36.7639 2.5
      vertex 96.6421 10.1728 2.5
      vertex 72.6765 37.0274 2.5
    endloop
  endfacet
  facet normal 0 0 1
    outer loop
      vertex 96.6421 10.1728 2.5
      vertex 72.3511 36.7639 2.5
      vertex 96.4775 9.96946 2.5
    endloop
  endfacet
  facet normal -0 0 1
    outer loop
      vertex 72 36.5359 2.5
      vertex 96.4775 9.96946 2.5
      vertex 72.3511 36.7639 2.5
    endloop
  endfacet
  facet normal 0 0 1
    outer loop
      vertex 96.4775 9.96946 2.5
      vertex 72 36.5359 2.5
      vertex 96.3349 9.75 2.5
    endloop
  endfacet
  facet normal -0 0 1
    outer loop
      vertex 71.6269 36.3458 2.5
      vertex 96.3349 9.75 2.5
      vertex 72 36.5359 2.5
    endloop
  endfacet
  facet normal 0 0 1
    outer loop
      vertex 96.3349 9.75 2.5
      vertex 71.6269 36.3458 2.5
      vertex 96.2161 9.51684 2.5
    endloop
  endfacet
  facet normal -0 0 1
    outer loop
      vertex 71.2361 36.1958 2.5
      vertex 96.2161 9.51684 2.5
      vertex 71.6269 36.3458 2.5
    endloop
  endfacet
  facet normal 0 0 1
    outer loop
      vertex 96.2161 9.51684 2.5
      vertex 71.2361 36.1958 2.5
      vertex 96.1224 9.27254 2.5
    endloop
  endfacet
  facet normal -0 0 1
    outer loop
      vertex 70.8316 36.0874 2.5
      vertex 96.1224 9.27254 2.5
      vertex 71.2361 36.1958 2.5
    endloop
  endfacet
  facet normal 0 0 1
    outer loop
      vertex 96.1224 9.27254 2.5
      vertex 70.8316 36.0874 2.5
      vertex 96.0546 9.01978 2.5
    endloop
  endfacet
  facet normal -0 0 1
    outer loop
      vertex 70.4181 36.0219 2.5
      vertex 96.0546 9.01978 2.5
      vertex 70.8316 36.0874 2.5
    endloop
  endfacet
  facet normal 0 0 1
    outer loop
      vertex 96.0546 9.01978 2.5
      vertex 70.4181 36.0219 2.5
      vertex 96.0137 8.76132 2.5
    endloop
  endfacet
  facet normal -0 0 1
    outer loop
      vertex 70 36 2.5
      vertex 96.0137 8.76132 2.5
      vertex 70.4181 36.0219 2.5
    endloop
  endfacet
  facet normal -0 0 1
    outer loop
      vertex 48.4641 23 2.5
      vertex 96.0137 8.76132 2.5
      vertex 70 36 2.5
    endloop
  endfacet
  facet normal 0 0 1
    outer loop
      vertex 96.0137 8.76132 2.5
      vertex 48.4641 23 2.5
      vertex 96 8.5 2.5
    endloop
  endfacet
  facet normal -0 0 1
    outer loop
      vertex 48.2361 22.6489 2.5
      vertex 96 8.5 2.5
      vertex 48.4641 23 2.5
    endloop
  endfacet
  facet normal 0 0 1
    outer loop
      vertex 96 8.5 2.5
      vertex 48.2361 22.6489 2.5
      vertex 96.0137 8.23868 2.5
    endloop
  endfacet
  facet normal -0 0 1
    outer loop
      vertex 47.9726 22.3235 2.5
      vertex 96.0137 8.23868 2.5
      vertex 48.2361 22.6489 2.5
    endloop
  endfacet
  facet normal 0 0 1
    outer loop
      vertex 96.0137 8.23868 2.5
      vertex 47.9726 22.3235 2.5
      vertex 96.0546 7.98022 2.5
    endloop
  endfacet
  facet normal -0 0 1
    outer loop
      vertex 47.6765 22.0274 2.5
      vertex 96.0546 7.98022 2.5
      vertex 47.9726 22.3235 2.5
    endloop
  endfacet
  facet normal 0 0 1
    outer loop
      vertex 96.0546 7.98022 2.5
      vertex 47.6765 22.0274 2.5
      vertex 96.1224 7.72746 2.5
    endloop
  endfacet
  facet normal 0 0 1
    outer loop
      vertex 48.6542 23.3731 2.5
      vertex 70 36 2.5
      vertex 69.5819 36.0219 2.5
    endloop
  endfacet
  facet normal 0 0 1
    outer loop
      vertex 48.8042 23.7639 2.5
      vertex 69.5819 36.0219 2.5
      vertex 69.1684 36.0874 2.5
    endloop
  endfacet
  facet normal 0 0 1
    outer loop
      vertex 48.9126 24.1684 2.5
      vertex 69.1684 36.0874 2.5
      vertex 68.7639 36.1958 2.5
    endloop
  endfacet
  facet normal 0 0 1
    outer loop
      vertex 48.9781 24.5819 2.5
      vertex 68.7639 36.1958 2.5
      vertex 68.3731 36.3458 2.5
    endloop
  endfacet
  facet normal 0 0 1
    outer loop
      vertex 49 25 2.5
      vertex 68.3731 36.3458 2.5
      vertex 68 36.5359 2.5
    endloop
  endfacet
  facet normal 0 0 1
    outer loop
      vertex 49 25 2.5
      vertex 68 36.5359 2.5
      vertex 67.6489 36.7639 2.5
    endloop
  endfacet
  facet normal 0 0 1
    outer loop
      vertex 49 25 2.5
      vertex 67.6489 36.7639 2.5
      vertex 67.3235 37.0274 2.5
    endloop
  endfacet
  facet normal 0 0 1
    outer loop
      vertex 49 25 2.5
      vertex 67.3235 37.0274 2.5
      vertex 67.0274 37.3235 2.5
    endloop
  endfacet
  facet normal 0 0 1
    outer loop
      vertex 49 25 2.5
      vertex 66.0219 39.5819 2.5
      vertex 66 40 2.5
    endloop
  endfacet
  facet normal 0 0 1
    outer loop
      vertex 49 25 2.5
      vertex 66.0874 39.1684 2.5
      vertex 66.0219 39.5819 2.5
    endloop
  endfacet
  facet normal 0 0 1
    outer loop
      vertex 49 25 2.5
      vertex 66.1958 38.7639 2.5
      vertex 66.0874 39.1684 2.5
    endloop
  endfacet
  facet normal 0 0 1
    outer loop
      vertex 49 25 2.5
      vertex 66.3458 38.3731 2.5
      vertex 66.1958 38.7639 2.5
    endloop
  endfacet
  facet normal 0 0 1
    outer loop
      vertex 49 25 2.5
      vertex 66.5359 38 2.5
      vertex 66.3458 38.3731 2.5
    endloop
  endfacet
  facet normal 0 0 1
    outer loop
      vertex 49 25 2.5
      vertex 66.7639 37.6489 2.5
      vertex 66.5359 38 2.5
    endloop
  endfacet
  facet normal 0 0 1
    outer loop
      vertex 49 25 2.5
      vertex 67.0274 37.3235 2.5
      vertex 66.7639 37.6489 2.5
    endloop
  endfacet
  facet normal 0 0 1
    outer loop
      vertex 68.3731 36.3458 2.5
      vertex 49 25 2.5
      vertex 48.9781 24.5819 2.5
    endloop
  endfacet
  facet normal 0 0 1
    outer loop
      vertex 68.7639 36.1958 2.5
      vertex 48.9781 24.5819 2.5
      vertex 48.9126 24.1684 2.5
    endloop
  endfacet
  facet normal 0 0 1
    outer loop
      vertex 69.1684 36.0874 2.5
      vertex 48.9126 24.1684 2.5
      vertex 48.8042 23.7639 2.5
    endloop
  endfacet
  facet normal 0 0 1
    outer loop
      vertex 69.5819 36.0219 2.5
      vertex 48.8042 23.7639 2.5
      vertex 48.6542 23.3731 2.5
    endloop
  endfacet
  facet normal 0 0 1
    outer loop
      vertex 70 36 2.5
      vertex 48.6542 23.3731 2.5
      vertex 48.4641 23 2.5
    endloop
  endfacet
  facet normal -0 0 1
    outer loop
      vertex 47.3511 21.7639 2.5
      vertex 96.1224 7.72746 2.5
      vertex 47.6765 22.0274 2.5
    endloop
  endfacet
  facet normal 0 0 1
    outer loop
      vertex 96.1224 7.72746 2.5
      vertex 47.3511 21.7639 2.5
      vertex 96.2161 7.48316 2.5
    endloop
  endfacet
  facet normal -0 0 1
    outer loop
      vertex 47 21.5359 2.5
      vertex 96.2161 7.48316 2.5
      vertex 47.3511 21.7639 2.5
    endloop
  endfacet
  facet normal 0 0 1
    outer loop
      vertex 96.2161 7.48316 2.5
      vertex 47 21.5359 2.5
      vertex 96.3349 7.25 2.5
    endloop
  endfacet
  facet normal -0 0 1
    outer loop
      vertex 46.6269 21.3458 2.5
      vertex 96.3349 7.25 2.5
      vertex 47 21.5359 2.5
    endloop
  endfacet
  facet normal 0 0 1
    outer loop
      vertex 96.3349 7.25 2.5
      vertex 46.6269 21.3458 2.5
      vertex 96.4775 7.03054 2.5
    endloop
  endfacet
  facet normal -0 0 1
    outer loop
      vertex 46.2361 21.1958 2.5
      vertex 96.4775 7.03054 2.5
      vertex 46.6269 21.3458 2.5
    endloop
  endfacet
  facet normal 0 0 1
    outer loop
      vertex 96.4775 7.03054 2.5
      vertex 46.2361 21.1958 2.5
      vertex 96.6421 6.82717 2.5
    endloop
  endfacet
  facet normal -0 0 1
    outer loop
      vertex 45.8316 21.0874 2.5
      vertex 96.6421 6.82717 2.5
      vertex 46.2361 21.1958 2.5
    endloop
  endfacet
  facet normal 0 0 1
    outer loop
      vertex 96.6421 6.82717 2.5
      vertex 45.8316 21.0874 2.5
      vertex 96.8272 6.64214 2.5
    endloop
  endfacet
  facet normal -0 0 1
    outer loop
      vertex 45.4181 21.0219 2.5
      vertex 96.8272 6.64214 2.5
      vertex 45.8316 21.0874 2.5
    endloop
  endfacet
  facet normal 0 0 1
    outer loop
      vertex 13.1728 6.64214 2.5
      vertex 96.8272 6.64214 2.5
      vertex 45.4181 21.0219 2.5
    endloop
  endfacet
  facet normal 0 0 1
    outer loop
      vertex 96.8272 6.64214 2.5
      vertex 13.1728 6.64214 2.5
      vertex 97.0305 6.47746 2.5
    endloop
  endfacet
  facet normal 0 0 1
    outer loop
      vertex 12.9695 6.47746 2.5
      vertex 97.0305 6.47746 2.5
      vertex 13.1728 6.64214 2.5
    endloop
  endfacet
  facet normal 0 0 1
    outer loop
      vertex 13.1728 6.64214 2.5
      vertex 45.4181 21.0219 2.5
      vertex 45 21 2.5
    endloop
  endfacet
  facet normal 0 0 1
    outer loop
      vertex 13.3579 6.82717 2.5
      vertex 45 21 2.5
      vertex 44.5819 21.0219 2.5
    endloop
  endfacet
  facet normal 0 0 1
    outer loop
      vertex 35.4181 21.0219 2.5
      vertex 44.5819 21.0219 2.5
      vertex 44.1684 21.0874 2.5
    endloop
  endfacet
  facet normal 0 0 1
    outer loop
      vertex 35.8316 21.0874 2.5
      vertex 44.1684 21.0874 2.5
      vertex 43.7639 21.1958 2.5
    endloop
  endfacet
  facet normal -0 0 1
    outer loop
      vertex 39 25 2.5
      vertex 41.0219 24.5819 2.5
      vertex 41 25 2.5
    endloop
  endfacet
  facet normal 0 0 1
    outer loop
      vertex 38.9781 24.5819 2.5
      vertex 41.0219 24.5819 2.5
      vertex 39 25 2.5
    endloop
  endfacet
  facet normal 0 0 1
    outer loop
      vertex 41.0219 24.5819 2.5
      vertex 38.9781 24.5819 2.5
      vertex 41.0874 24.1684 2.5
    endloop
  endfacet
  facet normal 0 0 1
    outer loop
      vertex 38.9126 24.1684 2.5
      vertex 41.0874 24.1684 2.5
      vertex 38.9781 24.5819 2.5
    endloop
  endfacet
  facet normal 0 0 1
    outer loop
      vertex 41.0874 24.1684 2.5
      vertex 38.9126 24.1684 2.5
      vertex 41.1958 23.7639 2.5
    endloop
  endfacet
  facet normal 0 0 1
    outer loop
      vertex 38.8042 23.7639 2.5
      vertex 41.1958 23.7639 2.5
      vertex 38.9126 24.1684 2.5
    endloop
  endfacet
  facet normal 0 0 1
    outer loop
      vertex 41.1958 23.7639 2.5
      vertex 38.8042 23.7639 2.5
      vertex 41.3458 23.3731 2.5
    endloop
  endfacet
  facet normal 0 0 1
    outer loop
      vertex 38.6542 23.3731 2.5
      vertex 41.3458 23.3731 2.5
      vertex 38.8042 23.7639 2.5
    endloop
  endfacet
  facet normal 0 0 1
    outer loop
      vertex 41.3458 23.3731 2.5
      vertex 38.6542 23.3731 2.5
      vertex 41.5359 23 2.5
    endloop
  endfacet
  facet normal 0 0 1
    outer loop
      vertex 38.4641 23 2.5
      vertex 41.5359 23 2.5
      vertex 38.6542 23.3731 2.5
    endloop
  endfacet
  facet normal 0 0 1
    outer loop
      vertex 41.5359 23 2.5
      vertex 38.4641 23 2.5
      vertex 41.7639 22.6489 2.5
    endloop
  endfacet
  facet normal 0 0 1
    outer loop
      vertex 38.2361 22.6489 2.5
      vertex 41.7639 22.6489 2.5
      vertex 38.4641 23 2.5
    endloop
  endfacet
  facet normal 0 0 1
    outer loop
      vertex 41.7639 22.6489 2.5
      vertex 38.2361 22.6489 2.5
      vertex 42.0274 22.3235 2.5
    endloop
  endfacet
  facet normal 0 0 1
    outer loop
      vertex 37.9726 22.3235 2.5
      vertex 42.0274 22.3235 2.5
      vertex 38.2361 22.6489 2.5
    endloop
  endfacet
  facet normal 0 0 1
    outer loop
      vertex 42.0274 22.3235 2.5
      vertex 37.9726 22.3235 2.5
      vertex 42.3235 22.0274 2.5
    endloop
  endfacet
  facet normal 0 0 1
    outer loop
      vertex 37.6765 22.0274 2.5
      vertex 42.3235 22.0274 2.5
      vertex 37.9726 22.3235 2.5
    endloop
  endfacet
  facet normal 0 0 1
    outer loop
      vertex 42.3235 22.0274 2.5
      vertex 37.6765 22.0274 2.5
      vertex 42.6489 21.7639 2.5
    endloop
  endfacet
  facet normal 0 0 1
    outer loop
      vertex 37.3511 21.7639 2.5
      vertex 42.6489 21.7639 2.5
      vertex 37.6765 22.0274 2.5
    endloop
  endfacet
  facet normal 0 0 1
    outer loop
      vertex 42.6489 21.7639 2.5
      vertex 37.3511 21.7639 2.5
      vertex 43 21.5359 2.5
    endloop
  endfacet
  facet normal 0 0 1
    outer loop
      vertex 37 21.5359 2.5
      vertex 43 21.5359 2.5
      vertex 37.3511 21.7639 2.5
    endloop
  endfacet
  facet normal 0 0 1
    outer loop
      vertex 43 21.5359 2.5
      vertex 37 21.5359 2.5
      vertex 43.3731 21.3458 2.5
    endloop
  endfacet
  facet normal 0 0 1
    outer loop
      vertex 36.6269 21.3458 2.5
      vertex 43.3731 21.3458 2.5
      vertex 37 21.5359 2.5
    endloop
  endfacet
  facet normal 0 0 1
    outer loop
      vertex 43.3731 21.3458 2.5
      vertex 36.6269 21.3458 2.5
      vertex 43.7639 21.1958 2.5
    endloop
  endfacet
  facet normal 0 0 1
    outer loop
      vertex 36.2361 21.1958 2.5
      vertex 43.7639 21.1958 2.5
      vertex 36.6269 21.3458 2.5
    endloop
  endfacet
  facet normal 0 0 1
    outer loop
      vertex 35.8316 21.0874 2.5
      vertex 43.7639 21.1958 2.5
      vertex 36.2361 21.1958 2.5
    endloop
  endfacet
  facet normal 0 0 1
    outer loop
      vertex 44.1684 21.0874 2.5
      vertex 35.8316 21.0874 2.5
      vertex 35.4181 21.0219 2.5
    endloop
  endfacet
  facet normal 0 0 1
    outer loop
      vertex 44.5819 21.0219 2.5
      vertex 35.4181 21.0219 2.5
      vertex 13.5225 7.03054 2.5
    endloop
  endfacet
  facet normal 0 0 1
    outer loop
      vertex 13.6651 7.25 2.5
      vertex 35.4181 21.0219 2.5
      vertex 35 21 2.5
    endloop
  endfacet
  facet normal 0 0 1
    outer loop
      vertex 13.7839 7.48316 2.5
      vertex 35 21 2.5
      vertex 34.5819 21.0219 2.5
    endloop
  endfacet
  facet normal 0 0 1
    outer loop
      vertex 13.8776 7.72746 2.5
      vertex 34.5819 21.0219 2.5
      vertex 34.1684 21.0874 2.5
    endloop
  endfacet
  facet normal 0 0 1
    outer loop
      vertex 28 44.5359 2.5
      vertex 31.7639 27.3511 2.5
      vertex 28.3731 44.3458 2.5
    endloop
  endfacet
  facet normal 0 0 1
    outer loop
      vertex 31.7639 27.3511 2.5
      vertex 28 44.5359 2.5
      vertex 31.5359 27 2.5
    endloop
  endfacet
  facet normal 0 0 1
    outer loop
      vertex 27.6489 44.7639 2.5
      vertex 31.5359 27 2.5
      vertex 28 44.5359 2.5
    endloop
  endfacet
  facet normal 0 0 1
    outer loop
      vertex 31.5359 27 2.5
      vertex 27.6489 44.7639 2.5
      vertex 31.3458 26.6269 2.5
    endloop
  endfacet
  facet normal 0 0 1
    outer loop
      vertex 27.3235 45.0274 2.5
      vertex 31.3458 26.6269 2.5
      vertex 27.6489 44.7639 2.5
    endloop
  endfacet
  facet normal 0 0 1
    outer loop
      vertex 31.3458 26.6269 2.5
      vertex 27.3235 45.0274 2.5
      vertex 31.1958 26.2361 2.5
    endloop
  endfacet
  facet normal 0 0 1
    outer loop
      vertex 27.0274 45.3235 2.5
      vertex 31.1958 26.2361 2.5
      vertex 27.3235 45.0274 2.5
    endloop
  endfacet
  facet normal 0 0 1
    outer loop
      vertex 31.1958 26.2361 2.5
      vertex 27.0274 45.3235 2.5
      vertex 31.0874 25.8316 2.5
    endloop
  endfacet
  facet normal 0 0 1
    outer loop
      vertex 26.7639 45.6489 2.5
      vertex 31.0874 25.8316 2.5
      vertex 27.0274 45.3235 2.5
    endloop
  endfacet
  facet normal 0 0 1
    outer loop
      vertex 14 8.5 2.5
      vertex 31.0874 25.8316 2.5
      vertex 26.7639 45.6489 2.5
    endloop
  endfacet
  facet normal 0 0 1
    outer loop
      vertex 31.0874 25.8316 2.5
      vertex 14 8.5 2.5
      vertex 31.0219 25.4181 2.5
    endloop
  endfacet
  facet normal 0 0 1
    outer loop
      vertex 31.0219 25.4181 2.5
      vertex 14 8.5 2.5
      vertex 31 25 2.5
    endloop
  endfacet
  facet normal 0 0 1
    outer loop
      vertex 31 25 2.5
      vertex 14 8.5 2.5
      vertex 31.0219 24.5819 2.5
    endloop
  endfacet
  facet normal 0 0 1
    outer loop
      vertex 14 8.5 2.5
      vertex 26.7639 45.6489 2.5
      vertex 26.5359 46 2.5
    endloop
  endfacet
  facet normal 0 0 1
    outer loop
      vertex 14 8.5 2.5
      vertex 26.5359 46 2.5
      vertex 26.3458 46.3731 2.5
    endloop
  endfacet
  facet normal 0 0 1
    outer loop
      vertex 14 8.5 2.5
      vertex 26.3458 46.3731 2.5
      vertex 26.1958 46.7639 2.5
    endloop
  endfacet
  facet normal -0 0 1
    outer loop
      vertex 12.9695 63.4775 2.5
      vertex 26.7639 50.3511 2.5
      vertex 13.1728 63.6421 2.5
    endloop
  endfacet
  facet normal -0 0 1
    outer loop
      vertex 13.1728 63.6421 2.5
      vertex 27.0274 50.6765 2.5
      vertex 13.3579 63.8272 2.5
    endloop
  endfacet
  facet normal 0 0 1
    outer loop
      vertex 27.0274 50.6765 2.5
      vertex 13.1728 63.6421 2.5
      vertex 26.7639 50.3511 2.5
    endloop
  endfacet
  facet normal 0 0 1
    outer loop
      vertex 26.7639 50.3511 2.5
      vertex 12.9695 63.4775 2.5
      vertex 26.5359 50 2.5
    endloop
  endfacet
  facet normal 0 0 1
    outer loop
      vertex 31.0219 24.5819 2.5
      vertex 14 8.5 2.5
      vertex 31.0874 24.1684 2.5
    endloop
  endfacet
  facet normal 0 0 1
    outer loop
      vertex 31.0874 24.1684 2.5
      vertex 14 8.5 2.5
      vertex 31.1958 23.7639 2.5
    endloop
  endfacet
  facet normal 0 0 1
    outer loop
      vertex 31.1958 23.7639 2.5
      vertex 14 8.5 2.5
      vertex 31.3458 23.3731 2.5
    endloop
  endfacet
  facet normal 0 0 1
    outer loop
      vertex 14 8.5 2.5
      vertex 31.5359 23 2.5
      vertex 31.3458 23.3731 2.5
    endloop
  endfacet
  facet normal 0 0 1
    outer loop
      vertex 14 8.5 2.5
      vertex 31.7639 22.6489 2.5
      vertex 31.5359 23 2.5
    endloop
  endfacet
  facet normal 0 0 1
    outer loop
      vertex 14 8.5 2.5
      vertex 32.0274 22.3235 2.5
      vertex 31.7639 22.6489 2.5
    endloop
  endfacet
  facet normal 0 0 1
    outer loop
      vertex 14 8.5 2.5
      vertex 32.3235 22.0274 2.5
      vertex 32.0274 22.3235 2.5
    endloop
  endfacet
  facet normal 0 0 1
    outer loop
      vertex 14 8.5 2.5
      vertex 32.6489 21.7639 2.5
      vertex 32.3235 22.0274 2.5
    endloop
  endfacet
  facet normal 0 0 1
    outer loop
      vertex 14 8.5 2.5
      vertex 33 21.5359 2.5
      vertex 32.6489 21.7639 2.5
    endloop
  endfacet
  facet normal 0 0 1
    outer loop
      vertex 14 8.5 2.5
      vertex 33.3731 21.3458 2.5
      vertex 33 21.5359 2.5
    endloop
  endfacet
  facet normal 0 0 1
    outer loop
      vertex 14 8.5 2.5
      vertex 33.7639 21.1958 2.5
      vertex 33.3731 21.3458 2.5
    endloop
  endfacet
  facet normal 0 0 1
    outer loop
      vertex 13.9863 8.23868 2.5
      vertex 33.7639 21.1958 2.5
      vertex 14 8.5 2.5
    endloop
  endfacet
  facet normal 0 0 1
    outer loop
      vertex 33.7639 21.1958 2.5
      vertex 13.9863 8.23868 2.5
      vertex 34.1684 21.0874 2.5
    endloop
  endfacet
  facet normal 0 0 1
    outer loop
      vertex 13.9454 7.98022 2.5
      vertex 34.1684 21.0874 2.5
      vertex 13.9863 8.23868 2.5
    endloop
  endfacet
  facet normal 0 0 1
    outer loop
      vertex 13.8776 7.72746 2.5
      vertex 34.1684 21.0874 2.5
      vertex 13.9454 7.98022 2.5
    endloop
  endfacet
  facet normal 0 0 1
    outer loop
      vertex 34.5819 21.0219 2.5
      vertex 13.8776 7.72746 2.5
      vertex 13.7839 7.48316 2.5
    endloop
  endfacet
  facet normal 0 0 1
    outer loop
      vertex 35 21 2.5
      vertex 13.7839 7.48316 2.5
      vertex 13.6651 7.25 2.5
    endloop
  endfacet
  facet normal 0 0 1
    outer loop
      vertex 35.4181 21.0219 2.5
      vertex 13.6651 7.25 2.5
      vertex 13.5225 7.03054 2.5
    endloop
  endfacet
  facet normal 0 0 1
    outer loop
      vertex 44.5819 21.0219 2.5
      vertex 13.5225 7.03054 2.5
      vertex 13.3579 6.82717 2.5
    endloop
  endfacet
  facet normal 0 0 1
    outer loop
      vertex 45 21 2.5
      vertex 13.3579 6.82717 2.5
      vertex 13.1728 6.64214 2.5
    endloop
  endfacet
  facet normal 0 0 1
    outer loop
      vertex 97.0305 6.47746 2.5
      vertex 12.9695 6.47746 2.5
      vertex 97.25 6.33494 2.5
    endloop
  endfacet
  facet normal 0 0 1
    outer loop
      vertex 12.75 6.33494 2.5
      vertex 97.25 6.33494 2.5
      vertex 12.9695 6.47746 2.5
    endloop
  endfacet
  facet normal 0 0 1
    outer loop
      vertex 97.25 6.33494 2.5
      vertex 12.75 6.33494 2.5
      vertex 104 2.5 2.5
    endloop
  endfacet
  facet normal -0 0 1
    outer loop
      vertex 12.5168 6.21614 2.5
      vertex 104 2.5 2.5
      vertex 12.75 6.33494 2.5
    endloop
  endfacet
  facet normal 0 0 1
    outer loop
      vertex 6 2.5 2.5
      vertex 12.5168 6.21614 2.5
      vertex 12.2725 6.12236 2.5
    endloop
  endfacet
  facet normal 0 0 1
    outer loop
      vertex 6 2.5 2.5
      vertex 12.2725 6.12236 2.5
      vertex 12.0198 6.05463 2.5
    endloop
  endfacet
  facet normal 0 0 1
    outer loop
      vertex 6 2.5 2.5
      vertex 12.0198 6.05463 2.5
      vertex 11.7613 6.0137 2.5
    endloop
  endfacet
  facet normal 0 0 1
    outer loop
      vertex 6 2.5 2.5
      vertex 11.7613 6.0137 2.5
      vertex 11.5 6 2.5
    endloop
  endfacet
  facet normal 0 0 1
    outer loop
      vertex 9.05463 9.01978 2.5
      vertex 6 6 2.5
      vertex 9.0137 8.76132 2.5
    endloop
  endfacet
  facet normal 0 0 1
    outer loop
      vertex 9.0137 8.76132 2.5
      vertex 6 6 2.5
      vertex 9 8.5 2.5
    endloop
  endfacet
  facet normal 0 0 1
    outer loop
      vertex 6 6 2.5
      vertex 9.0137 8.23868 2.5
      vertex 9 8.5 2.5
    endloop
  endfacet
  facet normal 0 0 1
    outer loop
      vertex 6 6 2.5
      vertex 9.05463 7.98022 2.5
      vertex 9.0137 8.23868 2.5
    endloop
  endfacet
  facet normal 0 0 1
    outer loop
      vertex 6 6 2.5
      vertex 9.12236 7.72746 2.5
      vertex 9.05463 7.98022 2.5
    endloop
  endfacet
  facet normal 0 0 1
    outer loop
      vertex 6 6 2.5
      vertex 9.21614 7.48316 2.5
      vertex 9.12236 7.72746 2.5
    endloop
  endfacet
  facet normal 0 0 1
    outer loop
      vertex 6 6 2.5
      vertex 9.33494 7.25 2.5
      vertex 9.21614 7.48316 2.5
    endloop
  endfacet
  facet normal 0 0 1
    outer loop
      vertex 6 6 2.5
      vertex 9.47746 7.03054 2.5
      vertex 9.33494 7.25 2.5
    endloop
  endfacet
  facet normal 0 0 1
    outer loop
      vertex 6 6 2.5
      vertex 9.64214 6.82717 2.5
      vertex 9.47746 7.03054 2.5
    endloop
  endfacet
  facet normal 0 0 1
    outer loop
      vertex 6 6 2.5
      vertex 9.82717 6.64214 2.5
      vertex 9.64214 6.82717 2.5
    endloop
  endfacet
  facet normal 0 0 1
    outer loop
      vertex 6 6 2.5
      vertex 10.0305 6.47746 2.5
      vertex 9.82717 6.64214 2.5
    endloop
  endfacet
  facet normal 0 0 1
    outer loop
      vertex 6 2.5 2.5
      vertex 10.0305 6.47746 2.5
      vertex 6 6 2.5
    endloop
  endfacet
  facet normal 0 0 1
    outer loop
      vertex 10.0305 6.47746 2.5
      vertex 6 2.5 2.5
      vertex 10.25 6.33494 2.5
    endloop
  endfacet
  facet normal 0 0 1
    outer loop
      vertex 10.25 6.33494 2.5
      vertex 6 2.5 2.5
      vertex 10.4832 6.21614 2.5
    endloop
  endfacet
  facet normal 0 0 1
    outer loop
      vertex 10.4832 6.21614 2.5
      vertex 6 2.5 2.5
      vertex 10.7275 6.12236 2.5
    endloop
  endfacet
  facet normal 0 0 1
    outer loop
      vertex 10.7275 6.12236 2.5
      vertex 6 2.5 2.5
      vertex 10.9802 6.05463 2.5
    endloop
  endfacet
  facet normal 0 0 1
    outer loop
      vertex 10.9802 6.05463 2.5
      vertex 6 2.5 2.5
      vertex 11.2387 6.0137 2.5
    endloop
  endfacet
  facet normal 0 0 1
    outer loop
      vertex 11.2387 6.0137 2.5
      vertex 6 2.5 2.5
      vertex 11.5 6 2.5
    endloop
  endfacet
  facet normal 0 0 1
    outer loop
      vertex 12.5168 6.21614 2.5
      vertex 6 2.5 2.5
      vertex 104 2.5 2.5
    endloop
  endfacet
  facet normal 0 -0 1
    outer loop
      vertex 36.6269 28.6542 2.5
      vertex 43.3731 28.6542 2.5
      vertex 32.9726 45.3235 2.5
    endloop
  endfacet
  facet normal 0 0 1
    outer loop
      vertex 36.6269 28.6542 2.5
      vertex 32.9726 45.3235 2.5
      vertex 36.2361 28.8042 2.5
    endloop
  endfacet
  facet normal -0 0 1
    outer loop
      vertex 32.6765 45.0274 2.5
      vertex 36.2361 28.8042 2.5
      vertex 32.9726 45.3235 2.5
    endloop
  endfacet
  facet normal 0 0 1
    outer loop
      vertex 36.2361 28.8042 2.5
      vertex 32.6765 45.0274 2.5
      vertex 35.8316 28.9126 2.5
    endloop
  endfacet
  facet normal -0 0 1
    outer loop
      vertex 32.3511 44.7639 2.5
      vertex 35.8316 28.9126 2.5
      vertex 32.6765 45.0274 2.5
    endloop
  endfacet
  facet normal 0 0 1
    outer loop
      vertex 35.8316 28.9126 2.5
      vertex 32.3511 44.7639 2.5
      vertex 35.4181 28.9781 2.5
    endloop
  endfacet
  facet normal -0 0 1
    outer loop
      vertex 32 44.5359 2.5
      vertex 35.4181 28.9781 2.5
      vertex 32.3511 44.7639 2.5
    endloop
  endfacet
  facet normal 0 0 1
    outer loop
      vertex 35.4181 28.9781 2.5
      vertex 32 44.5359 2.5
      vertex 35 29 2.5
    endloop
  endfacet
  facet normal -0 0 1
    outer loop
      vertex 31.6269 44.3458 2.5
      vertex 35 29 2.5
      vertex 32 44.5359 2.5
    endloop
  endfacet
  facet normal 0 0 1
    outer loop
      vertex 35 29 2.5
      vertex 31.6269 44.3458 2.5
      vertex 34.5819 28.9781 2.5
    endloop
  endfacet
  facet normal -0 0 1
    outer loop
      vertex 31.2361 44.1958 2.5
      vertex 34.5819 28.9781 2.5
      vertex 31.6269 44.3458 2.5
    endloop
  endfacet
  facet normal 0 0 1
    outer loop
      vertex 34.5819 28.9781 2.5
      vertex 31.2361 44.1958 2.5
      vertex 34.1684 28.9126 2.5
    endloop
  endfacet
  facet normal -0 0 1
    outer loop
      vertex 30.8316 44.0874 2.5
      vertex 34.1684 28.9126 2.5
      vertex 31.2361 44.1958 2.5
    endloop
  endfacet
  facet normal 0 0 1
    outer loop
      vertex 34.1684 28.9126 2.5
      vertex 30.8316 44.0874 2.5
      vertex 33.7639 28.8042 2.5
    endloop
  endfacet
  facet normal -0 0 1
    outer loop
      vertex 30.4181 44.0219 2.5
      vertex 33.7639 28.8042 2.5
      vertex 30.8316 44.0874 2.5
    endloop
  endfacet
  facet normal 0 0 1
    outer loop
      vertex 33.7639 28.8042 2.5
      vertex 30.4181 44.0219 2.5
      vertex 33.3731 28.6542 2.5
    endloop
  endfacet
  facet normal -0 0 1
    outer loop
      vertex 30 44 2.5
      vertex 33.3731 28.6542 2.5
      vertex 30.4181 44.0219 2.5
    endloop
  endfacet
  facet normal 0 0 1
    outer loop
      vertex 33.3731 28.6542 2.5
      vertex 30 44 2.5
      vertex 33 28.4641 2.5
    endloop
  endfacet
  facet normal 0 0 1
    outer loop
      vertex 29.5819 44.0219 2.5
      vertex 33 28.4641 2.5
      vertex 30 44 2.5
    endloop
  endfacet
  facet normal 0 0 1
    outer loop
      vertex 33 28.4641 2.5
      vertex 29.5819 44.0219 2.5
      vertex 32.6489 28.2361 2.5
    endloop
  endfacet
  facet normal 0 0 1
    outer loop
      vertex 29.1684 44.0874 2.5
      vertex 32.6489 28.2361 2.5
      vertex 29.5819 44.0219 2.5
    endloop
  endfacet
  facet normal 0 0 1
    outer loop
      vertex 32.6489 28.2361 2.5
      vertex 29.1684 44.0874 2.5
      vertex 32.3235 27.9726 2.5
    endloop
  endfacet
  facet normal 0 0 1
    outer loop
      vertex 28.7639 44.1958 2.5
      vertex 32.3235 27.9726 2.5
      vertex 29.1684 44.0874 2.5
    endloop
  endfacet
  facet normal 0 0 1
    outer loop
      vertex 32.3235 27.9726 2.5
      vertex 28.7639 44.1958 2.5
      vertex 32.0274 27.6765 2.5
    endloop
  endfacet
  facet normal 0 0 1
    outer loop
      vertex 28.3731 44.3458 2.5
      vertex 32.0274 27.6765 2.5
      vertex 28.7639 44.1958 2.5
    endloop
  endfacet
  facet normal 0 0 1
    outer loop
      vertex 32.0274 27.6765 2.5
      vertex 28.3731 44.3458 2.5
      vertex 31.7639 27.3511 2.5
    endloop
  endfacet
  facet normal 1 0 0
    outer loop
      vertex 2.5 4.57189 17
      vertex 2.5 4.15 15.2
      vertex 2.5 4.57189 15.2
    endloop
  endfacet
  facet normal 1 -0 0
    outer loop
      vertex 2.5 2.5 17
      vertex 2.5 4.15 15.2
      vertex 2.5 4.57189 17
    endloop
  endfacet
  facet normal 1 0 0
    outer loop
      vertex 2.5 2.5 2.5
      vertex 2.5 4.15 15.2
      vertex 2.5 2.5 17
    endloop
  endfacet
  facet normal 1 0 0
    outer loop
      vertex 2.5 4.15 15.2
      vertex 2.5 2.5 2.5
      vertex 2.5 4.15 2.5
    endloop
  endfacet
  facet normal 1 0 0
    outer loop
      vertex 2.5 71.5 17
      vertex 2.5 69.85 15.2
      vertex 2.5 71.5 2.5
    endloop
  endfacet
  facet normal 1 -0 0
    outer loop
      vertex 2.5 69.4281 17
      vertex 2.5 69.85 15.2
      vertex 2.5 71.5 17
    endloop
  endfacet
  facet normal 1 0 0
    outer loop
      vertex 2.5 69.85 15.2
      vertex 2.5 69.4281 17
      vertex 2.5 69.4281 15.2
    endloop
  endfacet
  facet normal 1 0 0
    outer loop
      vertex 2.5 71.5 2.5
      vertex 2.5 69.85 15.2
      vertex 2.5 69.85 2.5
    endloop
  endfacet
  facet normal 1 -0 0
    outer loop
      vertex 2.5 6 17
      vertex 2.5 68 2.5
      vertex 2.5 68 17
    endloop
  endfacet
  facet normal 1 0 0
    outer loop
      vertex 2.5 68 2.5
      vertex 2.5 6 17
      vertex 2.5 6 2.5
    endloop
  endfacet
  facet normal 0 -1 0
    outer loop
      vertex 105.85 71.5 15.2
      vertex 105.428 71.5 17
      vertex 105.428 71.5 15.2
    endloop
  endfacet
  facet normal 0 -1 0
    outer loop
      vertex 105.428 71.5 17
      vertex 105.85 71.5 15.2
      vertex 107.5 71.5 17
    endloop
  endfacet
  facet normal 0 -1 0
    outer loop
      vertex 107.5 71.5 2.5
      vertex 105.85 71.5 15.2
      vertex 105.85 71.5 2.5
    endloop
  endfacet
  facet normal 0 -1 0
    outer loop
      vertex 105.85 71.5 15.2
      vertex 107.5 71.5 2.5
      vertex 107.5 71.5 17
    endloop
  endfacet
  facet normal 0 -1 0
    outer loop
      vertex 2.5 71.5 17
      vertex 4.15 71.5 15.2
      vertex 4.57189 71.5 17
    endloop
  endfacet
  facet normal 0 -1 0
    outer loop
      vertex 2.5 71.5 2.5
      vertex 4.15 71.5 15.2
      vertex 2.5 71.5 17
    endloop
  endfacet
  facet normal 0 -1 -0
    outer loop
      vertex 4.15 71.5 15.2
      vertex 2.5 71.5 2.5
      vertex 4.15 71.5 2.5
    endloop
  endfacet
  facet normal 0 -1 -0
    outer loop
      vertex 4.57189 71.5 17
      vertex 4.15 71.5 15.2
      vertex 4.57189 71.5 15.2
    endloop
  endfacet
  facet normal 0 -1 0
    outer loop
      vertex 6 71.5 2.5
      vertex 104 71.5 17
      vertex 6 71.5 17
    endloop
  endfacet
  facet normal 0 -1 -0
    outer loop
      vertex 104 71.5 17
      vertex 6 71.5 2.5
      vertex 104 71.5 2.5
    endloop
  endfacet
  facet normal 0 1 0
    outer loop
      vertex 107.5 2.5 17
      vertex 105.85 2.5 15.2
      vertex 105.428 2.5 17
    endloop
  endfacet
  facet normal 0 1 -0
    outer loop
      vertex 107.5 2.5 2.5
      vertex 105.85 2.5 15.2
      vertex 107.5 2.5 17
    endloop
  endfacet
  facet normal 0 1 0
    outer loop
      vertex 105.85 2.5 15.2
      vertex 107.5 2.5 2.5
      vertex 105.85 2.5 2.5
    endloop
  endfacet
  facet normal 0 1 0
    outer loop
      vertex 105.428 2.5 17
      vertex 105.85 2.5 15.2
      vertex 105.428 2.5 15.2
    endloop
  endfacet
  facet normal 0 1 0
    outer loop
      vertex 4.15 2.5 15.2
      vertex 4.57189 2.5 17
      vertex 4.57189 2.5 15.2
    endloop
  endfacet
  facet normal 0 1 0
    outer loop
      vertex 4.57189 2.5 17
      vertex 4.15 2.5 15.2
      vertex 2.5 2.5 17
    endloop
  endfacet
  facet normal 0 1 0
    outer loop
      vertex 2.5 2.5 2.5
      vertex 4.15 2.5 15.2
      vertex 4.15 2.5 2.5
    endloop
  endfacet
  facet normal 0 1 0
    outer loop
      vertex 4.15 2.5 15.2
      vertex 2.5 2.5 2.5
      vertex 2.5 2.5 17
    endloop
  endfacet
  facet normal 0 1 -0
    outer loop
      vertex 104 2.5 2.5
      vertex 6 2.5 17
      vertex 104 2.5 17
    endloop
  endfacet
  facet normal 0 1 0
    outer loop
      vertex 6 2.5 17
      vertex 104 2.5 2.5
      vertex 6 2.5 2.5
    endloop
  endfacet
  facet normal 1 -0 0
    outer loop
      vertex 6 2.5 17
      vertex 6 6 2.5
      vertex 6 6 17
    endloop
  endfacet
  facet normal 1 0 0
    outer loop
      vertex 6 6 2.5
      vertex 6 2.5 17
      vertex 6 2.5 2.5
    endloop
  endfacet
  facet normal 0 1 -0
    outer loop
      vertex 6 6 2.5
      vertex 2.5 6 17
      vertex 6 6 17
    endloop
  endfacet
  facet normal 0 1 0
    outer loop
      vertex 2.5 6 17
      vertex 6 6 2.5
      vertex 2.5 6 2.5
    endloop
  endfacet
  facet normal -0.987686 0.15645 0
    outer loop
      vertex 4.61394 2.65695 15.2
      vertex 4.64096 2.82753 17
      vertex 4.64096 2.82753 15.2
    endloop
  endfacet
  facet normal -0.987686 0.15645 0
    outer loop
      vertex 4.64096 2.82753 17
      vertex 4.61394 2.65695 15.2
      vertex 4.61394 2.65695 17
    endloop
  endfacet
  facet normal -0.998629 0.0523431 0
    outer loop
      vertex 4.64096 2.82753 15.2
      vertex 4.65 3 17
      vertex 4.65 3 15.2
    endloop
  endfacet
  facet normal -0.998629 0.0523431 0
    outer loop
      vertex 4.65 3 17
      vertex 4.64096 2.82753 15.2
      vertex 4.64096 2.82753 17
    endloop
  endfacet
  facet normal -0.98769 -0.156423 0
    outer loop
      vertex 4.64096 3.17247 15.2
      vertex 4.6366 3.2 17
      vertex 4.6366 3.2 15.2
    endloop
  endfacet
  facet normal -0.98769 -0.156423 0
    outer loop
      vertex 4.6366 3.2 17
      vertex 4.64096 3.17247 15.2
      vertex 4.64096 3.17247 17
    endloop
  endfacet
  facet normal -0.998629 -0.0523431 0
    outer loop
      vertex 4.65 3 15.2
      vertex 4.64096 3.17247 17
      vertex 4.64096 3.17247 15.2
    endloop
  endfacet
  facet normal -0.998629 -0.0523431 0
    outer loop
      vertex 4.64096 3.17247 17
      vertex 4.65 3 15.2
      vertex 4.65 3 17
    endloop
  endfacet
  facet normal 0.0523431 -0.998629 0
    outer loop
      vertex 2.82753 4.64096 15.2
      vertex 3 4.65 17
      vertex 2.82753 4.64096 17
    endloop
  endfacet
  facet normal 0.0523431 -0.998629 0
    outer loop
      vertex 3 4.65 17
      vertex 2.82753 4.64096 15.2
      vertex 3 4.65 15.2
    endloop
  endfacet
  facet normal 0.258792 -0.965933 0
    outer loop
      vertex 2.5 4.57189 15.2
      vertex 2.65695 4.61394 17
      vertex 2.5 4.57189 17
    endloop
  endfacet
  facet normal 0.258792 -0.965933 0
    outer loop
      vertex 2.65695 4.61394 17
      vertex 2.5 4.57189 15.2
      vertex 2.65695 4.61394 15.2
    endloop
  endfacet
  facet normal 0.15645 -0.987686 0
    outer loop
      vertex 2.65695 4.61394 15.2
      vertex 2.82753 4.64096 17
      vertex 2.65695 4.61394 17
    endloop
  endfacet
  facet normal 0.15645 -0.987686 0
    outer loop
      vertex 2.82753 4.64096 17
      vertex 2.65695 4.61394 15.2
      vertex 2.82753 4.64096 15.2
    endloop
  endfacet
  facet normal -0.0523431 -0.998629 0
    outer loop
      vertex 3 4.65 15.2
      vertex 3.17247 4.64096 17
      vertex 3 4.65 17
    endloop
  endfacet
  facet normal -0.0523431 -0.998629 -0
    outer loop
      vertex 3.17247 4.64096 17
      vertex 3 4.65 15.2
      vertex 3.17247 4.64096 15.2
    endloop
  endfacet
  facet normal -0.965933 0.258792 0
    outer loop
      vertex 4.57189 2.5 15.2
      vertex 4.61394 2.65695 17
      vertex 4.61394 2.65695 15.2
    endloop
  endfacet
  facet normal -0.965933 0.258792 0
    outer loop
      vertex 4.61394 2.65695 17
      vertex 4.57189 2.5 15.2
      vertex 4.57189 2.5 17
    endloop
  endfacet
  facet normal -0.156423 -0.98769 0
    outer loop
      vertex 3.17247 4.64096 15.2
      vertex 3.2 4.6366 17
      vertex 3.17247 4.64096 17
    endloop
  endfacet
  facet normal -0.156423 -0.98769 -0
    outer loop
      vertex 3.2 4.6366 17
      vertex 3.17247 4.64096 15.2
      vertex 3.2 4.6366 15.2
    endloop
  endfacet
  facet normal -1 0 0
    outer loop
      vertex 104 2.5 2.5
      vertex 104 6 17
      vertex 104 6 2.5
    endloop
  endfacet
  facet normal -1 -0 0
    outer loop
      vertex 104 6 17
      vertex 104 2.5 2.5
      vertex 104 2.5 17
    endloop
  endfacet
  facet normal 0 1 -0
    outer loop
      vertex 107.5 6 2.5
      vertex 104 6 17
      vertex 107.5 6 17
    endloop
  endfacet
  facet normal 0 1 0
    outer loop
      vertex 104 6 17
      vertex 107.5 6 2.5
      vertex 104 6 2.5
    endloop
  endfacet
  facet normal 0.998641 0.0521121 0
    outer loop
      vertex 105.359 2.82753 17
      vertex 105.35 3 15.2
      vertex 105.35 3 17
    endloop
  endfacet
  facet normal 0.998641 0.0521121 0
    outer loop
      vertex 105.35 3 15.2
      vertex 105.359 2.82753 17
      vertex 105.359 2.82753 15.2
    endloop
  endfacet
  facet normal 0.987704 0.156337 0
    outer loop
      vertex 105.386 2.65695 17
      vertex 105.359 2.82753 15.2
      vertex 105.359 2.82753 17
    endloop
  endfacet
  facet normal 0.987704 0.156337 0
    outer loop
      vertex 105.359 2.82753 15.2
      vertex 105.386 2.65695 17
      vertex 105.386 2.65695 15.2
    endloop
  endfacet
  facet normal 0.0524857 -0.998622 0
    outer loop
      vertex 106.828 4.64096 15.2
      vertex 107 4.65 17
      vertex 106.828 4.64096 17
    endloop
  endfacet
  facet normal 0.0524857 -0.998622 0
    outer loop
      vertex 107 4.65 17
      vertex 106.828 4.64096 15.2
      vertex 107 4.65 15.2
    endloop
  endfacet
  facet normal 0.15386 -0.988093 0
    outer loop
      vertex 106.8 4.6366 15.2
      vertex 106.828 4.64096 17
      vertex 106.8 4.6366 17
    endloop
  endfacet
  facet normal 0.15386 -0.988093 0
    outer loop
      vertex 106.828 4.64096 17
      vertex 106.8 4.6366 15.2
      vertex 106.828 4.64096 15.2
    endloop
  endfacet
  facet normal -0.258716 -0.965954 0
    outer loop
      vertex 107.343 4.61394 15.2
      vertex 107.5 4.57189 17
      vertex 107.343 4.61394 17
    endloop
  endfacet
  facet normal -0.258716 -0.965954 -0
    outer loop
      vertex 107.5 4.57189 17
      vertex 107.343 4.61394 15.2
      vertex 107.5 4.57189 15.2
    endloop
  endfacet
  facet normal 0.998641 -0.0521121 0
    outer loop
      vertex 105.35 3 17
      vertex 105.359 3.17247 15.2
      vertex 105.359 3.17247 17
    endloop
  endfacet
  facet normal 0.998641 -0.0521121 0
    outer loop
      vertex 105.359 3.17247 15.2
      vertex 105.35 3 17
      vertex 105.35 3 15.2
    endloop
  endfacet
  facet normal 0.96601 0.258505 0
    outer loop
      vertex 105.428 2.5 17
      vertex 105.386 2.65695 15.2
      vertex 105.386 2.65695 17
    endloop
  endfacet
  facet normal 0.96601 0.258505 0
    outer loop
      vertex 105.386 2.65695 15.2
      vertex 105.428 2.5 17
      vertex 105.428 2.5 15.2
    endloop
  endfacet
  facet normal -0.0524857 -0.998622 0
    outer loop
      vertex 107 4.65 15.2
      vertex 107.172 4.64096 17
      vertex 107 4.65 17
    endloop
  endfacet
  facet normal -0.0524857 -0.998622 -0
    outer loop
      vertex 107.172 4.64096 17
      vertex 107 4.65 15.2
      vertex 107.172 4.64096 15.2
    endloop
  endfacet
  facet normal 0.989609 -0.143786 0
    outer loop
      vertex 105.359 3.17247 17
      vertex 105.363 3.2 15.2
      vertex 105.363 3.2 17
    endloop
  endfacet
  facet normal 0.989609 -0.143786 0
    outer loop
      vertex 105.363 3.2 15.2
      vertex 105.359 3.17247 17
      vertex 105.359 3.17247 15.2
    endloop
  endfacet
  facet normal -0.156075 -0.987745 0
    outer loop
      vertex 107.172 4.64096 15.2
      vertex 107.343 4.61394 17
      vertex 107.172 4.64096 17
    endloop
  endfacet
  facet normal -0.156075 -0.987745 -0
    outer loop
      vertex 107.343 4.61394 17
      vertex 107.172 4.64096 15.2
      vertex 107.343 4.61394 15.2
    endloop
  endfacet
  facet normal 1 -0 0
    outer loop
      vertex 6 68 17
      vertex 6 71.5 2.5
      vertex 6 71.5 17
    endloop
  endfacet
  facet normal 1 0 0
    outer loop
      vertex 6 71.5 2.5
      vertex 6 68 17
      vertex 6 68 2.5
    endloop
  endfacet
  facet normal 0 -1 0
    outer loop
      vertex 2.5 68 2.5
      vertex 6 68 17
      vertex 2.5 68 17
    endloop
  endfacet
  facet normal 0 -1 -0
    outer loop
      vertex 6 68 17
      vertex 2.5 68 2.5
      vertex 6 68 2.5
    endloop
  endfacet
  facet normal -0.157823 0.987467 0
    outer loop
      vertex 3.2 69.3634 15.2
      vertex 3.17247 69.359 17
      vertex 3.2 69.3634 17
    endloop
  endfacet
  facet normal -0.157823 0.987467 0
    outer loop
      vertex 3.17247 69.359 17
      vertex 3.2 69.3634 15.2
      vertex 3.17247 69.359 15.2
    endloop
  endfacet
  facet normal -0.965912 -0.258869 0
    outer loop
      vertex 4.61394 71.3431 15.2
      vertex 4.57189 71.5 17
      vertex 4.57189 71.5 15.2
    endloop
  endfacet
  facet normal -0.965912 -0.258869 0
    outer loop
      vertex 4.57189 71.5 17
      vertex 4.61394 71.3431 15.2
      vertex 4.61394 71.3431 17
    endloop
  endfacet
  facet normal -0.987664 0.15659 0
    outer loop
      vertex 4.6366 70.8 15.2
      vertex 4.64096 70.8275 17
      vertex 4.64096 70.8275 15.2
    endloop
  endfacet
  facet normal -0.987664 0.15659 0
    outer loop
      vertex 4.64096 70.8275 17
      vertex 4.6366 70.8 15.2
      vertex 4.6366 70.8 17
    endloop
  endfacet
  facet normal -0.99863 0.052334 0
    outer loop
      vertex 4.64096 70.8275 15.2
      vertex 4.65 71 17
      vertex 4.65 71 15.2
    endloop
  endfacet
  facet normal -0.99863 0.052334 0
    outer loop
      vertex 4.65 71 17
      vertex 4.64096 70.8275 15.2
      vertex 4.64096 70.8275 17
    endloop
  endfacet
  facet normal -0.987689 -0.156432 0
    outer loop
      vertex 4.64096 71.1725 15.2
      vertex 4.61394 71.3431 17
      vertex 4.61394 71.3431 15.2
    endloop
  endfacet
  facet normal -0.987689 -0.156432 0
    outer loop
      vertex 4.61394 71.3431 17
      vertex 4.64096 71.1725 15.2
      vertex 4.64096 71.1725 17
    endloop
  endfacet
  facet normal -0.99863 -0.052334 0
    outer loop
      vertex 4.65 71 15.2
      vertex 4.64096 71.1725 17
      vertex 4.64096 71.1725 15.2
    endloop
  endfacet
  facet normal -0.99863 -0.052334 0
    outer loop
      vertex 4.64096 71.1725 17
      vertex 4.65 71 15.2
      vertex 4.65 71 17
    endloop
  endfacet
  facet normal -0.0521121 0.998641 0
    outer loop
      vertex 3.17247 69.359 15.2
      vertex 3 69.35 17
      vertex 3.17247 69.359 17
    endloop
  endfacet
  facet normal -0.0521121 0.998641 0
    outer loop
      vertex 3 69.35 17
      vertex 3.17247 69.359 15.2
      vertex 3 69.35 15.2
    endloop
  endfacet
  facet normal 0.156902 0.987614 -0
    outer loop
      vertex 2.82753 69.359 15.2
      vertex 2.65695 69.3861 17
      vertex 2.82753 69.359 17
    endloop
  endfacet
  facet normal 0.156902 0.987614 0
    outer loop
      vertex 2.65695 69.3861 17
      vertex 2.82753 69.359 15.2
      vertex 2.65695 69.3861 15.2
    endloop
  endfacet
  facet normal 0.258505 0.96601 -0
    outer loop
      vertex 2.65695 69.3861 15.2
      vertex 2.5 69.4281 17
      vertex 2.65695 69.3861 17
    endloop
  endfacet
  facet normal 0.258505 0.96601 0
    outer loop
      vertex 2.5 69.4281 17
      vertex 2.65695 69.3861 15.2
      vertex 2.5 69.4281 15.2
    endloop
  endfacet
  facet normal 0.0521121 0.998641 -0
    outer loop
      vertex 3 69.35 15.2
      vertex 2.82753 69.359 17
      vertex 3 69.35 17
    endloop
  endfacet
  facet normal 0.0521121 0.998641 0
    outer loop
      vertex 2.82753 69.359 17
      vertex 3 69.35 15.2
      vertex 2.82753 69.359 15.2
    endloop
  endfacet
  facet normal -1 0 0
    outer loop
      vertex 104 68 2.5
      vertex 104 71.5 17
      vertex 104 71.5 2.5
    endloop
  endfacet
  facet normal -1 -0 0
    outer loop
      vertex 104 71.5 17
      vertex 104 68 2.5
      vertex 104 68 17
    endloop
  endfacet
  facet normal 0 -1 0
    outer loop
      vertex 104 68 2.5
      vertex 107.5 68 17
      vertex 104 68 17
    endloop
  endfacet
  facet normal 0 -1 -0
    outer loop
      vertex 107.5 68 17
      vertex 104 68 2.5
      vertex 107.5 68 2.5
    endloop
  endfacet
  facet normal 0.998642 0.052103 0
    outer loop
      vertex 105.359 70.8275 17
      vertex 105.35 71 15.2
      vertex 105.35 71 17
    endloop
  endfacet
  facet normal 0.998642 0.052103 0
    outer loop
      vertex 105.35 71 15.2
      vertex 105.359 70.8275 17
      vertex 105.359 70.8275 15.2
    endloop
  endfacet
  facet normal -0.156526 0.987674 0
    outer loop
      vertex 107.343 69.3861 15.2
      vertex 107.172 69.359 17
      vertex 107.343 69.3861 17
    endloop
  endfacet
  facet normal -0.156526 0.987674 0
    outer loop
      vertex 107.172 69.359 17
      vertex 107.343 69.3861 15.2
      vertex 107.172 69.359 15.2
    endloop
  endfacet
  facet normal 0.989586 0.14394 0
    outer loop
      vertex 105.363 70.8 17
      vertex 105.359 70.8275 15.2
      vertex 105.359 70.8275 17
    endloop
  endfacet
  facet normal 0.989586 0.14394 0
    outer loop
      vertex 105.359 70.8275 15.2
      vertex 105.363 70.8 17
      vertex 105.363 70.8 15.2
    endloop
  endfacet
  facet normal -0.0522541 0.998634 0
    outer loop
      vertex 107.172 69.359 15.2
      vertex 107 69.35 17
      vertex 107.172 69.359 17
    endloop
  endfacet
  facet normal -0.0522541 0.998634 0
    outer loop
      vertex 107 69.35 17
      vertex 107.172 69.359 15.2
      vertex 107 69.35 15.2
    endloop
  endfacet
  facet normal 0.155238 0.987877 -0
    outer loop
      vertex 106.828 69.359 15.2
      vertex 106.8 69.3634 17
      vertex 106.828 69.359 17
    endloop
  endfacet
  facet normal 0.155238 0.987877 0
    outer loop
      vertex 106.8 69.3634 17
      vertex 106.828 69.359 15.2
      vertex 106.8 69.3634 15.2
    endloop
  endfacet
  facet normal 0.998642 -0.052103 0
    outer loop
      vertex 105.35 71 17
      vertex 105.359 71.1725 15.2
      vertex 105.359 71.1725 17
    endloop
  endfacet
  facet normal 0.998642 -0.052103 0
    outer loop
      vertex 105.359 71.1725 15.2
      vertex 105.35 71 17
      vertex 105.35 71 15.2
    endloop
  endfacet
  facet normal 0.965989 -0.258582 0
    outer loop
      vertex 105.386 71.3431 17
      vertex 105.428 71.5 15.2
      vertex 105.428 71.5 17
    endloop
  endfacet
  facet normal 0.965989 -0.258582 0
    outer loop
      vertex 105.428 71.5 15.2
      vertex 105.386 71.3431 17
      vertex 105.386 71.3431 15.2
    endloop
  endfacet
  facet normal -0.258429 0.96603 0
    outer loop
      vertex 107.5 69.4281 15.2
      vertex 107.343 69.3861 17
      vertex 107.5 69.4281 17
    endloop
  endfacet
  facet normal -0.258429 0.96603 0
    outer loop
      vertex 107.343 69.3861 17
      vertex 107.5 69.4281 15.2
      vertex 107.343 69.3861 15.2
    endloop
  endfacet
  facet normal 0.0522541 0.998634 -0
    outer loop
      vertex 107 69.35 15.2
      vertex 106.828 69.359 17
      vertex 107 69.35 17
    endloop
  endfacet
  facet normal 0.0522541 0.998634 0
    outer loop
      vertex 106.828 69.359 17
      vertex 107 69.35 15.2
      vertex 106.828 69.359 15.2
    endloop
  endfacet
  facet normal 0.987707 -0.156319 0
    outer loop
      vertex 105.359 71.1725 17
      vertex 105.386 71.3431 15.2
      vertex 105.386 71.3431 17
    endloop
  endfacet
  facet normal 0.987707 -0.156319 0
    outer loop
      vertex 105.386 71.3431 15.2
      vertex 105.359 71.1725 17
      vertex 105.359 71.1725 15.2
    endloop
  endfacet
  facet normal 0.98771 0.1563 0
    outer loop
      vertex 13.9863 8.76132 6.5
      vertex 13.9454 9.01978 2.5
      vertex 13.9454 9.01978 6.5
    endloop
  endfacet
  facet normal 0.98771 0.1563 0
    outer loop
      vertex 13.9454 9.01978 2.5
      vertex 13.9863 8.76132 6.5
      vertex 13.9863 8.76132 2.5
    endloop
  endfacet
  facet normal 0.998629 0.0523542 0
    outer loop
      vertex 14 8.5 6.5
      vertex 13.9863 8.76132 2.5
      vertex 13.9863 8.76132 6.5
    endloop
  endfacet
  facet normal 0.998629 0.0523542 0
    outer loop
      vertex 13.9863 8.76132 2.5
      vertex 14 8.5 6.5
      vertex 14 8.5 2.5
    endloop
  endfacet
  facet normal 0.965856 0.25908 0
    outer loop
      vertex 13.9454 9.01978 6.5
      vertex 13.8776 9.27254 2.5
      vertex 13.8776 9.27254 6.5
    endloop
  endfacet
  facet normal 0.965856 0.25908 0
    outer loop
      vertex 13.8776 9.27254 2.5
      vertex 13.9454 9.01978 6.5
      vertex 13.9454 9.01978 2.5
    endloop
  endfacet
  facet normal -0.544787 0.838575 0
    outer loop
      vertex 10.25 10.6651 2.5
      vertex 10.0305 10.5225 6.5
      vertex 10.25 10.6651 6.5
    endloop
  endfacet
  facet normal -0.544787 0.838575 0
    outer loop
      vertex 10.0305 10.5225 6.5
      vertex 10.25 10.6651 2.5
      vertex 10.0305 10.5225 2.5
    endloop
  endfacet
  facet normal -0.838669 -0.544642 0
    outer loop
      vertex 9.47746 7.03054 2.5
      vertex 9.33494 7.25 6.5
      vertex 9.33494 7.25 2.5
    endloop
  endfacet
  facet normal -0.838669 -0.544642 0
    outer loop
      vertex 9.33494 7.25 6.5
      vertex 9.47746 7.03054 2.5
      vertex 9.47746 7.03054 6.5
    endloop
  endfacet
  facet normal -0.156388 -0.987696 0
    outer loop
      vertex 10.9802 6.05463 2.5
      vertex 11.2387 6.0137 6.5
      vertex 10.9802 6.05463 6.5
    endloop
  endfacet
  facet normal -0.156388 -0.987696 -0
    outer loop
      vertex 11.2387 6.0137 6.5
      vertex 10.9802 6.05463 2.5
      vertex 11.2387 6.0137 2.5
    endloop
  endfacet
  facet normal -0.453926 0.891039 0
    outer loop
      vertex 10.4832 10.7839 2.5
      vertex 10.25 10.6651 6.5
      vertex 10.4832 10.7839 6.5
    endloop
  endfacet
  facet normal -0.453926 0.891039 0
    outer loop
      vertex 10.25 10.6651 6.5
      vertex 10.4832 10.7839 2.5
      vertex 10.25 10.6651 2.5
    endloop
  endfacet
  facet normal -0.707107 -0.707107 0
    outer loop
      vertex 9.82717 6.64214 2.5
      vertex 9.64214 6.82717 6.5
      vertex 9.64214 6.82717 2.5
    endloop
  endfacet
  facet normal -0.707107 -0.707107 0
    outer loop
      vertex 9.64214 6.82717 6.5
      vertex 9.82717 6.64214 2.5
      vertex 9.82717 6.64214 6.5
    endloop
  endfacet
  facet normal 0.453926 0.891039 -0
    outer loop
      vertex 12.75 10.6651 2.5
      vertex 12.5168 10.7839 6.5
      vertex 12.75 10.6651 6.5
    endloop
  endfacet
  facet normal 0.453926 0.891039 0
    outer loop
      vertex 12.5168 10.7839 6.5
      vertex 12.75 10.6651 2.5
      vertex 12.5168 10.7839 2.5
    endloop
  endfacet
  facet normal -0.777111 0.629363 0
    outer loop
      vertex 9.47746 9.96946 2.5
      vertex 9.64214 10.1728 6.5
      vertex 9.64214 10.1728 2.5
    endloop
  endfacet
  facet normal -0.777111 0.629363 0
    outer loop
      vertex 9.64214 10.1728 6.5
      vertex 9.47746 9.96946 2.5
      vertex 9.47746 9.96946 6.5
    endloop
  endfacet
  facet normal 0.629253 0.7772 -0
    outer loop
      vertex 13.1728 10.3579 2.5
      vertex 12.9695 10.5225 6.5
      vertex 13.1728 10.3579 6.5
    endloop
  endfacet
  facet normal 0.629253 0.7772 0
    outer loop
      vertex 12.9695 10.5225 6.5
      vertex 13.1728 10.3579 2.5
      vertex 12.9695 10.5225 2.5
    endloop
  endfacet
  facet normal 0.358375 -0.933578 0
    outer loop
      vertex 12.2725 6.12236 2.5
      vertex 12.5168 6.21614 6.5
      vertex 12.2725 6.12236 6.5
    endloop
  endfacet
  facet normal 0.358375 -0.933578 0
    outer loop
      vertex 12.5168 6.21614 6.5
      vertex 12.2725 6.12236 2.5
      vertex 12.5168 6.21614 2.5
    endloop
  endfacet
  facet normal 0.707107 0.707107 0
    outer loop
      vertex 13.3579 10.1728 6.5
      vertex 13.1728 10.3579 2.5
      vertex 13.1728 10.3579 6.5
    endloop
  endfacet
  facet normal 0.707107 0.707107 0
    outer loop
      vertex 13.1728 10.3579 2.5
      vertex 13.3579 10.1728 6.5
      vertex 13.3579 10.1728 2.5
    endloop
  endfacet
  facet normal -0.629197 0.777246 0
    outer loop
      vertex 10.0305 10.5225 2.5
      vertex 9.82717 10.3579 6.5
      vertex 10.0305 10.5225 6.5
    endloop
  endfacet
  facet normal -0.629197 0.777246 0
    outer loop
      vertex 9.82717 10.3579 6.5
      vertex 10.0305 10.5225 2.5
      vertex 9.82717 10.3579 2.5
    endloop
  endfacet
  facet normal 0.629438 -0.777051 0
    outer loop
      vertex 12.9695 6.47746 2.5
      vertex 13.1728 6.64214 6.5
      vertex 12.9695 6.47746 6.5
    endloop
  endfacet
  facet normal 0.629438 -0.777051 0
    outer loop
      vertex 13.1728 6.64214 6.5
      vertex 12.9695 6.47746 2.5
      vertex 13.1728 6.64214 2.5
    endloop
  endfacet
  facet normal 0.544572 -0.838714 0
    outer loop
      vertex 12.75 6.33494 2.5
      vertex 12.9695 6.47746 6.5
      vertex 12.75 6.33494 6.5
    endloop
  endfacet
  facet normal 0.544572 -0.838714 0
    outer loop
      vertex 12.9695 6.47746 6.5
      vertex 12.75 6.33494 2.5
      vertex 12.9695 6.47746 2.5
    endloop
  endfacet
  facet normal -0.358108 0.93368 0
    outer loop
      vertex 10.7275 10.8776 2.5
      vertex 10.4832 10.7839 6.5
      vertex 10.7275 10.8776 6.5
    endloop
  endfacet
  facet normal -0.358108 0.93368 0
    outer loop
      vertex 10.4832 10.7839 6.5
      vertex 10.7275 10.8776 2.5
      vertex 10.4832 10.7839 2.5
    endloop
  endfacet
  facet normal -0.987692 -0.156412 0
    outer loop
      vertex 9.05463 7.98022 2.5
      vertex 9.0137 8.23868 6.5
      vertex 9.0137 8.23868 2.5
    endloop
  endfacet
  facet normal -0.987692 -0.156412 0
    outer loop
      vertex 9.0137 8.23868 6.5
      vertex 9.05463 7.98022 2.5
      vertex 9.05463 7.98022 6.5
    endloop
  endfacet
  facet normal -0.156277 0.987713 0
    outer loop
      vertex 11.2387 10.9863 2.5
      vertex 10.9802 10.9454 6.5
      vertex 11.2387 10.9863 6.5
    endloop
  endfacet
  facet normal -0.156277 0.987713 0
    outer loop
      vertex 10.9802 10.9454 6.5
      vertex 11.2387 10.9863 2.5
      vertex 10.9802 10.9454 2.5
    endloop
  endfacet
  facet normal 0.838529 0.544857 0
    outer loop
      vertex 13.6651 9.75 6.5
      vertex 13.5225 9.96946 2.5
      vertex 13.5225 9.96946 6.5
    endloop
  endfacet
  facet normal 0.838529 0.544857 0
    outer loop
      vertex 13.5225 9.96946 2.5
      vertex 13.6651 9.75 6.5
      vertex 13.6651 9.75 2.5
    endloop
  endfacet
  facet normal 0.259137 0.965841 -0
    outer loop
      vertex 12.2725 10.8776 2.5
      vertex 12.0198 10.9454 6.5
      vertex 12.2725 10.8776 6.5
    endloop
  endfacet
  facet normal 0.259137 0.965841 0
    outer loop
      vertex 12.0198 10.9454 6.5
      vertex 12.2725 10.8776 2.5
      vertex 12.0198 10.9454 2.5
    endloop
  endfacet
  facet normal 0.544787 0.838575 -0
    outer loop
      vertex 12.9695 10.5225 2.5
      vertex 12.75 10.6651 6.5
      vertex 12.9695 10.5225 6.5
    endloop
  endfacet
  facet normal 0.544787 0.838575 0
    outer loop
      vertex 12.75 10.6651 6.5
      vertex 12.9695 10.5225 2.5
      vertex 12.75 10.6651 2.5
    endloop
  endfacet
  facet normal 0.358108 0.93368 -0
    outer loop
      vertex 12.5168 10.7839 2.5
      vertex 12.2725 10.8776 6.5
      vertex 12.5168 10.7839 6.5
    endloop
  endfacet
  facet normal 0.358108 0.93368 0
    outer loop
      vertex 12.2725 10.8776 6.5
      vertex 12.5168 10.7839 2.5
      vertex 12.2725 10.8776 2.5
    endloop
  endfacet
  facet normal 0.965856 -0.25908 0
    outer loop
      vertex 13.8776 7.72746 6.5
      vertex 13.9454 7.98022 2.5
      vertex 13.9454 7.98022 6.5
    endloop
  endfacet
  facet normal 0.965856 -0.25908 0
    outer loop
      vertex 13.9454 7.98022 2.5
      vertex 13.8776 7.72746 6.5
      vertex 13.8776 7.72746 2.5
    endloop
  endfacet
  facet normal -0.259137 0.965841 0
    outer loop
      vertex 10.9802 10.9454 2.5
      vertex 10.7275 10.8776 6.5
      vertex 10.9802 10.9454 6.5
    endloop
  endfacet
  facet normal -0.259137 0.965841 0
    outer loop
      vertex 10.7275 10.8776 6.5
      vertex 10.9802 10.9454 2.5
      vertex 10.7275 10.8776 2.5
    endloop
  endfacet
  facet normal 0.453926 -0.891039 0
    outer loop
      vertex 12.5168 6.21614 2.5
      vertex 12.75 6.33494 6.5
      vertex 12.5168 6.21614 6.5
    endloop
  endfacet
  facet normal 0.453926 -0.891039 0
    outer loop
      vertex 12.75 6.33494 6.5
      vertex 12.5168 6.21614 2.5
      vertex 12.75 6.33494 2.5
    endloop
  endfacet
  facet normal 0.0523582 -0.998628 0
    outer loop
      vertex 11.5 6 2.5
      vertex 11.7613 6.0137 6.5
      vertex 11.5 6 6.5
    endloop
  endfacet
  facet normal 0.0523582 -0.998628 0
    outer loop
      vertex 11.7613 6.0137 6.5
      vertex 11.5 6 2.5
      vertex 11.7613 6.0137 2.5
    endloop
  endfacet
  facet normal 0.258888 -0.965907 0
    outer loop
      vertex 12.0198 6.05463 2.5
      vertex 12.2725 6.12236 6.5
      vertex 12.0198 6.05463 6.5
    endloop
  endfacet
  facet normal 0.258888 -0.965907 0
    outer loop
      vertex 12.2725 6.12236 6.5
      vertex 12.0198 6.05463 2.5
      vertex 12.2725 6.12236 2.5
    endloop
  endfacet
  facet normal 0.98771 -0.1563 0
    outer loop
      vertex 13.9454 7.98022 6.5
      vertex 13.9863 8.23868 2.5
      vertex 13.9863 8.23868 6.5
    endloop
  endfacet
  facet normal 0.98771 -0.1563 0
    outer loop
      vertex 13.9863 8.23868 2.5
      vertex 13.9454 7.98022 6.5
      vertex 13.9454 7.98022 2.5
    endloop
  endfacet
  facet normal -0.933578 -0.358375 0
    outer loop
      vertex 9.21614 7.48316 2.5
      vertex 9.12236 7.72746 6.5
      vertex 9.12236 7.72746 2.5
    endloop
  endfacet
  facet normal -0.933578 -0.358375 0
    outer loop
      vertex 9.12236 7.72746 6.5
      vertex 9.21614 7.48316 2.5
      vertex 9.21614 7.48316 6.5
    endloop
  endfacet
  facet normal -0.987692 0.156412 0
    outer loop
      vertex 9.0137 8.76132 2.5
      vertex 9.05463 9.01978 6.5
      vertex 9.05463 9.01978 2.5
    endloop
  endfacet
  facet normal -0.987692 0.156412 0
    outer loop
      vertex 9.05463 9.01978 6.5
      vertex 9.0137 8.76132 2.5
      vertex 9.0137 8.76132 6.5
    endloop
  endfacet
  facet normal 0.891008 -0.453988 0
    outer loop
      vertex 13.6651 7.25 6.5
      vertex 13.7839 7.48316 2.5
      vertex 13.7839 7.48316 6.5
    endloop
  endfacet
  facet normal 0.891008 -0.453988 0
    outer loop
      vertex 13.7839 7.48316 2.5
      vertex 13.6651 7.25 6.5
      vertex 13.6651 7.25 2.5
    endloop
  endfacet
  facet normal -0.965923 -0.25883 0
    outer loop
      vertex 9.12236 7.72746 2.5
      vertex 9.05463 7.98022 6.5
      vertex 9.05463 7.98022 2.5
    endloop
  endfacet
  facet normal -0.965923 -0.25883 0
    outer loop
      vertex 9.05463 7.98022 6.5
      vertex 9.12236 7.72746 2.5
      vertex 9.12236 7.72746 6.5
    endloop
  endfacet
  facet normal -0.453926 -0.891039 0
    outer loop
      vertex 10.25 6.33494 2.5
      vertex 10.4832 6.21614 6.5
      vertex 10.25 6.33494 6.5
    endloop
  endfacet
  facet normal -0.453926 -0.891039 -0
    outer loop
      vertex 10.4832 6.21614 6.5
      vertex 10.25 6.33494 2.5
      vertex 10.4832 6.21614 2.5
    endloop
  endfacet
  facet normal -0.891008 -0.453988 0
    outer loop
      vertex 9.33494 7.25 2.5
      vertex 9.21614 7.48316 6.5
      vertex 9.21614 7.48316 2.5
    endloop
  endfacet
  facet normal -0.891008 -0.453988 0
    outer loop
      vertex 9.21614 7.48316 6.5
      vertex 9.33494 7.25 2.5
      vertex 9.33494 7.25 6.5
    endloop
  endfacet
  facet normal 0.998629 -0.0523542 0
    outer loop
      vertex 13.9863 8.23868 6.5
      vertex 14 8.5 2.5
      vertex 14 8.5 6.5
    endloop
  endfacet
  facet normal 0.998629 -0.0523542 0
    outer loop
      vertex 14 8.5 2.5
      vertex 13.9863 8.23868 6.5
      vertex 13.9863 8.23868 2.5
    endloop
  endfacet
  facet normal 0.777261 0.629178 0
    outer loop
      vertex 13.5225 9.96946 6.5
      vertex 13.3579 10.1728 2.5
      vertex 13.3579 10.1728 6.5
    endloop
  endfacet
  facet normal 0.777261 0.629178 0
    outer loop
      vertex 13.3579 10.1728 2.5
      vertex 13.5225 9.96946 6.5
      vertex 13.5225 9.96946 2.5
    endloop
  endfacet
  facet normal -0.258888 -0.965907 0
    outer loop
      vertex 10.7275 6.12236 2.5
      vertex 10.9802 6.05463 6.5
      vertex 10.7275 6.12236 6.5
    endloop
  endfacet
  facet normal -0.258888 -0.965907 -0
    outer loop
      vertex 10.9802 6.05463 6.5
      vertex 10.7275 6.12236 2.5
      vertex 10.9802 6.05463 2.5
    endloop
  endfacet
  facet normal 0.156388 -0.987696 0
    outer loop
      vertex 11.7613 6.0137 2.5
      vertex 12.0198 6.05463 6.5
      vertex 11.7613 6.0137 6.5
    endloop
  endfacet
  facet normal 0.156388 -0.987696 0
    outer loop
      vertex 12.0198 6.05463 6.5
      vertex 11.7613 6.0137 2.5
      vertex 12.0198 6.05463 2.5
    endloop
  endfacet
  facet normal 0.93368 0.358108 0
    outer loop
      vertex 13.8776 9.27254 6.5
      vertex 13.7839 9.51684 2.5
      vertex 13.7839 9.51684 6.5
    endloop
  endfacet
  facet normal 0.93368 0.358108 0
    outer loop
      vertex 13.7839 9.51684 2.5
      vertex 13.8776 9.27254 6.5
      vertex 13.8776 9.27254 2.5
    endloop
  endfacet
  facet normal -0.891008 0.453988 0
    outer loop
      vertex 9.21614 9.51684 2.5
      vertex 9.33494 9.75 6.5
      vertex 9.33494 9.75 2.5
    endloop
  endfacet
  facet normal -0.891008 0.453988 0
    outer loop
      vertex 9.33494 9.75 6.5
      vertex 9.21614 9.51684 2.5
      vertex 9.21614 9.51684 6.5
    endloop
  endfacet
  facet normal 0.777306 -0.629122 0
    outer loop
      vertex 13.3579 6.82717 6.5
      vertex 13.5225 7.03054 2.5
      vertex 13.5225 7.03054 6.5
    endloop
  endfacet
  facet normal 0.777306 -0.629122 0
    outer loop
      vertex 13.5225 7.03054 2.5
      vertex 13.3579 6.82717 6.5
      vertex 13.3579 6.82717 2.5
    endloop
  endfacet
  facet normal 0.838529 -0.544857 0
    outer loop
      vertex 13.5225 7.03054 6.5
      vertex 13.6651 7.25 2.5
      vertex 13.6651 7.25 6.5
    endloop
  endfacet
  facet normal 0.838529 -0.544857 0
    outer loop
      vertex 13.6651 7.25 2.5
      vertex 13.5225 7.03054 6.5
      vertex 13.5225 7.03054 2.5
    endloop
  endfacet
  facet normal 0.93368 -0.358108 0
    outer loop
      vertex 13.7839 7.48316 6.5
      vertex 13.8776 7.72746 2.5
      vertex 13.8776 7.72746 6.5
    endloop
  endfacet
  facet normal 0.93368 -0.358108 0
    outer loop
      vertex 13.8776 7.72746 2.5
      vertex 13.7839 7.48316 6.5
      vertex 13.7839 7.48316 2.5
    endloop
  endfacet
  facet normal -0.838669 0.544642 0
    outer loop
      vertex 9.33494 9.75 2.5
      vertex 9.47746 9.96946 6.5
      vertex 9.47746 9.96946 2.5
    endloop
  endfacet
  facet normal -0.838669 0.544642 0
    outer loop
      vertex 9.47746 9.96946 6.5
      vertex 9.33494 9.75 2.5
      vertex 9.33494 9.75 6.5
    endloop
  endfacet
  facet normal 0.156277 0.987713 -0
    outer loop
      vertex 12.0198 10.9454 2.5
      vertex 11.7613 10.9863 6.5
      vertex 12.0198 10.9454 6.5
    endloop
  endfacet
  facet normal 0.156277 0.987713 0
    outer loop
      vertex 11.7613 10.9863 6.5
      vertex 12.0198 10.9454 2.5
      vertex 11.7613 10.9863 2.5
    endloop
  endfacet
  facet normal 0.706973 -0.70724 0
    outer loop
      vertex 13.1728 6.64214 6.5
      vertex 13.3579 6.82717 2.5
      vertex 13.3579 6.82717 6.5
    endloop
  endfacet
  facet normal 0.706973 -0.70724 0
    outer loop
      vertex 13.3579 6.82717 2.5
      vertex 13.1728 6.64214 6.5
      vertex 13.1728 6.64214 2.5
    endloop
  endfacet
  facet normal 0.891008 0.453988 0
    outer loop
      vertex 13.7839 9.51684 6.5
      vertex 13.6651 9.75 2.5
      vertex 13.6651 9.75 6.5
    endloop
  endfacet
  facet normal 0.891008 0.453988 0
    outer loop
      vertex 13.6651 9.75 2.5
      vertex 13.7839 9.51684 6.5
      vertex 13.7839 9.51684 2.5
    endloop
  endfacet
  facet normal -0.70724 0.706973 0
    outer loop
      vertex 9.64214 10.1728 2.5
      vertex 9.82717 10.3579 6.5
      vertex 9.82717 10.3579 2.5
    endloop
  endfacet
  facet normal -0.70724 0.706973 0
    outer loop
      vertex 9.82717 10.3579 6.5
      vertex 9.64214 10.1728 2.5
      vertex 9.64214 10.1728 6.5
    endloop
  endfacet
  facet normal -0.0523582 -0.998628 0
    outer loop
      vertex 11.2387 6.0137 2.5
      vertex 11.5 6 6.5
      vertex 11.2387 6.0137 6.5
    endloop
  endfacet
  facet normal -0.0523582 -0.998628 -0
    outer loop
      vertex 11.5 6 6.5
      vertex 11.2387 6.0137 2.5
      vertex 11.5 6 2.5
    endloop
  endfacet
  facet normal -0.0523582 0.998628 0
    outer loop
      vertex 11.5 11 2.5
      vertex 11.2387 10.9863 6.5
      vertex 11.5 11 6.5
    endloop
  endfacet
  facet normal -0.0523582 0.998628 0
    outer loop
      vertex 11.2387 10.9863 6.5
      vertex 11.5 11 2.5
      vertex 11.2387 10.9863 2.5
    endloop
  endfacet
  facet normal -0.998629 -0.0523542 0
    outer loop
      vertex 9.0137 8.23868 2.5
      vertex 9 8.5 6.5
      vertex 9 8.5 2.5
    endloop
  endfacet
  facet normal -0.998629 -0.0523542 0
    outer loop
      vertex 9 8.5 6.5
      vertex 9.0137 8.23868 2.5
      vertex 9.0137 8.23868 6.5
    endloop
  endfacet
  facet normal -0.965923 0.25883 0
    outer loop
      vertex 9.05463 9.01978 2.5
      vertex 9.12236 9.27254 6.5
      vertex 9.12236 9.27254 2.5
    endloop
  endfacet
  facet normal -0.965923 0.25883 0
    outer loop
      vertex 9.12236 9.27254 6.5
      vertex 9.05463 9.01978 2.5
      vertex 9.05463 9.01978 6.5
    endloop
  endfacet
  facet normal -0.777157 -0.629307 0
    outer loop
      vertex 9.64214 6.82717 2.5
      vertex 9.47746 7.03054 6.5
      vertex 9.47746 7.03054 2.5
    endloop
  endfacet
  facet normal -0.777157 -0.629307 0
    outer loop
      vertex 9.47746 7.03054 6.5
      vertex 9.64214 6.82717 2.5
      vertex 9.64214 6.82717 6.5
    endloop
  endfacet
  facet normal -0.933578 0.358375 0
    outer loop
      vertex 9.12236 9.27254 2.5
      vertex 9.21614 9.51684 6.5
      vertex 9.21614 9.51684 2.5
    endloop
  endfacet
  facet normal -0.933578 0.358375 0
    outer loop
      vertex 9.21614 9.51684 6.5
      vertex 9.12236 9.27254 2.5
      vertex 9.12236 9.27254 6.5
    endloop
  endfacet
  facet normal 0.0523582 0.998628 -0
    outer loop
      vertex 11.7613 10.9863 2.5
      vertex 11.5 11 6.5
      vertex 11.7613 10.9863 6.5
    endloop
  endfacet
  facet normal 0.0523582 0.998628 0
    outer loop
      vertex 11.5 11 6.5
      vertex 11.7613 10.9863 2.5
      vertex 11.5 11 2.5
    endloop
  endfacet
  facet normal -0.629382 -0.777096 0
    outer loop
      vertex 9.82717 6.64214 2.5
      vertex 10.0305 6.47746 6.5
      vertex 9.82717 6.64214 6.5
    endloop
  endfacet
  facet normal -0.629382 -0.777096 -0
    outer loop
      vertex 10.0305 6.47746 6.5
      vertex 9.82717 6.64214 2.5
      vertex 10.0305 6.47746 2.5
    endloop
  endfacet
  facet normal -0.544572 -0.838714 0
    outer loop
      vertex 10.0305 6.47746 2.5
      vertex 10.25 6.33494 6.5
      vertex 10.0305 6.47746 6.5
    endloop
  endfacet
  facet normal -0.544572 -0.838714 -0
    outer loop
      vertex 10.25 6.33494 6.5
      vertex 10.0305 6.47746 2.5
      vertex 10.25 6.33494 2.5
    endloop
  endfacet
  facet normal -0.358375 -0.933578 0
    outer loop
      vertex 10.4832 6.21614 2.5
      vertex 10.7275 6.12236 6.5
      vertex 10.4832 6.21614 6.5
    endloop
  endfacet
  facet normal -0.358375 -0.933578 -0
    outer loop
      vertex 10.7275 6.12236 6.5
      vertex 10.4832 6.21614 2.5
      vertex 10.7275 6.12236 2.5
    endloop
  endfacet
  facet normal -0.998629 0.0523542 0
    outer loop
      vertex 9 8.5 2.5
      vertex 9.0137 8.76132 6.5
      vertex 9.0137 8.76132 2.5
    endloop
  endfacet
  facet normal -0.998629 0.0523542 0
    outer loop
      vertex 9.0137 8.76132 6.5
      vertex 9 8.5 2.5
      vertex 9 8.5 6.5
    endloop
  endfacet
  facet normal 0 0 1
    outer loop
      vertex 12.9 8.5 6.5
      vertex 14 8.5 6.5
      vertex 13.9863 8.76132 6.5
    endloop
  endfacet
  facet normal 0 0 1
    outer loop
      vertex 12.8923 8.64634 6.5
      vertex 13.9863 8.76132 6.5
      vertex 13.9454 9.01978 6.5
    endloop
  endfacet
  facet normal 0 0 1
    outer loop
      vertex 14 8.5 6.5
      vertex 12.9 8.5 6.5
      vertex 13.9863 8.23868 6.5
    endloop
  endfacet
  facet normal 0 0 1
    outer loop
      vertex 12.8694 8.79108 6.5
      vertex 13.9454 9.01978 6.5
      vertex 13.8776 9.27254 6.5
    endloop
  endfacet
  facet normal -0 0 1
    outer loop
      vertex 12.8923 8.35366 6.5
      vertex 13.9863 8.23868 6.5
      vertex 12.9 8.5 6.5
    endloop
  endfacet
  facet normal 0 0 1
    outer loop
      vertex 12.8315 8.93262 6.5
      vertex 13.8776 9.27254 6.5
      vertex 13.7839 9.51684 6.5
    endloop
  endfacet
  facet normal 0 0 1
    outer loop
      vertex 13.9863 8.23868 6.5
      vertex 12.8923 8.35366 6.5
      vertex 13.9454 7.98022 6.5
    endloop
  endfacet
  facet normal 0 0 1
    outer loop
      vertex 12.779 9.06943 6.5
      vertex 13.7839 9.51684 6.5
      vertex 13.6651 9.75 6.5
    endloop
  endfacet
  facet normal -0 0 1
    outer loop
      vertex 12.8694 8.20892 6.5
      vertex 13.9454 7.98022 6.5
      vertex 12.8923 8.35366 6.5
    endloop
  endfacet
  facet normal 0 0 1
    outer loop
      vertex 12.7124 9.2 6.5
      vertex 13.6651 9.75 6.5
      vertex 13.5225 9.96946 6.5
    endloop
  endfacet
  facet normal 0 0 1
    outer loop
      vertex 13.9454 7.98022 6.5
      vertex 12.8694 8.20892 6.5
      vertex 13.8776 7.72746 6.5
    endloop
  endfacet
  facet normal 0 0 1
    outer loop
      vertex 12.6326 9.3229 6.5
      vertex 13.5225 9.96946 6.5
      vertex 13.3579 10.1728 6.5
    endloop
  endfacet
  facet normal -0 0 1
    outer loop
      vertex 12.8315 8.06738 6.5
      vertex 13.8776 7.72746 6.5
      vertex 12.8694 8.20892 6.5
    endloop
  endfacet
  facet normal 0 0 1
    outer loop
      vertex 12.5404 9.43678 6.5
      vertex 13.3579 10.1728 6.5
      vertex 13.1728 10.3579 6.5
    endloop
  endfacet
  facet normal 0 0 1
    outer loop
      vertex 13.8776 7.72746 6.5
      vertex 12.8315 8.06738 6.5
      vertex 13.7839 7.48316 6.5
    endloop
  endfacet
  facet normal 0 0 1
    outer loop
      vertex 12.4368 9.5404 6.5
      vertex 13.1728 10.3579 6.5
      vertex 12.9695 10.5225 6.5
    endloop
  endfacet
  facet normal -0 0 1
    outer loop
      vertex 12.779 7.93057 6.5
      vertex 13.7839 7.48316 6.5
      vertex 12.8315 8.06738 6.5
    endloop
  endfacet
  facet normal 0 0 1
    outer loop
      vertex 13.7839 7.48316 6.5
      vertex 12.779 7.93057 6.5
      vertex 13.6651 7.25 6.5
    endloop
  endfacet
  facet normal 0 0 1
    outer loop
      vertex 13.9863 8.76132 6.5
      vertex 12.8923 8.64634 6.5
      vertex 12.9 8.5 6.5
    endloop
  endfacet
  facet normal 0 0 1
    outer loop
      vertex 13.9454 9.01978 6.5
      vertex 12.8694 8.79108 6.5
      vertex 12.8923 8.64634 6.5
    endloop
  endfacet
  facet normal 0 0 1
    outer loop
      vertex 13.8776 9.27254 6.5
      vertex 12.8315 8.93262 6.5
      vertex 12.8694 8.79108 6.5
    endloop
  endfacet
  facet normal 0 0 1
    outer loop
      vertex 13.7839 9.51684 6.5
      vertex 12.779 9.06943 6.5
      vertex 12.8315 8.93262 6.5
    endloop
  endfacet
  facet normal 0 0 1
    outer loop
      vertex 12.3229 9.63262 6.5
      vertex 12.9695 10.5225 6.5
      vertex 12.75 10.6651 6.5
    endloop
  endfacet
  facet normal 0 0 1
    outer loop
      vertex 13.6651 9.75 6.5
      vertex 12.7124 9.2 6.5
      vertex 12.779 9.06943 6.5
    endloop
  endfacet
  facet normal 0 0 1
    outer loop
      vertex 13.5225 9.96946 6.5
      vertex 12.6326 9.3229 6.5
      vertex 12.7124 9.2 6.5
    endloop
  endfacet
  facet normal 0 0 1
    outer loop
      vertex 13.3579 10.1728 6.5
      vertex 12.5404 9.43678 6.5
      vertex 12.6326 9.3229 6.5
    endloop
  endfacet
  facet normal 0 0 1
    outer loop
      vertex 12.2 9.71243 6.5
      vertex 12.75 10.6651 6.5
      vertex 12.5168 10.7839 6.5
    endloop
  endfacet
  facet normal 0 0 1
    outer loop
      vertex 13.1728 10.3579 6.5
      vertex 12.4368 9.5404 6.5
      vertex 12.5404 9.43678 6.5
    endloop
  endfacet
  facet normal 0 0 1
    outer loop
      vertex 12.9695 10.5225 6.5
      vertex 12.3229 9.63262 6.5
      vertex 12.4368 9.5404 6.5
    endloop
  endfacet
  facet normal 0 0 1
    outer loop
      vertex 12.0694 9.77896 6.5
      vertex 12.5168 10.7839 6.5
      vertex 12.2725 10.8776 6.5
    endloop
  endfacet
  facet normal 0 0 1
    outer loop
      vertex 12.75 10.6651 6.5
      vertex 12.2 9.71243 6.5
      vertex 12.3229 9.63262 6.5
    endloop
  endfacet
  facet normal 0 0 1
    outer loop
      vertex 12.5168 10.7839 6.5
      vertex 12.0694 9.77896 6.5
      vertex 12.2 9.71243 6.5
    endloop
  endfacet
  facet normal 0 0 1
    outer loop
      vertex 11.9326 9.83148 6.5
      vertex 12.2725 10.8776 6.5
      vertex 12.0198 10.9454 6.5
    endloop
  endfacet
  facet normal 0 0 1
    outer loop
      vertex 12.2725 10.8776 6.5
      vertex 11.9326 9.83148 6.5
      vertex 12.0694 9.77896 6.5
    endloop
  endfacet
  facet normal 0 0 1
    outer loop
      vertex 12.0198 10.9454 6.5
      vertex 11.7911 9.86941 6.5
      vertex 11.9326 9.83148 6.5
    endloop
  endfacet
  facet normal 0 0 1
    outer loop
      vertex 11.7613 10.9863 6.5
      vertex 11.7911 9.86941 6.5
      vertex 12.0198 10.9454 6.5
    endloop
  endfacet
  facet normal 0 0 1
    outer loop
      vertex 11.7613 10.9863 6.5
      vertex 11.6463 9.89233 6.5
      vertex 11.7911 9.86941 6.5
    endloop
  endfacet
  facet normal 0 0 1
    outer loop
      vertex 11.5 11 6.5
      vertex 11.6463 9.89233 6.5
      vertex 11.7613 10.9863 6.5
    endloop
  endfacet
  facet normal 0 0 1
    outer loop
      vertex 11.5 11 6.5
      vertex 11.5 9.9 6.5
      vertex 11.6463 9.89233 6.5
    endloop
  endfacet
  facet normal 0 0 1
    outer loop
      vertex 11.5 11 6.5
      vertex 11.3537 9.89233 6.5
      vertex 11.5 9.9 6.5
    endloop
  endfacet
  facet normal -0 0 1
    outer loop
      vertex 11.2387 10.9863 6.5
      vertex 11.3537 9.89233 6.5
      vertex 11.5 11 6.5
    endloop
  endfacet
  facet normal 0 0 1
    outer loop
      vertex 11.2387 10.9863 6.5
      vertex 11.2089 9.86941 6.5
      vertex 11.3537 9.89233 6.5
    endloop
  endfacet
  facet normal -0 0 1
    outer loop
      vertex 10.9802 10.9454 6.5
      vertex 11.2089 9.86941 6.5
      vertex 11.2387 10.9863 6.5
    endloop
  endfacet
  facet normal 0 0 1
    outer loop
      vertex 11.2089 9.86941 6.5
      vertex 10.9802 10.9454 6.5
      vertex 11.0674 9.83148 6.5
    endloop
  endfacet
  facet normal -0 0 1
    outer loop
      vertex 10.7275 10.8776 6.5
      vertex 11.0674 9.83148 6.5
      vertex 10.9802 10.9454 6.5
    endloop
  endfacet
  facet normal 0 0 1
    outer loop
      vertex 11.0674 9.83148 6.5
      vertex 10.7275 10.8776 6.5
      vertex 10.9306 9.77896 6.5
    endloop
  endfacet
  facet normal -0 0 1
    outer loop
      vertex 10.4832 10.7839 6.5
      vertex 10.9306 9.77896 6.5
      vertex 10.7275 10.8776 6.5
    endloop
  endfacet
  facet normal 0 0 1
    outer loop
      vertex 10.9306 9.77896 6.5
      vertex 10.4832 10.7839 6.5
      vertex 10.8 9.71243 6.5
    endloop
  endfacet
  facet normal -0 0 1
    outer loop
      vertex 10.25 10.6651 6.5
      vertex 10.8 9.71243 6.5
      vertex 10.4832 10.7839 6.5
    endloop
  endfacet
  facet normal 0 0 1
    outer loop
      vertex 10.8 9.71243 6.5
      vertex 10.25 10.6651 6.5
      vertex 10.6771 9.63262 6.5
    endloop
  endfacet
  facet normal -0 0 1
    outer loop
      vertex 10.0305 10.5225 6.5
      vertex 10.6771 9.63262 6.5
      vertex 10.25 10.6651 6.5
    endloop
  endfacet
  facet normal 0 0 1
    outer loop
      vertex 10.6771 9.63262 6.5
      vertex 10.0305 10.5225 6.5
      vertex 10.5632 9.5404 6.5
    endloop
  endfacet
  facet normal -0 0 1
    outer loop
      vertex 9.82717 10.3579 6.5
      vertex 10.5632 9.5404 6.5
      vertex 10.0305 10.5225 6.5
    endloop
  endfacet
  facet normal 0 0 1
    outer loop
      vertex 10.5632 9.5404 6.5
      vertex 9.82717 10.3579 6.5
      vertex 10.4596 9.43678 6.5
    endloop
  endfacet
  facet normal -0 0 1
    outer loop
      vertex 9.64214 10.1728 6.5
      vertex 10.4596 9.43678 6.5
      vertex 9.82717 10.3579 6.5
    endloop
  endfacet
  facet normal 0 0 1
    outer loop
      vertex 10.4596 9.43678 6.5
      vertex 9.64214 10.1728 6.5
      vertex 10.3674 9.3229 6.5
    endloop
  endfacet
  facet normal -0 0 1
    outer loop
      vertex 9.47746 9.96946 6.5
      vertex 10.3674 9.3229 6.5
      vertex 9.64214 10.1728 6.5
    endloop
  endfacet
  facet normal 0 0 1
    outer loop
      vertex 10.3674 9.3229 6.5
      vertex 9.47746 9.96946 6.5
      vertex 10.2876 9.2 6.5
    endloop
  endfacet
  facet normal 0 0 1
    outer loop
      vertex 10.2876 9.2 6.5
      vertex 9.33494 9.75 6.5
      vertex 10.221 9.06943 6.5
    endloop
  endfacet
  facet normal -0 0 1
    outer loop
      vertex 9.33494 9.75 6.5
      vertex 10.2876 9.2 6.5
      vertex 9.47746 9.96946 6.5
    endloop
  endfacet
  facet normal -0 0 1
    outer loop
      vertex 12.7124 7.8 6.5
      vertex 13.6651 7.25 6.5
      vertex 12.779 7.93057 6.5
    endloop
  endfacet
  facet normal 0 0 1
    outer loop
      vertex 13.6651 7.25 6.5
      vertex 12.7124 7.8 6.5
      vertex 13.5225 7.03054 6.5
    endloop
  endfacet
  facet normal -0 0 1
    outer loop
      vertex 12.6326 7.6771 6.5
      vertex 13.5225 7.03054 6.5
      vertex 12.7124 7.8 6.5
    endloop
  endfacet
  facet normal 0 0 1
    outer loop
      vertex 13.5225 7.03054 6.5
      vertex 12.6326 7.6771 6.5
      vertex 13.3579 6.82717 6.5
    endloop
  endfacet
  facet normal -0 0 1
    outer loop
      vertex 12.5404 7.56322 6.5
      vertex 13.3579 6.82717 6.5
      vertex 12.6326 7.6771 6.5
    endloop
  endfacet
  facet normal 0 0 1
    outer loop
      vertex 13.3579 6.82717 6.5
      vertex 12.5404 7.56322 6.5
      vertex 13.1728 6.64214 6.5
    endloop
  endfacet
  facet normal -0 0 1
    outer loop
      vertex 12.4368 7.4596 6.5
      vertex 13.1728 6.64214 6.5
      vertex 12.5404 7.56322 6.5
    endloop
  endfacet
  facet normal 0 0 1
    outer loop
      vertex 13.1728 6.64214 6.5
      vertex 12.4368 7.4596 6.5
      vertex 12.9695 6.47746 6.5
    endloop
  endfacet
  facet normal -0 0 1
    outer loop
      vertex 12.3229 7.36738 6.5
      vertex 12.9695 6.47746 6.5
      vertex 12.4368 7.4596 6.5
    endloop
  endfacet
  facet normal 0 0 1
    outer loop
      vertex 12.9695 6.47746 6.5
      vertex 12.3229 7.36738 6.5
      vertex 12.75 6.33494 6.5
    endloop
  endfacet
  facet normal -0 0 1
    outer loop
      vertex 12.2 7.28757 6.5
      vertex 12.75 6.33494 6.5
      vertex 12.3229 7.36738 6.5
    endloop
  endfacet
  facet normal 0 0 1
    outer loop
      vertex 12.75 6.33494 6.5
      vertex 12.2 7.28757 6.5
      vertex 12.5168 6.21614 6.5
    endloop
  endfacet
  facet normal -0 0 1
    outer loop
      vertex 12.0694 7.22104 6.5
      vertex 12.5168 6.21614 6.5
      vertex 12.2 7.28757 6.5
    endloop
  endfacet
  facet normal 0 0 1
    outer loop
      vertex 12.5168 6.21614 6.5
      vertex 12.0694 7.22104 6.5
      vertex 12.2725 6.12236 6.5
    endloop
  endfacet
  facet normal -0 0 1
    outer loop
      vertex 11.9326 7.16852 6.5
      vertex 12.2725 6.12236 6.5
      vertex 12.0694 7.22104 6.5
    endloop
  endfacet
  facet normal 0 0 1
    outer loop
      vertex 12.2725 6.12236 6.5
      vertex 11.9326 7.16852 6.5
      vertex 12.0198 6.05463 6.5
    endloop
  endfacet
  facet normal -0 0 1
    outer loop
      vertex 11.7911 7.13059 6.5
      vertex 12.0198 6.05463 6.5
      vertex 11.9326 7.16852 6.5
    endloop
  endfacet
  facet normal 0 0 1
    outer loop
      vertex 11.7911 7.13059 6.5
      vertex 11.7613 6.0137 6.5
      vertex 12.0198 6.05463 6.5
    endloop
  endfacet
  facet normal -0 0 1
    outer loop
      vertex 11.6463 7.10767 6.5
      vertex 11.7613 6.0137 6.5
      vertex 11.7911 7.13059 6.5
    endloop
  endfacet
  facet normal -0 0 1
    outer loop
      vertex 11.5 7.1 6.5
      vertex 11.7613 6.0137 6.5
      vertex 11.6463 7.10767 6.5
    endloop
  endfacet
  facet normal 0 0 1
    outer loop
      vertex 11.5 7.1 6.5
      vertex 11.5 6 6.5
      vertex 11.7613 6.0137 6.5
    endloop
  endfacet
  facet normal 0 0 1
    outer loop
      vertex 11.3537 7.10767 6.5
      vertex 11.5 6 6.5
      vertex 11.5 7.1 6.5
    endloop
  endfacet
  facet normal 0 0 1
    outer loop
      vertex 11.3537 7.10767 6.5
      vertex 11.2387 6.0137 6.5
      vertex 11.5 6 6.5
    endloop
  endfacet
  facet normal 0 0 1
    outer loop
      vertex 11.2089 7.13059 6.5
      vertex 11.2387 6.0137 6.5
      vertex 11.3537 7.10767 6.5
    endloop
  endfacet
  facet normal 0 0 1
    outer loop
      vertex 10.9802 6.05463 6.5
      vertex 11.2089 7.13059 6.5
      vertex 11.0674 7.16852 6.5
    endloop
  endfacet
  facet normal 0 0 1
    outer loop
      vertex 11.2089 7.13059 6.5
      vertex 10.9802 6.05463 6.5
      vertex 11.2387 6.0137 6.5
    endloop
  endfacet
  facet normal 0 0 1
    outer loop
      vertex 10.7275 6.12236 6.5
      vertex 11.0674 7.16852 6.5
      vertex 10.9306 7.22104 6.5
    endloop
  endfacet
  facet normal 0 0 1
    outer loop
      vertex 10.4832 6.21614 6.5
      vertex 10.9306 7.22104 6.5
      vertex 10.8 7.28757 6.5
    endloop
  endfacet
  facet normal 0 0 1
    outer loop
      vertex 11.0674 7.16852 6.5
      vertex 10.7275 6.12236 6.5
      vertex 10.9802 6.05463 6.5
    endloop
  endfacet
  facet normal 0 0 1
    outer loop
      vertex 10.25 6.33494 6.5
      vertex 10.8 7.28757 6.5
      vertex 10.6771 7.36738 6.5
    endloop
  endfacet
  facet normal 0 0 1
    outer loop
      vertex 10.0305 6.47746 6.5
      vertex 10.6771 7.36738 6.5
      vertex 10.5632 7.4596 6.5
    endloop
  endfacet
  facet normal 0 0 1
    outer loop
      vertex 10.9306 7.22104 6.5
      vertex 10.4832 6.21614 6.5
      vertex 10.7275 6.12236 6.5
    endloop
  endfacet
  facet normal 0 0 1
    outer loop
      vertex 9.82717 6.64214 6.5
      vertex 10.5632 7.4596 6.5
      vertex 10.4596 7.56322 6.5
    endloop
  endfacet
  facet normal 0 0 1
    outer loop
      vertex 9.64214 6.82717 6.5
      vertex 10.4596 7.56322 6.5
      vertex 10.3674 7.6771 6.5
    endloop
  endfacet
  facet normal 0 0 1
    outer loop
      vertex 9.47746 7.03054 6.5
      vertex 10.3674 7.6771 6.5
      vertex 10.2876 7.8 6.5
    endloop
  endfacet
  facet normal 0 0 1
    outer loop
      vertex 10.8 7.28757 6.5
      vertex 10.25 6.33494 6.5
      vertex 10.4832 6.21614 6.5
    endloop
  endfacet
  facet normal 0 0 1
    outer loop
      vertex 9.33494 7.25 6.5
      vertex 10.2876 7.8 6.5
      vertex 10.221 7.93057 6.5
    endloop
  endfacet
  facet normal 0 0 1
    outer loop
      vertex 9.21614 7.48316 6.5
      vertex 10.221 7.93057 6.5
      vertex 10.1685 8.06738 6.5
    endloop
  endfacet
  facet normal 0 0 1
    outer loop
      vertex 9.12236 7.72746 6.5
      vertex 10.1685 8.06738 6.5
      vertex 10.1306 8.20892 6.5
    endloop
  endfacet
  facet normal 0 0 1
    outer loop
      vertex 9.05463 7.98022 6.5
      vertex 10.1306 8.20892 6.5
      vertex 10.1077 8.35366 6.5
    endloop
  endfacet
  facet normal 0 0 1
    outer loop
      vertex 10.6771 7.36738 6.5
      vertex 10.0305 6.47746 6.5
      vertex 10.25 6.33494 6.5
    endloop
  endfacet
  facet normal 0 0 1
    outer loop
      vertex 9.0137 8.23868 6.5
      vertex 10.1077 8.35366 6.5
      vertex 10.1 8.5 6.5
    endloop
  endfacet
  facet normal -0 0 1
    outer loop
      vertex 9.21614 9.51684 6.5
      vertex 10.221 9.06943 6.5
      vertex 9.33494 9.75 6.5
    endloop
  endfacet
  facet normal 0 0 1
    outer loop
      vertex 10.221 9.06943 6.5
      vertex 9.21614 9.51684 6.5
      vertex 10.1685 8.93262 6.5
    endloop
  endfacet
  facet normal 0 0 1
    outer loop
      vertex 10.5632 7.4596 6.5
      vertex 9.82717 6.64214 6.5
      vertex 10.0305 6.47746 6.5
    endloop
  endfacet
  facet normal -0 0 1
    outer loop
      vertex 9.12236 9.27254 6.5
      vertex 10.1685 8.93262 6.5
      vertex 9.21614 9.51684 6.5
    endloop
  endfacet
  facet normal 0 0 1
    outer loop
      vertex 10.4596 7.56322 6.5
      vertex 9.64214 6.82717 6.5
      vertex 9.82717 6.64214 6.5
    endloop
  endfacet
  facet normal 0 0 1
    outer loop
      vertex 10.1685 8.93262 6.5
      vertex 9.12236 9.27254 6.5
      vertex 10.1306 8.79108 6.5
    endloop
  endfacet
  facet normal 0 0 1
    outer loop
      vertex 10.3674 7.6771 6.5
      vertex 9.47746 7.03054 6.5
      vertex 9.64214 6.82717 6.5
    endloop
  endfacet
  facet normal -0 0 1
    outer loop
      vertex 9.05463 9.01978 6.5
      vertex 10.1306 8.79108 6.5
      vertex 9.12236 9.27254 6.5
    endloop
  endfacet
  facet normal 0 0 1
    outer loop
      vertex 10.2876 7.8 6.5
      vertex 9.33494 7.25 6.5
      vertex 9.47746 7.03054 6.5
    endloop
  endfacet
  facet normal 0 0 1
    outer loop
      vertex 10.1306 8.79108 6.5
      vertex 9.05463 9.01978 6.5
      vertex 10.1077 8.64634 6.5
    endloop
  endfacet
  facet normal 0 0 1
    outer loop
      vertex 10.221 7.93057 6.5
      vertex 9.21614 7.48316 6.5
      vertex 9.33494 7.25 6.5
    endloop
  endfacet
  facet normal -0 0 1
    outer loop
      vertex 9.0137 8.76132 6.5
      vertex 10.1077 8.64634 6.5
      vertex 9.05463 9.01978 6.5
    endloop
  endfacet
  facet normal 0 0 1
    outer loop
      vertex 10.1685 8.06738 6.5
      vertex 9.12236 7.72746 6.5
      vertex 9.21614 7.48316 6.5
    endloop
  endfacet
  facet normal 0 0 1
    outer loop
      vertex 10.1077 8.64634 6.5
      vertex 9.0137 8.76132 6.5
      vertex 10.1 8.5 6.5
    endloop
  endfacet
  facet normal 0 0 1
    outer loop
      vertex 10.1306 8.20892 6.5
      vertex 9.05463 7.98022 6.5
      vertex 9.12236 7.72746 6.5
    endloop
  endfacet
  facet normal 0 0 1
    outer loop
      vertex 9 8.5 6.5
      vertex 10.1 8.5 6.5
      vertex 9.0137 8.76132 6.5
    endloop
  endfacet
  facet normal 0 0 1
    outer loop
      vertex 10.1077 8.35366 6.5
      vertex 9.0137 8.23868 6.5
      vertex 9.05463 7.98022 6.5
    endloop
  endfacet
  facet normal 0 0 1
    outer loop
      vertex 10.1 8.5 6.5
      vertex 9 8.5 6.5
      vertex 9.0137 8.23868 6.5
    endloop
  endfacet
  facet normal 0.156341 0.987703 -0
    outer loop
      vertex 11.3537 7.10767 2.5
      vertex 11.2089 7.13059 6.5
      vertex 11.3537 7.10767 6.5
    endloop
  endfacet
  facet normal 0.156341 0.987703 0
    outer loop
      vertex 11.2089 7.13059 6.5
      vertex 11.3537 7.10767 2.5
      vertex 11.2089 7.13059 2.5
    endloop
  endfacet
  facet normal 0.707175 0.707039 0
    outer loop
      vertex 10.5632 7.4596 6.5
      vertex 10.4596 7.56322 2.5
      vertex 10.4596 7.56322 6.5
    endloop
  endfacet
  facet normal 0.707175 0.707039 0
    outer loop
      vertex 10.4596 7.56322 2.5
      vertex 10.5632 7.4596 6.5
      vertex 10.5632 7.4596 2.5
    endloop
  endfacet
  facet normal -0.987714 -0.156271 0
    outer loop
      vertex 12.8923 8.64634 2.5
      vertex 12.8694 8.79108 6.5
      vertex 12.8694 8.79108 2.5
    endloop
  endfacet
  facet normal -0.987714 -0.156271 0
    outer loop
      vertex 12.8694 8.79108 6.5
      vertex 12.8923 8.64634 2.5
      vertex 12.8923 8.64634 6.5
    endloop
  endfacet
  facet normal 0.156341 -0.987703 0
    outer loop
      vertex 11.2089 9.86941 2.5
      vertex 11.3537 9.89233 6.5
      vertex 11.2089 9.86941 6.5
    endloop
  endfacet
  facet normal 0.156341 -0.987703 0
    outer loop
      vertex 11.3537 9.89233 6.5
      vertex 11.2089 9.86941 2.5
      vertex 11.3537 9.89233 2.5
    endloop
  endfacet
  facet normal -0.453915 -0.891045 0
    outer loop
      vertex 12.0694 9.77896 2.5
      vertex 12.2 9.71243 6.5
      vertex 12.0694 9.77896 6.5
    endloop
  endfacet
  facet normal -0.453915 -0.891045 -0
    outer loop
      vertex 12.2 9.71243 6.5
      vertex 12.0694 9.77896 2.5
      vertex 12.2 9.71243 2.5
    endloop
  endfacet
  facet normal 0.0523546 0.998629 -0
    outer loop
      vertex 11.5 7.1 2.5
      vertex 11.3537 7.10767 6.5
      vertex 11.5 7.1 6.5
    endloop
  endfacet
  facet normal 0.0523546 0.998629 0
    outer loop
      vertex 11.3537 7.10767 6.5
      vertex 11.5 7.1 2.5
      vertex 11.3537 7.10767 2.5
    endloop
  endfacet
  facet normal 0.965969 0.258656 0
    outer loop
      vertex 10.1685 8.06738 6.5
      vertex 10.1306 8.20892 2.5
      vertex 10.1306 8.20892 6.5
    endloop
  endfacet
  facet normal 0.965969 0.258656 0
    outer loop
      vertex 10.1306 8.20892 2.5
      vertex 10.1685 8.06738 6.5
      vertex 10.1685 8.06738 2.5
    endloop
  endfacet
  facet normal -0.544629 0.838677 0
    outer loop
      vertex 12.3229 7.36738 2.5
      vertex 12.2 7.28757 6.5
      vertex 12.3229 7.36738 6.5
    endloop
  endfacet
  facet normal -0.544629 0.838677 0
    outer loop
      vertex 12.2 7.28757 6.5
      vertex 12.3229 7.36738 2.5
      vertex 12.2 7.28757 2.5
    endloop
  endfacet
  facet normal -0.707175 -0.707039 0
    outer loop
      vertex 12.5404 9.43678 2.5
      vertex 12.4368 9.5404 6.5
      vertex 12.4368 9.5404 2.5
    endloop
  endfacet
  facet normal -0.707175 -0.707039 0
    outer loop
      vertex 12.4368 9.5404 6.5
      vertex 12.5404 9.43678 2.5
      vertex 12.5404 9.43678 6.5
    endloop
  endfacet
  facet normal -0.777207 0.629245 0
    outer loop
      vertex 12.5404 7.56322 2.5
      vertex 12.6326 7.6771 6.5
      vertex 12.6326 7.6771 2.5
    endloop
  endfacet
  facet normal -0.777207 0.629245 0
    outer loop
      vertex 12.6326 7.6771 6.5
      vertex 12.5404 7.56322 2.5
      vertex 12.5404 7.56322 6.5
    endloop
  endfacet
  facet normal -0.0523546 -0.998629 0
    outer loop
      vertex 11.5 9.9 2.5
      vertex 11.6463 9.89233 6.5
      vertex 11.5 9.9 6.5
    endloop
  endfacet
  facet normal -0.0523546 -0.998629 -0
    outer loop
      vertex 11.6463 9.89233 6.5
      vertex 11.5 9.9 2.5
      vertex 11.6463 9.89233 2.5
    endloop
  endfacet
  facet normal -0.933618 -0.35827 0
    outer loop
      vertex 12.8315 8.93262 2.5
      vertex 12.779 9.06943 6.5
      vertex 12.779 9.06943 2.5
    endloop
  endfacet
  facet normal -0.933618 -0.35827 0
    outer loop
      vertex 12.779 9.06943 6.5
      vertex 12.8315 8.93262 2.5
      vertex 12.8315 8.93262 6.5
    endloop
  endfacet
  facet normal 0.258916 -0.9659 0
    outer loop
      vertex 11.0674 9.83148 2.5
      vertex 11.2089 9.86941 6.5
      vertex 11.0674 9.83148 6.5
    endloop
  endfacet
  facet normal 0.258916 -0.9659 0
    outer loop
      vertex 11.2089 9.86941 6.5
      vertex 11.0674 9.83148 2.5
      vertex 11.2089 9.86941 2.5
    endloop
  endfacet
  facet normal 0.0523546 -0.998629 0
    outer loop
      vertex 11.3537 9.89233 2.5
      vertex 11.5 9.9 6.5
      vertex 11.3537 9.89233 6.5
    endloop
  endfacet
  facet normal 0.0523546 -0.998629 0
    outer loop
      vertex 11.5 9.9 6.5
      vertex 11.3537 9.89233 2.5
      vertex 11.5 9.9 2.5
    endloop
  endfacet
  facet normal -0.629261 0.777194 0
    outer loop
      vertex 12.4368 7.4596 2.5
      vertex 12.3229 7.36738 6.5
      vertex 12.4368 7.4596 6.5
    endloop
  endfacet
  facet normal -0.629261 0.777194 0
    outer loop
      vertex 12.3229 7.36738 6.5
      vertex 12.4368 7.4596 2.5
      vertex 12.3229 7.36738 2.5
    endloop
  endfacet
  facet normal 0.544629 -0.838677 0
    outer loop
      vertex 10.6771 9.63262 2.5
      vertex 10.8 9.71243 6.5
      vertex 10.6771 9.63262 6.5
    endloop
  endfacet
  facet normal 0.544629 -0.838677 0
    outer loop
      vertex 10.8 9.71243 6.5
      vertex 10.6771 9.63262 2.5
      vertex 10.8 9.71243 2.5
    endloop
  endfacet
  facet normal -0.89081 0.454376 0
    outer loop
      vertex 12.7124 7.8 2.5
      vertex 12.779 7.93057 6.5
      vertex 12.779 7.93057 2.5
    endloop
  endfacet
  facet normal -0.89081 0.454376 0
    outer loop
      vertex 12.779 7.93057 6.5
      vertex 12.7124 7.8 2.5
      vertex 12.7124 7.8 6.5
    endloop
  endfacet
  facet normal 0.89081 0.454376 0
    outer loop
      vertex 10.2876 7.8 6.5
      vertex 10.221 7.93057 2.5
      vertex 10.221 7.93057 6.5
    endloop
  endfacet
  facet normal 0.89081 0.454376 0
    outer loop
      vertex 10.221 7.93057 2.5
      vertex 10.2876 7.8 6.5
      vertex 10.2876 7.8 2.5
    endloop
  endfacet
  facet normal -0.998619 -0.0525445 0
    outer loop
      vertex 12.9 8.5 2.5
      vertex 12.8923 8.64634 6.5
      vertex 12.8923 8.64634 2.5
    endloop
  endfacet
  facet normal -0.998619 -0.0525445 0
    outer loop
      vertex 12.8923 8.64634 6.5
      vertex 12.9 8.5 2.5
      vertex 12.9 8.5 6.5
    endloop
  endfacet
  facet normal 0.89081 -0.454376 0
    outer loop
      vertex 10.221 9.06943 6.5
      vertex 10.2876 9.2 2.5
      vertex 10.2876 9.2 6.5
    endloop
  endfacet
  facet normal 0.89081 -0.454376 0
    outer loop
      vertex 10.2876 9.2 2.5
      vertex 10.221 9.06943 6.5
      vertex 10.221 9.06943 2.5
    endloop
  endfacet
  facet normal -0.965969 -0.258656 0
    outer loop
      vertex 12.8694 8.79108 2.5
      vertex 12.8315 8.93262 6.5
      vertex 12.8315 8.93262 2.5
    endloop
  endfacet
  facet normal -0.965969 -0.258656 0
    outer loop
      vertex 12.8315 8.93262 6.5
      vertex 12.8694 8.79108 2.5
      vertex 12.8694 8.79108 6.5
    endloop
  endfacet
  facet normal 0.998619 0.0525445 0
    outer loop
      vertex 10.1077 8.35366 6.5
      vertex 10.1 8.5 2.5
      vertex 10.1 8.5 6.5
    endloop
  endfacet
  facet normal 0.998619 0.0525445 0
    outer loop
      vertex 10.1 8.5 2.5
      vertex 10.1077 8.35366 6.5
      vertex 10.1077 8.35366 2.5
    endloop
  endfacet
  facet normal 0.933618 0.35827 0
    outer loop
      vertex 10.221 7.93057 6.5
      vertex 10.1685 8.06738 2.5
      vertex 10.1685 8.06738 6.5
    endloop
  endfacet
  facet normal 0.933618 0.35827 0
    outer loop
      vertex 10.1685 8.06738 2.5
      vertex 10.221 7.93057 6.5
      vertex 10.221 7.93057 2.5
    endloop
  endfacet
  facet normal -0.156341 0.987703 0
    outer loop
      vertex 11.7911 7.13059 2.5
      vertex 11.6463 7.10767 6.5
      vertex 11.7911 7.13059 6.5
    endloop
  endfacet
  facet normal -0.156341 0.987703 0
    outer loop
      vertex 11.6463 7.10767 6.5
      vertex 11.7911 7.13059 2.5
      vertex 11.6463 7.10767 2.5
    endloop
  endfacet
  facet normal 0.629261 -0.777194 0
    outer loop
      vertex 10.5632 9.5404 2.5
      vertex 10.6771 9.63262 6.5
      vertex 10.5632 9.5404 6.5
    endloop
  endfacet
  facet normal 0.629261 -0.777194 0
    outer loop
      vertex 10.6771 9.63262 6.5
      vertex 10.5632 9.5404 2.5
      vertex 10.6771 9.63262 2.5
    endloop
  endfacet
  facet normal -0.838709 -0.544581 0
    outer loop
      vertex 12.7124 9.2 2.5
      vertex 12.6326 9.3229 6.5
      vertex 12.6326 9.3229 2.5
    endloop
  endfacet
  facet normal -0.838709 -0.544581 0
    outer loop
      vertex 12.6326 9.3229 6.5
      vertex 12.7124 9.2 2.5
      vertex 12.7124 9.2 6.5
    endloop
  endfacet
  facet normal -0.89081 -0.454376 0
    outer loop
      vertex 12.779 9.06943 2.5
      vertex 12.7124 9.2 6.5
      vertex 12.7124 9.2 2.5
    endloop
  endfacet
  facet normal -0.89081 -0.454376 0
    outer loop
      vertex 12.7124 9.2 6.5
      vertex 12.779 9.06943 2.5
      vertex 12.779 9.06943 6.5
    endloop
  endfacet
  facet normal 0.258916 0.9659 -0
    outer loop
      vertex 11.2089 7.13059 2.5
      vertex 11.0674 7.16852 6.5
      vertex 11.2089 7.13059 6.5
    endloop
  endfacet
  facet normal 0.258916 0.9659 0
    outer loop
      vertex 11.0674 7.16852 6.5
      vertex 11.2089 7.13059 2.5
      vertex 11.0674 7.16852 2.5
    endloop
  endfacet
  facet normal 0.358412 0.933564 -0
    outer loop
      vertex 11.0674 7.16852 2.5
      vertex 10.9306 7.22104 6.5
      vertex 11.0674 7.16852 6.5
    endloop
  endfacet
  facet normal 0.358412 0.933564 0
    outer loop
      vertex 10.9306 7.22104 6.5
      vertex 11.0674 7.16852 2.5
      vertex 10.9306 7.22104 2.5
    endloop
  endfacet
  facet normal -0.777207 -0.629245 0
    outer loop
      vertex 12.6326 9.3229 2.5
      vertex 12.5404 9.43678 6.5
      vertex 12.5404 9.43678 2.5
    endloop
  endfacet
  facet normal -0.777207 -0.629245 0
    outer loop
      vertex 12.5404 9.43678 6.5
      vertex 12.6326 9.3229 2.5
      vertex 12.6326 9.3229 6.5
    endloop
  endfacet
  facet normal 0.544629 0.838677 -0
    outer loop
      vertex 10.8 7.28757 2.5
      vertex 10.6771 7.36738 6.5
      vertex 10.8 7.28757 6.5
    endloop
  endfacet
  facet normal 0.544629 0.838677 0
    outer loop
      vertex 10.6771 7.36738 6.5
      vertex 10.8 7.28757 2.5
      vertex 10.6771 7.36738 2.5
    endloop
  endfacet
  facet normal -0.838709 0.544581 0
    outer loop
      vertex 12.6326 7.6771 2.5
      vertex 12.7124 7.8 6.5
      vertex 12.7124 7.8 2.5
    endloop
  endfacet
  facet normal -0.838709 0.544581 0
    outer loop
      vertex 12.7124 7.8 6.5
      vertex 12.6326 7.6771 2.5
      vertex 12.6326 7.6771 6.5
    endloop
  endfacet
  facet normal -0.998619 0.0525445 0
    outer loop
      vertex 12.8923 8.35366 2.5
      vertex 12.9 8.5 6.5
      vertex 12.9 8.5 2.5
    endloop
  endfacet
  facet normal -0.998619 0.0525445 0
    outer loop
      vertex 12.9 8.5 6.5
      vertex 12.8923 8.35366 2.5
      vertex 12.8923 8.35366 6.5
    endloop
  endfacet
  facet normal -0.258916 -0.9659 0
    outer loop
      vertex 11.7911 9.86941 2.5
      vertex 11.9326 9.83148 6.5
      vertex 11.7911 9.86941 6.5
    endloop
  endfacet
  facet normal -0.258916 -0.9659 -0
    outer loop
      vertex 11.9326 9.83148 6.5
      vertex 11.7911 9.86941 2.5
      vertex 11.9326 9.83148 2.5
    endloop
  endfacet
  facet normal 0.453915 0.891045 -0
    outer loop
      vertex 10.9306 7.22104 2.5
      vertex 10.8 7.28757 6.5
      vertex 10.9306 7.22104 6.5
    endloop
  endfacet
  facet normal 0.453915 0.891045 0
    outer loop
      vertex 10.8 7.28757 6.5
      vertex 10.9306 7.22104 2.5
      vertex 10.8 7.28757 2.5
    endloop
  endfacet
  facet normal 0.838709 -0.544581 0
    outer loop
      vertex 10.2876 9.2 6.5
      vertex 10.3674 9.3229 2.5
      vertex 10.3674 9.3229 6.5
    endloop
  endfacet
  facet normal 0.838709 -0.544581 0
    outer loop
      vertex 10.3674 9.3229 2.5
      vertex 10.2876 9.2 6.5
      vertex 10.2876 9.2 2.5
    endloop
  endfacet
  facet normal -0.987714 0.156271 0
    outer loop
      vertex 12.8694 8.20892 2.5
      vertex 12.8923 8.35366 6.5
      vertex 12.8923 8.35366 2.5
    endloop
  endfacet
  facet normal -0.987714 0.156271 0
    outer loop
      vertex 12.8923 8.35366 6.5
      vertex 12.8694 8.20892 2.5
      vertex 12.8694 8.20892 6.5
    endloop
  endfacet
  facet normal 0.707175 -0.707039 0
    outer loop
      vertex 10.4596 9.43678 6.5
      vertex 10.5632 9.5404 2.5
      vertex 10.5632 9.5404 6.5
    endloop
  endfacet
  facet normal 0.707175 -0.707039 0
    outer loop
      vertex 10.5632 9.5404 2.5
      vertex 10.4596 9.43678 6.5
      vertex 10.4596 9.43678 2.5
    endloop
  endfacet
  facet normal -0.0523546 0.998629 0
    outer loop
      vertex 11.6463 7.10767 2.5
      vertex 11.5 7.1 6.5
      vertex 11.6463 7.10767 6.5
    endloop
  endfacet
  facet normal -0.0523546 0.998629 0
    outer loop
      vertex 11.5 7.1 6.5
      vertex 11.6463 7.10767 2.5
      vertex 11.5 7.1 2.5
    endloop
  endfacet
  facet normal 0.998619 -0.0525445 0
    outer loop
      vertex 10.1 8.5 6.5
      vertex 10.1077 8.64634 2.5
      vertex 10.1077 8.64634 6.5
    endloop
  endfacet
  facet normal 0.998619 -0.0525445 0
    outer loop
      vertex 10.1077 8.64634 2.5
      vertex 10.1 8.5 6.5
      vertex 10.1 8.5 2.5
    endloop
  endfacet
  facet normal 0.629261 0.777194 -0
    outer loop
      vertex 10.6771 7.36738 2.5
      vertex 10.5632 7.4596 6.5
      vertex 10.6771 7.36738 6.5
    endloop
  endfacet
  facet normal 0.629261 0.777194 0
    outer loop
      vertex 10.5632 7.4596 6.5
      vertex 10.6771 7.36738 2.5
      vertex 10.5632 7.4596 2.5
    endloop
  endfacet
  facet normal -0.358412 -0.933564 0
    outer loop
      vertex 11.9326 9.83148 2.5
      vertex 12.0694 9.77896 6.5
      vertex 11.9326 9.83148 6.5
    endloop
  endfacet
  facet normal -0.358412 -0.933564 -0
    outer loop
      vertex 12.0694 9.77896 6.5
      vertex 11.9326 9.83148 2.5
      vertex 12.0694 9.77896 2.5
    endloop
  endfacet
  facet normal -0.544629 -0.838677 0
    outer loop
      vertex 12.2 9.71243 2.5
      vertex 12.3229 9.63262 6.5
      vertex 12.2 9.71243 6.5
    endloop
  endfacet
  facet normal -0.544629 -0.838677 -0
    outer loop
      vertex 12.3229 9.63262 6.5
      vertex 12.2 9.71243 2.5
      vertex 12.3229 9.63262 2.5
    endloop
  endfacet
  facet normal -0.965969 0.258656 0
    outer loop
      vertex 12.8315 8.06738 2.5
      vertex 12.8694 8.20892 6.5
      vertex 12.8694 8.20892 2.5
    endloop
  endfacet
  facet normal -0.965969 0.258656 0
    outer loop
      vertex 12.8694 8.20892 6.5
      vertex 12.8315 8.06738 2.5
      vertex 12.8315 8.06738 6.5
    endloop
  endfacet
  facet normal -0.933618 0.35827 0
    outer loop
      vertex 12.779 7.93057 2.5
      vertex 12.8315 8.06738 6.5
      vertex 12.8315 8.06738 2.5
    endloop
  endfacet
  facet normal -0.933618 0.35827 0
    outer loop
      vertex 12.8315 8.06738 6.5
      vertex 12.779 7.93057 2.5
      vertex 12.779 7.93057 6.5
    endloop
  endfacet
  facet normal -0.258916 0.9659 0
    outer loop
      vertex 11.9326 7.16852 2.5
      vertex 11.7911 7.13059 6.5
      vertex 11.9326 7.16852 6.5
    endloop
  endfacet
  facet normal -0.258916 0.9659 0
    outer loop
      vertex 11.7911 7.13059 6.5
      vertex 11.9326 7.16852 2.5
      vertex 11.7911 7.13059 2.5
    endloop
  endfacet
  facet normal 0.987714 -0.156271 0
    outer loop
      vertex 10.1077 8.64634 6.5
      vertex 10.1306 8.79108 2.5
      vertex 10.1306 8.79108 6.5
    endloop
  endfacet
  facet normal 0.987714 -0.156271 0
    outer loop
      vertex 10.1306 8.79108 2.5
      vertex 10.1077 8.64634 6.5
      vertex 10.1077 8.64634 2.5
    endloop
  endfacet
  facet normal 0.933618 -0.35827 0
    outer loop
      vertex 10.1685 8.93262 6.5
      vertex 10.221 9.06943 2.5
      vertex 10.221 9.06943 6.5
    endloop
  endfacet
  facet normal 0.933618 -0.35827 0
    outer loop
      vertex 10.221 9.06943 2.5
      vertex 10.1685 8.93262 6.5
      vertex 10.1685 8.93262 2.5
    endloop
  endfacet
  facet normal -0.629261 -0.777194 0
    outer loop
      vertex 12.3229 9.63262 2.5
      vertex 12.4368 9.5404 6.5
      vertex 12.3229 9.63262 6.5
    endloop
  endfacet
  facet normal -0.629261 -0.777194 -0
    outer loop
      vertex 12.4368 9.5404 6.5
      vertex 12.3229 9.63262 2.5
      vertex 12.4368 9.5404 2.5
    endloop
  endfacet
  facet normal -0.156341 -0.987703 0
    outer loop
      vertex 11.6463 9.89233 2.5
      vertex 11.7911 9.86941 6.5
      vertex 11.6463 9.89233 6.5
    endloop
  endfacet
  facet normal -0.156341 -0.987703 -0
    outer loop
      vertex 11.7911 9.86941 6.5
      vertex 11.6463 9.89233 2.5
      vertex 11.7911 9.86941 2.5
    endloop
  endfacet
  facet normal 0.777207 0.629245 0
    outer loop
      vertex 10.4596 7.56322 6.5
      vertex 10.3674 7.6771 2.5
      vertex 10.3674 7.6771 6.5
    endloop
  endfacet
  facet normal 0.777207 0.629245 0
    outer loop
      vertex 10.3674 7.6771 2.5
      vertex 10.4596 7.56322 6.5
      vertex 10.4596 7.56322 2.5
    endloop
  endfacet
  facet normal 0.838709 0.544581 0
    outer loop
      vertex 10.3674 7.6771 6.5
      vertex 10.2876 7.8 2.5
      vertex 10.2876 7.8 6.5
    endloop
  endfacet
  facet normal 0.838709 0.544581 0
    outer loop
      vertex 10.2876 7.8 2.5
      vertex 10.3674 7.6771 6.5
      vertex 10.3674 7.6771 2.5
    endloop
  endfacet
  facet normal -0.707175 0.707039 0
    outer loop
      vertex 12.4368 7.4596 2.5
      vertex 12.5404 7.56322 6.5
      vertex 12.5404 7.56322 2.5
    endloop
  endfacet
  facet normal -0.707175 0.707039 0
    outer loop
      vertex 12.5404 7.56322 6.5
      vertex 12.4368 7.4596 2.5
      vertex 12.4368 7.4596 6.5
    endloop
  endfacet
  facet normal 0.965969 -0.258656 0
    outer loop
      vertex 10.1306 8.79108 6.5
      vertex 10.1685 8.93262 2.5
      vertex 10.1685 8.93262 6.5
    endloop
  endfacet
  facet normal 0.965969 -0.258656 0
    outer loop
      vertex 10.1685 8.93262 2.5
      vertex 10.1306 8.79108 6.5
      vertex 10.1306 8.79108 2.5
    endloop
  endfacet
  facet normal 0.987714 0.156271 0
    outer loop
      vertex 10.1306 8.20892 6.5
      vertex 10.1077 8.35366 2.5
      vertex 10.1077 8.35366 6.5
    endloop
  endfacet
  facet normal 0.987714 0.156271 0
    outer loop
      vertex 10.1077 8.35366 2.5
      vertex 10.1306 8.20892 6.5
      vertex 10.1306 8.20892 2.5
    endloop
  endfacet
  facet normal -0.358412 0.933564 0
    outer loop
      vertex 12.0694 7.22104 2.5
      vertex 11.9326 7.16852 6.5
      vertex 12.0694 7.22104 6.5
    endloop
  endfacet
  facet normal -0.358412 0.933564 0
    outer loop
      vertex 11.9326 7.16852 6.5
      vertex 12.0694 7.22104 2.5
      vertex 11.9326 7.16852 2.5
    endloop
  endfacet
  facet normal -0.453915 0.891045 0
    outer loop
      vertex 12.2 7.28757 2.5
      vertex 12.0694 7.22104 6.5
      vertex 12.2 7.28757 6.5
    endloop
  endfacet
  facet normal -0.453915 0.891045 0
    outer loop
      vertex 12.0694 7.22104 6.5
      vertex 12.2 7.28757 2.5
      vertex 12.0694 7.22104 2.5
    endloop
  endfacet
  facet normal 0.777207 -0.629245 0
    outer loop
      vertex 10.3674 9.3229 6.5
      vertex 10.4596 9.43678 2.5
      vertex 10.4596 9.43678 6.5
    endloop
  endfacet
  facet normal 0.777207 -0.629245 0
    outer loop
      vertex 10.4596 9.43678 2.5
      vertex 10.3674 9.3229 6.5
      vertex 10.3674 9.3229 2.5
    endloop
  endfacet
  facet normal 0.453915 -0.891045 0
    outer loop
      vertex 10.8 9.71243 2.5
      vertex 10.9306 9.77896 6.5
      vertex 10.8 9.71243 6.5
    endloop
  endfacet
  facet normal 0.453915 -0.891045 0
    outer loop
      vertex 10.9306 9.77896 6.5
      vertex 10.8 9.71243 2.5
      vertex 10.9306 9.77896 2.5
    endloop
  endfacet
  facet normal 0.358412 -0.933564 0
    outer loop
      vertex 10.9306 9.77896 2.5
      vertex 11.0674 9.83148 6.5
      vertex 10.9306 9.77896 6.5
    endloop
  endfacet
  facet normal 0.358412 -0.933564 0
    outer loop
      vertex 11.0674 9.83148 6.5
      vertex 10.9306 9.77896 2.5
      vertex 11.0674 9.83148 2.5
    endloop
  endfacet
  facet normal 0.987651 0.156673 0
    outer loop
      vertex 100.986 8.76132 6.5
      vertex 100.945 9.01978 2.5
      vertex 100.945 9.01978 6.5
    endloop
  endfacet
  facet normal 0.987651 0.156673 0
    outer loop
      vertex 100.945 9.01978 2.5
      vertex 100.986 8.76132 6.5
      vertex 100.986 8.76132 2.5
    endloop
  endfacet
  facet normal 0.998568 0.0534974 0
    outer loop
      vertex 101 8.5 6.5
      vertex 100.986 8.76132 2.5
      vertex 100.986 8.76132 6.5
    endloop
  endfacet
  facet normal 0.998568 0.0534974 0
    outer loop
      vertex 100.986 8.76132 2.5
      vertex 101 8.5 6.5
      vertex 101 8.5 2.5
    endloop
  endfacet
  facet normal 0.966617 0.256225 0
    outer loop
      vertex 100.945 9.01978 6.5
      vertex 100.878 9.27254 2.5
      vertex 100.878 9.27254 6.5
    endloop
  endfacet
  facet normal 0.966617 0.256225 0
    outer loop
      vertex 100.878 9.27254 2.5
      vertex 100.945 9.01978 6.5
      vertex 100.945 9.01978 2.5
    endloop
  endfacet
  facet normal -0.544787 0.838575 0
    outer loop
      vertex 97.25 10.6651 2.5
      vertex 97.0305 10.5225 6.5
      vertex 97.25 10.6651 6.5
    endloop
  endfacet
  facet normal -0.544787 0.838575 0
    outer loop
      vertex 97.0305 10.5225 6.5
      vertex 97.25 10.6651 2.5
      vertex 97.0305 10.5225 2.5
    endloop
  endfacet
  facet normal -0.838529 -0.544857 0
    outer loop
      vertex 96.4775 7.03054 2.5
      vertex 96.3349 7.25 6.5
      vertex 96.3349 7.25 2.5
    endloop
  endfacet
  facet normal -0.838529 -0.544857 0
    outer loop
      vertex 96.3349 7.25 6.5
      vertex 96.4775 7.03054 2.5
      vertex 96.4775 7.03054 6.5
    endloop
  endfacet
  facet normal -0.156388 -0.987696 0
    outer loop
      vertex 97.9802 6.05463 2.5
      vertex 98.2387 6.0137 6.5
      vertex 97.9802 6.05463 6.5
    endloop
  endfacet
  facet normal -0.156388 -0.987696 -0
    outer loop
      vertex 98.2387 6.0137 6.5
      vertex 97.9802 6.05463 2.5
      vertex 98.2387 6.0137 2.5
    endloop
  endfacet
  facet normal -0.453926 0.891039 0
    outer loop
      vertex 97.4832 10.7839 2.5
      vertex 97.25 10.6651 6.5
      vertex 97.4832 10.7839 6.5
    endloop
  endfacet
  facet normal -0.453926 0.891039 0
    outer loop
      vertex 97.25 10.6651 6.5
      vertex 97.4832 10.7839 2.5
      vertex 97.25 10.6651 2.5
    endloop
  endfacet
  facet normal -0.706973 -0.70724 0
    outer loop
      vertex 96.8272 6.64214 2.5
      vertex 96.6421 6.82717 6.5
      vertex 96.6421 6.82717 2.5
    endloop
  endfacet
  facet normal -0.706973 -0.70724 0
    outer loop
      vertex 96.6421 6.82717 6.5
      vertex 96.8272 6.64214 2.5
      vertex 96.8272 6.64214 6.5
    endloop
  endfacet
  facet normal 0.453926 0.891039 -0
    outer loop
      vertex 99.75 10.6651 2.5
      vertex 99.5168 10.7839 6.5
      vertex 99.75 10.6651 6.5
    endloop
  endfacet
  facet normal 0.453926 0.891039 0
    outer loop
      vertex 99.5168 10.7839 6.5
      vertex 99.75 10.6651 2.5
      vertex 99.5168 10.7839 2.5
    endloop
  endfacet
  facet normal -0.777261 0.629178 0
    outer loop
      vertex 96.4775 9.96946 2.5
      vertex 96.6421 10.1728 6.5
      vertex 96.6421 10.1728 2.5
    endloop
  endfacet
  facet normal -0.777261 0.629178 0
    outer loop
      vertex 96.6421 10.1728 6.5
      vertex 96.4775 9.96946 2.5
      vertex 96.4775 9.96946 6.5
    endloop
  endfacet
  facet normal 0.628879 0.777503 -0
    outer loop
      vertex 100.173 10.3579 2.5
      vertex 99.9695 10.5225 6.5
      vertex 100.173 10.3579 6.5
    endloop
  endfacet
  facet normal 0.628879 0.777503 0
    outer loop
      vertex 99.9695 10.5225 6.5
      vertex 100.173 10.3579 2.5
      vertex 99.9695 10.5225 2.5
    endloop
  endfacet
  facet normal 0.358375 -0.933578 0
    outer loop
      vertex 99.2725 6.12236 2.5
      vertex 99.5168 6.21614 6.5
      vertex 99.2725 6.12236 6.5
    endloop
  endfacet
  facet normal 0.358375 -0.933578 0
    outer loop
      vertex 99.5168 6.21614 6.5
      vertex 99.2725 6.12236 2.5
      vertex 99.5168 6.21614 2.5
    endloop
  endfacet
  facet normal 0.707298 0.706916 0
    outer loop
      vertex 100.358 10.1728 6.5
      vertex 100.173 10.3579 2.5
      vertex 100.173 10.3579 6.5
    endloop
  endfacet
  facet normal 0.707298 0.706916 0
    outer loop
      vertex 100.173 10.3579 2.5
      vertex 100.358 10.1728 6.5
      vertex 100.358 10.1728 2.5
    endloop
  endfacet
  facet normal -0.629253 0.7772 0
    outer loop
      vertex 97.0305 10.5225 2.5
      vertex 96.8272 10.3579 6.5
      vertex 97.0305 10.5225 6.5
    endloop
  endfacet
  facet normal -0.629253 0.7772 0
    outer loop
      vertex 96.8272 10.3579 6.5
      vertex 97.0305 10.5225 2.5
      vertex 96.8272 10.3579 2.5
    endloop
  endfacet
  facet normal 0.629064 -0.777353 0
    outer loop
      vertex 99.9695 6.47746 2.5
      vertex 100.173 6.64214 6.5
      vertex 99.9695 6.47746 6.5
    endloop
  endfacet
  facet normal 0.629064 -0.777353 0
    outer loop
      vertex 100.173 6.64214 6.5
      vertex 99.9695 6.47746 2.5
      vertex 100.173 6.64214 2.5
    endloop
  endfacet
  facet normal 0.544572 -0.838714 0
    outer loop
      vertex 99.75 6.33494 2.5
      vertex 99.9695 6.47746 6.5
      vertex 99.75 6.33494 6.5
    endloop
  endfacet
  facet normal 0.544572 -0.838714 0
    outer loop
      vertex 99.9695 6.47746 6.5
      vertex 99.75 6.33494 2.5
      vertex 99.9695 6.47746 2.5
    endloop
  endfacet
  facet normal -0.358108 0.93368 0
    outer loop
      vertex 97.7275 10.8776 2.5
      vertex 97.4832 10.7839 6.5
      vertex 97.7275 10.8776 6.5
    endloop
  endfacet
  facet normal -0.358108 0.93368 0
    outer loop
      vertex 97.4832 10.7839 6.5
      vertex 97.7275 10.8776 2.5
      vertex 97.4832 10.7839 2.5
    endloop
  endfacet
  facet normal -0.98771 -0.1563 0
    outer loop
      vertex 96.0546 7.98022 2.5
      vertex 96.0137 8.23868 6.5
      vertex 96.0137 8.23868 2.5
    endloop
  endfacet
  facet normal -0.98771 -0.1563 0
    outer loop
      vertex 96.0137 8.23868 6.5
      vertex 96.0546 7.98022 2.5
      vertex 96.0546 7.98022 6.5
    endloop
  endfacet
  facet normal -0.156277 0.987713 0
    outer loop
      vertex 98.2387 10.9863 2.5
      vertex 97.9802 10.9454 6.5
      vertex 98.2387 10.9863 6.5
    endloop
  endfacet
  facet normal -0.156277 0.987713 0
    outer loop
      vertex 97.9802 10.9454 6.5
      vertex 98.2387 10.9863 2.5
      vertex 97.9802 10.9454 2.5
    endloop
  endfacet
  facet normal 0.839576 0.543242 0
    outer loop
      vertex 100.665 9.75 6.5
      vertex 100.523 9.96946 2.5
      vertex 100.523 9.96946 6.5
    endloop
  endfacet
  facet normal 0.839576 0.543242 0
    outer loop
      vertex 100.523 9.96946 2.5
      vertex 100.665 9.75 6.5
      vertex 100.665 9.75 2.5
    endloop
  endfacet
  facet normal 0.259137 0.965841 -0
    outer loop
      vertex 99.2725 10.8776 2.5
      vertex 99.0198 10.9454 6.5
      vertex 99.2725 10.8776 6.5
    endloop
  endfacet
  facet normal 0.259137 0.965841 0
    outer loop
      vertex 99.0198 10.9454 6.5
      vertex 99.2725 10.8776 2.5
      vertex 99.0198 10.9454 2.5
    endloop
  endfacet
  facet normal 0.544787 0.838575 -0
    outer loop
      vertex 99.9695 10.5225 2.5
      vertex 99.75 10.6651 6.5
      vertex 99.9695 10.5225 6.5
    endloop
  endfacet
  facet normal 0.544787 0.838575 0
    outer loop
      vertex 99.75 10.6651 6.5
      vertex 99.9695 10.5225 2.5
      vertex 99.75 10.6651 2.5
    endloop
  endfacet
  facet normal 0.358108 0.93368 -0
    outer loop
      vertex 99.5168 10.7839 2.5
      vertex 99.2725 10.8776 6.5
      vertex 99.5168 10.7839 6.5
    endloop
  endfacet
  facet normal 0.358108 0.93368 0
    outer loop
      vertex 99.2725 10.8776 6.5
      vertex 99.5168 10.7839 2.5
      vertex 99.2725 10.8776 2.5
    endloop
  endfacet
  facet normal 0.966617 -0.256225 0
    outer loop
      vertex 100.878 7.72746 6.5
      vertex 100.945 7.98022 2.5
      vertex 100.945 7.98022 6.5
    endloop
  endfacet
  facet normal 0.966617 -0.256225 0
    outer loop
      vertex 100.945 7.98022 2.5
      vertex 100.878 7.72746 6.5
      vertex 100.878 7.72746 2.5
    endloop
  endfacet
  facet normal -0.259137 0.965841 0
    outer loop
      vertex 97.9802 10.9454 2.5
      vertex 97.7275 10.8776 6.5
      vertex 97.9802 10.9454 6.5
    endloop
  endfacet
  facet normal -0.259137 0.965841 0
    outer loop
      vertex 97.7275 10.8776 6.5
      vertex 97.9802 10.9454 2.5
      vertex 97.7275 10.8776 2.5
    endloop
  endfacet
  facet normal 0.453926 -0.891039 0
    outer loop
      vertex 99.5168 6.21614 2.5
      vertex 99.75 6.33494 6.5
      vertex 99.5168 6.21614 6.5
    endloop
  endfacet
  facet normal 0.453926 -0.891039 0
    outer loop
      vertex 99.75 6.33494 6.5
      vertex 99.5168 6.21614 2.5
      vertex 99.75 6.33494 2.5
    endloop
  endfacet
  facet normal 0.0523582 -0.998628 0
    outer loop
      vertex 98.5 6 2.5
      vertex 98.7613 6.0137 6.5
      vertex 98.5 6 6.5
    endloop
  endfacet
  facet normal 0.0523582 -0.998628 0
    outer loop
      vertex 98.7613 6.0137 6.5
      vertex 98.5 6 2.5
      vertex 98.7613 6.0137 2.5
    endloop
  endfacet
  facet normal 0.258888 -0.965907 0
    outer loop
      vertex 99.0198 6.05463 2.5
      vertex 99.2725 6.12236 6.5
      vertex 99.0198 6.05463 6.5
    endloop
  endfacet
  facet normal 0.258888 -0.965907 0
    outer loop
      vertex 99.2725 6.12236 6.5
      vertex 99.0198 6.05463 2.5
      vertex 99.2725 6.12236 2.5
    endloop
  endfacet
  facet normal 0.987651 -0.156673 0
    outer loop
      vertex 100.945 7.98022 6.5
      vertex 100.986 8.23868 2.5
      vertex 100.986 8.23868 6.5
    endloop
  endfacet
  facet normal 0.987651 -0.156673 0
    outer loop
      vertex 100.986 8.23868 2.5
      vertex 100.945 7.98022 6.5
      vertex 100.945 7.98022 2.5
    endloop
  endfacet
  facet normal -0.93368 -0.358108 0
    outer loop
      vertex 96.2161 7.48316 2.5
      vertex 96.1224 7.72746 6.5
      vertex 96.1224 7.72746 2.5
    endloop
  endfacet
  facet normal -0.93368 -0.358108 0
    outer loop
      vertex 96.1224 7.72746 6.5
      vertex 96.2161 7.48316 2.5
      vertex 96.2161 7.48316 6.5
    endloop
  endfacet
  facet normal -0.98771 0.1563 0
    outer loop
      vertex 96.0137 8.76132 2.5
      vertex 96.0546 9.01978 6.5
      vertex 96.0546 9.01978 2.5
    endloop
  endfacet
  facet normal -0.98771 0.1563 0
    outer loop
      vertex 96.0546 9.01978 6.5
      vertex 96.0137 8.76132 2.5
      vertex 96.0137 8.76132 6.5
    endloop
  endfacet
  facet normal 0.890699 -0.454594 0
    outer loop
      vertex 100.665 7.25 6.5
      vertex 100.784 7.48316 2.5
      vertex 100.784 7.48316 6.5
    endloop
  endfacet
  facet normal 0.890699 -0.454594 0
    outer loop
      vertex 100.784 7.48316 2.5
      vertex 100.665 7.25 6.5
      vertex 100.665 7.25 2.5
    endloop
  endfacet
  facet normal -0.965856 -0.25908 0
    outer loop
      vertex 96.1224 7.72746 2.5
      vertex 96.0546 7.98022 6.5
      vertex 96.0546 7.98022 2.5
    endloop
  endfacet
  facet normal -0.965856 -0.25908 0
    outer loop
      vertex 96.0546 7.98022 6.5
      vertex 96.1224 7.72746 2.5
      vertex 96.1224 7.72746 6.5
    endloop
  endfacet
  facet normal -0.453926 -0.891039 0
    outer loop
      vertex 97.25 6.33494 2.5
      vertex 97.4832 6.21614 6.5
      vertex 97.25 6.33494 6.5
    endloop
  endfacet
  facet normal -0.453926 -0.891039 -0
    outer loop
      vertex 97.4832 6.21614 6.5
      vertex 97.25 6.33494 2.5
      vertex 97.4832 6.21614 2.5
    endloop
  endfacet
  facet normal -0.891008 -0.453988 0
    outer loop
      vertex 96.3349 7.25 2.5
      vertex 96.2161 7.48316 6.5
      vertex 96.2161 7.48316 2.5
    endloop
  endfacet
  facet normal -0.891008 -0.453988 0
    outer loop
      vertex 96.2161 7.48316 6.5
      vertex 96.3349 7.25 2.5
      vertex 96.3349 7.25 6.5
    endloop
  endfacet
  facet normal 0.998568 -0.0534974 0
    outer loop
      vertex 100.986 8.23868 6.5
      vertex 101 8.5 2.5
      vertex 101 8.5 6.5
    endloop
  endfacet
  facet normal 0.998568 -0.0534974 0
    outer loop
      vertex 101 8.5 2.5
      vertex 100.986 8.23868 6.5
      vertex 100.986 8.23868 2.5
    endloop
  endfacet
  facet normal 0.776513 0.630101 0
    outer loop
      vertex 100.523 9.96946 6.5
      vertex 100.358 10.1728 2.5
      vertex 100.358 10.1728 6.5
    endloop
  endfacet
  facet normal 0.776513 0.630101 0
    outer loop
      vertex 100.358 10.1728 2.5
      vertex 100.523 9.96946 6.5
      vertex 100.523 9.96946 2.5
    endloop
  endfacet
  facet normal -0.258888 -0.965907 0
    outer loop
      vertex 97.7275 6.12236 2.5
      vertex 97.9802 6.05463 6.5
      vertex 97.7275 6.12236 6.5
    endloop
  endfacet
  facet normal -0.258888 -0.965907 -0
    outer loop
      vertex 97.9802 6.05463 6.5
      vertex 97.7275 6.12236 2.5
      vertex 97.9802 6.05463 2.5
    endloop
  endfacet
  facet normal 0.156388 -0.987696 0
    outer loop
      vertex 98.7613 6.0137 2.5
      vertex 99.0198 6.05463 6.5
      vertex 98.7613 6.0137 6.5
    endloop
  endfacet
  facet normal 0.156388 -0.987696 0
    outer loop
      vertex 99.0198 6.05463 6.5
      vertex 98.7613 6.0137 2.5
      vertex 99.0198 6.05463 2.5
    endloop
  endfacet
  facet normal 0.933296 0.359107 0
    outer loop
      vertex 100.878 9.27254 6.5
      vertex 100.784 9.51684 2.5
      vertex 100.784 9.51684 6.5
    endloop
  endfacet
  facet normal 0.933296 0.359107 0
    outer loop
      vertex 100.784 9.51684 2.5
      vertex 100.878 9.27254 6.5
      vertex 100.878 9.27254 2.5
    endloop
  endfacet
  facet normal -0.891008 0.453988 0
    outer loop
      vertex 96.2161 9.51684 2.5
      vertex 96.3349 9.75 6.5
      vertex 96.3349 9.75 2.5
    endloop
  endfacet
  facet normal -0.891008 0.453988 0
    outer loop
      vertex 96.3349 9.75 6.5
      vertex 96.2161 9.51684 2.5
      vertex 96.2161 9.51684 6.5
    endloop
  endfacet
  facet normal 0.776559 -0.630045 0
    outer loop
      vertex 100.358 6.82717 6.5
      vertex 100.523 7.03054 2.5
      vertex 100.523 7.03054 6.5
    endloop
  endfacet
  facet normal 0.776559 -0.630045 0
    outer loop
      vertex 100.523 7.03054 2.5
      vertex 100.358 6.82717 6.5
      vertex 100.358 6.82717 2.5
    endloop
  endfacet
  facet normal 0.839576 -0.543242 0
    outer loop
      vertex 100.523 7.03054 6.5
      vertex 100.665 7.25 2.5
      vertex 100.665 7.25 6.5
    endloop
  endfacet
  facet normal 0.839576 -0.543242 0
    outer loop
      vertex 100.665 7.25 2.5
      vertex 100.523 7.03054 6.5
      vertex 100.523 7.03054 2.5
    endloop
  endfacet
  facet normal 0.933296 -0.359107 0
    outer loop
      vertex 100.784 7.48316 6.5
      vertex 100.878 7.72746 2.5
      vertex 100.878 7.72746 6.5
    endloop
  endfacet
  facet normal 0.933296 -0.359107 0
    outer loop
      vertex 100.878 7.72746 2.5
      vertex 100.784 7.48316 6.5
      vertex 100.784 7.48316 2.5
    endloop
  endfacet
  facet normal -0.838529 0.544857 0
    outer loop
      vertex 96.3349 9.75 2.5
      vertex 96.4775 9.96946 6.5
      vertex 96.4775 9.96946 2.5
    endloop
  endfacet
  facet normal -0.838529 0.544857 0
    outer loop
      vertex 96.4775 9.96946 6.5
      vertex 96.3349 9.75 2.5
      vertex 96.3349 9.75 6.5
    endloop
  endfacet
  facet normal 0.156277 0.987713 -0
    outer loop
      vertex 99.0198 10.9454 2.5
      vertex 98.7613 10.9863 6.5
      vertex 99.0198 10.9454 6.5
    endloop
  endfacet
  facet normal 0.156277 0.987713 0
    outer loop
      vertex 98.7613 10.9863 6.5
      vertex 99.0198 10.9454 2.5
      vertex 98.7613 10.9863 2.5
    endloop
  endfacet
  facet normal 0.707164 -0.707049 0
    outer loop
      vertex 100.173 6.64214 6.5
      vertex 100.358 6.82717 2.5
      vertex 100.358 6.82717 6.5
    endloop
  endfacet
  facet normal 0.707164 -0.707049 0
    outer loop
      vertex 100.358 6.82717 2.5
      vertex 100.173 6.64214 6.5
      vertex 100.173 6.64214 2.5
    endloop
  endfacet
  facet normal 0.890699 0.454594 0
    outer loop
      vertex 100.784 9.51684 6.5
      vertex 100.665 9.75 2.5
      vertex 100.665 9.75 6.5
    endloop
  endfacet
  facet normal 0.890699 0.454594 0
    outer loop
      vertex 100.665 9.75 2.5
      vertex 100.784 9.51684 6.5
      vertex 100.784 9.51684 2.5
    endloop
  endfacet
  facet normal -0.707107 0.707107 0
    outer loop
      vertex 96.6421 10.1728 2.5
      vertex 96.8272 10.3579 6.5
      vertex 96.8272 10.3579 2.5
    endloop
  endfacet
  facet normal -0.707107 0.707107 0
    outer loop
      vertex 96.8272 10.3579 6.5
      vertex 96.6421 10.1728 2.5
      vertex 96.6421 10.1728 6.5
    endloop
  endfacet
  facet normal -0.0523582 -0.998628 0
    outer loop
      vertex 98.2387 6.0137 2.5
      vertex 98.5 6 6.5
      vertex 98.2387 6.0137 6.5
    endloop
  endfacet
  facet normal -0.0523582 -0.998628 -0
    outer loop
      vertex 98.5 6 6.5
      vertex 98.2387 6.0137 2.5
      vertex 98.5 6 2.5
    endloop
  endfacet
  facet normal -0.0523582 0.998628 0
    outer loop
      vertex 98.5 11 2.5
      vertex 98.2387 10.9863 6.5
      vertex 98.5 11 6.5
    endloop
  endfacet
  facet normal -0.0523582 0.998628 0
    outer loop
      vertex 98.2387 10.9863 6.5
      vertex 98.5 11 2.5
      vertex 98.2387 10.9863 2.5
    endloop
  endfacet
  facet normal -0.998629 -0.0523542 0
    outer loop
      vertex 96.0137 8.23868 2.5
      vertex 96 8.5 6.5
      vertex 96 8.5 2.5
    endloop
  endfacet
  facet normal -0.998629 -0.0523542 0
    outer loop
      vertex 96 8.5 6.5
      vertex 96.0137 8.23868 2.5
      vertex 96.0137 8.23868 6.5
    endloop
  endfacet
  facet normal -0.965856 0.25908 0
    outer loop
      vertex 96.0546 9.01978 2.5
      vertex 96.1224 9.27254 6.5
      vertex 96.1224 9.27254 2.5
    endloop
  endfacet
  facet normal -0.965856 0.25908 0
    outer loop
      vertex 96.1224 9.27254 6.5
      vertex 96.0546 9.01978 2.5
      vertex 96.0546 9.01978 6.5
    endloop
  endfacet
  facet normal -0.777306 -0.629122 0
    outer loop
      vertex 96.6421 6.82717 2.5
      vertex 96.4775 7.03054 6.5
      vertex 96.4775 7.03054 2.5
    endloop
  endfacet
  facet normal -0.777306 -0.629122 0
    outer loop
      vertex 96.4775 7.03054 6.5
      vertex 96.6421 6.82717 2.5
      vertex 96.6421 6.82717 6.5
    endloop
  endfacet
  facet normal -0.93368 0.358108 0
    outer loop
      vertex 96.1224 9.27254 2.5
      vertex 96.2161 9.51684 6.5
      vertex 96.2161 9.51684 2.5
    endloop
  endfacet
  facet normal -0.93368 0.358108 0
    outer loop
      vertex 96.2161 9.51684 6.5
      vertex 96.1224 9.27254 2.5
      vertex 96.1224 9.27254 6.5
    endloop
  endfacet
  facet normal 0.0523582 0.998628 -0
    outer loop
      vertex 98.7613 10.9863 2.5
      vertex 98.5 11 6.5
      vertex 98.7613 10.9863 6.5
    endloop
  endfacet
  facet normal 0.0523582 0.998628 0
    outer loop
      vertex 98.5 11 6.5
      vertex 98.7613 10.9863 2.5
      vertex 98.5 11 2.5
    endloop
  endfacet
  facet normal -0.629438 -0.777051 0
    outer loop
      vertex 96.8272 6.64214 2.5
      vertex 97.0305 6.47746 6.5
      vertex 96.8272 6.64214 6.5
    endloop
  endfacet
  facet normal -0.629438 -0.777051 -0
    outer loop
      vertex 97.0305 6.47746 6.5
      vertex 96.8272 6.64214 2.5
      vertex 97.0305 6.47746 2.5
    endloop
  endfacet
  facet normal -0.544572 -0.838714 0
    outer loop
      vertex 97.0305 6.47746 2.5
      vertex 97.25 6.33494 6.5
      vertex 97.0305 6.47746 6.5
    endloop
  endfacet
  facet normal -0.544572 -0.838714 -0
    outer loop
      vertex 97.25 6.33494 6.5
      vertex 97.0305 6.47746 2.5
      vertex 97.25 6.33494 2.5
    endloop
  endfacet
  facet normal -0.358375 -0.933578 0
    outer loop
      vertex 97.4832 6.21614 2.5
      vertex 97.7275 6.12236 6.5
      vertex 97.4832 6.21614 6.5
    endloop
  endfacet
  facet normal -0.358375 -0.933578 -0
    outer loop
      vertex 97.7275 6.12236 6.5
      vertex 97.4832 6.21614 2.5
      vertex 97.7275 6.12236 2.5
    endloop
  endfacet
  facet normal -0.998629 0.0523542 0
    outer loop
      vertex 96 8.5 2.5
      vertex 96.0137 8.76132 6.5
      vertex 96.0137 8.76132 2.5
    endloop
  endfacet
  facet normal -0.998629 0.0523542 0
    outer loop
      vertex 96.0137 8.76132 6.5
      vertex 96 8.5 2.5
      vertex 96 8.5 6.5
    endloop
  endfacet
  facet normal 0 0 1
    outer loop
      vertex 99.9 8.5 6.5
      vertex 101 8.5 6.5
      vertex 100.986 8.76132 6.5
    endloop
  endfacet
  facet normal 0 0 1
    outer loop
      vertex 99.8923 8.64634 6.5
      vertex 100.986 8.76132 6.5
      vertex 100.945 9.01978 6.5
    endloop
  endfacet
  facet normal 0 0 1
    outer loop
      vertex 101 8.5 6.5
      vertex 99.9 8.5 6.5
      vertex 100.986 8.23868 6.5
    endloop
  endfacet
  facet normal 0 0 1
    outer loop
      vertex 99.8694 8.79108 6.5
      vertex 100.945 9.01978 6.5
      vertex 100.878 9.27254 6.5
    endloop
  endfacet
  facet normal -0 0 1
    outer loop
      vertex 99.8923 8.35366 6.5
      vertex 100.986 8.23868 6.5
      vertex 99.9 8.5 6.5
    endloop
  endfacet
  facet normal 0 0 1
    outer loop
      vertex 99.8315 8.93262 6.5
      vertex 100.878 9.27254 6.5
      vertex 100.784 9.51684 6.5
    endloop
  endfacet
  facet normal 0 0 1
    outer loop
      vertex 100.986 8.23868 6.5
      vertex 99.8923 8.35366 6.5
      vertex 100.945 7.98022 6.5
    endloop
  endfacet
  facet normal 0 0 1
    outer loop
      vertex 99.779 9.06943 6.5
      vertex 100.784 9.51684 6.5
      vertex 100.665 9.75 6.5
    endloop
  endfacet
  facet normal -0 0 1
    outer loop
      vertex 99.8694 8.20892 6.5
      vertex 100.945 7.98022 6.5
      vertex 99.8923 8.35366 6.5
    endloop
  endfacet
  facet normal 0 0 1
    outer loop
      vertex 99.7124 9.2 6.5
      vertex 100.665 9.75 6.5
      vertex 100.523 9.96946 6.5
    endloop
  endfacet
  facet normal 0 0 1
    outer loop
      vertex 100.945 7.98022 6.5
      vertex 99.8694 8.20892 6.5
      vertex 100.878 7.72746 6.5
    endloop
  endfacet
  facet normal 0 0 1
    outer loop
      vertex 99.6326 9.3229 6.5
      vertex 100.523 9.96946 6.5
      vertex 100.358 10.1728 6.5
    endloop
  endfacet
  facet normal -0 0 1
    outer loop
      vertex 99.8315 8.06738 6.5
      vertex 100.878 7.72746 6.5
      vertex 99.8694 8.20892 6.5
    endloop
  endfacet
  facet normal 0 0 1
    outer loop
      vertex 99.5404 9.43678 6.5
      vertex 100.358 10.1728 6.5
      vertex 100.173 10.3579 6.5
    endloop
  endfacet
  facet normal 0 0 1
    outer loop
      vertex 100.878 7.72746 6.5
      vertex 99.8315 8.06738 6.5
      vertex 100.784 7.48316 6.5
    endloop
  endfacet
  facet normal 0 0 1
    outer loop
      vertex 99.4368 9.5404 6.5
      vertex 100.173 10.3579 6.5
      vertex 99.9695 10.5225 6.5
    endloop
  endfacet
  facet normal -0 0 1
    outer loop
      vertex 99.779 7.93057 6.5
      vertex 100.784 7.48316 6.5
      vertex 99.8315 8.06738 6.5
    endloop
  endfacet
  facet normal 0 0 1
    outer loop
      vertex 100.784 7.48316 6.5
      vertex 99.779 7.93057 6.5
      vertex 100.665 7.25 6.5
    endloop
  endfacet
  facet normal 0 0 1
    outer loop
      vertex 100.986 8.76132 6.5
      vertex 99.8923 8.64634 6.5
      vertex 99.9 8.5 6.5
    endloop
  endfacet
  facet normal 0 0 1
    outer loop
      vertex 100.945 9.01978 6.5
      vertex 99.8694 8.79108 6.5
      vertex 99.8923 8.64634 6.5
    endloop
  endfacet
  facet normal 0 0 1
    outer loop
      vertex 100.878 9.27254 6.5
      vertex 99.8315 8.93262 6.5
      vertex 99.8694 8.79108 6.5
    endloop
  endfacet
  facet normal 0 0 1
    outer loop
      vertex 100.784 9.51684 6.5
      vertex 99.779 9.06943 6.5
      vertex 99.8315 8.93262 6.5
    endloop
  endfacet
  facet normal 0 0 1
    outer loop
      vertex 99.3229 9.63262 6.5
      vertex 99.9695 10.5225 6.5
      vertex 99.75 10.6651 6.5
    endloop
  endfacet
  facet normal 0 0 1
    outer loop
      vertex 100.665 9.75 6.5
      vertex 99.7124 9.2 6.5
      vertex 99.779 9.06943 6.5
    endloop
  endfacet
  facet normal 0 0 1
    outer loop
      vertex 100.523 9.96946 6.5
      vertex 99.6326 9.3229 6.5
      vertex 99.7124 9.2 6.5
    endloop
  endfacet
  facet normal 0 0 1
    outer loop
      vertex 100.358 10.1728 6.5
      vertex 99.5404 9.43678 6.5
      vertex 99.6326 9.3229 6.5
    endloop
  endfacet
  facet normal 0 0 1
    outer loop
      vertex 99.2 9.71243 6.5
      vertex 99.75 10.6651 6.5
      vertex 99.5168 10.7839 6.5
    endloop
  endfacet
  facet normal 0 0 1
    outer loop
      vertex 100.173 10.3579 6.5
      vertex 99.4368 9.5404 6.5
      vertex 99.5404 9.43678 6.5
    endloop
  endfacet
  facet normal 0 0 1
    outer loop
      vertex 99.9695 10.5225 6.5
      vertex 99.3229 9.63262 6.5
      vertex 99.4368 9.5404 6.5
    endloop
  endfacet
  facet normal 0 0 1
    outer loop
      vertex 99.0694 9.77896 6.5
      vertex 99.5168 10.7839 6.5
      vertex 99.2725 10.8776 6.5
    endloop
  endfacet
  facet normal 0 0 1
    outer loop
      vertex 99.75 10.6651 6.5
      vertex 99.2 9.71243 6.5
      vertex 99.3229 9.63262 6.5
    endloop
  endfacet
  facet normal 0 0 1
    outer loop
      vertex 99.5168 10.7839 6.5
      vertex 99.0694 9.77896 6.5
      vertex 99.2 9.71243 6.5
    endloop
  endfacet
  facet normal 0 0 1
    outer loop
      vertex 98.9326 9.83148 6.5
      vertex 99.2725 10.8776 6.5
      vertex 99.0198 10.9454 6.5
    endloop
  endfacet
  facet normal 0 0 1
    outer loop
      vertex 99.2725 10.8776 6.5
      vertex 98.9326 9.83148 6.5
      vertex 99.0694 9.77896 6.5
    endloop
  endfacet
  facet normal 0 0 1
    outer loop
      vertex 99.0198 10.9454 6.5
      vertex 98.7911 9.86941 6.5
      vertex 98.9326 9.83148 6.5
    endloop
  endfacet
  facet normal 0 0 1
    outer loop
      vertex 98.7613 10.9863 6.5
      vertex 98.7911 9.86941 6.5
      vertex 99.0198 10.9454 6.5
    endloop
  endfacet
  facet normal 0 0 1
    outer loop
      vertex 98.7613 10.9863 6.5
      vertex 98.6463 9.89233 6.5
      vertex 98.7911 9.86941 6.5
    endloop
  endfacet
  facet normal 0 0 1
    outer loop
      vertex 98.5 11 6.5
      vertex 98.6463 9.89233 6.5
      vertex 98.7613 10.9863 6.5
    endloop
  endfacet
  facet normal 0 0 1
    outer loop
      vertex 98.5 11 6.5
      vertex 98.5 9.9 6.5
      vertex 98.6463 9.89233 6.5
    endloop
  endfacet
  facet normal 0 0 1
    outer loop
      vertex 98.5 11 6.5
      vertex 98.3537 9.89233 6.5
      vertex 98.5 9.9 6.5
    endloop
  endfacet
  facet normal -0 0 1
    outer loop
      vertex 98.2387 10.9863 6.5
      vertex 98.3537 9.89233 6.5
      vertex 98.5 11 6.5
    endloop
  endfacet
  facet normal 0 0 1
    outer loop
      vertex 98.2387 10.9863 6.5
      vertex 98.2089 9.86941 6.5
      vertex 98.3537 9.89233 6.5
    endloop
  endfacet
  facet normal -0 0 1
    outer loop
      vertex 97.9802 10.9454 6.5
      vertex 98.2089 9.86941 6.5
      vertex 98.2387 10.9863 6.5
    endloop
  endfacet
  facet normal 0 0 1
    outer loop
      vertex 98.2089 9.86941 6.5
      vertex 97.9802 10.9454 6.5
      vertex 98.0674 9.83148 6.5
    endloop
  endfacet
  facet normal -0 0 1
    outer loop
      vertex 97.7275 10.8776 6.5
      vertex 98.0674 9.83148 6.5
      vertex 97.9802 10.9454 6.5
    endloop
  endfacet
  facet normal 0 0 1
    outer loop
      vertex 98.0674 9.83148 6.5
      vertex 97.7275 10.8776 6.5
      vertex 97.9306 9.77896 6.5
    endloop
  endfacet
  facet normal -0 0 1
    outer loop
      vertex 97.4832 10.7839 6.5
      vertex 97.9306 9.77896 6.5
      vertex 97.7275 10.8776 6.5
    endloop
  endfacet
  facet normal 0 0 1
    outer loop
      vertex 97.9306 9.77896 6.5
      vertex 97.4832 10.7839 6.5
      vertex 97.8 9.71243 6.5
    endloop
  endfacet
  facet normal -0 0 1
    outer loop
      vertex 97.25 10.6651 6.5
      vertex 97.8 9.71243 6.5
      vertex 97.4832 10.7839 6.5
    endloop
  endfacet
  facet normal 0 0 1
    outer loop
      vertex 97.8 9.71243 6.5
      vertex 97.25 10.6651 6.5
      vertex 97.6771 9.63262 6.5
    endloop
  endfacet
  facet normal -0 0 1
    outer loop
      vertex 97.0305 10.5225 6.5
      vertex 97.6771 9.63262 6.5
      vertex 97.25 10.6651 6.5
    endloop
  endfacet
  facet normal 0 0 1
    outer loop
      vertex 97.6771 9.63262 6.5
      vertex 97.0305 10.5225 6.5
      vertex 97.5632 9.5404 6.5
    endloop
  endfacet
  facet normal -0 0 1
    outer loop
      vertex 96.8272 10.3579 6.5
      vertex 97.5632 9.5404 6.5
      vertex 97.0305 10.5225 6.5
    endloop
  endfacet
  facet normal 0 0 1
    outer loop
      vertex 97.5632 9.5404 6.5
      vertex 96.8272 10.3579 6.5
      vertex 97.4596 9.43678 6.5
    endloop
  endfacet
  facet normal -0 0 1
    outer loop
      vertex 96.6421 10.1728 6.5
      vertex 97.4596 9.43678 6.5
      vertex 96.8272 10.3579 6.5
    endloop
  endfacet
  facet normal 0 0 1
    outer loop
      vertex 97.4596 9.43678 6.5
      vertex 96.6421 10.1728 6.5
      vertex 97.3674 9.3229 6.5
    endloop
  endfacet
  facet normal -0 0 1
    outer loop
      vertex 96.4775 9.96946 6.5
      vertex 97.3674 9.3229 6.5
      vertex 96.6421 10.1728 6.5
    endloop
  endfacet
  facet normal 0 0 1
    outer loop
      vertex 97.3674 9.3229 6.5
      vertex 96.4775 9.96946 6.5
      vertex 97.2876 9.2 6.5
    endloop
  endfacet
  facet normal 0 0 1
    outer loop
      vertex 97.2876 9.2 6.5
      vertex 96.3349 9.75 6.5
      vertex 97.221 9.06943 6.5
    endloop
  endfacet
  facet normal -0 0 1
    outer loop
      vertex 96.3349 9.75 6.5
      vertex 97.2876 9.2 6.5
      vertex 96.4775 9.96946 6.5
    endloop
  endfacet
  facet normal -0 0 1
    outer loop
      vertex 99.7124 7.8 6.5
      vertex 100.665 7.25 6.5
      vertex 99.779 7.93057 6.5
    endloop
  endfacet
  facet normal 0 0 1
    outer loop
      vertex 100.665 7.25 6.5
      vertex 99.7124 7.8 6.5
      vertex 100.523 7.03054 6.5
    endloop
  endfacet
  facet normal -0 0 1
    outer loop
      vertex 99.6326 7.6771 6.5
      vertex 100.523 7.03054 6.5
      vertex 99.7124 7.8 6.5
    endloop
  endfacet
  facet normal 0 0 1
    outer loop
      vertex 100.523 7.03054 6.5
      vertex 99.6326 7.6771 6.5
      vertex 100.358 6.82717 6.5
    endloop
  endfacet
  facet normal -0 0 1
    outer loop
      vertex 99.5404 7.56322 6.5
      vertex 100.358 6.82717 6.5
      vertex 99.6326 7.6771 6.5
    endloop
  endfacet
  facet normal 0 0 1
    outer loop
      vertex 100.358 6.82717 6.5
      vertex 99.5404 7.56322 6.5
      vertex 100.173 6.64214 6.5
    endloop
  endfacet
  facet normal -0 0 1
    outer loop
      vertex 99.4368 7.4596 6.5
      vertex 100.173 6.64214 6.5
      vertex 99.5404 7.56322 6.5
    endloop
  endfacet
  facet normal 0 0 1
    outer loop
      vertex 100.173 6.64214 6.5
      vertex 99.4368 7.4596 6.5
      vertex 99.9695 6.47746 6.5
    endloop
  endfacet
  facet normal -0 0 1
    outer loop
      vertex 99.3229 7.36738 6.5
      vertex 99.9695 6.47746 6.5
      vertex 99.4368 7.4596 6.5
    endloop
  endfacet
  facet normal 0 0 1
    outer loop
      vertex 99.9695 6.47746 6.5
      vertex 99.3229 7.36738 6.5
      vertex 99.75 6.33494 6.5
    endloop
  endfacet
  facet normal -0 0 1
    outer loop
      vertex 99.2 7.28757 6.5
      vertex 99.75 6.33494 6.5
      vertex 99.3229 7.36738 6.5
    endloop
  endfacet
  facet normal 0 0 1
    outer loop
      vertex 99.75 6.33494 6.5
      vertex 99.2 7.28757 6.5
      vertex 99.5168 6.21614 6.5
    endloop
  endfacet
  facet normal -0 0 1
    outer loop
      vertex 99.0694 7.22104 6.5
      vertex 99.5168 6.21614 6.5
      vertex 99.2 7.28757 6.5
    endloop
  endfacet
  facet normal 0 0 1
    outer loop
      vertex 99.5168 6.21614 6.5
      vertex 99.0694 7.22104 6.5
      vertex 99.2725 6.12236 6.5
    endloop
  endfacet
  facet normal -0 0 1
    outer loop
      vertex 98.9326 7.16852 6.5
      vertex 99.2725 6.12236 6.5
      vertex 99.0694 7.22104 6.5
    endloop
  endfacet
  facet normal 0 0 1
    outer loop
      vertex 99.2725 6.12236 6.5
      vertex 98.9326 7.16852 6.5
      vertex 99.0198 6.05463 6.5
    endloop
  endfacet
  facet normal -0 0 1
    outer loop
      vertex 98.7911 7.13059 6.5
      vertex 99.0198 6.05463 6.5
      vertex 98.9326 7.16852 6.5
    endloop
  endfacet
  facet normal 0 0 1
    outer loop
      vertex 98.7911 7.13059 6.5
      vertex 98.7613 6.0137 6.5
      vertex 99.0198 6.05463 6.5
    endloop
  endfacet
  facet normal -0 0 1
    outer loop
      vertex 98.6463 7.10767 6.5
      vertex 98.7613 6.0137 6.5
      vertex 98.7911 7.13059 6.5
    endloop
  endfacet
  facet normal -0 0 1
    outer loop
      vertex 98.5 7.1 6.5
      vertex 98.7613 6.0137 6.5
      vertex 98.6463 7.10767 6.5
    endloop
  endfacet
  facet normal 0 0 1
    outer loop
      vertex 98.5 7.1 6.5
      vertex 98.5 6 6.5
      vertex 98.7613 6.0137 6.5
    endloop
  endfacet
  facet normal 0 0 1
    outer loop
      vertex 98.3537 7.10767 6.5
      vertex 98.5 6 6.5
      vertex 98.5 7.1 6.5
    endloop
  endfacet
  facet normal 0 0 1
    outer loop
      vertex 98.3537 7.10767 6.5
      vertex 98.2387 6.0137 6.5
      vertex 98.5 6 6.5
    endloop
  endfacet
  facet normal 0 0 1
    outer loop
      vertex 98.2089 7.13059 6.5
      vertex 98.2387 6.0137 6.5
      vertex 98.3537 7.10767 6.5
    endloop
  endfacet
  facet normal 0 0 1
    outer loop
      vertex 97.9802 6.05463 6.5
      vertex 98.2089 7.13059 6.5
      vertex 98.0674 7.16852 6.5
    endloop
  endfacet
  facet normal 0 0 1
    outer loop
      vertex 98.2089 7.13059 6.5
      vertex 97.9802 6.05463 6.5
      vertex 98.2387 6.0137 6.5
    endloop
  endfacet
  facet normal 0 0 1
    outer loop
      vertex 97.7275 6.12236 6.5
      vertex 98.0674 7.16852 6.5
      vertex 97.9306 7.22104 6.5
    endloop
  endfacet
  facet normal 0 0 1
    outer loop
      vertex 97.4832 6.21614 6.5
      vertex 97.9306 7.22104 6.5
      vertex 97.8 7.28757 6.5
    endloop
  endfacet
  facet normal 0 0 1
    outer loop
      vertex 98.0674 7.16852 6.5
      vertex 97.7275 6.12236 6.5
      vertex 97.9802 6.05463 6.5
    endloop
  endfacet
  facet normal 0 0 1
    outer loop
      vertex 97.25 6.33494 6.5
      vertex 97.8 7.28757 6.5
      vertex 97.6771 7.36738 6.5
    endloop
  endfacet
  facet normal 0 0 1
    outer loop
      vertex 97.0305 6.47746 6.5
      vertex 97.6771 7.36738 6.5
      vertex 97.5632 7.4596 6.5
    endloop
  endfacet
  facet normal 0 0 1
    outer loop
      vertex 97.9306 7.22104 6.5
      vertex 97.4832 6.21614 6.5
      vertex 97.7275 6.12236 6.5
    endloop
  endfacet
  facet normal 0 0 1
    outer loop
      vertex 96.8272 6.64214 6.5
      vertex 97.5632 7.4596 6.5
      vertex 97.4596 7.56322 6.5
    endloop
  endfacet
  facet normal 0 0 1
    outer loop
      vertex 96.6421 6.82717 6.5
      vertex 97.4596 7.56322 6.5
      vertex 97.3674 7.6771 6.5
    endloop
  endfacet
  facet normal 0 0 1
    outer loop
      vertex 96.4775 7.03054 6.5
      vertex 97.3674 7.6771 6.5
      vertex 97.2876 7.8 6.5
    endloop
  endfacet
  facet normal 0 0 1
    outer loop
      vertex 97.8 7.28757 6.5
      vertex 97.25 6.33494 6.5
      vertex 97.4832 6.21614 6.5
    endloop
  endfacet
  facet normal 0 0 1
    outer loop
      vertex 96.3349 7.25 6.5
      vertex 97.2876 7.8 6.5
      vertex 97.221 7.93057 6.5
    endloop
  endfacet
  facet normal 0 0 1
    outer loop
      vertex 96.2161 7.48316 6.5
      vertex 97.221 7.93057 6.5
      vertex 97.1685 8.06738 6.5
    endloop
  endfacet
  facet normal 0 0 1
    outer loop
      vertex 96.1224 7.72746 6.5
      vertex 97.1685 8.06738 6.5
      vertex 97.1306 8.20892 6.5
    endloop
  endfacet
  facet normal 0 0 1
    outer loop
      vertex 96.0546 7.98022 6.5
      vertex 97.1306 8.20892 6.5
      vertex 97.1077 8.35366 6.5
    endloop
  endfacet
  facet normal 0 0 1
    outer loop
      vertex 97.6771 7.36738 6.5
      vertex 97.0305 6.47746 6.5
      vertex 97.25 6.33494 6.5
    endloop
  endfacet
  facet normal 0 0 1
    outer loop
      vertex 96.0137 8.23868 6.5
      vertex 97.1077 8.35366 6.5
      vertex 97.1 8.5 6.5
    endloop
  endfacet
  facet normal -0 0 1
    outer loop
      vertex 96.2161 9.51684 6.5
      vertex 97.221 9.06943 6.5
      vertex 96.3349 9.75 6.5
    endloop
  endfacet
  facet normal 0 0 1
    outer loop
      vertex 97.221 9.06943 6.5
      vertex 96.2161 9.51684 6.5
      vertex 97.1685 8.93262 6.5
    endloop
  endfacet
  facet normal 0 0 1
    outer loop
      vertex 97.5632 7.4596 6.5
      vertex 96.8272 6.64214 6.5
      vertex 97.0305 6.47746 6.5
    endloop
  endfacet
  facet normal -0 0 1
    outer loop
      vertex 96.1224 9.27254 6.5
      vertex 97.1685 8.93262 6.5
      vertex 96.2161 9.51684 6.5
    endloop
  endfacet
  facet normal 0 0 1
    outer loop
      vertex 97.4596 7.56322 6.5
      vertex 96.6421 6.82717 6.5
      vertex 96.8272 6.64214 6.5
    endloop
  endfacet
  facet normal 0 0 1
    outer loop
      vertex 97.1685 8.93262 6.5
      vertex 96.1224 9.27254 6.5
      vertex 97.1306 8.79108 6.5
    endloop
  endfacet
  facet normal 0 0 1
    outer loop
      vertex 97.3674 7.6771 6.5
      vertex 96.4775 7.03054 6.5
      vertex 96.6421 6.82717 6.5
    endloop
  endfacet
  facet normal -0 0 1
    outer loop
      vertex 96.0546 9.01978 6.5
      vertex 97.1306 8.79108 6.5
      vertex 96.1224 9.27254 6.5
    endloop
  endfacet
  facet normal 0 0 1
    outer loop
      vertex 97.2876 7.8 6.5
      vertex 96.3349 7.25 6.5
      vertex 96.4775 7.03054 6.5
    endloop
  endfacet
  facet normal 0 0 1
    outer loop
      vertex 97.1306 8.79108 6.5
      vertex 96.0546 9.01978 6.5
      vertex 97.1077 8.64634 6.5
    endloop
  endfacet
  facet normal 0 0 1
    outer loop
      vertex 97.221 7.93057 6.5
      vertex 96.2161 7.48316 6.5
      vertex 96.3349 7.25 6.5
    endloop
  endfacet
  facet normal -0 0 1
    outer loop
      vertex 96.0137 8.76132 6.5
      vertex 97.1077 8.64634 6.5
      vertex 96.0546 9.01978 6.5
    endloop
  endfacet
  facet normal 0 0 1
    outer loop
      vertex 97.1685 8.06738 6.5
      vertex 96.1224 7.72746 6.5
      vertex 96.2161 7.48316 6.5
    endloop
  endfacet
  facet normal 0 0 1
    outer loop
      vertex 97.1077 8.64634 6.5
      vertex 96.0137 8.76132 6.5
      vertex 97.1 8.5 6.5
    endloop
  endfacet
  facet normal 0 0 1
    outer loop
      vertex 97.1306 8.20892 6.5
      vertex 96.0546 7.98022 6.5
      vertex 96.1224 7.72746 6.5
    endloop
  endfacet
  facet normal 0 0 1
    outer loop
      vertex 96 8.5 6.5
      vertex 97.1 8.5 6.5
      vertex 96.0137 8.76132 6.5
    endloop
  endfacet
  facet normal 0 0 1
    outer loop
      vertex 97.1077 8.35366 6.5
      vertex 96.0137 8.23868 6.5
      vertex 96.0546 7.98022 6.5
    endloop
  endfacet
  facet normal 0 0 1
    outer loop
      vertex 97.1 8.5 6.5
      vertex 96 8.5 6.5
      vertex 96.0137 8.23868 6.5
    endloop
  endfacet
  facet normal 0.156341 0.987703 -0
    outer loop
      vertex 98.3537 7.10767 2.5
      vertex 98.2089 7.13059 6.5
      vertex 98.3537 7.10767 6.5
    endloop
  endfacet
  facet normal 0.156341 0.987703 0
    outer loop
      vertex 98.2089 7.13059 6.5
      vertex 98.3537 7.10767 2.5
      vertex 98.2089 7.13059 2.5
    endloop
  endfacet
  facet normal 0.707175 0.707039 -0
    outer loop
      vertex 97.5632 7.4596 2.5
      vertex 97.4596 7.56322 6.5
      vertex 97.5632 7.4596 6.5
    endloop
  endfacet
  facet normal 0.707175 0.707039 0
    outer loop
      vertex 97.4596 7.56322 6.5
      vertex 97.5632 7.4596 2.5
      vertex 97.4596 7.56322 2.5
    endloop
  endfacet
  facet normal -0.987714 -0.156271 0
    outer loop
      vertex 99.8923 8.64634 2.5
      vertex 99.8694 8.79108 6.5
      vertex 99.8694 8.79108 2.5
    endloop
  endfacet
  facet normal -0.987714 -0.156271 0
    outer loop
      vertex 99.8694 8.79108 6.5
      vertex 99.8923 8.64634 2.5
      vertex 99.8923 8.64634 6.5
    endloop
  endfacet
  facet normal 0.156341 -0.987703 0
    outer loop
      vertex 98.2089 9.86941 2.5
      vertex 98.3537 9.89233 6.5
      vertex 98.2089 9.86941 6.5
    endloop
  endfacet
  facet normal 0.156341 -0.987703 0
    outer loop
      vertex 98.3537 9.89233 6.5
      vertex 98.2089 9.86941 2.5
      vertex 98.3537 9.89233 2.5
    endloop
  endfacet
  facet normal -0.453915 -0.891045 0
    outer loop
      vertex 99.0694 9.77896 2.5
      vertex 99.2 9.71243 6.5
      vertex 99.0694 9.77896 6.5
    endloop
  endfacet
  facet normal -0.453915 -0.891045 -0
    outer loop
      vertex 99.2 9.71243 6.5
      vertex 99.0694 9.77896 2.5
      vertex 99.2 9.71243 2.5
    endloop
  endfacet
  facet normal 0.0523546 0.998629 -0
    outer loop
      vertex 98.5 7.1 2.5
      vertex 98.3537 7.10767 6.5
      vertex 98.5 7.1 6.5
    endloop
  endfacet
  facet normal 0.0523546 0.998629 0
    outer loop
      vertex 98.3537 7.10767 6.5
      vertex 98.5 7.1 2.5
      vertex 98.3537 7.10767 2.5
    endloop
  endfacet
  facet normal 0.965969 0.258656 0
    outer loop
      vertex 97.1685 8.06738 6.5
      vertex 97.1306 8.20892 2.5
      vertex 97.1306 8.20892 6.5
    endloop
  endfacet
  facet normal 0.965969 0.258656 0
    outer loop
      vertex 97.1306 8.20892 2.5
      vertex 97.1685 8.06738 6.5
      vertex 97.1685 8.06738 2.5
    endloop
  endfacet
  facet normal -0.544629 0.838677 0
    outer loop
      vertex 99.3229 7.36738 2.5
      vertex 99.2 7.28757 6.5
      vertex 99.3229 7.36738 6.5
    endloop
  endfacet
  facet normal -0.544629 0.838677 0
    outer loop
      vertex 99.2 7.28757 6.5
      vertex 99.3229 7.36738 2.5
      vertex 99.2 7.28757 2.5
    endloop
  endfacet
  facet normal -0.707175 -0.707039 0
    outer loop
      vertex 99.4368 9.5404 2.5
      vertex 99.5404 9.43678 6.5
      vertex 99.4368 9.5404 6.5
    endloop
  endfacet
  facet normal -0.707175 -0.707039 -0
    outer loop
      vertex 99.5404 9.43678 6.5
      vertex 99.4368 9.5404 2.5
      vertex 99.5404 9.43678 2.5
    endloop
  endfacet
  facet normal -0.777207 0.629245 0
    outer loop
      vertex 99.5404 7.56322 2.5
      vertex 99.6326 7.6771 6.5
      vertex 99.6326 7.6771 2.5
    endloop
  endfacet
  facet normal -0.777207 0.629245 0
    outer loop
      vertex 99.6326 7.6771 6.5
      vertex 99.5404 7.56322 2.5
      vertex 99.5404 7.56322 6.5
    endloop
  endfacet
  facet normal -0.0523546 -0.998629 0
    outer loop
      vertex 98.5 9.9 2.5
      vertex 98.6463 9.89233 6.5
      vertex 98.5 9.9 6.5
    endloop
  endfacet
  facet normal -0.0523546 -0.998629 -0
    outer loop
      vertex 98.6463 9.89233 6.5
      vertex 98.5 9.9 2.5
      vertex 98.6463 9.89233 2.5
    endloop
  endfacet
  facet normal -0.933618 -0.35827 0
    outer loop
      vertex 99.8315 8.93262 2.5
      vertex 99.779 9.06943 6.5
      vertex 99.779 9.06943 2.5
    endloop
  endfacet
  facet normal -0.933618 -0.35827 0
    outer loop
      vertex 99.779 9.06943 6.5
      vertex 99.8315 8.93262 2.5
      vertex 99.8315 8.93262 6.5
    endloop
  endfacet
  facet normal 0.258916 -0.9659 0
    outer loop
      vertex 98.0674 9.83148 2.5
      vertex 98.2089 9.86941 6.5
      vertex 98.0674 9.83148 6.5
    endloop
  endfacet
  facet normal 0.258916 -0.9659 0
    outer loop
      vertex 98.2089 9.86941 6.5
      vertex 98.0674 9.83148 2.5
      vertex 98.2089 9.86941 2.5
    endloop
  endfacet
  facet normal 0.0523546 -0.998629 0
    outer loop
      vertex 98.3537 9.89233 2.5
      vertex 98.5 9.9 6.5
      vertex 98.3537 9.89233 6.5
    endloop
  endfacet
  facet normal 0.0523546 -0.998629 0
    outer loop
      vertex 98.5 9.9 6.5
      vertex 98.3537 9.89233 2.5
      vertex 98.5 9.9 2.5
    endloop
  endfacet
  facet normal -0.629261 0.777194 0
    outer loop
      vertex 99.4368 7.4596 2.5
      vertex 99.3229 7.36738 6.5
      vertex 99.4368 7.4596 6.5
    endloop
  endfacet
  facet normal -0.629261 0.777194 0
    outer loop
      vertex 99.3229 7.36738 6.5
      vertex 99.4368 7.4596 2.5
      vertex 99.3229 7.36738 2.5
    endloop
  endfacet
  facet normal 0.544629 -0.838677 0
    outer loop
      vertex 97.6771 9.63262 2.5
      vertex 97.8 9.71243 6.5
      vertex 97.6771 9.63262 6.5
    endloop
  endfacet
  facet normal 0.544629 -0.838677 0
    outer loop
      vertex 97.8 9.71243 6.5
      vertex 97.6771 9.63262 2.5
      vertex 97.8 9.71243 2.5
    endloop
  endfacet
  facet normal -0.89081 0.454376 0
    outer loop
      vertex 99.7124 7.8 2.5
      vertex 99.779 7.93057 6.5
      vertex 99.779 7.93057 2.5
    endloop
  endfacet
  facet normal -0.89081 0.454376 0
    outer loop
      vertex 99.779 7.93057 6.5
      vertex 99.7124 7.8 2.5
      vertex 99.7124 7.8 6.5
    endloop
  endfacet
  facet normal 0.89081 0.454376 0
    outer loop
      vertex 97.2876 7.8 6.5
      vertex 97.221 7.93057 2.5
      vertex 97.221 7.93057 6.5
    endloop
  endfacet
  facet normal 0.89081 0.454376 0
    outer loop
      vertex 97.221 7.93057 2.5
      vertex 97.2876 7.8 6.5
      vertex 97.2876 7.8 2.5
    endloop
  endfacet
  facet normal -0.998619 -0.0525445 0
    outer loop
      vertex 99.9 8.5 2.5
      vertex 99.8923 8.64634 6.5
      vertex 99.8923 8.64634 2.5
    endloop
  endfacet
  facet normal -0.998619 -0.0525445 0
    outer loop
      vertex 99.8923 8.64634 6.5
      vertex 99.9 8.5 2.5
      vertex 99.9 8.5 6.5
    endloop
  endfacet
  facet normal 0.89081 -0.454376 0
    outer loop
      vertex 97.221 9.06943 6.5
      vertex 97.2876 9.2 2.5
      vertex 97.2876 9.2 6.5
    endloop
  endfacet
  facet normal 0.89081 -0.454376 0
    outer loop
      vertex 97.2876 9.2 2.5
      vertex 97.221 9.06943 6.5
      vertex 97.221 9.06943 2.5
    endloop
  endfacet
  facet normal -0.965969 -0.258656 0
    outer loop
      vertex 99.8694 8.79108 2.5
      vertex 99.8315 8.93262 6.5
      vertex 99.8315 8.93262 2.5
    endloop
  endfacet
  facet normal -0.965969 -0.258656 0
    outer loop
      vertex 99.8315 8.93262 6.5
      vertex 99.8694 8.79108 2.5
      vertex 99.8694 8.79108 6.5
    endloop
  endfacet
  facet normal 0.998619 0.0525445 0
    outer loop
      vertex 97.1077 8.35366 6.5
      vertex 97.1 8.5 2.5
      vertex 97.1 8.5 6.5
    endloop
  endfacet
  facet normal 0.998619 0.0525445 0
    outer loop
      vertex 97.1 8.5 2.5
      vertex 97.1077 8.35366 6.5
      vertex 97.1077 8.35366 2.5
    endloop
  endfacet
  facet normal 0.933618 0.35827 0
    outer loop
      vertex 97.221 7.93057 6.5
      vertex 97.1685 8.06738 2.5
      vertex 97.1685 8.06738 6.5
    endloop
  endfacet
  facet normal 0.933618 0.35827 0
    outer loop
      vertex 97.1685 8.06738 2.5
      vertex 97.221 7.93057 6.5
      vertex 97.221 7.93057 2.5
    endloop
  endfacet
  facet normal -0.156341 0.987703 0
    outer loop
      vertex 98.7911 7.13059 2.5
      vertex 98.6463 7.10767 6.5
      vertex 98.7911 7.13059 6.5
    endloop
  endfacet
  facet normal -0.156341 0.987703 0
    outer loop
      vertex 98.6463 7.10767 6.5
      vertex 98.7911 7.13059 2.5
      vertex 98.6463 7.10767 2.5
    endloop
  endfacet
  facet normal 0.629261 -0.777194 0
    outer loop
      vertex 97.5632 9.5404 2.5
      vertex 97.6771 9.63262 6.5
      vertex 97.5632 9.5404 6.5
    endloop
  endfacet
  facet normal 0.629261 -0.777194 0
    outer loop
      vertex 97.6771 9.63262 6.5
      vertex 97.5632 9.5404 2.5
      vertex 97.6771 9.63262 2.5
    endloop
  endfacet
  facet normal -0.838709 -0.544581 0
    outer loop
      vertex 99.7124 9.2 2.5
      vertex 99.6326 9.3229 6.5
      vertex 99.6326 9.3229 2.5
    endloop
  endfacet
  facet normal -0.838709 -0.544581 0
    outer loop
      vertex 99.6326 9.3229 6.5
      vertex 99.7124 9.2 2.5
      vertex 99.7124 9.2 6.5
    endloop
  endfacet
  facet normal -0.89081 -0.454376 0
    outer loop
      vertex 99.779 9.06943 2.5
      vertex 99.7124 9.2 6.5
      vertex 99.7124 9.2 2.5
    endloop
  endfacet
  facet normal -0.89081 -0.454376 0
    outer loop
      vertex 99.7124 9.2 6.5
      vertex 99.779 9.06943 2.5
      vertex 99.779 9.06943 6.5
    endloop
  endfacet
  facet normal 0.258916 0.9659 -0
    outer loop
      vertex 98.2089 7.13059 2.5
      vertex 98.0674 7.16852 6.5
      vertex 98.2089 7.13059 6.5
    endloop
  endfacet
  facet normal 0.258916 0.9659 0
    outer loop
      vertex 98.0674 7.16852 6.5
      vertex 98.2089 7.13059 2.5
      vertex 98.0674 7.16852 2.5
    endloop
  endfacet
  facet normal 0.358412 0.933564 -0
    outer loop
      vertex 98.0674 7.16852 2.5
      vertex 97.9306 7.22104 6.5
      vertex 98.0674 7.16852 6.5
    endloop
  endfacet
  facet normal 0.358412 0.933564 0
    outer loop
      vertex 97.9306 7.22104 6.5
      vertex 98.0674 7.16852 2.5
      vertex 97.9306 7.22104 2.5
    endloop
  endfacet
  facet normal -0.777207 -0.629245 0
    outer loop
      vertex 99.6326 9.3229 2.5
      vertex 99.5404 9.43678 6.5
      vertex 99.5404 9.43678 2.5
    endloop
  endfacet
  facet normal -0.777207 -0.629245 0
    outer loop
      vertex 99.5404 9.43678 6.5
      vertex 99.6326 9.3229 2.5
      vertex 99.6326 9.3229 6.5
    endloop
  endfacet
  facet normal 0.544629 0.838677 -0
    outer loop
      vertex 97.8 7.28757 2.5
      vertex 97.6771 7.36738 6.5
      vertex 97.8 7.28757 6.5
    endloop
  endfacet
  facet normal 0.544629 0.838677 0
    outer loop
      vertex 97.6771 7.36738 6.5
      vertex 97.8 7.28757 2.5
      vertex 97.6771 7.36738 2.5
    endloop
  endfacet
  facet normal -0.838709 0.544581 0
    outer loop
      vertex 99.6326 7.6771 2.5
      vertex 99.7124 7.8 6.5
      vertex 99.7124 7.8 2.5
    endloop
  endfacet
  facet normal -0.838709 0.544581 0
    outer loop
      vertex 99.7124 7.8 6.5
      vertex 99.6326 7.6771 2.5
      vertex 99.6326 7.6771 6.5
    endloop
  endfacet
  facet normal -0.998619 0.0525445 0
    outer loop
      vertex 99.8923 8.35366 2.5
      vertex 99.9 8.5 6.5
      vertex 99.9 8.5 2.5
    endloop
  endfacet
  facet normal -0.998619 0.0525445 0
    outer loop
      vertex 99.9 8.5 6.5
      vertex 99.8923 8.35366 2.5
      vertex 99.8923 8.35366 6.5
    endloop
  endfacet
  facet normal -0.258916 -0.9659 0
    outer loop
      vertex 98.7911 9.86941 2.5
      vertex 98.9326 9.83148 6.5
      vertex 98.7911 9.86941 6.5
    endloop
  endfacet
  facet normal -0.258916 -0.9659 -0
    outer loop
      vertex 98.9326 9.83148 6.5
      vertex 98.7911 9.86941 2.5
      vertex 98.9326 9.83148 2.5
    endloop
  endfacet
  facet normal 0.453915 0.891045 -0
    outer loop
      vertex 97.9306 7.22104 2.5
      vertex 97.8 7.28757 6.5
      vertex 97.9306 7.22104 6.5
    endloop
  endfacet
  facet normal 0.453915 0.891045 0
    outer loop
      vertex 97.8 7.28757 6.5
      vertex 97.9306 7.22104 2.5
      vertex 97.8 7.28757 2.5
    endloop
  endfacet
  facet normal 0.838709 -0.544581 0
    outer loop
      vertex 97.2876 9.2 6.5
      vertex 97.3674 9.3229 2.5
      vertex 97.3674 9.3229 6.5
    endloop
  endfacet
  facet normal 0.838709 -0.544581 0
    outer loop
      vertex 97.3674 9.3229 2.5
      vertex 97.2876 9.2 6.5
      vertex 97.2876 9.2 2.5
    endloop
  endfacet
  facet normal -0.987714 0.156271 0
    outer loop
      vertex 99.8694 8.20892 2.5
      vertex 99.8923 8.35366 6.5
      vertex 99.8923 8.35366 2.5
    endloop
  endfacet
  facet normal -0.987714 0.156271 0
    outer loop
      vertex 99.8923 8.35366 6.5
      vertex 99.8694 8.20892 2.5
      vertex 99.8694 8.20892 6.5
    endloop
  endfacet
  facet normal 0.707175 -0.707039 0
    outer loop
      vertex 97.4596 9.43678 2.5
      vertex 97.5632 9.5404 6.5
      vertex 97.4596 9.43678 6.5
    endloop
  endfacet
  facet normal 0.707175 -0.707039 0
    outer loop
      vertex 97.5632 9.5404 6.5
      vertex 97.4596 9.43678 2.5
      vertex 97.5632 9.5404 2.5
    endloop
  endfacet
  facet normal -0.0523546 0.998629 0
    outer loop
      vertex 98.6463 7.10767 2.5
      vertex 98.5 7.1 6.5
      vertex 98.6463 7.10767 6.5
    endloop
  endfacet
  facet normal -0.0523546 0.998629 0
    outer loop
      vertex 98.5 7.1 6.5
      vertex 98.6463 7.10767 2.5
      vertex 98.5 7.1 2.5
    endloop
  endfacet
  facet normal 0.998619 -0.0525445 0
    outer loop
      vertex 97.1 8.5 6.5
      vertex 97.1077 8.64634 2.5
      vertex 97.1077 8.64634 6.5
    endloop
  endfacet
  facet normal 0.998619 -0.0525445 0
    outer loop
      vertex 97.1077 8.64634 2.5
      vertex 97.1 8.5 6.5
      vertex 97.1 8.5 2.5
    endloop
  endfacet
  facet normal 0.629261 0.777194 -0
    outer loop
      vertex 97.6771 7.36738 2.5
      vertex 97.5632 7.4596 6.5
      vertex 97.6771 7.36738 6.5
    endloop
  endfacet
  facet normal 0.629261 0.777194 0
    outer loop
      vertex 97.5632 7.4596 6.5
      vertex 97.6771 7.36738 2.5
      vertex 97.5632 7.4596 2.5
    endloop
  endfacet
  facet normal -0.358412 -0.933564 0
    outer loop
      vertex 98.9326 9.83148 2.5
      vertex 99.0694 9.77896 6.5
      vertex 98.9326 9.83148 6.5
    endloop
  endfacet
  facet normal -0.358412 -0.933564 -0
    outer loop
      vertex 99.0694 9.77896 6.5
      vertex 98.9326 9.83148 2.5
      vertex 99.0694 9.77896 2.5
    endloop
  endfacet
  facet normal -0.544629 -0.838677 0
    outer loop
      vertex 99.2 9.71243 2.5
      vertex 99.3229 9.63262 6.5
      vertex 99.2 9.71243 6.5
    endloop
  endfacet
  facet normal -0.544629 -0.838677 -0
    outer loop
      vertex 99.3229 9.63262 6.5
      vertex 99.2 9.71243 2.5
      vertex 99.3229 9.63262 2.5
    endloop
  endfacet
  facet normal -0.965969 0.258656 0
    outer loop
      vertex 99.8315 8.06738 2.5
      vertex 99.8694 8.20892 6.5
      vertex 99.8694 8.20892 2.5
    endloop
  endfacet
  facet normal -0.965969 0.258656 0
    outer loop
      vertex 99.8694 8.20892 6.5
      vertex 99.8315 8.06738 2.5
      vertex 99.8315 8.06738 6.5
    endloop
  endfacet
  facet normal -0.933618 0.35827 0
    outer loop
      vertex 99.779 7.93057 2.5
      vertex 99.8315 8.06738 6.5
      vertex 99.8315 8.06738 2.5
    endloop
  endfacet
  facet normal -0.933618 0.35827 0
    outer loop
      vertex 99.8315 8.06738 6.5
      vertex 99.779 7.93057 2.5
      vertex 99.779 7.93057 6.5
    endloop
  endfacet
  facet normal -0.258916 0.9659 0
    outer loop
      vertex 98.9326 7.16852 2.5
      vertex 98.7911 7.13059 6.5
      vertex 98.9326 7.16852 6.5
    endloop
  endfacet
  facet normal -0.258916 0.9659 0
    outer loop
      vertex 98.7911 7.13059 6.5
      vertex 98.9326 7.16852 2.5
      vertex 98.7911 7.13059 2.5
    endloop
  endfacet
  facet normal 0.987714 -0.156271 0
    outer loop
      vertex 97.1077 8.64634 6.5
      vertex 97.1306 8.79108 2.5
      vertex 97.1306 8.79108 6.5
    endloop
  endfacet
  facet normal 0.987714 -0.156271 0
    outer loop
      vertex 97.1306 8.79108 2.5
      vertex 97.1077 8.64634 6.5
      vertex 97.1077 8.64634 2.5
    endloop
  endfacet
  facet normal 0.933618 -0.35827 0
    outer loop
      vertex 97.1685 8.93262 6.5
      vertex 97.221 9.06943 2.5
      vertex 97.221 9.06943 6.5
    endloop
  endfacet
  facet normal 0.933618 -0.35827 0
    outer loop
      vertex 97.221 9.06943 2.5
      vertex 97.1685 8.93262 6.5
      vertex 97.1685 8.93262 2.5
    endloop
  endfacet
  facet normal -0.629261 -0.777194 0
    outer loop
      vertex 99.3229 9.63262 2.5
      vertex 99.4368 9.5404 6.5
      vertex 99.3229 9.63262 6.5
    endloop
  endfacet
  facet normal -0.629261 -0.777194 -0
    outer loop
      vertex 99.4368 9.5404 6.5
      vertex 99.3229 9.63262 2.5
      vertex 99.4368 9.5404 2.5
    endloop
  endfacet
  facet normal -0.156341 -0.987703 0
    outer loop
      vertex 98.6463 9.89233 2.5
      vertex 98.7911 9.86941 6.5
      vertex 98.6463 9.89233 6.5
    endloop
  endfacet
  facet normal -0.156341 -0.987703 -0
    outer loop
      vertex 98.7911 9.86941 6.5
      vertex 98.6463 9.89233 2.5
      vertex 98.7911 9.86941 2.5
    endloop
  endfacet
  facet normal 0.777207 0.629245 0
    outer loop
      vertex 97.4596 7.56322 6.5
      vertex 97.3674 7.6771 2.5
      vertex 97.3674 7.6771 6.5
    endloop
  endfacet
  facet normal 0.777207 0.629245 0
    outer loop
      vertex 97.3674 7.6771 2.5
      vertex 97.4596 7.56322 6.5
      vertex 97.4596 7.56322 2.5
    endloop
  endfacet
  facet normal 0.838709 0.544581 0
    outer loop
      vertex 97.3674 7.6771 6.5
      vertex 97.2876 7.8 2.5
      vertex 97.2876 7.8 6.5
    endloop
  endfacet
  facet normal 0.838709 0.544581 0
    outer loop
      vertex 97.2876 7.8 2.5
      vertex 97.3674 7.6771 6.5
      vertex 97.3674 7.6771 2.5
    endloop
  endfacet
  facet normal -0.707175 0.707039 0
    outer loop
      vertex 99.5404 7.56322 2.5
      vertex 99.4368 7.4596 6.5
      vertex 99.5404 7.56322 6.5
    endloop
  endfacet
  facet normal -0.707175 0.707039 0
    outer loop
      vertex 99.4368 7.4596 6.5
      vertex 99.5404 7.56322 2.5
      vertex 99.4368 7.4596 2.5
    endloop
  endfacet
  facet normal 0.965969 -0.258656 0
    outer loop
      vertex 97.1306 8.79108 6.5
      vertex 97.1685 8.93262 2.5
      vertex 97.1685 8.93262 6.5
    endloop
  endfacet
  facet normal 0.965969 -0.258656 0
    outer loop
      vertex 97.1685 8.93262 2.5
      vertex 97.1306 8.79108 6.5
      vertex 97.1306 8.79108 2.5
    endloop
  endfacet
  facet normal 0.987714 0.156271 0
    outer loop
      vertex 97.1306 8.20892 6.5
      vertex 97.1077 8.35366 2.5
      vertex 97.1077 8.35366 6.5
    endloop
  endfacet
  facet normal 0.987714 0.156271 0
    outer loop
      vertex 97.1077 8.35366 2.5
      vertex 97.1306 8.20892 6.5
      vertex 97.1306 8.20892 2.5
    endloop
  endfacet
  facet normal -0.358412 0.933564 0
    outer loop
      vertex 99.0694 7.22104 2.5
      vertex 98.9326 7.16852 6.5
      vertex 99.0694 7.22104 6.5
    endloop
  endfacet
  facet normal -0.358412 0.933564 0
    outer loop
      vertex 98.9326 7.16852 6.5
      vertex 99.0694 7.22104 2.5
      vertex 98.9326 7.16852 2.5
    endloop
  endfacet
  facet normal -0.453915 0.891045 0
    outer loop
      vertex 99.2 7.28757 2.5
      vertex 99.0694 7.22104 6.5
      vertex 99.2 7.28757 6.5
    endloop
  endfacet
  facet normal -0.453915 0.891045 0
    outer loop
      vertex 99.0694 7.22104 6.5
      vertex 99.2 7.28757 2.5
      vertex 99.0694 7.22104 2.5
    endloop
  endfacet
  facet normal 0.777207 -0.629245 0
    outer loop
      vertex 97.3674 9.3229 6.5
      vertex 97.4596 9.43678 2.5
      vertex 97.4596 9.43678 6.5
    endloop
  endfacet
  facet normal 0.777207 -0.629245 0
    outer loop
      vertex 97.4596 9.43678 2.5
      vertex 97.3674 9.3229 6.5
      vertex 97.3674 9.3229 2.5
    endloop
  endfacet
  facet normal 0.453915 -0.891045 0
    outer loop
      vertex 97.8 9.71243 2.5
      vertex 97.9306 9.77896 6.5
      vertex 97.8 9.71243 6.5
    endloop
  endfacet
  facet normal 0.453915 -0.891045 0
    outer loop
      vertex 97.9306 9.77896 6.5
      vertex 97.8 9.71243 2.5
      vertex 97.9306 9.77896 2.5
    endloop
  endfacet
  facet normal 0.358412 -0.933564 0
    outer loop
      vertex 97.9306 9.77896 2.5
      vertex 98.0674 9.83148 6.5
      vertex 97.9306 9.77896 6.5
    endloop
  endfacet
  facet normal 0.358412 -0.933564 0
    outer loop
      vertex 98.0674 9.83148 6.5
      vertex 97.9306 9.77896 2.5
      vertex 98.0674 9.83148 2.5
    endloop
  endfacet
  facet normal 0.987713 0.156277 0
    outer loop
      vertex 13.9863 65.7613 6.5
      vertex 13.9454 66.0198 2.5
      vertex 13.9454 66.0198 6.5
    endloop
  endfacet
  facet normal 0.987713 0.156277 0
    outer loop
      vertex 13.9454 66.0198 2.5
      vertex 13.9863 65.7613 6.5
      vertex 13.9863 65.7613 2.5
    endloop
  endfacet
  facet normal 0.998628 0.0523582 0
    outer loop
      vertex 14 65.5 6.5
      vertex 13.9863 65.7613 2.5
      vertex 13.9863 65.7613 6.5
    endloop
  endfacet
  facet normal 0.998628 0.0523582 0
    outer loop
      vertex 13.9863 65.7613 2.5
      vertex 14 65.5 6.5
      vertex 14 65.5 2.5
    endloop
  endfacet
  facet normal 0.965841 0.259137 0
    outer loop
      vertex 13.9454 66.0198 6.5
      vertex 13.8776 66.2725 2.5
      vertex 13.8776 66.2725 6.5
    endloop
  endfacet
  facet normal 0.965841 0.259137 0
    outer loop
      vertex 13.8776 66.2725 2.5
      vertex 13.9454 66.0198 6.5
      vertex 13.9454 66.0198 2.5
    endloop
  endfacet
  facet normal -0.544787 0.838575 0
    outer loop
      vertex 10.25 67.6651 2.5
      vertex 10.0305 67.5225 6.5
      vertex 10.25 67.6651 6.5
    endloop
  endfacet
  facet normal -0.544787 0.838575 0
    outer loop
      vertex 10.0305 67.5225 6.5
      vertex 10.25 67.6651 2.5
      vertex 10.0305 67.5225 2.5
    endloop
  endfacet
  facet normal -0.838714 -0.544572 0
    outer loop
      vertex 9.47746 64.0305 2.5
      vertex 9.33494 64.25 6.5
      vertex 9.33494 64.25 2.5
    endloop
  endfacet
  facet normal -0.838714 -0.544572 0
    outer loop
      vertex 9.33494 64.25 6.5
      vertex 9.47746 64.0305 2.5
      vertex 9.47746 64.0305 6.5
    endloop
  endfacet
  facet normal -0.156277 -0.987713 0
    outer loop
      vertex 10.9802 63.0546 2.5
      vertex 11.2387 63.0137 6.5
      vertex 10.9802 63.0546 6.5
    endloop
  endfacet
  facet normal -0.156277 -0.987713 -0
    outer loop
      vertex 11.2387 63.0137 6.5
      vertex 10.9802 63.0546 2.5
      vertex 11.2387 63.0137 2.5
    endloop
  endfacet
  facet normal -0.453926 0.891039 0
    outer loop
      vertex 10.4832 67.7839 2.5
      vertex 10.25 67.6651 6.5
      vertex 10.4832 67.7839 6.5
    endloop
  endfacet
  facet normal -0.453926 0.891039 0
    outer loop
      vertex 10.25 67.6651 6.5
      vertex 10.4832 67.7839 2.5
      vertex 10.25 67.6651 2.5
    endloop
  endfacet
  facet normal -0.70724 -0.706973 0
    outer loop
      vertex 9.82717 63.6421 2.5
      vertex 9.64214 63.8272 6.5
      vertex 9.64214 63.8272 2.5
    endloop
  endfacet
  facet normal -0.70724 -0.706973 0
    outer loop
      vertex 9.64214 63.8272 6.5
      vertex 9.82717 63.6421 2.5
      vertex 9.82717 63.6421 6.5
    endloop
  endfacet
  facet normal 0.453926 0.891039 -0
    outer loop
      vertex 12.75 67.6651 2.5
      vertex 12.5168 67.7839 6.5
      vertex 12.75 67.6651 6.5
    endloop
  endfacet
  facet normal 0.453926 0.891039 0
    outer loop
      vertex 12.5168 67.7839 6.5
      vertex 12.75 67.6651 2.5
      vertex 12.5168 67.7839 2.5
    endloop
  endfacet
  facet normal -0.777051 0.629438 0
    outer loop
      vertex 9.47746 66.9695 2.5
      vertex 9.64214 67.1728 6.5
      vertex 9.64214 67.1728 2.5
    endloop
  endfacet
  facet normal -0.777051 0.629438 0
    outer loop
      vertex 9.64214 67.1728 6.5
      vertex 9.47746 66.9695 2.5
      vertex 9.47746 66.9695 6.5
    endloop
  endfacet
  facet normal 0.629253 0.7772 -0
    outer loop
      vertex 13.1728 67.3579 2.5
      vertex 12.9695 67.5225 6.5
      vertex 13.1728 67.3579 6.5
    endloop
  endfacet
  facet normal 0.629253 0.7772 0
    outer loop
      vertex 12.9695 67.5225 6.5
      vertex 13.1728 67.3579 2.5
      vertex 12.9695 67.5225 2.5
    endloop
  endfacet
  facet normal 0.358108 -0.93368 0
    outer loop
      vertex 12.2725 63.1224 2.5
      vertex 12.5168 63.2161 6.5
      vertex 12.2725 63.1224 6.5
    endloop
  endfacet
  facet normal 0.358108 -0.93368 0
    outer loop
      vertex 12.5168 63.2161 6.5
      vertex 12.2725 63.1224 2.5
      vertex 12.5168 63.2161 2.5
    endloop
  endfacet
  facet normal 0.707107 0.707107 0
    outer loop
      vertex 13.3579 67.1728 6.5
      vertex 13.1728 67.3579 2.5
      vertex 13.1728 67.3579 6.5
    endloop
  endfacet
  facet normal 0.707107 0.707107 0
    outer loop
      vertex 13.1728 67.3579 2.5
      vertex 13.3579 67.1728 6.5
      vertex 13.3579 67.1728 2.5
    endloop
  endfacet
  facet normal -0.629197 0.777246 0
    outer loop
      vertex 10.0305 67.5225 2.5
      vertex 9.82717 67.3579 6.5
      vertex 10.0305 67.5225 6.5
    endloop
  endfacet
  facet normal -0.629197 0.777246 0
    outer loop
      vertex 9.82717 67.3579 6.5
      vertex 10.0305 67.5225 2.5
      vertex 9.82717 67.3579 2.5
    endloop
  endfacet
  facet normal 0.629253 -0.7772 0
    outer loop
      vertex 12.9695 63.4775 2.5
      vertex 13.1728 63.6421 6.5
      vertex 12.9695 63.4775 6.5
    endloop
  endfacet
  facet normal 0.629253 -0.7772 0
    outer loop
      vertex 13.1728 63.6421 6.5
      vertex 12.9695 63.4775 2.5
      vertex 13.1728 63.6421 2.5
    endloop
  endfacet
  facet normal 0.544787 -0.838575 0
    outer loop
      vertex 12.75 63.3349 2.5
      vertex 12.9695 63.4775 6.5
      vertex 12.75 63.3349 6.5
    endloop
  endfacet
  facet normal 0.544787 -0.838575 0
    outer loop
      vertex 12.9695 63.4775 6.5
      vertex 12.75 63.3349 2.5
      vertex 12.9695 63.4775 2.5
    endloop
  endfacet
  facet normal -0.358108 0.93368 0
    outer loop
      vertex 10.7275 67.8776 2.5
      vertex 10.4832 67.7839 6.5
      vertex 10.7275 67.8776 6.5
    endloop
  endfacet
  facet normal -0.358108 0.93368 0
    outer loop
      vertex 10.4832 67.7839 6.5
      vertex 10.7275 67.8776 2.5
      vertex 10.4832 67.7839 2.5
    endloop
  endfacet
  facet normal -0.987696 -0.156388 0
    outer loop
      vertex 9.05463 64.9802 2.5
      vertex 9.0137 65.2387 6.5
      vertex 9.0137 65.2387 2.5
    endloop
  endfacet
  facet normal -0.987696 -0.156388 0
    outer loop
      vertex 9.0137 65.2387 6.5
      vertex 9.05463 64.9802 2.5
      vertex 9.05463 64.9802 6.5
    endloop
  endfacet
  facet normal -0.156277 0.987713 0
    outer loop
      vertex 11.2387 67.9863 2.5
      vertex 10.9802 67.9454 6.5
      vertex 11.2387 67.9863 6.5
    endloop
  endfacet
  facet normal -0.156277 0.987713 0
    outer loop
      vertex 10.9802 67.9454 6.5
      vertex 11.2387 67.9863 2.5
      vertex 10.9802 67.9454 2.5
    endloop
  endfacet
  facet normal 0.838575 0.544787 0
    outer loop
      vertex 13.6651 66.75 6.5
      vertex 13.5225 66.9695 2.5
      vertex 13.5225 66.9695 6.5
    endloop
  endfacet
  facet normal 0.838575 0.544787 0
    outer loop
      vertex 13.5225 66.9695 2.5
      vertex 13.6651 66.75 6.5
      vertex 13.6651 66.75 2.5
    endloop
  endfacet
  facet normal 0.259137 0.965841 -0
    outer loop
      vertex 12.2725 67.8776 2.5
      vertex 12.0198 67.9454 6.5
      vertex 12.2725 67.8776 6.5
    endloop
  endfacet
  facet normal 0.259137 0.965841 0
    outer loop
      vertex 12.0198 67.9454 6.5
      vertex 12.2725 67.8776 2.5
      vertex 12.0198 67.9454 2.5
    endloop
  endfacet
  facet normal 0.544787 0.838575 -0
    outer loop
      vertex 12.9695 67.5225 2.5
      vertex 12.75 67.6651 6.5
      vertex 12.9695 67.5225 6.5
    endloop
  endfacet
  facet normal 0.544787 0.838575 0
    outer loop
      vertex 12.75 67.6651 6.5
      vertex 12.9695 67.5225 2.5
      vertex 12.75 67.6651 2.5
    endloop
  endfacet
  facet normal 0.358108 0.93368 -0
    outer loop
      vertex 12.5168 67.7839 2.5
      vertex 12.2725 67.8776 6.5
      vertex 12.5168 67.7839 6.5
    endloop
  endfacet
  facet normal 0.358108 0.93368 0
    outer loop
      vertex 12.2725 67.8776 6.5
      vertex 12.5168 67.7839 2.5
      vertex 12.2725 67.8776 2.5
    endloop
  endfacet
  facet normal 0.965841 -0.259137 0
    outer loop
      vertex 13.8776 64.7275 6.5
      vertex 13.9454 64.9802 2.5
      vertex 13.9454 64.9802 6.5
    endloop
  endfacet
  facet normal 0.965841 -0.259137 0
    outer loop
      vertex 13.9454 64.9802 2.5
      vertex 13.8776 64.7275 6.5
      vertex 13.8776 64.7275 2.5
    endloop
  endfacet
  facet normal -0.259137 0.965841 0
    outer loop
      vertex 10.9802 67.9454 2.5
      vertex 10.7275 67.8776 6.5
      vertex 10.9802 67.9454 6.5
    endloop
  endfacet
  facet normal -0.259137 0.965841 0
    outer loop
      vertex 10.7275 67.8776 6.5
      vertex 10.9802 67.9454 2.5
      vertex 10.7275 67.8776 2.5
    endloop
  endfacet
  facet normal 0.453926 -0.891039 0
    outer loop
      vertex 12.5168 63.2161 2.5
      vertex 12.75 63.3349 6.5
      vertex 12.5168 63.2161 6.5
    endloop
  endfacet
  facet normal 0.453926 -0.891039 0
    outer loop
      vertex 12.75 63.3349 6.5
      vertex 12.5168 63.2161 2.5
      vertex 12.75 63.3349 2.5
    endloop
  endfacet
  facet normal 0.0523582 -0.998628 0
    outer loop
      vertex 11.5 63 2.5
      vertex 11.7613 63.0137 6.5
      vertex 11.5 63 6.5
    endloop
  endfacet
  facet normal 0.0523582 -0.998628 0
    outer loop
      vertex 11.7613 63.0137 6.5
      vertex 11.5 63 2.5
      vertex 11.7613 63.0137 2.5
    endloop
  endfacet
  facet normal 0.259137 -0.965841 0
    outer loop
      vertex 12.0198 63.0546 2.5
      vertex 12.2725 63.1224 6.5
      vertex 12.0198 63.0546 6.5
    endloop
  endfacet
  facet normal 0.259137 -0.965841 0
    outer loop
      vertex 12.2725 63.1224 6.5
      vertex 12.0198 63.0546 2.5
      vertex 12.2725 63.1224 2.5
    endloop
  endfacet
  facet normal 0.987713 -0.156277 0
    outer loop
      vertex 13.9454 64.9802 6.5
      vertex 13.9863 65.2387 2.5
      vertex 13.9863 65.2387 6.5
    endloop
  endfacet
  facet normal 0.987713 -0.156277 0
    outer loop
      vertex 13.9863 65.2387 2.5
      vertex 13.9454 64.9802 6.5
      vertex 13.9454 64.9802 2.5
    endloop
  endfacet
  facet normal -0.933578 -0.358375 0
    outer loop
      vertex 9.21614 64.4832 2.5
      vertex 9.12236 64.7275 6.5
      vertex 9.12236 64.7275 2.5
    endloop
  endfacet
  facet normal -0.933578 -0.358375 0
    outer loop
      vertex 9.12236 64.7275 6.5
      vertex 9.21614 64.4832 2.5
      vertex 9.21614 64.4832 6.5
    endloop
  endfacet
  facet normal -0.987696 0.156388 0
    outer loop
      vertex 9.0137 65.7613 2.5
      vertex 9.05463 66.0198 6.5
      vertex 9.05463 66.0198 2.5
    endloop
  endfacet
  facet normal -0.987696 0.156388 0
    outer loop
      vertex 9.05463 66.0198 6.5
      vertex 9.0137 65.7613 2.5
      vertex 9.0137 65.7613 6.5
    endloop
  endfacet
  facet normal 0.891039 -0.453926 0
    outer loop
      vertex 13.6651 64.25 6.5
      vertex 13.7839 64.4832 2.5
      vertex 13.7839 64.4832 6.5
    endloop
  endfacet
  facet normal 0.891039 -0.453926 0
    outer loop
      vertex 13.7839 64.4832 2.5
      vertex 13.6651 64.25 6.5
      vertex 13.6651 64.25 2.5
    endloop
  endfacet
  facet normal -0.965907 -0.258888 0
    outer loop
      vertex 9.12236 64.7275 2.5
      vertex 9.05463 64.9802 6.5
      vertex 9.05463 64.9802 2.5
    endloop
  endfacet
  facet normal -0.965907 -0.258888 0
    outer loop
      vertex 9.05463 64.9802 6.5
      vertex 9.12236 64.7275 2.5
      vertex 9.12236 64.7275 6.5
    endloop
  endfacet
  facet normal -0.453926 -0.891039 0
    outer loop
      vertex 10.25 63.3349 2.5
      vertex 10.4832 63.2161 6.5
      vertex 10.25 63.3349 6.5
    endloop
  endfacet
  facet normal -0.453926 -0.891039 -0
    outer loop
      vertex 10.4832 63.2161 6.5
      vertex 10.25 63.3349 2.5
      vertex 10.4832 63.2161 2.5
    endloop
  endfacet
  facet normal -0.891039 -0.453926 0
    outer loop
      vertex 9.33494 64.25 2.5
      vertex 9.21614 64.4832 6.5
      vertex 9.21614 64.4832 2.5
    endloop
  endfacet
  facet normal -0.891039 -0.453926 0
    outer loop
      vertex 9.21614 64.4832 6.5
      vertex 9.33494 64.25 2.5
      vertex 9.33494 64.25 6.5
    endloop
  endfacet
  facet normal 0.998628 -0.0523582 0
    outer loop
      vertex 13.9863 65.2387 6.5
      vertex 14 65.5 2.5
      vertex 14 65.5 6.5
    endloop
  endfacet
  facet normal 0.998628 -0.0523582 0
    outer loop
      vertex 14 65.5 2.5
      vertex 13.9863 65.2387 6.5
      vertex 13.9863 65.2387 2.5
    endloop
  endfacet
  facet normal 0.7772 0.629253 0
    outer loop
      vertex 13.5225 66.9695 6.5
      vertex 13.3579 67.1728 2.5
      vertex 13.3579 67.1728 6.5
    endloop
  endfacet
  facet normal 0.7772 0.629253 0
    outer loop
      vertex 13.3579 67.1728 2.5
      vertex 13.5225 66.9695 6.5
      vertex 13.5225 66.9695 2.5
    endloop
  endfacet
  facet normal -0.259137 -0.965841 0
    outer loop
      vertex 10.7275 63.1224 2.5
      vertex 10.9802 63.0546 6.5
      vertex 10.7275 63.1224 6.5
    endloop
  endfacet
  facet normal -0.259137 -0.965841 -0
    outer loop
      vertex 10.9802 63.0546 6.5
      vertex 10.7275 63.1224 2.5
      vertex 10.9802 63.0546 2.5
    endloop
  endfacet
  facet normal 0.156277 -0.987713 0
    outer loop
      vertex 11.7613 63.0137 2.5
      vertex 12.0198 63.0546 6.5
      vertex 11.7613 63.0137 6.5
    endloop
  endfacet
  facet normal 0.156277 -0.987713 0
    outer loop
      vertex 12.0198 63.0546 6.5
      vertex 11.7613 63.0137 2.5
      vertex 12.0198 63.0546 2.5
    endloop
  endfacet
  facet normal 0.93368 0.358108 0
    outer loop
      vertex 13.8776 66.2725 6.5
      vertex 13.7839 66.5168 2.5
      vertex 13.7839 66.5168 6.5
    endloop
  endfacet
  facet normal 0.93368 0.358108 0
    outer loop
      vertex 13.7839 66.5168 2.5
      vertex 13.8776 66.2725 6.5
      vertex 13.8776 66.2725 2.5
    endloop
  endfacet
  facet normal -0.891039 0.453926 0
    outer loop
      vertex 9.21614 66.5168 2.5
      vertex 9.33494 66.75 6.5
      vertex 9.33494 66.75 2.5
    endloop
  endfacet
  facet normal -0.891039 0.453926 0
    outer loop
      vertex 9.33494 66.75 6.5
      vertex 9.21614 66.5168 2.5
      vertex 9.21614 66.5168 6.5
    endloop
  endfacet
  facet normal 0.7772 -0.629253 0
    outer loop
      vertex 13.3579 63.8272 6.5
      vertex 13.5225 64.0305 2.5
      vertex 13.5225 64.0305 6.5
    endloop
  endfacet
  facet normal 0.7772 -0.629253 0
    outer loop
      vertex 13.5225 64.0305 2.5
      vertex 13.3579 63.8272 6.5
      vertex 13.3579 63.8272 2.5
    endloop
  endfacet
  facet normal 0.838575 -0.544787 0
    outer loop
      vertex 13.5225 64.0305 6.5
      vertex 13.6651 64.25 2.5
      vertex 13.6651 64.25 6.5
    endloop
  endfacet
  facet normal 0.838575 -0.544787 0
    outer loop
      vertex 13.6651 64.25 2.5
      vertex 13.5225 64.0305 6.5
      vertex 13.5225 64.0305 2.5
    endloop
  endfacet
  facet normal 0.93368 -0.358108 0
    outer loop
      vertex 13.7839 64.4832 6.5
      vertex 13.8776 64.7275 2.5
      vertex 13.8776 64.7275 6.5
    endloop
  endfacet
  facet normal 0.93368 -0.358108 0
    outer loop
      vertex 13.8776 64.7275 2.5
      vertex 13.7839 64.4832 6.5
      vertex 13.7839 64.4832 2.5
    endloop
  endfacet
  facet normal -0.838714 0.544572 0
    outer loop
      vertex 9.33494 66.75 2.5
      vertex 9.47746 66.9695 6.5
      vertex 9.47746 66.9695 2.5
    endloop
  endfacet
  facet normal -0.838714 0.544572 0
    outer loop
      vertex 9.47746 66.9695 6.5
      vertex 9.33494 66.75 2.5
      vertex 9.33494 66.75 6.5
    endloop
  endfacet
  facet normal 0.156277 0.987713 -0
    outer loop
      vertex 12.0198 67.9454 2.5
      vertex 11.7613 67.9863 6.5
      vertex 12.0198 67.9454 6.5
    endloop
  endfacet
  facet normal 0.156277 0.987713 0
    outer loop
      vertex 11.7613 67.9863 6.5
      vertex 12.0198 67.9454 2.5
      vertex 11.7613 67.9863 2.5
    endloop
  endfacet
  facet normal 0.707107 -0.707107 0
    outer loop
      vertex 13.1728 63.6421 6.5
      vertex 13.3579 63.8272 2.5
      vertex 13.3579 63.8272 6.5
    endloop
  endfacet
  facet normal 0.707107 -0.707107 0
    outer loop
      vertex 13.3579 63.8272 2.5
      vertex 13.1728 63.6421 6.5
      vertex 13.1728 63.6421 2.5
    endloop
  endfacet
  facet normal 0.891039 0.453926 0
    outer loop
      vertex 13.7839 66.5168 6.5
      vertex 13.6651 66.75 2.5
      vertex 13.6651 66.75 6.5
    endloop
  endfacet
  facet normal 0.891039 0.453926 0
    outer loop
      vertex 13.6651 66.75 2.5
      vertex 13.7839 66.5168 6.5
      vertex 13.7839 66.5168 2.5
    endloop
  endfacet
  facet normal -0.70724 0.706973 0
    outer loop
      vertex 9.64214 67.1728 2.5
      vertex 9.82717 67.3579 6.5
      vertex 9.82717 67.3579 2.5
    endloop
  endfacet
  facet normal -0.70724 0.706973 0
    outer loop
      vertex 9.82717 67.3579 6.5
      vertex 9.64214 67.1728 2.5
      vertex 9.64214 67.1728 6.5
    endloop
  endfacet
  facet normal -0.0523582 -0.998628 0
    outer loop
      vertex 11.2387 63.0137 2.5
      vertex 11.5 63 6.5
      vertex 11.2387 63.0137 6.5
    endloop
  endfacet
  facet normal -0.0523582 -0.998628 -0
    outer loop
      vertex 11.5 63 6.5
      vertex 11.2387 63.0137 2.5
      vertex 11.5 63 2.5
    endloop
  endfacet
  facet normal -0.0523582 0.998628 0
    outer loop
      vertex 11.5 68 2.5
      vertex 11.2387 67.9863 6.5
      vertex 11.5 68 6.5
    endloop
  endfacet
  facet normal -0.0523582 0.998628 0
    outer loop
      vertex 11.2387 67.9863 6.5
      vertex 11.5 68 2.5
      vertex 11.2387 67.9863 2.5
    endloop
  endfacet
  facet normal -0.998628 -0.0523582 0
    outer loop
      vertex 9.0137 65.2387 2.5
      vertex 9 65.5 6.5
      vertex 9 65.5 2.5
    endloop
  endfacet
  facet normal -0.998628 -0.0523582 0
    outer loop
      vertex 9 65.5 6.5
      vertex 9.0137 65.2387 2.5
      vertex 9.0137 65.2387 6.5
    endloop
  endfacet
  facet normal -0.965907 0.258888 0
    outer loop
      vertex 9.05463 66.0198 2.5
      vertex 9.12236 66.2725 6.5
      vertex 9.12236 66.2725 2.5
    endloop
  endfacet
  facet normal -0.965907 0.258888 0
    outer loop
      vertex 9.12236 66.2725 6.5
      vertex 9.05463 66.0198 2.5
      vertex 9.05463 66.0198 6.5
    endloop
  endfacet
  facet normal -0.777051 -0.629438 0
    outer loop
      vertex 9.64214 63.8272 2.5
      vertex 9.47746 64.0305 6.5
      vertex 9.47746 64.0305 2.5
    endloop
  endfacet
  facet normal -0.777051 -0.629438 0
    outer loop
      vertex 9.47746 64.0305 6.5
      vertex 9.64214 63.8272 2.5
      vertex 9.64214 63.8272 6.5
    endloop
  endfacet
  facet normal -0.933578 0.358375 0
    outer loop
      vertex 9.12236 66.2725 2.5
      vertex 9.21614 66.5168 6.5
      vertex 9.21614 66.5168 2.5
    endloop
  endfacet
  facet normal -0.933578 0.358375 0
    outer loop
      vertex 9.21614 66.5168 6.5
      vertex 9.12236 66.2725 2.5
      vertex 9.12236 66.2725 6.5
    endloop
  endfacet
  facet normal 0.0523582 0.998628 -0
    outer loop
      vertex 11.7613 67.9863 2.5
      vertex 11.5 68 6.5
      vertex 11.7613 67.9863 6.5
    endloop
  endfacet
  facet normal 0.0523582 0.998628 0
    outer loop
      vertex 11.5 68 6.5
      vertex 11.7613 67.9863 2.5
      vertex 11.5 68 2.5
    endloop
  endfacet
  facet normal -0.629197 -0.777246 0
    outer loop
      vertex 9.82717 63.6421 2.5
      vertex 10.0305 63.4775 6.5
      vertex 9.82717 63.6421 6.5
    endloop
  endfacet
  facet normal -0.629197 -0.777246 -0
    outer loop
      vertex 10.0305 63.4775 6.5
      vertex 9.82717 63.6421 2.5
      vertex 10.0305 63.4775 2.5
    endloop
  endfacet
  facet normal -0.544787 -0.838575 0
    outer loop
      vertex 10.0305 63.4775 2.5
      vertex 10.25 63.3349 6.5
      vertex 10.0305 63.4775 6.5
    endloop
  endfacet
  facet normal -0.544787 -0.838575 -0
    outer loop
      vertex 10.25 63.3349 6.5
      vertex 10.0305 63.4775 2.5
      vertex 10.25 63.3349 2.5
    endloop
  endfacet
  facet normal -0.358108 -0.93368 0
    outer loop
      vertex 10.4832 63.2161 2.5
      vertex 10.7275 63.1224 6.5
      vertex 10.4832 63.2161 6.5
    endloop
  endfacet
  facet normal -0.358108 -0.93368 -0
    outer loop
      vertex 10.7275 63.1224 6.5
      vertex 10.4832 63.2161 2.5
      vertex 10.7275 63.1224 2.5
    endloop
  endfacet
  facet normal -0.998628 0.0523582 0
    outer loop
      vertex 9 65.5 2.5
      vertex 9.0137 65.7613 6.5
      vertex 9.0137 65.7613 2.5
    endloop
  endfacet
  facet normal -0.998628 0.0523582 0
    outer loop
      vertex 9.0137 65.7613 6.5
      vertex 9 65.5 2.5
      vertex 9 65.5 6.5
    endloop
  endfacet
  facet normal 0 0 1
    outer loop
      vertex 12.9 65.5 6.5
      vertex 14 65.5 6.5
      vertex 13.9863 65.7613 6.5
    endloop
  endfacet
  facet normal 0 0 1
    outer loop
      vertex 12.8923 65.6463 6.5
      vertex 13.9863 65.7613 6.5
      vertex 13.9454 66.0198 6.5
    endloop
  endfacet
  facet normal 0 0 1
    outer loop
      vertex 14 65.5 6.5
      vertex 12.9 65.5 6.5
      vertex 13.9863 65.2387 6.5
    endloop
  endfacet
  facet normal 0 0 1
    outer loop
      vertex 12.8694 65.7911 6.5
      vertex 13.9454 66.0198 6.5
      vertex 13.8776 66.2725 6.5
    endloop
  endfacet
  facet normal -0 0 1
    outer loop
      vertex 12.8923 65.3537 6.5
      vertex 13.9863 65.2387 6.5
      vertex 12.9 65.5 6.5
    endloop
  endfacet
  facet normal 0 0 1
    outer loop
      vertex 12.8315 65.9326 6.5
      vertex 13.8776 66.2725 6.5
      vertex 13.7839 66.5168 6.5
    endloop
  endfacet
  facet normal 0 0 1
    outer loop
      vertex 13.9863 65.2387 6.5
      vertex 12.8923 65.3537 6.5
      vertex 13.9454 64.9802 6.5
    endloop
  endfacet
  facet normal 0 0 1
    outer loop
      vertex 12.779 66.0694 6.5
      vertex 13.7839 66.5168 6.5
      vertex 13.6651 66.75 6.5
    endloop
  endfacet
  facet normal -0 0 1
    outer loop
      vertex 12.8694 65.2089 6.5
      vertex 13.9454 64.9802 6.5
      vertex 12.8923 65.3537 6.5
    endloop
  endfacet
  facet normal 0 0 1
    outer loop
      vertex 12.7124 66.2 6.5
      vertex 13.6651 66.75 6.5
      vertex 13.5225 66.9695 6.5
    endloop
  endfacet
  facet normal 0 0 1
    outer loop
      vertex 13.9454 64.9802 6.5
      vertex 12.8694 65.2089 6.5
      vertex 13.8776 64.7275 6.5
    endloop
  endfacet
  facet normal 0 0 1
    outer loop
      vertex 12.6326 66.3229 6.5
      vertex 13.5225 66.9695 6.5
      vertex 13.3579 67.1728 6.5
    endloop
  endfacet
  facet normal -0 0 1
    outer loop
      vertex 12.8315 65.0674 6.5
      vertex 13.8776 64.7275 6.5
      vertex 12.8694 65.2089 6.5
    endloop
  endfacet
  facet normal 0 0 1
    outer loop
      vertex 12.5404 66.4368 6.5
      vertex 13.3579 67.1728 6.5
      vertex 13.1728 67.3579 6.5
    endloop
  endfacet
  facet normal 0 0 1
    outer loop
      vertex 13.8776 64.7275 6.5
      vertex 12.8315 65.0674 6.5
      vertex 13.7839 64.4832 6.5
    endloop
  endfacet
  facet normal 0 0 1
    outer loop
      vertex 12.4368 66.5404 6.5
      vertex 13.1728 67.3579 6.5
      vertex 12.9695 67.5225 6.5
    endloop
  endfacet
  facet normal -0 0 1
    outer loop
      vertex 12.779 64.9306 6.5
      vertex 13.7839 64.4832 6.5
      vertex 12.8315 65.0674 6.5
    endloop
  endfacet
  facet normal 0 0 1
    outer loop
      vertex 13.7839 64.4832 6.5
      vertex 12.779 64.9306 6.5
      vertex 13.6651 64.25 6.5
    endloop
  endfacet
  facet normal 0 0 1
    outer loop
      vertex 13.9863 65.7613 6.5
      vertex 12.8923 65.6463 6.5
      vertex 12.9 65.5 6.5
    endloop
  endfacet
  facet normal 0 0 1
    outer loop
      vertex 13.9454 66.0198 6.5
      vertex 12.8694 65.7911 6.5
      vertex 12.8923 65.6463 6.5
    endloop
  endfacet
  facet normal 0 0 1
    outer loop
      vertex 13.8776 66.2725 6.5
      vertex 12.8315 65.9326 6.5
      vertex 12.8694 65.7911 6.5
    endloop
  endfacet
  facet normal 0 0 1
    outer loop
      vertex 13.7839 66.5168 6.5
      vertex 12.779 66.0694 6.5
      vertex 12.8315 65.9326 6.5
    endloop
  endfacet
  facet normal 0 0 1
    outer loop
      vertex 12.3229 66.6326 6.5
      vertex 12.9695 67.5225 6.5
      vertex 12.75 67.6651 6.5
    endloop
  endfacet
  facet normal 0 0 1
    outer loop
      vertex 13.6651 66.75 6.5
      vertex 12.7124 66.2 6.5
      vertex 12.779 66.0694 6.5
    endloop
  endfacet
  facet normal 0 0 1
    outer loop
      vertex 13.5225 66.9695 6.5
      vertex 12.6326 66.3229 6.5
      vertex 12.7124 66.2 6.5
    endloop
  endfacet
  facet normal 0 0 1
    outer loop
      vertex 13.3579 67.1728 6.5
      vertex 12.5404 66.4368 6.5
      vertex 12.6326 66.3229 6.5
    endloop
  endfacet
  facet normal 0 0 1
    outer loop
      vertex 12.2 66.7124 6.5
      vertex 12.75 67.6651 6.5
      vertex 12.5168 67.7839 6.5
    endloop
  endfacet
  facet normal 0 0 1
    outer loop
      vertex 13.1728 67.3579 6.5
      vertex 12.4368 66.5404 6.5
      vertex 12.5404 66.4368 6.5
    endloop
  endfacet
  facet normal 0 0 1
    outer loop
      vertex 12.9695 67.5225 6.5
      vertex 12.3229 66.6326 6.5
      vertex 12.4368 66.5404 6.5
    endloop
  endfacet
  facet normal 0 0 1
    outer loop
      vertex 12.0694 66.779 6.5
      vertex 12.5168 67.7839 6.5
      vertex 12.2725 67.8776 6.5
    endloop
  endfacet
  facet normal 0 0 1
    outer loop
      vertex 12.75 67.6651 6.5
      vertex 12.2 66.7124 6.5
      vertex 12.3229 66.6326 6.5
    endloop
  endfacet
  facet normal 0 0 1
    outer loop
      vertex 12.5168 67.7839 6.5
      vertex 12.0694 66.779 6.5
      vertex 12.2 66.7124 6.5
    endloop
  endfacet
  facet normal 0 0 1
    outer loop
      vertex 11.9326 66.8315 6.5
      vertex 12.2725 67.8776 6.5
      vertex 12.0198 67.9454 6.5
    endloop
  endfacet
  facet normal 0 0 1
    outer loop
      vertex 12.2725 67.8776 6.5
      vertex 11.9326 66.8315 6.5
      vertex 12.0694 66.779 6.5
    endloop
  endfacet
  facet normal 0 0 1
    outer loop
      vertex 12.0198 67.9454 6.5
      vertex 11.7911 66.8694 6.5
      vertex 11.9326 66.8315 6.5
    endloop
  endfacet
  facet normal 0 0 1
    outer loop
      vertex 11.7613 67.9863 6.5
      vertex 11.7911 66.8694 6.5
      vertex 12.0198 67.9454 6.5
    endloop
  endfacet
  facet normal 0 0 1
    outer loop
      vertex 11.7613 67.9863 6.5
      vertex 11.6463 66.8923 6.5
      vertex 11.7911 66.8694 6.5
    endloop
  endfacet
  facet normal 0 0 1
    outer loop
      vertex 11.5 68 6.5
      vertex 11.6463 66.8923 6.5
      vertex 11.7613 67.9863 6.5
    endloop
  endfacet
  facet normal 0 0 1
    outer loop
      vertex 11.5 68 6.5
      vertex 11.5 66.9 6.5
      vertex 11.6463 66.8923 6.5
    endloop
  endfacet
  facet normal 0 0 1
    outer loop
      vertex 11.5 68 6.5
      vertex 11.3537 66.8923 6.5
      vertex 11.5 66.9 6.5
    endloop
  endfacet
  facet normal -0 0 1
    outer loop
      vertex 11.2387 67.9863 6.5
      vertex 11.3537 66.8923 6.5
      vertex 11.5 68 6.5
    endloop
  endfacet
  facet normal 0 0 1
    outer loop
      vertex 11.2387 67.9863 6.5
      vertex 11.2089 66.8694 6.5
      vertex 11.3537 66.8923 6.5
    endloop
  endfacet
  facet normal -0 0 1
    outer loop
      vertex 10.9802 67.9454 6.5
      vertex 11.2089 66.8694 6.5
      vertex 11.2387 67.9863 6.5
    endloop
  endfacet
  facet normal 0 0 1
    outer loop
      vertex 11.2089 66.8694 6.5
      vertex 10.9802 67.9454 6.5
      vertex 11.0674 66.8315 6.5
    endloop
  endfacet
  facet normal -0 0 1
    outer loop
      vertex 10.7275 67.8776 6.5
      vertex 11.0674 66.8315 6.5
      vertex 10.9802 67.9454 6.5
    endloop
  endfacet
  facet normal 0 0 1
    outer loop
      vertex 11.0674 66.8315 6.5
      vertex 10.7275 67.8776 6.5
      vertex 10.9306 66.779 6.5
    endloop
  endfacet
  facet normal -0 0 1
    outer loop
      vertex 10.4832 67.7839 6.5
      vertex 10.9306 66.779 6.5
      vertex 10.7275 67.8776 6.5
    endloop
  endfacet
  facet normal 0 0 1
    outer loop
      vertex 10.9306 66.779 6.5
      vertex 10.4832 67.7839 6.5
      vertex 10.8 66.7124 6.5
    endloop
  endfacet
  facet normal -0 0 1
    outer loop
      vertex 10.25 67.6651 6.5
      vertex 10.8 66.7124 6.5
      vertex 10.4832 67.7839 6.5
    endloop
  endfacet
  facet normal 0 0 1
    outer loop
      vertex 10.8 66.7124 6.5
      vertex 10.25 67.6651 6.5
      vertex 10.6771 66.6326 6.5
    endloop
  endfacet
  facet normal -0 0 1
    outer loop
      vertex 10.0305 67.5225 6.5
      vertex 10.6771 66.6326 6.5
      vertex 10.25 67.6651 6.5
    endloop
  endfacet
  facet normal 0 0 1
    outer loop
      vertex 10.6771 66.6326 6.5
      vertex 10.0305 67.5225 6.5
      vertex 10.5632 66.5404 6.5
    endloop
  endfacet
  facet normal -0 0 1
    outer loop
      vertex 9.82717 67.3579 6.5
      vertex 10.5632 66.5404 6.5
      vertex 10.0305 67.5225 6.5
    endloop
  endfacet
  facet normal 0 0 1
    outer loop
      vertex 10.5632 66.5404 6.5
      vertex 9.82717 67.3579 6.5
      vertex 10.4596 66.4368 6.5
    endloop
  endfacet
  facet normal -0 0 1
    outer loop
      vertex 9.64214 67.1728 6.5
      vertex 10.4596 66.4368 6.5
      vertex 9.82717 67.3579 6.5
    endloop
  endfacet
  facet normal 0 0 1
    outer loop
      vertex 10.4596 66.4368 6.5
      vertex 9.64214 67.1728 6.5
      vertex 10.3674 66.3229 6.5
    endloop
  endfacet
  facet normal -0 0 1
    outer loop
      vertex 9.47746 66.9695 6.5
      vertex 10.3674 66.3229 6.5
      vertex 9.64214 67.1728 6.5
    endloop
  endfacet
  facet normal 0 0 1
    outer loop
      vertex 10.3674 66.3229 6.5
      vertex 9.47746 66.9695 6.5
      vertex 10.2876 66.2 6.5
    endloop
  endfacet
  facet normal 0 0 1
    outer loop
      vertex 10.2876 66.2 6.5
      vertex 9.33494 66.75 6.5
      vertex 10.221 66.0694 6.5
    endloop
  endfacet
  facet normal -0 0 1
    outer loop
      vertex 9.33494 66.75 6.5
      vertex 10.2876 66.2 6.5
      vertex 9.47746 66.9695 6.5
    endloop
  endfacet
  facet normal -0 0 1
    outer loop
      vertex 12.7124 64.8 6.5
      vertex 13.6651 64.25 6.5
      vertex 12.779 64.9306 6.5
    endloop
  endfacet
  facet normal 0 0 1
    outer loop
      vertex 13.6651 64.25 6.5
      vertex 12.7124 64.8 6.5
      vertex 13.5225 64.0305 6.5
    endloop
  endfacet
  facet normal -0 0 1
    outer loop
      vertex 12.6326 64.6771 6.5
      vertex 13.5225 64.0305 6.5
      vertex 12.7124 64.8 6.5
    endloop
  endfacet
  facet normal 0 0 1
    outer loop
      vertex 13.5225 64.0305 6.5
      vertex 12.6326 64.6771 6.5
      vertex 13.3579 63.8272 6.5
    endloop
  endfacet
  facet normal -0 0 1
    outer loop
      vertex 12.5404 64.5632 6.5
      vertex 13.3579 63.8272 6.5
      vertex 12.6326 64.6771 6.5
    endloop
  endfacet
  facet normal 0 0 1
    outer loop
      vertex 13.3579 63.8272 6.5
      vertex 12.5404 64.5632 6.5
      vertex 13.1728 63.6421 6.5
    endloop
  endfacet
  facet normal -0 0 1
    outer loop
      vertex 12.4368 64.4596 6.5
      vertex 13.1728 63.6421 6.5
      vertex 12.5404 64.5632 6.5
    endloop
  endfacet
  facet normal 0 0 1
    outer loop
      vertex 13.1728 63.6421 6.5
      vertex 12.4368 64.4596 6.5
      vertex 12.9695 63.4775 6.5
    endloop
  endfacet
  facet normal -0 0 1
    outer loop
      vertex 12.3229 64.3674 6.5
      vertex 12.9695 63.4775 6.5
      vertex 12.4368 64.4596 6.5
    endloop
  endfacet
  facet normal 0 0 1
    outer loop
      vertex 12.9695 63.4775 6.5
      vertex 12.3229 64.3674 6.5
      vertex 12.75 63.3349 6.5
    endloop
  endfacet
  facet normal -0 0 1
    outer loop
      vertex 12.2 64.2876 6.5
      vertex 12.75 63.3349 6.5
      vertex 12.3229 64.3674 6.5
    endloop
  endfacet
  facet normal 0 0 1
    outer loop
      vertex 12.75 63.3349 6.5
      vertex 12.2 64.2876 6.5
      vertex 12.5168 63.2161 6.5
    endloop
  endfacet
  facet normal -0 0 1
    outer loop
      vertex 12.0694 64.221 6.5
      vertex 12.5168 63.2161 6.5
      vertex 12.2 64.2876 6.5
    endloop
  endfacet
  facet normal 0 0 1
    outer loop
      vertex 12.5168 63.2161 6.5
      vertex 12.0694 64.221 6.5
      vertex 12.2725 63.1224 6.5
    endloop
  endfacet
  facet normal -0 0 1
    outer loop
      vertex 11.9326 64.1685 6.5
      vertex 12.2725 63.1224 6.5
      vertex 12.0694 64.221 6.5
    endloop
  endfacet
  facet normal 0 0 1
    outer loop
      vertex 12.2725 63.1224 6.5
      vertex 11.9326 64.1685 6.5
      vertex 12.0198 63.0546 6.5
    endloop
  endfacet
  facet normal -0 0 1
    outer loop
      vertex 11.7911 64.1306 6.5
      vertex 12.0198 63.0546 6.5
      vertex 11.9326 64.1685 6.5
    endloop
  endfacet
  facet normal 0 0 1
    outer loop
      vertex 11.7911 64.1306 6.5
      vertex 11.7613 63.0137 6.5
      vertex 12.0198 63.0546 6.5
    endloop
  endfacet
  facet normal -0 0 1
    outer loop
      vertex 11.6463 64.1077 6.5
      vertex 11.7613 63.0137 6.5
      vertex 11.7911 64.1306 6.5
    endloop
  endfacet
  facet normal -0 0 1
    outer loop
      vertex 11.5 64.1 6.5
      vertex 11.7613 63.0137 6.5
      vertex 11.6463 64.1077 6.5
    endloop
  endfacet
  facet normal 0 0 1
    outer loop
      vertex 11.5 64.1 6.5
      vertex 11.5 63 6.5
      vertex 11.7613 63.0137 6.5
    endloop
  endfacet
  facet normal 0 0 1
    outer loop
      vertex 11.3537 64.1077 6.5
      vertex 11.5 63 6.5
      vertex 11.5 64.1 6.5
    endloop
  endfacet
  facet normal 0 0 1
    outer loop
      vertex 11.3537 64.1077 6.5
      vertex 11.2387 63.0137 6.5
      vertex 11.5 63 6.5
    endloop
  endfacet
  facet normal 0 0 1
    outer loop
      vertex 11.2089 64.1306 6.5
      vertex 11.2387 63.0137 6.5
      vertex 11.3537 64.1077 6.5
    endloop
  endfacet
  facet normal 0 0 1
    outer loop
      vertex 10.9802 63.0546 6.5
      vertex 11.2089 64.1306 6.5
      vertex 11.0674 64.1685 6.5
    endloop
  endfacet
  facet normal 0 0 1
    outer loop
      vertex 11.2089 64.1306 6.5
      vertex 10.9802 63.0546 6.5
      vertex 11.2387 63.0137 6.5
    endloop
  endfacet
  facet normal 0 0 1
    outer loop
      vertex 10.7275 63.1224 6.5
      vertex 11.0674 64.1685 6.5
      vertex 10.9306 64.221 6.5
    endloop
  endfacet
  facet normal 0 0 1
    outer loop
      vertex 10.4832 63.2161 6.5
      vertex 10.9306 64.221 6.5
      vertex 10.8 64.2876 6.5
    endloop
  endfacet
  facet normal 0 0 1
    outer loop
      vertex 11.0674 64.1685 6.5
      vertex 10.7275 63.1224 6.5
      vertex 10.9802 63.0546 6.5
    endloop
  endfacet
  facet normal 0 0 1
    outer loop
      vertex 10.25 63.3349 6.5
      vertex 10.8 64.2876 6.5
      vertex 10.6771 64.3674 6.5
    endloop
  endfacet
  facet normal 0 0 1
    outer loop
      vertex 10.0305 63.4775 6.5
      vertex 10.6771 64.3674 6.5
      vertex 10.5632 64.4596 6.5
    endloop
  endfacet
  facet normal 0 0 1
    outer loop
      vertex 10.9306 64.221 6.5
      vertex 10.4832 63.2161 6.5
      vertex 10.7275 63.1224 6.5
    endloop
  endfacet
  facet normal 0 0 1
    outer loop
      vertex 9.82717 63.6421 6.5
      vertex 10.5632 64.4596 6.5
      vertex 10.4596 64.5632 6.5
    endloop
  endfacet
  facet normal 0 0 1
    outer loop
      vertex 9.64214 63.8272 6.5
      vertex 10.4596 64.5632 6.5
      vertex 10.3674 64.6771 6.5
    endloop
  endfacet
  facet normal 0 0 1
    outer loop
      vertex 9.47746 64.0305 6.5
      vertex 10.3674 64.6771 6.5
      vertex 10.2876 64.8 6.5
    endloop
  endfacet
  facet normal 0 0 1
    outer loop
      vertex 10.8 64.2876 6.5
      vertex 10.25 63.3349 6.5
      vertex 10.4832 63.2161 6.5
    endloop
  endfacet
  facet normal 0 0 1
    outer loop
      vertex 9.33494 64.25 6.5
      vertex 10.2876 64.8 6.5
      vertex 10.221 64.9306 6.5
    endloop
  endfacet
  facet normal 0 0 1
    outer loop
      vertex 9.21614 64.4832 6.5
      vertex 10.221 64.9306 6.5
      vertex 10.1685 65.0674 6.5
    endloop
  endfacet
  facet normal 0 0 1
    outer loop
      vertex 9.12236 64.7275 6.5
      vertex 10.1685 65.0674 6.5
      vertex 10.1306 65.2089 6.5
    endloop
  endfacet
  facet normal 0 0 1
    outer loop
      vertex 9.05463 64.9802 6.5
      vertex 10.1306 65.2089 6.5
      vertex 10.1077 65.3537 6.5
    endloop
  endfacet
  facet normal 0 0 1
    outer loop
      vertex 10.6771 64.3674 6.5
      vertex 10.0305 63.4775 6.5
      vertex 10.25 63.3349 6.5
    endloop
  endfacet
  facet normal 0 0 1
    outer loop
      vertex 9.0137 65.2387 6.5
      vertex 10.1077 65.3537 6.5
      vertex 10.1 65.5 6.5
    endloop
  endfacet
  facet normal -0 0 1
    outer loop
      vertex 9.21614 66.5168 6.5
      vertex 10.221 66.0694 6.5
      vertex 9.33494 66.75 6.5
    endloop
  endfacet
  facet normal 0 0 1
    outer loop
      vertex 10.221 66.0694 6.5
      vertex 9.21614 66.5168 6.5
      vertex 10.1685 65.9326 6.5
    endloop
  endfacet
  facet normal 0 0 1
    outer loop
      vertex 10.5632 64.4596 6.5
      vertex 9.82717 63.6421 6.5
      vertex 10.0305 63.4775 6.5
    endloop
  endfacet
  facet normal -0 0 1
    outer loop
      vertex 9.12236 66.2725 6.5
      vertex 10.1685 65.9326 6.5
      vertex 9.21614 66.5168 6.5
    endloop
  endfacet
  facet normal 0 0 1
    outer loop
      vertex 10.4596 64.5632 6.5
      vertex 9.64214 63.8272 6.5
      vertex 9.82717 63.6421 6.5
    endloop
  endfacet
  facet normal 0 0 1
    outer loop
      vertex 10.1685 65.9326 6.5
      vertex 9.12236 66.2725 6.5
      vertex 10.1306 65.7911 6.5
    endloop
  endfacet
  facet normal 0 0 1
    outer loop
      vertex 10.3674 64.6771 6.5
      vertex 9.47746 64.0305 6.5
      vertex 9.64214 63.8272 6.5
    endloop
  endfacet
  facet normal -0 0 1
    outer loop
      vertex 9.05463 66.0198 6.5
      vertex 10.1306 65.7911 6.5
      vertex 9.12236 66.2725 6.5
    endloop
  endfacet
  facet normal 0 0 1
    outer loop
      vertex 10.2876 64.8 6.5
      vertex 9.33494 64.25 6.5
      vertex 9.47746 64.0305 6.5
    endloop
  endfacet
  facet normal 0 0 1
    outer loop
      vertex 10.1306 65.7911 6.5
      vertex 9.05463 66.0198 6.5
      vertex 10.1077 65.6463 6.5
    endloop
  endfacet
  facet normal 0 0 1
    outer loop
      vertex 10.221 64.9306 6.5
      vertex 9.21614 64.4832 6.5
      vertex 9.33494 64.25 6.5
    endloop
  endfacet
  facet normal -0 0 1
    outer loop
      vertex 9.0137 65.7613 6.5
      vertex 10.1077 65.6463 6.5
      vertex 9.05463 66.0198 6.5
    endloop
  endfacet
  facet normal 0 0 1
    outer loop
      vertex 10.1685 65.0674 6.5
      vertex 9.12236 64.7275 6.5
      vertex 9.21614 64.4832 6.5
    endloop
  endfacet
  facet normal 0 0 1
    outer loop
      vertex 10.1077 65.6463 6.5
      vertex 9.0137 65.7613 6.5
      vertex 10.1 65.5 6.5
    endloop
  endfacet
  facet normal 0 0 1
    outer loop
      vertex 10.1306 65.2089 6.5
      vertex 9.05463 64.9802 6.5
      vertex 9.12236 64.7275 6.5
    endloop
  endfacet
  facet normal 0 0 1
    outer loop
      vertex 9 65.5 6.5
      vertex 10.1 65.5 6.5
      vertex 9.0137 65.7613 6.5
    endloop
  endfacet
  facet normal 0 0 1
    outer loop
      vertex 10.1077 65.3537 6.5
      vertex 9.0137 65.2387 6.5
      vertex 9.05463 64.9802 6.5
    endloop
  endfacet
  facet normal 0 0 1
    outer loop
      vertex 10.1 65.5 6.5
      vertex 9 65.5 6.5
      vertex 9.0137 65.2387 6.5
    endloop
  endfacet
  facet normal 0.156208 0.987724 -0
    outer loop
      vertex 11.3537 64.1077 2.5
      vertex 11.2089 64.1306 6.5
      vertex 11.3537 64.1077 6.5
    endloop
  endfacet
  facet normal 0.156208 0.987724 0
    outer loop
      vertex 11.2089 64.1306 6.5
      vertex 11.3537 64.1077 2.5
      vertex 11.2089 64.1306 2.5
    endloop
  endfacet
  facet normal 0.707107 0.707107 0
    outer loop
      vertex 10.5632 64.4596 6.5
      vertex 10.4596 64.5632 2.5
      vertex 10.4596 64.5632 6.5
    endloop
  endfacet
  facet normal 0.707107 0.707107 0
    outer loop
      vertex 10.4596 64.5632 2.5
      vertex 10.5632 64.4596 6.5
      vertex 10.5632 64.4596 2.5
    endloop
  endfacet
  facet normal -0.987724 -0.156208 0
    outer loop
      vertex 12.8923 65.6463 2.5
      vertex 12.8694 65.7911 6.5
      vertex 12.8694 65.7911 2.5
    endloop
  endfacet
  facet normal -0.987724 -0.156208 0
    outer loop
      vertex 12.8694 65.7911 6.5
      vertex 12.8923 65.6463 2.5
      vertex 12.8923 65.6463 6.5
    endloop
  endfacet
  facet normal 0.156208 -0.987724 0
    outer loop
      vertex 11.2089 66.8694 2.5
      vertex 11.3537 66.8923 6.5
      vertex 11.2089 66.8694 6.5
    endloop
  endfacet
  facet normal 0.156208 -0.987724 0
    outer loop
      vertex 11.3537 66.8923 6.5
      vertex 11.2089 66.8694 2.5
      vertex 11.3537 66.8923 2.5
    endloop
  endfacet
  facet normal -0.454294 -0.890852 0
    outer loop
      vertex 12.0694 66.779 2.5
      vertex 12.2 66.7124 6.5
      vertex 12.0694 66.779 6.5
    endloop
  endfacet
  facet normal -0.454294 -0.890852 -0
    outer loop
      vertex 12.2 66.7124 6.5
      vertex 12.0694 66.779 2.5
      vertex 12.2 66.7124 2.5
    endloop
  endfacet
  facet normal 0.0525588 0.998618 -0
    outer loop
      vertex 11.5 64.1 2.5
      vertex 11.3537 64.1077 6.5
      vertex 11.5 64.1 6.5
    endloop
  endfacet
  facet normal 0.0525588 0.998618 0
    outer loop
      vertex 11.3537 64.1077 6.5
      vertex 11.5 64.1 2.5
      vertex 11.3537 64.1077 2.5
    endloop
  endfacet
  facet normal 0.965951 0.258725 0
    outer loop
      vertex 10.1685 65.0674 6.5
      vertex 10.1306 65.2089 2.5
      vertex 10.1306 65.2089 6.5
    endloop
  endfacet
  facet normal 0.965951 0.258725 0
    outer loop
      vertex 10.1306 65.2089 2.5
      vertex 10.1685 65.0674 6.5
      vertex 10.1685 65.0674 2.5
    endloop
  endfacet
  facet normal -0.544581 0.838709 0
    outer loop
      vertex 12.3229 64.3674 2.5
      vertex 12.2 64.2876 6.5
      vertex 12.3229 64.3674 6.5
    endloop
  endfacet
  facet normal -0.544581 0.838709 0
    outer loop
      vertex 12.2 64.2876 6.5
      vertex 12.3229 64.3674 2.5
      vertex 12.2 64.2876 2.5
    endloop
  endfacet
  facet normal -0.707107 -0.707107 0
    outer loop
      vertex 12.5404 66.4368 2.5
      vertex 12.4368 66.5404 6.5
      vertex 12.4368 66.5404 2.5
    endloop
  endfacet
  facet normal -0.707107 -0.707107 0
    outer loop
      vertex 12.4368 66.5404 6.5
      vertex 12.5404 66.4368 2.5
      vertex 12.5404 66.4368 6.5
    endloop
  endfacet
  facet normal -0.777261 0.629179 0
    outer loop
      vertex 12.5404 64.5632 2.5
      vertex 12.6326 64.6771 6.5
      vertex 12.6326 64.6771 2.5
    endloop
  endfacet
  facet normal -0.777261 0.629179 0
    outer loop
      vertex 12.6326 64.6771 6.5
      vertex 12.5404 64.5632 2.5
      vertex 12.5404 64.5632 6.5
    endloop
  endfacet
  facet normal -0.0525588 -0.998618 0
    outer loop
      vertex 11.5 66.9 2.5
      vertex 11.6463 66.8923 6.5
      vertex 11.5 66.9 6.5
    endloop
  endfacet
  facet normal -0.0525588 -0.998618 -0
    outer loop
      vertex 11.6463 66.8923 6.5
      vertex 11.5 66.9 2.5
      vertex 11.6463 66.8923 2.5
    endloop
  endfacet
  facet normal -0.933609 -0.358293 0
    outer loop
      vertex 12.8315 65.9326 2.5
      vertex 12.779 66.0694 6.5
      vertex 12.779 66.0694 2.5
    endloop
  endfacet
  facet normal -0.933609 -0.358293 0
    outer loop
      vertex 12.779 66.0694 6.5
      vertex 12.8315 65.9326 2.5
      vertex 12.8315 65.9326 6.5
    endloop
  endfacet
  facet normal 0.258725 -0.965951 0
    outer loop
      vertex 11.0674 66.8315 2.5
      vertex 11.2089 66.8694 6.5
      vertex 11.0674 66.8315 6.5
    endloop
  endfacet
  facet normal 0.258725 -0.965951 0
    outer loop
      vertex 11.2089 66.8694 6.5
      vertex 11.0674 66.8315 2.5
      vertex 11.2089 66.8694 2.5
    endloop
  endfacet
  facet normal 0.0525588 -0.998618 0
    outer loop
      vertex 11.3537 66.8923 2.5
      vertex 11.5 66.9 6.5
      vertex 11.3537 66.8923 6.5
    endloop
  endfacet
  facet normal 0.0525588 -0.998618 0
    outer loop
      vertex 11.5 66.9 6.5
      vertex 11.3537 66.8923 2.5
      vertex 11.5 66.9 2.5
    endloop
  endfacet
  facet normal -0.629179 0.777261 0
    outer loop
      vertex 12.4368 64.4596 2.5
      vertex 12.3229 64.3674 6.5
      vertex 12.4368 64.4596 6.5
    endloop
  endfacet
  facet normal -0.629179 0.777261 0
    outer loop
      vertex 12.3229 64.3674 6.5
      vertex 12.4368 64.4596 2.5
      vertex 12.3229 64.3674 2.5
    endloop
  endfacet
  facet normal 0.544581 -0.838709 0
    outer loop
      vertex 10.6771 66.6326 2.5
      vertex 10.8 66.7124 6.5
      vertex 10.6771 66.6326 6.5
    endloop
  endfacet
  facet normal 0.544581 -0.838709 0
    outer loop
      vertex 10.8 66.7124 6.5
      vertex 10.6771 66.6326 2.5
      vertex 10.8 66.7124 2.5
    endloop
  endfacet
  facet normal -0.890852 0.454294 0
    outer loop
      vertex 12.7124 64.8 2.5
      vertex 12.779 64.9306 6.5
      vertex 12.779 64.9306 2.5
    endloop
  endfacet
  facet normal -0.890852 0.454294 0
    outer loop
      vertex 12.779 64.9306 6.5
      vertex 12.7124 64.8 2.5
      vertex 12.7124 64.8 6.5
    endloop
  endfacet
  facet normal 0.890852 0.454294 0
    outer loop
      vertex 10.2876 64.8 6.5
      vertex 10.221 64.9306 2.5
      vertex 10.221 64.9306 6.5
    endloop
  endfacet
  facet normal 0.890852 0.454294 0
    outer loop
      vertex 10.221 64.9306 2.5
      vertex 10.2876 64.8 6.5
      vertex 10.2876 64.8 2.5
    endloop
  endfacet
  facet normal -0.998618 -0.0525588 0
    outer loop
      vertex 12.9 65.5 2.5
      vertex 12.8923 65.6463 6.5
      vertex 12.8923 65.6463 2.5
    endloop
  endfacet
  facet normal -0.998618 -0.0525588 0
    outer loop
      vertex 12.8923 65.6463 6.5
      vertex 12.9 65.5 2.5
      vertex 12.9 65.5 6.5
    endloop
  endfacet
  facet normal 0.890852 -0.454294 0
    outer loop
      vertex 10.221 66.0694 6.5
      vertex 10.2876 66.2 2.5
      vertex 10.2876 66.2 6.5
    endloop
  endfacet
  facet normal 0.890852 -0.454294 0
    outer loop
      vertex 10.2876 66.2 2.5
      vertex 10.221 66.0694 6.5
      vertex 10.221 66.0694 2.5
    endloop
  endfacet
  facet normal -0.965951 -0.258725 0
    outer loop
      vertex 12.8694 65.7911 2.5
      vertex 12.8315 65.9326 6.5
      vertex 12.8315 65.9326 2.5
    endloop
  endfacet
  facet normal -0.965951 -0.258725 0
    outer loop
      vertex 12.8315 65.9326 6.5
      vertex 12.8694 65.7911 2.5
      vertex 12.8694 65.7911 6.5
    endloop
  endfacet
  facet normal 0.998618 0.0525588 0
    outer loop
      vertex 10.1077 65.3537 6.5
      vertex 10.1 65.5 2.5
      vertex 10.1 65.5 6.5
    endloop
  endfacet
  facet normal 0.998618 0.0525588 0
    outer loop
      vertex 10.1 65.5 2.5
      vertex 10.1077 65.3537 6.5
      vertex 10.1077 65.3537 2.5
    endloop
  endfacet
  facet normal 0.933609 0.358293 0
    outer loop
      vertex 10.221 64.9306 6.5
      vertex 10.1685 65.0674 2.5
      vertex 10.1685 65.0674 6.5
    endloop
  endfacet
  facet normal 0.933609 0.358293 0
    outer loop
      vertex 10.1685 65.0674 2.5
      vertex 10.221 64.9306 6.5
      vertex 10.221 64.9306 2.5
    endloop
  endfacet
  facet normal -0.156208 0.987724 0
    outer loop
      vertex 11.7911 64.1306 2.5
      vertex 11.6463 64.1077 6.5
      vertex 11.7911 64.1306 6.5
    endloop
  endfacet
  facet normal -0.156208 0.987724 0
    outer loop
      vertex 11.6463 64.1077 6.5
      vertex 11.7911 64.1306 2.5
      vertex 11.6463 64.1077 2.5
    endloop
  endfacet
  facet normal 0.629179 -0.777261 0
    outer loop
      vertex 10.5632 66.5404 2.5
      vertex 10.6771 66.6326 6.5
      vertex 10.5632 66.5404 6.5
    endloop
  endfacet
  facet normal 0.629179 -0.777261 0
    outer loop
      vertex 10.6771 66.6326 6.5
      vertex 10.5632 66.5404 2.5
      vertex 10.6771 66.6326 2.5
    endloop
  endfacet
  facet normal -0.838709 -0.544581 0
    outer loop
      vertex 12.7124 66.2 2.5
      vertex 12.6326 66.3229 6.5
      vertex 12.6326 66.3229 2.5
    endloop
  endfacet
  facet normal -0.838709 -0.544581 0
    outer loop
      vertex 12.6326 66.3229 6.5
      vertex 12.7124 66.2 2.5
      vertex 12.7124 66.2 6.5
    endloop
  endfacet
  facet normal -0.890852 -0.454294 0
    outer loop
      vertex 12.779 66.0694 2.5
      vertex 12.7124 66.2 6.5
      vertex 12.7124 66.2 2.5
    endloop
  endfacet
  facet normal -0.890852 -0.454294 0
    outer loop
      vertex 12.7124 66.2 6.5
      vertex 12.779 66.0694 2.5
      vertex 12.779 66.0694 6.5
    endloop
  endfacet
  facet normal 0.258725 0.965951 -0
    outer loop
      vertex 11.2089 64.1306 2.5
      vertex 11.0674 64.1685 6.5
      vertex 11.2089 64.1306 6.5
    endloop
  endfacet
  facet normal 0.258725 0.965951 0
    outer loop
      vertex 11.0674 64.1685 6.5
      vertex 11.2089 64.1306 2.5
      vertex 11.0674 64.1685 2.5
    endloop
  endfacet
  facet normal 0.358293 0.933609 -0
    outer loop
      vertex 11.0674 64.1685 2.5
      vertex 10.9306 64.221 6.5
      vertex 11.0674 64.1685 6.5
    endloop
  endfacet
  facet normal 0.358293 0.933609 0
    outer loop
      vertex 10.9306 64.221 6.5
      vertex 11.0674 64.1685 2.5
      vertex 10.9306 64.221 2.5
    endloop
  endfacet
  facet normal -0.777261 -0.629179 0
    outer loop
      vertex 12.6326 66.3229 2.5
      vertex 12.5404 66.4368 6.5
      vertex 12.5404 66.4368 2.5
    endloop
  endfacet
  facet normal -0.777261 -0.629179 0
    outer loop
      vertex 12.5404 66.4368 6.5
      vertex 12.6326 66.3229 2.5
      vertex 12.6326 66.3229 6.5
    endloop
  endfacet
  facet normal 0.544581 0.838709 -0
    outer loop
      vertex 10.8 64.2876 2.5
      vertex 10.6771 64.3674 6.5
      vertex 10.8 64.2876 6.5
    endloop
  endfacet
  facet normal 0.544581 0.838709 0
    outer loop
      vertex 10.6771 64.3674 6.5
      vertex 10.8 64.2876 2.5
      vertex 10.6771 64.3674 2.5
    endloop
  endfacet
  facet normal -0.838709 0.544581 0
    outer loop
      vertex 12.6326 64.6771 2.5
      vertex 12.7124 64.8 6.5
      vertex 12.7124 64.8 2.5
    endloop
  endfacet
  facet normal -0.838709 0.544581 0
    outer loop
      vertex 12.7124 64.8 6.5
      vertex 12.6326 64.6771 2.5
      vertex 12.6326 64.6771 6.5
    endloop
  endfacet
  facet normal -0.998618 0.0525588 0
    outer loop
      vertex 12.8923 65.3537 2.5
      vertex 12.9 65.5 6.5
      vertex 12.9 65.5 2.5
    endloop
  endfacet
  facet normal -0.998618 0.0525588 0
    outer loop
      vertex 12.9 65.5 6.5
      vertex 12.8923 65.3537 2.5
      vertex 12.8923 65.3537 6.5
    endloop
  endfacet
  facet normal -0.258725 -0.965951 0
    outer loop
      vertex 11.7911 66.8694 2.5
      vertex 11.9326 66.8315 6.5
      vertex 11.7911 66.8694 6.5
    endloop
  endfacet
  facet normal -0.258725 -0.965951 -0
    outer loop
      vertex 11.9326 66.8315 6.5
      vertex 11.7911 66.8694 2.5
      vertex 11.9326 66.8315 2.5
    endloop
  endfacet
  facet normal 0.454294 0.890852 -0
    outer loop
      vertex 10.9306 64.221 2.5
      vertex 10.8 64.2876 6.5
      vertex 10.9306 64.221 6.5
    endloop
  endfacet
  facet normal 0.454294 0.890852 0
    outer loop
      vertex 10.8 64.2876 6.5
      vertex 10.9306 64.221 2.5
      vertex 10.8 64.2876 2.5
    endloop
  endfacet
  facet normal 0.838709 -0.544581 0
    outer loop
      vertex 10.2876 66.2 6.5
      vertex 10.3674 66.3229 2.5
      vertex 10.3674 66.3229 6.5
    endloop
  endfacet
  facet normal 0.838709 -0.544581 0
    outer loop
      vertex 10.3674 66.3229 2.5
      vertex 10.2876 66.2 6.5
      vertex 10.2876 66.2 2.5
    endloop
  endfacet
  facet normal -0.987724 0.156208 0
    outer loop
      vertex 12.8694 65.2089 2.5
      vertex 12.8923 65.3537 6.5
      vertex 12.8923 65.3537 2.5
    endloop
  endfacet
  facet normal -0.987724 0.156208 0
    outer loop
      vertex 12.8923 65.3537 6.5
      vertex 12.8694 65.2089 2.5
      vertex 12.8694 65.2089 6.5
    endloop
  endfacet
  facet normal 0.707107 -0.707107 0
    outer loop
      vertex 10.4596 66.4368 6.5
      vertex 10.5632 66.5404 2.5
      vertex 10.5632 66.5404 6.5
    endloop
  endfacet
  facet normal 0.707107 -0.707107 0
    outer loop
      vertex 10.5632 66.5404 2.5
      vertex 10.4596 66.4368 6.5
      vertex 10.4596 66.4368 2.5
    endloop
  endfacet
  facet normal -0.0525588 0.998618 0
    outer loop
      vertex 11.6463 64.1077 2.5
      vertex 11.5 64.1 6.5
      vertex 11.6463 64.1077 6.5
    endloop
  endfacet
  facet normal -0.0525588 0.998618 0
    outer loop
      vertex 11.5 64.1 6.5
      vertex 11.6463 64.1077 2.5
      vertex 11.5 64.1 2.5
    endloop
  endfacet
  facet normal 0.998618 -0.0525588 0
    outer loop
      vertex 10.1 65.5 6.5
      vertex 10.1077 65.6463 2.5
      vertex 10.1077 65.6463 6.5
    endloop
  endfacet
  facet normal 0.998618 -0.0525588 0
    outer loop
      vertex 10.1077 65.6463 2.5
      vertex 10.1 65.5 6.5
      vertex 10.1 65.5 2.5
    endloop
  endfacet
  facet normal 0.629179 0.777261 -0
    outer loop
      vertex 10.6771 64.3674 2.5
      vertex 10.5632 64.4596 6.5
      vertex 10.6771 64.3674 6.5
    endloop
  endfacet
  facet normal 0.629179 0.777261 0
    outer loop
      vertex 10.5632 64.4596 6.5
      vertex 10.6771 64.3674 2.5
      vertex 10.5632 64.4596 2.5
    endloop
  endfacet
  facet normal -0.358293 -0.933609 0
    outer loop
      vertex 11.9326 66.8315 2.5
      vertex 12.0694 66.779 6.5
      vertex 11.9326 66.8315 6.5
    endloop
  endfacet
  facet normal -0.358293 -0.933609 -0
    outer loop
      vertex 12.0694 66.779 6.5
      vertex 11.9326 66.8315 2.5
      vertex 12.0694 66.779 2.5
    endloop
  endfacet
  facet normal -0.544581 -0.838709 0
    outer loop
      vertex 12.2 66.7124 2.5
      vertex 12.3229 66.6326 6.5
      vertex 12.2 66.7124 6.5
    endloop
  endfacet
  facet normal -0.544581 -0.838709 -0
    outer loop
      vertex 12.3229 66.6326 6.5
      vertex 12.2 66.7124 2.5
      vertex 12.3229 66.6326 2.5
    endloop
  endfacet
  facet normal -0.965951 0.258725 0
    outer loop
      vertex 12.8315 65.0674 2.5
      vertex 12.8694 65.2089 6.5
      vertex 12.8694 65.2089 2.5
    endloop
  endfacet
  facet normal -0.965951 0.258725 0
    outer loop
      vertex 12.8694 65.2089 6.5
      vertex 12.8315 65.0674 2.5
      vertex 12.8315 65.0674 6.5
    endloop
  endfacet
  facet normal -0.933609 0.358293 0
    outer loop
      vertex 12.779 64.9306 2.5
      vertex 12.8315 65.0674 6.5
      vertex 12.8315 65.0674 2.5
    endloop
  endfacet
  facet normal -0.933609 0.358293 0
    outer loop
      vertex 12.8315 65.0674 6.5
      vertex 12.779 64.9306 2.5
      vertex 12.779 64.9306 6.5
    endloop
  endfacet
  facet normal -0.258725 0.965951 0
    outer loop
      vertex 11.9326 64.1685 2.5
      vertex 11.7911 64.1306 6.5
      vertex 11.9326 64.1685 6.5
    endloop
  endfacet
  facet normal -0.258725 0.965951 0
    outer loop
      vertex 11.7911 64.1306 6.5
      vertex 11.9326 64.1685 2.5
      vertex 11.7911 64.1306 2.5
    endloop
  endfacet
  facet normal 0.987724 -0.156208 0
    outer loop
      vertex 10.1077 65.6463 6.5
      vertex 10.1306 65.7911 2.5
      vertex 10.1306 65.7911 6.5
    endloop
  endfacet
  facet normal 0.987724 -0.156208 0
    outer loop
      vertex 10.1306 65.7911 2.5
      vertex 10.1077 65.6463 6.5
      vertex 10.1077 65.6463 2.5
    endloop
  endfacet
  facet normal 0.933609 -0.358293 0
    outer loop
      vertex 10.1685 65.9326 6.5
      vertex 10.221 66.0694 2.5
      vertex 10.221 66.0694 6.5
    endloop
  endfacet
  facet normal 0.933609 -0.358293 0
    outer loop
      vertex 10.221 66.0694 2.5
      vertex 10.1685 65.9326 6.5
      vertex 10.1685 65.9326 2.5
    endloop
  endfacet
  facet normal -0.629179 -0.777261 0
    outer loop
      vertex 12.3229 66.6326 2.5
      vertex 12.4368 66.5404 6.5
      vertex 12.3229 66.6326 6.5
    endloop
  endfacet
  facet normal -0.629179 -0.777261 -0
    outer loop
      vertex 12.4368 66.5404 6.5
      vertex 12.3229 66.6326 2.5
      vertex 12.4368 66.5404 2.5
    endloop
  endfacet
  facet normal -0.156208 -0.987724 0
    outer loop
      vertex 11.6463 66.8923 2.5
      vertex 11.7911 66.8694 6.5
      vertex 11.6463 66.8923 6.5
    endloop
  endfacet
  facet normal -0.156208 -0.987724 -0
    outer loop
      vertex 11.7911 66.8694 6.5
      vertex 11.6463 66.8923 2.5
      vertex 11.7911 66.8694 2.5
    endloop
  endfacet
  facet normal 0.777261 0.629179 0
    outer loop
      vertex 10.4596 64.5632 6.5
      vertex 10.3674 64.6771 2.5
      vertex 10.3674 64.6771 6.5
    endloop
  endfacet
  facet normal 0.777261 0.629179 0
    outer loop
      vertex 10.3674 64.6771 2.5
      vertex 10.4596 64.5632 6.5
      vertex 10.4596 64.5632 2.5
    endloop
  endfacet
  facet normal 0.838709 0.544581 0
    outer loop
      vertex 10.3674 64.6771 6.5
      vertex 10.2876 64.8 2.5
      vertex 10.2876 64.8 6.5
    endloop
  endfacet
  facet normal 0.838709 0.544581 0
    outer loop
      vertex 10.2876 64.8 2.5
      vertex 10.3674 64.6771 6.5
      vertex 10.3674 64.6771 2.5
    endloop
  endfacet
  facet normal -0.707107 0.707107 0
    outer loop
      vertex 12.4368 64.4596 2.5
      vertex 12.5404 64.5632 6.5
      vertex 12.5404 64.5632 2.5
    endloop
  endfacet
  facet normal -0.707107 0.707107 0
    outer loop
      vertex 12.5404 64.5632 6.5
      vertex 12.4368 64.4596 2.5
      vertex 12.4368 64.4596 6.5
    endloop
  endfacet
  facet normal 0.965951 -0.258725 0
    outer loop
      vertex 10.1306 65.7911 6.5
      vertex 10.1685 65.9326 2.5
      vertex 10.1685 65.9326 6.5
    endloop
  endfacet
  facet normal 0.965951 -0.258725 0
    outer loop
      vertex 10.1685 65.9326 2.5
      vertex 10.1306 65.7911 6.5
      vertex 10.1306 65.7911 2.5
    endloop
  endfacet
  facet normal 0.987724 0.156208 0
    outer loop
      vertex 10.1306 65.2089 6.5
      vertex 10.1077 65.3537 2.5
      vertex 10.1077 65.3537 6.5
    endloop
  endfacet
  facet normal 0.987724 0.156208 0
    outer loop
      vertex 10.1077 65.3537 2.5
      vertex 10.1306 65.2089 6.5
      vertex 10.1306 65.2089 2.5
    endloop
  endfacet
  facet normal -0.358293 0.933609 0
    outer loop
      vertex 12.0694 64.221 2.5
      vertex 11.9326 64.1685 6.5
      vertex 12.0694 64.221 6.5
    endloop
  endfacet
  facet normal -0.358293 0.933609 0
    outer loop
      vertex 11.9326 64.1685 6.5
      vertex 12.0694 64.221 2.5
      vertex 11.9326 64.1685 2.5
    endloop
  endfacet
  facet normal -0.454294 0.890852 0
    outer loop
      vertex 12.2 64.2876 2.5
      vertex 12.0694 64.221 6.5
      vertex 12.2 64.2876 6.5
    endloop
  endfacet
  facet normal -0.454294 0.890852 0
    outer loop
      vertex 12.0694 64.221 6.5
      vertex 12.2 64.2876 2.5
      vertex 12.0694 64.221 2.5
    endloop
  endfacet
  facet normal 0.777261 -0.629179 0
    outer loop
      vertex 10.3674 66.3229 6.5
      vertex 10.4596 66.4368 2.5
      vertex 10.4596 66.4368 6.5
    endloop
  endfacet
  facet normal 0.777261 -0.629179 0
    outer loop
      vertex 10.4596 66.4368 2.5
      vertex 10.3674 66.3229 6.5
      vertex 10.3674 66.3229 2.5
    endloop
  endfacet
  facet normal 0.454294 -0.890852 0
    outer loop
      vertex 10.8 66.7124 2.5
      vertex 10.9306 66.779 6.5
      vertex 10.8 66.7124 6.5
    endloop
  endfacet
  facet normal 0.454294 -0.890852 0
    outer loop
      vertex 10.9306 66.779 6.5
      vertex 10.8 66.7124 2.5
      vertex 10.9306 66.779 2.5
    endloop
  endfacet
  facet normal 0.358293 -0.933609 0
    outer loop
      vertex 10.9306 66.779 2.5
      vertex 11.0674 66.8315 6.5
      vertex 10.9306 66.779 6.5
    endloop
  endfacet
  facet normal 0.358293 -0.933609 0
    outer loop
      vertex 11.0674 66.8315 6.5
      vertex 10.9306 66.779 2.5
      vertex 11.0674 66.8315 2.5
    endloop
  endfacet
  facet normal 0.987654 0.156649 0
    outer loop
      vertex 100.986 65.7613 6.5
      vertex 100.945 66.0198 2.5
      vertex 100.945 66.0198 6.5
    endloop
  endfacet
  facet normal 0.987654 0.156649 0
    outer loop
      vertex 100.945 66.0198 2.5
      vertex 100.986 65.7613 6.5
      vertex 100.986 65.7613 2.5
    endloop
  endfacet
  facet normal 0.998568 0.0535015 0
    outer loop
      vertex 101 65.5 6.5
      vertex 100.986 65.7613 2.5
      vertex 100.986 65.7613 6.5
    endloop
  endfacet
  facet normal 0.998568 0.0535015 0
    outer loop
      vertex 100.986 65.7613 2.5
      vertex 101 65.5 6.5
      vertex 101 65.5 2.5
    endloop
  endfacet
  facet normal 0.966602 0.256282 0
    outer loop
      vertex 100.945 66.0198 6.5
      vertex 100.878 66.2725 2.5
      vertex 100.878 66.2725 6.5
    endloop
  endfacet
  facet normal 0.966602 0.256282 0
    outer loop
      vertex 100.878 66.2725 2.5
      vertex 100.945 66.0198 6.5
      vertex 100.945 66.0198 2.5
    endloop
  endfacet
  facet normal -0.544787 0.838575 0
    outer loop
      vertex 97.25 67.6651 2.5
      vertex 97.0305 67.5225 6.5
      vertex 97.25 67.6651 6.5
    endloop
  endfacet
  facet normal -0.544787 0.838575 0
    outer loop
      vertex 97.0305 67.5225 6.5
      vertex 97.25 67.6651 2.5
      vertex 97.0305 67.5225 2.5
    endloop
  endfacet
  facet normal -0.838575 -0.544787 0
    outer loop
      vertex 96.4775 64.0305 2.5
      vertex 96.3349 64.25 6.5
      vertex 96.3349 64.25 2.5
    endloop
  endfacet
  facet normal -0.838575 -0.544787 0
    outer loop
      vertex 96.3349 64.25 6.5
      vertex 96.4775 64.0305 2.5
      vertex 96.4775 64.0305 6.5
    endloop
  endfacet
  facet normal -0.156277 -0.987713 0
    outer loop
      vertex 97.9802 63.0546 2.5
      vertex 98.2387 63.0137 6.5
      vertex 97.9802 63.0546 6.5
    endloop
  endfacet
  facet normal -0.156277 -0.987713 -0
    outer loop
      vertex 98.2387 63.0137 6.5
      vertex 97.9802 63.0546 2.5
      vertex 98.2387 63.0137 2.5
    endloop
  endfacet
  facet normal -0.453926 0.891039 0
    outer loop
      vertex 97.4832 67.7839 2.5
      vertex 97.25 67.6651 6.5
      vertex 97.4832 67.7839 6.5
    endloop
  endfacet
  facet normal -0.453926 0.891039 0
    outer loop
      vertex 97.25 67.6651 6.5
      vertex 97.4832 67.7839 2.5
      vertex 97.25 67.6651 2.5
    endloop
  endfacet
  facet normal -0.707107 -0.707107 0
    outer loop
      vertex 96.8272 63.6421 2.5
      vertex 96.6421 63.8272 6.5
      vertex 96.6421 63.8272 2.5
    endloop
  endfacet
  facet normal -0.707107 -0.707107 0
    outer loop
      vertex 96.6421 63.8272 6.5
      vertex 96.8272 63.6421 2.5
      vertex 96.8272 63.6421 6.5
    endloop
  endfacet
  facet normal 0.453926 0.891039 -0
    outer loop
      vertex 99.75 67.6651 2.5
      vertex 99.5168 67.7839 6.5
      vertex 99.75 67.6651 6.5
    endloop
  endfacet
  facet normal 0.453926 0.891039 0
    outer loop
      vertex 99.5168 67.7839 6.5
      vertex 99.75 67.6651 2.5
      vertex 99.5168 67.7839 2.5
    endloop
  endfacet
  facet normal -0.7772 0.629253 0
    outer loop
      vertex 96.4775 66.9695 2.5
      vertex 96.6421 67.1728 6.5
      vertex 96.6421 67.1728 2.5
    endloop
  endfacet
  facet normal -0.7772 0.629253 0
    outer loop
      vertex 96.6421 67.1728 6.5
      vertex 96.4775 66.9695 2.5
      vertex 96.4775 66.9695 6.5
    endloop
  endfacet
  facet normal 0.628879 0.777503 -0
    outer loop
      vertex 100.173 67.3579 2.5
      vertex 99.9695 67.5225 6.5
      vertex 100.173 67.3579 6.5
    endloop
  endfacet
  facet normal 0.628879 0.777503 0
    outer loop
      vertex 99.9695 67.5225 6.5
      vertex 100.173 67.3579 2.5
      vertex 99.9695 67.5225 2.5
    endloop
  endfacet
  facet normal 0.358108 -0.93368 0
    outer loop
      vertex 99.2725 63.1224 2.5
      vertex 99.5168 63.2161 6.5
      vertex 99.2725 63.1224 6.5
    endloop
  endfacet
  facet normal 0.358108 -0.93368 0
    outer loop
      vertex 99.5168 63.2161 6.5
      vertex 99.2725 63.1224 2.5
      vertex 99.5168 63.2161 2.5
    endloop
  endfacet
  facet normal 0.707298 0.706916 0
    outer loop
      vertex 100.358 67.1728 6.5
      vertex 100.173 67.3579 2.5
      vertex 100.173 67.3579 6.5
    endloop
  endfacet
  facet normal 0.707298 0.706916 0
    outer loop
      vertex 100.173 67.3579 2.5
      vertex 100.358 67.1728 6.5
      vertex 100.358 67.1728 2.5
    endloop
  endfacet
  facet normal -0.629253 0.7772 0
    outer loop
      vertex 97.0305 67.5225 2.5
      vertex 96.8272 67.3579 6.5
      vertex 97.0305 67.5225 6.5
    endloop
  endfacet
  facet normal -0.629253 0.7772 0
    outer loop
      vertex 96.8272 67.3579 6.5
      vertex 97.0305 67.5225 2.5
      vertex 96.8272 67.3579 2.5
    endloop
  endfacet
  facet normal 0.628879 -0.777503 0
    outer loop
      vertex 99.9695 63.4775 2.5
      vertex 100.173 63.6421 6.5
      vertex 99.9695 63.4775 6.5
    endloop
  endfacet
  facet normal 0.628879 -0.777503 0
    outer loop
      vertex 100.173 63.6421 6.5
      vertex 99.9695 63.4775 2.5
      vertex 100.173 63.6421 2.5
    endloop
  endfacet
  facet normal 0.544787 -0.838575 0
    outer loop
      vertex 99.75 63.3349 2.5
      vertex 99.9695 63.4775 6.5
      vertex 99.75 63.3349 6.5
    endloop
  endfacet
  facet normal 0.544787 -0.838575 0
    outer loop
      vertex 99.9695 63.4775 6.5
      vertex 99.75 63.3349 2.5
      vertex 99.9695 63.4775 2.5
    endloop
  endfacet
  facet normal -0.358108 0.93368 0
    outer loop
      vertex 97.7275 67.8776 2.5
      vertex 97.4832 67.7839 6.5
      vertex 97.7275 67.8776 6.5
    endloop
  endfacet
  facet normal -0.358108 0.93368 0
    outer loop
      vertex 97.4832 67.7839 6.5
      vertex 97.7275 67.8776 2.5
      vertex 97.4832 67.7839 2.5
    endloop
  endfacet
  facet normal -0.987713 -0.156277 0
    outer loop
      vertex 96.0546 64.9802 2.5
      vertex 96.0137 65.2387 6.5
      vertex 96.0137 65.2387 2.5
    endloop
  endfacet
  facet normal -0.987713 -0.156277 0
    outer loop
      vertex 96.0137 65.2387 6.5
      vertex 96.0546 64.9802 2.5
      vertex 96.0546 64.9802 6.5
    endloop
  endfacet
  facet normal -0.156277 0.987713 0
    outer loop
      vertex 98.2387 67.9863 2.5
      vertex 97.9802 67.9454 6.5
      vertex 98.2387 67.9863 6.5
    endloop
  endfacet
  facet normal -0.156277 0.987713 0
    outer loop
      vertex 97.9802 67.9454 6.5
      vertex 98.2387 67.9863 2.5
      vertex 97.9802 67.9454 2.5
    endloop
  endfacet
  facet normal 0.839621 0.543172 0
    outer loop
      vertex 100.665 66.75 6.5
      vertex 100.523 66.9695 2.5
      vertex 100.523 66.9695 6.5
    endloop
  endfacet
  facet normal 0.839621 0.543172 0
    outer loop
      vertex 100.523 66.9695 2.5
      vertex 100.665 66.75 6.5
      vertex 100.665 66.75 2.5
    endloop
  endfacet
  facet normal 0.259137 0.965841 -0
    outer loop
      vertex 99.2725 67.8776 2.5
      vertex 99.0198 67.9454 6.5
      vertex 99.2725 67.8776 6.5
    endloop
  endfacet
  facet normal 0.259137 0.965841 0
    outer loop
      vertex 99.0198 67.9454 6.5
      vertex 99.2725 67.8776 2.5
      vertex 99.0198 67.9454 2.5
    endloop
  endfacet
  facet normal 0.544787 0.838575 -0
    outer loop
      vertex 99.9695 67.5225 2.5
      vertex 99.75 67.6651 6.5
      vertex 99.9695 67.5225 6.5
    endloop
  endfacet
  facet normal 0.544787 0.838575 0
    outer loop
      vertex 99.75 67.6651 6.5
      vertex 99.9695 67.5225 2.5
      vertex 99.75 67.6651 2.5
    endloop
  endfacet
  facet normal 0.358108 0.93368 -0
    outer loop
      vertex 99.5168 67.7839 2.5
      vertex 99.2725 67.8776 6.5
      vertex 99.5168 67.7839 6.5
    endloop
  endfacet
  facet normal 0.358108 0.93368 0
    outer loop
      vertex 99.2725 67.8776 6.5
      vertex 99.5168 67.7839 2.5
      vertex 99.2725 67.8776 2.5
    endloop
  endfacet
  facet normal 0.966602 -0.256282 0
    outer loop
      vertex 100.878 64.7275 6.5
      vertex 100.945 64.9802 2.5
      vertex 100.945 64.9802 6.5
    endloop
  endfacet
  facet normal 0.966602 -0.256282 0
    outer loop
      vertex 100.945 64.9802 2.5
      vertex 100.878 64.7275 6.5
      vertex 100.878 64.7275 2.5
    endloop
  endfacet
  facet normal -0.259137 0.965841 0
    outer loop
      vertex 97.9802 67.9454 2.5
      vertex 97.7275 67.8776 6.5
      vertex 97.9802 67.9454 6.5
    endloop
  endfacet
  facet normal -0.259137 0.965841 0
    outer loop
      vertex 97.7275 67.8776 6.5
      vertex 97.9802 67.9454 2.5
      vertex 97.7275 67.8776 2.5
    endloop
  endfacet
  facet normal 0.453926 -0.891039 0
    outer loop
      vertex 99.5168 63.2161 2.5
      vertex 99.75 63.3349 6.5
      vertex 99.5168 63.2161 6.5
    endloop
  endfacet
  facet normal 0.453926 -0.891039 0
    outer loop
      vertex 99.75 63.3349 6.5
      vertex 99.5168 63.2161 2.5
      vertex 99.75 63.3349 2.5
    endloop
  endfacet
  facet normal 0.0523582 -0.998628 0
    outer loop
      vertex 98.5 63 2.5
      vertex 98.7613 63.0137 6.5
      vertex 98.5 63 6.5
    endloop
  endfacet
  facet normal 0.0523582 -0.998628 0
    outer loop
      vertex 98.7613 63.0137 6.5
      vertex 98.5 63 2.5
      vertex 98.7613 63.0137 2.5
    endloop
  endfacet
  facet normal 0.259137 -0.965841 0
    outer loop
      vertex 99.0198 63.0546 2.5
      vertex 99.2725 63.1224 6.5
      vertex 99.0198 63.0546 6.5
    endloop
  endfacet
  facet normal 0.259137 -0.965841 0
    outer loop
      vertex 99.2725 63.1224 6.5
      vertex 99.0198 63.0546 2.5
      vertex 99.2725 63.1224 2.5
    endloop
  endfacet
  facet normal 0.987654 -0.156649 0
    outer loop
      vertex 100.945 64.9802 6.5
      vertex 100.986 65.2387 2.5
      vertex 100.986 65.2387 6.5
    endloop
  endfacet
  facet normal 0.987654 -0.156649 0
    outer loop
      vertex 100.986 65.2387 2.5
      vertex 100.945 64.9802 6.5
      vertex 100.945 64.9802 2.5
    endloop
  endfacet
  facet normal -0.93368 -0.358108 0
    outer loop
      vertex 96.2161 64.4832 2.5
      vertex 96.1224 64.7275 6.5
      vertex 96.1224 64.7275 2.5
    endloop
  endfacet
  facet normal -0.93368 -0.358108 0
    outer loop
      vertex 96.1224 64.7275 6.5
      vertex 96.2161 64.4832 2.5
      vertex 96.2161 64.4832 6.5
    endloop
  endfacet
  facet normal -0.987713 0.156277 0
    outer loop
      vertex 96.0137 65.7613 2.5
      vertex 96.0546 66.0198 6.5
      vertex 96.0546 66.0198 2.5
    endloop
  endfacet
  facet normal -0.987713 0.156277 0
    outer loop
      vertex 96.0546 66.0198 6.5
      vertex 96.0137 65.7613 2.5
      vertex 96.0137 65.7613 6.5
    endloop
  endfacet
  facet normal 0.89073 -0.454532 0
    outer loop
      vertex 100.665 64.25 6.5
      vertex 100.784 64.4832 2.5
      vertex 100.784 64.4832 6.5
    endloop
  endfacet
  facet normal 0.89073 -0.454532 0
    outer loop
      vertex 100.784 64.4832 2.5
      vertex 100.665 64.25 6.5
      vertex 100.665 64.25 2.5
    endloop
  endfacet
  facet normal -0.965841 -0.259137 0
    outer loop
      vertex 96.1224 64.7275 2.5
      vertex 96.0546 64.9802 6.5
      vertex 96.0546 64.9802 2.5
    endloop
  endfacet
  facet normal -0.965841 -0.259137 0
    outer loop
      vertex 96.0546 64.9802 6.5
      vertex 96.1224 64.7275 2.5
      vertex 96.1224 64.7275 6.5
    endloop
  endfacet
  facet normal -0.453926 -0.891039 0
    outer loop
      vertex 97.25 63.3349 2.5
      vertex 97.4832 63.2161 6.5
      vertex 97.25 63.3349 6.5
    endloop
  endfacet
  facet normal -0.453926 -0.891039 -0
    outer loop
      vertex 97.4832 63.2161 6.5
      vertex 97.25 63.3349 2.5
      vertex 97.4832 63.2161 2.5
    endloop
  endfacet
  facet normal -0.891039 -0.453926 0
    outer loop
      vertex 96.3349 64.25 2.5
      vertex 96.2161 64.4832 6.5
      vertex 96.2161 64.4832 2.5
    endloop
  endfacet
  facet normal -0.891039 -0.453926 0
    outer loop
      vertex 96.2161 64.4832 6.5
      vertex 96.3349 64.25 2.5
      vertex 96.3349 64.25 6.5
    endloop
  endfacet
  facet normal 0.998568 -0.0535015 0
    outer loop
      vertex 100.986 65.2387 6.5
      vertex 101 65.5 2.5
      vertex 101 65.5 6.5
    endloop
  endfacet
  facet normal 0.998568 -0.0535015 0
    outer loop
      vertex 101 65.5 2.5
      vertex 100.986 65.2387 6.5
      vertex 100.986 65.2387 2.5
    endloop
  endfacet
  facet normal 0.776453 0.630176 0
    outer loop
      vertex 100.523 66.9695 6.5
      vertex 100.358 67.1728 2.5
      vertex 100.358 67.1728 6.5
    endloop
  endfacet
  facet normal 0.776453 0.630176 0
    outer loop
      vertex 100.358 67.1728 2.5
      vertex 100.523 66.9695 6.5
      vertex 100.523 66.9695 2.5
    endloop
  endfacet
  facet normal -0.259137 -0.965841 0
    outer loop
      vertex 97.7275 63.1224 2.5
      vertex 97.9802 63.0546 6.5
      vertex 97.7275 63.1224 6.5
    endloop
  endfacet
  facet normal -0.259137 -0.965841 -0
    outer loop
      vertex 97.9802 63.0546 6.5
      vertex 97.7275 63.1224 2.5
      vertex 97.9802 63.0546 2.5
    endloop
  endfacet
  facet normal 0.156277 -0.987713 0
    outer loop
      vertex 98.7613 63.0137 2.5
      vertex 99.0198 63.0546 6.5
      vertex 98.7613 63.0137 6.5
    endloop
  endfacet
  facet normal 0.156277 -0.987713 0
    outer loop
      vertex 99.0198 63.0546 6.5
      vertex 98.7613 63.0137 2.5
      vertex 99.0198 63.0546 2.5
    endloop
  endfacet
  facet normal 0.933296 0.359107 0
    outer loop
      vertex 100.878 66.2725 6.5
      vertex 100.784 66.5168 2.5
      vertex 100.784 66.5168 6.5
    endloop
  endfacet
  facet normal 0.933296 0.359107 0
    outer loop
      vertex 100.784 66.5168 2.5
      vertex 100.878 66.2725 6.5
      vertex 100.878 66.2725 2.5
    endloop
  endfacet
  facet normal -0.891039 0.453926 0
    outer loop
      vertex 96.2161 66.5168 2.5
      vertex 96.3349 66.75 6.5
      vertex 96.3349 66.75 2.5
    endloop
  endfacet
  facet normal -0.891039 0.453926 0
    outer loop
      vertex 96.3349 66.75 6.5
      vertex 96.2161 66.5168 2.5
      vertex 96.2161 66.5168 6.5
    endloop
  endfacet
  facet normal 0.776453 -0.630176 0
    outer loop
      vertex 100.358 63.8272 6.5
      vertex 100.523 64.0305 2.5
      vertex 100.523 64.0305 6.5
    endloop
  endfacet
  facet normal 0.776453 -0.630176 0
    outer loop
      vertex 100.523 64.0305 2.5
      vertex 100.358 63.8272 6.5
      vertex 100.358 63.8272 2.5
    endloop
  endfacet
  facet normal 0.839621 -0.543172 0
    outer loop
      vertex 100.523 64.0305 6.5
      vertex 100.665 64.25 2.5
      vertex 100.665 64.25 6.5
    endloop
  endfacet
  facet normal 0.839621 -0.543172 0
    outer loop
      vertex 100.665 64.25 2.5
      vertex 100.523 64.0305 6.5
      vertex 100.523 64.0305 2.5
    endloop
  endfacet
  facet normal 0.933296 -0.359107 0
    outer loop
      vertex 100.784 64.4832 6.5
      vertex 100.878 64.7275 2.5
      vertex 100.878 64.7275 6.5
    endloop
  endfacet
  facet normal 0.933296 -0.359107 0
    outer loop
      vertex 100.878 64.7275 2.5
      vertex 100.784 64.4832 6.5
      vertex 100.784 64.4832 2.5
    endloop
  endfacet
  facet normal -0.838575 0.544787 0
    outer loop
      vertex 96.3349 66.75 2.5
      vertex 96.4775 66.9695 6.5
      vertex 96.4775 66.9695 2.5
    endloop
  endfacet
  facet normal -0.838575 0.544787 0
    outer loop
      vertex 96.4775 66.9695 6.5
      vertex 96.3349 66.75 2.5
      vertex 96.3349 66.75 6.5
    endloop
  endfacet
  facet normal 0.156277 0.987713 -0
    outer loop
      vertex 99.0198 67.9454 2.5
      vertex 98.7613 67.9863 6.5
      vertex 99.0198 67.9454 6.5
    endloop
  endfacet
  facet normal 0.156277 0.987713 0
    outer loop
      vertex 98.7613 67.9863 6.5
      vertex 99.0198 67.9454 2.5
      vertex 98.7613 67.9863 2.5
    endloop
  endfacet
  facet normal 0.707298 -0.706916 0
    outer loop
      vertex 100.173 63.6421 6.5
      vertex 100.358 63.8272 2.5
      vertex 100.358 63.8272 6.5
    endloop
  endfacet
  facet normal 0.707298 -0.706916 0
    outer loop
      vertex 100.358 63.8272 2.5
      vertex 100.173 63.6421 6.5
      vertex 100.173 63.6421 2.5
    endloop
  endfacet
  facet normal 0.89073 0.454532 0
    outer loop
      vertex 100.784 66.5168 6.5
      vertex 100.665 66.75 2.5
      vertex 100.665 66.75 6.5
    endloop
  endfacet
  facet normal 0.89073 0.454532 0
    outer loop
      vertex 100.665 66.75 2.5
      vertex 100.784 66.5168 6.5
      vertex 100.784 66.5168 2.5
    endloop
  endfacet
  facet normal -0.707107 0.707107 0
    outer loop
      vertex 96.6421 67.1728 2.5
      vertex 96.8272 67.3579 6.5
      vertex 96.8272 67.3579 2.5
    endloop
  endfacet
  facet normal -0.707107 0.707107 0
    outer loop
      vertex 96.8272 67.3579 6.5
      vertex 96.6421 67.1728 2.5
      vertex 96.6421 67.1728 6.5
    endloop
  endfacet
  facet normal -0.0523582 -0.998628 0
    outer loop
      vertex 98.2387 63.0137 2.5
      vertex 98.5 63 6.5
      vertex 98.2387 63.0137 6.5
    endloop
  endfacet
  facet normal -0.0523582 -0.998628 -0
    outer loop
      vertex 98.5 63 6.5
      vertex 98.2387 63.0137 2.5
      vertex 98.5 63 2.5
    endloop
  endfacet
  facet normal -0.0523582 0.998628 0
    outer loop
      vertex 98.5 68 2.5
      vertex 98.2387 67.9863 6.5
      vertex 98.5 68 6.5
    endloop
  endfacet
  facet normal -0.0523582 0.998628 0
    outer loop
      vertex 98.2387 67.9863 6.5
      vertex 98.5 68 2.5
      vertex 98.2387 67.9863 2.5
    endloop
  endfacet
  facet normal -0.998628 -0.0523582 0
    outer loop
      vertex 96.0137 65.2387 2.5
      vertex 96 65.5 6.5
      vertex 96 65.5 2.5
    endloop
  endfacet
  facet normal -0.998628 -0.0523582 0
    outer loop
      vertex 96 65.5 6.5
      vertex 96.0137 65.2387 2.5
      vertex 96.0137 65.2387 6.5
    endloop
  endfacet
  facet normal -0.965841 0.259137 0
    outer loop
      vertex 96.0546 66.0198 2.5
      vertex 96.1224 66.2725 6.5
      vertex 96.1224 66.2725 2.5
    endloop
  endfacet
  facet normal -0.965841 0.259137 0
    outer loop
      vertex 96.1224 66.2725 6.5
      vertex 96.0546 66.0198 2.5
      vertex 96.0546 66.0198 6.5
    endloop
  endfacet
  facet normal -0.7772 -0.629253 0
    outer loop
      vertex 96.6421 63.8272 2.5
      vertex 96.4775 64.0305 6.5
      vertex 96.4775 64.0305 2.5
    endloop
  endfacet
  facet normal -0.7772 -0.629253 0
    outer loop
      vertex 96.4775 64.0305 6.5
      vertex 96.6421 63.8272 2.5
      vertex 96.6421 63.8272 6.5
    endloop
  endfacet
  facet normal -0.93368 0.358108 0
    outer loop
      vertex 96.1224 66.2725 2.5
      vertex 96.2161 66.5168 6.5
      vertex 96.2161 66.5168 2.5
    endloop
  endfacet
  facet normal -0.93368 0.358108 0
    outer loop
      vertex 96.2161 66.5168 6.5
      vertex 96.1224 66.2725 2.5
      vertex 96.1224 66.2725 6.5
    endloop
  endfacet
  facet normal 0.0523582 0.998628 -0
    outer loop
      vertex 98.7613 67.9863 2.5
      vertex 98.5 68 6.5
      vertex 98.7613 67.9863 6.5
    endloop
  endfacet
  facet normal 0.0523582 0.998628 0
    outer loop
      vertex 98.5 68 6.5
      vertex 98.7613 67.9863 2.5
      vertex 98.5 68 2.5
    endloop
  endfacet
  facet normal -0.629253 -0.7772 0
    outer loop
      vertex 96.8272 63.6421 2.5
      vertex 97.0305 63.4775 6.5
      vertex 96.8272 63.6421 6.5
    endloop
  endfacet
  facet normal -0.629253 -0.7772 -0
    outer loop
      vertex 97.0305 63.4775 6.5
      vertex 96.8272 63.6421 2.5
      vertex 97.0305 63.4775 2.5
    endloop
  endfacet
  facet normal -0.544787 -0.838575 0
    outer loop
      vertex 97.0305 63.4775 2.5
      vertex 97.25 63.3349 6.5
      vertex 97.0305 63.4775 6.5
    endloop
  endfacet
  facet normal -0.544787 -0.838575 -0
    outer loop
      vertex 97.25 63.3349 6.5
      vertex 97.0305 63.4775 2.5
      vertex 97.25 63.3349 2.5
    endloop
  endfacet
  facet normal -0.358108 -0.93368 0
    outer loop
      vertex 97.4832 63.2161 2.5
      vertex 97.7275 63.1224 6.5
      vertex 97.4832 63.2161 6.5
    endloop
  endfacet
  facet normal -0.358108 -0.93368 -0
    outer loop
      vertex 97.7275 63.1224 6.5
      vertex 97.4832 63.2161 2.5
      vertex 97.7275 63.1224 2.5
    endloop
  endfacet
  facet normal -0.998628 0.0523582 0
    outer loop
      vertex 96 65.5 2.5
      vertex 96.0137 65.7613 6.5
      vertex 96.0137 65.7613 2.5
    endloop
  endfacet
  facet normal -0.998628 0.0523582 0
    outer loop
      vertex 96.0137 65.7613 6.5
      vertex 96 65.5 2.5
      vertex 96 65.5 6.5
    endloop
  endfacet
  facet normal 0 0 1
    outer loop
      vertex 99.9 65.5 6.5
      vertex 101 65.5 6.5
      vertex 100.986 65.7613 6.5
    endloop
  endfacet
  facet normal 0 0 1
    outer loop
      vertex 99.8923 65.6463 6.5
      vertex 100.986 65.7613 6.5
      vertex 100.945 66.0198 6.5
    endloop
  endfacet
  facet normal 0 0 1
    outer loop
      vertex 101 65.5 6.5
      vertex 99.9 65.5 6.5
      vertex 100.986 65.2387 6.5
    endloop
  endfacet
  facet normal 0 0 1
    outer loop
      vertex 99.8694 65.7911 6.5
      vertex 100.945 66.0198 6.5
      vertex 100.878 66.2725 6.5
    endloop
  endfacet
  facet normal -0 0 1
    outer loop
      vertex 99.8923 65.3537 6.5
      vertex 100.986 65.2387 6.5
      vertex 99.9 65.5 6.5
    endloop
  endfacet
  facet normal 0 0 1
    outer loop
      vertex 99.8315 65.9326 6.5
      vertex 100.878 66.2725 6.5
      vertex 100.784 66.5168 6.5
    endloop
  endfacet
  facet normal 0 0 1
    outer loop
      vertex 100.986 65.2387 6.5
      vertex 99.8923 65.3537 6.5
      vertex 100.945 64.9802 6.5
    endloop
  endfacet
  facet normal 0 0 1
    outer loop
      vertex 99.779 66.0694 6.5
      vertex 100.784 66.5168 6.5
      vertex 100.665 66.75 6.5
    endloop
  endfacet
  facet normal -0 0 1
    outer loop
      vertex 99.8694 65.2089 6.5
      vertex 100.945 64.9802 6.5
      vertex 99.8923 65.3537 6.5
    endloop
  endfacet
  facet normal 0 0 1
    outer loop
      vertex 99.7124 66.2 6.5
      vertex 100.665 66.75 6.5
      vertex 100.523 66.9695 6.5
    endloop
  endfacet
  facet normal 0 0 1
    outer loop
      vertex 100.945 64.9802 6.5
      vertex 99.8694 65.2089 6.5
      vertex 100.878 64.7275 6.5
    endloop
  endfacet
  facet normal 0 0 1
    outer loop
      vertex 99.6326 66.3229 6.5
      vertex 100.523 66.9695 6.5
      vertex 100.358 67.1728 6.5
    endloop
  endfacet
  facet normal -0 0 1
    outer loop
      vertex 99.8315 65.0674 6.5
      vertex 100.878 64.7275 6.5
      vertex 99.8694 65.2089 6.5
    endloop
  endfacet
  facet normal 0 0 1
    outer loop
      vertex 99.5404 66.4368 6.5
      vertex 100.358 67.1728 6.5
      vertex 100.173 67.3579 6.5
    endloop
  endfacet
  facet normal 0 0 1
    outer loop
      vertex 100.878 64.7275 6.5
      vertex 99.8315 65.0674 6.5
      vertex 100.784 64.4832 6.5
    endloop
  endfacet
  facet normal 0 0 1
    outer loop
      vertex 99.4368 66.5404 6.5
      vertex 100.173 67.3579 6.5
      vertex 99.9695 67.5225 6.5
    endloop
  endfacet
  facet normal -0 0 1
    outer loop
      vertex 99.779 64.9306 6.5
      vertex 100.784 64.4832 6.5
      vertex 99.8315 65.0674 6.5
    endloop
  endfacet
  facet normal 0 0 1
    outer loop
      vertex 100.784 64.4832 6.5
      vertex 99.779 64.9306 6.5
      vertex 100.665 64.25 6.5
    endloop
  endfacet
  facet normal 0 0 1
    outer loop
      vertex 100.986 65.7613 6.5
      vertex 99.8923 65.6463 6.5
      vertex 99.9 65.5 6.5
    endloop
  endfacet
  facet normal 0 0 1
    outer loop
      vertex 100.945 66.0198 6.5
      vertex 99.8694 65.7911 6.5
      vertex 99.8923 65.6463 6.5
    endloop
  endfacet
  facet normal 0 0 1
    outer loop
      vertex 100.878 66.2725 6.5
      vertex 99.8315 65.9326 6.5
      vertex 99.8694 65.7911 6.5
    endloop
  endfacet
  facet normal 0 0 1
    outer loop
      vertex 100.784 66.5168 6.5
      vertex 99.779 66.0694 6.5
      vertex 99.8315 65.9326 6.5
    endloop
  endfacet
  facet normal 0 0 1
    outer loop
      vertex 99.3229 66.6326 6.5
      vertex 99.9695 67.5225 6.5
      vertex 99.75 67.6651 6.5
    endloop
  endfacet
  facet normal 0 0 1
    outer loop
      vertex 100.665 66.75 6.5
      vertex 99.7124 66.2 6.5
      vertex 99.779 66.0694 6.5
    endloop
  endfacet
  facet normal 0 0 1
    outer loop
      vertex 100.523 66.9695 6.5
      vertex 99.6326 66.3229 6.5
      vertex 99.7124 66.2 6.5
    endloop
  endfacet
  facet normal 0 0 1
    outer loop
      vertex 100.358 67.1728 6.5
      vertex 99.5404 66.4368 6.5
      vertex 99.6326 66.3229 6.5
    endloop
  endfacet
  facet normal 0 0 1
    outer loop
      vertex 99.2 66.7124 6.5
      vertex 99.75 67.6651 6.5
      vertex 99.5168 67.7839 6.5
    endloop
  endfacet
  facet normal 0 0 1
    outer loop
      vertex 100.173 67.3579 6.5
      vertex 99.4368 66.5404 6.5
      vertex 99.5404 66.4368 6.5
    endloop
  endfacet
  facet normal 0 0 1
    outer loop
      vertex 99.9695 67.5225 6.5
      vertex 99.3229 66.6326 6.5
      vertex 99.4368 66.5404 6.5
    endloop
  endfacet
  facet normal 0 0 1
    outer loop
      vertex 99.0694 66.779 6.5
      vertex 99.5168 67.7839 6.5
      vertex 99.2725 67.8776 6.5
    endloop
  endfacet
  facet normal 0 0 1
    outer loop
      vertex 99.75 67.6651 6.5
      vertex 99.2 66.7124 6.5
      vertex 99.3229 66.6326 6.5
    endloop
  endfacet
  facet normal 0 0 1
    outer loop
      vertex 99.5168 67.7839 6.5
      vertex 99.0694 66.779 6.5
      vertex 99.2 66.7124 6.5
    endloop
  endfacet
  facet normal 0 0 1
    outer loop
      vertex 98.9326 66.8315 6.5
      vertex 99.2725 67.8776 6.5
      vertex 99.0198 67.9454 6.5
    endloop
  endfacet
  facet normal 0 0 1
    outer loop
      vertex 99.2725 67.8776 6.5
      vertex 98.9326 66.8315 6.5
      vertex 99.0694 66.779 6.5
    endloop
  endfacet
  facet normal 0 0 1
    outer loop
      vertex 99.0198 67.9454 6.5
      vertex 98.7911 66.8694 6.5
      vertex 98.9326 66.8315 6.5
    endloop
  endfacet
  facet normal 0 0 1
    outer loop
      vertex 98.7613 67.9863 6.5
      vertex 98.7911 66.8694 6.5
      vertex 99.0198 67.9454 6.5
    endloop
  endfacet
  facet normal 0 0 1
    outer loop
      vertex 98.7613 67.9863 6.5
      vertex 98.6463 66.8923 6.5
      vertex 98.7911 66.8694 6.5
    endloop
  endfacet
  facet normal 0 0 1
    outer loop
      vertex 98.5 68 6.5
      vertex 98.6463 66.8923 6.5
      vertex 98.7613 67.9863 6.5
    endloop
  endfacet
  facet normal 0 0 1
    outer loop
      vertex 98.5 68 6.5
      vertex 98.5 66.9 6.5
      vertex 98.6463 66.8923 6.5
    endloop
  endfacet
  facet normal 0 0 1
    outer loop
      vertex 98.5 68 6.5
      vertex 98.3537 66.8923 6.5
      vertex 98.5 66.9 6.5
    endloop
  endfacet
  facet normal -0 0 1
    outer loop
      vertex 98.2387 67.9863 6.5
      vertex 98.3537 66.8923 6.5
      vertex 98.5 68 6.5
    endloop
  endfacet
  facet normal 0 0 1
    outer loop
      vertex 98.2387 67.9863 6.5
      vertex 98.2089 66.8694 6.5
      vertex 98.3537 66.8923 6.5
    endloop
  endfacet
  facet normal -0 0 1
    outer loop
      vertex 97.9802 67.9454 6.5
      vertex 98.2089 66.8694 6.5
      vertex 98.2387 67.9863 6.5
    endloop
  endfacet
  facet normal 0 0 1
    outer loop
      vertex 98.2089 66.8694 6.5
      vertex 97.9802 67.9454 6.5
      vertex 98.0674 66.8315 6.5
    endloop
  endfacet
  facet normal -0 0 1
    outer loop
      vertex 97.7275 67.8776 6.5
      vertex 98.0674 66.8315 6.5
      vertex 97.9802 67.9454 6.5
    endloop
  endfacet
  facet normal 0 0 1
    outer loop
      vertex 98.0674 66.8315 6.5
      vertex 97.7275 67.8776 6.5
      vertex 97.9306 66.779 6.5
    endloop
  endfacet
  facet normal -0 0 1
    outer loop
      vertex 97.4832 67.7839 6.5
      vertex 97.9306 66.779 6.5
      vertex 97.7275 67.8776 6.5
    endloop
  endfacet
  facet normal 0 0 1
    outer loop
      vertex 97.9306 66.779 6.5
      vertex 97.4832 67.7839 6.5
      vertex 97.8 66.7124 6.5
    endloop
  endfacet
  facet normal -0 0 1
    outer loop
      vertex 97.25 67.6651 6.5
      vertex 97.8 66.7124 6.5
      vertex 97.4832 67.7839 6.5
    endloop
  endfacet
  facet normal 0 0 1
    outer loop
      vertex 97.8 66.7124 6.5
      vertex 97.25 67.6651 6.5
      vertex 97.6771 66.6326 6.5
    endloop
  endfacet
  facet normal -0 0 1
    outer loop
      vertex 97.0305 67.5225 6.5
      vertex 97.6771 66.6326 6.5
      vertex 97.25 67.6651 6.5
    endloop
  endfacet
  facet normal 0 0 1
    outer loop
      vertex 97.6771 66.6326 6.5
      vertex 97.0305 67.5225 6.5
      vertex 97.5632 66.5404 6.5
    endloop
  endfacet
  facet normal -0 0 1
    outer loop
      vertex 96.8272 67.3579 6.5
      vertex 97.5632 66.5404 6.5
      vertex 97.0305 67.5225 6.5
    endloop
  endfacet
  facet normal 0 0 1
    outer loop
      vertex 97.5632 66.5404 6.5
      vertex 96.8272 67.3579 6.5
      vertex 97.4596 66.4368 6.5
    endloop
  endfacet
  facet normal -0 0 1
    outer loop
      vertex 96.6421 67.1728 6.5
      vertex 97.4596 66.4368 6.5
      vertex 96.8272 67.3579 6.5
    endloop
  endfacet
  facet normal 0 0 1
    outer loop
      vertex 97.4596 66.4368 6.5
      vertex 96.6421 67.1728 6.5
      vertex 97.3674 66.3229 6.5
    endloop
  endfacet
  facet normal -0 0 1
    outer loop
      vertex 96.4775 66.9695 6.5
      vertex 97.3674 66.3229 6.5
      vertex 96.6421 67.1728 6.5
    endloop
  endfacet
  facet normal 0 0 1
    outer loop
      vertex 97.3674 66.3229 6.5
      vertex 96.4775 66.9695 6.5
      vertex 97.2876 66.2 6.5
    endloop
  endfacet
  facet normal 0 0 1
    outer loop
      vertex 97.2876 66.2 6.5
      vertex 96.3349 66.75 6.5
      vertex 97.221 66.0694 6.5
    endloop
  endfacet
  facet normal -0 0 1
    outer loop
      vertex 96.3349 66.75 6.5
      vertex 97.2876 66.2 6.5
      vertex 96.4775 66.9695 6.5
    endloop
  endfacet
  facet normal -0 0 1
    outer loop
      vertex 99.7124 64.8 6.5
      vertex 100.665 64.25 6.5
      vertex 99.779 64.9306 6.5
    endloop
  endfacet
  facet normal 0 0 1
    outer loop
      vertex 100.665 64.25 6.5
      vertex 99.7124 64.8 6.5
      vertex 100.523 64.0305 6.5
    endloop
  endfacet
  facet normal -0 0 1
    outer loop
      vertex 99.6326 64.6771 6.5
      vertex 100.523 64.0305 6.5
      vertex 99.7124 64.8 6.5
    endloop
  endfacet
  facet normal 0 0 1
    outer loop
      vertex 100.523 64.0305 6.5
      vertex 99.6326 64.6771 6.5
      vertex 100.358 63.8272 6.5
    endloop
  endfacet
  facet normal -0 0 1
    outer loop
      vertex 99.5404 64.5632 6.5
      vertex 100.358 63.8272 6.5
      vertex 99.6326 64.6771 6.5
    endloop
  endfacet
  facet normal 0 0 1
    outer loop
      vertex 100.358 63.8272 6.5
      vertex 99.5404 64.5632 6.5
      vertex 100.173 63.6421 6.5
    endloop
  endfacet
  facet normal -0 0 1
    outer loop
      vertex 99.4368 64.4596 6.5
      vertex 100.173 63.6421 6.5
      vertex 99.5404 64.5632 6.5
    endloop
  endfacet
  facet normal 0 0 1
    outer loop
      vertex 100.173 63.6421 6.5
      vertex 99.4368 64.4596 6.5
      vertex 99.9695 63.4775 6.5
    endloop
  endfacet
  facet normal -0 0 1
    outer loop
      vertex 99.3229 64.3674 6.5
      vertex 99.9695 63.4775 6.5
      vertex 99.4368 64.4596 6.5
    endloop
  endfacet
  facet normal 0 0 1
    outer loop
      vertex 99.9695 63.4775 6.5
      vertex 99.3229 64.3674 6.5
      vertex 99.75 63.3349 6.5
    endloop
  endfacet
  facet normal -0 0 1
    outer loop
      vertex 99.2 64.2876 6.5
      vertex 99.75 63.3349 6.5
      vertex 99.3229 64.3674 6.5
    endloop
  endfacet
  facet normal 0 0 1
    outer loop
      vertex 99.75 63.3349 6.5
      vertex 99.2 64.2876 6.5
      vertex 99.5168 63.2161 6.5
    endloop
  endfacet
  facet normal -0 0 1
    outer loop
      vertex 99.0694 64.221 6.5
      vertex 99.5168 63.2161 6.5
      vertex 99.2 64.2876 6.5
    endloop
  endfacet
  facet normal 0 0 1
    outer loop
      vertex 99.5168 63.2161 6.5
      vertex 99.0694 64.221 6.5
      vertex 99.2725 63.1224 6.5
    endloop
  endfacet
  facet normal -0 0 1
    outer loop
      vertex 98.9326 64.1685 6.5
      vertex 99.2725 63.1224 6.5
      vertex 99.0694 64.221 6.5
    endloop
  endfacet
  facet normal 0 0 1
    outer loop
      vertex 99.2725 63.1224 6.5
      vertex 98.9326 64.1685 6.5
      vertex 99.0198 63.0546 6.5
    endloop
  endfacet
  facet normal -0 0 1
    outer loop
      vertex 98.7911 64.1306 6.5
      vertex 99.0198 63.0546 6.5
      vertex 98.9326 64.1685 6.5
    endloop
  endfacet
  facet normal 0 0 1
    outer loop
      vertex 98.7911 64.1306 6.5
      vertex 98.7613 63.0137 6.5
      vertex 99.0198 63.0546 6.5
    endloop
  endfacet
  facet normal -0 0 1
    outer loop
      vertex 98.6463 64.1077 6.5
      vertex 98.7613 63.0137 6.5
      vertex 98.7911 64.1306 6.5
    endloop
  endfacet
  facet normal -0 0 1
    outer loop
      vertex 98.5 64.1 6.5
      vertex 98.7613 63.0137 6.5
      vertex 98.6463 64.1077 6.5
    endloop
  endfacet
  facet normal 0 0 1
    outer loop
      vertex 98.5 64.1 6.5
      vertex 98.5 63 6.5
      vertex 98.7613 63.0137 6.5
    endloop
  endfacet
  facet normal 0 0 1
    outer loop
      vertex 98.3537 64.1077 6.5
      vertex 98.5 63 6.5
      vertex 98.5 64.1 6.5
    endloop
  endfacet
  facet normal 0 0 1
    outer loop
      vertex 98.3537 64.1077 6.5
      vertex 98.2387 63.0137 6.5
      vertex 98.5 63 6.5
    endloop
  endfacet
  facet normal 0 0 1
    outer loop
      vertex 98.2089 64.1306 6.5
      vertex 98.2387 63.0137 6.5
      vertex 98.3537 64.1077 6.5
    endloop
  endfacet
  facet normal 0 0 1
    outer loop
      vertex 97.9802 63.0546 6.5
      vertex 98.2089 64.1306 6.5
      vertex 98.0674 64.1685 6.5
    endloop
  endfacet
  facet normal 0 0 1
    outer loop
      vertex 98.2089 64.1306 6.5
      vertex 97.9802 63.0546 6.5
      vertex 98.2387 63.0137 6.5
    endloop
  endfacet
  facet normal 0 0 1
    outer loop
      vertex 97.7275 63.1224 6.5
      vertex 98.0674 64.1685 6.5
      vertex 97.9306 64.221 6.5
    endloop
  endfacet
  facet normal 0 0 1
    outer loop
      vertex 97.4832 63.2161 6.5
      vertex 97.9306 64.221 6.5
      vertex 97.8 64.2876 6.5
    endloop
  endfacet
  facet normal 0 0 1
    outer loop
      vertex 98.0674 64.1685 6.5
      vertex 97.7275 63.1224 6.5
      vertex 97.9802 63.0546 6.5
    endloop
  endfacet
  facet normal 0 0 1
    outer loop
      vertex 97.25 63.3349 6.5
      vertex 97.8 64.2876 6.5
      vertex 97.6771 64.3674 6.5
    endloop
  endfacet
  facet normal 0 0 1
    outer loop
      vertex 97.0305 63.4775 6.5
      vertex 97.6771 64.3674 6.5
      vertex 97.5632 64.4596 6.5
    endloop
  endfacet
  facet normal 0 0 1
    outer loop
      vertex 97.9306 64.221 6.5
      vertex 97.4832 63.2161 6.5
      vertex 97.7275 63.1224 6.5
    endloop
  endfacet
  facet normal 0 0 1
    outer loop
      vertex 96.8272 63.6421 6.5
      vertex 97.5632 64.4596 6.5
      vertex 97.4596 64.5632 6.5
    endloop
  endfacet
  facet normal 0 0 1
    outer loop
      vertex 96.6421 63.8272 6.5
      vertex 97.4596 64.5632 6.5
      vertex 97.3674 64.6771 6.5
    endloop
  endfacet
  facet normal 0 0 1
    outer loop
      vertex 96.4775 64.0305 6.5
      vertex 97.3674 64.6771 6.5
      vertex 97.2876 64.8 6.5
    endloop
  endfacet
  facet normal 0 0 1
    outer loop
      vertex 97.8 64.2876 6.5
      vertex 97.25 63.3349 6.5
      vertex 97.4832 63.2161 6.5
    endloop
  endfacet
  facet normal 0 0 1
    outer loop
      vertex 96.3349 64.25 6.5
      vertex 97.2876 64.8 6.5
      vertex 97.221 64.9306 6.5
    endloop
  endfacet
  facet normal 0 0 1
    outer loop
      vertex 96.2161 64.4832 6.5
      vertex 97.221 64.9306 6.5
      vertex 97.1685 65.0674 6.5
    endloop
  endfacet
  facet normal 0 0 1
    outer loop
      vertex 96.1224 64.7275 6.5
      vertex 97.1685 65.0674 6.5
      vertex 97.1306 65.2089 6.5
    endloop
  endfacet
  facet normal 0 0 1
    outer loop
      vertex 96.0546 64.9802 6.5
      vertex 97.1306 65.2089 6.5
      vertex 97.1077 65.3537 6.5
    endloop
  endfacet
  facet normal 0 0 1
    outer loop
      vertex 97.6771 64.3674 6.5
      vertex 97.0305 63.4775 6.5
      vertex 97.25 63.3349 6.5
    endloop
  endfacet
  facet normal 0 0 1
    outer loop
      vertex 96.0137 65.2387 6.5
      vertex 97.1077 65.3537 6.5
      vertex 97.1 65.5 6.5
    endloop
  endfacet
  facet normal -0 0 1
    outer loop
      vertex 96.2161 66.5168 6.5
      vertex 97.221 66.0694 6.5
      vertex 96.3349 66.75 6.5
    endloop
  endfacet
  facet normal 0 0 1
    outer loop
      vertex 97.221 66.0694 6.5
      vertex 96.2161 66.5168 6.5
      vertex 97.1685 65.9326 6.5
    endloop
  endfacet
  facet normal 0 0 1
    outer loop
      vertex 97.5632 64.4596 6.5
      vertex 96.8272 63.6421 6.5
      vertex 97.0305 63.4775 6.5
    endloop
  endfacet
  facet normal -0 0 1
    outer loop
      vertex 96.1224 66.2725 6.5
      vertex 97.1685 65.9326 6.5
      vertex 96.2161 66.5168 6.5
    endloop
  endfacet
  facet normal 0 0 1
    outer loop
      vertex 97.4596 64.5632 6.5
      vertex 96.6421 63.8272 6.5
      vertex 96.8272 63.6421 6.5
    endloop
  endfacet
  facet normal 0 0 1
    outer loop
      vertex 97.1685 65.9326 6.5
      vertex 96.1224 66.2725 6.5
      vertex 97.1306 65.7911 6.5
    endloop
  endfacet
  facet normal 0 0 1
    outer loop
      vertex 97.3674 64.6771 6.5
      vertex 96.4775 64.0305 6.5
      vertex 96.6421 63.8272 6.5
    endloop
  endfacet
  facet normal -0 0 1
    outer loop
      vertex 96.0546 66.0198 6.5
      vertex 97.1306 65.7911 6.5
      vertex 96.1224 66.2725 6.5
    endloop
  endfacet
  facet normal 0 0 1
    outer loop
      vertex 97.2876 64.8 6.5
      vertex 96.3349 64.25 6.5
      vertex 96.4775 64.0305 6.5
    endloop
  endfacet
  facet normal 0 0 1
    outer loop
      vertex 97.1306 65.7911 6.5
      vertex 96.0546 66.0198 6.5
      vertex 97.1077 65.6463 6.5
    endloop
  endfacet
  facet normal 0 0 1
    outer loop
      vertex 97.221 64.9306 6.5
      vertex 96.2161 64.4832 6.5
      vertex 96.3349 64.25 6.5
    endloop
  endfacet
  facet normal -0 0 1
    outer loop
      vertex 96.0137 65.7613 6.5
      vertex 97.1077 65.6463 6.5
      vertex 96.0546 66.0198 6.5
    endloop
  endfacet
  facet normal 0 0 1
    outer loop
      vertex 97.1685 65.0674 6.5
      vertex 96.1224 64.7275 6.5
      vertex 96.2161 64.4832 6.5
    endloop
  endfacet
  facet normal 0 0 1
    outer loop
      vertex 97.1077 65.6463 6.5
      vertex 96.0137 65.7613 6.5
      vertex 97.1 65.5 6.5
    endloop
  endfacet
  facet normal 0 0 1
    outer loop
      vertex 97.1306 65.2089 6.5
      vertex 96.0546 64.9802 6.5
      vertex 96.1224 64.7275 6.5
    endloop
  endfacet
  facet normal 0 0 1
    outer loop
      vertex 96 65.5 6.5
      vertex 97.1 65.5 6.5
      vertex 96.0137 65.7613 6.5
    endloop
  endfacet
  facet normal 0 0 1
    outer loop
      vertex 97.1077 65.3537 6.5
      vertex 96.0137 65.2387 6.5
      vertex 96.0546 64.9802 6.5
    endloop
  endfacet
  facet normal 0 0 1
    outer loop
      vertex 97.1 65.5 6.5
      vertex 96 65.5 6.5
      vertex 96.0137 65.2387 6.5
    endloop
  endfacet
  facet normal 0.156208 0.987724 -0
    outer loop
      vertex 98.3537 64.1077 2.5
      vertex 98.2089 64.1306 6.5
      vertex 98.3537 64.1077 6.5
    endloop
  endfacet
  facet normal 0.156208 0.987724 0
    outer loop
      vertex 98.2089 64.1306 6.5
      vertex 98.3537 64.1077 2.5
      vertex 98.2089 64.1306 2.5
    endloop
  endfacet
  facet normal 0.707107 0.707107 0
    outer loop
      vertex 97.5632 64.4596 6.5
      vertex 97.4596 64.5632 2.5
      vertex 97.4596 64.5632 6.5
    endloop
  endfacet
  facet normal 0.707107 0.707107 0
    outer loop
      vertex 97.4596 64.5632 2.5
      vertex 97.5632 64.4596 6.5
      vertex 97.5632 64.4596 2.5
    endloop
  endfacet
  facet normal -0.987724 -0.156208 0
    outer loop
      vertex 99.8923 65.6463 2.5
      vertex 99.8694 65.7911 6.5
      vertex 99.8694 65.7911 2.5
    endloop
  endfacet
  facet normal -0.987724 -0.156208 0
    outer loop
      vertex 99.8694 65.7911 6.5
      vertex 99.8923 65.6463 2.5
      vertex 99.8923 65.6463 6.5
    endloop
  endfacet
  facet normal 0.156208 -0.987724 0
    outer loop
      vertex 98.2089 66.8694 2.5
      vertex 98.3537 66.8923 6.5
      vertex 98.2089 66.8694 6.5
    endloop
  endfacet
  facet normal 0.156208 -0.987724 0
    outer loop
      vertex 98.3537 66.8923 6.5
      vertex 98.2089 66.8694 2.5
      vertex 98.3537 66.8923 2.5
    endloop
  endfacet
  facet normal -0.454294 -0.890852 0
    outer loop
      vertex 99.0694 66.779 2.5
      vertex 99.2 66.7124 6.5
      vertex 99.0694 66.779 6.5
    endloop
  endfacet
  facet normal -0.454294 -0.890852 -0
    outer loop
      vertex 99.2 66.7124 6.5
      vertex 99.0694 66.779 2.5
      vertex 99.2 66.7124 2.5
    endloop
  endfacet
  facet normal 0.0525588 0.998618 -0
    outer loop
      vertex 98.5 64.1 2.5
      vertex 98.3537 64.1077 6.5
      vertex 98.5 64.1 6.5
    endloop
  endfacet
  facet normal 0.0525588 0.998618 0
    outer loop
      vertex 98.3537 64.1077 6.5
      vertex 98.5 64.1 2.5
      vertex 98.3537 64.1077 2.5
    endloop
  endfacet
  facet normal 0.965951 0.258725 0
    outer loop
      vertex 97.1685 65.0674 6.5
      vertex 97.1306 65.2089 2.5
      vertex 97.1306 65.2089 6.5
    endloop
  endfacet
  facet normal 0.965951 0.258725 0
    outer loop
      vertex 97.1306 65.2089 2.5
      vertex 97.1685 65.0674 6.5
      vertex 97.1685 65.0674 2.5
    endloop
  endfacet
  facet normal -0.544581 0.838709 0
    outer loop
      vertex 99.3229 64.3674 2.5
      vertex 99.2 64.2876 6.5
      vertex 99.3229 64.3674 6.5
    endloop
  endfacet
  facet normal -0.544581 0.838709 0
    outer loop
      vertex 99.2 64.2876 6.5
      vertex 99.3229 64.3674 2.5
      vertex 99.2 64.2876 2.5
    endloop
  endfacet
  facet normal -0.707107 -0.707107 0
    outer loop
      vertex 99.5404 66.4368 2.5
      vertex 99.4368 66.5404 6.5
      vertex 99.4368 66.5404 2.5
    endloop
  endfacet
  facet normal -0.707107 -0.707107 0
    outer loop
      vertex 99.4368 66.5404 6.5
      vertex 99.5404 66.4368 2.5
      vertex 99.5404 66.4368 6.5
    endloop
  endfacet
  facet normal -0.777261 0.629179 0
    outer loop
      vertex 99.5404 64.5632 2.5
      vertex 99.6326 64.6771 6.5
      vertex 99.6326 64.6771 2.5
    endloop
  endfacet
  facet normal -0.777261 0.629179 0
    outer loop
      vertex 99.6326 64.6771 6.5
      vertex 99.5404 64.5632 2.5
      vertex 99.5404 64.5632 6.5
    endloop
  endfacet
  facet normal -0.0525588 -0.998618 0
    outer loop
      vertex 98.5 66.9 2.5
      vertex 98.6463 66.8923 6.5
      vertex 98.5 66.9 6.5
    endloop
  endfacet
  facet normal -0.0525588 -0.998618 -0
    outer loop
      vertex 98.6463 66.8923 6.5
      vertex 98.5 66.9 2.5
      vertex 98.6463 66.8923 2.5
    endloop
  endfacet
  facet normal -0.933609 -0.358293 0
    outer loop
      vertex 99.8315 65.9326 2.5
      vertex 99.779 66.0694 6.5
      vertex 99.779 66.0694 2.5
    endloop
  endfacet
  facet normal -0.933609 -0.358293 0
    outer loop
      vertex 99.779 66.0694 6.5
      vertex 99.8315 65.9326 2.5
      vertex 99.8315 65.9326 6.5
    endloop
  endfacet
  facet normal 0.258725 -0.965951 0
    outer loop
      vertex 98.0674 66.8315 2.5
      vertex 98.2089 66.8694 6.5
      vertex 98.0674 66.8315 6.5
    endloop
  endfacet
  facet normal 0.258725 -0.965951 0
    outer loop
      vertex 98.2089 66.8694 6.5
      vertex 98.0674 66.8315 2.5
      vertex 98.2089 66.8694 2.5
    endloop
  endfacet
  facet normal 0.0525588 -0.998618 0
    outer loop
      vertex 98.3537 66.8923 2.5
      vertex 98.5 66.9 6.5
      vertex 98.3537 66.8923 6.5
    endloop
  endfacet
  facet normal 0.0525588 -0.998618 0
    outer loop
      vertex 98.5 66.9 6.5
      vertex 98.3537 66.8923 2.5
      vertex 98.5 66.9 2.5
    endloop
  endfacet
  facet normal -0.629179 0.777261 0
    outer loop
      vertex 99.4368 64.4596 2.5
      vertex 99.3229 64.3674 6.5
      vertex 99.4368 64.4596 6.5
    endloop
  endfacet
  facet normal -0.629179 0.777261 0
    outer loop
      vertex 99.3229 64.3674 6.5
      vertex 99.4368 64.4596 2.5
      vertex 99.3229 64.3674 2.5
    endloop
  endfacet
  facet normal 0.544581 -0.838709 0
    outer loop
      vertex 97.6771 66.6326 2.5
      vertex 97.8 66.7124 6.5
      vertex 97.6771 66.6326 6.5
    endloop
  endfacet
  facet normal 0.544581 -0.838709 0
    outer loop
      vertex 97.8 66.7124 6.5
      vertex 97.6771 66.6326 2.5
      vertex 97.8 66.7124 2.5
    endloop
  endfacet
  facet normal -0.890852 0.454294 0
    outer loop
      vertex 99.7124 64.8 2.5
      vertex 99.779 64.9306 6.5
      vertex 99.779 64.9306 2.5
    endloop
  endfacet
  facet normal -0.890852 0.454294 0
    outer loop
      vertex 99.779 64.9306 6.5
      vertex 99.7124 64.8 2.5
      vertex 99.7124 64.8 6.5
    endloop
  endfacet
  facet normal 0.890852 0.454294 0
    outer loop
      vertex 97.2876 64.8 6.5
      vertex 97.221 64.9306 2.5
      vertex 97.221 64.9306 6.5
    endloop
  endfacet
  facet normal 0.890852 0.454294 0
    outer loop
      vertex 97.221 64.9306 2.5
      vertex 97.2876 64.8 6.5
      vertex 97.2876 64.8 2.5
    endloop
  endfacet
  facet normal -0.998618 -0.0525588 0
    outer loop
      vertex 99.9 65.5 2.5
      vertex 99.8923 65.6463 6.5
      vertex 99.8923 65.6463 2.5
    endloop
  endfacet
  facet normal -0.998618 -0.0525588 0
    outer loop
      vertex 99.8923 65.6463 6.5
      vertex 99.9 65.5 2.5
      vertex 99.9 65.5 6.5
    endloop
  endfacet
  facet normal 0.890852 -0.454294 0
    outer loop
      vertex 97.221 66.0694 6.5
      vertex 97.2876 66.2 2.5
      vertex 97.2876 66.2 6.5
    endloop
  endfacet
  facet normal 0.890852 -0.454294 0
    outer loop
      vertex 97.2876 66.2 2.5
      vertex 97.221 66.0694 6.5
      vertex 97.221 66.0694 2.5
    endloop
  endfacet
  facet normal -0.965951 -0.258725 0
    outer loop
      vertex 99.8694 65.7911 2.5
      vertex 99.8315 65.9326 6.5
      vertex 99.8315 65.9326 2.5
    endloop
  endfacet
  facet normal -0.965951 -0.258725 0
    outer loop
      vertex 99.8315 65.9326 6.5
      vertex 99.8694 65.7911 2.5
      vertex 99.8694 65.7911 6.5
    endloop
  endfacet
  facet normal 0.998618 0.0525588 0
    outer loop
      vertex 97.1077 65.3537 6.5
      vertex 97.1 65.5 2.5
      vertex 97.1 65.5 6.5
    endloop
  endfacet
  facet normal 0.998618 0.0525588 0
    outer loop
      vertex 97.1 65.5 2.5
      vertex 97.1077 65.3537 6.5
      vertex 97.1077 65.3537 2.5
    endloop
  endfacet
  facet normal 0.933609 0.358293 0
    outer loop
      vertex 97.221 64.9306 6.5
      vertex 97.1685 65.0674 2.5
      vertex 97.1685 65.0674 6.5
    endloop
  endfacet
  facet normal 0.933609 0.358293 0
    outer loop
      vertex 97.1685 65.0674 2.5
      vertex 97.221 64.9306 6.5
      vertex 97.221 64.9306 2.5
    endloop
  endfacet
  facet normal -0.156208 0.987724 0
    outer loop
      vertex 98.7911 64.1306 2.5
      vertex 98.6463 64.1077 6.5
      vertex 98.7911 64.1306 6.5
    endloop
  endfacet
  facet normal -0.156208 0.987724 0
    outer loop
      vertex 98.6463 64.1077 6.5
      vertex 98.7911 64.1306 2.5
      vertex 98.6463 64.1077 2.5
    endloop
  endfacet
  facet normal 0.629179 -0.777261 0
    outer loop
      vertex 97.5632 66.5404 2.5
      vertex 97.6771 66.6326 6.5
      vertex 97.5632 66.5404 6.5
    endloop
  endfacet
  facet normal 0.629179 -0.777261 0
    outer loop
      vertex 97.6771 66.6326 6.5
      vertex 97.5632 66.5404 2.5
      vertex 97.6771 66.6326 2.5
    endloop
  endfacet
  facet normal -0.838709 -0.544581 0
    outer loop
      vertex 99.7124 66.2 2.5
      vertex 99.6326 66.3229 6.5
      vertex 99.6326 66.3229 2.5
    endloop
  endfacet
  facet normal -0.838709 -0.544581 0
    outer loop
      vertex 99.6326 66.3229 6.5
      vertex 99.7124 66.2 2.5
      vertex 99.7124 66.2 6.5
    endloop
  endfacet
  facet normal -0.890852 -0.454294 0
    outer loop
      vertex 99.779 66.0694 2.5
      vertex 99.7124 66.2 6.5
      vertex 99.7124 66.2 2.5
    endloop
  endfacet
  facet normal -0.890852 -0.454294 0
    outer loop
      vertex 99.7124 66.2 6.5
      vertex 99.779 66.0694 2.5
      vertex 99.779 66.0694 6.5
    endloop
  endfacet
  facet normal 0.258725 0.965951 -0
    outer loop
      vertex 98.2089 64.1306 2.5
      vertex 98.0674 64.1685 6.5
      vertex 98.2089 64.1306 6.5
    endloop
  endfacet
  facet normal 0.258725 0.965951 0
    outer loop
      vertex 98.0674 64.1685 6.5
      vertex 98.2089 64.1306 2.5
      vertex 98.0674 64.1685 2.5
    endloop
  endfacet
  facet normal 0.358293 0.933609 -0
    outer loop
      vertex 98.0674 64.1685 2.5
      vertex 97.9306 64.221 6.5
      vertex 98.0674 64.1685 6.5
    endloop
  endfacet
  facet normal 0.358293 0.933609 0
    outer loop
      vertex 97.9306 64.221 6.5
      vertex 98.0674 64.1685 2.5
      vertex 97.9306 64.221 2.5
    endloop
  endfacet
  facet normal -0.777261 -0.629179 0
    outer loop
      vertex 99.6326 66.3229 2.5
      vertex 99.5404 66.4368 6.5
      vertex 99.5404 66.4368 2.5
    endloop
  endfacet
  facet normal -0.777261 -0.629179 0
    outer loop
      vertex 99.5404 66.4368 6.5
      vertex 99.6326 66.3229 2.5
      vertex 99.6326 66.3229 6.5
    endloop
  endfacet
  facet normal 0.544581 0.838709 -0
    outer loop
      vertex 97.8 64.2876 2.5
      vertex 97.6771 64.3674 6.5
      vertex 97.8 64.2876 6.5
    endloop
  endfacet
  facet normal 0.544581 0.838709 0
    outer loop
      vertex 97.6771 64.3674 6.5
      vertex 97.8 64.2876 2.5
      vertex 97.6771 64.3674 2.5
    endloop
  endfacet
  facet normal -0.838709 0.544581 0
    outer loop
      vertex 99.6326 64.6771 2.5
      vertex 99.7124 64.8 6.5
      vertex 99.7124 64.8 2.5
    endloop
  endfacet
  facet normal -0.838709 0.544581 0
    outer loop
      vertex 99.7124 64.8 6.5
      vertex 99.6326 64.6771 2.5
      vertex 99.6326 64.6771 6.5
    endloop
  endfacet
  facet normal -0.998618 0.0525588 0
    outer loop
      vertex 99.8923 65.3537 2.5
      vertex 99.9 65.5 6.5
      vertex 99.9 65.5 2.5
    endloop
  endfacet
  facet normal -0.998618 0.0525588 0
    outer loop
      vertex 99.9 65.5 6.5
      vertex 99.8923 65.3537 2.5
      vertex 99.8923 65.3537 6.5
    endloop
  endfacet
  facet normal -0.258725 -0.965951 0
    outer loop
      vertex 98.7911 66.8694 2.5
      vertex 98.9326 66.8315 6.5
      vertex 98.7911 66.8694 6.5
    endloop
  endfacet
  facet normal -0.258725 -0.965951 -0
    outer loop
      vertex 98.9326 66.8315 6.5
      vertex 98.7911 66.8694 2.5
      vertex 98.9326 66.8315 2.5
    endloop
  endfacet
  facet normal 0.454294 0.890852 -0
    outer loop
      vertex 97.9306 64.221 2.5
      vertex 97.8 64.2876 6.5
      vertex 97.9306 64.221 6.5
    endloop
  endfacet
  facet normal 0.454294 0.890852 0
    outer loop
      vertex 97.8 64.2876 6.5
      vertex 97.9306 64.221 2.5
      vertex 97.8 64.2876 2.5
    endloop
  endfacet
  facet normal 0.838709 -0.544581 0
    outer loop
      vertex 97.2876 66.2 6.5
      vertex 97.3674 66.3229 2.5
      vertex 97.3674 66.3229 6.5
    endloop
  endfacet
  facet normal 0.838709 -0.544581 0
    outer loop
      vertex 97.3674 66.3229 2.5
      vertex 97.2876 66.2 6.5
      vertex 97.2876 66.2 2.5
    endloop
  endfacet
  facet normal -0.987724 0.156208 0
    outer loop
      vertex 99.8694 65.2089 2.5
      vertex 99.8923 65.3537 6.5
      vertex 99.8923 65.3537 2.5
    endloop
  endfacet
  facet normal -0.987724 0.156208 0
    outer loop
      vertex 99.8923 65.3537 6.5
      vertex 99.8694 65.2089 2.5
      vertex 99.8694 65.2089 6.5
    endloop
  endfacet
  facet normal 0.707107 -0.707107 0
    outer loop
      vertex 97.4596 66.4368 6.5
      vertex 97.5632 66.5404 2.5
      vertex 97.5632 66.5404 6.5
    endloop
  endfacet
  facet normal 0.707107 -0.707107 0
    outer loop
      vertex 97.5632 66.5404 2.5
      vertex 97.4596 66.4368 6.5
      vertex 97.4596 66.4368 2.5
    endloop
  endfacet
  facet normal -0.0525588 0.998618 0
    outer loop
      vertex 98.6463 64.1077 2.5
      vertex 98.5 64.1 6.5
      vertex 98.6463 64.1077 6.5
    endloop
  endfacet
  facet normal -0.0525588 0.998618 0
    outer loop
      vertex 98.5 64.1 6.5
      vertex 98.6463 64.1077 2.5
      vertex 98.5 64.1 2.5
    endloop
  endfacet
  facet normal 0.998618 -0.0525588 0
    outer loop
      vertex 97.1 65.5 6.5
      vertex 97.1077 65.6463 2.5
      vertex 97.1077 65.6463 6.5
    endloop
  endfacet
  facet normal 0.998618 -0.0525588 0
    outer loop
      vertex 97.1077 65.6463 2.5
      vertex 97.1 65.5 6.5
      vertex 97.1 65.5 2.5
    endloop
  endfacet
  facet normal 0.629179 0.777261 -0
    outer loop
      vertex 97.6771 64.3674 2.5
      vertex 97.5632 64.4596 6.5
      vertex 97.6771 64.3674 6.5
    endloop
  endfacet
  facet normal 0.629179 0.777261 0
    outer loop
      vertex 97.5632 64.4596 6.5
      vertex 97.6771 64.3674 2.5
      vertex 97.5632 64.4596 2.5
    endloop
  endfacet
  facet normal -0.358293 -0.933609 0
    outer loop
      vertex 98.9326 66.8315 2.5
      vertex 99.0694 66.779 6.5
      vertex 98.9326 66.8315 6.5
    endloop
  endfacet
  facet normal -0.358293 -0.933609 -0
    outer loop
      vertex 99.0694 66.779 6.5
      vertex 98.9326 66.8315 2.5
      vertex 99.0694 66.779 2.5
    endloop
  endfacet
  facet normal -0.544581 -0.838709 0
    outer loop
      vertex 99.2 66.7124 2.5
      vertex 99.3229 66.6326 6.5
      vertex 99.2 66.7124 6.5
    endloop
  endfacet
  facet normal -0.544581 -0.838709 -0
    outer loop
      vertex 99.3229 66.6326 6.5
      vertex 99.2 66.7124 2.5
      vertex 99.3229 66.6326 2.5
    endloop
  endfacet
  facet normal -0.965951 0.258725 0
    outer loop
      vertex 99.8315 65.0674 2.5
      vertex 99.8694 65.2089 6.5
      vertex 99.8694 65.2089 2.5
    endloop
  endfacet
  facet normal -0.965951 0.258725 0
    outer loop
      vertex 99.8694 65.2089 6.5
      vertex 99.8315 65.0674 2.5
      vertex 99.8315 65.0674 6.5
    endloop
  endfacet
  facet normal -0.933609 0.358293 0
    outer loop
      vertex 99.779 64.9306 2.5
      vertex 99.8315 65.0674 6.5
      vertex 99.8315 65.0674 2.5
    endloop
  endfacet
  facet normal -0.933609 0.358293 0
    outer loop
      vertex 99.8315 65.0674 6.5
      vertex 99.779 64.9306 2.5
      vertex 99.779 64.9306 6.5
    endloop
  endfacet
  facet normal -0.258725 0.965951 0
    outer loop
      vertex 98.9326 64.1685 2.5
      vertex 98.7911 64.1306 6.5
      vertex 98.9326 64.1685 6.5
    endloop
  endfacet
  facet normal -0.258725 0.965951 0
    outer loop
      vertex 98.7911 64.1306 6.5
      vertex 98.9326 64.1685 2.5
      vertex 98.7911 64.1306 2.5
    endloop
  endfacet
  facet normal 0.987724 -0.156208 0
    outer loop
      vertex 97.1077 65.6463 6.5
      vertex 97.1306 65.7911 2.5
      vertex 97.1306 65.7911 6.5
    endloop
  endfacet
  facet normal 0.987724 -0.156208 0
    outer loop
      vertex 97.1306 65.7911 2.5
      vertex 97.1077 65.6463 6.5
      vertex 97.1077 65.6463 2.5
    endloop
  endfacet
  facet normal 0.933609 -0.358293 0
    outer loop
      vertex 97.1685 65.9326 6.5
      vertex 97.221 66.0694 2.5
      vertex 97.221 66.0694 6.5
    endloop
  endfacet
  facet normal 0.933609 -0.358293 0
    outer loop
      vertex 97.221 66.0694 2.5
      vertex 97.1685 65.9326 6.5
      vertex 97.1685 65.9326 2.5
    endloop
  endfacet
  facet normal -0.629179 -0.777261 0
    outer loop
      vertex 99.3229 66.6326 2.5
      vertex 99.4368 66.5404 6.5
      vertex 99.3229 66.6326 6.5
    endloop
  endfacet
  facet normal -0.629179 -0.777261 -0
    outer loop
      vertex 99.4368 66.5404 6.5
      vertex 99.3229 66.6326 2.5
      vertex 99.4368 66.5404 2.5
    endloop
  endfacet
  facet normal -0.156208 -0.987724 0
    outer loop
      vertex 98.6463 66.8923 2.5
      vertex 98.7911 66.8694 6.5
      vertex 98.6463 66.8923 6.5
    endloop
  endfacet
  facet normal -0.156208 -0.987724 -0
    outer loop
      vertex 98.7911 66.8694 6.5
      vertex 98.6463 66.8923 2.5
      vertex 98.7911 66.8694 2.5
    endloop
  endfacet
  facet normal 0.777261 0.629179 0
    outer loop
      vertex 97.4596 64.5632 6.5
      vertex 97.3674 64.6771 2.5
      vertex 97.3674 64.6771 6.5
    endloop
  endfacet
  facet normal 0.777261 0.629179 0
    outer loop
      vertex 97.3674 64.6771 2.5
      vertex 97.4596 64.5632 6.5
      vertex 97.4596 64.5632 2.5
    endloop
  endfacet
  facet normal 0.838709 0.544581 0
    outer loop
      vertex 97.3674 64.6771 6.5
      vertex 97.2876 64.8 2.5
      vertex 97.2876 64.8 6.5
    endloop
  endfacet
  facet normal 0.838709 0.544581 0
    outer loop
      vertex 97.2876 64.8 2.5
      vertex 97.3674 64.6771 6.5
      vertex 97.3674 64.6771 2.5
    endloop
  endfacet
  facet normal -0.707107 0.707107 0
    outer loop
      vertex 99.4368 64.4596 2.5
      vertex 99.5404 64.5632 6.5
      vertex 99.5404 64.5632 2.5
    endloop
  endfacet
  facet normal -0.707107 0.707107 0
    outer loop
      vertex 99.5404 64.5632 6.5
      vertex 99.4368 64.4596 2.5
      vertex 99.4368 64.4596 6.5
    endloop
  endfacet
  facet normal 0.965951 -0.258725 0
    outer loop
      vertex 97.1306 65.7911 6.5
      vertex 97.1685 65.9326 2.5
      vertex 97.1685 65.9326 6.5
    endloop
  endfacet
  facet normal 0.965951 -0.258725 0
    outer loop
      vertex 97.1685 65.9326 2.5
      vertex 97.1306 65.7911 6.5
      vertex 97.1306 65.7911 2.5
    endloop
  endfacet
  facet normal 0.987724 0.156208 0
    outer loop
      vertex 97.1306 65.2089 6.5
      vertex 97.1077 65.3537 2.5
      vertex 97.1077 65.3537 6.5
    endloop
  endfacet
  facet normal 0.987724 0.156208 0
    outer loop
      vertex 97.1077 65.3537 2.5
      vertex 97.1306 65.2089 6.5
      vertex 97.1306 65.2089 2.5
    endloop
  endfacet
  facet normal -0.358293 0.933609 0
    outer loop
      vertex 99.0694 64.221 2.5
      vertex 98.9326 64.1685 6.5
      vertex 99.0694 64.221 6.5
    endloop
  endfacet
  facet normal -0.358293 0.933609 0
    outer loop
      vertex 98.9326 64.1685 6.5
      vertex 99.0694 64.221 2.5
      vertex 98.9326 64.1685 2.5
    endloop
  endfacet
  facet normal -0.454294 0.890852 0
    outer loop
      vertex 99.2 64.2876 2.5
      vertex 99.0694 64.221 6.5
      vertex 99.2 64.2876 6.5
    endloop
  endfacet
  facet normal -0.454294 0.890852 0
    outer loop
      vertex 99.0694 64.221 6.5
      vertex 99.2 64.2876 2.5
      vertex 99.0694 64.221 2.5
    endloop
  endfacet
  facet normal 0.777261 -0.629179 0
    outer loop
      vertex 97.3674 66.3229 6.5
      vertex 97.4596 66.4368 2.5
      vertex 97.4596 66.4368 6.5
    endloop
  endfacet
  facet normal 0.777261 -0.629179 0
    outer loop
      vertex 97.4596 66.4368 2.5
      vertex 97.3674 66.3229 6.5
      vertex 97.3674 66.3229 2.5
    endloop
  endfacet
  facet normal 0.454294 -0.890852 0
    outer loop
      vertex 97.8 66.7124 2.5
      vertex 97.9306 66.779 6.5
      vertex 97.8 66.7124 6.5
    endloop
  endfacet
  facet normal 0.454294 -0.890852 0
    outer loop
      vertex 97.9306 66.779 6.5
      vertex 97.8 66.7124 2.5
      vertex 97.9306 66.779 2.5
    endloop
  endfacet
  facet normal 0.358293 -0.933609 0
    outer loop
      vertex 97.9306 66.779 2.5
      vertex 98.0674 66.8315 6.5
      vertex 97.9306 66.779 6.5
    endloop
  endfacet
  facet normal 0.358293 -0.933609 0
    outer loop
      vertex 98.0674 66.8315 6.5
      vertex 97.9306 66.779 2.5
      vertex 98.0674 66.8315 2.5
    endloop
  endfacet
  facet normal -0.258851 0.965917 0
    outer loop
      vertex 34.1684 28.9126 2.5
      vertex 33.7639 28.8042 4
      vertex 34.1684 28.9126 4
    endloop
  endfacet
  facet normal -0.258851 0.965917 0
    outer loop
      vertex 33.7639 28.8042 4
      vertex 34.1684 28.9126 2.5
      vertex 33.7639 28.8042 2.5
    endloop
  endfacet
  facet normal 0.358339 -0.933592 0
    outer loop
      vertex 36.2361 21.1958 2.5
      vertex 36.6269 21.3458 4
      vertex 36.2361 21.1958 4
    endloop
  endfacet
  facet normal 0.358339 -0.933592 0
    outer loop
      vertex 36.6269 21.3458 4
      vertex 36.2361 21.1958 2.5
      vertex 36.6269 21.3458 2.5
    endloop
  endfacet
  facet normal 0.987685 0.156453 0
    outer loop
      vertex 38.9781 25.4181 4
      vertex 38.9126 25.8316 2.5
      vertex 38.9126 25.8316 4
    endloop
  endfacet
  facet normal 0.987685 0.156453 0
    outer loop
      vertex 38.9126 25.8316 2.5
      vertex 38.9781 25.4181 4
      vertex 38.9781 25.4181 2.5
    endloop
  endfacet
  facet normal 0.838678 -0.544627 0
    outer loop
      vertex 38.2361 22.6489 4
      vertex 38.4641 23 2.5
      vertex 38.4641 23 4
    endloop
  endfacet
  facet normal 0.838678 -0.544627 0
    outer loop
      vertex 38.4641 23 2.5
      vertex 38.2361 22.6489 4
      vertex 38.2361 22.6489 2.5
    endloop
  endfacet
  facet normal 0.629315 -0.77715 0
    outer loop
      vertex 37.3511 21.7639 2.5
      vertex 37.6765 22.0274 4
      vertex 37.3511 21.7639 4
    endloop
  endfacet
  facet normal 0.629315 -0.77715 0
    outer loop
      vertex 37.6765 22.0274 4
      vertex 37.3511 21.7639 2.5
      vertex 37.6765 22.0274 2.5
    endloop
  endfacet
  facet normal 0.0523081 0.998631 -0
    outer loop
      vertex 35.4181 28.9781 2.5
      vertex 35 29 4
      vertex 35.4181 28.9781 4
    endloop
  endfacet
  facet normal 0.0523081 0.998631 0
    outer loop
      vertex 35 29 4
      vertex 35.4181 28.9781 2.5
      vertex 35 29 2.5
    endloop
  endfacet
  facet normal -0.156453 0.987685 0
    outer loop
      vertex 34.5819 28.9781 2.5
      vertex 34.1684 28.9126 4
      vertex 34.5819 28.9781 4
    endloop
  endfacet
  facet normal -0.156453 0.987685 0
    outer loop
      vertex 34.1684 28.9126 4
      vertex 34.5819 28.9781 2.5
      vertex 34.1684 28.9126 2.5
    endloop
  endfacet
  facet normal -0.453983 0.89101 0
    outer loop
      vertex 33.3731 28.6542 2.5
      vertex 33 28.4641 4
      vertex 33.3731 28.6542 4
    endloop
  endfacet
  facet normal -0.453983 0.89101 0
    outer loop
      vertex 33 28.4641 4
      vertex 33.3731 28.6542 2.5
      vertex 33 28.4641 2.5
    endloop
  endfacet
  facet normal -0.77715 -0.629315 0
    outer loop
      vertex 32.0274 22.3235 2.5
      vertex 31.7639 22.6489 4
      vertex 31.7639 22.6489 2.5
    endloop
  endfacet
  facet normal -0.77715 -0.629315 0
    outer loop
      vertex 31.7639 22.6489 4
      vertex 32.0274 22.3235 2.5
      vertex 32.0274 22.3235 4
    endloop
  endfacet
  facet normal -0.707107 0.707107 0
    outer loop
      vertex 32.0274 27.6765 2.5
      vertex 32.3235 27.9726 4
      vertex 32.3235 27.9726 2.5
    endloop
  endfacet
  facet normal -0.707107 0.707107 0
    outer loop
      vertex 32.3235 27.9726 4
      vertex 32.0274 27.6765 2.5
      vertex 32.0274 27.6765 4
    endloop
  endfacet
  facet normal -0.933592 0.358339 0
    outer loop
      vertex 31.1958 26.2361 2.5
      vertex 31.3458 26.6269 4
      vertex 31.3458 26.6269 2.5
    endloop
  endfacet
  facet normal -0.933592 0.358339 0
    outer loop
      vertex 31.3458 26.6269 4
      vertex 31.1958 26.2361 2.5
      vertex 31.1958 26.2361 4
    endloop
  endfacet
  facet normal 0.933592 0.358339 0
    outer loop
      vertex 38.8042 26.2361 4
      vertex 38.6542 26.6269 2.5
      vertex 38.6542 26.6269 4
    endloop
  endfacet
  facet normal 0.933592 0.358339 0
    outer loop
      vertex 38.6542 26.6269 2.5
      vertex 38.8042 26.2361 4
      vertex 38.8042 26.2361 2.5
    endloop
  endfacet
  facet normal 0.987685 -0.156453 0
    outer loop
      vertex 38.9126 24.1684 4
      vertex 38.9781 24.5819 2.5
      vertex 38.9781 24.5819 4
    endloop
  endfacet
  facet normal 0.987685 -0.156453 0
    outer loop
      vertex 38.9781 24.5819 2.5
      vertex 38.9126 24.1684 4
      vertex 38.9126 24.1684 2.5
    endloop
  endfacet
  facet normal 0.629315 0.77715 -0
    outer loop
      vertex 37.6765 27.9726 2.5
      vertex 37.3511 28.2361 4
      vertex 37.6765 27.9726 4
    endloop
  endfacet
  facet normal 0.629315 0.77715 0
    outer loop
      vertex 37.3511 28.2361 4
      vertex 37.6765 27.9726 2.5
      vertex 37.3511 28.2361 2.5
    endloop
  endfacet
  facet normal -0.0523081 -0.998631 0
    outer loop
      vertex 34.5819 21.0219 2.5
      vertex 35 21 4
      vertex 34.5819 21.0219 4
    endloop
  endfacet
  facet normal -0.0523081 -0.998631 -0
    outer loop
      vertex 35 21 4
      vertex 34.5819 21.0219 2.5
      vertex 35 21 2.5
    endloop
  endfacet
  facet normal 0.933592 -0.358339 0
    outer loop
      vertex 38.6542 23.3731 4
      vertex 38.8042 23.7639 2.5
      vertex 38.8042 23.7639 4
    endloop
  endfacet
  facet normal 0.933592 -0.358339 0
    outer loop
      vertex 38.8042 23.7639 2.5
      vertex 38.6542 23.3731 4
      vertex 38.6542 23.3731 2.5
    endloop
  endfacet
  facet normal 0.998631 0.0523081 0
    outer loop
      vertex 39 25 4
      vertex 38.9781 25.4181 2.5
      vertex 38.9781 25.4181 4
    endloop
  endfacet
  facet normal 0.998631 0.0523081 0
    outer loop
      vertex 38.9781 25.4181 2.5
      vertex 39 25 4
      vertex 39 25 2.5
    endloop
  endfacet
  facet normal -0.0523081 0.998631 0
    outer loop
      vertex 35 29 2.5
      vertex 34.5819 28.9781 4
      vertex 35 29 4
    endloop
  endfacet
  facet normal -0.0523081 0.998631 0
    outer loop
      vertex 34.5819 28.9781 4
      vertex 35 29 2.5
      vertex 34.5819 28.9781 2.5
    endloop
  endfacet
  facet normal -0.89101 -0.453983 0
    outer loop
      vertex 31.5359 23 2.5
      vertex 31.3458 23.3731 4
      vertex 31.3458 23.3731 2.5
    endloop
  endfacet
  facet normal -0.89101 -0.453983 0
    outer loop
      vertex 31.3458 23.3731 4
      vertex 31.5359 23 2.5
      vertex 31.5359 23 4
    endloop
  endfacet
  facet normal 0.965917 0.258851 0
    outer loop
      vertex 38.9126 25.8316 4
      vertex 38.8042 26.2361 2.5
      vertex 38.8042 26.2361 4
    endloop
  endfacet
  facet normal 0.965917 0.258851 0
    outer loop
      vertex 38.8042 26.2361 2.5
      vertex 38.9126 25.8316 4
      vertex 38.9126 25.8316 2.5
    endloop
  endfacet
  facet normal -0.156453 -0.987685 0
    outer loop
      vertex 34.1684 21.0874 2.5
      vertex 34.5819 21.0219 4
      vertex 34.1684 21.0874 4
    endloop
  endfacet
  facet normal -0.156453 -0.987685 -0
    outer loop
      vertex 34.5819 21.0219 4
      vertex 34.1684 21.0874 2.5
      vertex 34.5819 21.0219 2.5
    endloop
  endfacet
  facet normal 0.0523081 -0.998631 0
    outer loop
      vertex 35 21 2.5
      vertex 35.4181 21.0219 4
      vertex 35 21 4
    endloop
  endfacet
  facet normal 0.0523081 -0.998631 0
    outer loop
      vertex 35.4181 21.0219 4
      vertex 35 21 2.5
      vertex 35.4181 21.0219 2.5
    endloop
  endfacet
  facet normal -0.544627 -0.838678 0
    outer loop
      vertex 32.6489 21.7639 2.5
      vertex 33 21.5359 4
      vertex 32.6489 21.7639 4
    endloop
  endfacet
  facet normal -0.544627 -0.838678 -0
    outer loop
      vertex 33 21.5359 4
      vertex 32.6489 21.7639 2.5
      vertex 33 21.5359 2.5
    endloop
  endfacet
  facet normal -0.77715 0.629315 0
    outer loop
      vertex 31.7639 27.3511 2.5
      vertex 32.0274 27.6765 4
      vertex 32.0274 27.6765 2.5
    endloop
  endfacet
  facet normal -0.77715 0.629315 0
    outer loop
      vertex 32.0274 27.6765 4
      vertex 31.7639 27.3511 2.5
      vertex 31.7639 27.3511 4
    endloop
  endfacet
  facet normal 0.89101 0.453983 0
    outer loop
      vertex 38.6542 26.6269 4
      vertex 38.4641 27 2.5
      vertex 38.4641 27 4
    endloop
  endfacet
  facet normal 0.89101 0.453983 0
    outer loop
      vertex 38.4641 27 2.5
      vertex 38.6542 26.6269 4
      vertex 38.6542 26.6269 2.5
    endloop
  endfacet
  facet normal 0.707107 0.707107 0
    outer loop
      vertex 37.9726 27.6765 4
      vertex 37.6765 27.9726 2.5
      vertex 37.6765 27.9726 4
    endloop
  endfacet
  facet normal 0.707107 0.707107 0
    outer loop
      vertex 37.6765 27.9726 2.5
      vertex 37.9726 27.6765 4
      vertex 37.9726 27.6765 2.5
    endloop
  endfacet
  facet normal 0.358339 0.933592 -0
    outer loop
      vertex 36.6269 28.6542 2.5
      vertex 36.2361 28.8042 4
      vertex 36.6269 28.6542 4
    endloop
  endfacet
  facet normal 0.358339 0.933592 0
    outer loop
      vertex 36.2361 28.8042 4
      vertex 36.6269 28.6542 2.5
      vertex 36.2361 28.8042 2.5
    endloop
  endfacet
  facet normal 0.258851 -0.965917 0
    outer loop
      vertex 35.8316 21.0874 2.5
      vertex 36.2361 21.1958 4
      vertex 35.8316 21.0874 4
    endloop
  endfacet
  facet normal 0.258851 -0.965917 0
    outer loop
      vertex 36.2361 21.1958 4
      vertex 35.8316 21.0874 2.5
      vertex 36.2361 21.1958 2.5
    endloop
  endfacet
  facet normal 0.998631 -0.0523081 0
    outer loop
      vertex 38.9781 24.5819 4
      vertex 39 25 2.5
      vertex 39 25 4
    endloop
  endfacet
  facet normal 0.998631 -0.0523081 0
    outer loop
      vertex 39 25 2.5
      vertex 38.9781 24.5819 4
      vertex 38.9781 24.5819 2.5
    endloop
  endfacet
  facet normal 0.453983 0.89101 -0
    outer loop
      vertex 37 28.4641 2.5
      vertex 36.6269 28.6542 4
      vertex 37 28.4641 4
    endloop
  endfacet
  facet normal 0.453983 0.89101 0
    outer loop
      vertex 36.6269 28.6542 4
      vertex 37 28.4641 2.5
      vertex 36.6269 28.6542 2.5
    endloop
  endfacet
  facet normal -0.838678 0.544627 0
    outer loop
      vertex 31.5359 27 2.5
      vertex 31.7639 27.3511 4
      vertex 31.7639 27.3511 2.5
    endloop
  endfacet
  facet normal -0.838678 0.544627 0
    outer loop
      vertex 31.7639 27.3511 4
      vertex 31.5359 27 2.5
      vertex 31.5359 27 4
    endloop
  endfacet
  facet normal -0.965917 0.258851 0
    outer loop
      vertex 31.0874 25.8316 2.5
      vertex 31.1958 26.2361 4
      vertex 31.1958 26.2361 2.5
    endloop
  endfacet
  facet normal -0.965917 0.258851 0
    outer loop
      vertex 31.1958 26.2361 4
      vertex 31.0874 25.8316 2.5
      vertex 31.0874 25.8316 4
    endloop
  endfacet
  facet normal -0.998631 -0.0523081 0
    outer loop
      vertex 31.0219 24.5819 2.5
      vertex 31 25 4
      vertex 31 25 2.5
    endloop
  endfacet
  facet normal -0.998631 -0.0523081 0
    outer loop
      vertex 31 25 4
      vertex 31.0219 24.5819 2.5
      vertex 31.0219 24.5819 4
    endloop
  endfacet
  facet normal -0.987685 -0.156453 0
    outer loop
      vertex 31.0874 24.1684 2.5
      vertex 31.0219 24.5819 4
      vertex 31.0219 24.5819 2.5
    endloop
  endfacet
  facet normal -0.987685 -0.156453 0
    outer loop
      vertex 31.0219 24.5819 4
      vertex 31.0874 24.1684 2.5
      vertex 31.0874 24.1684 4
    endloop
  endfacet
  facet normal 0.156453 -0.987685 0
    outer loop
      vertex 35.4181 21.0219 2.5
      vertex 35.8316 21.0874 4
      vertex 35.4181 21.0219 4
    endloop
  endfacet
  facet normal 0.156453 -0.987685 0
    outer loop
      vertex 35.8316 21.0874 4
      vertex 35.4181 21.0219 2.5
      vertex 35.8316 21.0874 2.5
    endloop
  endfacet
  facet normal -0.707107 -0.707107 0
    outer loop
      vertex 32.0274 22.3235 2.5
      vertex 32.3235 22.0274 4
      vertex 32.0274 22.3235 4
    endloop
  endfacet
  facet normal -0.707107 -0.707107 -0
    outer loop
      vertex 32.3235 22.0274 4
      vertex 32.0274 22.3235 2.5
      vertex 32.3235 22.0274 2.5
    endloop
  endfacet
  facet normal 0.838678 0.544627 0
    outer loop
      vertex 38.4641 27 4
      vertex 38.2361 27.3511 2.5
      vertex 38.2361 27.3511 4
    endloop
  endfacet
  facet normal 0.838678 0.544627 0
    outer loop
      vertex 38.2361 27.3511 2.5
      vertex 38.4641 27 4
      vertex 38.4641 27 2.5
    endloop
  endfacet
  facet normal 0.77715 0.629315 0
    outer loop
      vertex 38.2361 27.3511 4
      vertex 37.9726 27.6765 2.5
      vertex 37.9726 27.6765 4
    endloop
  endfacet
  facet normal 0.77715 0.629315 0
    outer loop
      vertex 37.9726 27.6765 2.5
      vertex 38.2361 27.3511 4
      vertex 38.2361 27.3511 2.5
    endloop
  endfacet
  facet normal -0.998631 0.0523081 0
    outer loop
      vertex 31 25 2.5
      vertex 31.0219 25.4181 4
      vertex 31.0219 25.4181 2.5
    endloop
  endfacet
  facet normal -0.998631 0.0523081 0
    outer loop
      vertex 31.0219 25.4181 4
      vertex 31 25 2.5
      vertex 31 25 4
    endloop
  endfacet
  facet normal 0.965917 -0.258851 0
    outer loop
      vertex 38.8042 23.7639 4
      vertex 38.9126 24.1684 2.5
      vertex 38.9126 24.1684 4
    endloop
  endfacet
  facet normal 0.965917 -0.258851 0
    outer loop
      vertex 38.9126 24.1684 2.5
      vertex 38.8042 23.7639 4
      vertex 38.8042 23.7639 2.5
    endloop
  endfacet
  facet normal -0.838678 -0.544627 0
    outer loop
      vertex 31.7639 22.6489 2.5
      vertex 31.5359 23 4
      vertex 31.5359 23 2.5
    endloop
  endfacet
  facet normal -0.838678 -0.544627 0
    outer loop
      vertex 31.5359 23 4
      vertex 31.7639 22.6489 2.5
      vertex 31.7639 22.6489 4
    endloop
  endfacet
  facet normal 0.544627 0.838678 -0
    outer loop
      vertex 37.3511 28.2361 2.5
      vertex 37 28.4641 4
      vertex 37.3511 28.2361 4
    endloop
  endfacet
  facet normal 0.544627 0.838678 0
    outer loop
      vertex 37 28.4641 4
      vertex 37.3511 28.2361 2.5
      vertex 37 28.4641 2.5
    endloop
  endfacet
  facet normal 0.707107 -0.707107 0
    outer loop
      vertex 37.6765 22.0274 2.5
      vertex 37.9726 22.3235 4
      vertex 37.6765 22.0274 4
    endloop
  endfacet
  facet normal 0.707107 -0.707107 0
    outer loop
      vertex 37.9726 22.3235 4
      vertex 37.6765 22.0274 2.5
      vertex 37.9726 22.3235 2.5
    endloop
  endfacet
  facet normal -0.629315 -0.77715 0
    outer loop
      vertex 32.3235 22.0274 2.5
      vertex 32.6489 21.7639 4
      vertex 32.3235 22.0274 4
    endloop
  endfacet
  facet normal -0.629315 -0.77715 -0
    outer loop
      vertex 32.6489 21.7639 4
      vertex 32.3235 22.0274 2.5
      vertex 32.6489 21.7639 2.5
    endloop
  endfacet
  facet normal -0.258851 -0.965917 0
    outer loop
      vertex 33.7639 21.1958 2.5
      vertex 34.1684 21.0874 4
      vertex 33.7639 21.1958 4
    endloop
  endfacet
  facet normal -0.258851 -0.965917 -0
    outer loop
      vertex 34.1684 21.0874 4
      vertex 33.7639 21.1958 2.5
      vertex 34.1684 21.0874 2.5
    endloop
  endfacet
  facet normal -0.933592 -0.358339 0
    outer loop
      vertex 31.3458 23.3731 2.5
      vertex 31.1958 23.7639 4
      vertex 31.1958 23.7639 2.5
    endloop
  endfacet
  facet normal -0.933592 -0.358339 0
    outer loop
      vertex 31.1958 23.7639 4
      vertex 31.3458 23.3731 2.5
      vertex 31.3458 23.3731 4
    endloop
  endfacet
  facet normal 0 0 1
    outer loop
      vertex 38.9781 25.4181 4
      vertex 38.9781 24.5819 4
      vertex 39 25 4
    endloop
  endfacet
  facet normal 0 0 1
    outer loop
      vertex 38.9126 25.8316 4
      vertex 38.9781 24.5819 4
      vertex 38.9781 25.4181 4
    endloop
  endfacet
  facet normal 0 0 1
    outer loop
      vertex 38.9126 25.8316 4
      vertex 38.9126 24.1684 4
      vertex 38.9781 24.5819 4
    endloop
  endfacet
  facet normal 0 0 1
    outer loop
      vertex 38.8042 26.2361 4
      vertex 38.9126 24.1684 4
      vertex 38.9126 25.8316 4
    endloop
  endfacet
  facet normal 0 0 1
    outer loop
      vertex 38.8042 26.2361 4
      vertex 38.8042 23.7639 4
      vertex 38.9126 24.1684 4
    endloop
  endfacet
  facet normal 0 0 1
    outer loop
      vertex 38.6542 26.6269 4
      vertex 38.8042 23.7639 4
      vertex 38.8042 26.2361 4
    endloop
  endfacet
  facet normal 0 0 1
    outer loop
      vertex 38.6542 26.6269 4
      vertex 38.6542 23.3731 4
      vertex 38.8042 23.7639 4
    endloop
  endfacet
  facet normal 0 0 1
    outer loop
      vertex 38.4641 27 4
      vertex 38.6542 23.3731 4
      vertex 38.6542 26.6269 4
    endloop
  endfacet
  facet normal 0 0 1
    outer loop
      vertex 38.4641 27 4
      vertex 38.4641 23 4
      vertex 38.6542 23.3731 4
    endloop
  endfacet
  facet normal 0 0 1
    outer loop
      vertex 38.2361 27.3511 4
      vertex 38.4641 23 4
      vertex 38.4641 27 4
    endloop
  endfacet
  facet normal 0 0 1
    outer loop
      vertex 38.2361 27.3511 4
      vertex 38.2361 22.6489 4
      vertex 38.4641 23 4
    endloop
  endfacet
  facet normal 0 0 1
    outer loop
      vertex 37.9726 27.6765 4
      vertex 38.2361 22.6489 4
      vertex 38.2361 27.3511 4
    endloop
  endfacet
  facet normal 0 0 1
    outer loop
      vertex 37.9726 27.6765 4
      vertex 37.9726 22.3235 4
      vertex 38.2361 22.6489 4
    endloop
  endfacet
  facet normal 0 0 1
    outer loop
      vertex 37.6765 27.9726 4
      vertex 37.9726 22.3235 4
      vertex 37.9726 27.6765 4
    endloop
  endfacet
  facet normal 0 0 1
    outer loop
      vertex 37.6765 27.9726 4
      vertex 37.6765 22.0274 4
      vertex 37.9726 22.3235 4
    endloop
  endfacet
  facet normal 0 0 1
    outer loop
      vertex 37.3511 28.2361 4
      vertex 37.6765 22.0274 4
      vertex 37.6765 27.9726 4
    endloop
  endfacet
  facet normal 0 0 1
    outer loop
      vertex 37.3511 28.2361 4
      vertex 37.3511 21.7639 4
      vertex 37.6765 22.0274 4
    endloop
  endfacet
  facet normal 0 0 1
    outer loop
      vertex 37 28.4641 4
      vertex 37.3511 21.7639 4
      vertex 37.3511 28.2361 4
    endloop
  endfacet
  facet normal 0 0 1
    outer loop
      vertex 37 28.4641 4
      vertex 37 21.5359 4
      vertex 37.3511 21.7639 4
    endloop
  endfacet
  facet normal 0 0 1
    outer loop
      vertex 36.6269 28.6542 4
      vertex 37 21.5359 4
      vertex 37 28.4641 4
    endloop
  endfacet
  facet normal 0 0 1
    outer loop
      vertex 36.6269 28.6542 4
      vertex 36.6269 21.3458 4
      vertex 37 21.5359 4
    endloop
  endfacet
  facet normal 0 0 1
    outer loop
      vertex 36.2361 28.8042 4
      vertex 36.6269 21.3458 4
      vertex 36.6269 28.6542 4
    endloop
  endfacet
  facet normal 0 0 1
    outer loop
      vertex 36.2361 28.8042 4
      vertex 36.2361 21.1958 4
      vertex 36.6269 21.3458 4
    endloop
  endfacet
  facet normal 0 0 1
    outer loop
      vertex 35.8316 28.9126 4
      vertex 36.2361 21.1958 4
      vertex 36.2361 28.8042 4
    endloop
  endfacet
  facet normal 0 0 1
    outer loop
      vertex 35.8316 28.9126 4
      vertex 35.8316 21.0874 4
      vertex 36.2361 21.1958 4
    endloop
  endfacet
  facet normal 0 0 1
    outer loop
      vertex 35.4181 28.9781 4
      vertex 35.8316 21.0874 4
      vertex 35.8316 28.9126 4
    endloop
  endfacet
  facet normal 0 0 1
    outer loop
      vertex 35.4181 28.9781 4
      vertex 35.4181 21.0219 4
      vertex 35.8316 21.0874 4
    endloop
  endfacet
  facet normal 0 0 1
    outer loop
      vertex 35 29 4
      vertex 35.4181 21.0219 4
      vertex 35.4181 28.9781 4
    endloop
  endfacet
  facet normal 0 0 1
    outer loop
      vertex 35 29 4
      vertex 35 21 4
      vertex 35.4181 21.0219 4
    endloop
  endfacet
  facet normal -0 0 1
    outer loop
      vertex 34.5819 28.9781 4
      vertex 35 21 4
      vertex 35 29 4
    endloop
  endfacet
  facet normal 0 0 1
    outer loop
      vertex 34.5819 28.9781 4
      vertex 34.5819 21.0219 4
      vertex 35 21 4
    endloop
  endfacet
  facet normal -0 0 1
    outer loop
      vertex 34.1684 28.9126 4
      vertex 34.5819 21.0219 4
      vertex 34.5819 28.9781 4
    endloop
  endfacet
  facet normal 0 0 1
    outer loop
      vertex 34.1684 28.9126 4
      vertex 34.1684 21.0874 4
      vertex 34.5819 21.0219 4
    endloop
  endfacet
  facet normal -0 0 1
    outer loop
      vertex 33.7639 28.8042 4
      vertex 34.1684 21.0874 4
      vertex 34.1684 28.9126 4
    endloop
  endfacet
  facet normal 0 0 1
    outer loop
      vertex 33.7639 28.8042 4
      vertex 33.7639 21.1958 4
      vertex 34.1684 21.0874 4
    endloop
  endfacet
  facet normal -0 0 1
    outer loop
      vertex 33.3731 28.6542 4
      vertex 33.7639 21.1958 4
      vertex 33.7639 28.8042 4
    endloop
  endfacet
  facet normal 0 0 1
    outer loop
      vertex 33.3731 28.6542 4
      vertex 33.3731 21.3458 4
      vertex 33.7639 21.1958 4
    endloop
  endfacet
  facet normal -0 0 1
    outer loop
      vertex 33 28.4641 4
      vertex 33.3731 21.3458 4
      vertex 33.3731 28.6542 4
    endloop
  endfacet
  facet normal 0 0 1
    outer loop
      vertex 33 28.4641 4
      vertex 33 21.5359 4
      vertex 33.3731 21.3458 4
    endloop
  endfacet
  facet normal -0 0 1
    outer loop
      vertex 32.6489 28.2361 4
      vertex 33 21.5359 4
      vertex 33 28.4641 4
    endloop
  endfacet
  facet normal 0 0 1
    outer loop
      vertex 32.6489 28.2361 4
      vertex 32.6489 21.7639 4
      vertex 33 21.5359 4
    endloop
  endfacet
  facet normal -0 0 1
    outer loop
      vertex 32.3235 27.9726 4
      vertex 32.6489 21.7639 4
      vertex 32.6489 28.2361 4
    endloop
  endfacet
  facet normal 0 0 1
    outer loop
      vertex 32.3235 27.9726 4
      vertex 32.3235 22.0274 4
      vertex 32.6489 21.7639 4
    endloop
  endfacet
  facet normal -0 0 1
    outer loop
      vertex 32.0274 27.6765 4
      vertex 32.3235 22.0274 4
      vertex 32.3235 27.9726 4
    endloop
  endfacet
  facet normal 0 0 1
    outer loop
      vertex 32.0274 27.6765 4
      vertex 32.0274 22.3235 4
      vertex 32.3235 22.0274 4
    endloop
  endfacet
  facet normal -0 0 1
    outer loop
      vertex 31.7639 27.3511 4
      vertex 32.0274 22.3235 4
      vertex 32.0274 27.6765 4
    endloop
  endfacet
  facet normal 0 0 1
    outer loop
      vertex 31.7639 27.3511 4
      vertex 31.7639 22.6489 4
      vertex 32.0274 22.3235 4
    endloop
  endfacet
  facet normal -0 0 1
    outer loop
      vertex 31.5359 27 4
      vertex 31.7639 22.6489 4
      vertex 31.7639 27.3511 4
    endloop
  endfacet
  facet normal 0 0 1
    outer loop
      vertex 31.5359 27 4
      vertex 31.5359 23 4
      vertex 31.7639 22.6489 4
    endloop
  endfacet
  facet normal -0 0 1
    outer loop
      vertex 31.3458 26.6269 4
      vertex 31.5359 23 4
      vertex 31.5359 27 4
    endloop
  endfacet
  facet normal 0 0 1
    outer loop
      vertex 31.3458 26.6269 4
      vertex 31.3458 23.3731 4
      vertex 31.5359 23 4
    endloop
  endfacet
  facet normal -0 0 1
    outer loop
      vertex 31.1958 26.2361 4
      vertex 31.3458 23.3731 4
      vertex 31.3458 26.6269 4
    endloop
  endfacet
  facet normal 0 0 1
    outer loop
      vertex 31.1958 26.2361 4
      vertex 31.1958 23.7639 4
      vertex 31.3458 23.3731 4
    endloop
  endfacet
  facet normal -0 0 1
    outer loop
      vertex 31.0874 25.8316 4
      vertex 31.1958 23.7639 4
      vertex 31.1958 26.2361 4
    endloop
  endfacet
  facet normal 0 0 1
    outer loop
      vertex 31.0874 25.8316 4
      vertex 31.0874 24.1684 4
      vertex 31.1958 23.7639 4
    endloop
  endfacet
  facet normal -0 0 1
    outer loop
      vertex 31.0219 25.4181 4
      vertex 31.0874 24.1684 4
      vertex 31.0874 25.8316 4
    endloop
  endfacet
  facet normal 0 0 1
    outer loop
      vertex 31.0219 25.4181 4
      vertex 31.0219 24.5819 4
      vertex 31.0874 24.1684 4
    endloop
  endfacet
  facet normal 0 -0 1
    outer loop
      vertex 31.0219 24.5819 4
      vertex 31.0219 25.4181 4
      vertex 31 25 4
    endloop
  endfacet
  facet normal -0.987685 0.156453 0
    outer loop
      vertex 31.0219 25.4181 2.5
      vertex 31.0874 25.8316 4
      vertex 31.0874 25.8316 2.5
    endloop
  endfacet
  facet normal -0.987685 0.156453 0
    outer loop
      vertex 31.0874 25.8316 4
      vertex 31.0219 25.4181 2.5
      vertex 31.0219 25.4181 4
    endloop
  endfacet
  facet normal -0.358339 0.933592 0
    outer loop
      vertex 33.7639 28.8042 2.5
      vertex 33.3731 28.6542 4
      vertex 33.7639 28.8042 4
    endloop
  endfacet
  facet normal -0.358339 0.933592 0
    outer loop
      vertex 33.3731 28.6542 4
      vertex 33.7639 28.8042 2.5
      vertex 33.3731 28.6542 2.5
    endloop
  endfacet
  facet normal 0.258851 0.965917 -0
    outer loop
      vertex 36.2361 28.8042 2.5
      vertex 35.8316 28.9126 4
      vertex 36.2361 28.8042 4
    endloop
  endfacet
  facet normal 0.258851 0.965917 0
    outer loop
      vertex 35.8316 28.9126 4
      vertex 36.2361 28.8042 2.5
      vertex 35.8316 28.9126 2.5
    endloop
  endfacet
  facet normal 0.156453 0.987685 -0
    outer loop
      vertex 35.8316 28.9126 2.5
      vertex 35.4181 28.9781 4
      vertex 35.8316 28.9126 4
    endloop
  endfacet
  facet normal 0.156453 0.987685 0
    outer loop
      vertex 35.4181 28.9781 4
      vertex 35.8316 28.9126 2.5
      vertex 35.4181 28.9781 2.5
    endloop
  endfacet
  facet normal -0.358339 -0.933592 0
    outer loop
      vertex 33.3731 21.3458 2.5
      vertex 33.7639 21.1958 4
      vertex 33.3731 21.3458 4
    endloop
  endfacet
  facet normal -0.358339 -0.933592 -0
    outer loop
      vertex 33.7639 21.1958 4
      vertex 33.3731 21.3458 2.5
      vertex 33.7639 21.1958 2.5
    endloop
  endfacet
  facet normal 0.77715 -0.629315 0
    outer loop
      vertex 37.9726 22.3235 4
      vertex 38.2361 22.6489 2.5
      vertex 38.2361 22.6489 4
    endloop
  endfacet
  facet normal 0.77715 -0.629315 0
    outer loop
      vertex 38.2361 22.6489 2.5
      vertex 37.9726 22.3235 4
      vertex 37.9726 22.3235 2.5
    endloop
  endfacet
  facet normal 0.89101 -0.453983 0
    outer loop
      vertex 38.4641 23 4
      vertex 38.6542 23.3731 2.5
      vertex 38.6542 23.3731 4
    endloop
  endfacet
  facet normal 0.89101 -0.453983 0
    outer loop
      vertex 38.6542 23.3731 2.5
      vertex 38.4641 23 4
      vertex 38.4641 23 2.5
    endloop
  endfacet
  facet normal -0.965917 -0.258851 0
    outer loop
      vertex 31.1958 23.7639 2.5
      vertex 31.0874 24.1684 4
      vertex 31.0874 24.1684 2.5
    endloop
  endfacet
  facet normal -0.965917 -0.258851 0
    outer loop
      vertex 31.0874 24.1684 4
      vertex 31.1958 23.7639 2.5
      vertex 31.1958 23.7639 4
    endloop
  endfacet
  facet normal 0.453983 -0.89101 0
    outer loop
      vertex 36.6269 21.3458 2.5
      vertex 37 21.5359 4
      vertex 36.6269 21.3458 4
    endloop
  endfacet
  facet normal 0.453983 -0.89101 0
    outer loop
      vertex 37 21.5359 4
      vertex 36.6269 21.3458 2.5
      vertex 37 21.5359 2.5
    endloop
  endfacet
  facet normal 0.544627 -0.838678 0
    outer loop
      vertex 37 21.5359 2.5
      vertex 37.3511 21.7639 4
      vertex 37 21.5359 4
    endloop
  endfacet
  facet normal 0.544627 -0.838678 0
    outer loop
      vertex 37.3511 21.7639 4
      vertex 37 21.5359 2.5
      vertex 37.3511 21.7639 2.5
    endloop
  endfacet
  facet normal -0.89101 0.453983 0
    outer loop
      vertex 31.3458 26.6269 2.5
      vertex 31.5359 27 4
      vertex 31.5359 27 2.5
    endloop
  endfacet
  facet normal -0.89101 0.453983 0
    outer loop
      vertex 31.5359 27 4
      vertex 31.3458 26.6269 2.5
      vertex 31.3458 26.6269 4
    endloop
  endfacet
  facet normal -0.629315 0.77715 0
    outer loop
      vertex 32.6489 28.2361 2.5
      vertex 32.3235 27.9726 4
      vertex 32.6489 28.2361 4
    endloop
  endfacet
  facet normal -0.629315 0.77715 0
    outer loop
      vertex 32.3235 27.9726 4
      vertex 32.6489 28.2361 2.5
      vertex 32.3235 27.9726 2.5
    endloop
  endfacet
  facet normal -0.453983 -0.89101 0
    outer loop
      vertex 33 21.5359 2.5
      vertex 33.3731 21.3458 4
      vertex 33 21.5359 4
    endloop
  endfacet
  facet normal -0.453983 -0.89101 -0
    outer loop
      vertex 33.3731 21.3458 4
      vertex 33 21.5359 2.5
      vertex 33.3731 21.3458 2.5
    endloop
  endfacet
  facet normal -0.544627 0.838678 0
    outer loop
      vertex 33 28.4641 2.5
      vertex 32.6489 28.2361 4
      vertex 33 28.4641 4
    endloop
  endfacet
  facet normal -0.544627 0.838678 0
    outer loop
      vertex 32.6489 28.2361 4
      vertex 33 28.4641 2.5
      vertex 32.6489 28.2361 2.5
    endloop
  endfacet
  facet normal -0.258851 0.965917 0
    outer loop
      vertex 44.1684 28.9126 2.5
      vertex 43.7639 28.8042 4
      vertex 44.1684 28.9126 4
    endloop
  endfacet
  facet normal -0.258851 0.965917 0
    outer loop
      vertex 43.7639 28.8042 4
      vertex 44.1684 28.9126 2.5
      vertex 43.7639 28.8042 2.5
    endloop
  endfacet
  facet normal 0.358339 -0.933592 0
    outer loop
      vertex 46.2361 21.1958 2.5
      vertex 46.6269 21.3458 4
      vertex 46.2361 21.1958 4
    endloop
  endfacet
  facet normal 0.358339 -0.933592 0
    outer loop
      vertex 46.6269 21.3458 4
      vertex 46.2361 21.1958 2.5
      vertex 46.6269 21.3458 2.5
    endloop
  endfacet
  facet normal 0.987685 0.156453 0
    outer loop
      vertex 48.9781 25.4181 4
      vertex 48.9126 25.8316 2.5
      vertex 48.9126 25.8316 4
    endloop
  endfacet
  facet normal 0.987685 0.156453 0
    outer loop
      vertex 48.9126 25.8316 2.5
      vertex 48.9781 25.4181 4
      vertex 48.9781 25.4181 2.5
    endloop
  endfacet
  facet normal 0.838678 -0.544627 0
    outer loop
      vertex 48.2361 22.6489 4
      vertex 48.4641 23 2.5
      vertex 48.4641 23 4
    endloop
  endfacet
  facet normal 0.838678 -0.544627 0
    outer loop
      vertex 48.4641 23 2.5
      vertex 48.2361 22.6489 4
      vertex 48.2361 22.6489 2.5
    endloop
  endfacet
  facet normal 0.629315 -0.77715 0
    outer loop
      vertex 47.3511 21.7639 2.5
      vertex 47.6765 22.0274 4
      vertex 47.3511 21.7639 4
    endloop
  endfacet
  facet normal 0.629315 -0.77715 0
    outer loop
      vertex 47.6765 22.0274 4
      vertex 47.3511 21.7639 2.5
      vertex 47.6765 22.0274 2.5
    endloop
  endfacet
  facet normal 0.0523081 0.998631 -0
    outer loop
      vertex 45.4181 28.9781 2.5
      vertex 45 29 4
      vertex 45.4181 28.9781 4
    endloop
  endfacet
  facet normal 0.0523081 0.998631 0
    outer loop
      vertex 45 29 4
      vertex 45.4181 28.9781 2.5
      vertex 45 29 2.5
    endloop
  endfacet
  facet normal -0.156453 0.987685 0
    outer loop
      vertex 44.5819 28.9781 2.5
      vertex 44.1684 28.9126 4
      vertex 44.5819 28.9781 4
    endloop
  endfacet
  facet normal -0.156453 0.987685 0
    outer loop
      vertex 44.1684 28.9126 4
      vertex 44.5819 28.9781 2.5
      vertex 44.1684 28.9126 2.5
    endloop
  endfacet
  facet normal -0.453983 0.89101 0
    outer loop
      vertex 43.3731 28.6542 2.5
      vertex 43 28.4641 4
      vertex 43.3731 28.6542 4
    endloop
  endfacet
  facet normal -0.453983 0.89101 0
    outer loop
      vertex 43 28.4641 4
      vertex 43.3731 28.6542 2.5
      vertex 43 28.4641 2.5
    endloop
  endfacet
  facet normal -0.77715 -0.629315 0
    outer loop
      vertex 42.0274 22.3235 2.5
      vertex 41.7639 22.6489 4
      vertex 41.7639 22.6489 2.5
    endloop
  endfacet
  facet normal -0.77715 -0.629315 0
    outer loop
      vertex 41.7639 22.6489 4
      vertex 42.0274 22.3235 2.5
      vertex 42.0274 22.3235 4
    endloop
  endfacet
  facet normal -0.933592 0.358339 0
    outer loop
      vertex 41.1958 26.2361 2.5
      vertex 41.3458 26.6269 4
      vertex 41.3458 26.6269 2.5
    endloop
  endfacet
  facet normal -0.933592 0.358339 0
    outer loop
      vertex 41.3458 26.6269 4
      vertex 41.1958 26.2361 2.5
      vertex 41.1958 26.2361 4
    endloop
  endfacet
  facet normal -0.453983 -0.89101 0
    outer loop
      vertex 43 21.5359 2.5
      vertex 43.3731 21.3458 4
      vertex 43 21.5359 4
    endloop
  endfacet
  facet normal -0.453983 -0.89101 -0
    outer loop
      vertex 43.3731 21.3458 4
      vertex 43 21.5359 2.5
      vertex 43.3731 21.3458 2.5
    endloop
  endfacet
  facet normal 0.933592 0.358339 0
    outer loop
      vertex 48.8042 26.2361 4
      vertex 48.6542 26.6269 2.5
      vertex 48.6542 26.6269 4
    endloop
  endfacet
  facet normal 0.933592 0.358339 0
    outer loop
      vertex 48.6542 26.6269 2.5
      vertex 48.8042 26.2361 4
      vertex 48.8042 26.2361 2.5
    endloop
  endfacet
  facet normal 0.987685 -0.156453 0
    outer loop
      vertex 48.9126 24.1684 4
      vertex 48.9781 24.5819 2.5
      vertex 48.9781 24.5819 4
    endloop
  endfacet
  facet normal 0.987685 -0.156453 0
    outer loop
      vertex 48.9781 24.5819 2.5
      vertex 48.9126 24.1684 4
      vertex 48.9126 24.1684 2.5
    endloop
  endfacet
  facet normal 0.629315 0.77715 -0
    outer loop
      vertex 47.6765 27.9726 2.5
      vertex 47.3511 28.2361 4
      vertex 47.6765 27.9726 4
    endloop
  endfacet
  facet normal 0.629315 0.77715 0
    outer loop
      vertex 47.3511 28.2361 4
      vertex 47.6765 27.9726 2.5
      vertex 47.3511 28.2361 2.5
    endloop
  endfacet
  facet normal -0.0523081 -0.998631 0
    outer loop
      vertex 44.5819 21.0219 2.5
      vertex 45 21 4
      vertex 44.5819 21.0219 4
    endloop
  endfacet
  facet normal -0.0523081 -0.998631 -0
    outer loop
      vertex 45 21 4
      vertex 44.5819 21.0219 2.5
      vertex 45 21 2.5
    endloop
  endfacet
  facet normal 0.933592 -0.358339 0
    outer loop
      vertex 48.6542 23.3731 4
      vertex 48.8042 23.7639 2.5
      vertex 48.8042 23.7639 4
    endloop
  endfacet
  facet normal 0.933592 -0.358339 0
    outer loop
      vertex 48.8042 23.7639 2.5
      vertex 48.6542 23.3731 4
      vertex 48.6542 23.3731 2.5
    endloop
  endfacet
  facet normal 0.998631 0.0523081 0
    outer loop
      vertex 49 25 4
      vertex 48.9781 25.4181 2.5
      vertex 48.9781 25.4181 4
    endloop
  endfacet
  facet normal 0.998631 0.0523081 0
    outer loop
      vertex 48.9781 25.4181 2.5
      vertex 49 25 4
      vertex 49 25 2.5
    endloop
  endfacet
  facet normal -0.0523081 0.998631 0
    outer loop
      vertex 45 29 2.5
      vertex 44.5819 28.9781 4
      vertex 45 29 4
    endloop
  endfacet
  facet normal -0.0523081 0.998631 0
    outer loop
      vertex 44.5819 28.9781 4
      vertex 45 29 2.5
      vertex 44.5819 28.9781 2.5
    endloop
  endfacet
  facet normal -0.89101 -0.453983 0
    outer loop
      vertex 41.5359 23 2.5
      vertex 41.3458 23.3731 4
      vertex 41.3458 23.3731 2.5
    endloop
  endfacet
  facet normal -0.89101 -0.453983 0
    outer loop
      vertex 41.3458 23.3731 4
      vertex 41.5359 23 2.5
      vertex 41.5359 23 4
    endloop
  endfacet
  facet normal 0.965917 0.258851 0
    outer loop
      vertex 48.9126 25.8316 4
      vertex 48.8042 26.2361 2.5
      vertex 48.8042 26.2361 4
    endloop
  endfacet
  facet normal 0.965917 0.258851 0
    outer loop
      vertex 48.8042 26.2361 2.5
      vertex 48.9126 25.8316 4
      vertex 48.9126 25.8316 2.5
    endloop
  endfacet
  facet normal -0.156453 -0.987685 0
    outer loop
      vertex 44.1684 21.0874 2.5
      vertex 44.5819 21.0219 4
      vertex 44.1684 21.0874 4
    endloop
  endfacet
  facet normal -0.156453 -0.987685 -0
    outer loop
      vertex 44.5819 21.0219 4
      vertex 44.1684 21.0874 2.5
      vertex 44.5819 21.0219 2.5
    endloop
  endfacet
  facet normal 0.0523081 -0.998631 0
    outer loop
      vertex 45 21 2.5
      vertex 45.4181 21.0219 4
      vertex 45 21 4
    endloop
  endfacet
  facet normal 0.0523081 -0.998631 0
    outer loop
      vertex 45.4181 21.0219 4
      vertex 45 21 2.5
      vertex 45.4181 21.0219 2.5
    endloop
  endfacet
  facet normal -0.544627 -0.838678 0
    outer loop
      vertex 42.6489 21.7639 2.5
      vertex 43 21.5359 4
      vertex 42.6489 21.7639 4
    endloop
  endfacet
  facet normal -0.544627 -0.838678 -0
    outer loop
      vertex 43 21.5359 4
      vertex 42.6489 21.7639 2.5
      vertex 43 21.5359 2.5
    endloop
  endfacet
  facet normal -0.77715 0.629315 0
    outer loop
      vertex 41.7639 27.3511 2.5
      vertex 42.0274 27.6765 4
      vertex 42.0274 27.6765 2.5
    endloop
  endfacet
  facet normal -0.77715 0.629315 0
    outer loop
      vertex 42.0274 27.6765 4
      vertex 41.7639 27.3511 2.5
      vertex 41.7639 27.3511 4
    endloop
  endfacet
  facet normal 0.89101 0.453983 0
    outer loop
      vertex 48.6542 26.6269 4
      vertex 48.4641 27 2.5
      vertex 48.4641 27 4
    endloop
  endfacet
  facet normal 0.89101 0.453983 0
    outer loop
      vertex 48.4641 27 2.5
      vertex 48.6542 26.6269 4
      vertex 48.6542 26.6269 2.5
    endloop
  endfacet
  facet normal 0.707107 0.707107 0
    outer loop
      vertex 47.9726 27.6765 4
      vertex 47.6765 27.9726 2.5
      vertex 47.6765 27.9726 4
    endloop
  endfacet
  facet normal 0.707107 0.707107 0
    outer loop
      vertex 47.6765 27.9726 2.5
      vertex 47.9726 27.6765 4
      vertex 47.9726 27.6765 2.5
    endloop
  endfacet
  facet normal 0.358339 0.933592 -0
    outer loop
      vertex 46.6269 28.6542 2.5
      vertex 46.2361 28.8042 4
      vertex 46.6269 28.6542 4
    endloop
  endfacet
  facet normal 0.358339 0.933592 0
    outer loop
      vertex 46.2361 28.8042 4
      vertex 46.6269 28.6542 2.5
      vertex 46.2361 28.8042 2.5
    endloop
  endfacet
  facet normal 0.258851 -0.965917 0
    outer loop
      vertex 45.8316 21.0874 2.5
      vertex 46.2361 21.1958 4
      vertex 45.8316 21.0874 4
    endloop
  endfacet
  facet normal 0.258851 -0.965917 0
    outer loop
      vertex 46.2361 21.1958 4
      vertex 45.8316 21.0874 2.5
      vertex 46.2361 21.1958 2.5
    endloop
  endfacet
  facet normal 0.998631 -0.0523081 0
    outer loop
      vertex 48.9781 24.5819 4
      vertex 49 25 2.5
      vertex 49 25 4
    endloop
  endfacet
  facet normal 0.998631 -0.0523081 0
    outer loop
      vertex 49 25 2.5
      vertex 48.9781 24.5819 4
      vertex 48.9781 24.5819 2.5
    endloop
  endfacet
  facet normal 0.453983 0.89101 -0
    outer loop
      vertex 47 28.4641 2.5
      vertex 46.6269 28.6542 4
      vertex 47 28.4641 4
    endloop
  endfacet
  facet normal 0.453983 0.89101 0
    outer loop
      vertex 46.6269 28.6542 4
      vertex 47 28.4641 2.5
      vertex 46.6269 28.6542 2.5
    endloop
  endfacet
  facet normal -0.838678 0.544627 0
    outer loop
      vertex 41.5359 27 2.5
      vertex 41.7639 27.3511 4
      vertex 41.7639 27.3511 2.5
    endloop
  endfacet
  facet normal -0.838678 0.544627 0
    outer loop
      vertex 41.7639 27.3511 4
      vertex 41.5359 27 2.5
      vertex 41.5359 27 4
    endloop
  endfacet
  facet normal -0.965917 0.258851 0
    outer loop
      vertex 41.0874 25.8316 2.5
      vertex 41.1958 26.2361 4
      vertex 41.1958 26.2361 2.5
    endloop
  endfacet
  facet normal -0.965917 0.258851 0
    outer loop
      vertex 41.1958 26.2361 4
      vertex 41.0874 25.8316 2.5
      vertex 41.0874 25.8316 4
    endloop
  endfacet
  facet normal -0.998631 -0.0523081 0
    outer loop
      vertex 41.0219 24.5819 2.5
      vertex 41 25 4
      vertex 41 25 2.5
    endloop
  endfacet
  facet normal -0.998631 -0.0523081 0
    outer loop
      vertex 41 25 4
      vertex 41.0219 24.5819 2.5
      vertex 41.0219 24.5819 4
    endloop
  endfacet
  facet normal -0.987685 -0.156453 0
    outer loop
      vertex 41.0874 24.1684 2.5
      vertex 41.0219 24.5819 4
      vertex 41.0219 24.5819 2.5
    endloop
  endfacet
  facet normal -0.987685 -0.156453 0
    outer loop
      vertex 41.0219 24.5819 4
      vertex 41.0874 24.1684 2.5
      vertex 41.0874 24.1684 4
    endloop
  endfacet
  facet normal 0.156453 -0.987685 0
    outer loop
      vertex 45.4181 21.0219 2.5
      vertex 45.8316 21.0874 4
      vertex 45.4181 21.0219 4
    endloop
  endfacet
  facet normal 0.156453 -0.987685 0
    outer loop
      vertex 45.8316 21.0874 4
      vertex 45.4181 21.0219 2.5
      vertex 45.8316 21.0874 2.5
    endloop
  endfacet
  facet normal -0.707107 -0.707107 0
    outer loop
      vertex 42.0274 22.3235 2.5
      vertex 42.3235 22.0274 4
      vertex 42.0274 22.3235 4
    endloop
  endfacet
  facet normal -0.707107 -0.707107 -0
    outer loop
      vertex 42.3235 22.0274 4
      vertex 42.0274 22.3235 2.5
      vertex 42.3235 22.0274 2.5
    endloop
  endfacet
  facet normal 0.838678 0.544627 0
    outer loop
      vertex 48.4641 27 4
      vertex 48.2361 27.3511 2.5
      vertex 48.2361 27.3511 4
    endloop
  endfacet
  facet normal 0.838678 0.544627 0
    outer loop
      vertex 48.2361 27.3511 2.5
      vertex 48.4641 27 4
      vertex 48.4641 27 2.5
    endloop
  endfacet
  facet normal 0.77715 0.629315 0
    outer loop
      vertex 48.2361 27.3511 4
      vertex 47.9726 27.6765 2.5
      vertex 47.9726 27.6765 4
    endloop
  endfacet
  facet normal 0.77715 0.629315 0
    outer loop
      vertex 47.9726 27.6765 2.5
      vertex 48.2361 27.3511 4
      vertex 48.2361 27.3511 2.5
    endloop
  endfacet
  facet normal -0.998631 0.0523081 0
    outer loop
      vertex 41 25 2.5
      vertex 41.0219 25.4181 4
      vertex 41.0219 25.4181 2.5
    endloop
  endfacet
  facet normal -0.998631 0.0523081 0
    outer loop
      vertex 41.0219 25.4181 4
      vertex 41 25 2.5
      vertex 41 25 4
    endloop
  endfacet
  facet normal 0.965917 -0.258851 0
    outer loop
      vertex 48.8042 23.7639 4
      vertex 48.9126 24.1684 2.5
      vertex 48.9126 24.1684 4
    endloop
  endfacet
  facet normal 0.965917 -0.258851 0
    outer loop
      vertex 48.9126 24.1684 2.5
      vertex 48.8042 23.7639 4
      vertex 48.8042 23.7639 2.5
    endloop
  endfacet
  facet normal -0.838678 -0.544627 0
    outer loop
      vertex 41.7639 22.6489 2.5
      vertex 41.5359 23 4
      vertex 41.5359 23 2.5
    endloop
  endfacet
  facet normal -0.838678 -0.544627 0
    outer loop
      vertex 41.5359 23 4
      vertex 41.7639 22.6489 2.5
      vertex 41.7639 22.6489 4
    endloop
  endfacet
  facet normal 0.544627 0.838678 -0
    outer loop
      vertex 47.3511 28.2361 2.5
      vertex 47 28.4641 4
      vertex 47.3511 28.2361 4
    endloop
  endfacet
  facet normal 0.544627 0.838678 0
    outer loop
      vertex 47 28.4641 4
      vertex 47.3511 28.2361 2.5
      vertex 47 28.4641 2.5
    endloop
  endfacet
  facet normal 0.707107 -0.707107 0
    outer loop
      vertex 47.6765 22.0274 2.5
      vertex 47.9726 22.3235 4
      vertex 47.6765 22.0274 4
    endloop
  endfacet
  facet normal 0.707107 -0.707107 0
    outer loop
      vertex 47.9726 22.3235 4
      vertex 47.6765 22.0274 2.5
      vertex 47.9726 22.3235 2.5
    endloop
  endfacet
  facet normal -0.707107 0.707107 0
    outer loop
      vertex 42.0274 27.6765 2.5
      vertex 42.3235 27.9726 4
      vertex 42.3235 27.9726 2.5
    endloop
  endfacet
  facet normal -0.707107 0.707107 0
    outer loop
      vertex 42.3235 27.9726 4
      vertex 42.0274 27.6765 2.5
      vertex 42.0274 27.6765 4
    endloop
  endfacet
  facet normal -0.629315 -0.77715 0
    outer loop
      vertex 42.3235 22.0274 2.5
      vertex 42.6489 21.7639 4
      vertex 42.3235 22.0274 4
    endloop
  endfacet
  facet normal -0.629315 -0.77715 -0
    outer loop
      vertex 42.6489 21.7639 4
      vertex 42.3235 22.0274 2.5
      vertex 42.6489 21.7639 2.5
    endloop
  endfacet
  facet normal -0.933592 -0.358339 0
    outer loop
      vertex 41.3458 23.3731 2.5
      vertex 41.1958 23.7639 4
      vertex 41.1958 23.7639 2.5
    endloop
  endfacet
  facet normal -0.933592 -0.358339 0
    outer loop
      vertex 41.1958 23.7639 4
      vertex 41.3458 23.3731 2.5
      vertex 41.3458 23.3731 4
    endloop
  endfacet
  facet normal -0.987685 0.156453 0
    outer loop
      vertex 41.0219 25.4181 2.5
      vertex 41.0874 25.8316 4
      vertex 41.0874 25.8316 2.5
    endloop
  endfacet
  facet normal -0.987685 0.156453 0
    outer loop
      vertex 41.0874 25.8316 4
      vertex 41.0219 25.4181 2.5
      vertex 41.0219 25.4181 4
    endloop
  endfacet
  facet normal -0.358339 0.933592 0
    outer loop
      vertex 43.7639 28.8042 2.5
      vertex 43.3731 28.6542 4
      vertex 43.7639 28.8042 4
    endloop
  endfacet
  facet normal -0.358339 0.933592 0
    outer loop
      vertex 43.3731 28.6542 4
      vertex 43.7639 28.8042 2.5
      vertex 43.3731 28.6542 2.5
    endloop
  endfacet
  facet normal -0.258851 -0.965917 0
    outer loop
      vertex 43.7639 21.1958 2.5
      vertex 44.1684 21.0874 4
      vertex 43.7639 21.1958 4
    endloop
  endfacet
  facet normal -0.258851 -0.965917 -0
    outer loop
      vertex 44.1684 21.0874 4
      vertex 43.7639 21.1958 2.5
      vertex 44.1684 21.0874 2.5
    endloop
  endfacet
  facet normal 0.258851 0.965917 -0
    outer loop
      vertex 46.2361 28.8042 2.5
      vertex 45.8316 28.9126 4
      vertex 46.2361 28.8042 4
    endloop
  endfacet
  facet normal 0.258851 0.965917 0
    outer loop
      vertex 45.8316 28.9126 4
      vertex 46.2361 28.8042 2.5
      vertex 45.8316 28.9126 2.5
    endloop
  endfacet
  facet normal 0.156453 0.987685 -0
    outer loop
      vertex 45.8316 28.9126 2.5
      vertex 45.4181 28.9781 4
      vertex 45.8316 28.9126 4
    endloop
  endfacet
  facet normal 0.156453 0.987685 0
    outer loop
      vertex 45.4181 28.9781 4
      vertex 45.8316 28.9126 2.5
      vertex 45.4181 28.9781 2.5
    endloop
  endfacet
  facet normal -0.358339 -0.933592 0
    outer loop
      vertex 43.3731 21.3458 2.5
      vertex 43.7639 21.1958 4
      vertex 43.3731 21.3458 4
    endloop
  endfacet
  facet normal -0.358339 -0.933592 -0
    outer loop
      vertex 43.7639 21.1958 4
      vertex 43.3731 21.3458 2.5
      vertex 43.7639 21.1958 2.5
    endloop
  endfacet
  facet normal 0.77715 -0.629315 0
    outer loop
      vertex 47.9726 22.3235 4
      vertex 48.2361 22.6489 2.5
      vertex 48.2361 22.6489 4
    endloop
  endfacet
  facet normal 0.77715 -0.629315 0
    outer loop
      vertex 48.2361 22.6489 2.5
      vertex 47.9726 22.3235 4
      vertex 47.9726 22.3235 2.5
    endloop
  endfacet
  facet normal 0 0 1
    outer loop
      vertex 48.9781 25.4181 4
      vertex 48.9781 24.5819 4
      vertex 49 25 4
    endloop
  endfacet
  facet normal 0 0 1
    outer loop
      vertex 48.9126 25.8316 4
      vertex 48.9781 24.5819 4
      vertex 48.9781 25.4181 4
    endloop
  endfacet
  facet normal 0 0 1
    outer loop
      vertex 48.9126 25.8316 4
      vertex 48.9126 24.1684 4
      vertex 48.9781 24.5819 4
    endloop
  endfacet
  facet normal 0 0 1
    outer loop
      vertex 48.8042 26.2361 4
      vertex 48.9126 24.1684 4
      vertex 48.9126 25.8316 4
    endloop
  endfacet
  facet normal 0 0 1
    outer loop
      vertex 48.8042 26.2361 4
      vertex 48.8042 23.7639 4
      vertex 48.9126 24.1684 4
    endloop
  endfacet
  facet normal 0 0 1
    outer loop
      vertex 48.6542 26.6269 4
      vertex 48.8042 23.7639 4
      vertex 48.8042 26.2361 4
    endloop
  endfacet
  facet normal 0 0 1
    outer loop
      vertex 48.6542 26.6269 4
      vertex 48.6542 23.3731 4
      vertex 48.8042 23.7639 4
    endloop
  endfacet
  facet normal 0 0 1
    outer loop
      vertex 48.4641 27 4
      vertex 48.6542 23.3731 4
      vertex 48.6542 26.6269 4
    endloop
  endfacet
  facet normal 0 0 1
    outer loop
      vertex 48.4641 27 4
      vertex 48.4641 23 4
      vertex 48.6542 23.3731 4
    endloop
  endfacet
  facet normal 0 0 1
    outer loop
      vertex 48.2361 27.3511 4
      vertex 48.4641 23 4
      vertex 48.4641 27 4
    endloop
  endfacet
  facet normal 0 0 1
    outer loop
      vertex 48.2361 27.3511 4
      vertex 48.2361 22.6489 4
      vertex 48.4641 23 4
    endloop
  endfacet
  facet normal 0 0 1
    outer loop
      vertex 47.9726 27.6765 4
      vertex 48.2361 22.6489 4
      vertex 48.2361 27.3511 4
    endloop
  endfacet
  facet normal 0 0 1
    outer loop
      vertex 47.9726 27.6765 4
      vertex 47.9726 22.3235 4
      vertex 48.2361 22.6489 4
    endloop
  endfacet
  facet normal 0 0 1
    outer loop
      vertex 47.6765 27.9726 4
      vertex 47.9726 22.3235 4
      vertex 47.9726 27.6765 4
    endloop
  endfacet
  facet normal 0 0 1
    outer loop
      vertex 47.6765 27.9726 4
      vertex 47.6765 22.0274 4
      vertex 47.9726 22.3235 4
    endloop
  endfacet
  facet normal 0 0 1
    outer loop
      vertex 47.3511 28.2361 4
      vertex 47.6765 22.0274 4
      vertex 47.6765 27.9726 4
    endloop
  endfacet
  facet normal 0 0 1
    outer loop
      vertex 47.3511 28.2361 4
      vertex 47.3511 21.7639 4
      vertex 47.6765 22.0274 4
    endloop
  endfacet
  facet normal 0 0 1
    outer loop
      vertex 47 28.4641 4
      vertex 47.3511 21.7639 4
      vertex 47.3511 28.2361 4
    endloop
  endfacet
  facet normal 0 0 1
    outer loop
      vertex 47 28.4641 4
      vertex 47 21.5359 4
      vertex 47.3511 21.7639 4
    endloop
  endfacet
  facet normal 0 0 1
    outer loop
      vertex 46.6269 28.6542 4
      vertex 47 21.5359 4
      vertex 47 28.4641 4
    endloop
  endfacet
  facet normal 0 0 1
    outer loop
      vertex 46.6269 28.6542 4
      vertex 46.6269 21.3458 4
      vertex 47 21.5359 4
    endloop
  endfacet
  facet normal 0 0 1
    outer loop
      vertex 46.2361 28.8042 4
      vertex 46.6269 21.3458 4
      vertex 46.6269 28.6542 4
    endloop
  endfacet
  facet normal 0 0 1
    outer loop
      vertex 46.2361 28.8042 4
      vertex 46.2361 21.1958 4
      vertex 46.6269 21.3458 4
    endloop
  endfacet
  facet normal 0 0 1
    outer loop
      vertex 45.8316 28.9126 4
      vertex 46.2361 21.1958 4
      vertex 46.2361 28.8042 4
    endloop
  endfacet
  facet normal 0 0 1
    outer loop
      vertex 45.8316 28.9126 4
      vertex 45.8316 21.0874 4
      vertex 46.2361 21.1958 4
    endloop
  endfacet
  facet normal 0 0 1
    outer loop
      vertex 45.4181 28.9781 4
      vertex 45.8316 21.0874 4
      vertex 45.8316 28.9126 4
    endloop
  endfacet
  facet normal 0 0 1
    outer loop
      vertex 45.4181 28.9781 4
      vertex 45.4181 21.0219 4
      vertex 45.8316 21.0874 4
    endloop
  endfacet
  facet normal 0 0 1
    outer loop
      vertex 45 29 4
      vertex 45.4181 21.0219 4
      vertex 45.4181 28.9781 4
    endloop
  endfacet
  facet normal 0 0 1
    outer loop
      vertex 45 29 4
      vertex 45 21 4
      vertex 45.4181 21.0219 4
    endloop
  endfacet
  facet normal -0 0 1
    outer loop
      vertex 44.5819 28.9781 4
      vertex 45 21 4
      vertex 45 29 4
    endloop
  endfacet
  facet normal 0 0 1
    outer loop
      vertex 44.5819 28.9781 4
      vertex 44.5819 21.0219 4
      vertex 45 21 4
    endloop
  endfacet
  facet normal -0 0 1
    outer loop
      vertex 44.1684 28.9126 4
      vertex 44.5819 21.0219 4
      vertex 44.5819 28.9781 4
    endloop
  endfacet
  facet normal 0 0 1
    outer loop
      vertex 44.1684 28.9126 4
      vertex 44.1684 21.0874 4
      vertex 44.5819 21.0219 4
    endloop
  endfacet
  facet normal -0 0 1
    outer loop
      vertex 43.7639 28.8042 4
      vertex 44.1684 21.0874 4
      vertex 44.1684 28.9126 4
    endloop
  endfacet
  facet normal 0 0 1
    outer loop
      vertex 43.7639 28.8042 4
      vertex 43.7639 21.1958 4
      vertex 44.1684 21.0874 4
    endloop
  endfacet
  facet normal -0 0 1
    outer loop
      vertex 43.3731 28.6542 4
      vertex 43.7639 21.1958 4
      vertex 43.7639 28.8042 4
    endloop
  endfacet
  facet normal 0 0 1
    outer loop
      vertex 43.3731 28.6542 4
      vertex 43.3731 21.3458 4
      vertex 43.7639 21.1958 4
    endloop
  endfacet
  facet normal -0 0 1
    outer loop
      vertex 43 28.4641 4
      vertex 43.3731 21.3458 4
      vertex 43.3731 28.6542 4
    endloop
  endfacet
  facet normal 0 0 1
    outer loop
      vertex 43 28.4641 4
      vertex 43 21.5359 4
      vertex 43.3731 21.3458 4
    endloop
  endfacet
  facet normal -0 0 1
    outer loop
      vertex 42.6489 28.2361 4
      vertex 43 21.5359 4
      vertex 43 28.4641 4
    endloop
  endfacet
  facet normal 0 0 1
    outer loop
      vertex 42.6489 28.2361 4
      vertex 42.6489 21.7639 4
      vertex 43 21.5359 4
    endloop
  endfacet
  facet normal -0 0 1
    outer loop
      vertex 42.3235 27.9726 4
      vertex 42.6489 21.7639 4
      vertex 42.6489 28.2361 4
    endloop
  endfacet
  facet normal 0 0 1
    outer loop
      vertex 42.3235 27.9726 4
      vertex 42.3235 22.0274 4
      vertex 42.6489 21.7639 4
    endloop
  endfacet
  facet normal -0 0 1
    outer loop
      vertex 42.0274 27.6765 4
      vertex 42.3235 22.0274 4
      vertex 42.3235 27.9726 4
    endloop
  endfacet
  facet normal 0 0 1
    outer loop
      vertex 42.0274 27.6765 4
      vertex 42.0274 22.3235 4
      vertex 42.3235 22.0274 4
    endloop
  endfacet
  facet normal -0 0 1
    outer loop
      vertex 41.7639 27.3511 4
      vertex 42.0274 22.3235 4
      vertex 42.0274 27.6765 4
    endloop
  endfacet
  facet normal 0 0 1
    outer loop
      vertex 41.7639 27.3511 4
      vertex 41.7639 22.6489 4
      vertex 42.0274 22.3235 4
    endloop
  endfacet
  facet normal -0 0 1
    outer loop
      vertex 41.5359 27 4
      vertex 41.7639 22.6489 4
      vertex 41.7639 27.3511 4
    endloop
  endfacet
  facet normal 0 0 1
    outer loop
      vertex 41.5359 27 4
      vertex 41.5359 23 4
      vertex 41.7639 22.6489 4
    endloop
  endfacet
  facet normal -0 0 1
    outer loop
      vertex 41.3458 26.6269 4
      vertex 41.5359 23 4
      vertex 41.5359 27 4
    endloop
  endfacet
  facet normal 0 0 1
    outer loop
      vertex 41.3458 26.6269 4
      vertex 41.3458 23.3731 4
      vertex 41.5359 23 4
    endloop
  endfacet
  facet normal -0 0 1
    outer loop
      vertex 41.1958 26.2361 4
      vertex 41.3458 23.3731 4
      vertex 41.3458 26.6269 4
    endloop
  endfacet
  facet normal 0 0 1
    outer loop
      vertex 41.1958 26.2361 4
      vertex 41.1958 23.7639 4
      vertex 41.3458 23.3731 4
    endloop
  endfacet
  facet normal -0 0 1
    outer loop
      vertex 41.0874 25.8316 4
      vertex 41.1958 23.7639 4
      vertex 41.1958 26.2361 4
    endloop
  endfacet
  facet normal 0 0 1
    outer loop
      vertex 41.0874 25.8316 4
      vertex 41.0874 24.1684 4
      vertex 41.1958 23.7639 4
    endloop
  endfacet
  facet normal -0 0 1
    outer loop
      vertex 41.0219 25.4181 4
      vertex 41.0874 24.1684 4
      vertex 41.0874 25.8316 4
    endloop
  endfacet
  facet normal 0 0 1
    outer loop
      vertex 41.0219 25.4181 4
      vertex 41.0219 24.5819 4
      vertex 41.0874 24.1684 4
    endloop
  endfacet
  facet normal 0 -0 1
    outer loop
      vertex 41.0219 24.5819 4
      vertex 41.0219 25.4181 4
      vertex 41 25 4
    endloop
  endfacet
  facet normal 0.89101 -0.453983 0
    outer loop
      vertex 48.4641 23 4
      vertex 48.6542 23.3731 2.5
      vertex 48.6542 23.3731 4
    endloop
  endfacet
  facet normal 0.89101 -0.453983 0
    outer loop
      vertex 48.6542 23.3731 2.5
      vertex 48.4641 23 4
      vertex 48.4641 23 2.5
    endloop
  endfacet
  facet normal -0.965917 -0.258851 0
    outer loop
      vertex 41.1958 23.7639 2.5
      vertex 41.0874 24.1684 4
      vertex 41.0874 24.1684 2.5
    endloop
  endfacet
  facet normal -0.965917 -0.258851 0
    outer loop
      vertex 41.0874 24.1684 4
      vertex 41.1958 23.7639 2.5
      vertex 41.1958 23.7639 4
    endloop
  endfacet
  facet normal 0.453983 -0.89101 0
    outer loop
      vertex 46.6269 21.3458 2.5
      vertex 47 21.5359 4
      vertex 46.6269 21.3458 4
    endloop
  endfacet
  facet normal 0.453983 -0.89101 0
    outer loop
      vertex 47 21.5359 4
      vertex 46.6269 21.3458 2.5
      vertex 47 21.5359 2.5
    endloop
  endfacet
  facet normal 0.544627 -0.838678 0
    outer loop
      vertex 47 21.5359 2.5
      vertex 47.3511 21.7639 4
      vertex 47 21.5359 4
    endloop
  endfacet
  facet normal 0.544627 -0.838678 0
    outer loop
      vertex 47.3511 21.7639 4
      vertex 47 21.5359 2.5
      vertex 47.3511 21.7639 2.5
    endloop
  endfacet
  facet normal -0.89101 0.453983 0
    outer loop
      vertex 41.3458 26.6269 2.5
      vertex 41.5359 27 4
      vertex 41.5359 27 2.5
    endloop
  endfacet
  facet normal -0.89101 0.453983 0
    outer loop
      vertex 41.5359 27 4
      vertex 41.3458 26.6269 2.5
      vertex 41.3458 26.6269 4
    endloop
  endfacet
  facet normal -0.629315 0.77715 0
    outer loop
      vertex 42.6489 28.2361 2.5
      vertex 42.3235 27.9726 4
      vertex 42.6489 28.2361 4
    endloop
  endfacet
  facet normal -0.629315 0.77715 0
    outer loop
      vertex 42.3235 27.9726 4
      vertex 42.6489 28.2361 2.5
      vertex 42.3235 27.9726 2.5
    endloop
  endfacet
  facet normal -0.544627 0.838678 0
    outer loop
      vertex 43 28.4641 2.5
      vertex 42.6489 28.2361 4
      vertex 43 28.4641 4
    endloop
  endfacet
  facet normal -0.544627 0.838678 0
    outer loop
      vertex 42.6489 28.2361 4
      vertex 43 28.4641 2.5
      vertex 42.6489 28.2361 2.5
    endloop
  endfacet
  facet normal 0.987685 0.156453 0
    outer loop
      vertex 33.9781 48.4181 4
      vertex 33.9126 48.8316 2.5
      vertex 33.9126 48.8316 4
    endloop
  endfacet
  facet normal 0.987685 0.156453 0
    outer loop
      vertex 33.9126 48.8316 2.5
      vertex 33.9781 48.4181 4
      vertex 33.9781 48.4181 2.5
    endloop
  endfacet
  facet normal 0.998631 0.0523081 0
    outer loop
      vertex 34 48 4
      vertex 33.9781 48.4181 2.5
      vertex 33.9781 48.4181 4
    endloop
  endfacet
  facet normal 0.998631 0.0523081 0
    outer loop
      vertex 33.9781 48.4181 2.5
      vertex 34 48 4
      vertex 34 48 2.5
    endloop
  endfacet
  facet normal 0.965917 0.258851 0
    outer loop
      vertex 33.9126 48.8316 4
      vertex 33.8042 49.2361 2.5
      vertex 33.8042 49.2361 4
    endloop
  endfacet
  facet normal 0.965917 0.258851 0
    outer loop
      vertex 33.8042 49.2361 2.5
      vertex 33.9126 48.8316 4
      vertex 33.9126 48.8316 2.5
    endloop
  endfacet
  facet normal 0.453983 -0.89101 0
    outer loop
      vertex 31.6269 44.3458 2.5
      vertex 32 44.5359 4
      vertex 31.6269 44.3458 4
    endloop
  endfacet
  facet normal 0.453983 -0.89101 0
    outer loop
      vertex 32 44.5359 4
      vertex 31.6269 44.3458 2.5
      vertex 32 44.5359 2.5
    endloop
  endfacet
  facet normal -0.156453 0.987685 0
    outer loop
      vertex 29.5819 51.9781 2.5
      vertex 29.1684 51.9126 4
      vertex 29.5819 51.9781 4
    endloop
  endfacet
  facet normal -0.156453 0.987685 0
    outer loop
      vertex 29.1684 51.9126 4
      vertex 29.5819 51.9781 2.5
      vertex 29.1684 51.9126 2.5
    endloop
  endfacet
  facet normal -0.258851 -0.965917 0
    outer loop
      vertex 28.7639 44.1958 2.5
      vertex 29.1684 44.0874 4
      vertex 28.7639 44.1958 4
    endloop
  endfacet
  facet normal -0.258851 -0.965917 -0
    outer loop
      vertex 29.1684 44.0874 4
      vertex 28.7639 44.1958 2.5
      vertex 29.1684 44.0874 2.5
    endloop
  endfacet
  facet normal 0.358339 0.933592 -0
    outer loop
      vertex 31.6269 51.6542 2.5
      vertex 31.2361 51.8042 4
      vertex 31.6269 51.6542 4
    endloop
  endfacet
  facet normal 0.358339 0.933592 0
    outer loop
      vertex 31.2361 51.8042 4
      vertex 31.6269 51.6542 2.5
      vertex 31.2361 51.8042 2.5
    endloop
  endfacet
  facet normal 0.933592 -0.358339 0
    outer loop
      vertex 33.6542 46.3731 4
      vertex 33.8042 46.7639 2.5
      vertex 33.8042 46.7639 4
    endloop
  endfacet
  facet normal 0.933592 -0.358339 0
    outer loop
      vertex 33.8042 46.7639 2.5
      vertex 33.6542 46.3731 4
      vertex 33.6542 46.3731 2.5
    endloop
  endfacet
  facet normal -0.258851 0.965917 0
    outer loop
      vertex 29.1684 51.9126 2.5
      vertex 28.7639 51.8042 4
      vertex 29.1684 51.9126 4
    endloop
  endfacet
  facet normal -0.258851 0.965917 0
    outer loop
      vertex 28.7639 51.8042 4
      vertex 29.1684 51.9126 2.5
      vertex 28.7639 51.8042 2.5
    endloop
  endfacet
  facet normal -0.707107 0.707107 0
    outer loop
      vertex 27.0274 50.6765 2.5
      vertex 27.3235 50.9726 4
      vertex 27.3235 50.9726 2.5
    endloop
  endfacet
  facet normal -0.707107 0.707107 0
    outer loop
      vertex 27.3235 50.9726 4
      vertex 27.0274 50.6765 2.5
      vertex 27.0274 50.6765 4
    endloop
  endfacet
  facet normal -0.544627 0.838678 0
    outer loop
      vertex 28 51.4641 2.5
      vertex 27.6489 51.2361 4
      vertex 28 51.4641 4
    endloop
  endfacet
  facet normal -0.544627 0.838678 0
    outer loop
      vertex 27.6489 51.2361 4
      vertex 28 51.4641 2.5
      vertex 27.6489 51.2361 2.5
    endloop
  endfacet
  facet normal 0.453983 0.89101 -0
    outer loop
      vertex 32 51.4641 2.5
      vertex 31.6269 51.6542 4
      vertex 32 51.4641 4
    endloop
  endfacet
  facet normal 0.453983 0.89101 0
    outer loop
      vertex 31.6269 51.6542 4
      vertex 32 51.4641 2.5
      vertex 31.6269 51.6542 2.5
    endloop
  endfacet
  facet normal 0.707107 -0.707107 0
    outer loop
      vertex 32.6765 45.0274 4
      vertex 32.9726 45.3235 2.5
      vertex 32.9726 45.3235 4
    endloop
  endfacet
  facet normal 0.707107 -0.707107 0
    outer loop
      vertex 32.9726 45.3235 2.5
      vertex 32.6765 45.0274 4
      vertex 32.6765 45.0274 2.5
    endloop
  endfacet
  facet normal 0 0 1
    outer loop
      vertex 33.9781 48.4181 4
      vertex 33.9781 47.5819 4
      vertex 34 48 4
    endloop
  endfacet
  facet normal 0 0 1
    outer loop
      vertex 33.9126 48.8316 4
      vertex 33.9781 47.5819 4
      vertex 33.9781 48.4181 4
    endloop
  endfacet
  facet normal 0 0 1
    outer loop
      vertex 33.9126 48.8316 4
      vertex 33.9126 47.1684 4
      vertex 33.9781 47.5819 4
    endloop
  endfacet
  facet normal 0 0 1
    outer loop
      vertex 33.8042 49.2361 4
      vertex 33.9126 47.1684 4
      vertex 33.9126 48.8316 4
    endloop
  endfacet
  facet normal 0 0 1
    outer loop
      vertex 33.8042 49.2361 4
      vertex 33.8042 46.7639 4
      vertex 33.9126 47.1684 4
    endloop
  endfacet
  facet normal 0 0 1
    outer loop
      vertex 33.6542 49.6269 4
      vertex 33.8042 46.7639 4
      vertex 33.8042 49.2361 4
    endloop
  endfacet
  facet normal 0 0 1
    outer loop
      vertex 33.6542 49.6269 4
      vertex 33.6542 46.3731 4
      vertex 33.8042 46.7639 4
    endloop
  endfacet
  facet normal 0 0 1
    outer loop
      vertex 33.4641 50 4
      vertex 33.6542 46.3731 4
      vertex 33.6542 49.6269 4
    endloop
  endfacet
  facet normal 0 0 1
    outer loop
      vertex 33.4641 50 4
      vertex 33.4641 46 4
      vertex 33.6542 46.3731 4
    endloop
  endfacet
  facet normal 0 0 1
    outer loop
      vertex 33.2361 50.3511 4
      vertex 33.4641 46 4
      vertex 33.4641 50 4
    endloop
  endfacet
  facet normal 0 0 1
    outer loop
      vertex 33.2361 50.3511 4
      vertex 33.2361 45.6489 4
      vertex 33.4641 46 4
    endloop
  endfacet
  facet normal 0 0 1
    outer loop
      vertex 32.9726 50.6765 4
      vertex 33.2361 45.6489 4
      vertex 33.2361 50.3511 4
    endloop
  endfacet
  facet normal 0 0 1
    outer loop
      vertex 32.9726 50.6765 4
      vertex 32.9726 45.3235 4
      vertex 33.2361 45.6489 4
    endloop
  endfacet
  facet normal 0 0 1
    outer loop
      vertex 32.6765 50.9726 4
      vertex 32.9726 45.3235 4
      vertex 32.9726 50.6765 4
    endloop
  endfacet
  facet normal 0 0 1
    outer loop
      vertex 32.6765 50.9726 4
      vertex 32.6765 45.0274 4
      vertex 32.9726 45.3235 4
    endloop
  endfacet
  facet normal 0 0 1
    outer loop
      vertex 32.3511 51.2361 4
      vertex 32.6765 45.0274 4
      vertex 32.6765 50.9726 4
    endloop
  endfacet
  facet normal 0 0 1
    outer loop
      vertex 32.3511 51.2361 4
      vertex 32.3511 44.7639 4
      vertex 32.6765 45.0274 4
    endloop
  endfacet
  facet normal 0 0 1
    outer loop
      vertex 32 51.4641 4
      vertex 32.3511 44.7639 4
      vertex 32.3511 51.2361 4
    endloop
  endfacet
  facet normal 0 0 1
    outer loop
      vertex 32 51.4641 4
      vertex 32 44.5359 4
      vertex 32.3511 44.7639 4
    endloop
  endfacet
  facet normal 0 0 1
    outer loop
      vertex 31.6269 51.6542 4
      vertex 32 44.5359 4
      vertex 32 51.4641 4
    endloop
  endfacet
  facet normal 0 0 1
    outer loop
      vertex 31.6269 51.6542 4
      vertex 31.6269 44.3458 4
      vertex 32 44.5359 4
    endloop
  endfacet
  facet normal 0 0 1
    outer loop
      vertex 31.2361 51.8042 4
      vertex 31.6269 44.3458 4
      vertex 31.6269 51.6542 4
    endloop
  endfacet
  facet normal 0 0 1
    outer loop
      vertex 31.2361 51.8042 4
      vertex 31.2361 44.1958 4
      vertex 31.6269 44.3458 4
    endloop
  endfacet
  facet normal 0 0 1
    outer loop
      vertex 30.8316 51.9126 4
      vertex 31.2361 44.1958 4
      vertex 31.2361 51.8042 4
    endloop
  endfacet
  facet normal 0 0 1
    outer loop
      vertex 30.8316 51.9126 4
      vertex 30.8316 44.0874 4
      vertex 31.2361 44.1958 4
    endloop
  endfacet
  facet normal 0 0 1
    outer loop
      vertex 30.4181 51.9781 4
      vertex 30.8316 44.0874 4
      vertex 30.8316 51.9126 4
    endloop
  endfacet
  facet normal 0 0 1
    outer loop
      vertex 30.4181 51.9781 4
      vertex 30.4181 44.0219 4
      vertex 30.8316 44.0874 4
    endloop
  endfacet
  facet normal 0 0 1
    outer loop
      vertex 30 52 4
      vertex 30.4181 44.0219 4
      vertex 30.4181 51.9781 4
    endloop
  endfacet
  facet normal 0 0 1
    outer loop
      vertex 30 52 4
      vertex 30 44 4
      vertex 30.4181 44.0219 4
    endloop
  endfacet
  facet normal -0 0 1
    outer loop
      vertex 29.5819 51.9781 4
      vertex 30 44 4
      vertex 30 52 4
    endloop
  endfacet
  facet normal 0 0 1
    outer loop
      vertex 29.5819 51.9781 4
      vertex 29.5819 44.0219 4
      vertex 30 44 4
    endloop
  endfacet
  facet normal -0 0 1
    outer loop
      vertex 29.1684 51.9126 4
      vertex 29.5819 44.0219 4
      vertex 29.5819 51.9781 4
    endloop
  endfacet
  facet normal 0 0 1
    outer loop
      vertex 29.1684 51.9126 4
      vertex 29.1684 44.0874 4
      vertex 29.5819 44.0219 4
    endloop
  endfacet
  facet normal -0 0 1
    outer loop
      vertex 28.7639 51.8042 4
      vertex 29.1684 44.0874 4
      vertex 29.1684 51.9126 4
    endloop
  endfacet
  facet normal 0 0 1
    outer loop
      vertex 28.7639 51.8042 4
      vertex 28.7639 44.1958 4
      vertex 29.1684 44.0874 4
    endloop
  endfacet
  facet normal -0 0 1
    outer loop
      vertex 28.3731 51.6542 4
      vertex 28.7639 44.1958 4
      vertex 28.7639 51.8042 4
    endloop
  endfacet
  facet normal 0 0 1
    outer loop
      vertex 28.3731 51.6542 4
      vertex 28.3731 44.3458 4
      vertex 28.7639 44.1958 4
    endloop
  endfacet
  facet normal -0 0 1
    outer loop
      vertex 28 51.4641 4
      vertex 28.3731 44.3458 4
      vertex 28.3731 51.6542 4
    endloop
  endfacet
  facet normal 0 0 1
    outer loop
      vertex 28 51.4641 4
      vertex 28 44.5359 4
      vertex 28.3731 44.3458 4
    endloop
  endfacet
  facet normal -0 0 1
    outer loop
      vertex 27.6489 51.2361 4
      vertex 28 44.5359 4
      vertex 28 51.4641 4
    endloop
  endfacet
  facet normal 0 0 1
    outer loop
      vertex 27.6489 51.2361 4
      vertex 27.6489 44.7639 4
      vertex 28 44.5359 4
    endloop
  endfacet
  facet normal -0 0 1
    outer loop
      vertex 27.3235 50.9726 4
      vertex 27.6489 44.7639 4
      vertex 27.6489 51.2361 4
    endloop
  endfacet
  facet normal 0 0 1
    outer loop
      vertex 27.3235 50.9726 4
      vertex 27.3235 45.0274 4
      vertex 27.6489 44.7639 4
    endloop
  endfacet
  facet normal -0 0 1
    outer loop
      vertex 27.0274 50.6765 4
      vertex 27.3235 45.0274 4
      vertex 27.3235 50.9726 4
    endloop
  endfacet
  facet normal 0 0 1
    outer loop
      vertex 27.0274 50.6765 4
      vertex 27.0274 45.3235 4
      vertex 27.3235 45.0274 4
    endloop
  endfacet
  facet normal -0 0 1
    outer loop
      vertex 26.7639 50.3511 4
      vertex 27.0274 45.3235 4
      vertex 27.0274 50.6765 4
    endloop
  endfacet
  facet normal 0 0 1
    outer loop
      vertex 26.7639 50.3511 4
      vertex 26.7639 45.6489 4
      vertex 27.0274 45.3235 4
    endloop
  endfacet
  facet normal -0 0 1
    outer loop
      vertex 26.5359 50 4
      vertex 26.7639 45.6489 4
      vertex 26.7639 50.3511 4
    endloop
  endfacet
  facet normal 0 0 1
    outer loop
      vertex 26.5359 50 4
      vertex 26.5359 46 4
      vertex 26.7639 45.6489 4
    endloop
  endfacet
  facet normal -0 0 1
    outer loop
      vertex 26.3458 49.6269 4
      vertex 26.5359 46 4
      vertex 26.5359 50 4
    endloop
  endfacet
  facet normal 0 0 1
    outer loop
      vertex 26.3458 49.6269 4
      vertex 26.3458 46.3731 4
      vertex 26.5359 46 4
    endloop
  endfacet
  facet normal -0 0 1
    outer loop
      vertex 26.1958 49.2361 4
      vertex 26.3458 46.3731 4
      vertex 26.3458 49.6269 4
    endloop
  endfacet
  facet normal 0 0 1
    outer loop
      vertex 26.1958 49.2361 4
      vertex 26.1958 46.7639 4
      vertex 26.3458 46.3731 4
    endloop
  endfacet
  facet normal -0 0 1
    outer loop
      vertex 26.0874 48.8316 4
      vertex 26.1958 46.7639 4
      vertex 26.1958 49.2361 4
    endloop
  endfacet
  facet normal 0 0 1
    outer loop
      vertex 26.0874 48.8316 4
      vertex 26.0874 47.1684 4
      vertex 26.1958 46.7639 4
    endloop
  endfacet
  facet normal -0 0 1
    outer loop
      vertex 26.0219 48.4181 4
      vertex 26.0874 47.1684 4
      vertex 26.0874 48.8316 4
    endloop
  endfacet
  facet normal 0 0 1
    outer loop
      vertex 26.0219 48.4181 4
      vertex 26.0219 47.5819 4
      vertex 26.0874 47.1684 4
    endloop
  endfacet
  facet normal 0 -0 1
    outer loop
      vertex 26.0219 47.5819 4
      vertex 26.0219 48.4181 4
      vertex 26 48 4
    endloop
  endfacet
  facet normal 0.629315 -0.77715 0
    outer loop
      vertex 32.3511 44.7639 2.5
      vertex 32.6765 45.0274 4
      vertex 32.3511 44.7639 4
    endloop
  endfacet
  facet normal 0.629315 -0.77715 0
    outer loop
      vertex 32.6765 45.0274 4
      vertex 32.3511 44.7639 2.5
      vertex 32.6765 45.0274 2.5
    endloop
  endfacet
  facet normal -0.987685 -0.156453 0
    outer loop
      vertex 26.0874 47.1684 2.5
      vertex 26.0219 47.5819 4
      vertex 26.0219 47.5819 2.5
    endloop
  endfacet
  facet normal -0.987685 -0.156453 0
    outer loop
      vertex 26.0219 47.5819 4
      vertex 26.0874 47.1684 2.5
      vertex 26.0874 47.1684 4
    endloop
  endfacet
  facet normal -0.838678 -0.544627 0
    outer loop
      vertex 26.7639 45.6489 2.5
      vertex 26.5359 46 4
      vertex 26.5359 46 2.5
    endloop
  endfacet
  facet normal -0.838678 -0.544627 0
    outer loop
      vertex 26.5359 46 4
      vertex 26.7639 45.6489 2.5
      vertex 26.7639 45.6489 4
    endloop
  endfacet
  facet normal 0.544627 0.838678 -0
    outer loop
      vertex 32.3511 51.2361 2.5
      vertex 32 51.4641 4
      vertex 32.3511 51.2361 4
    endloop
  endfacet
  facet normal 0.544627 0.838678 0
    outer loop
      vertex 32 51.4641 4
      vertex 32.3511 51.2361 2.5
      vertex 32 51.4641 2.5
    endloop
  endfacet
  facet normal 0.965917 -0.258851 0
    outer loop
      vertex 33.8042 46.7639 4
      vertex 33.9126 47.1684 2.5
      vertex 33.9126 47.1684 4
    endloop
  endfacet
  facet normal 0.965917 -0.258851 0
    outer loop
      vertex 33.9126 47.1684 2.5
      vertex 33.8042 46.7639 4
      vertex 33.8042 46.7639 2.5
    endloop
  endfacet
  facet normal -0.998631 -0.0523081 0
    outer loop
      vertex 26.0219 47.5819 2.5
      vertex 26 48 4
      vertex 26 48 2.5
    endloop
  endfacet
  facet normal -0.998631 -0.0523081 0
    outer loop
      vertex 26 48 4
      vertex 26.0219 47.5819 2.5
      vertex 26.0219 47.5819 4
    endloop
  endfacet
  facet normal -0.89101 -0.453983 0
    outer loop
      vertex 26.5359 46 2.5
      vertex 26.3458 46.3731 4
      vertex 26.3458 46.3731 2.5
    endloop
  endfacet
  facet normal -0.89101 -0.453983 0
    outer loop
      vertex 26.3458 46.3731 4
      vertex 26.5359 46 2.5
      vertex 26.5359 46 4
    endloop
  endfacet
  facet normal -0.933592 0.358339 0
    outer loop
      vertex 26.1958 49.2361 2.5
      vertex 26.3458 49.6269 4
      vertex 26.3458 49.6269 2.5
    endloop
  endfacet
  facet normal -0.933592 0.358339 0
    outer loop
      vertex 26.3458 49.6269 4
      vertex 26.1958 49.2361 2.5
      vertex 26.1958 49.2361 4
    endloop
  endfacet
  facet normal 0.156453 -0.987685 0
    outer loop
      vertex 30.4181 44.0219 2.5
      vertex 30.8316 44.0874 4
      vertex 30.4181 44.0219 4
    endloop
  endfacet
  facet normal 0.156453 -0.987685 0
    outer loop
      vertex 30.8316 44.0874 4
      vertex 30.4181 44.0219 2.5
      vertex 30.8316 44.0874 2.5
    endloop
  endfacet
  facet normal 0.77715 0.629315 0
    outer loop
      vertex 33.2361 50.3511 4
      vertex 32.9726 50.6765 2.5
      vertex 32.9726 50.6765 4
    endloop
  endfacet
  facet normal 0.77715 0.629315 0
    outer loop
      vertex 32.9726 50.6765 2.5
      vertex 33.2361 50.3511 4
      vertex 33.2361 50.3511 2.5
    endloop
  endfacet
  facet normal -0.933592 -0.358339 0
    outer loop
      vertex 26.3458 46.3731 2.5
      vertex 26.1958 46.7639 4
      vertex 26.1958 46.7639 2.5
    endloop
  endfacet
  facet normal -0.933592 -0.358339 0
    outer loop
      vertex 26.1958 46.7639 4
      vertex 26.3458 46.3731 2.5
      vertex 26.3458 46.3731 4
    endloop
  endfacet
  facet normal -0.987685 0.156453 0
    outer loop
      vertex 26.0219 48.4181 2.5
      vertex 26.0874 48.8316 4
      vertex 26.0874 48.8316 2.5
    endloop
  endfacet
  facet normal -0.987685 0.156453 0
    outer loop
      vertex 26.0874 48.8316 4
      vertex 26.0219 48.4181 2.5
      vertex 26.0219 48.4181 4
    endloop
  endfacet
  facet normal 0.707107 0.707107 0
    outer loop
      vertex 32.9726 50.6765 4
      vertex 32.6765 50.9726 2.5
      vertex 32.6765 50.9726 4
    endloop
  endfacet
  facet normal 0.707107 0.707107 0
    outer loop
      vertex 32.6765 50.9726 2.5
      vertex 32.9726 50.6765 4
      vertex 32.9726 50.6765 2.5
    endloop
  endfacet
  facet normal 0.544627 -0.838678 0
    outer loop
      vertex 32 44.5359 2.5
      vertex 32.3511 44.7639 4
      vertex 32 44.5359 4
    endloop
  endfacet
  facet normal 0.544627 -0.838678 0
    outer loop
      vertex 32.3511 44.7639 4
      vertex 32 44.5359 2.5
      vertex 32.3511 44.7639 2.5
    endloop
  endfacet
  facet normal -0.0523081 0.998631 0
    outer loop
      vertex 30 52 2.5
      vertex 29.5819 51.9781 4
      vertex 30 52 4
    endloop
  endfacet
  facet normal -0.0523081 0.998631 0
    outer loop
      vertex 29.5819 51.9781 4
      vertex 30 52 2.5
      vertex 29.5819 51.9781 2.5
    endloop
  endfacet
  facet normal -0.838678 0.544627 0
    outer loop
      vertex 26.5359 50 2.5
      vertex 26.7639 50.3511 4
      vertex 26.7639 50.3511 2.5
    endloop
  endfacet
  facet normal -0.838678 0.544627 0
    outer loop
      vertex 26.7639 50.3511 4
      vertex 26.5359 50 2.5
      vertex 26.5359 50 4
    endloop
  endfacet
  facet normal -0.965917 0.258851 0
    outer loop
      vertex 26.0874 48.8316 2.5
      vertex 26.1958 49.2361 4
      vertex 26.1958 49.2361 2.5
    endloop
  endfacet
  facet normal -0.965917 0.258851 0
    outer loop
      vertex 26.1958 49.2361 4
      vertex 26.0874 48.8316 2.5
      vertex 26.0874 48.8316 4
    endloop
  endfacet
  facet normal 0.987685 -0.156453 0
    outer loop
      vertex 33.9126 47.1684 4
      vertex 33.9781 47.5819 2.5
      vertex 33.9781 47.5819 4
    endloop
  endfacet
  facet normal 0.987685 -0.156453 0
    outer loop
      vertex 33.9781 47.5819 2.5
      vertex 33.9126 47.1684 4
      vertex 33.9126 47.1684 2.5
    endloop
  endfacet
  facet normal 0.998631 -0.0523081 0
    outer loop
      vertex 33.9781 47.5819 4
      vertex 34 48 2.5
      vertex 34 48 4
    endloop
  endfacet
  facet normal 0.998631 -0.0523081 0
    outer loop
      vertex 34 48 2.5
      vertex 33.9781 47.5819 4
      vertex 33.9781 47.5819 2.5
    endloop
  endfacet
  facet normal 0.358339 -0.933592 0
    outer loop
      vertex 31.2361 44.1958 2.5
      vertex 31.6269 44.3458 4
      vertex 31.2361 44.1958 4
    endloop
  endfacet
  facet normal 0.358339 -0.933592 0
    outer loop
      vertex 31.6269 44.3458 4
      vertex 31.2361 44.1958 2.5
      vertex 31.6269 44.3458 2.5
    endloop
  endfacet
  facet normal 0.258851 -0.965917 0
    outer loop
      vertex 30.8316 44.0874 2.5
      vertex 31.2361 44.1958 4
      vertex 30.8316 44.0874 4
    endloop
  endfacet
  facet normal 0.258851 -0.965917 0
    outer loop
      vertex 31.2361 44.1958 4
      vertex 30.8316 44.0874 2.5
      vertex 31.2361 44.1958 2.5
    endloop
  endfacet
  facet normal 0.933592 0.358339 0
    outer loop
      vertex 33.8042 49.2361 4
      vertex 33.6542 49.6269 2.5
      vertex 33.6542 49.6269 4
    endloop
  endfacet
  facet normal 0.933592 0.358339 0
    outer loop
      vertex 33.6542 49.6269 2.5
      vertex 33.8042 49.2361 4
      vertex 33.8042 49.2361 2.5
    endloop
  endfacet
  facet normal 0.838678 -0.544627 0
    outer loop
      vertex 33.2361 45.6489 4
      vertex 33.4641 46 2.5
      vertex 33.4641 46 4
    endloop
  endfacet
  facet normal 0.838678 -0.544627 0
    outer loop
      vertex 33.4641 46 2.5
      vertex 33.2361 45.6489 4
      vertex 33.2361 45.6489 2.5
    endloop
  endfacet
  facet normal 0.89101 -0.453983 0
    outer loop
      vertex 33.4641 46 4
      vertex 33.6542 46.3731 2.5
      vertex 33.6542 46.3731 4
    endloop
  endfacet
  facet normal 0.89101 -0.453983 0
    outer loop
      vertex 33.6542 46.3731 2.5
      vertex 33.4641 46 4
      vertex 33.4641 46 2.5
    endloop
  endfacet
  facet normal -0.358339 0.933592 0
    outer loop
      vertex 28.7639 51.8042 2.5
      vertex 28.3731 51.6542 4
      vertex 28.7639 51.8042 4
    endloop
  endfacet
  facet normal -0.358339 0.933592 0
    outer loop
      vertex 28.3731 51.6542 4
      vertex 28.7639 51.8042 2.5
      vertex 28.3731 51.6542 2.5
    endloop
  endfacet
  facet normal -0.89101 0.453983 0
    outer loop
      vertex 26.3458 49.6269 2.5
      vertex 26.5359 50 4
      vertex 26.5359 50 2.5
    endloop
  endfacet
  facet normal -0.89101 0.453983 0
    outer loop
      vertex 26.5359 50 4
      vertex 26.3458 49.6269 2.5
      vertex 26.3458 49.6269 4
    endloop
  endfacet
  facet normal -0.453983 -0.89101 0
    outer loop
      vertex 28 44.5359 2.5
      vertex 28.3731 44.3458 4
      vertex 28 44.5359 4
    endloop
  endfacet
  facet normal -0.453983 -0.89101 -0
    outer loop
      vertex 28.3731 44.3458 4
      vertex 28 44.5359 2.5
      vertex 28.3731 44.3458 2.5
    endloop
  endfacet
  facet normal 0.89101 0.453983 0
    outer loop
      vertex 33.6542 49.6269 4
      vertex 33.4641 50 2.5
      vertex 33.4641 50 4
    endloop
  endfacet
  facet normal 0.89101 0.453983 0
    outer loop
      vertex 33.4641 50 2.5
      vertex 33.6542 49.6269 4
      vertex 33.6542 49.6269 2.5
    endloop
  endfacet
  facet normal -0.629315 0.77715 0
    outer loop
      vertex 27.6489 51.2361 2.5
      vertex 27.3235 50.9726 4
      vertex 27.6489 51.2361 4
    endloop
  endfacet
  facet normal -0.629315 0.77715 0
    outer loop
      vertex 27.3235 50.9726 4
      vertex 27.6489 51.2361 2.5
      vertex 27.3235 50.9726 2.5
    endloop
  endfacet
  facet normal 0.838678 0.544627 0
    outer loop
      vertex 33.4641 50 4
      vertex 33.2361 50.3511 2.5
      vertex 33.2361 50.3511 4
    endloop
  endfacet
  facet normal 0.838678 0.544627 0
    outer loop
      vertex 33.2361 50.3511 2.5
      vertex 33.4641 50 4
      vertex 33.4641 50 2.5
    endloop
  endfacet
  facet normal -0.156453 -0.987685 0
    outer loop
      vertex 29.1684 44.0874 2.5
      vertex 29.5819 44.0219 4
      vertex 29.1684 44.0874 4
    endloop
  endfacet
  facet normal -0.156453 -0.987685 -0
    outer loop
      vertex 29.5819 44.0219 4
      vertex 29.1684 44.0874 2.5
      vertex 29.5819 44.0219 2.5
    endloop
  endfacet
  facet normal -0.453983 0.89101 0
    outer loop
      vertex 28.3731 51.6542 2.5
      vertex 28 51.4641 4
      vertex 28.3731 51.6542 4
    endloop
  endfacet
  facet normal -0.453983 0.89101 0
    outer loop
      vertex 28 51.4641 4
      vertex 28.3731 51.6542 2.5
      vertex 28 51.4641 2.5
    endloop
  endfacet
  facet normal -0.629315 -0.77715 0
    outer loop
      vertex 27.3235 45.0274 2.5
      vertex 27.6489 44.7639 4
      vertex 27.3235 45.0274 4
    endloop
  endfacet
  facet normal -0.629315 -0.77715 -0
    outer loop
      vertex 27.6489 44.7639 4
      vertex 27.3235 45.0274 2.5
      vertex 27.6489 44.7639 2.5
    endloop
  endfacet
  facet normal -0.77715 0.629315 0
    outer loop
      vertex 26.7639 50.3511 2.5
      vertex 27.0274 50.6765 4
      vertex 27.0274 50.6765 2.5
    endloop
  endfacet
  facet normal -0.77715 0.629315 0
    outer loop
      vertex 27.0274 50.6765 4
      vertex 26.7639 50.3511 2.5
      vertex 26.7639 50.3511 4
    endloop
  endfacet
  facet normal -0.544627 -0.838678 0
    outer loop
      vertex 27.6489 44.7639 2.5
      vertex 28 44.5359 4
      vertex 27.6489 44.7639 4
    endloop
  endfacet
  facet normal -0.544627 -0.838678 -0
    outer loop
      vertex 28 44.5359 4
      vertex 27.6489 44.7639 2.5
      vertex 28 44.5359 2.5
    endloop
  endfacet
  facet normal 0.156453 0.987685 -0
    outer loop
      vertex 30.8316 51.9126 2.5
      vertex 30.4181 51.9781 4
      vertex 30.8316 51.9126 4
    endloop
  endfacet
  facet normal 0.156453 0.987685 0
    outer loop
      vertex 30.4181 51.9781 4
      vertex 30.8316 51.9126 2.5
      vertex 30.4181 51.9781 2.5
    endloop
  endfacet
  facet normal 0.629315 0.77715 -0
    outer loop
      vertex 32.6765 50.9726 2.5
      vertex 32.3511 51.2361 4
      vertex 32.6765 50.9726 4
    endloop
  endfacet
  facet normal 0.629315 0.77715 0
    outer loop
      vertex 32.3511 51.2361 4
      vertex 32.6765 50.9726 2.5
      vertex 32.3511 51.2361 2.5
    endloop
  endfacet
  facet normal 0.0523081 0.998631 -0
    outer loop
      vertex 30.4181 51.9781 2.5
      vertex 30 52 4
      vertex 30.4181 51.9781 4
    endloop
  endfacet
  facet normal 0.0523081 0.998631 0
    outer loop
      vertex 30 52 4
      vertex 30.4181 51.9781 2.5
      vertex 30 52 2.5
    endloop
  endfacet
  facet normal 0.258851 0.965917 -0
    outer loop
      vertex 31.2361 51.8042 2.5
      vertex 30.8316 51.9126 4
      vertex 31.2361 51.8042 4
    endloop
  endfacet
  facet normal 0.258851 0.965917 0
    outer loop
      vertex 30.8316 51.9126 4
      vertex 31.2361 51.8042 2.5
      vertex 30.8316 51.9126 2.5
    endloop
  endfacet
  facet normal -0.707107 -0.707107 0
    outer loop
      vertex 27.3235 45.0274 2.5
      vertex 27.0274 45.3235 4
      vertex 27.0274 45.3235 2.5
    endloop
  endfacet
  facet normal -0.707107 -0.707107 0
    outer loop
      vertex 27.0274 45.3235 4
      vertex 27.3235 45.0274 2.5
      vertex 27.3235 45.0274 4
    endloop
  endfacet
  facet normal -0.965917 -0.258851 0
    outer loop
      vertex 26.1958 46.7639 2.5
      vertex 26.0874 47.1684 4
      vertex 26.0874 47.1684 2.5
    endloop
  endfacet
  facet normal -0.965917 -0.258851 0
    outer loop
      vertex 26.0874 47.1684 4
      vertex 26.1958 46.7639 2.5
      vertex 26.1958 46.7639 4
    endloop
  endfacet
  facet normal -0.358339 -0.933592 0
    outer loop
      vertex 28.3731 44.3458 2.5
      vertex 28.7639 44.1958 4
      vertex 28.3731 44.3458 4
    endloop
  endfacet
  facet normal -0.358339 -0.933592 -0
    outer loop
      vertex 28.7639 44.1958 4
      vertex 28.3731 44.3458 2.5
      vertex 28.7639 44.1958 2.5
    endloop
  endfacet
  facet normal 0.0523081 -0.998631 0
    outer loop
      vertex 30 44 2.5
      vertex 30.4181 44.0219 4
      vertex 30 44 4
    endloop
  endfacet
  facet normal 0.0523081 -0.998631 0
    outer loop
      vertex 30.4181 44.0219 4
      vertex 30 44 2.5
      vertex 30.4181 44.0219 2.5
    endloop
  endfacet
  facet normal -0.0523081 -0.998631 0
    outer loop
      vertex 29.5819 44.0219 2.5
      vertex 30 44 4
      vertex 29.5819 44.0219 4
    endloop
  endfacet
  facet normal -0.0523081 -0.998631 -0
    outer loop
      vertex 30 44 4
      vertex 29.5819 44.0219 2.5
      vertex 30 44 2.5
    endloop
  endfacet
  facet normal -0.77715 -0.629315 0
    outer loop
      vertex 27.0274 45.3235 2.5
      vertex 26.7639 45.6489 4
      vertex 26.7639 45.6489 2.5
    endloop
  endfacet
  facet normal -0.77715 -0.629315 0
    outer loop
      vertex 26.7639 45.6489 4
      vertex 27.0274 45.3235 2.5
      vertex 27.0274 45.3235 4
    endloop
  endfacet
  facet normal -0.998631 0.0523081 0
    outer loop
      vertex 26 48 2.5
      vertex 26.0219 48.4181 4
      vertex 26.0219 48.4181 2.5
    endloop
  endfacet
  facet normal -0.998631 0.0523081 0
    outer loop
      vertex 26.0219 48.4181 4
      vertex 26 48 2.5
      vertex 26 48 4
    endloop
  endfacet
  facet normal 0.77715 -0.629315 0
    outer loop
      vertex 32.9726 45.3235 4
      vertex 33.2361 45.6489 2.5
      vertex 33.2361 45.6489 4
    endloop
  endfacet
  facet normal 0.77715 -0.629315 0
    outer loop
      vertex 33.2361 45.6489 2.5
      vertex 32.9726 45.3235 4
      vertex 32.9726 45.3235 2.5
    endloop
  endfacet
  facet normal -0.258851 0.965917 0
    outer loop
      vertex 69.1684 43.9126 2.5
      vertex 68.7639 43.8042 4
      vertex 69.1684 43.9126 4
    endloop
  endfacet
  facet normal -0.258851 0.965917 0
    outer loop
      vertex 68.7639 43.8042 4
      vertex 69.1684 43.9126 2.5
      vertex 68.7639 43.8042 2.5
    endloop
  endfacet
  facet normal 0.358339 -0.933592 0
    outer loop
      vertex 71.2361 36.1958 2.5
      vertex 71.6269 36.3458 4
      vertex 71.2361 36.1958 4
    endloop
  endfacet
  facet normal 0.358339 -0.933592 0
    outer loop
      vertex 71.6269 36.3458 4
      vertex 71.2361 36.1958 2.5
      vertex 71.6269 36.3458 2.5
    endloop
  endfacet
  facet normal 0.987685 0.156453 0
    outer loop
      vertex 73.9781 40.4181 4
      vertex 73.9126 40.8316 2.5
      vertex 73.9126 40.8316 4
    endloop
  endfacet
  facet normal 0.987685 0.156453 0
    outer loop
      vertex 73.9126 40.8316 2.5
      vertex 73.9781 40.4181 4
      vertex 73.9781 40.4181 2.5
    endloop
  endfacet
  facet normal 0.838678 -0.544627 0
    outer loop
      vertex 73.2361 37.6489 4
      vertex 73.4641 38 2.5
      vertex 73.4641 38 4
    endloop
  endfacet
  facet normal 0.838678 -0.544627 0
    outer loop
      vertex 73.4641 38 2.5
      vertex 73.2361 37.6489 4
      vertex 73.2361 37.6489 2.5
    endloop
  endfacet
  facet normal 0.629315 -0.77715 0
    outer loop
      vertex 72.3511 36.7639 2.5
      vertex 72.6765 37.0274 4
      vertex 72.3511 36.7639 4
    endloop
  endfacet
  facet normal 0.629315 -0.77715 0
    outer loop
      vertex 72.6765 37.0274 4
      vertex 72.3511 36.7639 2.5
      vertex 72.6765 37.0274 2.5
    endloop
  endfacet
  facet normal 0.0523081 0.998631 -0
    outer loop
      vertex 70.4181 43.9781 2.5
      vertex 70 44 4
      vertex 70.4181 43.9781 4
    endloop
  endfacet
  facet normal 0.0523081 0.998631 0
    outer loop
      vertex 70 44 4
      vertex 70.4181 43.9781 2.5
      vertex 70 44 2.5
    endloop
  endfacet
  facet normal -0.156453 0.987685 0
    outer loop
      vertex 69.5819 43.9781 2.5
      vertex 69.1684 43.9126 4
      vertex 69.5819 43.9781 4
    endloop
  endfacet
  facet normal -0.156453 0.987685 0
    outer loop
      vertex 69.1684 43.9126 4
      vertex 69.5819 43.9781 2.5
      vertex 69.1684 43.9126 2.5
    endloop
  endfacet
  facet normal -0.453983 0.89101 0
    outer loop
      vertex 68.3731 43.6542 2.5
      vertex 68 43.4641 4
      vertex 68.3731 43.6542 4
    endloop
  endfacet
  facet normal -0.453983 0.89101 0
    outer loop
      vertex 68 43.4641 4
      vertex 68.3731 43.6542 2.5
      vertex 68 43.4641 2.5
    endloop
  endfacet
  facet normal -0.77715 -0.629315 0
    outer loop
      vertex 67.0274 37.3235 2.5
      vertex 66.7639 37.6489 4
      vertex 66.7639 37.6489 2.5
    endloop
  endfacet
  facet normal -0.77715 -0.629315 0
    outer loop
      vertex 66.7639 37.6489 4
      vertex 67.0274 37.3235 2.5
      vertex 67.0274 37.3235 4
    endloop
  endfacet
  facet normal -0.707107 0.707107 0
    outer loop
      vertex 67.0274 42.6765 2.5
      vertex 67.3235 42.9726 4
      vertex 67.3235 42.9726 2.5
    endloop
  endfacet
  facet normal -0.707107 0.707107 0
    outer loop
      vertex 67.3235 42.9726 4
      vertex 67.0274 42.6765 2.5
      vertex 67.0274 42.6765 4
    endloop
  endfacet
  facet normal -0.933592 0.358339 0
    outer loop
      vertex 66.1958 41.2361 2.5
      vertex 66.3458 41.6269 4
      vertex 66.3458 41.6269 2.5
    endloop
  endfacet
  facet normal -0.933592 0.358339 0
    outer loop
      vertex 66.3458 41.6269 4
      vertex 66.1958 41.2361 2.5
      vertex 66.1958 41.2361 4
    endloop
  endfacet
  facet normal -0.453983 -0.89101 0
    outer loop
      vertex 68 36.5359 2.5
      vertex 68.3731 36.3458 4
      vertex 68 36.5359 4
    endloop
  endfacet
  facet normal -0.453983 -0.89101 -0
    outer loop
      vertex 68.3731 36.3458 4
      vertex 68 36.5359 2.5
      vertex 68.3731 36.3458 2.5
    endloop
  endfacet
  facet normal 0.933592 0.358339 0
    outer loop
      vertex 73.8042 41.2361 4
      vertex 73.6542 41.6269 2.5
      vertex 73.6542 41.6269 4
    endloop
  endfacet
  facet normal 0.933592 0.358339 0
    outer loop
      vertex 73.6542 41.6269 2.5
      vertex 73.8042 41.2361 4
      vertex 73.8042 41.2361 2.5
    endloop
  endfacet
  facet normal 0.987685 -0.156453 0
    outer loop
      vertex 73.9126 39.1684 4
      vertex 73.9781 39.5819 2.5
      vertex 73.9781 39.5819 4
    endloop
  endfacet
  facet normal 0.987685 -0.156453 0
    outer loop
      vertex 73.9781 39.5819 2.5
      vertex 73.9126 39.1684 4
      vertex 73.9126 39.1684 2.5
    endloop
  endfacet
  facet normal 0.629315 0.77715 -0
    outer loop
      vertex 72.6765 42.9726 2.5
      vertex 72.3511 43.2361 4
      vertex 72.6765 42.9726 4
    endloop
  endfacet
  facet normal 0.629315 0.77715 0
    outer loop
      vertex 72.3511 43.2361 4
      vertex 72.6765 42.9726 2.5
      vertex 72.3511 43.2361 2.5
    endloop
  endfacet
  facet normal -0.0523081 -0.998631 0
    outer loop
      vertex 69.5819 36.0219 2.5
      vertex 70 36 4
      vertex 69.5819 36.0219 4
    endloop
  endfacet
  facet normal -0.0523081 -0.998631 -0
    outer loop
      vertex 70 36 4
      vertex 69.5819 36.0219 2.5
      vertex 70 36 2.5
    endloop
  endfacet
  facet normal 0.933592 -0.358339 0
    outer loop
      vertex 73.6542 38.3731 4
      vertex 73.8042 38.7639 2.5
      vertex 73.8042 38.7639 4
    endloop
  endfacet
  facet normal 0.933592 -0.358339 0
    outer loop
      vertex 73.8042 38.7639 2.5
      vertex 73.6542 38.3731 4
      vertex 73.6542 38.3731 2.5
    endloop
  endfacet
  facet normal 0.998631 0.0523081 0
    outer loop
      vertex 74 40 4
      vertex 73.9781 40.4181 2.5
      vertex 73.9781 40.4181 4
    endloop
  endfacet
  facet normal 0.998631 0.0523081 0
    outer loop
      vertex 73.9781 40.4181 2.5
      vertex 74 40 4
      vertex 74 40 2.5
    endloop
  endfacet
  facet normal -0.0523081 0.998631 0
    outer loop
      vertex 70 44 2.5
      vertex 69.5819 43.9781 4
      vertex 70 44 4
    endloop
  endfacet
  facet normal -0.0523081 0.998631 0
    outer loop
      vertex 69.5819 43.9781 4
      vertex 70 44 2.5
      vertex 69.5819 43.9781 2.5
    endloop
  endfacet
  facet normal -0.89101 -0.453983 0
    outer loop
      vertex 66.5359 38 2.5
      vertex 66.3458 38.3731 4
      vertex 66.3458 38.3731 2.5
    endloop
  endfacet
  facet normal -0.89101 -0.453983 0
    outer loop
      vertex 66.3458 38.3731 4
      vertex 66.5359 38 2.5
      vertex 66.5359 38 4
    endloop
  endfacet
  facet normal 0.965917 0.258851 0
    outer loop
      vertex 73.9126 40.8316 4
      vertex 73.8042 41.2361 2.5
      vertex 73.8042 41.2361 4
    endloop
  endfacet
  facet normal 0.965917 0.258851 0
    outer loop
      vertex 73.8042 41.2361 2.5
      vertex 73.9126 40.8316 4
      vertex 73.9126 40.8316 2.5
    endloop
  endfacet
  facet normal -0.156453 -0.987685 0
    outer loop
      vertex 69.1684 36.0874 2.5
      vertex 69.5819 36.0219 4
      vertex 69.1684 36.0874 4
    endloop
  endfacet
  facet normal -0.156453 -0.987685 -0
    outer loop
      vertex 69.5819 36.0219 4
      vertex 69.1684 36.0874 2.5
      vertex 69.5819 36.0219 2.5
    endloop
  endfacet
  facet normal 0.0523081 -0.998631 0
    outer loop
      vertex 70 36 2.5
      vertex 70.4181 36.0219 4
      vertex 70 36 4
    endloop
  endfacet
  facet normal 0.0523081 -0.998631 0
    outer loop
      vertex 70.4181 36.0219 4
      vertex 70 36 2.5
      vertex 70.4181 36.0219 2.5
    endloop
  endfacet
  facet normal -0.544627 -0.838678 0
    outer loop
      vertex 67.6489 36.7639 2.5
      vertex 68 36.5359 4
      vertex 67.6489 36.7639 4
    endloop
  endfacet
  facet normal -0.544627 -0.838678 -0
    outer loop
      vertex 68 36.5359 4
      vertex 67.6489 36.7639 2.5
      vertex 68 36.5359 2.5
    endloop
  endfacet
  facet normal -0.77715 0.629315 0
    outer loop
      vertex 66.7639 42.3511 2.5
      vertex 67.0274 42.6765 4
      vertex 67.0274 42.6765 2.5
    endloop
  endfacet
  facet normal -0.77715 0.629315 0
    outer loop
      vertex 67.0274 42.6765 4
      vertex 66.7639 42.3511 2.5
      vertex 66.7639 42.3511 4
    endloop
  endfacet
  facet normal 0.89101 0.453983 0
    outer loop
      vertex 73.6542 41.6269 4
      vertex 73.4641 42 2.5
      vertex 73.4641 42 4
    endloop
  endfacet
  facet normal 0.89101 0.453983 0
    outer loop
      vertex 73.4641 42 2.5
      vertex 73.6542 41.6269 4
      vertex 73.6542 41.6269 2.5
    endloop
  endfacet
  facet normal 0.707107 0.707107 0
    outer loop
      vertex 72.9726 42.6765 4
      vertex 72.6765 42.9726 2.5
      vertex 72.6765 42.9726 4
    endloop
  endfacet
  facet normal 0.707107 0.707107 0
    outer loop
      vertex 72.6765 42.9726 2.5
      vertex 72.9726 42.6765 4
      vertex 72.9726 42.6765 2.5
    endloop
  endfacet
  facet normal 0.358339 0.933592 -0
    outer loop
      vertex 71.6269 43.6542 2.5
      vertex 71.2361 43.8042 4
      vertex 71.6269 43.6542 4
    endloop
  endfacet
  facet normal 0.358339 0.933592 0
    outer loop
      vertex 71.2361 43.8042 4
      vertex 71.6269 43.6542 2.5
      vertex 71.2361 43.8042 2.5
    endloop
  endfacet
  facet normal 0.258851 -0.965917 0
    outer loop
      vertex 70.8316 36.0874 2.5
      vertex 71.2361 36.1958 4
      vertex 70.8316 36.0874 4
    endloop
  endfacet
  facet normal 0.258851 -0.965917 0
    outer loop
      vertex 71.2361 36.1958 4
      vertex 70.8316 36.0874 2.5
      vertex 71.2361 36.1958 2.5
    endloop
  endfacet
  facet normal 0.998631 -0.0523081 0
    outer loop
      vertex 73.9781 39.5819 4
      vertex 74 40 2.5
      vertex 74 40 4
    endloop
  endfacet
  facet normal 0.998631 -0.0523081 0
    outer loop
      vertex 74 40 2.5
      vertex 73.9781 39.5819 4
      vertex 73.9781 39.5819 2.5
    endloop
  endfacet
  facet normal 0.453983 0.89101 -0
    outer loop
      vertex 72 43.4641 2.5
      vertex 71.6269 43.6542 4
      vertex 72 43.4641 4
    endloop
  endfacet
  facet normal 0.453983 0.89101 0
    outer loop
      vertex 71.6269 43.6542 4
      vertex 72 43.4641 2.5
      vertex 71.6269 43.6542 2.5
    endloop
  endfacet
  facet normal -0.838678 0.544627 0
    outer loop
      vertex 66.5359 42 2.5
      vertex 66.7639 42.3511 4
      vertex 66.7639 42.3511 2.5
    endloop
  endfacet
  facet normal -0.838678 0.544627 0
    outer loop
      vertex 66.7639 42.3511 4
      vertex 66.5359 42 2.5
      vertex 66.5359 42 4
    endloop
  endfacet
  facet normal -0.965917 0.258851 0
    outer loop
      vertex 66.0874 40.8316 2.5
      vertex 66.1958 41.2361 4
      vertex 66.1958 41.2361 2.5
    endloop
  endfacet
  facet normal -0.965917 0.258851 0
    outer loop
      vertex 66.1958 41.2361 4
      vertex 66.0874 40.8316 2.5
      vertex 66.0874 40.8316 4
    endloop
  endfacet
  facet normal -0.998631 -0.0523081 0
    outer loop
      vertex 66.0219 39.5819 2.5
      vertex 66 40 4
      vertex 66 40 2.5
    endloop
  endfacet
  facet normal -0.998631 -0.0523081 0
    outer loop
      vertex 66 40 4
      vertex 66.0219 39.5819 2.5
      vertex 66.0219 39.5819 4
    endloop
  endfacet
  facet normal -0.987685 -0.156453 0
    outer loop
      vertex 66.0874 39.1684 2.5
      vertex 66.0219 39.5819 4
      vertex 66.0219 39.5819 2.5
    endloop
  endfacet
  facet normal -0.987685 -0.156453 0
    outer loop
      vertex 66.0219 39.5819 4
      vertex 66.0874 39.1684 2.5
      vertex 66.0874 39.1684 4
    endloop
  endfacet
  facet normal 0.156453 -0.987685 0
    outer loop
      vertex 70.4181 36.0219 2.5
      vertex 70.8316 36.0874 4
      vertex 70.4181 36.0219 4
    endloop
  endfacet
  facet normal 0.156453 -0.987685 0
    outer loop
      vertex 70.8316 36.0874 4
      vertex 70.4181 36.0219 2.5
      vertex 70.8316 36.0874 2.5
    endloop
  endfacet
  facet normal 0.89101 -0.453983 0
    outer loop
      vertex 73.4641 38 4
      vertex 73.6542 38.3731 2.5
      vertex 73.6542 38.3731 4
    endloop
  endfacet
  facet normal 0.89101 -0.453983 0
    outer loop
      vertex 73.6542 38.3731 2.5
      vertex 73.4641 38 4
      vertex 73.4641 38 2.5
    endloop
  endfacet
  facet normal -0.707107 -0.707107 0
    outer loop
      vertex 67.3235 37.0274 2.5
      vertex 67.0274 37.3235 4
      vertex 67.0274 37.3235 2.5
    endloop
  endfacet
  facet normal -0.707107 -0.707107 0
    outer loop
      vertex 67.0274 37.3235 4
      vertex 67.3235 37.0274 2.5
      vertex 67.3235 37.0274 4
    endloop
  endfacet
  facet normal 0.77715 0.629315 0
    outer loop
      vertex 73.2361 42.3511 4
      vertex 72.9726 42.6765 2.5
      vertex 72.9726 42.6765 4
    endloop
  endfacet
  facet normal 0.77715 0.629315 0
    outer loop
      vertex 72.9726 42.6765 2.5
      vertex 73.2361 42.3511 4
      vertex 73.2361 42.3511 2.5
    endloop
  endfacet
  facet normal -0.998631 0.0523081 0
    outer loop
      vertex 66 40 2.5
      vertex 66.0219 40.4181 4
      vertex 66.0219 40.4181 2.5
    endloop
  endfacet
  facet normal -0.998631 0.0523081 0
    outer loop
      vertex 66.0219 40.4181 4
      vertex 66 40 2.5
      vertex 66 40 4
    endloop
  endfacet
  facet normal 0.965917 -0.258851 0
    outer loop
      vertex 73.8042 38.7639 4
      vertex 73.9126 39.1684 2.5
      vertex 73.9126 39.1684 4
    endloop
  endfacet
  facet normal 0.965917 -0.258851 0
    outer loop
      vertex 73.9126 39.1684 2.5
      vertex 73.8042 38.7639 4
      vertex 73.8042 38.7639 2.5
    endloop
  endfacet
  facet normal 0.838678 0.544627 0
    outer loop
      vertex 73.4641 42 4
      vertex 73.2361 42.3511 2.5
      vertex 73.2361 42.3511 4
    endloop
  endfacet
  facet normal 0.838678 0.544627 0
    outer loop
      vertex 73.2361 42.3511 2.5
      vertex 73.4641 42 4
      vertex 73.4641 42 2.5
    endloop
  endfacet
  facet normal -0.838678 -0.544627 0
    outer loop
      vertex 66.7639 37.6489 2.5
      vertex 66.5359 38 4
      vertex 66.5359 38 2.5
    endloop
  endfacet
  facet normal -0.838678 -0.544627 0
    outer loop
      vertex 66.5359 38 4
      vertex 66.7639 37.6489 2.5
      vertex 66.7639 37.6489 4
    endloop
  endfacet
  facet normal 0.544627 0.838678 -0
    outer loop
      vertex 72.3511 43.2361 2.5
      vertex 72 43.4641 4
      vertex 72.3511 43.2361 4
    endloop
  endfacet
  facet normal 0.544627 0.838678 0
    outer loop
      vertex 72 43.4641 4
      vertex 72.3511 43.2361 2.5
      vertex 72 43.4641 2.5
    endloop
  endfacet
  facet normal 0.707107 -0.707107 0
    outer loop
      vertex 72.6765 37.0274 4
      vertex 72.9726 37.3235 2.5
      vertex 72.9726 37.3235 4
    endloop
  endfacet
  facet normal 0.707107 -0.707107 0
    outer loop
      vertex 72.9726 37.3235 2.5
      vertex 72.6765 37.0274 4
      vertex 72.6765 37.0274 2.5
    endloop
  endfacet
  facet normal -0.629315 -0.77715 0
    outer loop
      vertex 67.3235 37.0274 2.5
      vertex 67.6489 36.7639 4
      vertex 67.3235 37.0274 4
    endloop
  endfacet
  facet normal -0.629315 -0.77715 -0
    outer loop
      vertex 67.6489 36.7639 4
      vertex 67.3235 37.0274 2.5
      vertex 67.6489 36.7639 2.5
    endloop
  endfacet
  facet normal -0.258851 -0.965917 0
    outer loop
      vertex 68.7639 36.1958 2.5
      vertex 69.1684 36.0874 4
      vertex 68.7639 36.1958 4
    endloop
  endfacet
  facet normal -0.258851 -0.965917 -0
    outer loop
      vertex 69.1684 36.0874 4
      vertex 68.7639 36.1958 2.5
      vertex 69.1684 36.0874 2.5
    endloop
  endfacet
  facet normal -0.933592 -0.358339 0
    outer loop
      vertex 66.3458 38.3731 2.5
      vertex 66.1958 38.7639 4
      vertex 66.1958 38.7639 2.5
    endloop
  endfacet
  facet normal -0.933592 -0.358339 0
    outer loop
      vertex 66.1958 38.7639 4
      vertex 66.3458 38.3731 2.5
      vertex 66.3458 38.3731 4
    endloop
  endfacet
  facet normal 0 0 1
    outer loop
      vertex 73.9781 40.4181 4
      vertex 73.9781 39.5819 4
      vertex 74 40 4
    endloop
  endfacet
  facet normal 0 0 1
    outer loop
      vertex 73.9126 40.8316 4
      vertex 73.9781 39.5819 4
      vertex 73.9781 40.4181 4
    endloop
  endfacet
  facet normal 0 0 1
    outer loop
      vertex 73.9126 40.8316 4
      vertex 73.9126 39.1684 4
      vertex 73.9781 39.5819 4
    endloop
  endfacet
  facet normal 0 0 1
    outer loop
      vertex 73.8042 41.2361 4
      vertex 73.9126 39.1684 4
      vertex 73.9126 40.8316 4
    endloop
  endfacet
  facet normal 0 0 1
    outer loop
      vertex 73.8042 41.2361 4
      vertex 73.8042 38.7639 4
      vertex 73.9126 39.1684 4
    endloop
  endfacet
  facet normal 0 0 1
    outer loop
      vertex 73.6542 41.6269 4
      vertex 73.8042 38.7639 4
      vertex 73.8042 41.2361 4
    endloop
  endfacet
  facet normal 0 0 1
    outer loop
      vertex 73.6542 41.6269 4
      vertex 73.6542 38.3731 4
      vertex 73.8042 38.7639 4
    endloop
  endfacet
  facet normal 0 0 1
    outer loop
      vertex 73.4641 42 4
      vertex 73.6542 38.3731 4
      vertex 73.6542 41.6269 4
    endloop
  endfacet
  facet normal 0 0 1
    outer loop
      vertex 73.4641 42 4
      vertex 73.4641 38 4
      vertex 73.6542 38.3731 4
    endloop
  endfacet
  facet normal 0 0 1
    outer loop
      vertex 73.2361 42.3511 4
      vertex 73.4641 38 4
      vertex 73.4641 42 4
    endloop
  endfacet
  facet normal 0 0 1
    outer loop
      vertex 73.2361 42.3511 4
      vertex 73.2361 37.6489 4
      vertex 73.4641 38 4
    endloop
  endfacet
  facet normal 0 0 1
    outer loop
      vertex 72.9726 42.6765 4
      vertex 73.2361 37.6489 4
      vertex 73.2361 42.3511 4
    endloop
  endfacet
  facet normal 0 0 1
    outer loop
      vertex 72.9726 42.6765 4
      vertex 72.9726 37.3235 4
      vertex 73.2361 37.6489 4
    endloop
  endfacet
  facet normal 0 0 1
    outer loop
      vertex 72.6765 42.9726 4
      vertex 72.9726 37.3235 4
      vertex 72.9726 42.6765 4
    endloop
  endfacet
  facet normal 0 0 1
    outer loop
      vertex 72.6765 42.9726 4
      vertex 72.6765 37.0274 4
      vertex 72.9726 37.3235 4
    endloop
  endfacet
  facet normal 0 0 1
    outer loop
      vertex 72.3511 43.2361 4
      vertex 72.6765 37.0274 4
      vertex 72.6765 42.9726 4
    endloop
  endfacet
  facet normal 0 0 1
    outer loop
      vertex 72.3511 43.2361 4
      vertex 72.3511 36.7639 4
      vertex 72.6765 37.0274 4
    endloop
  endfacet
  facet normal 0 0 1
    outer loop
      vertex 72 43.4641 4
      vertex 72.3511 36.7639 4
      vertex 72.3511 43.2361 4
    endloop
  endfacet
  facet normal 0 0 1
    outer loop
      vertex 72 43.4641 4
      vertex 72 36.5359 4
      vertex 72.3511 36.7639 4
    endloop
  endfacet
  facet normal 0 0 1
    outer loop
      vertex 71.6269 43.6542 4
      vertex 72 36.5359 4
      vertex 72 43.4641 4
    endloop
  endfacet
  facet normal 0 0 1
    outer loop
      vertex 71.6269 43.6542 4
      vertex 71.6269 36.3458 4
      vertex 72 36.5359 4
    endloop
  endfacet
  facet normal 0 0 1
    outer loop
      vertex 71.2361 43.8042 4
      vertex 71.6269 36.3458 4
      vertex 71.6269 43.6542 4
    endloop
  endfacet
  facet normal 0 0 1
    outer loop
      vertex 71.2361 43.8042 4
      vertex 71.2361 36.1958 4
      vertex 71.6269 36.3458 4
    endloop
  endfacet
  facet normal 0 0 1
    outer loop
      vertex 70.8316 43.9126 4
      vertex 71.2361 36.1958 4
      vertex 71.2361 43.8042 4
    endloop
  endfacet
  facet normal 0 0 1
    outer loop
      vertex 70.8316 43.9126 4
      vertex 70.8316 36.0874 4
      vertex 71.2361 36.1958 4
    endloop
  endfacet
  facet normal 0 0 1
    outer loop
      vertex 70.4181 43.9781 4
      vertex 70.8316 36.0874 4
      vertex 70.8316 43.9126 4
    endloop
  endfacet
  facet normal 0 0 1
    outer loop
      vertex 70.4181 43.9781 4
      vertex 70.4181 36.0219 4
      vertex 70.8316 36.0874 4
    endloop
  endfacet
  facet normal 0 0 1
    outer loop
      vertex 70 44 4
      vertex 70.4181 36.0219 4
      vertex 70.4181 43.9781 4
    endloop
  endfacet
  facet normal 0 0 1
    outer loop
      vertex 70 44 4
      vertex 70 36 4
      vertex 70.4181 36.0219 4
    endloop
  endfacet
  facet normal -0 0 1
    outer loop
      vertex 69.5819 43.9781 4
      vertex 70 36 4
      vertex 70 44 4
    endloop
  endfacet
  facet normal 0 0 1
    outer loop
      vertex 69.5819 43.9781 4
      vertex 69.5819 36.0219 4
      vertex 70 36 4
    endloop
  endfacet
  facet normal -0 0 1
    outer loop
      vertex 69.1684 43.9126 4
      vertex 69.5819 36.0219 4
      vertex 69.5819 43.9781 4
    endloop
  endfacet
  facet normal 0 0 1
    outer loop
      vertex 69.1684 43.9126 4
      vertex 69.1684 36.0874 4
      vertex 69.5819 36.0219 4
    endloop
  endfacet
  facet normal -0 0 1
    outer loop
      vertex 68.7639 43.8042 4
      vertex 69.1684 36.0874 4
      vertex 69.1684 43.9126 4
    endloop
  endfacet
  facet normal 0 0 1
    outer loop
      vertex 68.7639 43.8042 4
      vertex 68.7639 36.1958 4
      vertex 69.1684 36.0874 4
    endloop
  endfacet
  facet normal -0 0 1
    outer loop
      vertex 68.3731 43.6542 4
      vertex 68.7639 36.1958 4
      vertex 68.7639 43.8042 4
    endloop
  endfacet
  facet normal 0 0 1
    outer loop
      vertex 68.3731 43.6542 4
      vertex 68.3731 36.3458 4
      vertex 68.7639 36.1958 4
    endloop
  endfacet
  facet normal -0 0 1
    outer loop
      vertex 68 43.4641 4
      vertex 68.3731 36.3458 4
      vertex 68.3731 43.6542 4
    endloop
  endfacet
  facet normal 0 0 1
    outer loop
      vertex 68 43.4641 4
      vertex 68 36.5359 4
      vertex 68.3731 36.3458 4
    endloop
  endfacet
  facet normal -0 0 1
    outer loop
      vertex 67.6489 43.2361 4
      vertex 68 36.5359 4
      vertex 68 43.4641 4
    endloop
  endfacet
  facet normal 0 0 1
    outer loop
      vertex 67.6489 43.2361 4
      vertex 67.6489 36.7639 4
      vertex 68 36.5359 4
    endloop
  endfacet
  facet normal -0 0 1
    outer loop
      vertex 67.3235 42.9726 4
      vertex 67.6489 36.7639 4
      vertex 67.6489 43.2361 4
    endloop
  endfacet
  facet normal 0 0 1
    outer loop
      vertex 67.3235 42.9726 4
      vertex 67.3235 37.0274 4
      vertex 67.6489 36.7639 4
    endloop
  endfacet
  facet normal -0 0 1
    outer loop
      vertex 67.0274 42.6765 4
      vertex 67.3235 37.0274 4
      vertex 67.3235 42.9726 4
    endloop
  endfacet
  facet normal 0 0 1
    outer loop
      vertex 67.0274 42.6765 4
      vertex 67.0274 37.3235 4
      vertex 67.3235 37.0274 4
    endloop
  endfacet
  facet normal -0 0 1
    outer loop
      vertex 66.7639 42.3511 4
      vertex 67.0274 37.3235 4
      vertex 67.0274 42.6765 4
    endloop
  endfacet
  facet normal 0 0 1
    outer loop
      vertex 66.7639 42.3511 4
      vertex 66.7639 37.6489 4
      vertex 67.0274 37.3235 4
    endloop
  endfacet
  facet normal -0 0 1
    outer loop
      vertex 66.5359 42 4
      vertex 66.7639 37.6489 4
      vertex 66.7639 42.3511 4
    endloop
  endfacet
  facet normal 0 0 1
    outer loop
      vertex 66.5359 42 4
      vertex 66.5359 38 4
      vertex 66.7639 37.6489 4
    endloop
  endfacet
  facet normal -0 0 1
    outer loop
      vertex 66.3458 41.6269 4
      vertex 66.5359 38 4
      vertex 66.5359 42 4
    endloop
  endfacet
  facet normal 0 0 1
    outer loop
      vertex 66.3458 41.6269 4
      vertex 66.3458 38.3731 4
      vertex 66.5359 38 4
    endloop
  endfacet
  facet normal -0 0 1
    outer loop
      vertex 66.1958 41.2361 4
      vertex 66.3458 38.3731 4
      vertex 66.3458 41.6269 4
    endloop
  endfacet
  facet normal 0 0 1
    outer loop
      vertex 66.1958 41.2361 4
      vertex 66.1958 38.7639 4
      vertex 66.3458 38.3731 4
    endloop
  endfacet
  facet normal -0 0 1
    outer loop
      vertex 66.0874 40.8316 4
      vertex 66.1958 38.7639 4
      vertex 66.1958 41.2361 4
    endloop
  endfacet
  facet normal 0 0 1
    outer loop
      vertex 66.0874 40.8316 4
      vertex 66.0874 39.1684 4
      vertex 66.1958 38.7639 4
    endloop
  endfacet
  facet normal -0 0 1
    outer loop
      vertex 66.0219 40.4181 4
      vertex 66.0874 39.1684 4
      vertex 66.0874 40.8316 4
    endloop
  endfacet
  facet normal 0 0 1
    outer loop
      vertex 66.0219 40.4181 4
      vertex 66.0219 39.5819 4
      vertex 66.0874 39.1684 4
    endloop
  endfacet
  facet normal 0 -0 1
    outer loop
      vertex 66.0219 39.5819 4
      vertex 66.0219 40.4181 4
      vertex 66 40 4
    endloop
  endfacet
  facet normal -0.987685 0.156453 0
    outer loop
      vertex 66.0219 40.4181 2.5
      vertex 66.0874 40.8316 4
      vertex 66.0874 40.8316 2.5
    endloop
  endfacet
  facet normal -0.987685 0.156453 0
    outer loop
      vertex 66.0874 40.8316 4
      vertex 66.0219 40.4181 2.5
      vertex 66.0219 40.4181 4
    endloop
  endfacet
  facet normal -0.358339 0.933592 0
    outer loop
      vertex 68.7639 43.8042 2.5
      vertex 68.3731 43.6542 4
      vertex 68.7639 43.8042 4
    endloop
  endfacet
  facet normal -0.358339 0.933592 0
    outer loop
      vertex 68.3731 43.6542 4
      vertex 68.7639 43.8042 2.5
      vertex 68.3731 43.6542 2.5
    endloop
  endfacet
  facet normal 0.258851 0.965917 -0
    outer loop
      vertex 71.2361 43.8042 2.5
      vertex 70.8316 43.9126 4
      vertex 71.2361 43.8042 4
    endloop
  endfacet
  facet normal 0.258851 0.965917 0
    outer loop
      vertex 70.8316 43.9126 4
      vertex 71.2361 43.8042 2.5
      vertex 70.8316 43.9126 2.5
    endloop
  endfacet
  facet normal 0.156453 0.987685 -0
    outer loop
      vertex 70.8316 43.9126 2.5
      vertex 70.4181 43.9781 4
      vertex 70.8316 43.9126 4
    endloop
  endfacet
  facet normal 0.156453 0.987685 0
    outer loop
      vertex 70.4181 43.9781 4
      vertex 70.8316 43.9126 2.5
      vertex 70.4181 43.9781 2.5
    endloop
  endfacet
  facet normal -0.358339 -0.933592 0
    outer loop
      vertex 68.3731 36.3458 2.5
      vertex 68.7639 36.1958 4
      vertex 68.3731 36.3458 4
    endloop
  endfacet
  facet normal -0.358339 -0.933592 -0
    outer loop
      vertex 68.7639 36.1958 4
      vertex 68.3731 36.3458 2.5
      vertex 68.7639 36.1958 2.5
    endloop
  endfacet
  facet normal 0.77715 -0.629315 0
    outer loop
      vertex 72.9726 37.3235 4
      vertex 73.2361 37.6489 2.5
      vertex 73.2361 37.6489 4
    endloop
  endfacet
  facet normal 0.77715 -0.629315 0
    outer loop
      vertex 73.2361 37.6489 2.5
      vertex 72.9726 37.3235 4
      vertex 72.9726 37.3235 2.5
    endloop
  endfacet
  facet normal -0.965917 -0.258851 0
    outer loop
      vertex 66.1958 38.7639 2.5
      vertex 66.0874 39.1684 4
      vertex 66.0874 39.1684 2.5
    endloop
  endfacet
  facet normal -0.965917 -0.258851 0
    outer loop
      vertex 66.0874 39.1684 4
      vertex 66.1958 38.7639 2.5
      vertex 66.1958 38.7639 4
    endloop
  endfacet
  facet normal 0.453983 -0.89101 0
    outer loop
      vertex 71.6269 36.3458 2.5
      vertex 72 36.5359 4
      vertex 71.6269 36.3458 4
    endloop
  endfacet
  facet normal 0.453983 -0.89101 0
    outer loop
      vertex 72 36.5359 4
      vertex 71.6269 36.3458 2.5
      vertex 72 36.5359 2.5
    endloop
  endfacet
  facet normal 0.544627 -0.838678 0
    outer loop
      vertex 72 36.5359 2.5
      vertex 72.3511 36.7639 4
      vertex 72 36.5359 4
    endloop
  endfacet
  facet normal 0.544627 -0.838678 0
    outer loop
      vertex 72.3511 36.7639 4
      vertex 72 36.5359 2.5
      vertex 72.3511 36.7639 2.5
    endloop
  endfacet
  facet normal -0.89101 0.453983 0
    outer loop
      vertex 66.3458 41.6269 2.5
      vertex 66.5359 42 4
      vertex 66.5359 42 2.5
    endloop
  endfacet
  facet normal -0.89101 0.453983 0
    outer loop
      vertex 66.5359 42 4
      vertex 66.3458 41.6269 2.5
      vertex 66.3458 41.6269 4
    endloop
  endfacet
  facet normal -0.629315 0.77715 0
    outer loop
      vertex 67.6489 43.2361 2.5
      vertex 67.3235 42.9726 4
      vertex 67.6489 43.2361 4
    endloop
  endfacet
  facet normal -0.629315 0.77715 0
    outer loop
      vertex 67.3235 42.9726 4
      vertex 67.6489 43.2361 2.5
      vertex 67.3235 42.9726 2.5
    endloop
  endfacet
  facet normal -0.544627 0.838678 0
    outer loop
      vertex 68 43.4641 2.5
      vertex 67.6489 43.2361 4
      vertex 68 43.4641 4
    endloop
  endfacet
  facet normal -0.544627 0.838678 0
    outer loop
      vertex 67.6489 43.2361 4
      vertex 68 43.4641 2.5
      vertex 67.6489 43.2361 2.5
    endloop
  endfacet
  facet normal -0 0 1
    outer loop
      vertex -6.09474 1.1 5
      vertex 0 0 5
      vertex 0 6 5
    endloop
  endfacet
  facet normal 0 0 1
    outer loop
      vertex -5.81205 -0.229962 5
      vertex 0 0 5
      vertex -5.8 0 5
    endloop
  endfacet
  facet normal 0 0 1
    outer loop
      vertex 0 0 5
      vertex -5.81205 0.229963 5
      vertex -5.8 0 5
    endloop
  endfacet
  facet normal 0 0 1
    outer loop
      vertex 0 0 5
      vertex -5.84807 0.457406 5
      vertex -5.81205 0.229963 5
    endloop
  endfacet
  facet normal 0 0 1
    outer loop
      vertex 0 0 5
      vertex -5.90767 0.679838 5
      vertex -5.84807 0.457406 5
    endloop
  endfacet
  facet normal 0 0 1
    outer loop
      vertex 0 0 5
      vertex -5.9902 0.894821 5
      vertex -5.90767 0.679838 5
    endloop
  endfacet
  facet normal 0 0 1
    outer loop
      vertex 0 0 5
      vertex -6.09474 1.1 5
      vertex -5.9902 0.894821 5
    endloop
  endfacet
  facet normal 0 0 1
    outer loop
      vertex 0 6 5
      vertex -6.22016 1.29313 5
      vertex -6.09474 1.1 5
    endloop
  endfacet
  facet normal 0 0 1
    outer loop
      vertex 0 6 5
      vertex -6.36508 1.47209 5
      vertex -6.22016 1.29313 5
    endloop
  endfacet
  facet normal 0 0 1
    outer loop
      vertex 0 6 5
      vertex -6.52791 1.63492 5
      vertex -6.36508 1.47209 5
    endloop
  endfacet
  facet normal 0 0 1
    outer loop
      vertex 0 6 5
      vertex -6.70687 1.77984 5
      vertex -6.52791 1.63492 5
    endloop
  endfacet
  facet normal -0 0 1
    outer loop
      vertex -8 6 5
      vertex -6.70687 1.77984 5
      vertex 0 6 5
    endloop
  endfacet
  facet normal 0 0 1
    outer loop
      vertex -6.70687 1.77984 5
      vertex -8 6 5
      vertex -6.9 1.90526 5
    endloop
  endfacet
  facet normal 0 0 1
    outer loop
      vertex -6.9 1.90526 5
      vertex -8 6 5
      vertex -7.10518 2.0098 5
    endloop
  endfacet
  facet normal 0 0 1
    outer loop
      vertex -7.10518 2.0098 5
      vertex -8 6 5
      vertex -7.32016 2.09233 5
    endloop
  endfacet
  facet normal 0 0 1
    outer loop
      vertex -7.32016 2.09233 5
      vertex -8 6 5
      vertex -7.54259 2.15193 5
    endloop
  endfacet
  facet normal 0 0 1
    outer loop
      vertex -7.54259 2.15193 5
      vertex -8 6 5
      vertex -7.77004 2.18795 5
    endloop
  endfacet
  facet normal 0 0 1
    outer loop
      vertex -8 6 5
      vertex -8 2.2 5
      vertex -7.77004 2.18795 5
    endloop
  endfacet
  facet normal 0 0 1
    outer loop
      vertex -8 6 5
      vertex -8.22996 2.18795 5
      vertex -8 2.2 5
    endloop
  endfacet
  facet normal -0 0 1
    outer loop
      vertex -8.62717 5.96713 5
      vertex -8.22996 2.18795 5
      vertex -8 6 5
    endloop
  endfacet
  facet normal 0 0 1
    outer loop
      vertex -8.22996 2.18795 5
      vertex -8.62717 5.96713 5
      vertex -8.45741 2.15193 5
    endloop
  endfacet
  facet normal -0 0 1
    outer loop
      vertex -9.24747 5.86889 5
      vertex -8.45741 2.15193 5
      vertex -8.62717 5.96713 5
    endloop
  endfacet
  facet normal 0 0 1
    outer loop
      vertex -8.45741 2.15193 5
      vertex -9.24747 5.86889 5
      vertex -8.67984 2.09233 5
    endloop
  endfacet
  facet normal -0 0 1
    outer loop
      vertex -9.8541 5.70634 5
      vertex -8.67984 2.09233 5
      vertex -9.24747 5.86889 5
    endloop
  endfacet
  facet normal 0 0 1
    outer loop
      vertex -8.67984 2.09233 5
      vertex -9.8541 5.70634 5
      vertex -8.89482 2.0098 5
    endloop
  endfacet
  facet normal -0 0 1
    outer loop
      vertex -10.4404 5.48127 5
      vertex -8.89482 2.0098 5
      vertex -9.8541 5.70634 5
    endloop
  endfacet
  facet normal 0 0 1
    outer loop
      vertex -8.89482 2.0098 5
      vertex -10.4404 5.48127 5
      vertex -9.1 1.90526 5
    endloop
  endfacet
  facet normal -0 0 1
    outer loop
      vertex -11 5.19615 5
      vertex -9.1 1.90526 5
      vertex -10.4404 5.48127 5
    endloop
  endfacet
  facet normal 0 0 1
    outer loop
      vertex -9.1 1.90526 5
      vertex -11 5.19615 5
      vertex -9.29313 1.77984 5
    endloop
  endfacet
  facet normal -0 0 1
    outer loop
      vertex -11.5267 4.8541 5
      vertex -9.29313 1.77984 5
      vertex -11 5.19615 5
    endloop
  endfacet
  facet normal 0 0 1
    outer loop
      vertex -9.29313 1.77984 5
      vertex -11.5267 4.8541 5
      vertex -9.47209 1.63492 5
    endloop
  endfacet
  facet normal -0 0 1
    outer loop
      vertex -12.0148 4.45887 5
      vertex -9.47209 1.63492 5
      vertex -11.5267 4.8541 5
    endloop
  endfacet
  facet normal 0 0 1
    outer loop
      vertex -9.47209 1.63492 5
      vertex -12.0148 4.45887 5
      vertex -9.63492 1.47209 5
    endloop
  endfacet
  facet normal -0 0 1
    outer loop
      vertex -12.4589 4.01478 5
      vertex -9.63492 1.47209 5
      vertex -12.0148 4.45887 5
    endloop
  endfacet
  facet normal 0 0 1
    outer loop
      vertex -9.63492 1.47209 5
      vertex -12.4589 4.01478 5
      vertex -9.77984 1.29313 5
    endloop
  endfacet
  facet normal 0 0 1
    outer loop
      vertex -9.77984 1.29313 5
      vertex -12.8541 3.52671 5
      vertex -9.90526 1.1 5
    endloop
  endfacet
  facet normal -0 0 1
    outer loop
      vertex -12.8541 3.52671 5
      vertex -9.77984 1.29313 5
      vertex -12.4589 4.01478 5
    endloop
  endfacet
  facet normal 0 0 1
    outer loop
      vertex -5.84807 -0.457405 5
      vertex 0 0 5
      vertex -5.81205 -0.229962 5
    endloop
  endfacet
  facet normal 0 0 1
    outer loop
      vertex -5.90767 -0.679837 5
      vertex 0 0 5
      vertex -5.84807 -0.457405 5
    endloop
  endfacet
  facet normal 0 0 1
    outer loop
      vertex -5.9902 -0.89482 5
      vertex 0 0 5
      vertex -5.90767 -0.679837 5
    endloop
  endfacet
  facet normal 0 0 1
    outer loop
      vertex -6.09474 -1.1 5
      vertex 0 0 5
      vertex -5.9902 -0.89482 5
    endloop
  endfacet
  facet normal 0 0 1
    outer loop
      vertex 0 0 5
      vertex -6.09474 -1.1 5
      vertex 0 -6 5
    endloop
  endfacet
  facet normal -0 0 1
    outer loop
      vertex -6.22016 -1.29313 5
      vertex 0 -6 5
      vertex -6.09474 -1.1 5
    endloop
  endfacet
  facet normal -0 0 1
    outer loop
      vertex -6.36508 -1.47209 5
      vertex 0 -6 5
      vertex -6.22016 -1.29313 5
    endloop
  endfacet
  facet normal -0 0 1
    outer loop
      vertex -6.52791 -1.63492 5
      vertex 0 -6 5
      vertex -6.36508 -1.47209 5
    endloop
  endfacet
  facet normal -0 0 1
    outer loop
      vertex -6.70687 -1.77984 5
      vertex 0 -6 5
      vertex -6.52791 -1.63492 5
    endloop
  endfacet
  facet normal 0 0 1
    outer loop
      vertex -8 -6 5
      vertex -6.70687 -1.77984 5
      vertex -6.9 -1.90526 5
    endloop
  endfacet
  facet normal 0 0 1
    outer loop
      vertex -8 -6 5
      vertex -6.9 -1.90526 5
      vertex -7.10518 -2.0098 5
    endloop
  endfacet
  facet normal 0 0 1
    outer loop
      vertex -8 -6 5
      vertex -7.10518 -2.0098 5
      vertex -7.32016 -2.09232 5
    endloop
  endfacet
  facet normal 0 0 1
    outer loop
      vertex -8 -6 5
      vertex -7.32016 -2.09232 5
      vertex -7.54259 -2.15192 5
    endloop
  endfacet
  facet normal 0 0 1
    outer loop
      vertex -8 -6 5
      vertex -7.54259 -2.15192 5
      vertex -7.77004 -2.18795 5
    endloop
  endfacet
  facet normal 0 0 1
    outer loop
      vertex -8 -6 5
      vertex -7.77004 -2.18795 5
      vertex -8 -2.2 5
    endloop
  endfacet
  facet normal 0 0 1
    outer loop
      vertex -6.70687 -1.77984 5
      vertex -8 -6 5
      vertex 0 -6 5
    endloop
  endfacet
  facet normal 0 0 1
    outer loop
      vertex -8.22996 -2.18795 5
      vertex -8 -6 5
      vertex -8 -2.2 5
    endloop
  endfacet
  facet normal 0 0 1
    outer loop
      vertex -8.62717 -5.96713 5
      vertex -8.22996 -2.18795 5
      vertex -8.45741 -2.15192 5
    endloop
  endfacet
  facet normal 0 0 1
    outer loop
      vertex -8.22996 -2.18795 5
      vertex -8.62717 -5.96713 5
      vertex -8 -6 5
    endloop
  endfacet
  facet normal 0 0 1
    outer loop
      vertex -9.24747 -5.86889 5
      vertex -8.45741 -2.15192 5
      vertex -8.67984 -2.09232 5
    endloop
  endfacet
  facet normal 0 0 1
    outer loop
      vertex -9.8541 -5.70634 5
      vertex -8.67984 -2.09232 5
      vertex -8.89482 -2.0098 5
    endloop
  endfacet
  facet normal 0 0 1
    outer loop
      vertex -10.4404 -5.48127 5
      vertex -8.89482 -2.0098 5
      vertex -9.1 -1.90526 5
    endloop
  endfacet
  facet normal 0 0 1
    outer loop
      vertex -8.45741 -2.15192 5
      vertex -9.24747 -5.86889 5
      vertex -8.62717 -5.96713 5
    endloop
  endfacet
  facet normal 0 0 1
    outer loop
      vertex -11 -5.19615 5
      vertex -9.1 -1.90526 5
      vertex -9.29313 -1.77984 5
    endloop
  endfacet
  facet normal 0 0 1
    outer loop
      vertex -11.5267 -4.8541 5
      vertex -9.29313 -1.77984 5
      vertex -9.47209 -1.63492 5
    endloop
  endfacet
  facet normal 0 0 1
    outer loop
      vertex -12.0148 -4.45887 5
      vertex -9.47209 -1.63492 5
      vertex -9.63492 -1.47209 5
    endloop
  endfacet
  facet normal 0 0 1
    outer loop
      vertex -12.4589 -4.01478 5
      vertex -9.63492 -1.47209 5
      vertex -9.77984 -1.29313 5
    endloop
  endfacet
  facet normal 0 0 1
    outer loop
      vertex -8.67984 -2.09232 5
      vertex -9.8541 -5.70634 5
      vertex -9.24747 -5.86889 5
    endloop
  endfacet
  facet normal 0 0 1
    outer loop
      vertex -12.8541 -3.52671 5
      vertex -9.77984 -1.29313 5
      vertex -9.90526 -1.1 5
    endloop
  endfacet
  facet normal 0 0 1
    outer loop
      vertex -13.1962 -3 5
      vertex -9.90526 -1.1 5
      vertex -10.0098 -0.89482 5
    endloop
  endfacet
  facet normal 0 0 1
    outer loop
      vertex -13.4813 -2.44042 5
      vertex -10.0098 -0.89482 5
      vertex -10.0923 -0.679837 5
    endloop
  endfacet
  facet normal 0 0 1
    outer loop
      vertex -13.7063 -1.8541 5
      vertex -10.0923 -0.679837 5
      vertex -10.1519 -0.457405 5
    endloop
  endfacet
  facet normal 0 0 1
    outer loop
      vertex -13.8689 -1.24747 5
      vertex -10.1519 -0.457405 5
      vertex -10.1879 -0.229962 5
    endloop
  endfacet
  facet normal 0 0 1
    outer loop
      vertex -8.89482 -2.0098 5
      vertex -10.4404 -5.48127 5
      vertex -9.8541 -5.70634 5
    endloop
  endfacet
  facet normal 0 0 1
    outer loop
      vertex -13.9671 -0.627171 5
      vertex -10.1879 -0.229962 5
      vertex -10.2 0 5
    endloop
  endfacet
  facet normal -0 0 1
    outer loop
      vertex -13.1962 3 5
      vertex -9.90526 1.1 5
      vertex -12.8541 3.52671 5
    endloop
  endfacet
  facet normal 0 0 1
    outer loop
      vertex -9.90526 1.1 5
      vertex -13.1962 3 5
      vertex -10.0098 0.894821 5
    endloop
  endfacet
  facet normal 0 0 1
    outer loop
      vertex -9.1 -1.90526 5
      vertex -11 -5.19615 5
      vertex -10.4404 -5.48127 5
    endloop
  endfacet
  facet normal -0 0 1
    outer loop
      vertex -13.4813 2.44042 5
      vertex -10.0098 0.894821 5
      vertex -13.1962 3 5
    endloop
  endfacet
  facet normal 0 0 1
    outer loop
      vertex -9.29313 -1.77984 5
      vertex -11.5267 -4.8541 5
      vertex -11 -5.19615 5
    endloop
  endfacet
  facet normal 0 0 1
    outer loop
      vertex -10.0098 0.894821 5
      vertex -13.4813 2.44042 5
      vertex -10.0923 0.679838 5
    endloop
  endfacet
  facet normal 0 0 1
    outer loop
      vertex -9.47209 -1.63492 5
      vertex -12.0148 -4.45887 5
      vertex -11.5267 -4.8541 5
    endloop
  endfacet
  facet normal -0 0 1
    outer loop
      vertex -13.7063 1.8541 5
      vertex -10.0923 0.679838 5
      vertex -13.4813 2.44042 5
    endloop
  endfacet
  facet normal 0 0 1
    outer loop
      vertex -9.63492 -1.47209 5
      vertex -12.4589 -4.01478 5
      vertex -12.0148 -4.45887 5
    endloop
  endfacet
  facet normal 0 0 1
    outer loop
      vertex -10.0923 0.679838 5
      vertex -13.7063 1.8541 5
      vertex -10.1519 0.457406 5
    endloop
  endfacet
  facet normal 0 0 1
    outer loop
      vertex -9.77984 -1.29313 5
      vertex -12.8541 -3.52671 5
      vertex -12.4589 -4.01478 5
    endloop
  endfacet
  facet normal -0 0 1
    outer loop
      vertex -13.8689 1.24747 5
      vertex -10.1519 0.457406 5
      vertex -13.7063 1.8541 5
    endloop
  endfacet
  facet normal 0 0 1
    outer loop
      vertex -9.90526 -1.1 5
      vertex -13.1962 -3 5
      vertex -12.8541 -3.52671 5
    endloop
  endfacet
  facet normal 0 0 1
    outer loop
      vertex -10.1519 0.457406 5
      vertex -13.8689 1.24747 5
      vertex -10.1879 0.229963 5
    endloop
  endfacet
  facet normal 0 0 1
    outer loop
      vertex -10.0098 -0.89482 5
      vertex -13.4813 -2.44042 5
      vertex -13.1962 -3 5
    endloop
  endfacet
  facet normal -0 0 1
    outer loop
      vertex -13.9671 0.627172 5
      vertex -10.1879 0.229963 5
      vertex -13.8689 1.24747 5
    endloop
  endfacet
  facet normal 0 0 1
    outer loop
      vertex -10.0923 -0.679837 5
      vertex -13.7063 -1.8541 5
      vertex -13.4813 -2.44042 5
    endloop
  endfacet
  facet normal 0 0 1
    outer loop
      vertex -10.1879 0.229963 5
      vertex -13.9671 0.627172 5
      vertex -10.2 0 5
    endloop
  endfacet
  facet normal 0 0 1
    outer loop
      vertex -10.1519 -0.457405 5
      vertex -13.8689 -1.24747 5
      vertex -13.7063 -1.8541 5
    endloop
  endfacet
  facet normal 0 0 1
    outer loop
      vertex -14 0 5
      vertex -10.2 0 5
      vertex -13.9671 0.627172 5
    endloop
  endfacet
  facet normal 0 0 1
    outer loop
      vertex -10.1879 -0.229962 5
      vertex -13.9671 -0.627171 5
      vertex -13.8689 -1.24747 5
    endloop
  endfacet
  facet normal 0 0 1
    outer loop
      vertex -10.2 0 5
      vertex -14 0 5
      vertex -13.9671 -0.627171 5
    endloop
  endfacet
  facet normal 0 -1 0
    outer loop
      vertex -8 -6 0
      vertex 0 -6 5
      vertex -8 -6 5
    endloop
  endfacet
  facet normal 0 -1 -0
    outer loop
      vertex 0 -6 5
      vertex -8 -6 0
      vertex 0 -6 0
    endloop
  endfacet
  facet normal 0 1 -0
    outer loop
      vertex 0 6 0
      vertex -8 6 5
      vertex 0 6 5
    endloop
  endfacet
  facet normal 0 1 0
    outer loop
      vertex -8 6 5
      vertex 0 6 0
      vertex -8 6 0
    endloop
  endfacet
  facet normal -0.9877 0.156364 0
    outer loop
      vertex -13.9671 0.627172 0
      vertex -13.8689 1.24747 5
      vertex -13.8689 1.24747 0
    endloop
  endfacet
  facet normal -0.9877 0.156364 0
    outer loop
      vertex -13.8689 1.24747 5
      vertex -13.9671 0.627172 0
      vertex -13.9671 0.627172 5
    endloop
  endfacet
  facet normal -0.0523382 -0.998629 0
    outer loop
      vertex -8.62717 -5.96713 0
      vertex -8 -6 5
      vertex -8.62717 -5.96713 5
    endloop
  endfacet
  facet normal -0.0523382 -0.998629 -0
    outer loop
      vertex -8 -6 5
      vertex -8.62717 -5.96713 0
      vertex -8 -6 0
    endloop
  endfacet
  facet normal -0.544647 0.838665 0
    outer loop
      vertex -11 5.19615 0
      vertex -11.5267 4.8541 5
      vertex -11 5.19615 5
    endloop
  endfacet
  facet normal -0.544647 0.838665 0
    outer loop
      vertex -11.5267 4.8541 5
      vertex -11 5.19615 0
      vertex -11.5267 4.8541 0
    endloop
  endfacet
  facet normal -0.544647 -0.838665 0
    outer loop
      vertex -11.5267 -4.8541 0
      vertex -11 -5.19615 5
      vertex -11.5267 -4.8541 5
    endloop
  endfacet
  facet normal -0.544647 -0.838665 -0
    outer loop
      vertex -11 -5.19615 5
      vertex -11.5267 -4.8541 0
      vertex -11 -5.19615 0
    endloop
  endfacet
  facet normal -0.933616 -0.358275 0
    outer loop
      vertex -13.4813 -2.44042 0
      vertex -13.7063 -1.8541 5
      vertex -13.7063 -1.8541 0
    endloop
  endfacet
  facet normal -0.933616 -0.358275 0
    outer loop
      vertex -13.7063 -1.8541 5
      vertex -13.4813 -2.44042 0
      vertex -13.4813 -2.44042 5
    endloop
  endfacet
  facet normal -0.629296 -0.777166 0
    outer loop
      vertex -12.0148 -4.45887 0
      vertex -11.5267 -4.8541 5
      vertex -12.0148 -4.45887 5
    endloop
  endfacet
  facet normal -0.629296 -0.777166 -0
    outer loop
      vertex -11.5267 -4.8541 5
      vertex -12.0148 -4.45887 0
      vertex -11.5267 -4.8541 0
    endloop
  endfacet
  facet normal -0.9877 -0.156363 0
    outer loop
      vertex -13.8689 -1.24747 0
      vertex -13.9671 -0.627171 5
      vertex -13.9671 -0.627171 0
    endloop
  endfacet
  facet normal -0.9877 -0.156363 0
    outer loop
      vertex -13.9671 -0.627171 5
      vertex -13.8689 -1.24747 0
      vertex -13.8689 -1.24747 5
    endloop
  endfacet
  facet normal -0.998627 -0.0523858 0
    outer loop
      vertex -13.9671 -0.627171 0
      vertex -14 0 5
      vertex -14 0 0
    endloop
  endfacet
  facet normal -0.998627 -0.0523858 0
    outer loop
      vertex -14 0 5
      vertex -13.9671 -0.627171 0
      vertex -13.9671 -0.627171 5
    endloop
  endfacet
  facet normal -0.629296 0.777166 0
    outer loop
      vertex -11.5267 4.8541 0
      vertex -12.0148 4.45887 5
      vertex -11.5267 4.8541 5
    endloop
  endfacet
  facet normal -0.629296 0.777166 0
    outer loop
      vertex -12.0148 4.45887 5
      vertex -11.5267 4.8541 0
      vertex -12.0148 4.45887 0
    endloop
  endfacet
  facet normal -0.358383 -0.933575 0
    outer loop
      vertex -10.4404 -5.48127 0
      vertex -9.8541 -5.70634 5
      vertex -10.4404 -5.48127 5
    endloop
  endfacet
  facet normal -0.358383 -0.933575 -0
    outer loop
      vertex -9.8541 -5.70634 5
      vertex -10.4404 -5.48127 0
      vertex -9.8541 -5.70634 0
    endloop
  endfacet
  facet normal -0.156425 -0.98769 0
    outer loop
      vertex -9.24747 -5.86889 0
      vertex -8.62717 -5.96713 5
      vertex -9.24747 -5.86889 5
    endloop
  endfacet
  facet normal -0.156425 -0.98769 -0
    outer loop
      vertex -8.62717 -5.96713 5
      vertex -9.24747 -5.86889 0
      vertex -8.62717 -5.96713 0
    endloop
  endfacet
  facet normal -0.838634 0.544696 0
    outer loop
      vertex -13.1962 3 0
      vertex -12.8541 3.52671 5
      vertex -12.8541 3.52671 0
    endloop
  endfacet
  facet normal -0.838634 0.544696 0
    outer loop
      vertex -12.8541 3.52671 5
      vertex -13.1962 3 0
      vertex -13.1962 3 5
    endloop
  endfacet
  facet normal -0.453977 -0.891013 0
    outer loop
      vertex -11 -5.19615 0
      vertex -10.4404 -5.48127 5
      vertex -11 -5.19615 5
    endloop
  endfacet
  facet normal -0.453977 -0.891013 -0
    outer loop
      vertex -10.4404 -5.48127 5
      vertex -11 -5.19615 0
      vertex -10.4404 -5.48127 0
    endloop
  endfacet
  facet normal -0.965904 0.258899 0
    outer loop
      vertex -13.8689 1.24747 0
      vertex -13.7063 1.8541 5
      vertex -13.7063 1.8541 0
    endloop
  endfacet
  facet normal -0.965904 0.258899 0
    outer loop
      vertex -13.7063 1.8541 5
      vertex -13.8689 1.24747 0
      vertex -13.8689 1.24747 5
    endloop
  endfacet
  facet normal -0.965904 -0.258899 0
    outer loop
      vertex -13.7063 -1.8541 0
      vertex -13.8689 -1.24747 5
      vertex -13.8689 -1.24747 0
    endloop
  endfacet
  facet normal -0.965904 -0.258899 0
    outer loop
      vertex -13.8689 -1.24747 5
      vertex -13.7063 -1.8541 0
      vertex -13.7063 -1.8541 5
    endloop
  endfacet
  facet normal -0.358383 0.933575 0
    outer loop
      vertex -9.8541 5.70634 0
      vertex -10.4404 5.48127 5
      vertex -9.8541 5.70634 5
    endloop
  endfacet
  facet normal -0.358383 0.933575 0
    outer loop
      vertex -10.4404 5.48127 5
      vertex -9.8541 5.70634 0
      vertex -10.4404 5.48127 0
    endloop
  endfacet
  facet normal -0.156425 0.98769 0
    outer loop
      vertex -8.62717 5.96713 0
      vertex -9.24747 5.86889 5
      vertex -8.62717 5.96713 5
    endloop
  endfacet
  facet normal -0.156425 0.98769 0
    outer loop
      vertex -9.24747 5.86889 5
      vertex -8.62717 5.96713 0
      vertex -9.24747 5.86889 0
    endloop
  endfacet
  facet normal -0.838634 -0.544696 0
    outer loop
      vertex -12.8541 -3.52671 0
      vertex -13.1962 -3 5
      vertex -13.1962 -3 0
    endloop
  endfacet
  facet normal -0.838634 -0.544696 0
    outer loop
      vertex -13.1962 -3 5
      vertex -12.8541 -3.52671 0
      vertex -12.8541 -3.52671 5
    endloop
  endfacet
  facet normal -0.998627 0.0523857 0
    outer loop
      vertex -14 0 0
      vertex -13.9671 0.627172 5
      vertex -13.9671 0.627172 0
    endloop
  endfacet
  facet normal -0.998627 0.0523857 0
    outer loop
      vertex -13.9671 0.627172 5
      vertex -14 0 0
      vertex -14 0 5
    endloop
  endfacet
  facet normal -0.258825 0.965924 0
    outer loop
      vertex -9.24747 5.86889 0
      vertex -9.8541 5.70634 5
      vertex -9.24747 5.86889 5
    endloop
  endfacet
  facet normal -0.258825 0.965924 0
    outer loop
      vertex -9.8541 5.70634 5
      vertex -9.24747 5.86889 0
      vertex -9.8541 5.70634 0
    endloop
  endfacet
  facet normal -0.933616 0.358275 0
    outer loop
      vertex -13.7063 1.8541 0
      vertex -13.4813 2.44042 5
      vertex -13.4813 2.44042 0
    endloop
  endfacet
  facet normal -0.933616 0.358275 0
    outer loop
      vertex -13.4813 2.44042 5
      vertex -13.7063 1.8541 0
      vertex -13.7063 1.8541 5
    endloop
  endfacet
  facet normal -0.89102 -0.453965 0
    outer loop
      vertex -13.1962 -3 0
      vertex -13.4813 -2.44042 5
      vertex -13.4813 -2.44042 0
    endloop
  endfacet
  facet normal -0.89102 -0.453965 0
    outer loop
      vertex -13.4813 -2.44042 5
      vertex -13.1962 -3 0
      vertex -13.1962 -3 5
    endloop
  endfacet
  facet normal -0.77717 -0.62929 0
    outer loop
      vertex -12.4589 -4.01478 0
      vertex -12.8541 -3.52671 5
      vertex -12.8541 -3.52671 0
    endloop
  endfacet
  facet normal -0.77717 -0.62929 0
    outer loop
      vertex -12.8541 -3.52671 5
      vertex -12.4589 -4.01478 0
      vertex -12.4589 -4.01478 5
    endloop
  endfacet
  facet normal -0.707099 0.707115 0
    outer loop
      vertex -12.4589 4.01478 0
      vertex -12.0148 4.45887 5
      vertex -12.0148 4.45887 0
    endloop
  endfacet
  facet normal -0.707099 0.707115 0
    outer loop
      vertex -12.0148 4.45887 5
      vertex -12.4589 4.01478 0
      vertex -12.4589 4.01478 5
    endloop
  endfacet
  facet normal -0.707099 -0.707115 0
    outer loop
      vertex -12.0148 -4.45887 0
      vertex -12.4589 -4.01478 5
      vertex -12.4589 -4.01478 0
    endloop
  endfacet
  facet normal -0.707099 -0.707115 0
    outer loop
      vertex -12.4589 -4.01478 5
      vertex -12.0148 -4.45887 0
      vertex -12.0148 -4.45887 5
    endloop
  endfacet
  facet normal -0.258825 -0.965924 0
    outer loop
      vertex -9.8541 -5.70634 0
      vertex -9.24747 -5.86889 5
      vertex -9.8541 -5.70634 5
    endloop
  endfacet
  facet normal -0.258825 -0.965924 -0
    outer loop
      vertex -9.24747 -5.86889 5
      vertex -9.8541 -5.70634 0
      vertex -9.24747 -5.86889 0
    endloop
  endfacet
  facet normal -0.89102 0.453965 0
    outer loop
      vertex -13.4813 2.44042 0
      vertex -13.1962 3 5
      vertex -13.1962 3 0
    endloop
  endfacet
  facet normal -0.89102 0.453965 0
    outer loop
      vertex -13.1962 3 5
      vertex -13.4813 2.44042 0
      vertex -13.4813 2.44042 5
    endloop
  endfacet
  facet normal -0.453977 0.891013 0
    outer loop
      vertex -10.4404 5.48127 0
      vertex -11 5.19615 5
      vertex -10.4404 5.48127 5
    endloop
  endfacet
  facet normal -0.453977 0.891013 0
    outer loop
      vertex -11 5.19615 5
      vertex -10.4404 5.48127 0
      vertex -11 5.19615 0
    endloop
  endfacet
  facet normal -0.0523382 0.998629 0
    outer loop
      vertex -8 6 0
      vertex -8.62717 5.96713 5
      vertex -8 6 5
    endloop
  endfacet
  facet normal -0.0523382 0.998629 0
    outer loop
      vertex -8.62717 5.96713 5
      vertex -8 6 0
      vertex -8.62717 5.96713 0
    endloop
  endfacet
  facet normal -0.77717 0.62929 0
    outer loop
      vertex -12.8541 3.52671 0
      vertex -12.4589 4.01478 5
      vertex -12.4589 4.01478 0
    endloop
  endfacet
  facet normal -0.77717 0.62929 0
    outer loop
      vertex -12.4589 4.01478 5
      vertex -12.8541 3.52671 0
      vertex -12.8541 3.52671 5
    endloop
  endfacet
  facet normal 0.358394 -0.93357 0
    outer loop
      vertex -8.89482 2.0098 0
      vertex -8.67984 2.09233 5
      vertex -8.89482 2.0098 5
    endloop
  endfacet
  facet normal 0.358394 -0.93357 0
    outer loop
      vertex -8.67984 2.09233 5
      vertex -8.89482 2.0098 0
      vertex -8.67984 2.09233 0
    endloop
  endfacet
  facet normal 0.987704 0.156335 0
    outer loop
      vertex -10.1519 -0.457405 5
      vertex -10.1879 -0.229962 0
      vertex -10.1879 -0.229962 5
    endloop
  endfacet
  facet normal 0.987704 0.156335 0
    outer loop
      vertex -10.1879 -0.229962 0
      vertex -10.1519 -0.457405 5
      vertex -10.1519 -0.457405 0
    endloop
  endfacet
  facet normal 0.998619 0.0525447 0
    outer loop
      vertex -10.1879 -0.229962 5
      vertex -10.2 0 0
      vertex -10.2 0 5
    endloop
  endfacet
  facet normal 0.998619 0.0525447 0
    outer loop
      vertex -10.2 0 0
      vertex -10.1879 -0.229962 5
      vertex -10.1879 -0.229962 0
    endloop
  endfacet
  facet normal 0.965926 0.258817 0
    outer loop
      vertex -10.0923 -0.679837 5
      vertex -10.1519 -0.457405 0
      vertex -10.1519 -0.457405 5
    endloop
  endfacet
  facet normal 0.965926 0.258817 0
    outer loop
      vertex -10.1519 -0.457405 0
      vertex -10.0923 -0.679837 5
      vertex -10.0923 -0.679837 0
    endloop
  endfacet
  facet normal 0.544639 -0.838671 0
    outer loop
      vertex -9.29313 1.77984 0
      vertex -9.1 1.90526 5
      vertex -9.29313 1.77984 5
    endloop
  endfacet
  facet normal 0.544639 -0.838671 0
    outer loop
      vertex -9.1 1.90526 5
      vertex -9.29313 1.77984 0
      vertex -9.1 1.90526 0
    endloop
  endfacet
  facet normal -0.453975 -0.891014 0
    outer loop
      vertex -7.10518 2.0098 0
      vertex -6.9 1.90526 5
      vertex -7.10518 2.0098 5
    endloop
  endfacet
  facet normal -0.453975 -0.891014 -0
    outer loop
      vertex -6.9 1.90526 5
      vertex -7.10518 2.0098 0
      vertex -6.9 1.90526 0
    endloop
  endfacet
  facet normal -0.544639 0.838671 0
    outer loop
      vertex -6.70687 -1.77984 0
      vertex -6.9 -1.90526 5
      vertex -6.70687 -1.77984 5
    endloop
  endfacet
  facet normal -0.544639 0.838671 0
    outer loop
      vertex -6.9 -1.90526 5
      vertex -6.70687 -1.77984 0
      vertex -6.9 -1.90526 0
    endloop
  endfacet
  facet normal -0.891013 -0.453977 0
    outer loop
      vertex -5.9902 0.894821 0
      vertex -6.09474 1.1 5
      vertex -6.09474 1.1 0
    endloop
  endfacet
  facet normal -0.891013 -0.453977 0
    outer loop
      vertex -6.09474 1.1 5
      vertex -5.9902 0.894821 0
      vertex -5.9902 0.894821 5
    endloop
  endfacet
  facet normal 0.998619 -0.0525445 0
    outer loop
      vertex -10.2 0 5
      vertex -10.1879 0.229963 0
      vertex -10.1879 0.229963 5
    endloop
  endfacet
  facet normal 0.998619 -0.0525445 0
    outer loop
      vertex -10.1879 0.229963 0
      vertex -10.2 0 5
      vertex -10.2 0 0
    endloop
  endfacet
  facet normal 0.933616 0.358276 0
    outer loop
      vertex -10.0098 -0.89482 5
      vertex -10.0923 -0.679837 0
      vertex -10.0923 -0.679837 5
    endloop
  endfacet
  facet normal 0.933616 0.358276 0
    outer loop
      vertex -10.0923 -0.679837 0
      vertex -10.0098 -0.89482 5
      vertex -10.0098 -0.89482 0
    endloop
  endfacet
  facet normal 0.156458 0.987685 -0
    outer loop
      vertex -8.22996 -2.18795 0
      vertex -8.45741 -2.15192 5
      vertex -8.22996 -2.18795 5
    endloop
  endfacet
  facet normal 0.156458 0.987685 0
    outer loop
      vertex -8.45741 -2.15192 5
      vertex -8.22996 -2.18795 0
      vertex -8.45741 -2.15192 0
    endloop
  endfacet
  facet normal -0.99863 0.0523282 0
    outer loop
      vertex -5.81205 -0.229962 0
      vertex -5.8 0 5
      vertex -5.8 0 0
    endloop
  endfacet
  facet normal -0.99863 0.0523282 0
    outer loop
      vertex -5.8 0 5
      vertex -5.81205 -0.229962 0
      vertex -5.81205 -0.229962 5
    endloop
  endfacet
  facet normal 0.838671 0.544639 0
    outer loop
      vertex -9.77984 -1.29313 5
      vertex -9.90526 -1.1 0
      vertex -9.90526 -1.1 5
    endloop
  endfacet
  facet normal 0.838671 0.544639 0
    outer loop
      vertex -9.90526 -1.1 0
      vertex -9.77984 -1.29313 5
      vertex -9.77984 -1.29313 0
    endloop
  endfacet
  facet normal -0.453975 0.891014 0
    outer loop
      vertex -6.9 -1.90526 0
      vertex -7.10518 -2.0098 5
      vertex -6.9 -1.90526 5
    endloop
  endfacet
  facet normal -0.453975 0.891014 0
    outer loop
      vertex -7.10518 -2.0098 5
      vertex -6.9 -1.90526 0
      vertex -7.10518 -2.0098 0
    endloop
  endfacet
  facet normal 0.707107 -0.707107 0
    outer loop
      vertex -9.63492 1.47209 5
      vertex -9.47209 1.63492 0
      vertex -9.47209 1.63492 5
    endloop
  endfacet
  facet normal 0.707107 -0.707107 0
    outer loop
      vertex -9.47209 1.63492 0
      vertex -9.63492 1.47209 5
      vertex -9.63492 1.47209 0
    endloop
  endfacet
  facet normal -0.358356 0.933585 0
    outer loop
      vertex -7.10518 -2.0098 0
      vertex -7.32016 -2.09232 5
      vertex -7.10518 -2.0098 5
    endloop
  endfacet
  facet normal -0.358356 0.933585 0
    outer loop
      vertex -7.32016 -2.09232 5
      vertex -7.10518 -2.0098 0
      vertex -7.32016 -2.09232 0
    endloop
  endfacet
  facet normal 0.453975 -0.891014 0
    outer loop
      vertex -9.1 1.90526 0
      vertex -8.89482 2.0098 5
      vertex -9.1 1.90526 5
    endloop
  endfacet
  facet normal 0.453975 -0.891014 0
    outer loop
      vertex -8.89482 2.0098 5
      vertex -9.1 1.90526 0
      vertex -8.89482 2.0098 0
    endloop
  endfacet
  facet normal -0.987691 0.15642 0
    outer loop
      vertex -5.84807 -0.457405 0
      vertex -5.81205 -0.229962 5
      vertex -5.81205 -0.229962 0
    endloop
  endfacet
  facet normal -0.987691 0.15642 0
    outer loop
      vertex -5.81205 -0.229962 5
      vertex -5.84807 -0.457405 0
      vertex -5.84807 -0.457405 5
    endloop
  endfacet
  facet normal -0.838671 -0.544639 0
    outer loop
      vertex -6.09474 1.1 0
      vertex -6.22016 1.29313 5
      vertex -6.22016 1.29313 0
    endloop
  endfacet
  facet normal -0.838671 -0.544639 0
    outer loop
      vertex -6.22016 1.29313 5
      vertex -6.09474 1.1 0
      vertex -6.09474 1.1 5
    endloop
  endfacet
  facet normal 0.258819 -0.965926 0
    outer loop
      vertex -8.67984 2.09233 0
      vertex -8.45741 2.15193 5
      vertex -8.67984 2.09233 5
    endloop
  endfacet
  facet normal 0.258819 -0.965926 0
    outer loop
      vertex -8.45741 2.15193 5
      vertex -8.67984 2.09233 0
      vertex -8.45741 2.15193 0
    endloop
  endfacet
  facet normal -0.965926 -0.258817 0
    outer loop
      vertex -5.84807 0.457406 0
      vertex -5.90767 0.679838 5
      vertex -5.90767 0.679838 0
    endloop
  endfacet
  facet normal -0.965926 -0.258817 0
    outer loop
      vertex -5.90767 0.679838 5
      vertex -5.84807 0.457406 0
      vertex -5.84807 0.457406 5
    endloop
  endfacet
  facet normal 0.544639 0.838671 -0
    outer loop
      vertex -9.1 -1.90526 0
      vertex -9.29313 -1.77984 5
      vertex -9.1 -1.90526 5
    endloop
  endfacet
  facet normal 0.544639 0.838671 0
    outer loop
      vertex -9.29313 -1.77984 5
      vertex -9.1 -1.90526 0
      vertex -9.29313 -1.77984 0
    endloop
  endfacet
  facet normal -0.629323 -0.777144 0
    outer loop
      vertex -6.70687 1.77984 0
      vertex -6.52791 1.63492 5
      vertex -6.70687 1.77984 5
    endloop
  endfacet
  facet normal -0.629323 -0.777144 -0
    outer loop
      vertex -6.52791 1.63492 5
      vertex -6.70687 1.77984 0
      vertex -6.52791 1.63492 0
    endloop
  endfacet
  facet normal 0.933616 -0.358276 0
    outer loop
      vertex -10.0923 0.679838 5
      vertex -10.0098 0.894821 0
      vertex -10.0098 0.894821 5
    endloop
  endfacet
  facet normal 0.933616 -0.358276 0
    outer loop
      vertex -10.0098 0.894821 0
      vertex -10.0923 0.679838 5
      vertex -10.0923 0.679838 0
    endloop
  endfacet
  facet normal -0.258819 0.965926 0
    outer loop
      vertex -7.32016 -2.09232 0
      vertex -7.54259 -2.15192 5
      vertex -7.32016 -2.09232 5
    endloop
  endfacet
  facet normal -0.258819 0.965926 0
    outer loop
      vertex -7.54259 -2.15192 5
      vertex -7.32016 -2.09232 0
      vertex -7.54259 -2.15192 0
    endloop
  endfacet
  facet normal -0.156458 0.987685 0
    outer loop
      vertex -7.54259 -2.15192 0
      vertex -7.77004 -2.18795 5
      vertex -7.54259 -2.15192 5
    endloop
  endfacet
  facet normal -0.156458 0.987685 0
    outer loop
      vertex -7.77004 -2.18795 5
      vertex -7.54259 -2.15192 0
      vertex -7.77004 -2.18795 0
    endloop
  endfacet
  facet normal -0.358394 -0.93357 0
    outer loop
      vertex -7.32016 2.09233 0
      vertex -7.10518 2.0098 5
      vertex -7.32016 2.09233 5
    endloop
  endfacet
  facet normal -0.358394 -0.93357 -0
    outer loop
      vertex -7.10518 2.0098 5
      vertex -7.32016 2.09233 0
      vertex -7.10518 2.0098 0
    endloop
  endfacet
  facet normal 0.258819 0.965926 -0
    outer loop
      vertex -8.45741 -2.15192 0
      vertex -8.67984 -2.09232 5
      vertex -8.45741 -2.15192 5
    endloop
  endfacet
  facet normal 0.258819 0.965926 0
    outer loop
      vertex -8.67984 -2.09232 5
      vertex -8.45741 -2.15192 0
      vertex -8.67984 -2.09232 0
    endloop
  endfacet
  facet normal -0.0523286 0.99863 0
    outer loop
      vertex -7.77004 -2.18795 0
      vertex -8 -2.2 5
      vertex -7.77004 -2.18795 5
    endloop
  endfacet
  facet normal -0.0523286 0.99863 0
    outer loop
      vertex -8 -2.2 5
      vertex -7.77004 -2.18795 0
      vertex -8 -2.2 0
    endloop
  endfacet
  facet normal 0.453975 0.891014 -0
    outer loop
      vertex -8.89482 -2.0098 0
      vertex -9.1 -1.90526 5
      vertex -8.89482 -2.0098 5
    endloop
  endfacet
  facet normal 0.453975 0.891014 0
    outer loop
      vertex -9.1 -1.90526 5
      vertex -8.89482 -2.0098 0
      vertex -9.1 -1.90526 0
    endloop
  endfacet
  facet normal -0.707107 -0.707107 0
    outer loop
      vertex -6.36508 1.47209 0
      vertex -6.52791 1.63492 5
      vertex -6.52791 1.63492 0
    endloop
  endfacet
  facet normal -0.707107 -0.707107 0
    outer loop
      vertex -6.52791 1.63492 5
      vertex -6.36508 1.47209 0
      vertex -6.36508 1.47209 5
    endloop
  endfacet
  facet normal 0.629323 -0.777144 0
    outer loop
      vertex -9.47209 1.63492 0
      vertex -9.29313 1.77984 5
      vertex -9.47209 1.63492 5
    endloop
  endfacet
  facet normal 0.629323 -0.777144 0
    outer loop
      vertex -9.29313 1.77984 5
      vertex -9.47209 1.63492 0
      vertex -9.29313 1.77984 0
    endloop
  endfacet
  facet normal -0.777144 -0.629323 0
    outer loop
      vertex -6.22016 1.29313 0
      vertex -6.36508 1.47209 5
      vertex -6.36508 1.47209 0
    endloop
  endfacet
  facet normal -0.777144 -0.629323 0
    outer loop
      vertex -6.36508 1.47209 5
      vertex -6.22016 1.29313 0
      vertex -6.22016 1.29313 5
    endloop
  endfacet
  facet normal 0.965926 -0.258817 0
    outer loop
      vertex -10.1519 0.457406 5
      vertex -10.0923 0.679838 0
      vertex -10.0923 0.679838 5
    endloop
  endfacet
  facet normal 0.965926 -0.258817 0
    outer loop
      vertex -10.0923 0.679838 0
      vertex -10.1519 0.457406 5
      vertex -10.1519 0.457406 0
    endloop
  endfacet
  facet normal -0.629323 0.777144 0
    outer loop
      vertex -6.52791 -1.63492 0
      vertex -6.70687 -1.77984 5
      vertex -6.52791 -1.63492 5
    endloop
  endfacet
  facet normal -0.629323 0.777144 0
    outer loop
      vertex -6.70687 -1.77984 5
      vertex -6.52791 -1.63492 0
      vertex -6.70687 -1.77984 0
    endloop
  endfacet
  facet normal 0.0523286 0.99863 -0
    outer loop
      vertex -8 -2.2 0
      vertex -8.22996 -2.18795 5
      vertex -8 -2.2 5
    endloop
  endfacet
  facet normal 0.0523286 0.99863 0
    outer loop
      vertex -8.22996 -2.18795 5
      vertex -8 -2.2 0
      vertex -8.22996 -2.18795 0
    endloop
  endfacet
  facet normal 0.777144 0.629323 0
    outer loop
      vertex -9.63492 -1.47209 5
      vertex -9.77984 -1.29313 0
      vertex -9.77984 -1.29313 5
    endloop
  endfacet
  facet normal 0.777144 0.629323 0
    outer loop
      vertex -9.77984 -1.29313 0
      vertex -9.63492 -1.47209 5
      vertex -9.63492 -1.47209 0
    endloop
  endfacet
  facet normal 0.987704 -0.156335 0
    outer loop
      vertex -10.1879 0.229963 5
      vertex -10.1519 0.457406 0
      vertex -10.1519 0.457406 5
    endloop
  endfacet
  facet normal 0.987704 -0.156335 0
    outer loop
      vertex -10.1519 0.457406 0
      vertex -10.1879 0.229963 5
      vertex -10.1879 0.229963 0
    endloop
  endfacet
  facet normal 0.777144 -0.629323 0
    outer loop
      vertex -9.77984 1.29313 5
      vertex -9.63492 1.47209 0
      vertex -9.63492 1.47209 5
    endloop
  endfacet
  facet normal 0.777144 -0.629323 0
    outer loop
      vertex -9.63492 1.47209 0
      vertex -9.77984 1.29313 5
      vertex -9.77984 1.29313 0
    endloop
  endfacet
  facet normal -0.933572 -0.35839 0
    outer loop
      vertex -5.90767 0.679838 0
      vertex -5.9902 0.894821 5
      vertex -5.9902 0.894821 0
    endloop
  endfacet
  facet normal -0.933572 -0.35839 0
    outer loop
      vertex -5.9902 0.894821 5
      vertex -5.90767 0.679838 0
      vertex -5.90767 0.679838 5
    endloop
  endfacet
  facet normal 0.156415 -0.987691 0
    outer loop
      vertex -8.45741 2.15193 0
      vertex -8.22996 2.18795 5
      vertex -8.45741 2.15193 5
    endloop
  endfacet
  facet normal 0.156415 -0.987691 0
    outer loop
      vertex -8.22996 2.18795 5
      vertex -8.45741 2.15193 0
      vertex -8.22996 2.18795 0
    endloop
  endfacet
  facet normal 0.629323 0.777144 -0
    outer loop
      vertex -9.29313 -1.77984 0
      vertex -9.47209 -1.63492 5
      vertex -9.29313 -1.77984 5
    endloop
  endfacet
  facet normal 0.629323 0.777144 0
    outer loop
      vertex -9.47209 -1.63492 5
      vertex -9.29313 -1.77984 0
      vertex -9.47209 -1.63492 0
    endloop
  endfacet
  facet normal 0.838671 -0.544639 0
    outer loop
      vertex -9.90526 1.1 5
      vertex -9.77984 1.29313 0
      vertex -9.77984 1.29313 5
    endloop
  endfacet
  facet normal 0.838671 -0.544639 0
    outer loop
      vertex -9.77984 1.29313 0
      vertex -9.90526 1.1 5
      vertex -9.90526 1.1 0
    endloop
  endfacet
  facet normal 0.891014 0.453975 0
    outer loop
      vertex -9.90526 -1.1 5
      vertex -10.0098 -0.89482 0
      vertex -10.0098 -0.89482 5
    endloop
  endfacet
  facet normal 0.891014 0.453975 0
    outer loop
      vertex -10.0098 -0.89482 0
      vertex -9.90526 -1.1 5
      vertex -9.90526 -1.1 0
    endloop
  endfacet
  facet normal 0.358356 0.933585 -0
    outer loop
      vertex -8.67984 -2.09232 0
      vertex -8.89482 -2.0098 5
      vertex -8.67984 -2.09232 5
    endloop
  endfacet
  facet normal 0.358356 0.933585 0
    outer loop
      vertex -8.89482 -2.0098 5
      vertex -8.67984 -2.09232 0
      vertex -8.89482 -2.0098 0
    endloop
  endfacet
  facet normal -0.891014 0.453975 0
    outer loop
      vertex -6.09474 -1.1 0
      vertex -5.9902 -0.89482 5
      vertex -5.9902 -0.89482 0
    endloop
  endfacet
  facet normal -0.891014 0.453975 0
    outer loop
      vertex -5.9902 -0.89482 5
      vertex -6.09474 -1.1 0
      vertex -6.09474 -1.1 5
    endloop
  endfacet
  facet normal -0.987691 -0.15642 0
    outer loop
      vertex -5.81205 0.229963 0
      vertex -5.84807 0.457406 5
      vertex -5.84807 0.457406 0
    endloop
  endfacet
  facet normal -0.987691 -0.15642 0
    outer loop
      vertex -5.84807 0.457406 5
      vertex -5.81205 0.229963 0
      vertex -5.81205 0.229963 5
    endloop
  endfacet
  facet normal 0.0523286 -0.99863 0
    outer loop
      vertex -8.22996 2.18795 0
      vertex -8 2.2 5
      vertex -8.22996 2.18795 5
    endloop
  endfacet
  facet normal 0.0523286 -0.99863 0
    outer loop
      vertex -8 2.2 5
      vertex -8.22996 2.18795 0
      vertex -8 2.2 0
    endloop
  endfacet
  facet normal -0.0523286 -0.99863 0
    outer loop
      vertex -8 2.2 0
      vertex -7.77004 2.18795 5
      vertex -8 2.2 5
    endloop
  endfacet
  facet normal -0.0523286 -0.99863 -0
    outer loop
      vertex -7.77004 2.18795 5
      vertex -8 2.2 0
      vertex -7.77004 2.18795 0
    endloop
  endfacet
  facet normal -0.707107 0.707107 0
    outer loop
      vertex -6.52791 -1.63492 0
      vertex -6.36508 -1.47209 5
      vertex -6.36508 -1.47209 0
    endloop
  endfacet
  facet normal -0.707107 0.707107 0
    outer loop
      vertex -6.36508 -1.47209 5
      vertex -6.52791 -1.63492 0
      vertex -6.52791 -1.63492 5
    endloop
  endfacet
  facet normal -0.933572 0.35839 0
    outer loop
      vertex -5.9902 -0.89482 0
      vertex -5.90767 -0.679837 5
      vertex -5.90767 -0.679837 0
    endloop
  endfacet
  facet normal -0.933572 0.35839 0
    outer loop
      vertex -5.90767 -0.679837 5
      vertex -5.9902 -0.89482 0
      vertex -5.9902 -0.89482 5
    endloop
  endfacet
  facet normal -0.777144 0.629323 0
    outer loop
      vertex -6.36508 -1.47209 0
      vertex -6.22016 -1.29313 5
      vertex -6.22016 -1.29313 0
    endloop
  endfacet
  facet normal -0.777144 0.629323 0
    outer loop
      vertex -6.22016 -1.29313 5
      vertex -6.36508 -1.47209 0
      vertex -6.36508 -1.47209 5
    endloop
  endfacet
  facet normal 0.891013 -0.453977 0
    outer loop
      vertex -10.0098 0.894821 5
      vertex -9.90526 1.1 0
      vertex -9.90526 1.1 5
    endloop
  endfacet
  facet normal 0.891013 -0.453977 0
    outer loop
      vertex -9.90526 1.1 0
      vertex -10.0098 0.894821 5
      vertex -10.0098 0.894821 0
    endloop
  endfacet
  facet normal -0.838671 0.544639 0
    outer loop
      vertex -6.22016 -1.29313 0
      vertex -6.09474 -1.1 5
      vertex -6.09474 -1.1 0
    endloop
  endfacet
  facet normal -0.838671 0.544639 0
    outer loop
      vertex -6.09474 -1.1 5
      vertex -6.22016 -1.29313 0
      vertex -6.22016 -1.29313 5
    endloop
  endfacet
  facet normal 0.707107 0.707107 0
    outer loop
      vertex -9.47209 -1.63492 5
      vertex -9.63492 -1.47209 0
      vertex -9.63492 -1.47209 5
    endloop
  endfacet
  facet normal 0.707107 0.707107 0
    outer loop
      vertex -9.63492 -1.47209 0
      vertex -9.47209 -1.63492 5
      vertex -9.47209 -1.63492 0
    endloop
  endfacet
  facet normal -0.258819 -0.965926 0
    outer loop
      vertex -7.54259 2.15193 0
      vertex -7.32016 2.09233 5
      vertex -7.54259 2.15193 5
    endloop
  endfacet
  facet normal -0.258819 -0.965926 -0
    outer loop
      vertex -7.32016 2.09233 5
      vertex -7.54259 2.15193 0
      vertex -7.32016 2.09233 0
    endloop
  endfacet
  facet normal -0.965926 0.258817 0
    outer loop
      vertex -5.90767 -0.679837 0
      vertex -5.84807 -0.457405 5
      vertex -5.84807 -0.457405 0
    endloop
  endfacet
  facet normal -0.965926 0.258817 0
    outer loop
      vertex -5.84807 -0.457405 5
      vertex -5.90767 -0.679837 0
      vertex -5.90767 -0.679837 5
    endloop
  endfacet
  facet normal -0.544639 -0.838671 0
    outer loop
      vertex -6.9 1.90526 0
      vertex -6.70687 1.77984 5
      vertex -6.9 1.90526 5
    endloop
  endfacet
  facet normal -0.544639 -0.838671 -0
    outer loop
      vertex -6.70687 1.77984 5
      vertex -6.9 1.90526 0
      vertex -6.70687 1.77984 0
    endloop
  endfacet
  facet normal -0.99863 -0.0523279 0
    outer loop
      vertex -5.8 0 0
      vertex -5.81205 0.229963 5
      vertex -5.81205 0.229963 0
    endloop
  endfacet
  facet normal -0.99863 -0.0523279 0
    outer loop
      vertex -5.81205 0.229963 5
      vertex -5.8 0 0
      vertex -5.8 0 5
    endloop
  endfacet
  facet normal -0.156415 -0.987691 0
    outer loop
      vertex -7.77004 2.18795 0
      vertex -7.54259 2.15193 5
      vertex -7.77004 2.18795 5
    endloop
  endfacet
  facet normal -0.156415 -0.987691 -0
    outer loop
      vertex -7.54259 2.15193 5
      vertex -7.77004 2.18795 0
      vertex -7.54259 2.15193 0
    endloop
  endfacet
  facet normal 0 0 1
    outer loop
      vertex 120.2 12 5
      vertex 124 12 5
      vertex 123.967 12.6272 5
    endloop
  endfacet
  facet normal 0 0 1
    outer loop
      vertex 120.188 12.23 5
      vertex 123.967 12.6272 5
      vertex 123.869 13.2475 5
    endloop
  endfacet
  facet normal 0 0 1
    outer loop
      vertex 124 12 5
      vertex 120.2 12 5
      vertex 123.967 11.3728 5
    endloop
  endfacet
  facet normal 0 0 1
    outer loop
      vertex 120.152 12.4574 5
      vertex 123.869 13.2475 5
      vertex 123.706 13.8541 5
    endloop
  endfacet
  facet normal -0 0 1
    outer loop
      vertex 120.188 11.77 5
      vertex 123.967 11.3728 5
      vertex 120.2 12 5
    endloop
  endfacet
  facet normal 0 0 1
    outer loop
      vertex 120.092 12.6798 5
      vertex 123.706 13.8541 5
      vertex 123.481 14.4404 5
    endloop
  endfacet
  facet normal 0 0 1
    outer loop
      vertex 123.967 11.3728 5
      vertex 120.188 11.77 5
      vertex 123.869 10.7525 5
    endloop
  endfacet
  facet normal 0 0 1
    outer loop
      vertex 120.01 12.8948 5
      vertex 123.481 14.4404 5
      vertex 123.196 15 5
    endloop
  endfacet
  facet normal -0 0 1
    outer loop
      vertex 120.152 11.5426 5
      vertex 123.869 10.7525 5
      vertex 120.188 11.77 5
    endloop
  endfacet
  facet normal 0 0 1
    outer loop
      vertex 119.905 13.1 5
      vertex 123.196 15 5
      vertex 122.854 15.5267 5
    endloop
  endfacet
  facet normal 0 0 1
    outer loop
      vertex 123.869 10.7525 5
      vertex 120.152 11.5426 5
      vertex 123.706 10.1459 5
    endloop
  endfacet
  facet normal 0 0 1
    outer loop
      vertex 119.78 13.2931 5
      vertex 122.854 15.5267 5
      vertex 122.459 16.0148 5
    endloop
  endfacet
  facet normal -0 0 1
    outer loop
      vertex 120.092 11.3202 5
      vertex 123.706 10.1459 5
      vertex 120.152 11.5426 5
    endloop
  endfacet
  facet normal 0 0 1
    outer loop
      vertex 119.635 13.4721 5
      vertex 122.459 16.0148 5
      vertex 122.015 16.4589 5
    endloop
  endfacet
  facet normal 0 0 1
    outer loop
      vertex 123.706 10.1459 5
      vertex 120.092 11.3202 5
      vertex 123.481 9.55958 5
    endloop
  endfacet
  facet normal 0 0 1
    outer loop
      vertex 119.472 13.6349 5
      vertex 122.015 16.4589 5
      vertex 121.527 16.8541 5
    endloop
  endfacet
  facet normal -0 0 1
    outer loop
      vertex 120.01 11.1052 5
      vertex 123.481 9.55958 5
      vertex 120.092 11.3202 5
    endloop
  endfacet
  facet normal 0 0 1
    outer loop
      vertex 119.293 13.7798 5
      vertex 121.527 16.8541 5
      vertex 121 17.1962 5
    endloop
  endfacet
  facet normal 0 0 1
    outer loop
      vertex 123.481 9.55958 5
      vertex 120.01 11.1052 5
      vertex 123.196 9 5
    endloop
  endfacet
  facet normal 0 0 1
    outer loop
      vertex 119.1 13.9053 5
      vertex 121 17.1962 5
      vertex 120.44 17.4813 5
    endloop
  endfacet
  facet normal -0 0 1
    outer loop
      vertex 119.905 10.9 5
      vertex 123.196 9 5
      vertex 120.01 11.1052 5
    endloop
  endfacet
  facet normal 0 0 1
    outer loop
      vertex 123.196 9 5
      vertex 119.905 10.9 5
      vertex 122.854 8.47329 5
    endloop
  endfacet
  facet normal 0 0 1
    outer loop
      vertex 123.967 12.6272 5
      vertex 120.188 12.23 5
      vertex 120.2 12 5
    endloop
  endfacet
  facet normal 0 0 1
    outer loop
      vertex 123.869 13.2475 5
      vertex 120.152 12.4574 5
      vertex 120.188 12.23 5
    endloop
  endfacet
  facet normal 0 0 1
    outer loop
      vertex 123.706 13.8541 5
      vertex 120.092 12.6798 5
      vertex 120.152 12.4574 5
    endloop
  endfacet
  facet normal 0 0 1
    outer loop
      vertex 123.481 14.4404 5
      vertex 120.01 12.8948 5
      vertex 120.092 12.6798 5
    endloop
  endfacet
  facet normal 0 0 1
    outer loop
      vertex 123.196 15 5
      vertex 119.905 13.1 5
      vertex 120.01 12.8948 5
    endloop
  endfacet
  facet normal 0 0 1
    outer loop
      vertex 118.895 14.0098 5
      vertex 120.44 17.4813 5
      vertex 119.854 17.7063 5
    endloop
  endfacet
  facet normal 0 0 1
    outer loop
      vertex 122.854 15.5267 5
      vertex 119.78 13.2931 5
      vertex 119.905 13.1 5
    endloop
  endfacet
  facet normal 0 0 1
    outer loop
      vertex 122.459 16.0148 5
      vertex 119.635 13.4721 5
      vertex 119.78 13.2931 5
    endloop
  endfacet
  facet normal 0 0 1
    outer loop
      vertex 122.015 16.4589 5
      vertex 119.472 13.6349 5
      vertex 119.635 13.4721 5
    endloop
  endfacet
  facet normal 0 0 1
    outer loop
      vertex 121.527 16.8541 5
      vertex 119.293 13.7798 5
      vertex 119.472 13.6349 5
    endloop
  endfacet
  facet normal 0 0 1
    outer loop
      vertex 118.68 14.0923 5
      vertex 119.854 17.7063 5
      vertex 119.247 17.8689 5
    endloop
  endfacet
  facet normal 0 0 1
    outer loop
      vertex 121 17.1962 5
      vertex 119.1 13.9053 5
      vertex 119.293 13.7798 5
    endloop
  endfacet
  facet normal 0 0 1
    outer loop
      vertex 120.44 17.4813 5
      vertex 118.895 14.0098 5
      vertex 119.1 13.9053 5
    endloop
  endfacet
  facet normal 0 0 1
    outer loop
      vertex 119.854 17.7063 5
      vertex 118.68 14.0923 5
      vertex 118.895 14.0098 5
    endloop
  endfacet
  facet normal 0 0 1
    outer loop
      vertex 118.457 14.1519 5
      vertex 119.247 17.8689 5
      vertex 118.627 17.9671 5
    endloop
  endfacet
  facet normal 0 0 1
    outer loop
      vertex 119.247 17.8689 5
      vertex 118.457 14.1519 5
      vertex 118.68 14.0923 5
    endloop
  endfacet
  facet normal 0 0 1
    outer loop
      vertex 118.627 17.9671 5
      vertex 118.23 14.1879 5
      vertex 118.457 14.1519 5
    endloop
  endfacet
  facet normal 0 0 1
    outer loop
      vertex 118 18 5
      vertex 118.23 14.1879 5
      vertex 118.627 17.9671 5
    endloop
  endfacet
  facet normal 0 0 1
    outer loop
      vertex 118 18 5
      vertex 118 14.2 5
      vertex 118.23 14.1879 5
    endloop
  endfacet
  facet normal 0 0 1
    outer loop
      vertex 118 18 5
      vertex 117.77 14.1879 5
      vertex 118 14.2 5
    endloop
  endfacet
  facet normal 0 0 1
    outer loop
      vertex 118 18 5
      vertex 117.543 14.1519 5
      vertex 117.77 14.1879 5
    endloop
  endfacet
  facet normal 0 0 1
    outer loop
      vertex 118 18 5
      vertex 117.32 14.0923 5
      vertex 117.543 14.1519 5
    endloop
  endfacet
  facet normal 0 0 1
    outer loop
      vertex 118 18 5
      vertex 117.105 14.0098 5
      vertex 117.32 14.0923 5
    endloop
  endfacet
  facet normal 0 0 1
    outer loop
      vertex 118 18 5
      vertex 116.9 13.9053 5
      vertex 117.105 14.0098 5
    endloop
  endfacet
  facet normal 0 0 1
    outer loop
      vertex 118 18 5
      vertex 116.707 13.7798 5
      vertex 116.9 13.9053 5
    endloop
  endfacet
  facet normal 0 0 1
    outer loop
      vertex 118 18 5
      vertex 116.528 13.6349 5
      vertex 116.707 13.7798 5
    endloop
  endfacet
  facet normal -0 0 1
    outer loop
      vertex 110 18 5
      vertex 116.528 13.6349 5
      vertex 118 18 5
    endloop
  endfacet
  facet normal 0 0 1
    outer loop
      vertex 116.528 13.6349 5
      vertex 110 18 5
      vertex 116.365 13.4721 5
    endloop
  endfacet
  facet normal 0 0 1
    outer loop
      vertex 116.365 13.4721 5
      vertex 110 18 5
      vertex 116.22 13.2931 5
    endloop
  endfacet
  facet normal 0 0 1
    outer loop
      vertex 116.22 13.2931 5
      vertex 110 18 5
      vertex 116.095 13.1 5
    endloop
  endfacet
  facet normal 0 0 1
    outer loop
      vertex 115.812 12.23 5
      vertex 110 18 5
      vertex 115.8 12 5
    endloop
  endfacet
  facet normal 0 0 1
    outer loop
      vertex 115.848 12.4574 5
      vertex 110 18 5
      vertex 115.812 12.23 5
    endloop
  endfacet
  facet normal 0 0 1
    outer loop
      vertex 115.908 12.6798 5
      vertex 110 18 5
      vertex 115.848 12.4574 5
    endloop
  endfacet
  facet normal 0 0 1
    outer loop
      vertex 115.99 12.8948 5
      vertex 110 18 5
      vertex 115.908 12.6798 5
    endloop
  endfacet
  facet normal 0 0 1
    outer loop
      vertex 116.095 13.1 5
      vertex 110 18 5
      vertex 115.99 12.8948 5
    endloop
  endfacet
  facet normal -0 0 1
    outer loop
      vertex 119.78 10.7069 5
      vertex 122.854 8.47329 5
      vertex 119.905 10.9 5
    endloop
  endfacet
  facet normal 0 0 1
    outer loop
      vertex 122.854 8.47329 5
      vertex 119.78 10.7069 5
      vertex 122.459 7.98522 5
    endloop
  endfacet
  facet normal -0 0 1
    outer loop
      vertex 119.635 10.5279 5
      vertex 122.459 7.98522 5
      vertex 119.78 10.7069 5
    endloop
  endfacet
  facet normal 0 0 1
    outer loop
      vertex 122.459 7.98522 5
      vertex 119.635 10.5279 5
      vertex 122.015 7.54113 5
    endloop
  endfacet
  facet normal -0 0 1
    outer loop
      vertex 119.472 10.3651 5
      vertex 122.015 7.54113 5
      vertex 119.635 10.5279 5
    endloop
  endfacet
  facet normal 0 0 1
    outer loop
      vertex 122.015 7.54113 5
      vertex 119.472 10.3651 5
      vertex 121.527 7.1459 5
    endloop
  endfacet
  facet normal -0 0 1
    outer loop
      vertex 119.293 10.2202 5
      vertex 121.527 7.1459 5
      vertex 119.472 10.3651 5
    endloop
  endfacet
  facet normal 0 0 1
    outer loop
      vertex 121.527 7.1459 5
      vertex 119.293 10.2202 5
      vertex 121 6.80385 5
    endloop
  endfacet
  facet normal -0 0 1
    outer loop
      vertex 119.1 10.0947 5
      vertex 121 6.80385 5
      vertex 119.293 10.2202 5
    endloop
  endfacet
  facet normal 0 0 1
    outer loop
      vertex 121 6.80385 5
      vertex 119.1 10.0947 5
      vertex 120.44 6.51873 5
    endloop
  endfacet
  facet normal -0 0 1
    outer loop
      vertex 118.895 9.9902 5
      vertex 120.44 6.51873 5
      vertex 119.1 10.0947 5
    endloop
  endfacet
  facet normal 0 0 1
    outer loop
      vertex 120.44 6.51873 5
      vertex 118.895 9.9902 5
      vertex 119.854 6.29366 5
    endloop
  endfacet
  facet normal -0 0 1
    outer loop
      vertex 118.68 9.90767 5
      vertex 119.854 6.29366 5
      vertex 118.895 9.9902 5
    endloop
  endfacet
  facet normal 0 0 1
    outer loop
      vertex 119.854 6.29366 5
      vertex 118.68 9.90767 5
      vertex 119.247 6.13111 5
    endloop
  endfacet
  facet normal -0 0 1
    outer loop
      vertex 118.457 9.84807 5
      vertex 119.247 6.13111 5
      vertex 118.68 9.90767 5
    endloop
  endfacet
  facet normal 0 0 1
    outer loop
      vertex 119.247 6.13111 5
      vertex 118.457 9.84807 5
      vertex 118.627 6.03287 5
    endloop
  endfacet
  facet normal -0 0 1
    outer loop
      vertex 118.23 9.81205 5
      vertex 118.627 6.03287 5
      vertex 118.457 9.84807 5
    endloop
  endfacet
  facet normal -0 0 1
    outer loop
      vertex 118 9.8 5
      vertex 118.627 6.03287 5
      vertex 118.23 9.81205 5
    endloop
  endfacet
  facet normal 0 0 1
    outer loop
      vertex 118 9.8 5
      vertex 118 6 5
      vertex 118.627 6.03287 5
    endloop
  endfacet
  facet normal 0 0 1
    outer loop
      vertex 117.77 9.81205 5
      vertex 118 6 5
      vertex 118 9.8 5
    endloop
  endfacet
  facet normal 0 0 1
    outer loop
      vertex 117.543 9.84807 5
      vertex 118 6 5
      vertex 117.77 9.81205 5
    endloop
  endfacet
  facet normal 0 0 1
    outer loop
      vertex 117.32 9.90767 5
      vertex 118 6 5
      vertex 117.543 9.84807 5
    endloop
  endfacet
  facet normal 0 0 1
    outer loop
      vertex 117.105 9.9902 5
      vertex 118 6 5
      vertex 117.32 9.90767 5
    endloop
  endfacet
  facet normal 0 0 1
    outer loop
      vertex 116.9 10.0947 5
      vertex 118 6 5
      vertex 117.105 9.9902 5
    endloop
  endfacet
  facet normal 0 0 1
    outer loop
      vertex 116.707 10.2202 5
      vertex 118 6 5
      vertex 116.9 10.0947 5
    endloop
  endfacet
  facet normal 0 0 1
    outer loop
      vertex 116.528 10.3651 5
      vertex 118 6 5
      vertex 116.707 10.2202 5
    endloop
  endfacet
  facet normal 0 0 1
    outer loop
      vertex 110 6 5
      vertex 116.528 10.3651 5
      vertex 116.365 10.5279 5
    endloop
  endfacet
  facet normal 0 0 1
    outer loop
      vertex 110 6 5
      vertex 116.365 10.5279 5
      vertex 116.22 10.7069 5
    endloop
  endfacet
  facet normal 0 0 1
    outer loop
      vertex 110 6 5
      vertex 116.22 10.7069 5
      vertex 116.095 10.9 5
    endloop
  endfacet
  facet normal 0 0 1
    outer loop
      vertex 110 6 5
      vertex 116.095 10.9 5
      vertex 115.99 11.1052 5
    endloop
  endfacet
  facet normal 0 0 1
    outer loop
      vertex 110 6 5
      vertex 115.8 12 5
      vertex 110 18 5
    endloop
  endfacet
  facet normal 0 0 1
    outer loop
      vertex 115.8 12 5
      vertex 110 6 5
      vertex 115.812 11.77 5
    endloop
  endfacet
  facet normal 0 0 1
    outer loop
      vertex 115.812 11.77 5
      vertex 110 6 5
      vertex 115.848 11.5426 5
    endloop
  endfacet
  facet normal 0 0 1
    outer loop
      vertex 115.848 11.5426 5
      vertex 110 6 5
      vertex 115.908 11.3202 5
    endloop
  endfacet
  facet normal 0 0 1
    outer loop
      vertex 115.908 11.3202 5
      vertex 110 6 5
      vertex 115.99 11.1052 5
    endloop
  endfacet
  facet normal 0 0 1
    outer loop
      vertex 116.528 10.3651 5
      vertex 110 6 5
      vertex 118 6 5
    endloop
  endfacet
  facet normal 0 1 -0
    outer loop
      vertex 118 18 0
      vertex 110 18 5
      vertex 118 18 5
    endloop
  endfacet
  facet normal 0 1 0
    outer loop
      vertex 110 18 5
      vertex 118 18 0
      vertex 110 18 0
    endloop
  endfacet
  facet normal 0 -1 0
    outer loop
      vertex 110 6 0
      vertex 118 6 5
      vertex 110 6 5
    endloop
  endfacet
  facet normal 0 -1 -0
    outer loop
      vertex 118 6 5
      vertex 110 6 0
      vertex 118 6 0
    endloop
  endfacet
  facet normal 0.987749 -0.156053 0
    outer loop
      vertex 123.869 10.7525 5
      vertex 123.967 11.3728 0
      vertex 123.967 11.3728 5
    endloop
  endfacet
  facet normal 0.987749 -0.156053 0
    outer loop
      vertex 123.967 11.3728 0
      vertex 123.869 10.7525 5
      vertex 123.869 10.7525 0
    endloop
  endfacet
  facet normal 0.0524 0.998626 -0
    outer loop
      vertex 118.627 17.9671 0
      vertex 118 18 5
      vertex 118.627 17.9671 5
    endloop
  endfacet
  facet normal 0.0524 0.998626 0
    outer loop
      vertex 118 18 5
      vertex 118.627 17.9671 0
      vertex 118 18 0
    endloop
  endfacet
  facet normal 0.544429 -0.838807 0
    outer loop
      vertex 121 6.80385 0
      vertex 121.527 7.1459 5
      vertex 121 6.80385 5
    endloop
  endfacet
  facet normal 0.544429 -0.838807 0
    outer loop
      vertex 121.527 7.1459 5
      vertex 121 6.80385 0
      vertex 121.527 7.1459 0
    endloop
  endfacet
  facet normal 0.544485 0.838771 -0
    outer loop
      vertex 121.527 16.8541 0
      vertex 121 17.1962 5
      vertex 121.527 16.8541 5
    endloop
  endfacet
  facet normal 0.544485 0.838771 0
    outer loop
      vertex 121 17.1962 5
      vertex 121.527 16.8541 0
      vertex 121 17.1962 0
    endloop
  endfacet
  facet normal 0.933612 0.358285 0
    outer loop
      vertex 123.706 13.8541 5
      vertex 123.481 14.4404 0
      vertex 123.481 14.4404 5
    endloop
  endfacet
  facet normal 0.933612 0.358285 0
    outer loop
      vertex 123.481 14.4404 0
      vertex 123.706 13.8541 5
      vertex 123.706 13.8541 0
    endloop
  endfacet
  facet normal 0.629345 0.777126 -0
    outer loop
      vertex 122.015 16.4589 0
      vertex 121.527 16.8541 5
      vertex 122.015 16.4589 5
    endloop
  endfacet
  facet normal 0.629345 0.777126 0
    outer loop
      vertex 121.527 16.8541 5
      vertex 122.015 16.4589 0
      vertex 121.527 16.8541 0
    endloop
  endfacet
  facet normal 0.987749 0.156053 0
    outer loop
      vertex 123.967 12.6272 5
      vertex 123.869 13.2475 0
      vertex 123.869 13.2475 5
    endloop
  endfacet
  facet normal 0.987749 0.156053 0
    outer loop
      vertex 123.869 13.2475 0
      vertex 123.967 12.6272 5
      vertex 123.967 12.6272 0
    endloop
  endfacet
  facet normal 0.998619 0.0525421 0
    outer loop
      vertex 124 12 5
      vertex 123.967 12.6272 0
      vertex 123.967 12.6272 5
    endloop
  endfacet
  facet normal 0.998619 0.0525421 0
    outer loop
      vertex 123.967 12.6272 0
      vertex 124 12 5
      vertex 124 12 0
    endloop
  endfacet
  facet normal 0.629374 -0.777103 0
    outer loop
      vertex 121.527 7.1459 0
      vertex 122.015 7.54113 5
      vertex 121.527 7.1459 5
    endloop
  endfacet
  facet normal 0.629374 -0.777103 0
    outer loop
      vertex 122.015 7.54113 5
      vertex 121.527 7.1459 0
      vertex 122.015 7.54113 0
    endloop
  endfacet
  facet normal 0.358445 0.933551 -0
    outer loop
      vertex 120.44 17.4813 0
      vertex 119.854 17.7063 5
      vertex 120.44 17.4813 5
    endloop
  endfacet
  facet normal 0.358445 0.933551 0
    outer loop
      vertex 119.854 17.7063 5
      vertex 120.44 17.4813 0
      vertex 119.854 17.7063 0
    endloop
  endfacet
  facet normal 0.156437 0.987688 -0
    outer loop
      vertex 119.247 17.8689 0
      vertex 118.627 17.9671 5
      vertex 119.247 17.8689 5
    endloop
  endfacet
  facet normal 0.156437 0.987688 0
    outer loop
      vertex 118.627 17.9671 5
      vertex 119.247 17.8689 0
      vertex 118.627 17.9671 0
    endloop
  endfacet
  facet normal 0.838707 -0.544584 0
    outer loop
      vertex 122.854 8.47329 5
      vertex 123.196 9 0
      vertex 123.196 9 5
    endloop
  endfacet
  facet normal 0.838707 -0.544584 0
    outer loop
      vertex 123.196 9 0
      vertex 122.854 8.47329 5
      vertex 122.854 8.47329 0
    endloop
  endfacet
  facet normal 0.453695 0.891157 -0
    outer loop
      vertex 121 17.1962 0
      vertex 120.44 17.4813 5
      vertex 121 17.1962 5
    endloop
  endfacet
  facet normal 0.453695 0.891157 0
    outer loop
      vertex 120.44 17.4813 5
      vertex 121 17.1962 0
      vertex 120.44 17.4813 0
    endloop
  endfacet
  facet normal 0.965742 -0.259505 0
    outer loop
      vertex 123.706 10.1459 5
      vertex 123.869 10.7525 0
      vertex 123.869 10.7525 5
    endloop
  endfacet
  facet normal 0.965742 -0.259505 0
    outer loop
      vertex 123.869 10.7525 0
      vertex 123.706 10.1459 5
      vertex 123.706 10.1459 0
    endloop
  endfacet
  facet normal 0.965742 0.259505 0
    outer loop
      vertex 123.869 13.2475 5
      vertex 123.706 13.8541 0
      vertex 123.706 13.8541 5
    endloop
  endfacet
  facet normal 0.965742 0.259505 0
    outer loop
      vertex 123.706 13.8541 0
      vertex 123.869 13.2475 5
      vertex 123.869 13.2475 0
    endloop
  endfacet
  facet normal 0.358542 -0.933513 0
    outer loop
      vertex 119.854 6.29366 0
      vertex 120.44 6.51873 5
      vertex 119.854 6.29366 5
    endloop
  endfacet
  facet normal 0.358542 -0.933513 0
    outer loop
      vertex 120.44 6.51873 5
      vertex 119.854 6.29366 0
      vertex 120.44 6.51873 0
    endloop
  endfacet
  facet normal 0.156499 -0.987678 0
    outer loop
      vertex 118.627 6.03287 0
      vertex 119.247 6.13111 5
      vertex 118.627 6.03287 5
    endloop
  endfacet
  facet normal 0.156499 -0.987678 0
    outer loop
      vertex 119.247 6.13111 5
      vertex 118.627 6.03287 0
      vertex 119.247 6.13111 0
    endloop
  endfacet
  facet normal 0.838702 0.544591 0
    outer loop
      vertex 123.196 15 5
      vertex 122.854 15.5267 0
      vertex 122.854 15.5267 5
    endloop
  endfacet
  facet normal 0.838702 0.544591 0
    outer loop
      vertex 122.854 15.5267 0
      vertex 123.196 15 5
      vertex 123.196 15 0
    endloop
  endfacet
  facet normal 0.998619 -0.0525421 0
    outer loop
      vertex 123.967 11.3728 5
      vertex 124 12 0
      vertex 124 12 5
    endloop
  endfacet
  facet normal 0.998619 -0.0525421 0
    outer loop
      vertex 124 12 0
      vertex 123.967 11.3728 5
      vertex 123.967 11.3728 0
    endloop
  endfacet
  facet normal 0.258678 -0.965964 0
    outer loop
      vertex 119.247 6.13111 0
      vertex 119.854 6.29366 5
      vertex 119.247 6.13111 5
    endloop
  endfacet
  facet normal 0.258678 -0.965964 0
    outer loop
      vertex 119.854 6.29366 5
      vertex 119.247 6.13111 0
      vertex 119.854 6.29366 0
    endloop
  endfacet
  facet normal 0.933616 -0.358275 0
    outer loop
      vertex 123.481 9.55958 5
      vertex 123.706 10.1459 0
      vertex 123.706 10.1459 5
    endloop
  endfacet
  facet normal 0.933616 -0.358275 0
    outer loop
      vertex 123.706 10.1459 0
      vertex 123.481 9.55958 5
      vertex 123.481 9.55958 0
    endloop
  endfacet
  facet normal 0.891091 0.453826 0
    outer loop
      vertex 123.481 14.4404 5
      vertex 123.196 15 0
      vertex 123.196 15 5
    endloop
  endfacet
  facet normal 0.891091 0.453826 0
    outer loop
      vertex 123.196 15 0
      vertex 123.481 14.4404 5
      vertex 123.481 14.4404 0
    endloop
  endfacet
  facet normal 0.777345 0.629075 0
    outer loop
      vertex 122.854 15.5267 5
      vertex 122.459 16.0148 0
      vertex 122.459 16.0148 5
    endloop
  endfacet
  facet normal 0.777345 0.629075 0
    outer loop
      vertex 122.459 16.0148 0
      vertex 122.854 15.5267 5
      vertex 122.854 15.5267 0
    endloop
  endfacet
  facet normal 0.707178 -0.707035 0
    outer loop
      vertex 122.015 7.54113 5
      vertex 122.459 7.98522 0
      vertex 122.459 7.98522 5
    endloop
  endfacet
  facet normal 0.707178 -0.707035 0
    outer loop
      vertex 122.459 7.98522 0
      vertex 122.015 7.54113 5
      vertex 122.015 7.54113 0
    endloop
  endfacet
  facet normal 0.707186 0.707027 0
    outer loop
      vertex 122.459 16.0148 5
      vertex 122.015 16.4589 0
      vertex 122.015 16.4589 5
    endloop
  endfacet
  facet normal 0.707186 0.707027 0
    outer loop
      vertex 122.015 16.4589 0
      vertex 122.459 16.0148 5
      vertex 122.459 16.0148 0
    endloop
  endfacet
  facet normal 0.258752 0.965944 -0
    outer loop
      vertex 119.854 17.7063 0
      vertex 119.247 17.8689 5
      vertex 119.854 17.7063 5
    endloop
  endfacet
  facet normal 0.258752 0.965944 0
    outer loop
      vertex 119.247 17.8689 5
      vertex 119.854 17.7063 0
      vertex 119.247 17.8689 0
    endloop
  endfacet
  facet normal 0.891084 -0.453838 0
    outer loop
      vertex 123.196 9 5
      vertex 123.481 9.55958 0
      vertex 123.481 9.55958 5
    endloop
  endfacet
  facet normal 0.891084 -0.453838 0
    outer loop
      vertex 123.481 9.55958 0
      vertex 123.196 9 5
      vertex 123.196 9 0
    endloop
  endfacet
  facet normal 0.45372 -0.891144 0
    outer loop
      vertex 120.44 6.51873 0
      vertex 121 6.80385 5
      vertex 120.44 6.51873 5
    endloop
  endfacet
  facet normal 0.45372 -0.891144 0
    outer loop
      vertex 121 6.80385 5
      vertex 120.44 6.51873 0
      vertex 121 6.80385 0
    endloop
  endfacet
  facet normal 0.0523524 -0.998629 0
    outer loop
      vertex 118 6 0
      vertex 118.627 6.03287 5
      vertex 118 6 5
    endloop
  endfacet
  facet normal 0.0523524 -0.998629 0
    outer loop
      vertex 118.627 6.03287 5
      vertex 118 6 0
      vertex 118.627 6.03287 0
    endloop
  endfacet
  facet normal 0.777326 -0.629098 0
    outer loop
      vertex 122.459 7.98522 5
      vertex 122.854 8.47329 0
      vertex 122.854 8.47329 5
    endloop
  endfacet
  facet normal 0.777326 -0.629098 0
    outer loop
      vertex 122.854 8.47329 0
      vertex 122.459 7.98522 5
      vertex 122.459 7.98522 0
    endloop
  endfacet
  facet normal -0.358365 0.933582 0
    outer loop
      vertex 118.895 9.9902 0
      vertex 118.68 9.90767 5
      vertex 118.895 9.9902 5
    endloop
  endfacet
  facet normal -0.358365 0.933582 0
    outer loop
      vertex 118.68 9.90767 5
      vertex 118.895 9.9902 0
      vertex 118.68 9.90767 0
    endloop
  endfacet
  facet normal -0.987699 -0.156364 0
    outer loop
      vertex 120.188 12.23 0
      vertex 120.152 12.4574 5
      vertex 120.152 12.4574 0
    endloop
  endfacet
  facet normal -0.987699 -0.156364 0
    outer loop
      vertex 120.152 12.4574 5
      vertex 120.188 12.23 0
      vertex 120.188 12.23 5
    endloop
  endfacet
  facet normal -0.998642 -0.052103 0
    outer loop
      vertex 120.2 12 0
      vertex 120.188 12.23 5
      vertex 120.188 12.23 0
    endloop
  endfacet
  facet normal -0.998642 -0.052103 0
    outer loop
      vertex 120.188 12.23 5
      vertex 120.2 12 0
      vertex 120.2 12 5
    endloop
  endfacet
  facet normal -0.965482 -0.260472 0
    outer loop
      vertex 120.152 12.4574 0
      vertex 120.092 12.6798 5
      vertex 120.092 12.6798 0
    endloop
  endfacet
  facet normal -0.965482 -0.260472 0
    outer loop
      vertex 120.092 12.6798 5
      vertex 120.152 12.4574 0
      vertex 120.152 12.4574 5
    endloop
  endfacet
  facet normal -0.545141 0.838344 0
    outer loop
      vertex 119.293 10.2202 0
      vertex 119.1 10.0947 5
      vertex 119.293 10.2202 5
    endloop
  endfacet
  facet normal -0.545141 0.838344 0
    outer loop
      vertex 119.1 10.0947 5
      vertex 119.293 10.2202 0
      vertex 119.1 10.0947 0
    endloop
  endfacet
  facet normal 0.454154 0.890923 -0
    outer loop
      vertex 117.105 9.9902 0
      vertex 116.9 10.0947 5
      vertex 117.105 9.9902 5
    endloop
  endfacet
  facet normal 0.454154 0.890923 0
    outer loop
      vertex 116.9 10.0947 5
      vertex 117.105 9.9902 0
      vertex 116.9 10.0947 0
    endloop
  endfacet
  facet normal 0.545141 -0.838344 0
    outer loop
      vertex 116.707 13.7798 0
      vertex 116.9 13.9053 5
      vertex 116.707 13.7798 5
    endloop
  endfacet
  facet normal 0.545141 -0.838344 0
    outer loop
      vertex 116.9 13.9053 5
      vertex 116.707 13.7798 0
      vertex 116.9 13.9053 0
    endloop
  endfacet
  facet normal 0.890224 0.455524 0
    outer loop
      vertex 116.095 10.9 5
      vertex 115.99 11.1052 0
      vertex 115.99 11.1052 5
    endloop
  endfacet
  facet normal 0.890224 0.455524 0
    outer loop
      vertex 115.99 11.1052 0
      vertex 116.095 10.9 5
      vertex 116.095 10.9 0
    endloop
  endfacet
  facet normal -0.998642 0.052103 0
    outer loop
      vertex 120.188 11.77 0
      vertex 120.2 12 5
      vertex 120.2 12 0
    endloop
  endfacet
  facet normal -0.998642 0.052103 0
    outer loop
      vertex 120.2 12 5
      vertex 120.188 11.77 0
      vertex 120.188 11.77 5
    endloop
  endfacet
  facet normal -0.93435 -0.356357 0
    outer loop
      vertex 120.092 12.6798 0
      vertex 120.01 12.8948 5
      vertex 120.01 12.8948 0
    endloop
  endfacet
  facet normal -0.93435 -0.356357 0
    outer loop
      vertex 120.01 12.8948 5
      vertex 120.092 12.6798 0
      vertex 120.092 12.6798 5
    endloop
  endfacet
  facet normal -0.156633 -0.987657 0
    outer loop
      vertex 118.23 14.1879 0
      vertex 118.457 14.1519 5
      vertex 118.23 14.1879 5
    endloop
  endfacet
  facet normal -0.156633 -0.987657 -0
    outer loop
      vertex 118.457 14.1519 5
      vertex 118.23 14.1879 0
      vertex 118.457 14.1519 0
    endloop
  endfacet
  facet normal 0.998642 -0.052103 0
    outer loop
      vertex 115.8 12 5
      vertex 115.812 12.23 0
      vertex 115.812 12.23 5
    endloop
  endfacet
  facet normal 0.998642 -0.052103 0
    outer loop
      vertex 115.812 12.23 0
      vertex 115.8 12 5
      vertex 115.8 12 0
    endloop
  endfacet
  facet normal -0.839465 -0.543413 0
    outer loop
      vertex 119.905 13.1 0
      vertex 119.78 13.2931 5
      vertex 119.78 13.2931 0
    endloop
  endfacet
  facet normal -0.839465 -0.543413 0
    outer loop
      vertex 119.78 13.2931 5
      vertex 119.905 13.1 0
      vertex 119.905 13.1 5
    endloop
  endfacet
  facet normal 0.454154 -0.890923 0
    outer loop
      vertex 116.9 13.9053 0
      vertex 117.105 14.0098 5
      vertex 116.9 13.9053 5
    endloop
  endfacet
  facet normal 0.454154 -0.890923 0
    outer loop
      vertex 117.105 14.0098 5
      vertex 116.9 13.9053 0
      vertex 117.105 14.0098 0
    endloop
  endfacet
  facet normal -0.706673 0.707541 0
    outer loop
      vertex 119.635 10.5279 0
      vertex 119.472 10.3651 5
      vertex 119.635 10.5279 5
    endloop
  endfacet
  facet normal -0.706673 0.707541 0
    outer loop
      vertex 119.472 10.3651 5
      vertex 119.635 10.5279 0
      vertex 119.472 10.3651 0
    endloop
  endfacet
  facet normal 0.358251 -0.933625 0
    outer loop
      vertex 117.105 14.0098 0
      vertex 117.32 14.0923 5
      vertex 117.105 14.0098 5
    endloop
  endfacet
  facet normal 0.358251 -0.933625 0
    outer loop
      vertex 117.32 14.0923 5
      vertex 117.105 14.0098 0
      vertex 117.32 14.0923 0
    endloop
  endfacet
  facet normal -0.454154 0.890923 0
    outer loop
      vertex 119.1 10.0947 0
      vertex 118.895 9.9902 5
      vertex 119.1 10.0947 5
    endloop
  endfacet
  facet normal -0.454154 0.890923 0
    outer loop
      vertex 118.895 9.9902 5
      vertex 119.1 10.0947 0
      vertex 118.895 9.9902 0
    endloop
  endfacet
  facet normal 0.987699 -0.156364 0
    outer loop
      vertex 115.812 12.23 5
      vertex 115.848 12.4574 0
      vertex 115.848 12.4574 5
    endloop
  endfacet
  facet normal 0.987699 -0.156364 0
    outer loop
      vertex 115.848 12.4574 0
      vertex 115.812 12.23 5
      vertex 115.812 12.23 0
    endloop
  endfacet
  facet normal 0.839465 0.543413 0
    outer loop
      vertex 116.22 10.7069 5
      vertex 116.095 10.9 0
      vertex 116.095 10.9 5
    endloop
  endfacet
  facet normal 0.839465 0.543413 0
    outer loop
      vertex 116.095 10.9 0
      vertex 116.22 10.7069 5
      vertex 116.22 10.7069 0
    endloop
  endfacet
  facet normal -0.258202 0.966091 0
    outer loop
      vertex 118.68 9.90767 0
      vertex 118.457 9.84807 5
      vertex 118.68 9.90767 5
    endloop
  endfacet
  facet normal -0.258202 0.966091 0
    outer loop
      vertex 118.457 9.84807 5
      vertex 118.68 9.90767 0
      vertex 118.457 9.84807 0
    endloop
  endfacet
  facet normal 0.965482 0.260472 0
    outer loop
      vertex 115.908 11.3202 5
      vertex 115.848 11.5426 0
      vertex 115.848 11.5426 5
    endloop
  endfacet
  facet normal 0.965482 0.260472 0
    outer loop
      vertex 115.848 11.5426 0
      vertex 115.908 11.3202 5
      vertex 115.908 11.3202 0
    endloop
  endfacet
  facet normal -0.545141 -0.838344 0
    outer loop
      vertex 119.1 13.9053 0
      vertex 119.293 13.7798 5
      vertex 119.1 13.9053 5
    endloop
  endfacet
  facet normal -0.545141 -0.838344 -0
    outer loop
      vertex 119.293 13.7798 5
      vertex 119.1 13.9053 0
      vertex 119.293 13.7798 0
    endloop
  endfacet
  facet normal 0.629186 0.777255 -0
    outer loop
      vertex 116.707 10.2202 0
      vertex 116.528 10.3651 5
      vertex 116.707 10.2202 5
    endloop
  endfacet
  facet normal 0.629186 0.777255 0
    outer loop
      vertex 116.528 10.3651 5
      vertex 116.707 10.2202 0
      vertex 116.528 10.3651 0
    endloop
  endfacet
  facet normal -0.93435 0.356357 0
    outer loop
      vertex 120.01 11.1052 0
      vertex 120.092 11.3202 5
      vertex 120.092 11.3202 0
    endloop
  endfacet
  facet normal -0.93435 0.356357 0
    outer loop
      vertex 120.092 11.3202 5
      vertex 120.01 11.1052 0
      vertex 120.01 11.1052 5
    endloop
  endfacet
  facet normal 0.258202 -0.966091 0
    outer loop
      vertex 117.32 14.0923 0
      vertex 117.543 14.1519 5
      vertex 117.32 14.0923 5
    endloop
  endfacet
  facet normal 0.258202 -0.966091 0
    outer loop
      vertex 117.543 14.1519 5
      vertex 117.32 14.0923 0
      vertex 117.543 14.1519 0
    endloop
  endfacet
  facet normal 0.156633 -0.987657 0
    outer loop
      vertex 117.543 14.1519 0
      vertex 117.77 14.1879 5
      vertex 117.543 14.1519 5
    endloop
  endfacet
  facet normal 0.156633 -0.987657 0
    outer loop
      vertex 117.77 14.1879 5
      vertex 117.543 14.1519 0
      vertex 117.77 14.1879 0
    endloop
  endfacet
  facet normal 0.358365 0.933582 -0
    outer loop
      vertex 117.32 9.90767 0
      vertex 117.105 9.9902 5
      vertex 117.32 9.90767 5
    endloop
  endfacet
  facet normal 0.358365 0.933582 0
    outer loop
      vertex 117.105 9.9902 5
      vertex 117.32 9.90767 0
      vertex 117.105 9.9902 0
    endloop
  endfacet
  facet normal -0.258202 -0.966091 0
    outer loop
      vertex 118.457 14.1519 0
      vertex 118.68 14.0923 5
      vertex 118.457 14.1519 5
    endloop
  endfacet
  facet normal -0.258202 -0.966091 -0
    outer loop
      vertex 118.68 14.0923 5
      vertex 118.457 14.1519 0
      vertex 118.68 14.0923 0
    endloop
  endfacet
  facet normal 0.052536 -0.998619 0
    outer loop
      vertex 117.77 14.1879 0
      vertex 118 14.2 5
      vertex 117.77 14.1879 5
    endloop
  endfacet
  facet normal 0.052536 -0.998619 0
    outer loop
      vertex 118 14.2 5
      vertex 117.77 14.1879 0
      vertex 118 14.2 0
    endloop
  endfacet
  facet normal -0.454154 -0.890923 0
    outer loop
      vertex 118.895 14.0098 0
      vertex 119.1 13.9053 5
      vertex 118.895 14.0098 5
    endloop
  endfacet
  facet normal -0.454154 -0.890923 -0
    outer loop
      vertex 119.1 13.9053 5
      vertex 118.895 14.0098 0
      vertex 119.1 13.9053 0
    endloop
  endfacet
  facet normal 0.706673 0.707541 0
    outer loop
      vertex 116.528 10.3651 5
      vertex 116.365 10.5279 0
      vertex 116.365 10.5279 5
    endloop
  endfacet
  facet normal 0.706673 0.707541 0
    outer loop
      vertex 116.365 10.5279 0
      vertex 116.528 10.3651 5
      vertex 116.528 10.3651 0
    endloop
  endfacet
  facet normal -0.629186 0.777255 0
    outer loop
      vertex 119.472 10.3651 0
      vertex 119.293 10.2202 5
      vertex 119.472 10.3651 5
    endloop
  endfacet
  facet normal -0.629186 0.777255 0
    outer loop
      vertex 119.293 10.2202 5
      vertex 119.472 10.3651 0
      vertex 119.293 10.2202 0
    endloop
  endfacet
  facet normal 0.777043 0.629448 0
    outer loop
      vertex 116.365 10.5279 5
      vertex 116.22 10.7069 0
      vertex 116.22 10.7069 5
    endloop
  endfacet
  facet normal 0.777043 0.629448 0
    outer loop
      vertex 116.22 10.7069 0
      vertex 116.365 10.5279 5
      vertex 116.365 10.5279 0
    endloop
  endfacet
  facet normal -0.965482 0.260472 0
    outer loop
      vertex 120.092 11.3202 0
      vertex 120.152 11.5426 5
      vertex 120.152 11.5426 0
    endloop
  endfacet
  facet normal -0.965482 0.260472 0
    outer loop
      vertex 120.152 11.5426 5
      vertex 120.092 11.3202 0
      vertex 120.092 11.3202 5
    endloop
  endfacet
  facet normal 0.629186 -0.777255 0
    outer loop
      vertex 116.528 13.6349 0
      vertex 116.707 13.7798 5
      vertex 116.528 13.6349 5
    endloop
  endfacet
  facet normal 0.629186 -0.777255 0
    outer loop
      vertex 116.707 13.7798 5
      vertex 116.528 13.6349 0
      vertex 116.707 13.7798 0
    endloop
  endfacet
  facet normal -0.052536 -0.998619 0
    outer loop
      vertex 118 14.2 0
      vertex 118.23 14.1879 5
      vertex 118 14.2 5
    endloop
  endfacet
  facet normal -0.052536 -0.998619 -0
    outer loop
      vertex 118.23 14.1879 5
      vertex 118 14.2 0
      vertex 118.23 14.1879 0
    endloop
  endfacet
  facet normal -0.777043 -0.629448 0
    outer loop
      vertex 119.78 13.2931 0
      vertex 119.635 13.4721 5
      vertex 119.635 13.4721 0
    endloop
  endfacet
  facet normal -0.777043 -0.629448 0
    outer loop
      vertex 119.635 13.4721 5
      vertex 119.78 13.2931 0
      vertex 119.78 13.2931 5
    endloop
  endfacet
  facet normal -0.987699 0.156364 0
    outer loop
      vertex 120.152 11.5426 0
      vertex 120.188 11.77 5
      vertex 120.188 11.77 0
    endloop
  endfacet
  facet normal -0.987699 0.156364 0
    outer loop
      vertex 120.188 11.77 5
      vertex 120.152 11.5426 0
      vertex 120.152 11.5426 5
    endloop
  endfacet
  facet normal -0.777043 0.629448 0
    outer loop
      vertex 119.635 10.5279 0
      vertex 119.78 10.7069 5
      vertex 119.78 10.7069 0
    endloop
  endfacet
  facet normal -0.777043 0.629448 0
    outer loop
      vertex 119.78 10.7069 5
      vertex 119.635 10.5279 0
      vertex 119.635 10.5279 5
    endloop
  endfacet
  facet normal 0.93435 0.356357 0
    outer loop
      vertex 115.99 11.1052 5
      vertex 115.908 11.3202 0
      vertex 115.908 11.3202 5
    endloop
  endfacet
  facet normal 0.93435 0.356357 0
    outer loop
      vertex 115.908 11.3202 0
      vertex 115.99 11.1052 5
      vertex 115.99 11.1052 0
    endloop
  endfacet
  facet normal -0.156718 0.987643 0
    outer loop
      vertex 118.457 9.84807 0
      vertex 118.23 9.81205 5
      vertex 118.457 9.84807 5
    endloop
  endfacet
  facet normal -0.156718 0.987643 0
    outer loop
      vertex 118.23 9.81205 5
      vertex 118.457 9.84807 0
      vertex 118.23 9.81205 0
    endloop
  endfacet
  facet normal -0.629186 -0.777255 0
    outer loop
      vertex 119.293 13.7798 0
      vertex 119.472 13.6349 5
      vertex 119.293 13.7798 5
    endloop
  endfacet
  facet normal -0.629186 -0.777255 -0
    outer loop
      vertex 119.472 13.6349 5
      vertex 119.293 13.7798 0
      vertex 119.472 13.6349 0
    endloop
  endfacet
  facet normal -0.839465 0.543413 0
    outer loop
      vertex 119.78 10.7069 0
      vertex 119.905 10.9 5
      vertex 119.905 10.9 0
    endloop
  endfacet
  facet normal -0.839465 0.543413 0
    outer loop
      vertex 119.905 10.9 5
      vertex 119.78 10.7069 0
      vertex 119.78 10.7069 5
    endloop
  endfacet
  facet normal -0.890224 -0.455524 0
    outer loop
      vertex 120.01 12.8948 0
      vertex 119.905 13.1 5
      vertex 119.905 13.1 0
    endloop
  endfacet
  facet normal -0.890224 -0.455524 0
    outer loop
      vertex 119.905 13.1 5
      vertex 120.01 12.8948 0
      vertex 120.01 12.8948 5
    endloop
  endfacet
  facet normal -0.358251 -0.933625 0
    outer loop
      vertex 118.68 14.0923 0
      vertex 118.895 14.0098 5
      vertex 118.68 14.0923 5
    endloop
  endfacet
  facet normal -0.358251 -0.933625 -0
    outer loop
      vertex 118.895 14.0098 5
      vertex 118.68 14.0923 0
      vertex 118.895 14.0098 0
    endloop
  endfacet
  facet normal 0.890224 -0.455524 0
    outer loop
      vertex 115.99 12.8948 5
      vertex 116.095 13.1 0
      vertex 116.095 13.1 5
    endloop
  endfacet
  facet normal 0.890224 -0.455524 0
    outer loop
      vertex 116.095 13.1 0
      vertex 115.99 12.8948 5
      vertex 115.99 12.8948 0
    endloop
  endfacet
  facet normal 0.987699 0.156364 0
    outer loop
      vertex 115.848 11.5426 5
      vertex 115.812 11.77 0
      vertex 115.812 11.77 5
    endloop
  endfacet
  facet normal 0.987699 0.156364 0
    outer loop
      vertex 115.812 11.77 0
      vertex 115.848 11.5426 5
      vertex 115.848 11.5426 0
    endloop
  endfacet
  facet normal -0.0523195 0.99863 0
    outer loop
      vertex 118.23 9.81205 0
      vertex 118 9.8 5
      vertex 118.23 9.81205 5
    endloop
  endfacet
  facet normal -0.0523195 0.99863 0
    outer loop
      vertex 118 9.8 5
      vertex 118.23 9.81205 0
      vertex 118 9.8 0
    endloop
  endfacet
  facet normal 0.0523195 0.99863 -0
    outer loop
      vertex 118 9.8 0
      vertex 117.77 9.81205 5
      vertex 118 9.8 5
    endloop
  endfacet
  facet normal 0.0523195 0.99863 0
    outer loop
      vertex 117.77 9.81205 5
      vertex 118 9.8 0
      vertex 117.77 9.81205 0
    endloop
  endfacet
  facet normal 0.706673 -0.707541 0
    outer loop
      vertex 116.365 13.4721 5
      vertex 116.528 13.6349 0
      vertex 116.528 13.6349 5
    endloop
  endfacet
  facet normal 0.706673 -0.707541 0
    outer loop
      vertex 116.528 13.6349 0
      vertex 116.365 13.4721 5
      vertex 116.365 13.4721 0
    endloop
  endfacet
  facet normal 0.93435 -0.356357 0
    outer loop
      vertex 115.908 12.6798 5
      vertex 115.99 12.8948 0
      vertex 115.99 12.8948 5
    endloop
  endfacet
  facet normal 0.93435 -0.356357 0
    outer loop
      vertex 115.99 12.8948 0
      vertex 115.908 12.6798 5
      vertex 115.908 12.6798 0
    endloop
  endfacet
  facet normal 0.777043 -0.629448 0
    outer loop
      vertex 116.22 13.2931 5
      vertex 116.365 13.4721 0
      vertex 116.365 13.4721 5
    endloop
  endfacet
  facet normal 0.777043 -0.629448 0
    outer loop
      vertex 116.365 13.4721 0
      vertex 116.22 13.2931 5
      vertex 116.22 13.2931 0
    endloop
  endfacet
  facet normal -0.890224 0.455524 0
    outer loop
      vertex 119.905 10.9 0
      vertex 120.01 11.1052 5
      vertex 120.01 11.1052 0
    endloop
  endfacet
  facet normal -0.890224 0.455524 0
    outer loop
      vertex 120.01 11.1052 5
      vertex 119.905 10.9 0
      vertex 119.905 10.9 5
    endloop
  endfacet
  facet normal 0.839465 -0.543413 0
    outer loop
      vertex 116.095 13.1 5
      vertex 116.22 13.2931 0
      vertex 116.22 13.2931 5
    endloop
  endfacet
  facet normal 0.839465 -0.543413 0
    outer loop
      vertex 116.22 13.2931 0
      vertex 116.095 13.1 5
      vertex 116.095 13.1 0
    endloop
  endfacet
  facet normal -0.706673 -0.707541 0
    outer loop
      vertex 119.472 13.6349 0
      vertex 119.635 13.4721 5
      vertex 119.472 13.6349 5
    endloop
  endfacet
  facet normal -0.706673 -0.707541 -0
    outer loop
      vertex 119.635 13.4721 5
      vertex 119.472 13.6349 0
      vertex 119.635 13.4721 0
    endloop
  endfacet
  facet normal 0.258202 0.966091 -0
    outer loop
      vertex 117.543 9.84807 0
      vertex 117.32 9.90767 5
      vertex 117.543 9.84807 5
    endloop
  endfacet
  facet normal 0.258202 0.966091 0
    outer loop
      vertex 117.32 9.90767 5
      vertex 117.543 9.84807 0
      vertex 117.32 9.90767 0
    endloop
  endfacet
  facet normal 0.965482 -0.260472 0
    outer loop
      vertex 115.848 12.4574 5
      vertex 115.908 12.6798 0
      vertex 115.908 12.6798 5
    endloop
  endfacet
  facet normal 0.965482 -0.260472 0
    outer loop
      vertex 115.908 12.6798 0
      vertex 115.848 12.4574 5
      vertex 115.848 12.4574 0
    endloop
  endfacet
  facet normal 0.545141 0.838344 -0
    outer loop
      vertex 116.9 10.0947 0
      vertex 116.707 10.2202 5
      vertex 116.9 10.0947 5
    endloop
  endfacet
  facet normal 0.545141 0.838344 0
    outer loop
      vertex 116.707 10.2202 5
      vertex 116.9 10.0947 0
      vertex 116.707 10.2202 0
    endloop
  endfacet
  facet normal 0.998642 0.052103 0
    outer loop
      vertex 115.812 11.77 5
      vertex 115.8 12 0
      vertex 115.8 12 5
    endloop
  endfacet
  facet normal 0.998642 0.052103 0
    outer loop
      vertex 115.8 12 0
      vertex 115.812 11.77 5
      vertex 115.812 11.77 0
    endloop
  endfacet
  facet normal 0.156718 0.987643 -0
    outer loop
      vertex 117.77 9.81205 0
      vertex 117.543 9.84807 5
      vertex 117.77 9.81205 5
    endloop
  endfacet
  facet normal 0.156718 0.987643 0
    outer loop
      vertex 117.543 9.84807 5
      vertex 117.77 9.81205 0
      vertex 117.543 9.84807 0
    endloop
  endfacet
  facet normal 0 0 1
    outer loop
      vertex 0 68 5
      vertex -5.8 62 5
      vertex 0 56 5
    endloop
  endfacet
  facet normal 0 0 1
    outer loop
      vertex 0 68 5
      vertex -5.81205 62.23 5
      vertex -5.8 62 5
    endloop
  endfacet
  facet normal 0 0 1
    outer loop
      vertex 0 68 5
      vertex -5.84807 62.4574 5
      vertex -5.81205 62.23 5
    endloop
  endfacet
  facet normal 0 0 1
    outer loop
      vertex 0 68 5
      vertex -5.90767 62.6798 5
      vertex -5.84807 62.4574 5
    endloop
  endfacet
  facet normal 0 0 1
    outer loop
      vertex 0 68 5
      vertex -5.9902 62.8948 5
      vertex -5.90767 62.6798 5
    endloop
  endfacet
  facet normal 0 0 1
    outer loop
      vertex 0 68 5
      vertex -6.09474 63.1 5
      vertex -5.9902 62.8948 5
    endloop
  endfacet
  facet normal 0 0 1
    outer loop
      vertex 0 68 5
      vertex -6.22016 63.2931 5
      vertex -6.09474 63.1 5
    endloop
  endfacet
  facet normal 0 0 1
    outer loop
      vertex 0 68 5
      vertex -6.36508 63.4721 5
      vertex -6.22016 63.2931 5
    endloop
  endfacet
  facet normal 0 0 1
    outer loop
      vertex 0 68 5
      vertex -6.52791 63.6349 5
      vertex -6.36508 63.4721 5
    endloop
  endfacet
  facet normal 0 0 1
    outer loop
      vertex 0 68 5
      vertex -6.70687 63.7798 5
      vertex -6.52791 63.6349 5
    endloop
  endfacet
  facet normal -0 0 1
    outer loop
      vertex -8 68 5
      vertex -6.70687 63.7798 5
      vertex 0 68 5
    endloop
  endfacet
  facet normal 0 0 1
    outer loop
      vertex -6.70687 63.7798 5
      vertex -8 68 5
      vertex -6.9 63.9053 5
    endloop
  endfacet
  facet normal 0 0 1
    outer loop
      vertex -6.9 63.9053 5
      vertex -8 68 5
      vertex -7.10518 64.0098 5
    endloop
  endfacet
  facet normal 0 0 1
    outer loop
      vertex -7.10518 64.0098 5
      vertex -8 68 5
      vertex -7.32016 64.0923 5
    endloop
  endfacet
  facet normal 0 0 1
    outer loop
      vertex -7.32016 64.0923 5
      vertex -8 68 5
      vertex -7.54259 64.1519 5
    endloop
  endfacet
  facet normal 0 0 1
    outer loop
      vertex -7.54259 64.1519 5
      vertex -8 68 5
      vertex -7.77004 64.188 5
    endloop
  endfacet
  facet normal 0 0 1
    outer loop
      vertex -8 68 5
      vertex -8 64.2 5
      vertex -7.77004 64.188 5
    endloop
  endfacet
  facet normal 0 0 1
    outer loop
      vertex -8 68 5
      vertex -8.22996 64.188 5
      vertex -8 64.2 5
    endloop
  endfacet
  facet normal -0 0 1
    outer loop
      vertex -8.62717 67.9671 5
      vertex -8.22996 64.188 5
      vertex -8 68 5
    endloop
  endfacet
  facet normal 0 0 1
    outer loop
      vertex -8.22996 64.188 5
      vertex -8.62717 67.9671 5
      vertex -8.45741 64.1519 5
    endloop
  endfacet
  facet normal -0 0 1
    outer loop
      vertex -9.24747 67.8689 5
      vertex -8.45741 64.1519 5
      vertex -8.62717 67.9671 5
    endloop
  endfacet
  facet normal 0 0 1
    outer loop
      vertex -8.45741 64.1519 5
      vertex -9.24747 67.8689 5
      vertex -8.67984 64.0923 5
    endloop
  endfacet
  facet normal -0 0 1
    outer loop
      vertex -9.8541 67.7063 5
      vertex -8.67984 64.0923 5
      vertex -9.24747 67.8689 5
    endloop
  endfacet
  facet normal 0 0 1
    outer loop
      vertex -8.67984 64.0923 5
      vertex -9.8541 67.7063 5
      vertex -8.89482 64.0098 5
    endloop
  endfacet
  facet normal -0 0 1
    outer loop
      vertex -10.4404 67.4813 5
      vertex -8.89482 64.0098 5
      vertex -9.8541 67.7063 5
    endloop
  endfacet
  facet normal 0 0 1
    outer loop
      vertex -8.89482 64.0098 5
      vertex -10.4404 67.4813 5
      vertex -9.1 63.9053 5
    endloop
  endfacet
  facet normal -0 0 1
    outer loop
      vertex -11 67.1962 5
      vertex -9.1 63.9053 5
      vertex -10.4404 67.4813 5
    endloop
  endfacet
  facet normal 0 0 1
    outer loop
      vertex -9.1 63.9053 5
      vertex -11 67.1962 5
      vertex -9.29313 63.7798 5
    endloop
  endfacet
  facet normal -0 0 1
    outer loop
      vertex -11.5267 66.8541 5
      vertex -9.29313 63.7798 5
      vertex -11 67.1962 5
    endloop
  endfacet
  facet normal 0 0 1
    outer loop
      vertex -9.29313 63.7798 5
      vertex -11.5267 66.8541 5
      vertex -9.47209 63.6349 5
    endloop
  endfacet
  facet normal -0 0 1
    outer loop
      vertex -12.0148 66.4589 5
      vertex -9.47209 63.6349 5
      vertex -11.5267 66.8541 5
    endloop
  endfacet
  facet normal 0 0 1
    outer loop
      vertex -9.47209 63.6349 5
      vertex -12.0148 66.4589 5
      vertex -9.63492 63.4721 5
    endloop
  endfacet
  facet normal -0 0 1
    outer loop
      vertex -12.4589 66.0148 5
      vertex -9.63492 63.4721 5
      vertex -12.0148 66.4589 5
    endloop
  endfacet
  facet normal 0 0 1
    outer loop
      vertex -9.63492 63.4721 5
      vertex -12.4589 66.0148 5
      vertex -9.77984 63.2931 5
    endloop
  endfacet
  facet normal 0 0 1
    outer loop
      vertex -9.77984 63.2931 5
      vertex -12.8541 65.5267 5
      vertex -9.90526 63.1 5
    endloop
  endfacet
  facet normal -0 0 1
    outer loop
      vertex -12.8541 65.5267 5
      vertex -9.77984 63.2931 5
      vertex -12.4589 66.0148 5
    endloop
  endfacet
  facet normal -0 0 1
    outer loop
      vertex -5.81205 61.77 5
      vertex 0 56 5
      vertex -5.8 62 5
    endloop
  endfacet
  facet normal -0 0 1
    outer loop
      vertex -5.84807 61.5426 5
      vertex 0 56 5
      vertex -5.81205 61.77 5
    endloop
  endfacet
  facet normal -0 0 1
    outer loop
      vertex -5.90767 61.3202 5
      vertex 0 56 5
      vertex -5.84807 61.5426 5
    endloop
  endfacet
  facet normal -0 0 1
    outer loop
      vertex -5.9902 61.1052 5
      vertex 0 56 5
      vertex -5.90767 61.3202 5
    endloop
  endfacet
  facet normal -0 0 1
    outer loop
      vertex -6.09474 60.9 5
      vertex 0 56 5
      vertex -5.9902 61.1052 5
    endloop
  endfacet
  facet normal -0 0 1
    outer loop
      vertex -6.22016 60.7069 5
      vertex 0 56 5
      vertex -6.09474 60.9 5
    endloop
  endfacet
  facet normal -0 0 1
    outer loop
      vertex -6.36508 60.5279 5
      vertex 0 56 5
      vertex -6.22016 60.7069 5
    endloop
  endfacet
  facet normal -0 0 1
    outer loop
      vertex -6.52791 60.3651 5
      vertex 0 56 5
      vertex -6.36508 60.5279 5
    endloop
  endfacet
  facet normal -0 0 1
    outer loop
      vertex -6.70687 60.2202 5
      vertex 0 56 5
      vertex -6.52791 60.3651 5
    endloop
  endfacet
  facet normal 0 0 1
    outer loop
      vertex -8 56 5
      vertex -6.70687 60.2202 5
      vertex -6.9 60.0947 5
    endloop
  endfacet
  facet normal 0 0 1
    outer loop
      vertex -8 56 5
      vertex -6.9 60.0947 5
      vertex -7.10518 59.9902 5
    endloop
  endfacet
  facet normal 0 0 1
    outer loop
      vertex -8 56 5
      vertex -7.10518 59.9902 5
      vertex -7.32016 59.9077 5
    endloop
  endfacet
  facet normal 0 0 1
    outer loop
      vertex -8 56 5
      vertex -7.32016 59.9077 5
      vertex -7.54259 59.8481 5
    endloop
  endfacet
  facet normal 0 0 1
    outer loop
      vertex -8 56 5
      vertex -7.54259 59.8481 5
      vertex -7.77004 59.8121 5
    endloop
  endfacet
  facet normal 0 0 1
    outer loop
      vertex -8 56 5
      vertex -7.77004 59.8121 5
      vertex -8 59.8 5
    endloop
  endfacet
  facet normal 0 0 1
    outer loop
      vertex -6.70687 60.2202 5
      vertex -8 56 5
      vertex 0 56 5
    endloop
  endfacet
  facet normal 0 0 1
    outer loop
      vertex -8.22996 59.8121 5
      vertex -8 56 5
      vertex -8 59.8 5
    endloop
  endfacet
  facet normal 0 0 1
    outer loop
      vertex -8.62717 56.0329 5
      vertex -8.22996 59.8121 5
      vertex -8.45741 59.8481 5
    endloop
  endfacet
  facet normal 0 0 1
    outer loop
      vertex -8.22996 59.8121 5
      vertex -8.62717 56.0329 5
      vertex -8 56 5
    endloop
  endfacet
  facet normal 0 0 1
    outer loop
      vertex -9.24747 56.1311 5
      vertex -8.45741 59.8481 5
      vertex -8.67984 59.9077 5
    endloop
  endfacet
  facet normal 0 0 1
    outer loop
      vertex -9.8541 56.2937 5
      vertex -8.67984 59.9077 5
      vertex -8.89482 59.9902 5
    endloop
  endfacet
  facet normal 0 0 1
    outer loop
      vertex -10.4404 56.5187 5
      vertex -8.89482 59.9902 5
      vertex -9.1 60.0947 5
    endloop
  endfacet
  facet normal 0 0 1
    outer loop
      vertex -8.45741 59.8481 5
      vertex -9.24747 56.1311 5
      vertex -8.62717 56.0329 5
    endloop
  endfacet
  facet normal 0 0 1
    outer loop
      vertex -11 56.8038 5
      vertex -9.1 60.0947 5
      vertex -9.29313 60.2202 5
    endloop
  endfacet
  facet normal 0 0 1
    outer loop
      vertex -11.5267 57.1459 5
      vertex -9.29313 60.2202 5
      vertex -9.47209 60.3651 5
    endloop
  endfacet
  facet normal 0 0 1
    outer loop
      vertex -12.0148 57.5411 5
      vertex -9.47209 60.3651 5
      vertex -9.63492 60.5279 5
    endloop
  endfacet
  facet normal 0 0 1
    outer loop
      vertex -12.4589 57.9852 5
      vertex -9.63492 60.5279 5
      vertex -9.77984 60.7069 5
    endloop
  endfacet
  facet normal 0 0 1
    outer loop
      vertex -8.67984 59.9077 5
      vertex -9.8541 56.2937 5
      vertex -9.24747 56.1311 5
    endloop
  endfacet
  facet normal 0 0 1
    outer loop
      vertex -12.8541 58.4733 5
      vertex -9.77984 60.7069 5
      vertex -9.90526 60.9 5
    endloop
  endfacet
  facet normal 0 0 1
    outer loop
      vertex -13.1962 59 5
      vertex -9.90526 60.9 5
      vertex -10.0098 61.1052 5
    endloop
  endfacet
  facet normal 0 0 1
    outer loop
      vertex -13.4813 59.5596 5
      vertex -10.0098 61.1052 5
      vertex -10.0923 61.3202 5
    endloop
  endfacet
  facet normal 0 0 1
    outer loop
      vertex -13.7063 60.1459 5
      vertex -10.0923 61.3202 5
      vertex -10.1519 61.5426 5
    endloop
  endfacet
  facet normal 0 0 1
    outer loop
      vertex -13.8689 60.7525 5
      vertex -10.1519 61.5426 5
      vertex -10.1879 61.77 5
    endloop
  endfacet
  facet normal 0 0 1
    outer loop
      vertex -8.89482 59.9902 5
      vertex -10.4404 56.5187 5
      vertex -9.8541 56.2937 5
    endloop
  endfacet
  facet normal 0 0 1
    outer loop
      vertex -13.9671 61.3728 5
      vertex -10.1879 61.77 5
      vertex -10.2 62 5
    endloop
  endfacet
  facet normal -0 0 1
    outer loop
      vertex -13.1962 65 5
      vertex -9.90526 63.1 5
      vertex -12.8541 65.5267 5
    endloop
  endfacet
  facet normal 0 0 1
    outer loop
      vertex -9.90526 63.1 5
      vertex -13.1962 65 5
      vertex -10.0098 62.8948 5
    endloop
  endfacet
  facet normal 0 0 1
    outer loop
      vertex -9.1 60.0947 5
      vertex -11 56.8038 5
      vertex -10.4404 56.5187 5
    endloop
  endfacet
  facet normal -0 0 1
    outer loop
      vertex -13.4813 64.4404 5
      vertex -10.0098 62.8948 5
      vertex -13.1962 65 5
    endloop
  endfacet
  facet normal 0 0 1
    outer loop
      vertex -9.29313 60.2202 5
      vertex -11.5267 57.1459 5
      vertex -11 56.8038 5
    endloop
  endfacet
  facet normal 0 0 1
    outer loop
      vertex -10.0098 62.8948 5
      vertex -13.4813 64.4404 5
      vertex -10.0923 62.6798 5
    endloop
  endfacet
  facet normal 0 0 1
    outer loop
      vertex -9.47209 60.3651 5
      vertex -12.0148 57.5411 5
      vertex -11.5267 57.1459 5
    endloop
  endfacet
  facet normal -0 0 1
    outer loop
      vertex -13.7063 63.8541 5
      vertex -10.0923 62.6798 5
      vertex -13.4813 64.4404 5
    endloop
  endfacet
  facet normal 0 0 1
    outer loop
      vertex -9.63492 60.5279 5
      vertex -12.4589 57.9852 5
      vertex -12.0148 57.5411 5
    endloop
  endfacet
  facet normal 0 0 1
    outer loop
      vertex -10.0923 62.6798 5
      vertex -13.7063 63.8541 5
      vertex -10.1519 62.4574 5
    endloop
  endfacet
  facet normal 0 0 1
    outer loop
      vertex -9.77984 60.7069 5
      vertex -12.8541 58.4733 5
      vertex -12.4589 57.9852 5
    endloop
  endfacet
  facet normal -0 0 1
    outer loop
      vertex -13.8689 63.2475 5
      vertex -10.1519 62.4574 5
      vertex -13.7063 63.8541 5
    endloop
  endfacet
  facet normal 0 0 1
    outer loop
      vertex -9.90526 60.9 5
      vertex -13.1962 59 5
      vertex -12.8541 58.4733 5
    endloop
  endfacet
  facet normal 0 0 1
    outer loop
      vertex -10.1519 62.4574 5
      vertex -13.8689 63.2475 5
      vertex -10.1879 62.23 5
    endloop
  endfacet
  facet normal 0 0 1
    outer loop
      vertex -10.0098 61.1052 5
      vertex -13.4813 59.5596 5
      vertex -13.1962 59 5
    endloop
  endfacet
  facet normal -0 0 1
    outer loop
      vertex -13.9671 62.6272 5
      vertex -10.1879 62.23 5
      vertex -13.8689 63.2475 5
    endloop
  endfacet
  facet normal 0 0 1
    outer loop
      vertex -10.0923 61.3202 5
      vertex -13.7063 60.1459 5
      vertex -13.4813 59.5596 5
    endloop
  endfacet
  facet normal 0 0 1
    outer loop
      vertex -10.1879 62.23 5
      vertex -13.9671 62.6272 5
      vertex -10.2 62 5
    endloop
  endfacet
  facet normal 0 0 1
    outer loop
      vertex -10.1519 61.5426 5
      vertex -13.8689 60.7525 5
      vertex -13.7063 60.1459 5
    endloop
  endfacet
  facet normal 0 0 1
    outer loop
      vertex -14 62 5
      vertex -10.2 62 5
      vertex -13.9671 62.6272 5
    endloop
  endfacet
  facet normal 0 0 1
    outer loop
      vertex -10.1879 61.77 5
      vertex -13.9671 61.3728 5
      vertex -13.8689 60.7525 5
    endloop
  endfacet
  facet normal 0 0 1
    outer loop
      vertex -10.2 62 5
      vertex -14 62 5
      vertex -13.9671 61.3728 5
    endloop
  endfacet
  facet normal 0 -1 0
    outer loop
      vertex -8 56 0
      vertex 0 56 5
      vertex -8 56 5
    endloop
  endfacet
  facet normal 0 -1 -0
    outer loop
      vertex 0 56 5
      vertex -8 56 0
      vertex 0 56 0
    endloop
  endfacet
  facet normal 0 1 -0
    outer loop
      vertex 0 68 0
      vertex -8 68 5
      vertex 0 68 5
    endloop
  endfacet
  facet normal 0 1 0
    outer loop
      vertex -8 68 5
      vertex 0 68 0
      vertex -8 68 0
    endloop
  endfacet
  facet normal -0.9877 0.156363 0
    outer loop
      vertex -13.9671 62.6272 0
      vertex -13.8689 63.2475 5
      vertex -13.8689 63.2475 0
    endloop
  endfacet
  facet normal -0.9877 0.156363 0
    outer loop
      vertex -13.8689 63.2475 5
      vertex -13.9671 62.6272 0
      vertex -13.9671 62.6272 5
    endloop
  endfacet
  facet normal -0.0523858 -0.998627 0
    outer loop
      vertex -8.62717 56.0329 0
      vertex -8 56 5
      vertex -8.62717 56.0329 5
    endloop
  endfacet
  facet normal -0.0523858 -0.998627 -0
    outer loop
      vertex -8 56 5
      vertex -8.62717 56.0329 0
      vertex -8 56 0
    endloop
  endfacet
  facet normal -0.544703 0.838629 0
    outer loop
      vertex -11 67.1962 0
      vertex -11.5267 66.8541 5
      vertex -11 67.1962 5
    endloop
  endfacet
  facet normal -0.544703 0.838629 0
    outer loop
      vertex -11.5267 66.8541 5
      vertex -11 67.1962 0
      vertex -11.5267 66.8541 0
    endloop
  endfacet
  facet normal -0.544703 -0.838629 0
    outer loop
      vertex -11.5267 57.1459 0
      vertex -11 56.8038 5
      vertex -11.5267 57.1459 5
    endloop
  endfacet
  facet normal -0.544703 -0.838629 -0
    outer loop
      vertex -11 56.8038 5
      vertex -11.5267 57.1459 0
      vertex -11 56.8038 0
    endloop
  endfacet
  facet normal -0.933612 -0.358285 0
    outer loop
      vertex -13.4813 59.5596 0
      vertex -13.7063 60.1459 5
      vertex -13.7063 60.1459 0
    endloop
  endfacet
  facet normal -0.933612 -0.358285 0
    outer loop
      vertex -13.7063 60.1459 5
      vertex -13.4813 59.5596 0
      vertex -13.4813 59.5596 5
    endloop
  endfacet
  facet normal -0.629267 -0.777189 0
    outer loop
      vertex -12.0148 57.5411 0
      vertex -11.5267 57.1459 5
      vertex -12.0148 57.5411 5
    endloop
  endfacet
  facet normal -0.629267 -0.777189 -0
    outer loop
      vertex -11.5267 57.1459 5
      vertex -12.0148 57.5411 0
      vertex -11.5267 57.1459 0
    endloop
  endfacet
  facet normal -0.9877 -0.156363 0
    outer loop
      vertex -13.8689 60.7525 0
      vertex -13.9671 61.3728 5
      vertex -13.9671 61.3728 0
    endloop
  endfacet
  facet normal -0.9877 -0.156363 0
    outer loop
      vertex -13.9671 61.3728 5
      vertex -13.8689 60.7525 0
      vertex -13.8689 60.7525 5
    endloop
  endfacet
  facet normal -0.998627 -0.0523833 0
    outer loop
      vertex -13.9671 61.3728 0
      vertex -14 62 5
      vertex -14 62 0
    endloop
  endfacet
  facet normal -0.998627 -0.0523833 0
    outer loop
      vertex -14 62 5
      vertex -13.9671 61.3728 0
      vertex -13.9671 61.3728 5
    endloop
  endfacet
  facet normal -0.629267 0.777189 0
    outer loop
      vertex -11.5267 66.8541 0
      vertex -12.0148 66.4589 5
      vertex -11.5267 66.8541 5
    endloop
  endfacet
  facet normal -0.629267 0.777189 0
    outer loop
      vertex -12.0148 66.4589 5
      vertex -11.5267 66.8541 0
      vertex -12.0148 66.4589 0
    endloop
  endfacet
  facet normal -0.358285 -0.933612 0
    outer loop
      vertex -10.4404 56.5187 0
      vertex -9.8541 56.2937 5
      vertex -10.4404 56.5187 5
    endloop
  endfacet
  facet normal -0.358285 -0.933612 -0
    outer loop
      vertex -9.8541 56.2937 5
      vertex -10.4404 56.5187 0
      vertex -9.8541 56.2937 0
    endloop
  endfacet
  facet normal -0.156363 -0.9877 0
    outer loop
      vertex -9.24747 56.1311 0
      vertex -8.62717 56.0329 5
      vertex -9.24747 56.1311 5
    endloop
  endfacet
  facet normal -0.156363 -0.9877 -0
    outer loop
      vertex -8.62717 56.0329 5
      vertex -9.24747 56.1311 0
      vertex -8.62717 56.0329 0
    endloop
  endfacet
  facet normal -0.838629 0.544703 0
    outer loop
      vertex -13.1962 65 0
      vertex -12.8541 65.5267 5
      vertex -12.8541 65.5267 0
    endloop
  endfacet
  facet normal -0.838629 0.544703 0
    outer loop
      vertex -12.8541 65.5267 5
      vertex -13.1962 65 0
      vertex -13.1962 65 5
    endloop
  endfacet
  facet normal -0.453952 -0.891026 0
    outer loop
      vertex -11 56.8038 0
      vertex -10.4404 56.5187 5
      vertex -11 56.8038 5
    endloop
  endfacet
  facet normal -0.453952 -0.891026 -0
    outer loop
      vertex -10.4404 56.5187 5
      vertex -11 56.8038 0
      vertex -10.4404 56.5187 0
    endloop
  endfacet
  facet normal -0.965901 0.258911 0
    outer loop
      vertex -13.8689 63.2475 0
      vertex -13.7063 63.8541 5
      vertex -13.7063 63.8541 0
    endloop
  endfacet
  facet normal -0.965901 0.258911 0
    outer loop
      vertex -13.7063 63.8541 5
      vertex -13.8689 63.2475 0
      vertex -13.8689 63.2475 5
    endloop
  endfacet
  facet normal -0.965901 -0.258911 0
    outer loop
      vertex -13.7063 60.1459 0
      vertex -13.8689 60.7525 5
      vertex -13.8689 60.7525 0
    endloop
  endfacet
  facet normal -0.965901 -0.258911 0
    outer loop
      vertex -13.8689 60.7525 5
      vertex -13.7063 60.1459 0
      vertex -13.7063 60.1459 5
    endloop
  endfacet
  facet normal -0.358285 0.933612 0
    outer loop
      vertex -9.8541 67.7063 0
      vertex -10.4404 67.4813 5
      vertex -9.8541 67.7063 5
    endloop
  endfacet
  facet normal -0.358285 0.933612 0
    outer loop
      vertex -10.4404 67.4813 5
      vertex -9.8541 67.7063 0
      vertex -10.4404 67.4813 0
    endloop
  endfacet
  facet normal -0.156363 0.9877 0
    outer loop
      vertex -8.62717 67.9671 0
      vertex -9.24747 67.8689 5
      vertex -8.62717 67.9671 5
    endloop
  endfacet
  facet normal -0.156363 0.9877 0
    outer loop
      vertex -9.24747 67.8689 5
      vertex -8.62717 67.9671 0
      vertex -9.24747 67.8689 0
    endloop
  endfacet
  facet normal -0.838629 -0.544703 0
    outer loop
      vertex -12.8541 58.4733 0
      vertex -13.1962 59 5
      vertex -13.1962 59 0
    endloop
  endfacet
  facet normal -0.838629 -0.544703 0
    outer loop
      vertex -13.1962 59 5
      vertex -12.8541 58.4733 0
      vertex -12.8541 58.4733 5
    endloop
  endfacet
  facet normal -0.998627 0.0523833 0
    outer loop
      vertex -14 62 0
      vertex -13.9671 62.6272 5
      vertex -13.9671 62.6272 0
    endloop
  endfacet
  facet normal -0.998627 0.0523833 0
    outer loop
      vertex -13.9671 62.6272 5
      vertex -14 62 0
      vertex -14 62 5
    endloop
  endfacet
  facet normal -0.258899 0.965904 0
    outer loop
      vertex -9.24747 67.8689 0
      vertex -9.8541 67.7063 5
      vertex -9.24747 67.8689 5
    endloop
  endfacet
  facet normal -0.258899 0.965904 0
    outer loop
      vertex -9.8541 67.7063 5
      vertex -9.24747 67.8689 0
      vertex -9.8541 67.7063 0
    endloop
  endfacet
  facet normal -0.933612 0.358285 0
    outer loop
      vertex -13.7063 63.8541 0
      vertex -13.4813 64.4404 5
      vertex -13.4813 64.4404 0
    endloop
  endfacet
  facet normal -0.933612 0.358285 0
    outer loop
      vertex -13.4813 64.4404 5
      vertex -13.7063 63.8541 0
      vertex -13.7063 63.8541 5
    endloop
  endfacet
  facet normal -0.891026 -0.453952 0
    outer loop
      vertex -13.1962 59 0
      vertex -13.4813 59.5596 5
      vertex -13.4813 59.5596 0
    endloop
  endfacet
  facet normal -0.891026 -0.453952 0
    outer loop
      vertex -13.4813 59.5596 5
      vertex -13.1962 59 0
      vertex -13.1962 59 5
    endloop
  endfacet
  facet normal -0.777189 -0.629267 0
    outer loop
      vertex -12.4589 57.9852 0
      vertex -12.8541 58.4733 5
      vertex -12.8541 58.4733 0
    endloop
  endfacet
  facet normal -0.777189 -0.629267 0
    outer loop
      vertex -12.8541 58.4733 5
      vertex -12.4589 57.9852 0
      vertex -12.4589 57.9852 5
    endloop
  endfacet
  facet normal -0.707107 0.707107 0
    outer loop
      vertex -12.0148 66.4589 0
      vertex -12.4589 66.0148 5
      vertex -12.0148 66.4589 5
    endloop
  endfacet
  facet normal -0.707107 0.707107 0
    outer loop
      vertex -12.4589 66.0148 5
      vertex -12.0148 66.4589 0
      vertex -12.4589 66.0148 0
    endloop
  endfacet
  facet normal -0.707107 -0.707107 0
    outer loop
      vertex -12.0148 57.5411 0
      vertex -12.4589 57.9852 5
      vertex -12.4589 57.9852 0
    endloop
  endfacet
  facet normal -0.707107 -0.707107 0
    outer loop
      vertex -12.4589 57.9852 5
      vertex -12.0148 57.5411 0
      vertex -12.0148 57.5411 5
    endloop
  endfacet
  facet normal -0.258899 -0.965904 0
    outer loop
      vertex -9.8541 56.2937 0
      vertex -9.24747 56.1311 5
      vertex -9.8541 56.2937 5
    endloop
  endfacet
  facet normal -0.258899 -0.965904 -0
    outer loop
      vertex -9.24747 56.1311 5
      vertex -9.8541 56.2937 0
      vertex -9.24747 56.1311 0
    endloop
  endfacet
  facet normal -0.891026 0.453952 0
    outer loop
      vertex -13.4813 64.4404 0
      vertex -13.1962 65 5
      vertex -13.1962 65 0
    endloop
  endfacet
  facet normal -0.891026 0.453952 0
    outer loop
      vertex -13.1962 65 5
      vertex -13.4813 64.4404 0
      vertex -13.4813 64.4404 5
    endloop
  endfacet
  facet normal -0.453952 0.891026 0
    outer loop
      vertex -10.4404 67.4813 0
      vertex -11 67.1962 5
      vertex -10.4404 67.4813 5
    endloop
  endfacet
  facet normal -0.453952 0.891026 0
    outer loop
      vertex -11 67.1962 5
      vertex -10.4404 67.4813 0
      vertex -11 67.1962 0
    endloop
  endfacet
  facet normal -0.0523858 0.998627 0
    outer loop
      vertex -8 68 0
      vertex -8.62717 67.9671 5
      vertex -8 68 5
    endloop
  endfacet
  facet normal -0.0523858 0.998627 0
    outer loop
      vertex -8.62717 67.9671 5
      vertex -8 68 0
      vertex -8.62717 67.9671 0
    endloop
  endfacet
  facet normal -0.777189 0.629267 0
    outer loop
      vertex -12.8541 65.5267 0
      vertex -12.4589 66.0148 5
      vertex -12.4589 66.0148 0
    endloop
  endfacet
  facet normal -0.777189 0.629267 0
    outer loop
      vertex -12.4589 66.0148 5
      vertex -12.8541 65.5267 0
      vertex -12.8541 65.5267 5
    endloop
  endfacet
  facet normal 0.358281 -0.933614 0
    outer loop
      vertex -8.89482 64.0098 0
      vertex -8.67984 64.0923 5
      vertex -8.89482 64.0098 5
    endloop
  endfacet
  facet normal 0.358281 -0.933614 0
    outer loop
      vertex -8.67984 64.0923 5
      vertex -8.89482 64.0098 0
      vertex -8.67984 64.0923 0
    endloop
  endfacet
  facet normal 0.987699 0.156364 0
    outer loop
      vertex -10.1519 61.5426 5
      vertex -10.1879 61.77 0
      vertex -10.1879 61.77 5
    endloop
  endfacet
  facet normal 0.987699 0.156364 0
    outer loop
      vertex -10.1879 61.77 0
      vertex -10.1519 61.5426 5
      vertex -10.1519 61.5426 0
    endloop
  endfacet
  facet normal 0.998619 0.052536 0
    outer loop
      vertex -10.1879 61.77 5
      vertex -10.2 62 0
      vertex -10.2 62 5
    endloop
  endfacet
  facet normal 0.998619 0.052536 0
    outer loop
      vertex -10.2 62 0
      vertex -10.1879 61.77 5
      vertex -10.1879 61.77 0
    endloop
  endfacet
  facet normal 0.965917 0.258852 0
    outer loop
      vertex -10.0923 61.3202 5
      vertex -10.1519 61.5426 0
      vertex -10.1519 61.5426 5
    endloop
  endfacet
  facet normal 0.965917 0.258852 0
    outer loop
      vertex -10.1519 61.5426 0
      vertex -10.0923 61.3202 5
      vertex -10.0923 61.3202 0
    endloop
  endfacet
  facet normal 0.544883 -0.838512 0
    outer loop
      vertex -9.29313 63.7798 0
      vertex -9.1 63.9053 5
      vertex -9.29313 63.7798 5
    endloop
  endfacet
  facet normal 0.544883 -0.838512 0
    outer loop
      vertex -9.1 63.9053 5
      vertex -9.29313 63.7798 0
      vertex -9.1 63.9053 0
    endloop
  endfacet
  facet normal -0.453837 -0.891085 0
    outer loop
      vertex -7.10518 64.0098 0
      vertex -6.9 63.9053 5
      vertex -7.10518 64.0098 5
    endloop
  endfacet
  facet normal -0.453837 -0.891085 -0
    outer loop
      vertex -6.9 63.9053 5
      vertex -7.10518 64.0098 0
      vertex -6.9 63.9053 0
    endloop
  endfacet
  facet normal -0.544883 0.838512 0
    outer loop
      vertex -6.70687 60.2202 0
      vertex -6.9 60.0947 5
      vertex -6.70687 60.2202 5
    endloop
  endfacet
  facet normal -0.544883 0.838512 0
    outer loop
      vertex -6.9 60.0947 5
      vertex -6.70687 60.2202 0
      vertex -6.9 60.0947 0
    endloop
  endfacet
  facet normal -0.891032 -0.45394 0
    outer loop
      vertex -5.9902 62.8948 0
      vertex -6.09474 63.1 5
      vertex -6.09474 63.1 0
    endloop
  endfacet
  facet normal -0.891032 -0.45394 0
    outer loop
      vertex -6.09474 63.1 5
      vertex -5.9902 62.8948 0
      vertex -5.9902 62.8948 5
    endloop
  endfacet
  facet normal 0.998619 -0.052536 0
    outer loop
      vertex -10.2 62 5
      vertex -10.1879 62.23 0
      vertex -10.1879 62.23 5
    endloop
  endfacet
  facet normal 0.998619 -0.052536 0
    outer loop
      vertex -10.1879 62.23 0
      vertex -10.2 62 5
      vertex -10.2 62 0
    endloop
  endfacet
  facet normal 0.933625 0.358251 0
    outer loop
      vertex -10.0098 61.1052 5
      vertex -10.0923 61.3202 0
      vertex -10.0923 61.3202 5
    endloop
  endfacet
  facet normal 0.933625 0.358251 0
    outer loop
      vertex -10.0923 61.3202 0
      vertex -10.0098 61.1052 5
      vertex -10.0098 61.1052 0
    endloop
  endfacet
  facet normal 0.156331 0.987705 -0
    outer loop
      vertex -8.22996 59.8121 0
      vertex -8.45741 59.8481 5
      vertex -8.22996 59.8121 5
    endloop
  endfacet
  facet normal 0.156331 0.987705 0
    outer loop
      vertex -8.45741 59.8481 5
      vertex -8.22996 59.8121 0
      vertex -8.45741 59.8481 0
    endloop
  endfacet
  facet normal -0.99863 0.0523195 0
    outer loop
      vertex -5.81205 61.77 0
      vertex -5.8 62 5
      vertex -5.8 62 0
    endloop
  endfacet
  facet normal -0.99863 0.0523195 0
    outer loop
      vertex -5.8 62 5
      vertex -5.81205 61.77 0
      vertex -5.81205 61.77 5
    endloop
  endfacet
  facet normal 0.838632 0.544698 0
    outer loop
      vertex -9.77984 60.7069 5
      vertex -9.90526 60.9 0
      vertex -9.90526 60.9 5
    endloop
  endfacet
  facet normal 0.838632 0.544698 0
    outer loop
      vertex -9.90526 60.9 0
      vertex -9.77984 60.7069 5
      vertex -9.77984 60.7069 0
    endloop
  endfacet
  facet normal -0.453837 0.891085 0
    outer loop
      vertex -6.9 60.0947 0
      vertex -7.10518 59.9902 5
      vertex -6.9 60.0947 5
    endloop
  endfacet
  facet normal -0.453837 0.891085 0
    outer loop
      vertex -7.10518 59.9902 5
      vertex -6.9 60.0947 0
      vertex -7.10518 59.9902 0
    endloop
  endfacet
  facet normal 0.707042 -0.707172 0
    outer loop
      vertex -9.63492 63.4721 0
      vertex -9.47209 63.6349 5
      vertex -9.63492 63.4721 5
    endloop
  endfacet
  facet normal 0.707042 -0.707172 0
    outer loop
      vertex -9.47209 63.6349 5
      vertex -9.63492 63.4721 0
      vertex -9.47209 63.6349 0
    endloop
  endfacet
  facet normal -0.358281 0.933614 0
    outer loop
      vertex -7.10518 59.9902 0
      vertex -7.32016 59.9077 5
      vertex -7.10518 59.9902 5
    endloop
  endfacet
  facet normal -0.358281 0.933614 0
    outer loop
      vertex -7.32016 59.9077 5
      vertex -7.10518 59.9902 0
      vertex -7.32016 59.9077 0
    endloop
  endfacet
  facet normal 0.453837 -0.891085 0
    outer loop
      vertex -9.1 63.9053 0
      vertex -8.89482 64.0098 5
      vertex -9.1 63.9053 5
    endloop
  endfacet
  facet normal 0.453837 -0.891085 0
    outer loop
      vertex -8.89482 64.0098 5
      vertex -9.1 63.9053 0
      vertex -8.89482 64.0098 0
    endloop
  endfacet
  facet normal -0.987686 0.156449 0
    outer loop
      vertex -5.84807 61.5426 0
      vertex -5.81205 61.77 5
      vertex -5.81205 61.77 0
    endloop
  endfacet
  facet normal -0.987686 0.156449 0
    outer loop
      vertex -5.81205 61.77 5
      vertex -5.84807 61.5426 0
      vertex -5.84807 61.5426 5
    endloop
  endfacet
  facet normal -0.838632 -0.544698 0
    outer loop
      vertex -6.09474 63.1 0
      vertex -6.22016 63.2931 5
      vertex -6.22016 63.2931 0
    endloop
  endfacet
  facet normal -0.838632 -0.544698 0
    outer loop
      vertex -6.22016 63.2931 5
      vertex -6.09474 63.1 0
      vertex -6.09474 63.1 5
    endloop
  endfacet
  facet normal 0.258819 -0.965926 0
    outer loop
      vertex -8.67984 64.0923 0
      vertex -8.45741 64.1519 5
      vertex -8.67984 64.0923 5
    endloop
  endfacet
  facet normal 0.258819 -0.965926 0
    outer loop
      vertex -8.45741 64.1519 5
      vertex -8.67984 64.0923 0
      vertex -8.45741 64.1519 0
    endloop
  endfacet
  facet normal -0.965917 -0.258852 0
    outer loop
      vertex -5.84807 62.4574 0
      vertex -5.90767 62.6798 5
      vertex -5.90767 62.6798 0
    endloop
  endfacet
  facet normal -0.965917 -0.258852 0
    outer loop
      vertex -5.90767 62.6798 5
      vertex -5.84807 62.4574 0
      vertex -5.84807 62.4574 5
    endloop
  endfacet
  facet normal 0.544883 0.838512 -0
    outer loop
      vertex -9.1 60.0947 0
      vertex -9.29313 60.2202 5
      vertex -9.1 60.0947 5
    endloop
  endfacet
  facet normal 0.544883 0.838512 0
    outer loop
      vertex -9.29313 60.2202 5
      vertex -9.1 60.0947 0
      vertex -9.29313 60.2202 0
    endloop
  endfacet
  facet normal -0.629271 -0.777186 0
    outer loop
      vertex -6.70687 63.7798 0
      vertex -6.52791 63.6349 5
      vertex -6.70687 63.7798 5
    endloop
  endfacet
  facet normal -0.629271 -0.777186 -0
    outer loop
      vertex -6.52791 63.6349 5
      vertex -6.70687 63.7798 0
      vertex -6.52791 63.6349 0
    endloop
  endfacet
  facet normal 0.933625 -0.358251 0
    outer loop
      vertex -10.0923 62.6798 5
      vertex -10.0098 62.8948 0
      vertex -10.0098 62.8948 5
    endloop
  endfacet
  facet normal 0.933625 -0.358251 0
    outer loop
      vertex -10.0098 62.8948 0
      vertex -10.0923 62.6798 5
      vertex -10.0923 62.6798 0
    endloop
  endfacet
  facet normal -0.258819 0.965926 0
    outer loop
      vertex -7.32016 59.9077 0
      vertex -7.54259 59.8481 5
      vertex -7.32016 59.9077 5
    endloop
  endfacet
  facet normal -0.258819 0.965926 0
    outer loop
      vertex -7.54259 59.8481 5
      vertex -7.32016 59.9077 0
      vertex -7.54259 59.8481 0
    endloop
  endfacet
  facet normal -0.156331 0.987705 0
    outer loop
      vertex -7.54259 59.8481 0
      vertex -7.77004 59.8121 5
      vertex -7.54259 59.8481 5
    endloop
  endfacet
  facet normal -0.156331 0.987705 0
    outer loop
      vertex -7.77004 59.8121 5
      vertex -7.54259 59.8481 0
      vertex -7.77004 59.8121 0
    endloop
  endfacet
  facet normal -0.358281 -0.933614 0
    outer loop
      vertex -7.32016 64.0923 0
      vertex -7.10518 64.0098 5
      vertex -7.32016 64.0923 5
    endloop
  endfacet
  facet normal -0.358281 -0.933614 -0
    outer loop
      vertex -7.10518 64.0098 5
      vertex -7.32016 64.0923 0
      vertex -7.10518 64.0098 0
    endloop
  endfacet
  facet normal 0.258819 0.965926 -0
    outer loop
      vertex -8.45741 59.8481 0
      vertex -8.67984 59.9077 5
      vertex -8.45741 59.8481 5
    endloop
  endfacet
  facet normal 0.258819 0.965926 0
    outer loop
      vertex -8.67984 59.9077 5
      vertex -8.45741 59.8481 0
      vertex -8.67984 59.9077 0
    endloop
  endfacet
  facet normal -0.0525452 0.998619 0
    outer loop
      vertex -7.77004 59.8121 0
      vertex -8 59.8 5
      vertex -7.77004 59.8121 5
    endloop
  endfacet
  facet normal -0.0525452 0.998619 0
    outer loop
      vertex -8 59.8 5
      vertex -7.77004 59.8121 0
      vertex -8 59.8 0
    endloop
  endfacet
  facet normal 0.453837 0.891085 -0
    outer loop
      vertex -8.89482 59.9902 0
      vertex -9.1 60.0947 5
      vertex -8.89482 59.9902 5
    endloop
  endfacet
  facet normal 0.453837 0.891085 0
    outer loop
      vertex -9.1 60.0947 5
      vertex -8.89482 59.9902 0
      vertex -9.1 60.0947 0
    endloop
  endfacet
  facet normal -0.707042 -0.707172 0
    outer loop
      vertex -6.52791 63.6349 0
      vertex -6.36508 63.4721 5
      vertex -6.52791 63.6349 5
    endloop
  endfacet
  facet normal -0.707042 -0.707172 -0
    outer loop
      vertex -6.36508 63.4721 5
      vertex -6.52791 63.6349 0
      vertex -6.36508 63.4721 0
    endloop
  endfacet
  facet normal 0.629271 -0.777186 0
    outer loop
      vertex -9.47209 63.6349 0
      vertex -9.29313 63.7798 5
      vertex -9.47209 63.6349 5
    endloop
  endfacet
  facet normal 0.629271 -0.777186 0
    outer loop
      vertex -9.29313 63.7798 5
      vertex -9.47209 63.6349 0
      vertex -9.29313 63.7798 0
    endloop
  endfacet
  facet normal -0.777213 -0.629238 0
    outer loop
      vertex -6.22016 63.2931 0
      vertex -6.36508 63.4721 5
      vertex -6.36508 63.4721 0
    endloop
  endfacet
  facet normal -0.777213 -0.629238 0
    outer loop
      vertex -6.36508 63.4721 5
      vertex -6.22016 63.2931 0
      vertex -6.22016 63.2931 5
    endloop
  endfacet
  facet normal 0.965917 -0.258852 0
    outer loop
      vertex -10.1519 62.4574 5
      vertex -10.0923 62.6798 0
      vertex -10.0923 62.6798 5
    endloop
  endfacet
  facet normal 0.965917 -0.258852 0
    outer loop
      vertex -10.0923 62.6798 0
      vertex -10.1519 62.4574 5
      vertex -10.1519 62.4574 0
    endloop
  endfacet
  facet normal -0.629271 0.777186 0
    outer loop
      vertex -6.52791 60.3651 0
      vertex -6.70687 60.2202 5
      vertex -6.52791 60.3651 5
    endloop
  endfacet
  facet normal -0.629271 0.777186 0
    outer loop
      vertex -6.70687 60.2202 5
      vertex -6.52791 60.3651 0
      vertex -6.70687 60.2202 0
    endloop
  endfacet
  facet normal 0.0525452 0.998619 -0
    outer loop
      vertex -8 59.8 0
      vertex -8.22996 59.8121 5
      vertex -8 59.8 5
    endloop
  endfacet
  facet normal 0.0525452 0.998619 0
    outer loop
      vertex -8.22996 59.8121 5
      vertex -8 59.8 0
      vertex -8.22996 59.8121 0
    endloop
  endfacet
  facet normal 0.777213 0.629238 0
    outer loop
      vertex -9.63492 60.5279 5
      vertex -9.77984 60.7069 0
      vertex -9.77984 60.7069 5
    endloop
  endfacet
  facet normal 0.777213 0.629238 0
    outer loop
      vertex -9.77984 60.7069 0
      vertex -9.63492 60.5279 5
      vertex -9.63492 60.5279 0
    endloop
  endfacet
  facet normal 0.987699 -0.156364 0
    outer loop
      vertex -10.1879 62.23 5
      vertex -10.1519 62.4574 0
      vertex -10.1519 62.4574 5
    endloop
  endfacet
  facet normal 0.987699 -0.156364 0
    outer loop
      vertex -10.1519 62.4574 0
      vertex -10.1879 62.23 5
      vertex -10.1879 62.23 0
    endloop
  endfacet
  facet normal 0.777213 -0.629238 0
    outer loop
      vertex -9.77984 63.2931 5
      vertex -9.63492 63.4721 0
      vertex -9.63492 63.4721 5
    endloop
  endfacet
  facet normal 0.777213 -0.629238 0
    outer loop
      vertex -9.63492 63.4721 0
      vertex -9.77984 63.2931 5
      vertex -9.77984 63.2931 0
    endloop
  endfacet
  facet normal -0.933582 -0.358365 0
    outer loop
      vertex -5.90767 62.6798 0
      vertex -5.9902 62.8948 5
      vertex -5.9902 62.8948 0
    endloop
  endfacet
  facet normal -0.933582 -0.358365 0
    outer loop
      vertex -5.9902 62.8948 5
      vertex -5.90767 62.6798 0
      vertex -5.90767 62.6798 5
    endloop
  endfacet
  facet normal 0.156754 -0.987638 0
    outer loop
      vertex -8.45741 64.1519 0
      vertex -8.22996 64.188 5
      vertex -8.45741 64.1519 5
    endloop
  endfacet
  facet normal 0.156754 -0.987638 0
    outer loop
      vertex -8.22996 64.188 5
      vertex -8.45741 64.1519 0
      vertex -8.22996 64.188 0
    endloop
  endfacet
  facet normal 0.629271 0.777186 -0
    outer loop
      vertex -9.29313 60.2202 0
      vertex -9.47209 60.3651 5
      vertex -9.29313 60.2202 5
    endloop
  endfacet
  facet normal 0.629271 0.777186 0
    outer loop
      vertex -9.47209 60.3651 5
      vertex -9.29313 60.2202 0
      vertex -9.47209 60.3651 0
    endloop
  endfacet
  facet normal 0.838632 -0.544698 0
    outer loop
      vertex -9.90526 63.1 5
      vertex -9.77984 63.2931 0
      vertex -9.77984 63.2931 5
    endloop
  endfacet
  facet normal 0.838632 -0.544698 0
    outer loop
      vertex -9.77984 63.2931 0
      vertex -9.90526 63.1 5
      vertex -9.90526 63.1 0
    endloop
  endfacet
  facet normal 0.891032 0.45394 0
    outer loop
      vertex -9.90526 60.9 5
      vertex -10.0098 61.1052 0
      vertex -10.0098 61.1052 5
    endloop
  endfacet
  facet normal 0.891032 0.45394 0
    outer loop
      vertex -10.0098 61.1052 0
      vertex -9.90526 60.9 5
      vertex -9.90526 60.9 0
    endloop
  endfacet
  facet normal 0.358281 0.933614 -0
    outer loop
      vertex -8.67984 59.9077 0
      vertex -8.89482 59.9902 5
      vertex -8.67984 59.9077 5
    endloop
  endfacet
  facet normal 0.358281 0.933614 0
    outer loop
      vertex -8.89482 59.9902 5
      vertex -8.67984 59.9077 0
      vertex -8.89482 59.9902 0
    endloop
  endfacet
  facet normal -0.891032 0.45394 0
    outer loop
      vertex -6.09474 60.9 0
      vertex -5.9902 61.1052 5
      vertex -5.9902 61.1052 0
    endloop
  endfacet
  facet normal -0.891032 0.45394 0
    outer loop
      vertex -5.9902 61.1052 5
      vertex -6.09474 60.9 0
      vertex -6.09474 60.9 5
    endloop
  endfacet
  facet normal -0.987686 -0.156449 0
    outer loop
      vertex -5.81205 62.23 0
      vertex -5.84807 62.4574 5
      vertex -5.84807 62.4574 0
    endloop
  endfacet
  facet normal -0.987686 -0.156449 0
    outer loop
      vertex -5.84807 62.4574 5
      vertex -5.81205 62.23 0
      vertex -5.81205 62.23 5
    endloop
  endfacet
  facet normal 0.0521121 -0.998641 0
    outer loop
      vertex -8.22996 64.188 0
      vertex -8 64.2 5
      vertex -8.22996 64.188 5
    endloop
  endfacet
  facet normal 0.0521121 -0.998641 0
    outer loop
      vertex -8 64.2 5
      vertex -8.22996 64.188 0
      vertex -8 64.2 0
    endloop
  endfacet
  facet normal -0.0521121 -0.998641 0
    outer loop
      vertex -8 64.2 0
      vertex -7.77004 64.188 5
      vertex -8 64.2 5
    endloop
  endfacet
  facet normal -0.0521121 -0.998641 -0
    outer loop
      vertex -7.77004 64.188 5
      vertex -8 64.2 0
      vertex -7.77004 64.188 0
    endloop
  endfacet
  facet normal -0.707042 0.707172 0
    outer loop
      vertex -6.36508 60.5279 0
      vertex -6.52791 60.3651 5
      vertex -6.36508 60.5279 5
    endloop
  endfacet
  facet normal -0.707042 0.707172 0
    outer loop
      vertex -6.52791 60.3651 5
      vertex -6.36508 60.5279 0
      vertex -6.52791 60.3651 0
    endloop
  endfacet
  facet normal -0.933582 0.358365 0
    outer loop
      vertex -5.9902 61.1052 0
      vertex -5.90767 61.3202 5
      vertex -5.90767 61.3202 0
    endloop
  endfacet
  facet normal -0.933582 0.358365 0
    outer loop
      vertex -5.90767 61.3202 5
      vertex -5.9902 61.1052 0
      vertex -5.9902 61.1052 5
    endloop
  endfacet
  facet normal -0.777213 0.629238 0
    outer loop
      vertex -6.36508 60.5279 0
      vertex -6.22016 60.7069 5
      vertex -6.22016 60.7069 0
    endloop
  endfacet
  facet normal -0.777213 0.629238 0
    outer loop
      vertex -6.22016 60.7069 5
      vertex -6.36508 60.5279 0
      vertex -6.36508 60.5279 5
    endloop
  endfacet
  facet normal 0.891032 -0.45394 0
    outer loop
      vertex -10.0098 62.8948 5
      vertex -9.90526 63.1 0
      vertex -9.90526 63.1 5
    endloop
  endfacet
  facet normal 0.891032 -0.45394 0
    outer loop
      vertex -9.90526 63.1 0
      vertex -10.0098 62.8948 5
      vertex -10.0098 62.8948 0
    endloop
  endfacet
  facet normal -0.838632 0.544698 0
    outer loop
      vertex -6.22016 60.7069 0
      vertex -6.09474 60.9 5
      vertex -6.09474 60.9 0
    endloop
  endfacet
  facet normal -0.838632 0.544698 0
    outer loop
      vertex -6.09474 60.9 5
      vertex -6.22016 60.7069 0
      vertex -6.22016 60.7069 5
    endloop
  endfacet
  facet normal 0.707042 0.707172 -0
    outer loop
      vertex -9.47209 60.3651 0
      vertex -9.63492 60.5279 5
      vertex -9.47209 60.3651 5
    endloop
  endfacet
  facet normal 0.707042 0.707172 0
    outer loop
      vertex -9.63492 60.5279 5
      vertex -9.47209 60.3651 0
      vertex -9.63492 60.5279 0
    endloop
  endfacet
  facet normal -0.258819 -0.965926 0
    outer loop
      vertex -7.54259 64.1519 0
      vertex -7.32016 64.0923 5
      vertex -7.54259 64.1519 5
    endloop
  endfacet
  facet normal -0.258819 -0.965926 -0
    outer loop
      vertex -7.32016 64.0923 5
      vertex -7.54259 64.1519 0
      vertex -7.32016 64.0923 0
    endloop
  endfacet
  facet normal -0.965917 0.258852 0
    outer loop
      vertex -5.90767 61.3202 0
      vertex -5.84807 61.5426 5
      vertex -5.84807 61.5426 0
    endloop
  endfacet
  facet normal -0.965917 0.258852 0
    outer loop
      vertex -5.84807 61.5426 5
      vertex -5.90767 61.3202 0
      vertex -5.90767 61.3202 5
    endloop
  endfacet
  facet normal -0.544883 -0.838512 0
    outer loop
      vertex -6.9 63.9053 0
      vertex -6.70687 63.7798 5
      vertex -6.9 63.9053 5
    endloop
  endfacet
  facet normal -0.544883 -0.838512 -0
    outer loop
      vertex -6.70687 63.7798 5
      vertex -6.9 63.9053 0
      vertex -6.70687 63.7798 0
    endloop
  endfacet
  facet normal -0.99863 -0.0523195 0
    outer loop
      vertex -5.8 62 0
      vertex -5.81205 62.23 5
      vertex -5.81205 62.23 0
    endloop
  endfacet
  facet normal -0.99863 -0.0523195 0
    outer loop
      vertex -5.81205 62.23 5
      vertex -5.8 62 0
      vertex -5.8 62 5
    endloop
  endfacet
  facet normal -0.156754 -0.987638 0
    outer loop
      vertex -7.77004 64.188 0
      vertex -7.54259 64.1519 5
      vertex -7.77004 64.188 5
    endloop
  endfacet
  facet normal -0.156754 -0.987638 -0
    outer loop
      vertex -7.54259 64.1519 5
      vertex -7.77004 64.188 0
      vertex -7.54259 64.1519 0
    endloop
  endfacet
  facet normal 0 0 1
    outer loop
      vertex 120.2 74 5
      vertex 124 74 5
      vertex 123.967 74.6272 5
    endloop
  endfacet
  facet normal 0 0 1
    outer loop
      vertex 120.188 74.23 5
      vertex 123.967 74.6272 5
      vertex 123.869 75.2475 5
    endloop
  endfacet
  facet normal 0 0 1
    outer loop
      vertex 124 74 5
      vertex 120.2 74 5
      vertex 123.967 73.3728 5
    endloop
  endfacet
  facet normal 0 0 1
    outer loop
      vertex 120.152 74.4574 5
      vertex 123.869 75.2475 5
      vertex 123.706 75.8541 5
    endloop
  endfacet
  facet normal -0 0 1
    outer loop
      vertex 120.188 73.77 5
      vertex 123.967 73.3728 5
      vertex 120.2 74 5
    endloop
  endfacet
  facet normal 0 0 1
    outer loop
      vertex 120.092 74.6798 5
      vertex 123.706 75.8541 5
      vertex 123.481 76.4404 5
    endloop
  endfacet
  facet normal 0 0 1
    outer loop
      vertex 123.967 73.3728 5
      vertex 120.188 73.77 5
      vertex 123.869 72.7525 5
    endloop
  endfacet
  facet normal 0 0 1
    outer loop
      vertex 120.01 74.8948 5
      vertex 123.481 76.4404 5
      vertex 123.196 77 5
    endloop
  endfacet
  facet normal -0 0 1
    outer loop
      vertex 120.152 73.5426 5
      vertex 123.869 72.7525 5
      vertex 120.188 73.77 5
    endloop
  endfacet
  facet normal 0 0 1
    outer loop
      vertex 119.905 75.1 5
      vertex 123.196 77 5
      vertex 122.854 77.5267 5
    endloop
  endfacet
  facet normal 0 0 1
    outer loop
      vertex 123.869 72.7525 5
      vertex 120.152 73.5426 5
      vertex 123.706 72.1459 5
    endloop
  endfacet
  facet normal 0 0 1
    outer loop
      vertex 119.78 75.2931 5
      vertex 122.854 77.5267 5
      vertex 122.459 78.0148 5
    endloop
  endfacet
  facet normal -0 0 1
    outer loop
      vertex 120.092 73.3202 5
      vertex 123.706 72.1459 5
      vertex 120.152 73.5426 5
    endloop
  endfacet
  facet normal 0 0 1
    outer loop
      vertex 119.635 75.4721 5
      vertex 122.459 78.0148 5
      vertex 122.015 78.4589 5
    endloop
  endfacet
  facet normal 0 0 1
    outer loop
      vertex 123.706 72.1459 5
      vertex 120.092 73.3202 5
      vertex 123.481 71.5596 5
    endloop
  endfacet
  facet normal 0 0 1
    outer loop
      vertex 119.472 75.6349 5
      vertex 122.015 78.4589 5
      vertex 121.527 78.8541 5
    endloop
  endfacet
  facet normal -0 0 1
    outer loop
      vertex 120.01 73.1052 5
      vertex 123.481 71.5596 5
      vertex 120.092 73.3202 5
    endloop
  endfacet
  facet normal 0 0 1
    outer loop
      vertex 119.293 75.7798 5
      vertex 121.527 78.8541 5
      vertex 121 79.1962 5
    endloop
  endfacet
  facet normal 0 0 1
    outer loop
      vertex 123.481 71.5596 5
      vertex 120.01 73.1052 5
      vertex 123.196 71 5
    endloop
  endfacet
  facet normal 0 0 1
    outer loop
      vertex 119.1 75.9053 5
      vertex 121 79.1962 5
      vertex 120.44 79.4813 5
    endloop
  endfacet
  facet normal -0 0 1
    outer loop
      vertex 119.905 72.9 5
      vertex 123.196 71 5
      vertex 120.01 73.1052 5
    endloop
  endfacet
  facet normal 0 0 1
    outer loop
      vertex 123.196 71 5
      vertex 119.905 72.9 5
      vertex 122.854 70.4733 5
    endloop
  endfacet
  facet normal 0 0 1
    outer loop
      vertex 123.967 74.6272 5
      vertex 120.188 74.23 5
      vertex 120.2 74 5
    endloop
  endfacet
  facet normal 0 0 1
    outer loop
      vertex 123.869 75.2475 5
      vertex 120.152 74.4574 5
      vertex 120.188 74.23 5
    endloop
  endfacet
  facet normal 0 0 1
    outer loop
      vertex 123.706 75.8541 5
      vertex 120.092 74.6798 5
      vertex 120.152 74.4574 5
    endloop
  endfacet
  facet normal 0 0 1
    outer loop
      vertex 123.481 76.4404 5
      vertex 120.01 74.8948 5
      vertex 120.092 74.6798 5
    endloop
  endfacet
  facet normal 0 0 1
    outer loop
      vertex 123.196 77 5
      vertex 119.905 75.1 5
      vertex 120.01 74.8948 5
    endloop
  endfacet
  facet normal 0 0 1
    outer loop
      vertex 118.895 76.0098 5
      vertex 120.44 79.4813 5
      vertex 119.854 79.7063 5
    endloop
  endfacet
  facet normal 0 0 1
    outer loop
      vertex 122.854 77.5267 5
      vertex 119.78 75.2931 5
      vertex 119.905 75.1 5
    endloop
  endfacet
  facet normal 0 0 1
    outer loop
      vertex 122.459 78.0148 5
      vertex 119.635 75.4721 5
      vertex 119.78 75.2931 5
    endloop
  endfacet
  facet normal 0 0 1
    outer loop
      vertex 122.015 78.4589 5
      vertex 119.472 75.6349 5
      vertex 119.635 75.4721 5
    endloop
  endfacet
  facet normal 0 0 1
    outer loop
      vertex 121.527 78.8541 5
      vertex 119.293 75.7798 5
      vertex 119.472 75.6349 5
    endloop
  endfacet
  facet normal 0 0 1
    outer loop
      vertex 118.68 76.0923 5
      vertex 119.854 79.7063 5
      vertex 119.247 79.8689 5
    endloop
  endfacet
  facet normal 0 0 1
    outer loop
      vertex 121 79.1962 5
      vertex 119.1 75.9053 5
      vertex 119.293 75.7798 5
    endloop
  endfacet
  facet normal 0 0 1
    outer loop
      vertex 120.44 79.4813 5
      vertex 118.895 76.0098 5
      vertex 119.1 75.9053 5
    endloop
  endfacet
  facet normal 0 0 1
    outer loop
      vertex 119.854 79.7063 5
      vertex 118.68 76.0923 5
      vertex 118.895 76.0098 5
    endloop
  endfacet
  facet normal 0 0 1
    outer loop
      vertex 118.457 76.1519 5
      vertex 119.247 79.8689 5
      vertex 118.627 79.9671 5
    endloop
  endfacet
  facet normal 0 0 1
    outer loop
      vertex 119.247 79.8689 5
      vertex 118.457 76.1519 5
      vertex 118.68 76.0923 5
    endloop
  endfacet
  facet normal 0 0 1
    outer loop
      vertex 118.627 79.9671 5
      vertex 118.23 76.188 5
      vertex 118.457 76.1519 5
    endloop
  endfacet
  facet normal 0 0 1
    outer loop
      vertex 118 80 5
      vertex 118.23 76.188 5
      vertex 118.627 79.9671 5
    endloop
  endfacet
  facet normal 0 0 1
    outer loop
      vertex 118 80 5
      vertex 118 76.2 5
      vertex 118.23 76.188 5
    endloop
  endfacet
  facet normal 0 0 1
    outer loop
      vertex 118 80 5
      vertex 117.77 76.188 5
      vertex 118 76.2 5
    endloop
  endfacet
  facet normal 0 0 1
    outer loop
      vertex 118 80 5
      vertex 117.543 76.1519 5
      vertex 117.77 76.188 5
    endloop
  endfacet
  facet normal 0 0 1
    outer loop
      vertex 118 80 5
      vertex 117.32 76.0923 5
      vertex 117.543 76.1519 5
    endloop
  endfacet
  facet normal 0 0 1
    outer loop
      vertex 118 80 5
      vertex 117.105 76.0098 5
      vertex 117.32 76.0923 5
    endloop
  endfacet
  facet normal 0 0 1
    outer loop
      vertex 118 80 5
      vertex 116.9 75.9053 5
      vertex 117.105 76.0098 5
    endloop
  endfacet
  facet normal 0 0 1
    outer loop
      vertex 118 80 5
      vertex 116.707 75.7798 5
      vertex 116.9 75.9053 5
    endloop
  endfacet
  facet normal 0 0 1
    outer loop
      vertex 118 80 5
      vertex 116.528 75.6349 5
      vertex 116.707 75.7798 5
    endloop
  endfacet
  facet normal -0 0 1
    outer loop
      vertex 110 80 5
      vertex 116.528 75.6349 5
      vertex 118 80 5
    endloop
  endfacet
  facet normal 0 0 1
    outer loop
      vertex 116.528 75.6349 5
      vertex 110 80 5
      vertex 116.365 75.4721 5
    endloop
  endfacet
  facet normal 0 0 1
    outer loop
      vertex 116.365 75.4721 5
      vertex 110 80 5
      vertex 116.22 75.2931 5
    endloop
  endfacet
  facet normal 0 0 1
    outer loop
      vertex 116.22 75.2931 5
      vertex 110 80 5
      vertex 116.095 75.1 5
    endloop
  endfacet
  facet normal 0 0 1
    outer loop
      vertex 115.848 74.4574 5
      vertex 110 74 5
      vertex 115.812 74.23 5
    endloop
  endfacet
  facet normal 0 0 1
    outer loop
      vertex 115.908 74.6798 5
      vertex 110 74 5
      vertex 115.848 74.4574 5
    endloop
  endfacet
  facet normal 0 0 1
    outer loop
      vertex 115.99 74.8948 5
      vertex 110 74 5
      vertex 115.908 74.6798 5
    endloop
  endfacet
  facet normal 0 0 1
    outer loop
      vertex 116.095 75.1 5
      vertex 110 74 5
      vertex 115.99 74.8948 5
    endloop
  endfacet
  facet normal 0 0 1
    outer loop
      vertex 110 74 5
      vertex 116.095 75.1 5
      vertex 110 80 5
    endloop
  endfacet
  facet normal -0 0 1
    outer loop
      vertex 119.78 72.7069 5
      vertex 122.854 70.4733 5
      vertex 119.905 72.9 5
    endloop
  endfacet
  facet normal 0 0 1
    outer loop
      vertex 122.854 70.4733 5
      vertex 119.78 72.7069 5
      vertex 122.459 69.9852 5
    endloop
  endfacet
  facet normal -0 0 1
    outer loop
      vertex 119.635 72.5279 5
      vertex 122.459 69.9852 5
      vertex 119.78 72.7069 5
    endloop
  endfacet
  facet normal 0 0 1
    outer loop
      vertex 122.459 69.9852 5
      vertex 119.635 72.5279 5
      vertex 122.015 69.5411 5
    endloop
  endfacet
  facet normal -0 0 1
    outer loop
      vertex 119.472 72.3651 5
      vertex 122.015 69.5411 5
      vertex 119.635 72.5279 5
    endloop
  endfacet
  facet normal 0 0 1
    outer loop
      vertex 122.015 69.5411 5
      vertex 119.472 72.3651 5
      vertex 121.527 69.1459 5
    endloop
  endfacet
  facet normal -0 0 1
    outer loop
      vertex 119.293 72.2202 5
      vertex 121.527 69.1459 5
      vertex 119.472 72.3651 5
    endloop
  endfacet
  facet normal 0 0 1
    outer loop
      vertex 121.527 69.1459 5
      vertex 119.293 72.2202 5
      vertex 121 68.8038 5
    endloop
  endfacet
  facet normal -0 0 1
    outer loop
      vertex 119.1 72.0947 5
      vertex 121 68.8038 5
      vertex 119.293 72.2202 5
    endloop
  endfacet
  facet normal 0 0 1
    outer loop
      vertex 121 68.8038 5
      vertex 119.1 72.0947 5
      vertex 120.44 68.5187 5
    endloop
  endfacet
  facet normal -0 0 1
    outer loop
      vertex 118.895 71.9902 5
      vertex 120.44 68.5187 5
      vertex 119.1 72.0947 5
    endloop
  endfacet
  facet normal 0 0 1
    outer loop
      vertex 120.44 68.5187 5
      vertex 118.895 71.9902 5
      vertex 119.854 68.2937 5
    endloop
  endfacet
  facet normal -0 0 1
    outer loop
      vertex 118.68 71.9077 5
      vertex 119.854 68.2937 5
      vertex 118.895 71.9902 5
    endloop
  endfacet
  facet normal 0 0 1
    outer loop
      vertex 119.854 68.2937 5
      vertex 118.68 71.9077 5
      vertex 119.247 68.1311 5
    endloop
  endfacet
  facet normal -0 0 1
    outer loop
      vertex 118.457 71.8481 5
      vertex 119.247 68.1311 5
      vertex 118.68 71.9077 5
    endloop
  endfacet
  facet normal 0 0 1
    outer loop
      vertex 119.247 68.1311 5
      vertex 118.457 71.8481 5
      vertex 118.627 68.0329 5
    endloop
  endfacet
  facet normal -0 0 1
    outer loop
      vertex 118.23 71.812 5
      vertex 118.627 68.0329 5
      vertex 118.457 71.8481 5
    endloop
  endfacet
  facet normal -0 0 1
    outer loop
      vertex 118 71.8 5
      vertex 118.627 68.0329 5
      vertex 118.23 71.812 5
    endloop
  endfacet
  facet normal 0 0 1
    outer loop
      vertex 118 71.8 5
      vertex 118 68 5
      vertex 118.627 68.0329 5
    endloop
  endfacet
  facet normal 0 0 1
    outer loop
      vertex 117.77 71.812 5
      vertex 118 68 5
      vertex 118 71.8 5
    endloop
  endfacet
  facet normal 0 0 1
    outer loop
      vertex 117.543 71.8481 5
      vertex 118 68 5
      vertex 117.77 71.812 5
    endloop
  endfacet
  facet normal 0 0 1
    outer loop
      vertex 117.32 71.9077 5
      vertex 118 68 5
      vertex 117.543 71.8481 5
    endloop
  endfacet
  facet normal 0 0 1
    outer loop
      vertex 117.105 71.9902 5
      vertex 118 68 5
      vertex 117.32 71.9077 5
    endloop
  endfacet
  facet normal 0 0 1
    outer loop
      vertex 116.9 72.0947 5
      vertex 118 68 5
      vertex 117.105 71.9902 5
    endloop
  endfacet
  facet normal 0 0 1
    outer loop
      vertex 116.707 72.2202 5
      vertex 118 68 5
      vertex 116.9 72.0947 5
    endloop
  endfacet
  facet normal 0 0 1
    outer loop
      vertex 116.528 72.3651 5
      vertex 118 68 5
      vertex 116.707 72.2202 5
    endloop
  endfacet
  facet normal 0 0 1
    outer loop
      vertex 110 68 5
      vertex 116.528 72.3651 5
      vertex 116.365 72.5279 5
    endloop
  endfacet
  facet normal 0 0 1
    outer loop
      vertex 110 68 5
      vertex 116.365 72.5279 5
      vertex 116.22 72.7069 5
    endloop
  endfacet
  facet normal 0 0 1
    outer loop
      vertex 110 68 5
      vertex 116.22 72.7069 5
      vertex 116.095 72.9 5
    endloop
  endfacet
  facet normal 0 0 1
    outer loop
      vertex 110 74 5
      vertex 116.095 72.9 5
      vertex 115.99 73.1052 5
    endloop
  endfacet
  facet normal 0 0 1
    outer loop
      vertex 115.812 74.23 5
      vertex 110 74 5
      vertex 115.8 74 5
    endloop
  endfacet
  facet normal 0 0 1
    outer loop
      vertex 115.8 74 5
      vertex 110 74 5
      vertex 115.812 73.77 5
    endloop
  endfacet
  facet normal 0 0 1
    outer loop
      vertex 115.812 73.77 5
      vertex 110 74 5
      vertex 115.848 73.5426 5
    endloop
  endfacet
  facet normal 0 0 1
    outer loop
      vertex 115.848 73.5426 5
      vertex 110 74 5
      vertex 115.908 73.3202 5
    endloop
  endfacet
  facet normal 0 0 1
    outer loop
      vertex 115.908 73.3202 5
      vertex 110 74 5
      vertex 115.99 73.1052 5
    endloop
  endfacet
  facet normal 0 0 1
    outer loop
      vertex 116.095 72.9 5
      vertex 110 74 5
      vertex 110 68 5
    endloop
  endfacet
  facet normal 0 0 1
    outer loop
      vertex 116.528 72.3651 5
      vertex 110 68 5
      vertex 118 68 5
    endloop
  endfacet
  facet normal 0 1 -0
    outer loop
      vertex 118 80 0
      vertex 110 80 5
      vertex 118 80 5
    endloop
  endfacet
  facet normal 0 1 0
    outer loop
      vertex 110 80 5
      vertex 118 80 0
      vertex 110 80 0
    endloop
  endfacet
  facet normal 0 -1 0
    outer loop
      vertex 110 68 0
      vertex 118 68 5
      vertex 110 68 5
    endloop
  endfacet
  facet normal 0 -1 -0
    outer loop
      vertex 118 68 5
      vertex 110 68 0
      vertex 118 68 0
    endloop
  endfacet
  facet normal 0.987749 -0.156053 0
    outer loop
      vertex 123.869 72.7525 5
      vertex 123.967 73.3728 0
      vertex 123.967 73.3728 5
    endloop
  endfacet
  facet normal 0.987749 -0.156053 0
    outer loop
      vertex 123.967 73.3728 0
      vertex 123.869 72.7525 5
      vertex 123.869 72.7525 0
    endloop
  endfacet
  facet normal 0.0524 0.998626 -0
    outer loop
      vertex 118.627 79.9671 0
      vertex 118 80 5
      vertex 118.627 79.9671 5
    endloop
  endfacet
  facet normal 0.0524 0.998626 0
    outer loop
      vertex 118 80 5
      vertex 118.627 79.9671 0
      vertex 118 80 0
    endloop
  endfacet
  facet normal 0.544485 -0.838771 0
    outer loop
      vertex 121 68.8038 0
      vertex 121.527 69.1459 5
      vertex 121 68.8038 5
    endloop
  endfacet
  facet normal 0.544485 -0.838771 0
    outer loop
      vertex 121.527 69.1459 5
      vertex 121 68.8038 0
      vertex 121.527 69.1459 0
    endloop
  endfacet
  facet normal 0.544485 0.838771 -0
    outer loop
      vertex 121.527 78.8541 0
      vertex 121 79.1962 5
      vertex 121.527 78.8541 5
    endloop
  endfacet
  facet normal 0.544485 0.838771 0
    outer loop
      vertex 121 79.1962 5
      vertex 121.527 78.8541 0
      vertex 121 79.1962 0
    endloop
  endfacet
  facet normal 0.933612 0.358285 0
    outer loop
      vertex 123.706 75.8541 5
      vertex 123.481 76.4404 0
      vertex 123.481 76.4404 5
    endloop
  endfacet
  facet normal 0.933612 0.358285 0
    outer loop
      vertex 123.481 76.4404 0
      vertex 123.706 75.8541 5
      vertex 123.706 75.8541 0
    endloop
  endfacet
  facet normal 0.629345 0.777126 -0
    outer loop
      vertex 122.015 78.4589 0
      vertex 121.527 78.8541 5
      vertex 122.015 78.4589 5
    endloop
  endfacet
  facet normal 0.629345 0.777126 0
    outer loop
      vertex 121.527 78.8541 5
      vertex 122.015 78.4589 0
      vertex 121.527 78.8541 0
    endloop
  endfacet
  facet normal 0.987749 0.156053 0
    outer loop
      vertex 123.967 74.6272 5
      vertex 123.869 75.2475 0
      vertex 123.869 75.2475 5
    endloop
  endfacet
  facet normal 0.987749 0.156053 0
    outer loop
      vertex 123.869 75.2475 0
      vertex 123.967 74.6272 5
      vertex 123.967 74.6272 0
    endloop
  endfacet
  facet normal 0.998619 0.0525421 0
    outer loop
      vertex 124 74 5
      vertex 123.967 74.6272 0
      vertex 123.967 74.6272 5
    endloop
  endfacet
  facet normal 0.998619 0.0525421 0
    outer loop
      vertex 123.967 74.6272 0
      vertex 124 74 5
      vertex 124 74 0
    endloop
  endfacet
  facet normal 0.629345 -0.777126 0
    outer loop
      vertex 121.527 69.1459 0
      vertex 122.015 69.5411 5
      vertex 121.527 69.1459 5
    endloop
  endfacet
  facet normal 0.629345 -0.777126 0
    outer loop
      vertex 122.015 69.5411 5
      vertex 121.527 69.1459 0
      vertex 122.015 69.5411 0
    endloop
  endfacet
  facet normal 0.358445 0.933551 -0
    outer loop
      vertex 120.44 79.4813 0
      vertex 119.854 79.7063 5
      vertex 120.44 79.4813 5
    endloop
  endfacet
  facet normal 0.358445 0.933551 0
    outer loop
      vertex 119.854 79.7063 5
      vertex 120.44 79.4813 0
      vertex 119.854 79.7063 0
    endloop
  endfacet
  facet normal 0.156437 0.987688 -0
    outer loop
      vertex 119.247 79.8689 0
      vertex 118.627 79.9671 5
      vertex 119.247 79.8689 5
    endloop
  endfacet
  facet normal 0.156437 0.987688 0
    outer loop
      vertex 118.627 79.9671 5
      vertex 119.247 79.8689 0
      vertex 118.627 79.9671 0
    endloop
  endfacet
  facet normal 0.838702 -0.544591 0
    outer loop
      vertex 122.854 70.4733 5
      vertex 123.196 71 0
      vertex 123.196 71 5
    endloop
  endfacet
  facet normal 0.838702 -0.544591 0
    outer loop
      vertex 123.196 71 0
      vertex 122.854 70.4733 5
      vertex 122.854 70.4733 0
    endloop
  endfacet
  facet normal 0.453695 0.891157 -0
    outer loop
      vertex 121 79.1962 0
      vertex 120.44 79.4813 5
      vertex 121 79.1962 5
    endloop
  endfacet
  facet normal 0.453695 0.891157 0
    outer loop
      vertex 120.44 79.4813 5
      vertex 121 79.1962 0
      vertex 120.44 79.4813 0
    endloop
  endfacet
  facet normal 0.965742 -0.259505 0
    outer loop
      vertex 123.706 72.1459 5
      vertex 123.869 72.7525 0
      vertex 123.869 72.7525 5
    endloop
  endfacet
  facet normal 0.965742 -0.259505 0
    outer loop
      vertex 123.869 72.7525 0
      vertex 123.706 72.1459 5
      vertex 123.706 72.1459 0
    endloop
  endfacet
  facet normal 0.965742 0.259505 0
    outer loop
      vertex 123.869 75.2475 5
      vertex 123.706 75.8541 0
      vertex 123.706 75.8541 5
    endloop
  endfacet
  facet normal 0.965742 0.259505 0
    outer loop
      vertex 123.706 75.8541 0
      vertex 123.869 75.2475 5
      vertex 123.869 75.2475 0
    endloop
  endfacet
  facet normal 0.358445 -0.933551 0
    outer loop
      vertex 119.854 68.2937 0
      vertex 120.44 68.5187 5
      vertex 119.854 68.2937 5
    endloop
  endfacet
  facet normal 0.358445 -0.933551 0
    outer loop
      vertex 120.44 68.5187 5
      vertex 119.854 68.2937 0
      vertex 120.44 68.5187 0
    endloop
  endfacet
  facet normal 0.156437 -0.987688 0
    outer loop
      vertex 118.627 68.0329 0
      vertex 119.247 68.1311 5
      vertex 118.627 68.0329 5
    endloop
  endfacet
  facet normal 0.156437 -0.987688 0
    outer loop
      vertex 119.247 68.1311 5
      vertex 118.627 68.0329 0
      vertex 119.247 68.1311 0
    endloop
  endfacet
  facet normal 0.838702 0.544591 0
    outer loop
      vertex 123.196 77 5
      vertex 122.854 77.5267 0
      vertex 122.854 77.5267 5
    endloop
  endfacet
  facet normal 0.838702 0.544591 0
    outer loop
      vertex 122.854 77.5267 0
      vertex 123.196 77 5
      vertex 123.196 77 0
    endloop
  endfacet
  facet normal 0.998619 -0.0525421 0
    outer loop
      vertex 123.967 73.3728 5
      vertex 124 74 0
      vertex 124 74 5
    endloop
  endfacet
  facet normal 0.998619 -0.0525421 0
    outer loop
      vertex 124 74 0
      vertex 123.967 73.3728 5
      vertex 123.967 73.3728 0
    endloop
  endfacet
  facet normal 0.258752 -0.965944 0
    outer loop
      vertex 119.247 68.1311 0
      vertex 119.854 68.2937 5
      vertex 119.247 68.1311 5
    endloop
  endfacet
  facet normal 0.258752 -0.965944 0
    outer loop
      vertex 119.854 68.2937 5
      vertex 119.247 68.1311 0
      vertex 119.854 68.2937 0
    endloop
  endfacet
  facet normal 0.933612 -0.358285 0
    outer loop
      vertex 123.481 71.5596 5
      vertex 123.706 72.1459 0
      vertex 123.706 72.1459 5
    endloop
  endfacet
  facet normal 0.933612 -0.358285 0
    outer loop
      vertex 123.706 72.1459 0
      vertex 123.481 71.5596 5
      vertex 123.481 71.5596 0
    endloop
  endfacet
  facet normal 0.891091 0.453826 0
    outer loop
      vertex 123.481 76.4404 5
      vertex 123.196 77 0
      vertex 123.196 77 5
    endloop
  endfacet
  facet normal 0.891091 0.453826 0
    outer loop
      vertex 123.196 77 0
      vertex 123.481 76.4404 5
      vertex 123.481 76.4404 0
    endloop
  endfacet
  facet normal 0.777345 0.629075 0
    outer loop
      vertex 122.854 77.5267 5
      vertex 122.459 78.0148 0
      vertex 122.459 78.0148 5
    endloop
  endfacet
  facet normal 0.777345 0.629075 0
    outer loop
      vertex 122.459 78.0148 0
      vertex 122.854 77.5267 5
      vertex 122.854 77.5267 0
    endloop
  endfacet
  facet normal 0.707186 -0.707027 0
    outer loop
      vertex 122.015 69.5411 5
      vertex 122.459 69.9852 0
      vertex 122.459 69.9852 5
    endloop
  endfacet
  facet normal 0.707186 -0.707027 0
    outer loop
      vertex 122.459 69.9852 0
      vertex 122.015 69.5411 5
      vertex 122.015 69.5411 0
    endloop
  endfacet
  facet normal 0.707186 0.707027 0
    outer loop
      vertex 122.459 78.0148 5
      vertex 122.015 78.4589 0
      vertex 122.015 78.4589 5
    endloop
  endfacet
  facet normal 0.707186 0.707027 0
    outer loop
      vertex 122.015 78.4589 0
      vertex 122.459 78.0148 5
      vertex 122.459 78.0148 0
    endloop
  endfacet
  facet normal 0.258752 0.965944 -0
    outer loop
      vertex 119.854 79.7063 0
      vertex 119.247 79.8689 5
      vertex 119.854 79.7063 5
    endloop
  endfacet
  facet normal 0.258752 0.965944 0
    outer loop
      vertex 119.247 79.8689 5
      vertex 119.854 79.7063 0
      vertex 119.247 79.8689 0
    endloop
  endfacet
  facet normal 0.891091 -0.453826 0
    outer loop
      vertex 123.196 71 5
      vertex 123.481 71.5596 0
      vertex 123.481 71.5596 5
    endloop
  endfacet
  facet normal 0.891091 -0.453826 0
    outer loop
      vertex 123.481 71.5596 0
      vertex 123.196 71 5
      vertex 123.196 71 0
    endloop
  endfacet
  facet normal 0.453695 -0.891157 0
    outer loop
      vertex 120.44 68.5187 0
      vertex 121 68.8038 5
      vertex 120.44 68.5187 5
    endloop
  endfacet
  facet normal 0.453695 -0.891157 0
    outer loop
      vertex 121 68.8038 5
      vertex 120.44 68.5187 0
      vertex 121 68.8038 0
    endloop
  endfacet
  facet normal 0.0524 -0.998626 0
    outer loop
      vertex 118 68 0
      vertex 118.627 68.0329 5
      vertex 118 68 5
    endloop
  endfacet
  facet normal 0.0524 -0.998626 0
    outer loop
      vertex 118.627 68.0329 5
      vertex 118 68 0
      vertex 118.627 68.0329 0
    endloop
  endfacet
  facet normal 0.777345 -0.629075 0
    outer loop
      vertex 122.459 69.9852 5
      vertex 122.854 70.4733 0
      vertex 122.854 70.4733 5
    endloop
  endfacet
  facet normal 0.777345 -0.629075 0
    outer loop
      vertex 122.854 70.4733 0
      vertex 122.459 69.9852 5
      vertex 122.459 69.9852 0
    endloop
  endfacet
  facet normal -0.358251 0.933625 0
    outer loop
      vertex 118.895 71.9902 0
      vertex 118.68 71.9077 5
      vertex 118.895 71.9902 5
    endloop
  endfacet
  facet normal -0.358251 0.933625 0
    outer loop
      vertex 118.68 71.9077 5
      vertex 118.895 71.9902 0
      vertex 118.68 71.9077 0
    endloop
  endfacet
  facet normal -0.987699 -0.156364 0
    outer loop
      vertex 120.188 74.23 0
      vertex 120.152 74.4574 5
      vertex 120.152 74.4574 0
    endloop
  endfacet
  facet normal -0.987699 -0.156364 0
    outer loop
      vertex 120.152 74.4574 5
      vertex 120.188 74.23 0
      vertex 120.188 74.23 5
    endloop
  endfacet
  facet normal -0.998642 -0.052103 0
    outer loop
      vertex 120.2 74 0
      vertex 120.188 74.23 5
      vertex 120.188 74.23 0
    endloop
  endfacet
  facet normal -0.998642 -0.052103 0
    outer loop
      vertex 120.188 74.23 5
      vertex 120.2 74 0
      vertex 120.2 74 5
    endloop
  endfacet
  facet normal -0.965482 -0.260472 0
    outer loop
      vertex 120.152 74.4574 0
      vertex 120.092 74.6798 5
      vertex 120.092 74.6798 0
    endloop
  endfacet
  facet normal -0.965482 -0.260472 0
    outer loop
      vertex 120.092 74.6798 5
      vertex 120.152 74.4574 0
      vertex 120.152 74.4574 5
    endloop
  endfacet
  facet normal -0.545141 0.838344 0
    outer loop
      vertex 119.293 72.2202 0
      vertex 119.1 72.0947 5
      vertex 119.293 72.2202 5
    endloop
  endfacet
  facet normal -0.545141 0.838344 0
    outer loop
      vertex 119.1 72.0947 5
      vertex 119.293 72.2202 0
      vertex 119.1 72.0947 0
    endloop
  endfacet
  facet normal 0.454154 0.890923 -0
    outer loop
      vertex 117.105 71.9902 0
      vertex 116.9 72.0947 5
      vertex 117.105 71.9902 5
    endloop
  endfacet
  facet normal 0.454154 0.890923 0
    outer loop
      vertex 116.9 72.0947 5
      vertex 117.105 71.9902 0
      vertex 116.9 72.0947 0
    endloop
  endfacet
  facet normal 0.545141 -0.838344 0
    outer loop
      vertex 116.707 75.7798 0
      vertex 116.9 75.9053 5
      vertex 116.707 75.7798 5
    endloop
  endfacet
  facet normal 0.545141 -0.838344 0
    outer loop
      vertex 116.9 75.9053 5
      vertex 116.707 75.7798 0
      vertex 116.9 75.9053 0
    endloop
  endfacet
  facet normal 0.890224 0.455524 0
    outer loop
      vertex 116.095 72.9 5
      vertex 115.99 73.1052 0
      vertex 115.99 73.1052 5
    endloop
  endfacet
  facet normal 0.890224 0.455524 0
    outer loop
      vertex 115.99 73.1052 0
      vertex 116.095 72.9 5
      vertex 116.095 72.9 0
    endloop
  endfacet
  facet normal -0.998642 0.052103 0
    outer loop
      vertex 120.188 73.77 0
      vertex 120.2 74 5
      vertex 120.2 74 0
    endloop
  endfacet
  facet normal -0.998642 0.052103 0
    outer loop
      vertex 120.2 74 5
      vertex 120.188 73.77 0
      vertex 120.188 73.77 5
    endloop
  endfacet
  facet normal -0.93435 -0.356357 0
    outer loop
      vertex 120.092 74.6798 0
      vertex 120.01 74.8948 5
      vertex 120.01 74.8948 0
    endloop
  endfacet
  facet normal -0.93435 -0.356357 0
    outer loop
      vertex 120.01 74.8948 5
      vertex 120.092 74.6798 0
      vertex 120.092 74.6798 5
    endloop
  endfacet
  facet normal -0.157057 -0.98759 0
    outer loop
      vertex 118.23 76.188 0
      vertex 118.457 76.1519 5
      vertex 118.23 76.188 5
    endloop
  endfacet
  facet normal -0.157057 -0.98759 -0
    outer loop
      vertex 118.457 76.1519 5
      vertex 118.23 76.188 0
      vertex 118.457 76.1519 0
    endloop
  endfacet
  facet normal 0.998642 -0.052103 0
    outer loop
      vertex 115.8 74 5
      vertex 115.812 74.23 0
      vertex 115.812 74.23 5
    endloop
  endfacet
  facet normal 0.998642 -0.052103 0
    outer loop
      vertex 115.812 74.23 0
      vertex 115.8 74 5
      vertex 115.8 74 0
    endloop
  endfacet
  facet normal -0.839465 -0.543413 0
    outer loop
      vertex 119.905 75.1 0
      vertex 119.78 75.2931 5
      vertex 119.78 75.2931 0
    endloop
  endfacet
  facet normal -0.839465 -0.543413 0
    outer loop
      vertex 119.78 75.2931 5
      vertex 119.905 75.1 0
      vertex 119.905 75.1 5
    endloop
  endfacet
  facet normal 0.454154 -0.890923 0
    outer loop
      vertex 116.9 75.9053 0
      vertex 117.105 76.0098 5
      vertex 116.9 75.9053 5
    endloop
  endfacet
  facet normal 0.454154 -0.890923 0
    outer loop
      vertex 117.105 76.0098 5
      vertex 116.9 75.9053 0
      vertex 117.105 76.0098 0
    endloop
  endfacet
  facet normal -0.706673 0.707541 0
    outer loop
      vertex 119.635 72.5279 0
      vertex 119.472 72.3651 5
      vertex 119.635 72.5279 5
    endloop
  endfacet
  facet normal -0.706673 0.707541 0
    outer loop
      vertex 119.472 72.3651 5
      vertex 119.635 72.5279 0
      vertex 119.472 72.3651 0
    endloop
  endfacet
  facet normal 0.358251 -0.933625 0
    outer loop
      vertex 117.105 76.0098 0
      vertex 117.32 76.0923 5
      vertex 117.105 76.0098 5
    endloop
  endfacet
  facet normal 0.358251 -0.933625 0
    outer loop
      vertex 117.32 76.0923 5
      vertex 117.105 76.0098 0
      vertex 117.32 76.0923 0
    endloop
  endfacet
  facet normal -0.454154 0.890923 0
    outer loop
      vertex 119.1 72.0947 0
      vertex 118.895 71.9902 5
      vertex 119.1 72.0947 5
    endloop
  endfacet
  facet normal -0.454154 0.890923 0
    outer loop
      vertex 118.895 71.9902 5
      vertex 119.1 72.0947 0
      vertex 118.895 71.9902 0
    endloop
  endfacet
  facet normal 0.987699 -0.156364 0
    outer loop
      vertex 115.812 74.23 5
      vertex 115.848 74.4574 0
      vertex 115.848 74.4574 5
    endloop
  endfacet
  facet normal 0.987699 -0.156364 0
    outer loop
      vertex 115.848 74.4574 0
      vertex 115.812 74.23 5
      vertex 115.812 74.23 0
    endloop
  endfacet
  facet normal 0.839465 0.543413 0
    outer loop
      vertex 116.22 72.7069 5
      vertex 116.095 72.9 0
      vertex 116.095 72.9 5
    endloop
  endfacet
  facet normal 0.839465 0.543413 0
    outer loop
      vertex 116.095 72.9 0
      vertex 116.22 72.7069 5
      vertex 116.22 72.7069 0
    endloop
  endfacet
  facet normal -0.258202 0.966091 0
    outer loop
      vertex 118.68 71.9077 0
      vertex 118.457 71.8481 5
      vertex 118.68 71.9077 5
    endloop
  endfacet
  facet normal -0.258202 0.966091 0
    outer loop
      vertex 118.457 71.8481 5
      vertex 118.68 71.9077 0
      vertex 118.457 71.8481 0
    endloop
  endfacet
  facet normal 0.965482 0.260472 0
    outer loop
      vertex 115.908 73.3202 5
      vertex 115.848 73.5426 0
      vertex 115.848 73.5426 5
    endloop
  endfacet
  facet normal 0.965482 0.260472 0
    outer loop
      vertex 115.848 73.5426 0
      vertex 115.908 73.3202 5
      vertex 115.908 73.3202 0
    endloop
  endfacet
  facet normal -0.545141 -0.838344 0
    outer loop
      vertex 119.1 75.9053 0
      vertex 119.293 75.7798 5
      vertex 119.1 75.9053 5
    endloop
  endfacet
  facet normal -0.545141 -0.838344 -0
    outer loop
      vertex 119.293 75.7798 5
      vertex 119.1 75.9053 0
      vertex 119.293 75.7798 0
    endloop
  endfacet
  facet normal 0.629186 0.777255 -0
    outer loop
      vertex 116.707 72.2202 0
      vertex 116.528 72.3651 5
      vertex 116.707 72.2202 5
    endloop
  endfacet
  facet normal 0.629186 0.777255 0
    outer loop
      vertex 116.528 72.3651 5
      vertex 116.707 72.2202 0
      vertex 116.528 72.3651 0
    endloop
  endfacet
  facet normal -0.93435 0.356357 0
    outer loop
      vertex 120.01 73.1052 0
      vertex 120.092 73.3202 5
      vertex 120.092 73.3202 0
    endloop
  endfacet
  facet normal -0.93435 0.356357 0
    outer loop
      vertex 120.092 73.3202 5
      vertex 120.01 73.1052 0
      vertex 120.01 73.1052 5
    endloop
  endfacet
  facet normal 0.258202 -0.966091 0
    outer loop
      vertex 117.32 76.0923 0
      vertex 117.543 76.1519 5
      vertex 117.32 76.0923 5
    endloop
  endfacet
  facet normal 0.258202 -0.966091 0
    outer loop
      vertex 117.543 76.1519 5
      vertex 117.32 76.0923 0
      vertex 117.543 76.1519 0
    endloop
  endfacet
  facet normal 0.157057 -0.98759 0
    outer loop
      vertex 117.543 76.1519 0
      vertex 117.77 76.188 5
      vertex 117.543 76.1519 5
    endloop
  endfacet
  facet normal 0.157057 -0.98759 0
    outer loop
      vertex 117.77 76.188 5
      vertex 117.543 76.1519 0
      vertex 117.77 76.188 0
    endloop
  endfacet
  facet normal 0.358251 0.933625 -0
    outer loop
      vertex 117.32 71.9077 0
      vertex 117.105 71.9902 5
      vertex 117.32 71.9077 5
    endloop
  endfacet
  facet normal 0.358251 0.933625 0
    outer loop
      vertex 117.105 71.9902 5
      vertex 117.32 71.9077 0
      vertex 117.105 71.9902 0
    endloop
  endfacet
  facet normal -0.258202 -0.966091 0
    outer loop
      vertex 118.457 76.1519 0
      vertex 118.68 76.0923 5
      vertex 118.457 76.1519 5
    endloop
  endfacet
  facet normal -0.258202 -0.966091 -0
    outer loop
      vertex 118.68 76.0923 5
      vertex 118.457 76.1519 0
      vertex 118.68 76.0923 0
    endloop
  endfacet
  facet normal 0.052103 -0.998642 0
    outer loop
      vertex 117.77 76.188 0
      vertex 118 76.2 5
      vertex 117.77 76.188 5
    endloop
  endfacet
  facet normal 0.052103 -0.998642 0
    outer loop
      vertex 118 76.2 5
      vertex 117.77 76.188 0
      vertex 118 76.2 0
    endloop
  endfacet
  facet normal -0.454154 -0.890923 0
    outer loop
      vertex 118.895 76.0098 0
      vertex 119.1 75.9053 5
      vertex 118.895 76.0098 5
    endloop
  endfacet
  facet normal -0.454154 -0.890923 -0
    outer loop
      vertex 119.1 75.9053 5
      vertex 118.895 76.0098 0
      vertex 119.1 75.9053 0
    endloop
  endfacet
  facet normal 0.706673 0.707541 0
    outer loop
      vertex 116.528 72.3651 5
      vertex 116.365 72.5279 0
      vertex 116.365 72.5279 5
    endloop
  endfacet
  facet normal 0.706673 0.707541 0
    outer loop
      vertex 116.365 72.5279 0
      vertex 116.528 72.3651 5
      vertex 116.528 72.3651 0
    endloop
  endfacet
  facet normal -0.629186 0.777255 0
    outer loop
      vertex 119.472 72.3651 0
      vertex 119.293 72.2202 5
      vertex 119.472 72.3651 5
    endloop
  endfacet
  facet normal -0.629186 0.777255 0
    outer loop
      vertex 119.293 72.2202 5
      vertex 119.472 72.3651 0
      vertex 119.293 72.2202 0
    endloop
  endfacet
  facet normal 0.777043 0.629448 0
    outer loop
      vertex 116.365 72.5279 5
      vertex 116.22 72.7069 0
      vertex 116.22 72.7069 5
    endloop
  endfacet
  facet normal 0.777043 0.629448 0
    outer loop
      vertex 116.22 72.7069 0
      vertex 116.365 72.5279 5
      vertex 116.365 72.5279 0
    endloop
  endfacet
  facet normal -0.965482 0.260472 0
    outer loop
      vertex 120.092 73.3202 0
      vertex 120.152 73.5426 5
      vertex 120.152 73.5426 0
    endloop
  endfacet
  facet normal -0.965482 0.260472 0
    outer loop
      vertex 120.152 73.5426 5
      vertex 120.092 73.3202 0
      vertex 120.092 73.3202 5
    endloop
  endfacet
  facet normal 0.629186 -0.777255 0
    outer loop
      vertex 116.528 75.6349 0
      vertex 116.707 75.7798 5
      vertex 116.528 75.6349 5
    endloop
  endfacet
  facet normal 0.629186 -0.777255 0
    outer loop
      vertex 116.707 75.7798 5
      vertex 116.528 75.6349 0
      vertex 116.707 75.7798 0
    endloop
  endfacet
  facet normal -0.052103 -0.998642 0
    outer loop
      vertex 118 76.2 0
      vertex 118.23 76.188 5
      vertex 118 76.2 5
    endloop
  endfacet
  facet normal -0.052103 -0.998642 -0
    outer loop
      vertex 118.23 76.188 5
      vertex 118 76.2 0
      vertex 118.23 76.188 0
    endloop
  endfacet
  facet normal -0.777043 -0.629448 0
    outer loop
      vertex 119.78 75.2931 0
      vertex 119.635 75.4721 5
      vertex 119.635 75.4721 0
    endloop
  endfacet
  facet normal -0.777043 -0.629448 0
    outer loop
      vertex 119.635 75.4721 5
      vertex 119.78 75.2931 0
      vertex 119.78 75.2931 5
    endloop
  endfacet
  facet normal -0.987699 0.156364 0
    outer loop
      vertex 120.152 73.5426 0
      vertex 120.188 73.77 5
      vertex 120.188 73.77 0
    endloop
  endfacet
  facet normal -0.987699 0.156364 0
    outer loop
      vertex 120.188 73.77 5
      vertex 120.152 73.5426 0
      vertex 120.152 73.5426 5
    endloop
  endfacet
  facet normal -0.777043 0.629448 0
    outer loop
      vertex 119.635 72.5279 0
      vertex 119.78 72.7069 5
      vertex 119.78 72.7069 0
    endloop
  endfacet
  facet normal -0.777043 0.629448 0
    outer loop
      vertex 119.78 72.7069 5
      vertex 119.635 72.5279 0
      vertex 119.635 72.5279 5
    endloop
  endfacet
  facet normal 0.93435 0.356357 0
    outer loop
      vertex 115.99 73.1052 5
      vertex 115.908 73.3202 0
      vertex 115.908 73.3202 5
    endloop
  endfacet
  facet normal 0.93435 0.356357 0
    outer loop
      vertex 115.908 73.3202 0
      vertex 115.99 73.1052 5
      vertex 115.99 73.1052 0
    endloop
  endfacet
  facet normal -0.157057 0.98759 0
    outer loop
      vertex 118.457 71.8481 0
      vertex 118.23 71.812 5
      vertex 118.457 71.8481 5
    endloop
  endfacet
  facet normal -0.157057 0.98759 0
    outer loop
      vertex 118.23 71.812 5
      vertex 118.457 71.8481 0
      vertex 118.23 71.812 0
    endloop
  endfacet
  facet normal -0.629186 -0.777255 0
    outer loop
      vertex 119.293 75.7798 0
      vertex 119.472 75.6349 5
      vertex 119.293 75.7798 5
    endloop
  endfacet
  facet normal -0.629186 -0.777255 -0
    outer loop
      vertex 119.472 75.6349 5
      vertex 119.293 75.7798 0
      vertex 119.472 75.6349 0
    endloop
  endfacet
  facet normal -0.839465 0.543413 0
    outer loop
      vertex 119.78 72.7069 0
      vertex 119.905 72.9 5
      vertex 119.905 72.9 0
    endloop
  endfacet
  facet normal -0.839465 0.543413 0
    outer loop
      vertex 119.905 72.9 5
      vertex 119.78 72.7069 0
      vertex 119.78 72.7069 5
    endloop
  endfacet
  facet normal -0.890224 -0.455524 0
    outer loop
      vertex 120.01 74.8948 0
      vertex 119.905 75.1 5
      vertex 119.905 75.1 0
    endloop
  endfacet
  facet normal -0.890224 -0.455524 0
    outer loop
      vertex 119.905 75.1 5
      vertex 120.01 74.8948 0
      vertex 120.01 74.8948 5
    endloop
  endfacet
  facet normal -0.358251 -0.933625 0
    outer loop
      vertex 118.68 76.0923 0
      vertex 118.895 76.0098 5
      vertex 118.68 76.0923 5
    endloop
  endfacet
  facet normal -0.358251 -0.933625 -0
    outer loop
      vertex 118.895 76.0098 5
      vertex 118.68 76.0923 0
      vertex 118.895 76.0098 0
    endloop
  endfacet
  facet normal 0.890224 -0.455524 0
    outer loop
      vertex 115.99 74.8948 5
      vertex 116.095 75.1 0
      vertex 116.095 75.1 5
    endloop
  endfacet
  facet normal 0.890224 -0.455524 0
    outer loop
      vertex 116.095 75.1 0
      vertex 115.99 74.8948 5
      vertex 115.99 74.8948 0
    endloop
  endfacet
  facet normal 0.987699 0.156364 0
    outer loop
      vertex 115.848 73.5426 5
      vertex 115.812 73.77 0
      vertex 115.812 73.77 5
    endloop
  endfacet
  facet normal 0.987699 0.156364 0
    outer loop
      vertex 115.812 73.77 0
      vertex 115.848 73.5426 5
      vertex 115.848 73.5426 0
    endloop
  endfacet
  facet normal -0.052103 0.998642 0
    outer loop
      vertex 118.23 71.812 0
      vertex 118 71.8 5
      vertex 118.23 71.812 5
    endloop
  endfacet
  facet normal -0.052103 0.998642 0
    outer loop
      vertex 118 71.8 5
      vertex 118.23 71.812 0
      vertex 118 71.8 0
    endloop
  endfacet
  facet normal 0.052103 0.998642 -0
    outer loop
      vertex 118 71.8 0
      vertex 117.77 71.812 5
      vertex 118 71.8 5
    endloop
  endfacet
  facet normal 0.052103 0.998642 0
    outer loop
      vertex 117.77 71.812 5
      vertex 118 71.8 0
      vertex 117.77 71.812 0
    endloop
  endfacet
  facet normal 0.706673 -0.707541 0
    outer loop
      vertex 116.365 75.4721 5
      vertex 116.528 75.6349 0
      vertex 116.528 75.6349 5
    endloop
  endfacet
  facet normal 0.706673 -0.707541 0
    outer loop
      vertex 116.528 75.6349 0
      vertex 116.365 75.4721 5
      vertex 116.365 75.4721 0
    endloop
  endfacet
  facet normal 0.93435 -0.356357 0
    outer loop
      vertex 115.908 74.6798 5
      vertex 115.99 74.8948 0
      vertex 115.99 74.8948 5
    endloop
  endfacet
  facet normal 0.93435 -0.356357 0
    outer loop
      vertex 115.99 74.8948 0
      vertex 115.908 74.6798 5
      vertex 115.908 74.6798 0
    endloop
  endfacet
  facet normal 0.777043 -0.629448 0
    outer loop
      vertex 116.22 75.2931 5
      vertex 116.365 75.4721 0
      vertex 116.365 75.4721 5
    endloop
  endfacet
  facet normal 0.777043 -0.629448 0
    outer loop
      vertex 116.365 75.4721 0
      vertex 116.22 75.2931 5
      vertex 116.22 75.2931 0
    endloop
  endfacet
  facet normal -0.890224 0.455524 0
    outer loop
      vertex 119.905 72.9 0
      vertex 120.01 73.1052 5
      vertex 120.01 73.1052 0
    endloop
  endfacet
  facet normal -0.890224 0.455524 0
    outer loop
      vertex 120.01 73.1052 5
      vertex 119.905 72.9 0
      vertex 119.905 72.9 5
    endloop
  endfacet
  facet normal 0.839465 -0.543413 0
    outer loop
      vertex 116.095 75.1 5
      vertex 116.22 75.2931 0
      vertex 116.22 75.2931 5
    endloop
  endfacet
  facet normal 0.839465 -0.543413 0
    outer loop
      vertex 116.22 75.2931 0
      vertex 116.095 75.1 5
      vertex 116.095 75.1 0
    endloop
  endfacet
  facet normal -0.706673 -0.707541 0
    outer loop
      vertex 119.635 75.4721 0
      vertex 119.472 75.6349 5
      vertex 119.472 75.6349 0
    endloop
  endfacet
  facet normal -0.706673 -0.707541 0
    outer loop
      vertex 119.472 75.6349 5
      vertex 119.635 75.4721 0
      vertex 119.635 75.4721 5
    endloop
  endfacet
  facet normal 0.258202 0.966091 -0
    outer loop
      vertex 117.543 71.8481 0
      vertex 117.32 71.9077 5
      vertex 117.543 71.8481 5
    endloop
  endfacet
  facet normal 0.258202 0.966091 0
    outer loop
      vertex 117.32 71.9077 5
      vertex 117.543 71.8481 0
      vertex 117.32 71.9077 0
    endloop
  endfacet
  facet normal 0.965482 -0.260472 0
    outer loop
      vertex 115.848 74.4574 5
      vertex 115.908 74.6798 0
      vertex 115.908 74.6798 5
    endloop
  endfacet
  facet normal 0.965482 -0.260472 0
    outer loop
      vertex 115.908 74.6798 0
      vertex 115.848 74.4574 5
      vertex 115.848 74.4574 0
    endloop
  endfacet
  facet normal 0.545141 0.838344 -0
    outer loop
      vertex 116.9 72.0947 0
      vertex 116.707 72.2202 5
      vertex 116.9 72.0947 5
    endloop
  endfacet
  facet normal 0.545141 0.838344 0
    outer loop
      vertex 116.707 72.2202 5
      vertex 116.9 72.0947 0
      vertex 116.707 72.2202 0
    endloop
  endfacet
  facet normal 0.998642 0.052103 0
    outer loop
      vertex 115.812 73.77 5
      vertex 115.8 74 0
      vertex 115.8 74 5
    endloop
  endfacet
  facet normal 0.998642 0.052103 0
    outer loop
      vertex 115.8 74 0
      vertex 115.812 73.77 5
      vertex 115.812 73.77 0
    endloop
  endfacet
  facet normal 0.157057 0.98759 -0
    outer loop
      vertex 117.77 71.812 0
      vertex 117.543 71.8481 5
      vertex 117.77 71.812 5
    endloop
  endfacet
  facet normal 0.157057 0.98759 0
    outer loop
      vertex 117.543 71.8481 5
      vertex 117.77 71.812 0
      vertex 117.543 71.8481 0
    endloop
  endfacet
  facet normal -0.965929 -0.258808 0
    outer loop
      vertex 4.11394 2.84305 2.5
      vertex 4.06924 3.00988 15.2
      vertex 4.06924 3.00988 2.5
    endloop
  endfacet
  facet normal -0.965929 -0.258808 0
    outer loop
      vertex 4.06924 3.00988 15.2
      vertex 4.11394 2.84305 2.5
      vertex 4.11394 2.84305 15.2
    endloop
  endfacet
  facet normal -0.15645 -0.987686 0
    outer loop
      vertex 2.67247 4.14096 2.5
      vertex 2.84305 4.11394 15.2
      vertex 2.67247 4.14096 15.2
    endloop
  endfacet
  facet normal -0.15645 -0.987686 -0
    outer loop
      vertex 2.84305 4.11394 15.2
      vertex 2.67247 4.14096 2.5
      vertex 2.84305 4.11394 2.5
    endloop
  endfacet
  facet normal -0.891008 -0.453987 0
    outer loop
      vertex 3.92894 3.325 2.5
      vertex 3.99263 3.2 15.2
      vertex 3.92894 3.325 17
    endloop
  endfacet
  facet normal -0.891009 -0.453986 1.86918e-09
    outer loop
      vertex 4.00735 3.17111 2.5
      vertex 3.99263 3.2 15.2
      vertex 3.92894 3.325 2.5
    endloop
  endfacet
  facet normal -0.891009 -0.453986 0
    outer loop
      vertex 3.99263 3.2 15.2
      vertex 4.00735 3.17111 2.5
      vertex 4.00735 3.17111 15.2
    endloop
  endfacet
  facet normal -0.891008 -0.453987 0
    outer loop
      vertex 3.92894 3.325 17
      vertex 3.99263 3.2 15.2
      vertex 3.99263 3.2 17
    endloop
  endfacet
  facet normal -0.707107 -0.707107 0
    outer loop
      vertex 3.72619 3.60406 2.5
      vertex 3.60406 3.72619 17
      vertex 3.60406 3.72619 2.5
    endloop
  endfacet
  facet normal -0.707107 -0.707107 0
    outer loop
      vertex 3.60406 3.72619 17
      vertex 3.72619 3.60406 2.5
      vertex 3.72619 3.60406 17
    endloop
  endfacet
  facet normal -0.987686 -0.15645 0
    outer loop
      vertex 4.14096 2.67247 2.5
      vertex 4.11394 2.84305 15.2
      vertex 4.11394 2.84305 2.5
    endloop
  endfacet
  facet normal -0.987686 -0.15645 0
    outer loop
      vertex 4.11394 2.84305 15.2
      vertex 4.14096 2.67247 2.5
      vertex 4.14096 2.67247 15.2
    endloop
  endfacet
  facet normal -0.933581 -0.358366 0
    outer loop
      vertex 4.06924 3.00988 2.5
      vertex 4.00735 3.17111 15.2
      vertex 4.00735 3.17111 2.5
    endloop
  endfacet
  facet normal -0.933581 -0.358366 0
    outer loop
      vertex 4.00735 3.17111 15.2
      vertex 4.06924 3.00988 2.5
      vertex 4.06924 3.00988 15.2
    endloop
  endfacet
  facet normal -0.777144 -0.629323 0
    outer loop
      vertex 3.83488 3.46984 2.5
      vertex 3.72619 3.60406 17
      vertex 3.72619 3.60406 2.5
    endloop
  endfacet
  facet normal -0.777144 -0.629323 0
    outer loop
      vertex 3.72619 3.60406 17
      vertex 3.83488 3.46984 2.5
      vertex 3.83488 3.46984 17
    endloop
  endfacet
  facet normal -0.998629 -0.0523431 0
    outer loop
      vertex 4.15 2.5 2.5
      vertex 4.14096 2.67247 15.2
      vertex 4.14096 2.67247 2.5
    endloop
  endfacet
  facet normal -0.998629 -0.0523431 0
    outer loop
      vertex 4.14096 2.67247 15.2
      vertex 4.15 2.5 2.5
      vertex 4.15 2.5 15.2
    endloop
  endfacet
  facet normal -0.544638 -0.838671 0
    outer loop
      vertex 3.325 3.92894 2.5
      vertex 3.46984 3.83488 17
      vertex 3.325 3.92894 17
    endloop
  endfacet
  facet normal -0.544638 -0.838671 -0
    outer loop
      vertex 3.46984 3.83488 17
      vertex 3.325 3.92894 2.5
      vertex 3.46984 3.83488 2.5
    endloop
  endfacet
  facet normal -0.453986 -0.891009 -0
    outer loop
      vertex 3.17111 4.00735 15.2
      vertex 3.17111 4.00735 2.5
      vertex 3.2 3.99263 15.2
    endloop
  endfacet
  facet normal -0.453987 -0.891008 0
    outer loop
      vertex 3.2 3.99263 15.2
      vertex 3.325 3.92894 17
      vertex 3.2 3.99263 17
    endloop
  endfacet
  facet normal -0.453986 -0.891009 1.86918e-09
    outer loop
      vertex 3.325 3.92894 2.5
      vertex 3.2 3.99263 15.2
      vertex 3.17111 4.00735 2.5
    endloop
  endfacet
  facet normal -0.453987 -0.891008 0
    outer loop
      vertex 3.2 3.99263 15.2
      vertex 3.325 3.92894 2.5
      vertex 3.325 3.92894 17
    endloop
  endfacet
  facet normal -0.0523431 -0.998629 0
    outer loop
      vertex 2.5 4.15 2.5
      vertex 2.67247 4.14096 15.2
      vertex 2.5 4.15 15.2
    endloop
  endfacet
  facet normal -0.0523431 -0.998629 -0
    outer loop
      vertex 2.67247 4.14096 15.2
      vertex 2.5 4.15 2.5
      vertex 2.67247 4.14096 2.5
    endloop
  endfacet
  facet normal -0.838671 -0.544638 0
    outer loop
      vertex 3.92894 3.325 2.5
      vertex 3.83488 3.46984 17
      vertex 3.83488 3.46984 2.5
    endloop
  endfacet
  facet normal -0.838671 -0.544638 0
    outer loop
      vertex 3.83488 3.46984 17
      vertex 3.92894 3.325 2.5
      vertex 3.92894 3.325 17
    endloop
  endfacet
  facet normal -0.629323 -0.777144 0
    outer loop
      vertex 3.46984 3.83488 2.5
      vertex 3.60406 3.72619 17
      vertex 3.46984 3.83488 17
    endloop
  endfacet
  facet normal -0.629323 -0.777144 -0
    outer loop
      vertex 3.60406 3.72619 17
      vertex 3.46984 3.83488 2.5
      vertex 3.60406 3.72619 2.5
    endloop
  endfacet
  facet normal -0.358366 -0.933581 0
    outer loop
      vertex 3.00988 4.06924 2.5
      vertex 3.17111 4.00735 15.2
      vertex 3.00988 4.06924 15.2
    endloop
  endfacet
  facet normal -0.358366 -0.933581 -0
    outer loop
      vertex 3.17111 4.00735 15.2
      vertex 3.00988 4.06924 2.5
      vertex 3.17111 4.00735 2.5
    endloop
  endfacet
  facet normal -0.258808 -0.965929 0
    outer loop
      vertex 2.84305 4.11394 2.5
      vertex 3.00988 4.06924 15.2
      vertex 2.84305 4.11394 15.2
    endloop
  endfacet
  facet normal -0.258808 -0.965929 -0
    outer loop
      vertex 3.00988 4.06924 15.2
      vertex 2.84305 4.11394 2.5
      vertex 3.00988 4.06924 2.5
    endloop
  endfacet
  facet normal 0.998641 -0.0521121 0
    outer loop
      vertex 105.85 2.5 15.2
      vertex 105.859 2.67247 2.5
      vertex 105.859 2.67247 15.2
    endloop
  endfacet
  facet normal 0.998641 -0.0521121 0
    outer loop
      vertex 105.859 2.67247 2.5
      vertex 105.85 2.5 15.2
      vertex 105.85 2.5 2.5
    endloop
  endfacet
  facet normal 0.890114 -0.455738 0
    outer loop
      vertex 106.007 3.2 15.2
      vertex 106.071 3.325 17
      vertex 106.007 3.2 17
    endloop
  endfacet
  facet normal 0.890114 -0.455738 0
    outer loop
      vertex 106.071 3.325 17
      vertex 106.007 3.2 15.2
      vertex 106.071 3.325 2.5
    endloop
  endfacet
  facet normal 0.899903 -0.43609 0.000242719
    outer loop
      vertex 105.993 3.17111 15.2
      vertex 106.071 3.325 2.5
      vertex 106.007 3.2 15.2
    endloop
  endfacet
  facet normal 0.891968 -0.452099 0
    outer loop
      vertex 106.071 3.325 2.5
      vertex 105.993 3.17111 15.2
      vertex 105.993 3.17111 2.5
    endloop
  endfacet
  facet normal 0.776266 -0.630405 0
    outer loop
      vertex 106.165 3.46984 17
      vertex 106.274 3.60406 2.5
      vertex 106.274 3.60406 17
    endloop
  endfacet
  facet normal 0.776266 -0.630405 0
    outer loop
      vertex 106.274 3.60406 2.5
      vertex 106.165 3.46984 17
      vertex 106.165 3.46984 2.5
    endloop
  endfacet
  facet normal 0.965493 -0.260428 0
    outer loop
      vertex 105.886 2.84305 15.2
      vertex 105.931 3.00988 2.5
      vertex 105.931 3.00988 15.2
    endloop
  endfacet
  facet normal 0.965493 -0.260428 0
    outer loop
      vertex 105.931 3.00988 2.5
      vertex 105.886 2.84305 15.2
      vertex 105.886 2.84305 2.5
    endloop
  endfacet
  facet normal 0.258563 -0.965995 0
    outer loop
      vertex 106.99 4.06924 2.5
      vertex 107.157 4.11394 15.2
      vertex 106.99 4.06924 15.2
    endloop
  endfacet
  facet normal 0.258563 -0.965995 0
    outer loop
      vertex 107.157 4.11394 15.2
      vertex 106.99 4.06924 2.5
      vertex 107.157 4.11394 2.5
    endloop
  endfacet
  facet normal 0.987704 -0.156337 0
    outer loop
      vertex 105.859 2.67247 15.2
      vertex 105.886 2.84305 2.5
      vertex 105.886 2.84305 15.2
    endloop
  endfacet
  facet normal 0.987704 -0.156337 0
    outer loop
      vertex 105.886 2.84305 2.5
      vertex 105.859 2.67247 15.2
      vertex 105.859 2.67247 2.5
    endloop
  endfacet
  facet normal 0.156075 -0.987745 0
    outer loop
      vertex 107.157 4.11394 2.5
      vertex 107.328 4.14096 15.2
      vertex 107.157 4.11394 15.2
    endloop
  endfacet
  facet normal 0.156075 -0.987745 0
    outer loop
      vertex 107.328 4.14096 15.2
      vertex 107.157 4.11394 2.5
      vertex 107.328 4.14096 2.5
    endloop
  endfacet
  facet normal 0.358812 -0.93341 0
    outer loop
      vertex 106.829 4.00735 2.5
      vertex 106.99 4.06924 15.2
      vertex 106.829 4.00735 15.2
    endloop
  endfacet
  facet normal 0.358812 -0.93341 0
    outer loop
      vertex 106.99 4.06924 15.2
      vertex 106.829 4.00735 2.5
      vertex 106.99 4.06924 2.5
    endloop
  endfacet
  facet normal 0.933368 -0.358921 0
    outer loop
      vertex 105.931 3.00988 15.2
      vertex 105.993 3.17111 2.5
      vertex 105.993 3.17111 15.2
    endloop
  endfacet
  facet normal 0.933368 -0.358921 0
    outer loop
      vertex 105.993 3.17111 2.5
      vertex 105.931 3.00988 15.2
      vertex 105.931 3.00988 2.5
    endloop
  endfacet
  facet normal 0.707483 -0.70673 0
    outer loop
      vertex 106.274 3.60406 17
      vertex 106.396 3.72619 2.5
      vertex 106.396 3.72619 17
    endloop
  endfacet
  facet normal 0.707483 -0.70673 0
    outer loop
      vertex 106.396 3.72619 2.5
      vertex 106.274 3.60406 17
      vertex 106.274 3.60406 2.5
    endloop
  endfacet
  facet normal 0.629947 -0.776638 0
    outer loop
      vertex 106.396 3.72619 2.5
      vertex 106.53 3.83488 17
      vertex 106.396 3.72619 17
    endloop
  endfacet
  facet normal 0.629947 -0.776638 0
    outer loop
      vertex 106.53 3.83488 17
      vertex 106.396 3.72619 2.5
      vertex 106.53 3.83488 2.5
    endloop
  endfacet
  facet normal 0.0524857 -0.998622 0
    outer loop
      vertex 107.328 4.14096 2.5
      vertex 107.5 4.15 15.2
      vertex 107.328 4.14096 15.2
    endloop
  endfacet
  facet normal 0.0524857 -0.998622 0
    outer loop
      vertex 107.5 4.15 15.2
      vertex 107.328 4.14096 2.5
      vertex 107.5 4.15 2.5
    endloop
  endfacet
  facet normal 0.83883 -0.544394 0
    outer loop
      vertex 106.071 3.325 17
      vertex 106.165 3.46984 2.5
      vertex 106.165 3.46984 17
    endloop
  endfacet
  facet normal 0.83883 -0.544394 0
    outer loop
      vertex 106.165 3.46984 2.5
      vertex 106.071 3.325 17
      vertex 106.071 3.325 2.5
    endloop
  endfacet
  facet normal 0.544215 -0.838946 0
    outer loop
      vertex 106.53 3.83488 2.5
      vertex 106.675 3.92894 17
      vertex 106.53 3.83488 17
    endloop
  endfacet
  facet normal 0.544215 -0.838946 0
    outer loop
      vertex 106.675 3.92894 17
      vertex 106.53 3.83488 2.5
      vertex 106.675 3.92894 2.5
    endloop
  endfacet
  facet normal 0.453987 -0.891008 0
    outer loop
      vertex 106.675 3.92894 17
      vertex 106.8 3.99263 15.2
      vertex 106.8 3.99263 17
    endloop
  endfacet
  facet normal 0.453987 -0.891008 0
    outer loop
      vertex 106.675 3.92894 2.5
      vertex 106.8 3.99263 15.2
      vertex 106.675 3.92894 17
    endloop
  endfacet
  facet normal 0.452617 -0.891705 1.69722e-05
    outer loop
      vertex 106.675 3.92894 2.5
      vertex 106.829 4.00735 15.2
      vertex 106.8 3.99263 15.2
    endloop
  endfacet
  facet normal 0.453729 -0.89114 0
    outer loop
      vertex 106.829 4.00735 15.2
      vertex 106.675 3.92894 2.5
      vertex 106.829 4.00735 2.5
    endloop
  endfacet
  facet normal -0.156902 0.987614 0
    outer loop
      vertex 2.84305 69.8861 2.5
      vertex 2.67247 69.859 15.2
      vertex 2.84305 69.8861 15.2
    endloop
  endfacet
  facet normal -0.156902 0.987614 0
    outer loop
      vertex 2.67247 69.859 15.2
      vertex 2.84305 69.8861 2.5
      vertex 2.67247 69.859 2.5
    endloop
  endfacet
  facet normal -0.777327 0.629097 0
    outer loop
      vertex 3.72619 70.3959 2.5
      vertex 3.83488 70.5302 17
      vertex 3.83488 70.5302 2.5
    endloop
  endfacet
  facet normal -0.777327 0.629097 0
    outer loop
      vertex 3.83488 70.5302 17
      vertex 3.72619 70.3959 2.5
      vertex 3.72619 70.3959 17
    endloop
  endfacet
  facet normal -0.987689 0.156432 0
    outer loop
      vertex 4.11394 71.1569 2.5
      vertex 4.14096 71.3275 15.2
      vertex 4.14096 71.3275 2.5
    endloop
  endfacet
  facet normal -0.987689 0.156432 0
    outer loop
      vertex 4.14096 71.3275 15.2
      vertex 4.11394 71.1569 2.5
      vertex 4.11394 71.1569 15.2
    endloop
  endfacet
  facet normal -0.99863 0.052334 0
    outer loop
      vertex 4.14096 71.3275 2.5
      vertex 4.15 71.5 15.2
      vertex 4.15 71.5 2.5
    endloop
  endfacet
  facet normal -0.99863 0.052334 0
    outer loop
      vertex 4.15 71.5 15.2
      vertex 4.14096 71.3275 2.5
      vertex 4.14096 71.3275 15.2
    endloop
  endfacet
  facet normal -0.258808 0.965929 0
    outer loop
      vertex 3.00988 69.9308 2.5
      vertex 2.84305 69.8861 15.2
      vertex 3.00988 69.9308 15.2
    endloop
  endfacet
  facet normal -0.258808 0.965929 0
    outer loop
      vertex 2.84305 69.8861 15.2
      vertex 3.00988 69.9308 2.5
      vertex 2.84305 69.8861 2.5
    endloop
  endfacet
  facet normal -0.838602 0.544744 0
    outer loop
      vertex 3.83488 70.5302 2.5
      vertex 3.92894 70.675 17
      vertex 3.92894 70.675 2.5
    endloop
  endfacet
  facet normal -0.838602 0.544744 0
    outer loop
      vertex 3.92894 70.675 17
      vertex 3.83488 70.5302 2.5
      vertex 3.83488 70.5302 17
    endloop
  endfacet
  facet normal -0.0521121 0.998641 0
    outer loop
      vertex 2.67247 69.859 2.5
      vertex 2.5 69.85 15.2
      vertex 2.67247 69.859 15.2
    endloop
  endfacet
  facet normal -0.0521121 0.998641 0
    outer loop
      vertex 2.5 69.85 15.2
      vertex 2.67247 69.859 2.5
      vertex 2.5 69.85 2.5
    endloop
  endfacet
  facet normal -0.70702 0.707194 0
    outer loop
      vertex 3.60406 70.2738 2.5
      vertex 3.72619 70.3959 17
      vertex 3.72619 70.3959 2.5
    endloop
  endfacet
  facet normal -0.70702 0.707194 0
    outer loop
      vertex 3.72619 70.3959 17
      vertex 3.60406 70.2738 2.5
      vertex 3.60406 70.2738 17
    endloop
  endfacet
  facet normal -0.454043 0.89098 0
    outer loop
      vertex 3.325 70.0711 17
      vertex 3.2 70.0074 15.2
      vertex 3.2 70.0074 17
    endloop
  endfacet
  facet normal -0.454043 0.89098 0
    outer loop
      vertex 3.325 70.0711 2.5
      vertex 3.2 70.0074 15.2
      vertex 3.325 70.0711 17
    endloop
  endfacet
  facet normal -0.455941 0.89001 -2.35466e-05
    outer loop
      vertex 3.325 70.0711 2.5
      vertex 3.17111 69.9926 15.2
      vertex 3.2 70.0074 15.2
    endloop
  endfacet
  facet normal -0.4544 0.890798 0
    outer loop
      vertex 3.17111 69.9926 15.2
      vertex 3.325 70.0711 2.5
      vertex 3.17111 69.9926 2.5
    endloop
  endfacet
  facet normal -0.544394 0.83883 0
    outer loop
      vertex 3.46984 70.1651 2.5
      vertex 3.325 70.0711 17
      vertex 3.46984 70.1651 17
    endloop
  endfacet
  facet normal -0.544394 0.83883 0
    outer loop
      vertex 3.325 70.0711 17
      vertex 3.46984 70.1651 2.5
      vertex 3.325 70.0711 2.5
    endloop
  endfacet
  facet normal -0.357912 0.933755 0
    outer loop
      vertex 3.17111 69.9926 2.5
      vertex 3.00988 69.9308 15.2
      vertex 3.17111 69.9926 15.2
    endloop
  endfacet
  facet normal -0.357912 0.933755 0
    outer loop
      vertex 3.00988 69.9308 15.2
      vertex 3.17111 69.9926 2.5
      vertex 3.00988 69.9308 2.5
    endloop
  endfacet
  facet normal -0.891072 0.453861 0
    outer loop
      vertex 4.00735 70.8289 2.5
      vertex 3.99263 70.8 15.2
      vertex 4.00735 70.8289 15.2
    endloop
  endfacet
  facet normal -0.89102 0.453963 2.92216e-07
    outer loop
      vertex 3.92894 70.675 2.5
      vertex 3.99263 70.8 15.2
      vertex 4.00735 70.8289 2.5
    endloop
  endfacet
  facet normal -0.891008 0.453987 0
    outer loop
      vertex 3.92894 70.675 17
      vertex 3.99263 70.8 15.2
      vertex 3.92894 70.675 2.5
    endloop
  endfacet
  facet normal -0.891008 0.453987 0
    outer loop
      vertex 3.99263 70.8 15.2
      vertex 3.92894 70.675 17
      vertex 3.99263 70.8 17
    endloop
  endfacet
  facet normal -0.933559 0.358424 0
    outer loop
      vertex 4.00735 70.8289 2.5
      vertex 4.06924 70.9901 15.2
      vertex 4.06924 70.9901 2.5
    endloop
  endfacet
  facet normal -0.933559 0.358424 0
    outer loop
      vertex 4.06924 70.9901 15.2
      vertex 4.00735 70.8289 2.5
      vertex 4.00735 70.8289 15.2
    endloop
  endfacet
  facet normal -0.965917 0.258852 0
    outer loop
      vertex 4.06924 70.9901 2.5
      vertex 4.11394 71.1569 15.2
      vertex 4.11394 71.1569 2.5
    endloop
  endfacet
  facet normal -0.965917 0.258852 0
    outer loop
      vertex 4.11394 71.1569 15.2
      vertex 4.06924 70.9901 2.5
      vertex 4.06924 70.9901 15.2
    endloop
  endfacet
  facet normal -0.629358 0.777115 0
    outer loop
      vertex 3.60406 70.2738 2.5
      vertex 3.46984 70.1651 17
      vertex 3.60406 70.2738 17
    endloop
  endfacet
  facet normal -0.629358 0.777115 0
    outer loop
      vertex 3.46984 70.1651 17
      vertex 3.60406 70.2738 2.5
      vertex 3.46984 70.1651 2.5
    endloop
  endfacet
  facet normal 0.987707 0.156319 0
    outer loop
      vertex 105.886 71.1569 15.2
      vertex 105.859 71.3275 2.5
      vertex 105.859 71.3275 15.2
    endloop
  endfacet
  facet normal 0.987707 0.156319 0
    outer loop
      vertex 105.859 71.3275 2.5
      vertex 105.886 71.1569 15.2
      vertex 105.886 71.1569 2.5
    endloop
  endfacet
  facet normal 0.707396 0.706817 0
    outer loop
      vertex 106.396 70.2738 17
      vertex 106.274 70.3959 2.5
      vertex 106.274 70.3959 17
    endloop
  endfacet
  facet normal 0.707396 0.706817 0
    outer loop
      vertex 106.274 70.3959 2.5
      vertex 106.396 70.2738 17
      vertex 106.396 70.2738 2.5
    endloop
  endfacet
  facet normal 0.890114 0.455738 0
    outer loop
      vertex 106.007 70.8 17
      vertex 106.071 70.675 17
      vertex 106.007 70.8 15.2
    endloop
  endfacet
  facet normal 0.899962 0.435968 0
    outer loop
      vertex 106.007 70.8 15.2
      vertex 105.993 70.8289 2.5
      vertex 105.993 70.8289 15.2
    endloop
  endfacet
  facet normal 0.890114 0.455738 -0
    outer loop
      vertex 106.071 70.675 2.5
      vertex 106.007 70.8 15.2
      vertex 106.071 70.675 17
    endloop
  endfacet
  facet normal 0.89198 0.452075 4.5454e-05
    outer loop
      vertex 106.007 70.8 15.2
      vertex 106.071 70.675 2.5
      vertex 105.993 70.8289 2.5
    endloop
  endfacet
  facet normal 0.77645 0.630179 0
    outer loop
      vertex 106.274 70.3959 17
      vertex 106.165 70.5302 2.5
      vertex 106.165 70.5302 17
    endloop
  endfacet
  facet normal 0.77645 0.630179 0
    outer loop
      vertex 106.165 70.5302 2.5
      vertex 106.274 70.3959 17
      vertex 106.274 70.3959 2.5
    endloop
  endfacet
  facet normal 0.358357 0.933585 -0
    outer loop
      vertex 106.99 69.9308 2.5
      vertex 106.829 69.9926 15.2
      vertex 106.99 69.9308 15.2
    endloop
  endfacet
  facet normal 0.358357 0.933585 0
    outer loop
      vertex 106.829 69.9926 15.2
      vertex 106.99 69.9308 2.5
      vertex 106.829 69.9926 2.5
    endloop
  endfacet
  facet normal 0.998642 0.052103 0
    outer loop
      vertex 105.859 71.3275 15.2
      vertex 105.85 71.5 2.5
      vertex 105.85 71.5 15.2
    endloop
  endfacet
  facet normal 0.998642 0.052103 0
    outer loop
      vertex 105.85 71.5 2.5
      vertex 105.859 71.3275 15.2
      vertex 105.859 71.3275 2.5
    endloop
  endfacet
  facet normal 0.933346 0.358979 0
    outer loop
      vertex 105.993 70.8289 15.2
      vertex 105.931 70.9901 2.5
      vertex 105.931 70.9901 15.2
    endloop
  endfacet
  facet normal 0.933346 0.358979 0
    outer loop
      vertex 105.931 70.9901 2.5
      vertex 105.993 70.8289 15.2
      vertex 105.993 70.8289 2.5
    endloop
  endfacet
  facet normal 0.965482 0.260472 0
    outer loop
      vertex 105.931 70.9901 15.2
      vertex 105.886 71.1569 2.5
      vertex 105.886 71.1569 15.2
    endloop
  endfacet
  facet normal 0.965482 0.260472 0
    outer loop
      vertex 105.886 71.1569 2.5
      vertex 105.931 70.9901 15.2
      vertex 105.931 70.9901 2.5
    endloop
  endfacet
  facet normal 0.156526 0.987674 -0
    outer loop
      vertex 107.328 69.859 2.5
      vertex 107.157 69.8861 15.2
      vertex 107.328 69.859 15.2
    endloop
  endfacet
  facet normal 0.156526 0.987674 0
    outer loop
      vertex 107.157 69.8861 15.2
      vertex 107.328 69.859 2.5
      vertex 107.157 69.8861 2.5
    endloop
  endfacet
  facet normal 0.629982 0.77661 -0
    outer loop
      vertex 106.53 70.1651 2.5
      vertex 106.396 70.2738 17
      vertex 106.53 70.1651 17
    endloop
  endfacet
  facet normal 0.629982 0.77661 0
    outer loop
      vertex 106.396 70.2738 17
      vertex 106.53 70.1651 2.5
      vertex 106.396 70.2738 2.5
    endloop
  endfacet
  facet normal 0.543971 0.839104 -0
    outer loop
      vertex 106.675 70.0711 2.5
      vertex 106.53 70.1651 17
      vertex 106.675 70.0711 17
    endloop
  endfacet
  facet normal 0.543971 0.839104 0
    outer loop
      vertex 106.53 70.1651 17
      vertex 106.675 70.0711 2.5
      vertex 106.53 70.1651 2.5
    endloop
  endfacet
  facet normal 0.258563 0.965995 -0
    outer loop
      vertex 107.157 69.8861 2.5
      vertex 106.99 69.9308 15.2
      vertex 107.157 69.8861 15.2
    endloop
  endfacet
  facet normal 0.258563 0.965995 0
    outer loop
      vertex 106.99 69.9308 15.2
      vertex 107.157 69.8861 2.5
      vertex 106.99 69.9308 2.5
    endloop
  endfacet
  facet normal 0.838761 0.5445 0
    outer loop
      vertex 106.165 70.5302 17
      vertex 106.071 70.675 2.5
      vertex 106.071 70.675 17
    endloop
  endfacet
  facet normal 0.838761 0.5445 0
    outer loop
      vertex 106.071 70.675 2.5
      vertex 106.165 70.5302 17
      vertex 106.165 70.5302 2.5
    endloop
  endfacet
  facet normal 0.45457 0.890711 0
    outer loop
      vertex 106.829 69.9926 15.2
      vertex 106.829 69.9926 2.5
      vertex 106.8 70.0074 15.2
    endloop
  endfacet
  facet normal 0.454043 0.89098 -0
    outer loop
      vertex 106.8 70.0074 15.2
      vertex 106.675 70.0711 17
      vertex 106.8 70.0074 17
    endloop
  endfacet
  facet normal 0.454142 0.890929 -1.22994e-06
    outer loop
      vertex 106.675 70.0711 2.5
      vertex 106.8 70.0074 15.2
      vertex 106.829 69.9926 2.5
    endloop
  endfacet
  facet normal 0.454043 0.89098 0
    outer loop
      vertex 106.8 70.0074 15.2
      vertex 106.675 70.0711 2.5
      vertex 106.675 70.0711 17
    endloop
  endfacet
  facet normal 0.0522541 0.998634 -0
    outer loop
      vertex 107.5 69.85 2.5
      vertex 107.328 69.859 15.2
      vertex 107.5 69.85 15.2
    endloop
  endfacet
  facet normal 0.0522541 0.998634 0
    outer loop
      vertex 107.328 69.859 15.2
      vertex 107.5 69.85 2.5
      vertex 107.328 69.859 2.5
    endloop
  endfacet
  facet normal 0 0 1
    outer loop
      vertex 3.00988 4.06924 15.2
      vertex 3.2 4.6366 15.2
      vertex 3.17247 4.64096 15.2
    endloop
  endfacet
  facet normal 0 0 1
    outer loop
      vertex 3.2 4.6366 15.2
      vertex 3.17111 4.00735 15.2
      vertex 3.2 3.99263 15.2
    endloop
  endfacet
  facet normal 0 0 1
    outer loop
      vertex 3.2 4.6366 15.2
      vertex 3.00988 4.06924 15.2
      vertex 3.17111 4.00735 15.2
    endloop
  endfacet
  facet normal 0 0 1
    outer loop
      vertex 3 4.65 15.2
      vertex 3.00988 4.06924 15.2
      vertex 3.17247 4.64096 15.2
    endloop
  endfacet
  facet normal 0 0 1
    outer loop
      vertex 3 4.65 15.2
      vertex 2.84305 4.11394 15.2
      vertex 3.00988 4.06924 15.2
    endloop
  endfacet
  facet normal -0 0 1
    outer loop
      vertex 2.82753 4.64096 15.2
      vertex 2.84305 4.11394 15.2
      vertex 3 4.65 15.2
    endloop
  endfacet
  facet normal 0 0 1
    outer loop
      vertex 2.82753 4.64096 15.2
      vertex 2.67247 4.14096 15.2
      vertex 2.84305 4.11394 15.2
    endloop
  endfacet
  facet normal -0 0 1
    outer loop
      vertex 2.65695 4.61394 15.2
      vertex 2.67247 4.14096 15.2
      vertex 2.82753 4.64096 15.2
    endloop
  endfacet
  facet normal -0 0 1
    outer loop
      vertex 2.5 4.57189 15.2
      vertex 2.67247 4.14096 15.2
      vertex 2.65695 4.61394 15.2
    endloop
  endfacet
  facet normal 0 0 1
    outer loop
      vertex 2.67247 4.14096 15.2
      vertex 2.5 4.57189 15.2
      vertex 2.5 4.15 15.2
    endloop
  endfacet
  facet normal -0 0 1
    outer loop
      vertex 3.17111 69.9926 15.2
      vertex 3.2 69.3634 15.2
      vertex 3.2 70.0074 15.2
    endloop
  endfacet
  facet normal -0 0 1
    outer loop
      vertex 3.00988 69.9308 15.2
      vertex 3.2 69.3634 15.2
      vertex 3.17111 69.9926 15.2
    endloop
  endfacet
  facet normal 0 0 1
    outer loop
      vertex 3.2 69.3634 15.2
      vertex 3.00988 69.9308 15.2
      vertex 3.17247 69.359 15.2
    endloop
  endfacet
  facet normal 0 0 1
    outer loop
      vertex 3.00988 69.9308 15.2
      vertex 3 69.35 15.2
      vertex 3.17247 69.359 15.2
    endloop
  endfacet
  facet normal -0 0 1
    outer loop
      vertex 2.84305 69.8861 15.2
      vertex 3 69.35 15.2
      vertex 3.00988 69.9308 15.2
    endloop
  endfacet
  facet normal 0 0 1
    outer loop
      vertex 2.84305 69.8861 15.2
      vertex 2.82753 69.359 15.2
      vertex 3 69.35 15.2
    endloop
  endfacet
  facet normal -0 0 1
    outer loop
      vertex 2.67247 69.859 15.2
      vertex 2.82753 69.359 15.2
      vertex 2.84305 69.8861 15.2
    endloop
  endfacet
  facet normal 0 0 1
    outer loop
      vertex 2.67247 69.859 15.2
      vertex 2.65695 69.3861 15.2
      vertex 2.82753 69.359 15.2
    endloop
  endfacet
  facet normal 0 0 1
    outer loop
      vertex 2.5 69.4281 15.2
      vertex 2.67247 69.859 15.2
      vertex 2.5 69.85 15.2
    endloop
  endfacet
  facet normal 0 0 1
    outer loop
      vertex 2.67247 69.859 15.2
      vertex 2.5 69.4281 15.2
      vertex 2.65695 69.3861 15.2
    endloop
  endfacet
  facet normal -0 0 1
    outer loop
      vertex 4.06924 3.00988 15.2
      vertex 4.65 3 15.2
      vertex 4.64096 3.17247 15.2
    endloop
  endfacet
  facet normal 0 0 1
    outer loop
      vertex 4.06924 3.00988 15.2
      vertex 4.64096 3.17247 15.2
      vertex 4.6366 3.2 15.2
    endloop
  endfacet
  facet normal 0 0 1
    outer loop
      vertex 4.65 3 15.2
      vertex 4.06924 3.00988 15.2
      vertex 4.11394 2.84305 15.2
    endloop
  endfacet
  facet normal 0 -0 1
    outer loop
      vertex 4.14096 2.67247 15.2
      vertex 4.64096 2.82753 15.2
      vertex 4.11394 2.84305 15.2
    endloop
  endfacet
  facet normal 0 0 1
    outer loop
      vertex 4.64096 2.82753 15.2
      vertex 4.14096 2.67247 15.2
      vertex 4.61394 2.65695 15.2
    endloop
  endfacet
  facet normal 0 0 1
    outer loop
      vertex 4.57189 2.5 15.2
      vertex 4.14096 2.67247 15.2
      vertex 4.15 2.5 15.2
    endloop
  endfacet
  facet normal 0 0 1
    outer loop
      vertex 4.61394 2.65695 15.2
      vertex 4.14096 2.67247 15.2
      vertex 4.57189 2.5 15.2
    endloop
  endfacet
  facet normal 0 0 1
    outer loop
      vertex 4.65 3 15.2
      vertex 4.11394 2.84305 15.2
      vertex 4.64096 2.82753 15.2
    endloop
  endfacet
  facet normal 0 0 1
    outer loop
      vertex 4.6366 3.2 15.2
      vertex 4.00735 3.17111 15.2
      vertex 4.06924 3.00988 15.2
    endloop
  endfacet
  facet normal 0 -0 1
    outer loop
      vertex 4.00735 3.17111 15.2
      vertex 4.6366 3.2 15.2
      vertex 3.99263 3.2 15.2
    endloop
  endfacet
  facet normal -0 0 1
    outer loop
      vertex 4.11394 71.1569 15.2
      vertex 4.65 71 15.2
      vertex 4.64096 71.1725 15.2
    endloop
  endfacet
  facet normal 0 0 1
    outer loop
      vertex 4.06924 70.9901 15.2
      vertex 4.65 71 15.2
      vertex 4.11394 71.1569 15.2
    endloop
  endfacet
  facet normal -0 0 1
    outer loop
      vertex 4.14096 71.3275 15.2
      vertex 4.64096 71.1725 15.2
      vertex 4.61394 71.3431 15.2
    endloop
  endfacet
  facet normal 0 0 1
    outer loop
      vertex 4.14096 71.3275 15.2
      vertex 4.61394 71.3431 15.2
      vertex 4.57189 71.5 15.2
    endloop
  endfacet
  facet normal 0 0 1
    outer loop
      vertex 4.14096 71.3275 15.2
      vertex 4.57189 71.5 15.2
      vertex 4.15 71.5 15.2
    endloop
  endfacet
  facet normal 0 0 1
    outer loop
      vertex 4.64096 71.1725 15.2
      vertex 4.14096 71.3275 15.2
      vertex 4.11394 71.1569 15.2
    endloop
  endfacet
  facet normal 0 0 1
    outer loop
      vertex 4.65 71 15.2
      vertex 4.06924 70.9901 15.2
      vertex 4.64096 70.8275 15.2
    endloop
  endfacet
  facet normal 0 0 1
    outer loop
      vertex 4.64096 70.8275 15.2
      vertex 4.06924 70.9901 15.2
      vertex 4.6366 70.8 15.2
    endloop
  endfacet
  facet normal -0 0 1
    outer loop
      vertex 4.00735 70.8289 15.2
      vertex 4.6366 70.8 15.2
      vertex 4.06924 70.9901 15.2
    endloop
  endfacet
  facet normal 0 0 1
    outer loop
      vertex 4.6366 70.8 15.2
      vertex 4.00735 70.8289 15.2
      vertex 3.99263 70.8 15.2
    endloop
  endfacet
  facet normal 0 0 1
    outer loop
      vertex 105.859 2.67247 15.2
      vertex 105.428 2.5 15.2
      vertex 105.85 2.5 15.2
    endloop
  endfacet
  facet normal -0 0 1
    outer loop
      vertex 105.359 2.82753 15.2
      vertex 105.859 2.67247 15.2
      vertex 105.886 2.84305 15.2
    endloop
  endfacet
  facet normal -0 0 1
    outer loop
      vertex 105.35 3 15.2
      vertex 105.886 2.84305 15.2
      vertex 105.931 3.00988 15.2
    endloop
  endfacet
  facet normal 0 0 1
    outer loop
      vertex 105.363 3.2 15.2
      vertex 105.931 3.00988 15.2
      vertex 105.993 3.17111 15.2
    endloop
  endfacet
  facet normal -0 0 1
    outer loop
      vertex 105.363 3.2 15.2
      vertex 105.993 3.17111 15.2
      vertex 106.007 3.2 15.2
    endloop
  endfacet
  facet normal 0 0 1
    outer loop
      vertex 105.859 2.67247 15.2
      vertex 105.386 2.65695 15.2
      vertex 105.428 2.5 15.2
    endloop
  endfacet
  facet normal 0 0 1
    outer loop
      vertex 105.931 3.00988 15.2
      vertex 105.363 3.2 15.2
      vertex 105.359 3.17247 15.2
    endloop
  endfacet
  facet normal 0 0 1
    outer loop
      vertex 105.931 3.00988 15.2
      vertex 105.359 3.17247 15.2
      vertex 105.35 3 15.2
    endloop
  endfacet
  facet normal 0 0 1
    outer loop
      vertex 105.859 2.67247 15.2
      vertex 105.359 2.82753 15.2
      vertex 105.386 2.65695 15.2
    endloop
  endfacet
  facet normal 0 0 1
    outer loop
      vertex 105.886 2.84305 15.2
      vertex 105.35 3 15.2
      vertex 105.359 2.82753 15.2
    endloop
  endfacet
  facet normal -0 0 1
    outer loop
      vertex 105.428 71.5 15.2
      vertex 105.859 71.3275 15.2
      vertex 105.85 71.5 15.2
    endloop
  endfacet
  facet normal -0 0 1
    outer loop
      vertex 105.386 71.3431 15.2
      vertex 105.859 71.3275 15.2
      vertex 105.428 71.5 15.2
    endloop
  endfacet
  facet normal 0 0 1
    outer loop
      vertex 105.359 71.1725 15.2
      vertex 105.859 71.3275 15.2
      vertex 105.386 71.3431 15.2
    endloop
  endfacet
  facet normal 0 0 1
    outer loop
      vertex 105.859 71.3275 15.2
      vertex 105.359 71.1725 15.2
      vertex 105.886 71.1569 15.2
    endloop
  endfacet
  facet normal 0 0 1
    outer loop
      vertex 105.35 71 15.2
      vertex 105.886 71.1569 15.2
      vertex 105.359 71.1725 15.2
    endloop
  endfacet
  facet normal 0 0 1
    outer loop
      vertex 105.886 71.1569 15.2
      vertex 105.35 71 15.2
      vertex 105.931 70.9901 15.2
    endloop
  endfacet
  facet normal 0 -0 1
    outer loop
      vertex 105.359 70.8275 15.2
      vertex 105.931 70.9901 15.2
      vertex 105.35 71 15.2
    endloop
  endfacet
  facet normal 0 -0 1
    outer loop
      vertex 105.363 70.8 15.2
      vertex 105.931 70.9901 15.2
      vertex 105.359 70.8275 15.2
    endloop
  endfacet
  facet normal 0 0 1
    outer loop
      vertex 105.931 70.9901 15.2
      vertex 105.363 70.8 15.2
      vertex 105.993 70.8289 15.2
    endloop
  endfacet
  facet normal 0 0 1
    outer loop
      vertex 105.993 70.8289 15.2
      vertex 105.363 70.8 15.2
      vertex 106.007 70.8 15.2
    endloop
  endfacet
  facet normal 0 0 1
    outer loop
      vertex 107.328 4.14096 15.2
      vertex 107.5 4.57189 15.2
      vertex 107.343 4.61394 15.2
    endloop
  endfacet
  facet normal 0 0 1
    outer loop
      vertex 107.5 4.57189 15.2
      vertex 107.328 4.14096 15.2
      vertex 107.5 4.15 15.2
    endloop
  endfacet
  facet normal 0 0 1
    outer loop
      vertex 107.172 4.64096 15.2
      vertex 107.328 4.14096 15.2
      vertex 107.343 4.61394 15.2
    endloop
  endfacet
  facet normal 0 0 1
    outer loop
      vertex 107.172 4.64096 15.2
      vertex 107.157 4.11394 15.2
      vertex 107.328 4.14096 15.2
    endloop
  endfacet
  facet normal 0 0 1
    outer loop
      vertex 107 4.65 15.2
      vertex 107.157 4.11394 15.2
      vertex 107.172 4.64096 15.2
    endloop
  endfacet
  facet normal 0 0 1
    outer loop
      vertex 107 4.65 15.2
      vertex 106.99 4.06924 15.2
      vertex 107.157 4.11394 15.2
    endloop
  endfacet
  facet normal -0 0 1
    outer loop
      vertex 106.828 4.64096 15.2
      vertex 106.99 4.06924 15.2
      vertex 107 4.65 15.2
    endloop
  endfacet
  facet normal -0 0 1
    outer loop
      vertex 106.8 4.6366 15.2
      vertex 106.99 4.06924 15.2
      vertex 106.828 4.64096 15.2
    endloop
  endfacet
  facet normal 0 0 1
    outer loop
      vertex 106.99 4.06924 15.2
      vertex 106.8 4.6366 15.2
      vertex 106.829 4.00735 15.2
    endloop
  endfacet
  facet normal 0 0 1
    outer loop
      vertex 106.829 4.00735 15.2
      vertex 106.8 4.6366 15.2
      vertex 106.8 3.99263 15.2
    endloop
  endfacet
  facet normal 0 0 1
    outer loop
      vertex 107.328 69.859 15.2
      vertex 107.5 69.4281 15.2
      vertex 107.5 69.85 15.2
    endloop
  endfacet
  facet normal 0 0 1
    outer loop
      vertex 107.5 69.4281 15.2
      vertex 107.328 69.859 15.2
      vertex 107.343 69.3861 15.2
    endloop
  endfacet
  facet normal 0 0 1
    outer loop
      vertex 107.328 69.859 15.2
      vertex 107.172 69.359 15.2
      vertex 107.343 69.3861 15.2
    endloop
  endfacet
  facet normal 0 0 1
    outer loop
      vertex 107.157 69.8861 15.2
      vertex 107.172 69.359 15.2
      vertex 107.328 69.859 15.2
    endloop
  endfacet
  facet normal 0 0 1
    outer loop
      vertex 107.157 69.8861 15.2
      vertex 107 69.35 15.2
      vertex 107.172 69.359 15.2
    endloop
  endfacet
  facet normal 0 0 1
    outer loop
      vertex 106.99 69.9308 15.2
      vertex 107 69.35 15.2
      vertex 107.157 69.8861 15.2
    endloop
  endfacet
  facet normal 0 0 1
    outer loop
      vertex 106.8 69.3634 15.2
      vertex 106.99 69.9308 15.2
      vertex 106.829 69.9926 15.2
    endloop
  endfacet
  facet normal 0 0 1
    outer loop
      vertex 106.99 69.9308 15.2
      vertex 106.828 69.359 15.2
      vertex 107 69.35 15.2
    endloop
  endfacet
  facet normal 0 0 1
    outer loop
      vertex 106.8 69.3634 15.2
      vertex 106.829 69.9926 15.2
      vertex 106.8 70.0074 15.2
    endloop
  endfacet
  facet normal 0 0 1
    outer loop
      vertex 106.99 69.9308 15.2
      vertex 106.8 69.3634 15.2
      vertex 106.828 69.359 15.2
    endloop
  endfacet
  facet normal 1 -0 0
    outer loop
      vertex 106.8 3.99263 17
      vertex 106.8 4.6366 15.2
      vertex 106.8 4.6366 17
    endloop
  endfacet
  facet normal 1 0 0
    outer loop
      vertex 106.8 4.6366 15.2
      vertex 106.8 3.99263 17
      vertex 106.8 3.99263 15.2
    endloop
  endfacet
  facet normal 1 -0 0
    outer loop
      vertex 106.8 69.3634 17
      vertex 106.8 70.0074 15.2
      vertex 106.8 70.0074 17
    endloop
  endfacet
  facet normal 1 0 0
    outer loop
      vertex 106.8 70.0074 15.2
      vertex 106.8 69.3634 17
      vertex 106.8 69.3634 15.2
    endloop
  endfacet
  facet normal -1 0 0
    outer loop
      vertex 3.2 3.99263 15.2
      vertex 3.2 4.6366 17
      vertex 3.2 4.6366 15.2
    endloop
  endfacet
  facet normal -1 -0 0
    outer loop
      vertex 3.2 4.6366 17
      vertex 3.2 3.99263 15.2
      vertex 3.2 3.99263 17
    endloop
  endfacet
  facet normal -1 0 0
    outer loop
      vertex 3.2 69.3634 15.2
      vertex 3.2 70.0074 17
      vertex 3.2 70.0074 15.2
    endloop
  endfacet
  facet normal -1 -0 0
    outer loop
      vertex 3.2 70.0074 17
      vertex 3.2 69.3634 15.2
      vertex 3.2 69.3634 17
    endloop
  endfacet
  facet normal 0 1 -0
    outer loop
      vertex 4.6366 70.8 15.2
      vertex 3.99263 70.8 17
      vertex 4.6366 70.8 17
    endloop
  endfacet
  facet normal 0 1 0
    outer loop
      vertex 3.99263 70.8 17
      vertex 4.6366 70.8 15.2
      vertex 3.99263 70.8 15.2
    endloop
  endfacet
  facet normal 0 1 -0
    outer loop
      vertex 106.007 70.8 15.2
      vertex 105.363 70.8 17
      vertex 106.007 70.8 17
    endloop
  endfacet
  facet normal 0 1 0
    outer loop
      vertex 105.363 70.8 17
      vertex 106.007 70.8 15.2
      vertex 105.363 70.8 15.2
    endloop
  endfacet
  facet normal 0 -1 0
    outer loop
      vertex 3.99263 3.2 15.2
      vertex 4.6366 3.2 17
      vertex 3.99263 3.2 17
    endloop
  endfacet
  facet normal 0 -1 -0
    outer loop
      vertex 4.6366 3.2 17
      vertex 3.99263 3.2 15.2
      vertex 4.6366 3.2 15.2
    endloop
  endfacet
  facet normal 0 -1 0
    outer loop
      vertex 105.363 3.2 15.2
      vertex 106.007 3.2 17
      vertex 105.363 3.2 17
    endloop
  endfacet
  facet normal 0 -1 -0
    outer loop
      vertex 106.007 3.2 17
      vertex 105.363 3.2 15.2
      vertex 106.007 3.2 15.2
    endloop
  endfacet
endsolid OpenSCAD_Model
